iterID,x1,x2,Pareto_f1,Pareto_f2
0,37.5,12.5,-94768.8272747145,-14203.779604504516
1,37.5,12.5,-94768.8272747145,-14203.779604504516
1,45.914274240140344,0.0,35216.94795919278,-18154.07323641722
1,38.111601066717505,12.127456267573402,59288.44327375247,-18253.9954450066
2,37.5,12.5,-94768.8272747145,-14203.779604504516
2,45.914274240140344,0.0,35216.94795919278,-18154.07323641722
2,37.70763171919705,12.49465665046083,54711.900238292255,-22566.860520334707
3,37.5,12.5,-94768.8272747145,-14203.779604504516
3,45.914274240140344,0.0,35216.94795919278,-18154.07323641722
3,36.123391320060925,11.885676620316001,45857.514193244024,-24274.257664756973
4,37.65121575437529,12.175400563228278,-95259.03671841636,50474.97987590202
4,37.5,12.5,-94768.8272747145,-14203.779604504516
4,45.914274240140344,0.0,35216.94795919278,-18154.07323641722
4,36.123391320060925,11.885676620316001,45857.514193244024,-24274.257664756973
5,37.65121575437529,12.175400563228278,-95259.03671841636,50474.97987590202
5,37.5,12.5,-94768.8272747145,-14203.779604504516
5,45.914274240140344,0.0,35216.94795919278,-18154.07323641722
5,36.123391320060925,11.885676620316001,45857.514193244024,-24274.257664756973
6,37.65121575437529,12.175400563228278,-95259.03671841636,50474.97987590202
6,37.5,12.5,-94768.8272747145,-14203.779604504516
6,35.64740278580926,14.119537055879222,1291.12562594226,-18961.776268746056
6,36.123391320060925,11.885676620316001,45857.514193244024,-24274.257664756973
7,35.90070832308663,13.487615019789951,-140389.2965933184,58369.30531142534
7,37.65121575437529,12.175400563228278,-95259.03671841636,50474.97987590202
7,37.5,12.5,-94768.8272747145,-14203.779604504516
7,35.64740278580926,14.119537055879222,1291.12562594226,-18961.776268746056
7,36.123391320060925,11.885676620316001,45857.514193244024,-24274.257664756973
7,36.30930014067854,13.599755238042901,91120.2612784257,-32830.3334040397
8,35.90070832308663,13.487615019789951,-140389.2965933184,58369.30531142534
8,37.65121575437529,12.175400563228278,-95259.03671841636,50474.97987590202
8,37.5,12.5,-94768.8272747145,-14203.779604504516
8,35.64740278580926,14.119537055879222,1291.12562594226,-18961.776268746056
8,36.123391320060925,11.885676620316001,45857.514193244024,-24274.257664756973
8,36.30930014067854,13.599755238042901,91120.2612784257,-32830.3334040397
9,35.90070832308663,13.487615019789951,-140389.2965933184,58369.30531142534
9,35.84813797774895,11.39971205171841,-105862.27067293633,30703.0873549714
9,37.5,12.5,-94768.8272747145,-14203.779604504516
9,35.64740278580926,14.119537055879222,1291.12562594226,-18961.776268746056
9,36.123391320060925,11.885676620316001,45857.514193244024,-24274.257664756973
9,35.57277168719316,11.270393175128264,87219.34650795642,-36896.793964508724
10,35.90070832308663,13.487615019789951,-140389.2965933184,58369.30531142534
10,35.84813797774895,11.39971205171841,-105862.27067293633,30703.0873549714
10,37.5,12.5,-94768.8272747145,-14203.779604504516
10,35.64740278580926,14.119537055879222,1291.12562594226,-18961.776268746056
10,36.123391320060925,11.885676620316001,45857.514193244024,-24274.257664756973
10,36.02965136769738,13.028207785791187,69192.72848907564,-43670.41403979528
11,35.90070832308663,13.487615019789951,-140389.2965933184,58369.30531142534
11,35.84813797774895,11.39971205171841,-105862.27067293633,30703.0873549714
11,37.5,12.5,-94768.8272747145,-14203.779604504516
11,35.64740278580926,14.119537055879222,1291.12562594226,-18961.776268746056
11,35.795211292216,8.486470717154067,32581.867637106738,-26179.052002316777
11,36.02965136769738,13.028207785791187,69192.72848907564,-43670.41403979528
12,35.90070832308663,13.487615019789951,-140389.2965933184,58369.30531142534
12,35.84813797774895,11.39971205171841,-105862.27067293633,30703.0873549714
12,37.5,12.5,-94768.8272747145,-14203.779604504516
12,35.64740278580926,14.119537055879222,1291.12562594226,-18961.776268746056
12,35.795211292216,8.486470717154067,32581.867637106738,-26179.052002316777
12,36.02965136769738,13.028207785791187,69192.72848907564,-43670.41403979528
13,35.90070832308663,13.487615019789951,-140389.2965933184,58369.30531142534
13,35.84813797774895,11.39971205171841,-105862.27067293633,30703.0873549714
13,37.5,12.5,-94768.8272747145,-14203.779604504516
13,35.64740278580926,14.119537055879222,1291.12562594226,-18961.776268746056
13,35.795211292216,8.486470717154067,32581.867637106738,-26179.052002316777
13,38.60046003632327,13.514775093748273,62683.26407404362,-40274.59827992523
13,36.02965136769738,13.028207785791187,69192.72848907564,-43670.41403979528
14,35.90070832308663,13.487615019789951,-140389.2965933184,58369.30531142534
14,35.84813797774895,11.39971205171841,-105862.27067293633,30703.0873549714
14,37.5,12.5,-94768.8272747145,-14203.779604504516
14,35.64740278580926,14.119537055879222,1291.12562594226,-18961.776268746056
14,35.795211292216,8.486470717154067,32581.867637106738,-26179.052002316777
14,38.60046003632327,13.514775093748273,62683.26407404362,-40274.59827992523
14,36.02965136769738,13.028207785791187,69192.72848907564,-43670.41403979528
15,35.90070832308663,13.487615019789951,-140389.2965933184,58369.30531142534
15,35.84813797774895,11.39971205171841,-105862.27067293633,30703.0873549714
15,37.5,12.5,-94768.8272747145,-14203.779604504516
15,35.64740278580926,14.119537055879222,1291.12562594226,-18961.776268746056
15,35.795211292216,8.486470717154067,32581.867637106738,-26179.052002316777
15,38.60046003632327,13.514775093748273,62683.26407404362,-40274.59827992523
15,36.02965136769738,13.028207785791187,69192.72848907564,-43670.41403979528
16,35.90070832308663,13.487615019789951,-140389.2965933184,58369.30531142534
16,35.84813797774895,11.39971205171841,-105862.27067293633,30703.0873549714
16,37.5,12.5,-94768.8272747145,-14203.779604504516
16,35.64740278580926,14.119537055879222,1291.12562594226,-18961.776268746056
16,35.795211292216,8.486470717154067,32581.867637106738,-26179.052002316777
16,37.70933603444573,13.706888853605312,45934.182411518355,-28133.14755620174
16,38.8802170515343,12.887637616480433,49171.51432731663,-31641.847983341984
16,38.60046003632327,13.514775093748273,62683.26407404362,-40274.59827992523
16,36.02965136769738,13.028207785791187,69192.72848907564,-43670.41403979528
17,35.90070832308663,13.487615019789951,-140389.2965933184,58369.30531142534
17,35.84813797774895,11.39971205171841,-105862.27067293633,30703.0873549714
17,37.5,12.5,-94768.8272747145,-14203.779604504516
17,35.64740278580926,14.119537055879222,1291.12562594226,-18961.776268746056
17,41.16338052504007,13.01669571803918,6248.883735201098,-20912.20122120194
17,35.795211292216,8.486470717154067,32581.867637106738,-26179.052002316777
17,37.70933603444573,13.706888853605312,45934.182411518355,-28133.14755620174
17,38.8802170515343,12.887637616480433,49171.51432731663,-31641.847983341984
17,38.60046003632327,13.514775093748273,62683.26407404362,-40274.59827992523
17,36.02965136769738,13.028207785791187,69192.72848907564,-43670.41403979528
18,35.90070832308663,13.487615019789951,-140389.2965933184,58369.30531142534
18,35.84813797774895,11.39971205171841,-105862.27067293633,30703.0873549714
18,37.5,12.5,-94768.8272747145,-14203.779604504516
18,35.64740278580926,14.119537055879222,1291.12562594226,-18961.776268746056
18,41.16338052504007,13.01669571803918,6248.883735201098,-20912.20122120194
18,35.795211292216,8.486470717154067,32581.867637106738,-26179.052002316777
18,37.70933603444573,13.706888853605312,45934.182411518355,-28133.14755620174
18,38.8802170515343,12.887637616480433,49171.51432731663,-31641.847983341984
18,38.60046003632327,13.514775093748273,62683.26407404362,-40274.59827992523
18,36.02965136769738,13.028207785791187,69192.72848907564,-43670.41403979528
19,35.90070832308663,13.487615019789951,-140389.2965933184,58369.30531142534
19,35.84813797774895,11.39971205171841,-105862.27067293633,30703.0873549714
19,37.5,12.5,-94768.8272747145,-14203.779604504516
19,35.64740278580926,14.119537055879222,1291.12562594226,-18961.776268746056
19,41.16338052504007,13.01669571803918,6248.883735201098,-20912.20122120194
19,35.795211292216,8.486470717154067,32581.867637106738,-26179.052002316777
19,37.70933603444573,13.706888853605312,45934.182411518355,-28133.14755620174
19,38.8802170515343,12.887637616480433,49171.51432731663,-31641.847983341984
19,38.60046003632327,13.514775093748273,62683.26407404362,-40274.59827992523
19,36.02965136769738,13.028207785791187,69192.72848907564,-43670.41403979528
20,35.90070832308663,13.487615019789951,-140389.2965933184,58369.30531142534
20,35.84813797774895,11.39971205171841,-105862.27067293633,30703.0873549714
20,37.5,12.5,-94768.8272747145,-14203.779604504516
20,35.64740278580926,14.119537055879222,1291.12562594226,-18961.776268746056
20,41.16338052504007,13.01669571803918,6248.883735201098,-20912.20122120194
20,35.795211292216,8.486470717154067,32581.867637106738,-26179.052002316777
20,37.70933603444573,13.706888853605312,45934.182411518355,-28133.14755620174
20,38.8802170515343,12.887637616480433,49171.51432731663,-31641.847983341984
20,38.60046003632327,13.514775093748273,62683.26407404362,-40274.59827992523
20,36.02965136769738,13.028207785791187,69192.72848907564,-43670.41403979528
20,37.624725689900615,11.96794194828442,106232.98742970584,-48755.47748953987
21,35.90070832308663,13.487615019789951,-140389.2965933184,58369.30531142534
21,35.84813797774895,11.39971205171841,-105862.27067293633,30703.0873549714
21,37.5,12.5,-94768.8272747145,-14203.779604504516
21,35.64740278580926,14.119537055879222,1291.12562594226,-18961.776268746056
21,41.16338052504007,13.01669571803918,6248.883735201098,-20912.20122120194
21,35.795211292216,8.486470717154067,32581.867637106738,-26179.052002316777
21,37.70933603444573,13.706888853605312,45934.182411518355,-28133.14755620174
21,38.8802170515343,12.887637616480433,49171.51432731663,-31641.847983341984
21,38.60046003632327,13.514775093748273,62683.26407404362,-40274.59827992523
21,36.02965136769738,13.028207785791187,69192.72848907564,-43670.41403979528
21,34.94831620461177,9.8880646965268,89198.20427954986,-46234.1182406433
21,37.624725689900615,11.96794194828442,106232.98742970584,-48755.47748953987
22,35.90070832308663,13.487615019789951,-140389.2965933184,58369.30531142534
22,35.84813797774895,11.39971205171841,-105862.27067293633,30703.0873549714
22,37.5,12.5,-94768.8272747145,-14203.779604504516
22,35.64740278580926,14.119537055879222,1291.12562594226,-18961.776268746056
22,41.16338052504007,13.01669571803918,6248.883735201098,-20912.20122120194
22,35.795211292216,8.486470717154067,32581.867637106738,-26179.052002316777
22,37.70933603444573,13.706888853605312,45934.182411518355,-28133.14755620174
22,38.8802170515343,12.887637616480433,49171.51432731663,-31641.847983341984
22,38.60046003632327,13.514775093748273,62683.26407404362,-40274.59827992523
22,36.02965136769738,13.028207785791187,69192.72848907564,-43670.41403979528
22,34.94831620461177,9.8880646965268,89198.20427954986,-46234.1182406433
22,37.624725689900615,11.96794194828442,106232.98742970584,-48755.47748953987
23,35.90070832308663,13.487615019789951,-140389.2965933184,58369.30531142534
23,35.84813797774895,11.39971205171841,-105862.27067293633,30703.0873549714
23,37.5,12.5,-94768.8272747145,-14203.779604504516
23,35.64740278580926,14.119537055879222,1291.12562594226,-18961.776268746056
23,41.16338052504007,13.01669571803918,6248.883735201098,-20912.20122120194
23,35.795211292216,8.486470717154067,32581.867637106738,-26179.052002316777
23,37.70933603444573,13.706888853605312,45934.182411518355,-28133.14755620174
23,38.8802170515343,12.887637616480433,49171.51432731663,-31641.847983341984
23,38.60046003632327,13.514775093748273,62683.26407404362,-40274.59827992523
23,36.02965136769738,13.028207785791187,69192.72848907564,-43670.41403979528
23,34.94831620461177,9.8880646965268,89198.20427954986,-46234.1182406433
23,37.624725689900615,11.96794194828442,106232.98742970584,-48755.47748953987
24,35.90070832308663,13.487615019789951,-140389.2965933184,58369.30531142534
24,35.84813797774895,11.39971205171841,-105862.27067293633,30703.0873549714
24,37.5,12.5,-94768.8272747145,-14203.779604504516
24,35.64740278580926,14.119537055879222,1291.12562594226,-18961.776268746056
24,41.16338052504007,13.01669571803918,6248.883735201098,-20912.20122120194
24,41.52684745516324,12.124808726592166,29048.195982691414,-23100.255901589706
24,35.795211292216,8.486470717154067,32581.867637106738,-26179.052002316777
24,37.70933603444573,13.706888853605312,45934.182411518355,-28133.14755620174
24,38.8802170515343,12.887637616480433,49171.51432731663,-31641.847983341984
24,38.60046003632327,13.514775093748273,62683.26407404362,-40274.59827992523
24,36.02965136769738,13.028207785791187,69192.72848907564,-43670.41403979528
24,34.94831620461177,9.8880646965268,89198.20427954986,-46234.1182406433
24,37.624725689900615,11.96794194828442,106232.98742970584,-48755.47748953987
24,41.554760393762905,12.155198019240206,119863.53802959216,-66255.99481818557
25,35.90070832308663,13.487615019789951,-140389.2965933184,58369.30531142534
25,35.84813797774895,11.39971205171841,-105862.27067293633,30703.0873549714
25,37.5,12.5,-94768.8272747145,-14203.779604504516
25,35.64740278580926,14.119537055879222,1291.12562594226,-18961.776268746056
25,41.16338052504007,13.01669571803918,6248.883735201098,-20912.20122120194
25,41.75358791111048,11.482553910450841,8245.67703578901,-30871.7420649834
25,38.8802170515343,12.887637616480433,49171.51432731663,-31641.847983341984
25,38.60046003632327,13.514775093748273,62683.26407404362,-40274.59827992523
25,36.02965136769738,13.028207785791187,69192.72848907564,-43670.41403979528
25,34.94831620461177,9.8880646965268,89198.20427954986,-46234.1182406433
25,37.624725689900615,11.96794194828442,106232.98742970584,-48755.47748953987
25,41.554760393762905,12.155198019240206,119863.53802959216,-66255.99481818557
26,35.90070832308663,13.487615019789951,-140389.2965933184,58369.30531142534
26,37.85750074410149,10.790166081288719,-116381.79187837562,39649.297495737104
26,35.84813797774895,11.39971205171841,-105862.27067293633,30703.0873549714
26,37.5,12.5,-94768.8272747145,-14203.779604504516
26,35.64740278580926,14.119537055879222,1291.12562594226,-18961.776268746056
26,41.16338052504007,13.01669571803918,6248.883735201098,-20912.20122120194
26,41.75358791111048,11.482553910450841,8245.67703578901,-30871.7420649834
26,38.8802170515343,12.887637616480433,49171.51432731663,-31641.847983341984
26,38.60046003632327,13.514775093748273,62683.26407404362,-40274.59827992523
26,36.02965136769738,13.028207785791187,69192.72848907564,-43670.41403979528
26,34.94831620461177,9.8880646965268,89198.20427954986,-46234.1182406433
26,37.624725689900615,11.96794194828442,106232.98742970584,-48755.47748953987
26,41.554760393762905,12.155198019240206,119863.53802959216,-66255.99481818557
27,35.90070832308663,13.487615019789951,-140389.2965933184,58369.30531142534
27,41.848640316759244,11.736296764420322,-134604.57328166542,55424.64255121433
27,37.85750074410149,10.790166081288719,-116381.79187837562,39649.297495737104
27,35.84813797774895,11.39971205171841,-105862.27067293633,30703.0873549714
27,37.5,12.5,-94768.8272747145,-14203.779604504516
27,35.64740278580926,14.119537055879222,1291.12562594226,-18961.776268746056
27,41.16338052504007,13.01669571803918,6248.883735201098,-20912.20122120194
27,41.75358791111048,11.482553910450841,8245.67703578901,-30871.7420649834
27,38.8802170515343,12.887637616480433,49171.51432731663,-31641.847983341984
27,37.72800059834701,10.599908893851788,60219.20526520703,-34644.772011565794
27,38.60046003632327,13.514775093748273,62683.26407404362,-40274.59827992523
27,36.02965136769738,13.028207785791187,69192.72848907564,-43670.41403979528
27,34.94831620461177,9.8880646965268,89198.20427954986,-46234.1182406433
27,37.624725689900615,11.96794194828442,106232.98742970584,-48755.47748953987
27,41.554760393762905,12.155198019240206,119863.53802959216,-66255.99481818557
28,35.90070832308663,13.487615019789951,-140389.2965933184,58369.30531142534
28,41.848640316759244,11.736296764420322,-134604.57328166542,55424.64255121433
28,37.85750074410149,10.790166081288719,-116381.79187837562,39649.297495737104
28,35.84813797774895,11.39971205171841,-105862.27067293633,30703.0873549714
28,37.5,12.5,-94768.8272747145,-14203.779604504516
28,35.64740278580926,14.119537055879222,1291.12562594226,-18961.776268746056
28,41.16338052504007,13.01669571803918,6248.883735201098,-20912.20122120194
28,41.75358791111048,11.482553910450841,8245.67703578901,-30871.7420649834
28,38.8802170515343,12.887637616480433,49171.51432731663,-31641.847983341984
28,37.72800059834701,10.599908893851788,60219.20526520703,-34644.772011565794
28,38.60046003632327,13.514775093748273,62683.26407404362,-40274.59827992523
28,36.02965136769738,13.028207785791187,69192.72848907564,-43670.41403979528
28,34.94831620461177,9.8880646965268,89198.20427954986,-46234.1182406433
28,42.27276318404648,10.536239591911901,100074.62114260125,-60296.62225980245
28,41.554760393762905,12.155198019240206,119863.53802959216,-66255.99481818557
29,35.90070832308663,13.487615019789951,-140389.2965933184,58369.30531142534
29,41.848640316759244,11.736296764420322,-134604.57328166542,55424.64255121433
29,37.85750074410149,10.790166081288719,-116381.79187837562,39649.297495737104
29,35.84813797774895,11.39971205171841,-105862.27067293633,30703.0873549714
29,37.5,12.5,-94768.8272747145,-14203.779604504516
29,35.64740278580926,14.119537055879222,1291.12562594226,-18961.776268746056
29,41.16338052504007,13.01669571803918,6248.883735201098,-20912.20122120194
29,41.75358791111048,11.482553910450841,8245.67703578901,-30871.7420649834
29,38.8802170515343,12.887637616480433,49171.51432731663,-31641.847983341984
29,37.72800059834701,10.599908893851788,60219.20526520703,-34644.772011565794
29,38.60046003632327,13.514775093748273,62683.26407404362,-40274.59827992523
29,36.02965136769738,13.028207785791187,69192.72848907564,-43670.41403979528
29,34.94831620461177,9.8880646965268,89198.20427954986,-46234.1182406433
29,42.27276318404648,10.536239591911901,100074.62114260125,-60296.62225980245
29,41.554760393762905,12.155198019240206,119863.53802959216,-66255.99481818557
30,35.90070832308663,13.487615019789951,-140389.2965933184,58369.30531142534
30,41.848640316759244,11.736296764420322,-134604.57328166542,55424.64255121433
30,37.85750074410149,10.790166081288719,-116381.79187837562,39649.297495737104
30,35.84813797774895,11.39971205171841,-105862.27067293633,30703.0873549714
30,37.5,12.5,-94768.8272747145,-14203.779604504516
30,35.64740278580926,14.119537055879222,1291.12562594226,-18961.776268746056
30,41.16338052504007,13.01669571803918,6248.883735201098,-20912.20122120194
30,41.75358791111048,11.482553910450841,8245.67703578901,-30871.7420649834
30,38.8802170515343,12.887637616480433,49171.51432731663,-31641.847983341984
30,37.72800059834701,10.599908893851788,60219.20526520703,-34644.772011565794
30,38.60046003632327,13.514775093748273,62683.26407404362,-40274.59827992523
30,36.02965136769738,13.028207785791187,69192.72848907564,-43670.41403979528
30,34.94831620461177,9.8880646965268,89198.20427954986,-46234.1182406433
30,42.27276318404648,10.536239591911901,100074.62114260125,-60296.62225980245
30,41.554760393762905,12.155198019240206,119863.53802959216,-66255.99481818557
31,35.90070832308663,13.487615019789951,-140389.2965933184,58369.30531142534
31,41.848640316759244,11.736296764420322,-134604.57328166542,55424.64255121433
31,37.85750074410149,10.790166081288719,-116381.79187837562,39649.297495737104
31,35.84813797774895,11.39971205171841,-105862.27067293633,30703.0873549714
31,37.5,12.5,-94768.8272747145,-14203.779604504516
31,35.64740278580926,14.119537055879222,1291.12562594226,-18961.776268746056
31,41.16338052504007,13.01669571803918,6248.883735201098,-20912.20122120194
31,41.75358791111048,11.482553910450841,8245.67703578901,-30871.7420649834
31,38.8802170515343,12.887637616480433,49171.51432731663,-31641.847983341984
31,42.06543291255211,12.075150231940441,50899.816856031524,-39080.57760976459
31,38.60046003632327,13.514775093748273,62683.26407404362,-40274.59827992523
31,36.02965136769738,13.028207785791187,69192.72848907564,-43670.41403979528
31,34.94831620461177,9.8880646965268,89198.20427954986,-46234.1182406433
31,42.27276318404648,10.536239591911901,100074.62114260125,-60296.62225980245
31,41.554760393762905,12.155198019240206,119863.53802959216,-66255.99481818557
32,35.90070832308663,13.487615019789951,-140389.2965933184,58369.30531142534
32,41.848640316759244,11.736296764420322,-134604.57328166542,55424.64255121433
32,37.85750074410149,10.790166081288719,-116381.79187837562,39649.297495737104
32,35.84813797774895,11.39971205171841,-105862.27067293633,30703.0873549714
32,37.5,12.5,-94768.8272747145,-14203.779604504516
32,35.64740278580926,14.119537055879222,1291.12562594226,-18961.776268746056
32,41.16338052504007,13.01669571803918,6248.883735201098,-20912.20122120194
32,41.75358791111048,11.482553910450841,8245.67703578901,-30871.7420649834
32,38.8802170515343,12.887637616480433,49171.51432731663,-31641.847983341984
32,42.06543291255211,12.075150231940441,50899.816856031524,-39080.57760976459
32,38.60046003632327,13.514775093748273,62683.26407404362,-40274.59827992523
32,36.02965136769738,13.028207785791187,69192.72848907564,-43670.41403979528
32,34.94831620461177,9.8880646965268,89198.20427954986,-46234.1182406433
32,42.27276318404648,10.536239591911901,100074.62114260125,-60296.62225980245
32,41.554760393762905,12.155198019240206,119863.53802959216,-66255.99481818557
32,40.989306510831916,11.154607150675172,129641.76317201322,-69820.06525426387
33,35.90070832308663,13.487615019789951,-140389.2965933184,58369.30531142534
33,41.848640316759244,11.736296764420322,-134604.57328166542,55424.64255121433
33,37.85750074410149,10.790166081288719,-116381.79187837562,39649.297495737104
33,35.84813797774895,11.39971205171841,-105862.27067293633,30703.0873549714
33,37.5,12.5,-94768.8272747145,-14203.779604504516
33,35.64740278580926,14.119537055879222,1291.12562594226,-18961.776268746056
33,41.16338052504007,13.01669571803918,6248.883735201098,-20912.20122120194
33,41.75358791111048,11.482553910450841,8245.67703578901,-30871.7420649834
33,38.8802170515343,12.887637616480433,49171.51432731663,-31641.847983341984
33,42.06543291255211,12.075150231940441,50899.816856031524,-39080.57760976459
33,38.60046003632327,13.514775093748273,62683.26407404362,-40274.59827992523
33,36.02965136769738,13.028207785791187,69192.72848907564,-43670.41403979528
33,34.94831620461177,9.8880646965268,89198.20427954986,-46234.1182406433
33,42.27276318404648,10.536239591911901,100074.62114260125,-60296.62225980245
33,41.554760393762905,12.155198019240206,119863.53802959216,-66255.99481818557
33,40.989306510831916,11.154607150675172,129641.76317201322,-69820.06525426387
34,35.90070832308663,13.487615019789951,-140389.2965933184,58369.30531142534
34,41.848640316759244,11.736296764420322,-134604.57328166542,55424.64255121433
34,37.85750074410149,10.790166081288719,-116381.79187837562,39649.297495737104
34,35.84813797774895,11.39971205171841,-105862.27067293633,30703.0873549714
34,37.5,12.5,-94768.8272747145,-14203.779604504516
34,35.64740278580926,14.119537055879222,1291.12562594226,-18961.776268746056
34,41.16338052504007,13.01669571803918,6248.883735201098,-20912.20122120194
34,41.75358791111048,11.482553910450841,8245.67703578901,-30871.7420649834
34,38.8802170515343,12.887637616480433,49171.51432731663,-31641.847983341984
34,42.06543291255211,12.075150231940441,50899.816856031524,-39080.57760976459
34,38.60046003632327,13.514775093748273,62683.26407404362,-40274.59827992523
34,36.02965136769738,13.028207785791187,69192.72848907564,-43670.41403979528
34,34.94831620461177,9.8880646965268,89198.20427954986,-46234.1182406433
34,42.27276318404648,10.536239591911901,100074.62114260125,-60296.62225980245
34,41.554760393762905,12.155198019240206,119863.53802959216,-66255.99481818557
34,40.989306510831916,11.154607150675172,129641.76317201322,-69820.06525426387
35,35.90070832308663,13.487615019789951,-140389.2965933184,58369.30531142534
35,41.848640316759244,11.736296764420322,-134604.57328166542,55424.64255121433
35,37.85750074410149,10.790166081288719,-116381.79187837562,39649.297495737104
35,35.84813797774895,11.39971205171841,-105862.27067293633,30703.0873549714
35,37.5,12.5,-94768.8272747145,-14203.779604504516
35,35.64740278580926,14.119537055879222,1291.12562594226,-18961.776268746056
35,41.16338052504007,13.01669571803918,6248.883735201098,-20912.20122120194
35,41.75358791111048,11.482553910450841,8245.67703578901,-30871.7420649834
35,38.8802170515343,12.887637616480433,49171.51432731663,-31641.847983341984
35,42.06543291255211,12.075150231940441,50899.816856031524,-39080.57760976459
35,38.60046003632327,13.514775093748273,62683.26407404362,-40274.59827992523
35,36.02965136769738,13.028207785791187,69192.72848907564,-43670.41403979528
35,34.94831620461177,9.8880646965268,89198.20427954986,-46234.1182406433
35,42.27276318404648,10.536239591911901,100074.62114260125,-60296.62225980245
35,41.554760393762905,12.155198019240206,119863.53802959216,-66255.99481818557
35,40.989306510831916,11.154607150675172,129641.76317201322,-69820.06525426387
36,35.90070832308663,13.487615019789951,-140389.2965933184,58369.30531142534
36,41.848640316759244,11.736296764420322,-134604.57328166542,55424.64255121433
36,37.85750074410149,10.790166081288719,-116381.79187837562,39649.297495737104
36,35.84813797774895,11.39971205171841,-105862.27067293633,30703.0873549714
36,37.5,12.5,-94768.8272747145,-14203.779604504516
36,35.64740278580926,14.119537055879222,1291.12562594226,-18961.776268746056
36,41.16338052504007,13.01669571803918,6248.883735201098,-20912.20122120194
36,41.75358791111048,11.482553910450841,8245.67703578901,-30871.7420649834
36,38.8802170515343,12.887637616480433,49171.51432731663,-31641.847983341984
36,42.06543291255211,12.075150231940441,50899.816856031524,-39080.57760976459
36,38.60046003632327,13.514775093748273,62683.26407404362,-40274.59827992523
36,36.02965136769738,13.028207785791187,69192.72848907564,-43670.41403979528
36,45.03036257114011,10.81799840541274,88148.43188876437,-53298.81470366814
36,42.27276318404648,10.536239591911901,100074.62114260125,-60296.62225980245
36,41.554760393762905,12.155198019240206,119863.53802959216,-66255.99481818557
36,40.989306510831916,11.154607150675172,129641.76317201322,-69820.06525426387
37,35.90070832308663,13.487615019789951,-140389.2965933184,58369.30531142534
37,41.848640316759244,11.736296764420322,-134604.57328166542,55424.64255121433
37,37.85750074410149,10.790166081288719,-116381.79187837562,39649.297495737104
37,35.84813797774895,11.39971205171841,-105862.27067293633,30703.0873549714
37,46.02706666912801,10.231604063813512,-103974.224849177,28677.994895447653
37,37.5,12.5,-94768.8272747145,-14203.779604504516
37,35.64740278580926,14.119537055879222,1291.12562594226,-18961.776268746056
37,41.16338052504007,13.01669571803918,6248.883735201098,-20912.20122120194
37,41.75358791111048,11.482553910450841,8245.67703578901,-30871.7420649834
37,46.38442907098337,10.58962737182797,16844.284902544052,-35125.94019538381
37,42.06543291255211,12.075150231940441,50899.816856031524,-39080.57760976459
37,38.60046003632327,13.514775093748273,62683.26407404362,-40274.59827992523
37,36.02965136769738,13.028207785791187,69192.72848907564,-43670.41403979528
37,45.03036257114011,10.81799840541274,88148.43188876437,-53298.81470366814
37,42.27276318404648,10.536239591911901,100074.62114260125,-60296.62225980245
37,41.554760393762905,12.155198019240206,119863.53802959216,-66255.99481818557
37,40.989306510831916,11.154607150675172,129641.76317201322,-69820.06525426387
38,35.90070832308663,13.487615019789951,-140389.2965933184,58369.30531142534
38,41.848640316759244,11.736296764420322,-134604.57328166542,55424.64255121433
38,47.16251635653567,11.309098309334836,-129487.10021959487,45221.8137038558
38,37.85750074410149,10.790166081288719,-116381.79187837562,39649.297495737104
38,35.84813797774895,11.39971205171841,-105862.27067293633,30703.0873549714
38,46.02706666912801,10.231604063813512,-103974.224849177,28677.994895447653
38,37.5,12.5,-94768.8272747145,-14203.779604504516
38,35.64740278580926,14.119537055879222,1291.12562594226,-18961.776268746056
38,41.16338052504007,13.01669571803918,6248.883735201098,-20912.20122120194
38,41.75358791111048,11.482553910450841,8245.67703578901,-30871.7420649834
38,46.38442907098337,10.58962737182797,16844.284902544052,-35125.94019538381
38,42.06543291255211,12.075150231940441,50899.816856031524,-39080.57760976459
38,38.60046003632327,13.514775093748273,62683.26407404362,-40274.59827992523
38,47.16035955097399,11.26557960353733,63588.767696859286,-43681.20385431209
38,45.03036257114011,10.81799840541274,88148.43188876437,-53298.81470366814
38,42.27276318404648,10.536239591911901,100074.62114260125,-60296.62225980245
38,41.554760393762905,12.155198019240206,119863.53802959216,-66255.99481818557
38,40.989306510831916,11.154607150675172,129641.76317201322,-69820.06525426387
39,35.90070832308663,13.487615019789951,-140389.2965933184,58369.30531142534
39,41.848640316759244,11.736296764420322,-134604.57328166542,55424.64255121433
39,47.16251635653567,11.309098309334836,-129487.10021959487,45221.8137038558
39,37.85750074410149,10.790166081288719,-116381.79187837562,39649.297495737104
39,35.84813797774895,11.39971205171841,-105862.27067293633,30703.0873549714
39,46.02706666912801,10.231604063813512,-103974.224849177,28677.994895447653
39,37.5,12.5,-94768.8272747145,-14203.779604504516
39,35.64740278580926,14.119537055879222,1291.12562594226,-18961.776268746056
39,41.16338052504007,13.01669571803918,6248.883735201098,-20912.20122120194
39,41.75358791111048,11.482553910450841,8245.67703578901,-30871.7420649834
39,46.38442907098337,10.58962737182797,16844.284902544052,-35125.94019538381
39,42.06543291255211,12.075150231940441,50899.816856031524,-39080.57760976459
39,38.60046003632327,13.514775093748273,62683.26407404362,-40274.59827992523
39,47.16035955097399,11.26557960353733,63588.767696859286,-43681.20385431209
39,45.03036257114011,10.81799840541274,88148.43188876437,-53298.81470366814
39,42.27276318404648,10.536239591911901,100074.62114260125,-60296.62225980245
39,41.554760393762905,12.155198019240206,119863.53802959216,-66255.99481818557
39,40.989306510831916,11.154607150675172,129641.76317201322,-69820.06525426387
40,35.90070832308663,13.487615019789951,-140389.2965933184,58369.30531142534
40,41.848640316759244,11.736296764420322,-134604.57328166542,55424.64255121433
40,47.16251635653567,11.309098309334836,-129487.10021959487,45221.8137038558
40,37.85750074410149,10.790166081288719,-116381.79187837562,39649.297495737104
40,35.84813797774895,11.39971205171841,-105862.27067293633,30703.0873549714
40,46.02706666912801,10.231604063813512,-103974.224849177,28677.994895447653
40,37.5,12.5,-94768.8272747145,-14203.779604504516
40,35.64740278580926,14.119537055879222,1291.12562594226,-18961.776268746056
40,41.16338052504007,13.01669571803918,6248.883735201098,-20912.20122120194
40,41.75358791111048,11.482553910450841,8245.67703578901,-30871.7420649834
40,46.38442907098337,10.58962737182797,16844.284902544052,-35125.94019538381
40,42.06543291255211,12.075150231940441,50899.816856031524,-39080.57760976459
40,38.60046003632327,13.514775093748273,62683.26407404362,-40274.59827992523
40,47.16035955097399,11.26557960353733,63588.767696859286,-43681.20385431209
40,45.03036257114011,10.81799840541274,88148.43188876437,-53298.81470366814
40,42.27276318404648,10.536239591911901,100074.62114260125,-60296.62225980245
40,41.554760393762905,12.155198019240206,119863.53802959216,-66255.99481818557
40,40.989306510831916,11.154607150675172,129641.76317201322,-69820.06525426387
41,35.90070832308663,13.487615019789951,-140389.2965933184,58369.30531142534
41,41.848640316759244,11.736296764420322,-134604.57328166542,55424.64255121433
41,47.16251635653567,11.309098309334836,-129487.10021959487,45221.8137038558
41,37.85750074410149,10.790166081288719,-116381.79187837562,39649.297495737104
41,35.84813797774895,11.39971205171841,-105862.27067293633,30703.0873549714
41,46.02706666912801,10.231604063813512,-103974.224849177,28677.994895447653
41,37.5,12.5,-94768.8272747145,-14203.779604504516
41,35.64740278580926,14.119537055879222,1291.12562594226,-18961.776268746056
41,41.16338052504007,13.01669571803918,6248.883735201098,-20912.20122120194
41,41.75358791111048,11.482553910450841,8245.67703578901,-30871.7420649834
41,46.38442907098337,10.58962737182797,16844.284902544052,-35125.94019538381
41,42.06543291255211,12.075150231940441,50899.816856031524,-39080.57760976459
41,38.60046003632327,13.514775093748273,62683.26407404362,-40274.59827992523
41,47.16035955097399,11.26557960353733,63588.767696859286,-43681.20385431209
41,45.03036257114011,10.81799840541274,88148.43188876437,-53298.81470366814
41,42.27276318404648,10.536239591911901,100074.62114260125,-60296.62225980245
41,41.554760393762905,12.155198019240206,119863.53802959216,-66255.99481818557
41,40.989306510831916,11.154607150675172,129641.76317201322,-69820.06525426387
42,35.90070832308663,13.487615019789951,-140389.2965933184,58369.30531142534
42,41.848640316759244,11.736296764420322,-134604.57328166542,55424.64255121433
42,47.16251635653567,11.309098309334836,-129487.10021959487,45221.8137038558
42,37.85750074410149,10.790166081288719,-116381.79187837562,39649.297495737104
42,35.84813797774895,11.39971205171841,-105862.27067293633,30703.0873549714
42,46.02706666912801,10.231604063813512,-103974.224849177,28677.994895447653
42,37.5,12.5,-94768.8272747145,-14203.779604504516
42,35.64740278580926,14.119537055879222,1291.12562594226,-18961.776268746056
42,41.16338052504007,13.01669571803918,6248.883735201098,-20912.20122120194
42,41.75358791111048,11.482553910450841,8245.67703578901,-30871.7420649834
42,46.38442907098337,10.58962737182797,16844.284902544052,-35125.94019538381
42,42.06543291255211,12.075150231940441,50899.816856031524,-39080.57760976459
42,42.93416516253188,12.311127028575616,60823.13957212937,-43867.74883023811
42,45.03036257114011,10.81799840541274,88148.43188876437,-53298.81470366814
42,42.27276318404648,10.536239591911901,100074.62114260125,-60296.62225980245
42,41.554760393762905,12.155198019240206,119863.53802959216,-66255.99481818557
42,40.989306510831916,11.154607150675172,129641.76317201322,-69820.06525426387
43,35.90070832308663,13.487615019789951,-140389.2965933184,58369.30531142534
43,41.848640316759244,11.736296764420322,-134604.57328166542,55424.64255121433
43,47.16251635653567,11.309098309334836,-129487.10021959487,45221.8137038558
43,37.85750074410149,10.790166081288719,-116381.79187837562,39649.297495737104
43,35.84813797774895,11.39971205171841,-105862.27067293633,30703.0873549714
43,46.02706666912801,10.231604063813512,-103974.224849177,28677.994895447653
43,37.5,12.5,-94768.8272747145,-14203.779604504516
43,35.64740278580926,14.119537055879222,1291.12562594226,-18961.776268746056
43,41.16338052504007,13.01669571803918,6248.883735201098,-20912.20122120194
43,41.75358791111048,11.482553910450841,8245.67703578901,-30871.7420649834
43,46.38442907098337,10.58962737182797,16844.284902544052,-35125.94019538381
43,45.682122497074985,8.938555255706888,41584.72915520619,-36057.05306725761
43,42.06543291255211,12.075150231940441,50899.816856031524,-39080.57760976459
43,42.93416516253188,12.311127028575616,60823.13957212937,-43867.74883023811
43,45.03036257114011,10.81799840541274,88148.43188876437,-53298.81470366814
43,42.27276318404648,10.536239591911901,100074.62114260125,-60296.62225980245
43,41.554760393762905,12.155198019240206,119863.53802959216,-66255.99481818557
43,40.989306510831916,11.154607150675172,129641.76317201322,-69820.06525426387
44,35.90070832308663,13.487615019789951,-140389.2965933184,58369.30531142534
44,41.848640316759244,11.736296764420322,-134604.57328166542,55424.64255121433
44,47.16251635653567,11.309098309334836,-129487.10021959487,45221.8137038558
44,37.85750074410149,10.790166081288719,-116381.79187837562,39649.297495737104
44,35.84813797774895,11.39971205171841,-105862.27067293633,30703.0873549714
44,46.02706666912801,10.231604063813512,-103974.224849177,28677.994895447653
44,37.5,12.5,-94768.8272747145,-14203.779604504516
44,35.64740278580926,14.119537055879222,1291.12562594226,-18961.776268746056
44,41.16338052504007,13.01669571803918,6248.883735201098,-20912.20122120194
44,41.75358791111048,11.482553910450841,8245.67703578901,-30871.7420649834
44,46.38442907098337,10.58962737182797,16844.284902544052,-35125.94019538381
44,45.682122497074985,8.938555255706888,41584.72915520619,-36057.05306725761
44,42.06543291255211,12.075150231940441,50899.816856031524,-39080.57760976459
44,42.93416516253188,12.311127028575616,60823.13957212937,-43867.74883023811
44,45.03036257114011,10.81799840541274,88148.43188876437,-53298.81470366814
44,42.27276318404648,10.536239591911901,100074.62114260125,-60296.62225980245
44,41.554760393762905,12.155198019240206,119863.53802959216,-66255.99481818557
44,40.989306510831916,11.154607150675172,129641.76317201322,-69820.06525426387
45,35.90070832308663,13.487615019789951,-140389.2965933184,58369.30531142534
45,41.848640316759244,11.736296764420322,-134604.57328166542,55424.64255121433
45,47.16251635653567,11.309098309334836,-129487.10021959487,45221.8137038558
45,37.85750074410149,10.790166081288719,-116381.79187837562,39649.297495737104
45,35.84813797774895,11.39971205171841,-105862.27067293633,30703.0873549714
45,46.02706666912801,10.231604063813512,-103974.224849177,28677.994895447653
45,37.5,12.5,-94768.8272747145,-14203.779604504516
45,35.64740278580926,14.119537055879222,1291.12562594226,-18961.776268746056
45,41.16338052504007,13.01669571803918,6248.883735201098,-20912.20122120194
45,41.75358791111048,11.482553910450841,8245.67703578901,-30871.7420649834
45,46.38442907098337,10.58962737182797,16844.284902544052,-35125.94019538381
45,45.682122497074985,8.938555255706888,41584.72915520619,-36057.05306725761
45,42.06543291255211,12.075150231940441,50899.816856031524,-39080.57760976459
45,42.93416516253188,12.311127028575616,60823.13957212937,-43867.74883023811
45,45.03036257114011,10.81799840541274,88148.43188876437,-53298.81470366814
45,42.27276318404648,10.536239591911901,100074.62114260125,-60296.62225980245
45,41.554760393762905,12.155198019240206,119863.53802959216,-66255.99481818557
45,40.989306510831916,11.154607150675172,129641.76317201322,-69820.06525426387
46,35.90070832308663,13.487615019789951,-140389.2965933184,58369.30531142534
46,41.848640316759244,11.736296764420322,-134604.57328166542,55424.64255121433
46,47.16251635653567,11.309098309334836,-129487.10021959487,45221.8137038558
46,37.85750074410149,10.790166081288719,-116381.79187837562,39649.297495737104
46,35.84813797774895,11.39971205171841,-105862.27067293633,30703.0873549714
46,46.02706666912801,10.231604063813512,-103974.224849177,28677.994895447653
46,37.5,12.5,-94768.8272747145,-14203.779604504516
46,35.64740278580926,14.119537055879222,1291.12562594226,-18961.776268746056
46,41.16338052504007,13.01669571803918,6248.883735201098,-20912.20122120194
46,41.75358791111048,11.482553910450841,8245.67703578901,-30871.7420649834
46,46.38442907098337,10.58962737182797,16844.284902544052,-35125.94019538381
46,45.682122497074985,8.938555255706888,41584.72915520619,-36057.05306725761
46,38.91218111385291,13.89683815142221,45529.54178032713,-39122.158099683285
46,42.93416516253188,12.311127028575616,60823.13957212937,-43867.74883023811
46,45.03036257114011,10.81799840541274,88148.43188876437,-53298.81470366814
46,42.27276318404648,10.536239591911901,100074.62114260125,-60296.62225980245
46,41.554760393762905,12.155198019240206,119863.53802959216,-66255.99481818557
46,40.989306510831916,11.154607150675172,129641.76317201322,-69820.06525426387
47,35.90070832308663,13.487615019789951,-140389.2965933184,58369.30531142534
47,41.848640316759244,11.736296764420322,-134604.57328166542,55424.64255121433
47,47.16251635653567,11.309098309334836,-129487.10021959487,45221.8137038558
47,37.85750074410149,10.790166081288719,-116381.79187837562,39649.297495737104
47,35.84813797774895,11.39971205171841,-105862.27067293633,30703.0873549714
47,46.02706666912801,10.231604063813512,-103974.224849177,28677.994895447653
47,37.5,12.5,-94768.8272747145,-14203.779604504516
47,35.64740278580926,14.119537055879222,1291.12562594226,-18961.776268746056
47,41.16338052504007,13.01669571803918,6248.883735201098,-20912.20122120194
47,41.75358791111048,11.482553910450841,8245.67703578901,-30871.7420649834
47,46.38442907098337,10.58962737182797,16844.284902544052,-35125.94019538381
47,45.682122497074985,8.938555255706888,41584.72915520619,-36057.05306725761
47,38.91218111385291,13.89683815142221,45529.54178032713,-39122.158099683285
47,42.93416516253188,12.311127028575616,60823.13957212937,-43867.74883023811
47,45.03036257114011,10.81799840541274,88148.43188876437,-53298.81470366814
47,42.27276318404648,10.536239591911901,100074.62114260125,-60296.62225980245
47,41.554760393762905,12.155198019240206,119863.53802959216,-66255.99481818557
47,40.989306510831916,11.154607150675172,129641.76317201322,-69820.06525426387
48,35.90070832308663,13.487615019789951,-140389.2965933184,58369.30531142534
48,41.848640316759244,11.736296764420322,-134604.57328166542,55424.64255121433
48,47.16251635653567,11.309098309334836,-129487.10021959487,45221.8137038558
48,37.85750074410149,10.790166081288719,-116381.79187837562,39649.297495737104
48,35.84813797774895,11.39971205171841,-105862.27067293633,30703.0873549714
48,46.02706666912801,10.231604063813512,-103974.224849177,28677.994895447653
48,37.5,12.5,-94768.8272747145,-14203.779604504516
48,35.64740278580926,14.119537055879222,1291.12562594226,-18961.776268746056
48,41.16338052504007,13.01669571803918,6248.883735201098,-20912.20122120194
48,41.75358791111048,11.482553910450841,8245.67703578901,-30871.7420649834
48,46.38442907098337,10.58962737182797,16844.284902544052,-35125.94019538381
48,45.682122497074985,8.938555255706888,41584.72915520619,-36057.05306725761
48,38.91218111385291,13.89683815142221,45529.54178032713,-39122.158099683285
48,42.93416516253188,12.311127028575616,60823.13957212937,-43867.74883023811
48,45.03036257114011,10.81799840541274,88148.43188876437,-53298.81470366814
48,42.27276318404648,10.536239591911901,100074.62114260125,-60296.62225980245
48,41.554760393762905,12.155198019240206,119863.53802959216,-66255.99481818557
48,40.989306510831916,11.154607150675172,129641.76317201322,-69820.06525426387
49,35.90070832308663,13.487615019789951,-140389.2965933184,58369.30531142534
49,41.848640316759244,11.736296764420322,-134604.57328166542,55424.64255121433
49,47.16251635653567,11.309098309334836,-129487.10021959487,45221.8137038558
49,37.85750074410149,10.790166081288719,-116381.79187837562,39649.297495737104
49,35.84813797774895,11.39971205171841,-105862.27067293633,30703.0873549714
49,46.02706666912801,10.231604063813512,-103974.224849177,28677.994895447653
49,37.5,12.5,-94768.8272747145,-14203.779604504516
49,35.64740278580926,14.119537055879222,1291.12562594226,-18961.776268746056
49,41.16338052504007,13.01669571803918,6248.883735201098,-20912.20122120194
49,41.75358791111048,11.482553910450841,8245.67703578901,-30871.7420649834
49,46.38442907098337,10.58962737182797,16844.284902544052,-35125.94019538381
49,45.682122497074985,8.938555255706888,41584.72915520619,-36057.05306725761
49,38.91218111385291,13.89683815142221,45529.54178032713,-39122.158099683285
49,42.93416516253188,12.311127028575616,60823.13957212937,-43867.74883023811
49,45.03036257114011,10.81799840541274,88148.43188876437,-53298.81470366814
49,42.27276318404648,10.536239591911901,100074.62114260125,-60296.62225980245
49,41.554760393762905,12.155198019240206,119863.53802959216,-66255.99481818557
49,40.989306510831916,11.154607150675172,129641.76317201322,-69820.06525426387
50,35.90070832308663,13.487615019789951,-140389.2965933184,58369.30531142534
50,41.848640316759244,11.736296764420322,-134604.57328166542,55424.64255121433
50,47.16251635653567,11.309098309334836,-129487.10021959487,45221.8137038558
50,37.85750074410149,10.790166081288719,-116381.79187837562,39649.297495737104
50,35.84813797774895,11.39971205171841,-105862.27067293633,30703.0873549714
50,46.02706666912801,10.231604063813512,-103974.224849177,28677.994895447653
50,37.5,12.5,-94768.8272747145,-14203.779604504516
50,35.64740278580926,14.119537055879222,1291.12562594226,-18961.776268746056
50,41.16338052504007,13.01669571803918,6248.883735201098,-20912.20122120194
50,41.75358791111048,11.482553910450841,8245.67703578901,-30871.7420649834
50,46.38442907098337,10.58962737182797,16844.284902544052,-35125.94019538381
50,45.682122497074985,8.938555255706888,41584.72915520619,-36057.05306725761
50,38.91218111385291,13.89683815142221,45529.54178032713,-39122.158099683285
50,42.93416516253188,12.311127028575616,60823.13957212937,-43867.74883023811
50,45.03036257114011,10.81799840541274,88148.43188876437,-53298.81470366814
50,42.27276318404648,10.536239591911901,100074.62114260125,-60296.62225980245
50,41.554760393762905,12.155198019240206,119863.53802959216,-66255.99481818557
50,40.989306510831916,11.154607150675172,129641.76317201322,-69820.06525426387
51,35.90070832308663,13.487615019789951,-140389.2965933184,58369.30531142534
51,41.848640316759244,11.736296764420322,-134604.57328166542,55424.64255121433
51,47.16251635653567,11.309098309334836,-129487.10021959487,45221.8137038558
51,37.85750074410149,10.790166081288719,-116381.79187837562,39649.297495737104
51,35.84813797774895,11.39971205171841,-105862.27067293633,30703.0873549714
51,46.02706666912801,10.231604063813512,-103974.224849177,28677.994895447653
51,37.5,12.5,-94768.8272747145,-14203.779604504516
51,35.64740278580926,14.119537055879222,1291.12562594226,-18961.776268746056
51,41.16338052504007,13.01669571803918,6248.883735201098,-20912.20122120194
51,41.75358791111048,11.482553910450841,8245.67703578901,-30871.7420649834
51,46.38442907098337,10.58962737182797,16844.284902544052,-35125.94019538381
51,45.682122497074985,8.938555255706888,41584.72915520619,-36057.05306725761
51,38.91218111385291,13.89683815142221,45529.54178032713,-39122.158099683285
51,42.93416516253188,12.311127028575616,60823.13957212937,-43867.74883023811
51,45.03036257114011,10.81799840541274,88148.43188876437,-53298.81470366814
51,42.27276318404648,10.536239591911901,100074.62114260125,-60296.62225980245
51,41.554760393762905,12.155198019240206,119863.53802959216,-66255.99481818557
51,40.989306510831916,11.154607150675172,129641.76317201322,-69820.06525426387
52,35.90070832308663,13.487615019789951,-140389.2965933184,58369.30531142534
52,41.848640316759244,11.736296764420322,-134604.57328166542,55424.64255121433
52,47.16251635653567,11.309098309334836,-129487.10021959487,45221.8137038558
52,37.85750074410149,10.790166081288719,-116381.79187837562,39649.297495737104
52,35.84813797774895,11.39971205171841,-105862.27067293633,30703.0873549714
52,46.02706666912801,10.231604063813512,-103974.224849177,28677.994895447653
52,37.5,12.5,-94768.8272747145,-14203.779604504516
52,35.64740278580926,14.119537055879222,1291.12562594226,-18961.776268746056
52,41.16338052504007,13.01669571803918,6248.883735201098,-20912.20122120194
52,41.75358791111048,11.482553910450841,8245.67703578901,-30871.7420649834
52,46.38442907098337,10.58962737182797,16844.284902544052,-35125.94019538381
52,45.682122497074985,8.938555255706888,41584.72915520619,-36057.05306725761
52,38.91218111385291,13.89683815142221,45529.54178032713,-39122.158099683285
52,42.93416516253188,12.311127028575616,60823.13957212937,-43867.74883023811
52,45.03036257114011,10.81799840541274,88148.43188876437,-53298.81470366814
52,42.27276318404648,10.536239591911901,100074.62114260125,-60296.62225980245
52,41.554760393762905,12.155198019240206,119863.53802959216,-66255.99481818557
52,40.989306510831916,11.154607150675172,129641.76317201322,-69820.06525426387
53,35.90070832308663,13.487615019789951,-140389.2965933184,58369.30531142534
53,41.848640316759244,11.736296764420322,-134604.57328166542,55424.64255121433
53,47.16251635653567,11.309098309334836,-129487.10021959487,45221.8137038558
53,37.85750074410149,10.790166081288719,-116381.79187837562,39649.297495737104
53,35.84813797774895,11.39971205171841,-105862.27067293633,30703.0873549714
53,46.02706666912801,10.231604063813512,-103974.224849177,28677.994895447653
53,37.5,12.5,-94768.8272747145,-14203.779604504516
53,46.95549384480135,12.574461541413786,-4455.306089184981,-23035.53404808781
53,41.75358791111048,11.482553910450841,8245.67703578901,-30871.7420649834
53,46.38442907098337,10.58962737182797,16844.284902544052,-35125.94019538381
53,45.682122497074985,8.938555255706888,41584.72915520619,-36057.05306725761
53,38.91218111385291,13.89683815142221,45529.54178032713,-39122.158099683285
53,42.93416516253188,12.311127028575616,60823.13957212937,-43867.74883023811
53,45.03036257114011,10.81799840541274,88148.43188876437,-53298.81470366814
53,42.27276318404648,10.536239591911901,100074.62114260125,-60296.62225980245
53,41.554760393762905,12.155198019240206,119863.53802959216,-66255.99481818557
53,40.989306510831916,11.154607150675172,129641.76317201322,-69820.06525426387
54,35.90070832308663,13.487615019789951,-140389.2965933184,58369.30531142534
54,41.848640316759244,11.736296764420322,-134604.57328166542,55424.64255121433
54,47.16251635653567,11.309098309334836,-129487.10021959487,45221.8137038558
54,37.85750074410149,10.790166081288719,-116381.79187837562,39649.297495737104
54,35.84813797774895,11.39971205171841,-105862.27067293633,30703.0873549714
54,46.02706666912801,10.231604063813512,-103974.224849177,28677.994895447653
54,37.5,12.5,-94768.8272747145,-14203.779604504516
54,46.95549384480135,12.574461541413786,-4455.306089184981,-23035.53404808781
54,41.75358791111048,11.482553910450841,8245.67703578901,-30871.7420649834
54,46.38442907098337,10.58962737182797,16844.284902544052,-35125.94019538381
54,45.682122497074985,8.938555255706888,41584.72915520619,-36057.05306725761
54,38.91218111385291,13.89683815142221,45529.54178032713,-39122.158099683285
54,42.93416516253188,12.311127028575616,60823.13957212937,-43867.74883023811
54,45.03036257114011,10.81799840541274,88148.43188876437,-53298.81470366814
54,42.27276318404648,10.536239591911901,100074.62114260125,-60296.62225980245
54,41.554760393762905,12.155198019240206,119863.53802959216,-66255.99481818557
54,40.989306510831916,11.154607150675172,129641.76317201322,-69820.06525426387
55,35.90070832308663,13.487615019789951,-140389.2965933184,58369.30531142534
55,41.848640316759244,11.736296764420322,-134604.57328166542,55424.64255121433
55,47.16251635653567,11.309098309334836,-129487.10021959487,45221.8137038558
55,37.85750074410149,10.790166081288719,-116381.79187837562,39649.297495737104
55,45.52701442822504,11.911273540095381,-108845.5121269862,26925.904117727936
55,37.5,12.5,-94768.8272747145,-14203.779604504516
55,46.95549384480135,12.574461541413786,-4455.306089184981,-23035.53404808781
55,41.75358791111048,11.482553910450841,8245.67703578901,-30871.7420649834
55,46.38442907098337,10.58962737182797,16844.284902544052,-35125.94019538381
55,45.682122497074985,8.938555255706888,41584.72915520619,-36057.05306725761
55,38.91218111385291,13.89683815142221,45529.54178032713,-39122.158099683285
55,42.93416516253188,12.311127028575616,60823.13957212937,-43867.74883023811
55,44.77269714279732,12.018391377390879,86492.55982382329,-45459.78577680693
55,45.03036257114011,10.81799840541274,88148.43188876437,-53298.81470366814
55,42.27276318404648,10.536239591911901,100074.62114260125,-60296.62225980245
55,41.554760393762905,12.155198019240206,119863.53802959216,-66255.99481818557
55,40.989306510831916,11.154607150675172,129641.76317201322,-69820.06525426387
56,35.90070832308663,13.487615019789951,-140389.2965933184,58369.30531142534
56,41.848640316759244,11.736296764420322,-134604.57328166542,55424.64255121433
56,47.16251635653567,11.309098309334836,-129487.10021959487,45221.8137038558
56,37.85750074410149,10.790166081288719,-116381.79187837562,39649.297495737104
56,45.52701442822504,11.911273540095381,-108845.5121269862,26925.904117727936
56,37.5,12.5,-94768.8272747145,-14203.779604504516
56,46.95549384480135,12.574461541413786,-4455.306089184981,-23035.53404808781
56,41.75358791111048,11.482553910450841,8245.67703578901,-30871.7420649834
56,46.38442907098337,10.58962737182797,16844.284902544052,-35125.94019538381
56,45.682122497074985,8.938555255706888,41584.72915520619,-36057.05306725761
56,38.91218111385291,13.89683815142221,45529.54178032713,-39122.158099683285
56,42.93416516253188,12.311127028575616,60823.13957212937,-43867.74883023811
56,44.77269714279732,12.018391377390879,86492.55982382329,-45459.78577680693
56,45.27368839270389,12.39087883075533,87623.4206787069,-51835.14595377556
56,45.03036257114011,10.81799840541274,88148.43188876437,-53298.81470366814
56,42.27276318404648,10.536239591911901,100074.62114260125,-60296.62225980245
56,41.554760393762905,12.155198019240206,119863.53802959216,-66255.99481818557
56,40.989306510831916,11.154607150675172,129641.76317201322,-69820.06525426387
57,35.90070832308663,13.487615019789951,-140389.2965933184,58369.30531142534
57,41.848640316759244,11.736296764420322,-134604.57328166542,55424.64255121433
57,47.16251635653567,11.309098309334836,-129487.10021959487,45221.8137038558
57,37.85750074410149,10.790166081288719,-116381.79187837562,39649.297495737104
57,45.64699764709816,11.849799947787423,-108966.06511212135,38917.1083511869
57,45.52701442822504,11.911273540095381,-108845.5121269862,26925.904117727936
57,37.5,12.5,-94768.8272747145,-14203.779604504516
57,46.95549384480135,12.574461541413786,-4455.306089184981,-23035.53404808781
57,41.75358791111048,11.482553910450841,8245.67703578901,-30871.7420649834
57,46.38442907098337,10.58962737182797,16844.284902544052,-35125.94019538381
57,45.682122497074985,8.938555255706888,41584.72915520619,-36057.05306725761
57,38.91218111385291,13.89683815142221,45529.54178032713,-39122.158099683285
57,42.93416516253188,12.311127028575616,60823.13957212937,-43867.74883023811
57,44.77269714279732,12.018391377390879,86492.55982382329,-45459.78577680693
57,45.27368839270389,12.39087883075533,87623.4206787069,-51835.14595377556
57,45.03036257114011,10.81799840541274,88148.43188876437,-53298.81470366814
57,42.27276318404648,10.536239591911901,100074.62114260125,-60296.62225980245
57,41.554760393762905,12.155198019240206,119863.53802959216,-66255.99481818557
57,40.989306510831916,11.154607150675172,129641.76317201322,-69820.06525426387
58,35.90070832308663,13.487615019789951,-140389.2965933184,58369.30531142534
58,41.848640316759244,11.736296764420322,-134604.57328166542,55424.64255121433
58,47.16251635653567,11.309098309334836,-129487.10021959487,45221.8137038558
58,37.85750074410149,10.790166081288719,-116381.79187837562,39649.297495737104
58,45.64699764709816,11.849799947787423,-108966.06511212135,38917.1083511869
58,45.52701442822504,11.911273540095381,-108845.5121269862,26925.904117727936
58,37.5,12.5,-94768.8272747145,-14203.779604504516
58,46.95549384480135,12.574461541413786,-4455.306089184981,-23035.53404808781
58,41.75358791111048,11.482553910450841,8245.67703578901,-30871.7420649834
58,46.38442907098337,10.58962737182797,16844.284902544052,-35125.94019538381
58,45.682122497074985,8.938555255706888,41584.72915520619,-36057.05306725761
58,38.91218111385291,13.89683815142221,45529.54178032713,-39122.158099683285
58,42.93416516253188,12.311127028575616,60823.13957212937,-43867.74883023811
58,44.77269714279732,12.018391377390879,86492.55982382329,-45459.78577680693
58,45.27368839270389,12.39087883075533,87623.4206787069,-51835.14595377556
58,45.03036257114011,10.81799840541274,88148.43188876437,-53298.81470366814
58,42.27276318404648,10.536239591911901,100074.62114260125,-60296.62225980245
58,41.554760393762905,12.155198019240206,119863.53802959216,-66255.99481818557
58,40.989306510831916,11.154607150675172,129641.76317201322,-69820.06525426387
59,35.90070832308663,13.487615019789951,-140389.2965933184,58369.30531142534
59,41.848640316759244,11.736296764420322,-134604.57328166542,55424.64255121433
59,47.16251635653567,11.309098309334836,-129487.10021959487,45221.8137038558
59,37.85750074410149,10.790166081288719,-116381.79187837562,39649.297495737104
59,45.64699764709816,11.849799947787423,-108966.06511212135,38917.1083511869
59,45.52701442822504,11.911273540095381,-108845.5121269862,26925.904117727936
59,37.5,12.5,-94768.8272747145,-14203.779604504516
59,46.95549384480135,12.574461541413786,-4455.306089184981,-23035.53404808781
59,41.75358791111048,11.482553910450841,8245.67703578901,-30871.7420649834
59,46.38442907098337,10.58962737182797,16844.284902544052,-35125.94019538381
59,45.682122497074985,8.938555255706888,41584.72915520619,-36057.05306725761
59,38.91218111385291,13.89683815142221,45529.54178032713,-39122.158099683285
59,42.93416516253188,12.311127028575616,60823.13957212937,-43867.74883023811
59,44.77269714279732,12.018391377390879,86492.55982382329,-45459.78577680693
59,45.27368839270389,12.39087883075533,87623.4206787069,-51835.14595377556
59,45.03036257114011,10.81799840541274,88148.43188876437,-53298.81470366814
59,42.27276318404648,10.536239591911901,100074.62114260125,-60296.62225980245
59,41.554760393762905,12.155198019240206,119863.53802959216,-66255.99481818557
59,40.989306510831916,11.154607150675172,129641.76317201322,-69820.06525426387
60,35.90070832308663,13.487615019789951,-140389.2965933184,58369.30531142534
60,41.848640316759244,11.736296764420322,-134604.57328166542,55424.64255121433
60,47.16251635653567,11.309098309334836,-129487.10021959487,45221.8137038558
60,37.85750074410149,10.790166081288719,-116381.79187837562,39649.297495737104
60,45.64699764709816,11.849799947787423,-108966.06511212135,38917.1083511869
60,45.52701442822504,11.911273540095381,-108845.5121269862,26925.904117727936
60,37.5,12.5,-94768.8272747145,-14203.779604504516
60,46.95549384480135,12.574461541413786,-4455.306089184981,-23035.53404808781
60,41.75358791111048,11.482553910450841,8245.67703578901,-30871.7420649834
60,46.38442907098337,10.58962737182797,16844.284902544052,-35125.94019538381
60,45.682122497074985,8.938555255706888,41584.72915520619,-36057.05306725761
60,38.91218111385291,13.89683815142221,45529.54178032713,-39122.158099683285
60,42.93416516253188,12.311127028575616,60823.13957212937,-43867.74883023811
60,44.77269714279732,12.018391377390879,86492.55982382329,-45459.78577680693
60,45.27368839270389,12.39087883075533,87623.4206787069,-51835.14595377556
60,45.03036257114011,10.81799840541274,88148.43188876437,-53298.81470366814
60,42.27276318404648,10.536239591911901,100074.62114260125,-60296.62225980245
60,41.554760393762905,12.155198019240206,119863.53802959216,-66255.99481818557
60,40.989306510831916,11.154607150675172,129641.76317201322,-69820.06525426387
61,35.90070832308663,13.487615019789951,-140389.2965933184,58369.30531142534
61,41.848640316759244,11.736296764420322,-134604.57328166542,55424.64255121433
61,47.16251635653567,11.309098309334836,-129487.10021959487,45221.8137038558
61,37.85750074410149,10.790166081288719,-116381.79187837562,39649.297495737104
61,45.64699764709816,11.849799947787423,-108966.06511212135,38917.1083511869
61,45.52701442822504,11.911273540095381,-108845.5121269862,26925.904117727936
61,37.5,12.5,-94768.8272747145,-14203.779604504516
61,46.95549384480135,12.574461541413786,-4455.306089184981,-23035.53404808781
61,41.75358791111048,11.482553910450841,8245.67703578901,-30871.7420649834
61,46.38442907098337,10.58962737182797,16844.284902544052,-35125.94019538381
61,45.682122497074985,8.938555255706888,41584.72915520619,-36057.05306725761
61,38.91218111385291,13.89683815142221,45529.54178032713,-39122.158099683285
61,42.93416516253188,12.311127028575616,60823.13957212937,-43867.74883023811
61,44.77269714279732,12.018391377390879,86492.55982382329,-45459.78577680693
61,45.27368839270389,12.39087883075533,87623.4206787069,-51835.14595377556
61,45.03036257114011,10.81799840541274,88148.43188876437,-53298.81470366814
61,42.27276318404648,10.536239591911901,100074.62114260125,-60296.62225980245
61,41.554760393762905,12.155198019240206,119863.53802959216,-66255.99481818557
61,40.989306510831916,11.154607150675172,129641.76317201322,-69820.06525426387
62,35.90070832308663,13.487615019789951,-140389.2965933184,58369.30531142534
62,41.848640316759244,11.736296764420322,-134604.57328166542,55424.64255121433
62,47.16251635653567,11.309098309334836,-129487.10021959487,45221.8137038558
62,37.85750074410149,10.790166081288719,-116381.79187837562,39649.297495737104
62,45.64699764709816,11.849799947787423,-108966.06511212135,38917.1083511869
62,45.52701442822504,11.911273540095381,-108845.5121269862,26925.904117727936
62,37.5,12.5,-94768.8272747145,-14203.779604504516
62,46.95549384480135,12.574461541413786,-4455.306089184981,-23035.53404808781
62,41.75358791111048,11.482553910450841,8245.67703578901,-30871.7420649834
62,46.38442907098337,10.58962737182797,16844.284902544052,-35125.94019538381
62,45.682122497074985,8.938555255706888,41584.72915520619,-36057.05306725761
62,38.91218111385291,13.89683815142221,45529.54178032713,-39122.158099683285
62,42.93416516253188,12.311127028575616,60823.13957212937,-43867.74883023811
62,44.77269714279732,12.018391377390879,86492.55982382329,-45459.78577680693
62,45.27368839270389,12.39087883075533,87623.4206787069,-51835.14595377556
62,45.03036257114011,10.81799840541274,88148.43188876437,-53298.81470366814
62,42.27276318404648,10.536239591911901,100074.62114260125,-60296.62225980245
62,41.554760393762905,12.155198019240206,119863.53802959216,-66255.99481818557
62,40.989306510831916,11.154607150675172,129641.76317201322,-69820.06525426387
63,49.08174175636776,12.959719023755884,-146060.87757518367,75131.22112112361
63,35.90070832308663,13.487615019789951,-140389.2965933184,58369.30531142534
63,41.848640316759244,11.736296764420322,-134604.57328166542,55424.64255121433
63,47.16251635653567,11.309098309334836,-129487.10021959487,45221.8137038558
63,37.85750074410149,10.790166081288719,-116381.79187837562,39649.297495737104
63,45.64699764709816,11.849799947787423,-108966.06511212135,38917.1083511869
63,45.52701442822504,11.911273540095381,-108845.5121269862,26925.904117727936
63,37.5,12.5,-94768.8272747145,-14203.779604504516
63,46.95549384480135,12.574461541413786,-4455.306089184981,-23035.53404808781
63,41.75358791111048,11.482553910450841,8245.67703578901,-30871.7420649834
63,46.38442907098337,10.58962737182797,16844.284902544052,-35125.94019538381
63,45.682122497074985,8.938555255706888,41584.72915520619,-36057.05306725761
63,38.91218111385291,13.89683815142221,45529.54178032713,-39122.158099683285
63,42.93416516253188,12.311127028575616,60823.13957212937,-43867.74883023811
63,44.77269714279732,12.018391377390879,86492.55982382329,-45459.78577680693
63,45.27368839270389,12.39087883075533,87623.4206787069,-51835.14595377556
63,45.03036257114011,10.81799840541274,88148.43188876437,-53298.81470366814
63,42.27276318404648,10.536239591911901,100074.62114260125,-60296.62225980245
63,41.554760393762905,12.155198019240206,119863.53802959216,-66255.99481818557
63,40.989306510831916,11.154607150675172,129641.76317201322,-69820.06525426387
64,49.08174175636776,12.959719023755884,-146060.87757518367,75131.22112112361
64,35.90070832308663,13.487615019789951,-140389.2965933184,58369.30531142534
64,41.848640316759244,11.736296764420322,-134604.57328166542,55424.64255121433
64,47.16251635653567,11.309098309334836,-129487.10021959487,45221.8137038558
64,37.85750074410149,10.790166081288719,-116381.79187837562,39649.297495737104
64,45.64699764709816,11.849799947787423,-108966.06511212135,38917.1083511869
64,45.52701442822504,11.911273540095381,-108845.5121269862,26925.904117727936
64,37.5,12.5,-94768.8272747145,-14203.779604504516
64,46.95549384480135,12.574461541413786,-4455.306089184981,-23035.53404808781
64,41.75358791111048,11.482553910450841,8245.67703578901,-30871.7420649834
64,46.38442907098337,10.58962737182797,16844.284902544052,-35125.94019538381
64,45.682122497074985,8.938555255706888,41584.72915520619,-36057.05306725761
64,38.91218111385291,13.89683815142221,45529.54178032713,-39122.158099683285
64,42.93416516253188,12.311127028575616,60823.13957212937,-43867.74883023811
64,44.77269714279732,12.018391377390879,86492.55982382329,-45459.78577680693
64,45.27368839270389,12.39087883075533,87623.4206787069,-51835.14595377556
64,45.03036257114011,10.81799840541274,88148.43188876437,-53298.81470366814
64,42.27276318404648,10.536239591911901,100074.62114260125,-60296.62225980245
64,41.554760393762905,12.155198019240206,119863.53802959216,-66255.99481818557
64,40.989306510831916,11.154607150675172,129641.76317201322,-69820.06525426387
65,49.08174175636776,12.959719023755884,-146060.87757518367,75131.22112112361
65,35.90070832308663,13.487615019789951,-140389.2965933184,58369.30531142534
65,41.848640316759244,11.736296764420322,-134604.57328166542,55424.64255121433
65,47.16251635653567,11.309098309334836,-129487.10021959487,45221.8137038558
65,37.85750074410149,10.790166081288719,-116381.79187837562,39649.297495737104
65,45.64699764709816,11.849799947787423,-108966.06511212135,38917.1083511869
65,45.52701442822504,11.911273540095381,-108845.5121269862,26925.904117727936
65,37.5,12.5,-94768.8272747145,-14203.779604504516
65,46.95549384480135,12.574461541413786,-4455.306089184981,-23035.53404808781
65,41.75358791111048,11.482553910450841,8245.67703578901,-30871.7420649834
65,46.38442907098337,10.58962737182797,16844.284902544052,-35125.94019538381
65,45.682122497074985,8.938555255706888,41584.72915520619,-36057.05306725761
65,38.91218111385291,13.89683815142221,45529.54178032713,-39122.158099683285
65,42.93416516253188,12.311127028575616,60823.13957212937,-43867.74883023811
65,44.77269714279732,12.018391377390879,86492.55982382329,-45459.78577680693
65,45.27368839270389,12.39087883075533,87623.4206787069,-51835.14595377556
65,45.03036257114011,10.81799840541274,88148.43188876437,-53298.81470366814
65,47.509746399001266,10.169772899154324,96415.10108855355,-57748.59821810898
65,42.27276318404648,10.536239591911901,100074.62114260125,-60296.62225980245
65,41.554760393762905,12.155198019240206,119863.53802959216,-66255.99481818557
65,40.989306510831916,11.154607150675172,129641.76317201322,-69820.06525426387
66,49.08174175636776,12.959719023755884,-146060.87757518367,75131.22112112361
66,35.90070832308663,13.487615019789951,-140389.2965933184,58369.30531142534
66,41.848640316759244,11.736296764420322,-134604.57328166542,55424.64255121433
66,47.16251635653567,11.309098309334836,-129487.10021959487,45221.8137038558
66,37.85750074410149,10.790166081288719,-116381.79187837562,39649.297495737104
66,45.64699764709816,11.849799947787423,-108966.06511212135,38917.1083511869
66,45.52701442822504,11.911273540095381,-108845.5121269862,26925.904117727936
66,37.5,12.5,-94768.8272747145,-14203.779604504516
66,46.95549384480135,12.574461541413786,-4455.306089184981,-23035.53404808781
66,41.75358791111048,11.482553910450841,8245.67703578901,-30871.7420649834
66,46.38442907098337,10.58962737182797,16844.284902544052,-35125.94019538381
66,45.682122497074985,8.938555255706888,41584.72915520619,-36057.05306725761
66,38.91218111385291,13.89683815142221,45529.54178032713,-39122.158099683285
66,42.93416516253188,12.311127028575616,60823.13957212937,-43867.74883023811
66,44.77269714279732,12.018391377390879,86492.55982382329,-45459.78577680693
66,45.27368839270389,12.39087883075533,87623.4206787069,-51835.14595377556
66,45.03036257114011,10.81799840541274,88148.43188876437,-53298.81470366814
66,47.509746399001266,10.169772899154324,96415.10108855355,-57748.59821810898
66,42.27276318404648,10.536239591911901,100074.62114260125,-60296.62225980245
66,41.554760393762905,12.155198019240206,119863.53802959216,-66255.99481818557
66,40.989306510831916,11.154607150675172,129641.76317201322,-69820.06525426387
67,49.08174175636776,12.959719023755884,-146060.87757518367,75131.22112112361
67,35.90070832308663,13.487615019789951,-140389.2965933184,58369.30531142534
67,41.848640316759244,11.736296764420322,-134604.57328166542,55424.64255121433
67,47.16251635653567,11.309098309334836,-129487.10021959487,45221.8137038558
67,37.85750074410149,10.790166081288719,-116381.79187837562,39649.297495737104
67,45.64699764709816,11.849799947787423,-108966.06511212135,38917.1083511869
67,45.52701442822504,11.911273540095381,-108845.5121269862,26925.904117727936
67,37.5,12.5,-94768.8272747145,-14203.779604504516
67,46.95549384480135,12.574461541413786,-4455.306089184981,-23035.53404808781
67,41.75358791111048,11.482553910450841,8245.67703578901,-30871.7420649834
67,46.38442907098337,10.58962737182797,16844.284902544052,-35125.94019538381
67,45.682122497074985,8.938555255706888,41584.72915520619,-36057.05306725761
67,38.91218111385291,13.89683815142221,45529.54178032713,-39122.158099683285
67,42.93416516253188,12.311127028575616,60823.13957212937,-43867.74883023811
67,44.77269714279732,12.018391377390879,86492.55982382329,-45459.78577680693
67,45.27368839270389,12.39087883075533,87623.4206787069,-51835.14595377556
67,45.03036257114011,10.81799840541274,88148.43188876437,-53298.81470366814
67,47.509746399001266,10.169772899154324,96415.10108855355,-57748.59821810898
67,42.27276318404648,10.536239591911901,100074.62114260125,-60296.62225980245
67,41.554760393762905,12.155198019240206,119863.53802959216,-66255.99481818557
67,40.989306510831916,11.154607150675172,129641.76317201322,-69820.06525426387
68,49.08174175636776,12.959719023755884,-146060.87757518367,75131.22112112361
68,35.90070832308663,13.487615019789951,-140389.2965933184,58369.30531142534
68,41.848640316759244,11.736296764420322,-134604.57328166542,55424.64255121433
68,47.16251635653567,11.309098309334836,-129487.10021959487,45221.8137038558
68,37.85750074410149,10.790166081288719,-116381.79187837562,39649.297495737104
68,45.64699764709816,11.849799947787423,-108966.06511212135,38917.1083511869
68,45.52701442822504,11.911273540095381,-108845.5121269862,26925.904117727936
68,37.5,12.5,-94768.8272747145,-14203.779604504516
68,46.95549384480135,12.574461541413786,-4455.306089184981,-23035.53404808781
68,41.75358791111048,11.482553910450841,8245.67703578901,-30871.7420649834
68,46.38442907098337,10.58962737182797,16844.284902544052,-35125.94019538381
68,45.682122497074985,8.938555255706888,41584.72915520619,-36057.05306725761
68,38.91218111385291,13.89683815142221,45529.54178032713,-39122.158099683285
68,42.93416516253188,12.311127028575616,60823.13957212937,-43867.74883023811
68,44.77269714279732,12.018391377390879,86492.55982382329,-45459.78577680693
68,45.27368839270389,12.39087883075533,87623.4206787069,-51835.14595377556
68,45.03036257114011,10.81799840541274,88148.43188876437,-53298.81470366814
68,47.509746399001266,10.169772899154324,96415.10108855355,-57748.59821810898
68,42.27276318404648,10.536239591911901,100074.62114260125,-60296.62225980245
68,41.554760393762905,12.155198019240206,119863.53802959216,-66255.99481818557
68,40.989306510831916,11.154607150675172,129641.76317201322,-69820.06525426387
69,49.08174175636776,12.959719023755884,-146060.87757518367,75131.22112112361
69,35.90070832308663,13.487615019789951,-140389.2965933184,58369.30531142534
69,41.848640316759244,11.736296764420322,-134604.57328166542,55424.64255121433
69,47.16251635653567,11.309098309334836,-129487.10021959487,45221.8137038558
69,37.85750074410149,10.790166081288719,-116381.79187837562,39649.297495737104
69,45.64699764709816,11.849799947787423,-108966.06511212135,38917.1083511869
69,45.52701442822504,11.911273540095381,-108845.5121269862,26925.904117727936
69,37.5,12.5,-94768.8272747145,-14203.779604504516
69,46.95549384480135,12.574461541413786,-4455.306089184981,-23035.53404808781
69,41.75358791111048,11.482553910450841,8245.67703578901,-30871.7420649834
69,46.38442907098337,10.58962737182797,16844.284902544052,-35125.94019538381
69,45.682122497074985,8.938555255706888,41584.72915520619,-36057.05306725761
69,38.91218111385291,13.89683815142221,45529.54178032713,-39122.158099683285
69,42.93416516253188,12.311127028575616,60823.13957212937,-43867.74883023811
69,44.77269714279732,12.018391377390879,86492.55982382329,-45459.78577680693
69,45.27368839270389,12.39087883075533,87623.4206787069,-51835.14595377556
69,45.03036257114011,10.81799840541274,88148.43188876437,-53298.81470366814
69,47.509746399001266,10.169772899154324,96415.10108855355,-57748.59821810898
69,42.27276318404648,10.536239591911901,100074.62114260125,-60296.62225980245
69,41.554760393762905,12.155198019240206,119863.53802959216,-66255.99481818557
69,40.989306510831916,11.154607150675172,129641.76317201322,-69820.06525426387
70,49.08174175636776,12.959719023755884,-146060.87757518367,75131.22112112361
70,35.90070832308663,13.487615019789951,-140389.2965933184,58369.30531142534
70,41.848640316759244,11.736296764420322,-134604.57328166542,55424.64255121433
70,47.16251635653567,11.309098309334836,-129487.10021959487,45221.8137038558
70,37.85750074410149,10.790166081288719,-116381.79187837562,39649.297495737104
70,45.64699764709816,11.849799947787423,-108966.06511212135,38917.1083511869
70,45.52701442822504,11.911273540095381,-108845.5121269862,26925.904117727936
70,37.5,12.5,-94768.8272747145,-14203.779604504516
70,46.95549384480135,12.574461541413786,-4455.306089184981,-23035.53404808781
70,41.75358791111048,11.482553910450841,8245.67703578901,-30871.7420649834
70,46.38442907098337,10.58962737182797,16844.284902544052,-35125.94019538381
70,45.682122497074985,8.938555255706888,41584.72915520619,-36057.05306725761
70,38.91218111385291,13.89683815142221,45529.54178032713,-39122.158099683285
70,42.93416516253188,12.311127028575616,60823.13957212937,-43867.74883023811
70,44.77269714279732,12.018391377390879,86492.55982382329,-45459.78577680693
70,45.27368839270389,12.39087883075533,87623.4206787069,-51835.14595377556
70,45.03036257114011,10.81799840541274,88148.43188876437,-53298.81470366814
70,47.509746399001266,10.169772899154324,96415.10108855355,-57748.59821810898
70,42.27276318404648,10.536239591911901,100074.62114260125,-60296.62225980245
70,41.554760393762905,12.155198019240206,119863.53802959216,-66255.99481818557
70,40.989306510831916,11.154607150675172,129641.76317201322,-69820.06525426387
71,49.08174175636776,12.959719023755884,-146060.87757518367,75131.22112112361
71,35.90070832308663,13.487615019789951,-140389.2965933184,58369.30531142534
71,41.848640316759244,11.736296764420322,-134604.57328166542,55424.64255121433
71,47.16251635653567,11.309098309334836,-129487.10021959487,45221.8137038558
71,37.85750074410149,10.790166081288719,-116381.79187837562,39649.297495737104
71,45.64699764709816,11.849799947787423,-108966.06511212135,38917.1083511869
71,45.52701442822504,11.911273540095381,-108845.5121269862,26925.904117727936
71,37.5,12.5,-94768.8272747145,-14203.779604504516
71,46.95549384480135,12.574461541413786,-4455.306089184981,-23035.53404808781
71,41.75358791111048,11.482553910450841,8245.67703578901,-30871.7420649834
71,46.38442907098337,10.58962737182797,16844.284902544052,-35125.94019538381
71,45.682122497074985,8.938555255706888,41584.72915520619,-36057.05306725761
71,38.91218111385291,13.89683815142221,45529.54178032713,-39122.158099683285
71,42.93416516253188,12.311127028575616,60823.13957212937,-43867.74883023811
71,44.77269714279732,12.018391377390879,86492.55982382329,-45459.78577680693
71,45.27368839270389,12.39087883075533,87623.4206787069,-51835.14595377556
71,45.03036257114011,10.81799840541274,88148.43188876437,-53298.81470366814
71,47.509746399001266,10.169772899154324,96415.10108855355,-57748.59821810898
71,42.27276318404648,10.536239591911901,100074.62114260125,-60296.62225980245
71,41.554760393762905,12.155198019240206,119863.53802959216,-66255.99481818557
71,40.989306510831916,11.154607150675172,129641.76317201322,-69820.06525426387
72,49.08174175636776,12.959719023755884,-146060.87757518367,75131.22112112361
72,35.90070832308663,13.487615019789951,-140389.2965933184,58369.30531142534
72,41.848640316759244,11.736296764420322,-134604.57328166542,55424.64255121433
72,47.16251635653567,11.309098309334836,-129487.10021959487,45221.8137038558
72,37.85750074410149,10.790166081288719,-116381.79187837562,39649.297495737104
72,45.64699764709816,11.849799947787423,-108966.06511212135,38917.1083511869
72,45.52701442822504,11.911273540095381,-108845.5121269862,26925.904117727936
72,37.5,12.5,-94768.8272747145,-14203.779604504516
72,46.95549384480135,12.574461541413786,-4455.306089184981,-23035.53404808781
72,41.75358791111048,11.482553910450841,8245.67703578901,-30871.7420649834
72,46.38442907098337,10.58962737182797,16844.284902544052,-35125.94019538381
72,45.682122497074985,8.938555255706888,41584.72915520619,-36057.05306725761
72,38.91218111385291,13.89683815142221,45529.54178032713,-39122.158099683285
72,42.93416516253188,12.311127028575616,60823.13957212937,-43867.74883023811
72,44.77269714279732,12.018391377390879,86492.55982382329,-45459.78577680693
72,45.27368839270389,12.39087883075533,87623.4206787069,-51835.14595377556
72,45.03036257114011,10.81799840541274,88148.43188876437,-53298.81470366814
72,47.509746399001266,10.169772899154324,96415.10108855355,-57748.59821810898
72,42.27276318404648,10.536239591911901,100074.62114260125,-60296.62225980245
72,41.554760393762905,12.155198019240206,119863.53802959216,-66255.99481818557
72,40.989306510831916,11.154607150675172,129641.76317201322,-69820.06525426387
73,49.08174175636776,12.959719023755884,-146060.87757518367,75131.22112112361
73,35.90070832308663,13.487615019789951,-140389.2965933184,58369.30531142534
73,41.848640316759244,11.736296764420322,-134604.57328166542,55424.64255121433
73,47.16251635653567,11.309098309334836,-129487.10021959487,45221.8137038558
73,37.85750074410149,10.790166081288719,-116381.79187837562,39649.297495737104
73,45.64699764709816,11.849799947787423,-108966.06511212135,38917.1083511869
73,45.52701442822504,11.911273540095381,-108845.5121269862,26925.904117727936
73,37.5,12.5,-94768.8272747145,-14203.779604504516
73,46.95549384480135,12.574461541413786,-4455.306089184981,-23035.53404808781
73,41.75358791111048,11.482553910450841,8245.67703578901,-30871.7420649834
73,46.38442907098337,10.58962737182797,16844.284902544052,-35125.94019538381
73,45.682122497074985,8.938555255706888,41584.72915520619,-36057.05306725761
73,38.91218111385291,13.89683815142221,45529.54178032713,-39122.158099683285
73,42.93416516253188,12.311127028575616,60823.13957212937,-43867.74883023811
73,47.35539060676612,10.077881947596484,70503.94380111361,-56332.92566020655
73,47.509746399001266,10.169772899154324,96415.10108855355,-57748.59821810898
73,42.27276318404648,10.536239591911901,100074.62114260125,-60296.62225980245
73,41.554760393762905,12.155198019240206,119863.53802959216,-66255.99481818557
73,40.989306510831916,11.154607150675172,129641.76317201322,-69820.06525426387
74,49.08174175636776,12.959719023755884,-146060.87757518367,75131.22112112361
74,35.90070832308663,13.487615019789951,-140389.2965933184,58369.30531142534
74,41.848640316759244,11.736296764420322,-134604.57328166542,55424.64255121433
74,47.16251635653567,11.309098309334836,-129487.10021959487,45221.8137038558
74,37.85750074410149,10.790166081288719,-116381.79187837562,39649.297495737104
74,45.64699764709816,11.849799947787423,-108966.06511212135,38917.1083511869
74,45.52701442822504,11.911273540095381,-108845.5121269862,26925.904117727936
74,37.5,12.5,-94768.8272747145,-14203.779604504516
74,46.95549384480135,12.574461541413786,-4455.306089184981,-23035.53404808781
74,41.75358791111048,11.482553910450841,8245.67703578901,-30871.7420649834
74,46.38442907098337,10.58962737182797,16844.284902544052,-35125.94019538381
74,45.682122497074985,8.938555255706888,41584.72915520619,-36057.05306725761
74,38.91218111385291,13.89683815142221,45529.54178032713,-39122.158099683285
74,42.93416516253188,12.311127028575616,60823.13957212937,-43867.74883023811
74,47.35539060676612,10.077881947596484,70503.94380111361,-56332.92566020655
74,47.509746399001266,10.169772899154324,96415.10108855355,-57748.59821810898
74,42.27276318404648,10.536239591911901,100074.62114260125,-60296.62225980245
74,41.554760393762905,12.155198019240206,119863.53802959216,-66255.99481818557
74,40.989306510831916,11.154607150675172,129641.76317201322,-69820.06525426387
75,49.08174175636776,12.959719023755884,-146060.87757518367,75131.22112112361
75,35.90070832308663,13.487615019789951,-140389.2965933184,58369.30531142534
75,41.848640316759244,11.736296764420322,-134604.57328166542,55424.64255121433
75,47.16251635653567,11.309098309334836,-129487.10021959487,45221.8137038558
75,37.85750074410149,10.790166081288719,-116381.79187837562,39649.297495737104
75,45.64699764709816,11.849799947787423,-108966.06511212135,38917.1083511869
75,45.52701442822504,11.911273540095381,-108845.5121269862,26925.904117727936
75,37.5,12.5,-94768.8272747145,-14203.779604504516
75,46.95549384480135,12.574461541413786,-4455.306089184981,-23035.53404808781
75,41.75358791111048,11.482553910450841,8245.67703578901,-30871.7420649834
75,46.38442907098337,10.58962737182797,16844.284902544052,-35125.94019538381
75,45.682122497074985,8.938555255706888,41584.72915520619,-36057.05306725761
75,38.91218111385291,13.89683815142221,45529.54178032713,-39122.158099683285
75,42.93416516253188,12.311127028575616,60823.13957212937,-43867.74883023811
75,47.35539060676612,10.077881947596484,70503.94380111361,-56332.92566020655
75,47.509746399001266,10.169772899154324,96415.10108855355,-57748.59821810898
75,42.27276318404648,10.536239591911901,100074.62114260125,-60296.62225980245
75,41.554760393762905,12.155198019240206,119863.53802959216,-66255.99481818557
75,40.989306510831916,11.154607150675172,129641.76317201322,-69820.06525426387
76,49.08174175636776,12.959719023755884,-146060.87757518367,75131.22112112361
76,35.90070832308663,13.487615019789951,-140389.2965933184,58369.30531142534
76,41.848640316759244,11.736296764420322,-134604.57328166542,55424.64255121433
76,47.16251635653567,11.309098309334836,-129487.10021959487,45221.8137038558
76,37.85750074410149,10.790166081288719,-116381.79187837562,39649.297495737104
76,45.64699764709816,11.849799947787423,-108966.06511212135,38917.1083511869
76,45.52701442822504,11.911273540095381,-108845.5121269862,26925.904117727936
76,37.5,12.5,-94768.8272747145,-14203.779604504516
76,46.95549384480135,12.574461541413786,-4455.306089184981,-23035.53404808781
76,41.75358791111048,11.482553910450841,8245.67703578901,-30871.7420649834
76,46.38442907098337,10.58962737182797,16844.284902544052,-35125.94019538381
76,45.682122497074985,8.938555255706888,41584.72915520619,-36057.05306725761
76,38.91218111385291,13.89683815142221,45529.54178032713,-39122.158099683285
76,42.93416516253188,12.311127028575616,60823.13957212937,-43867.74883023811
76,47.35539060676612,10.077881947596484,70503.94380111361,-56332.92566020655
76,47.509746399001266,10.169772899154324,96415.10108855355,-57748.59821810898
76,42.27276318404648,10.536239591911901,100074.62114260125,-60296.62225980245
76,41.554760393762905,12.155198019240206,119863.53802959216,-66255.99481818557
76,40.989306510831916,11.154607150675172,129641.76317201322,-69820.06525426387
76,48.74929540283682,11.917361836096344,176293.9509934419,-73911.37510434266
77,49.08174175636776,12.959719023755884,-146060.87757518367,75131.22112112361
77,35.90070832308663,13.487615019789951,-140389.2965933184,58369.30531142534
77,41.848640316759244,11.736296764420322,-134604.57328166542,55424.64255121433
77,47.16251635653567,11.309098309334836,-129487.10021959487,45221.8137038558
77,37.85750074410149,10.790166081288719,-116381.79187837562,39649.297495737104
77,45.64699764709816,11.849799947787423,-108966.06511212135,38917.1083511869
77,45.52701442822504,11.911273540095381,-108845.5121269862,26925.904117727936
77,37.5,12.5,-94768.8272747145,-14203.779604504516
77,46.95549384480135,12.574461541413786,-4455.306089184981,-23035.53404808781
77,41.75358791111048,11.482553910450841,8245.67703578901,-30871.7420649834
77,46.38442907098337,10.58962737182797,16844.284902544052,-35125.94019538381
77,45.682122497074985,8.938555255706888,41584.72915520619,-36057.05306725761
77,38.91218111385291,13.89683815142221,45529.54178032713,-39122.158099683285
77,42.93416516253188,12.311127028575616,60823.13957212937,-43867.74883023811
77,47.35539060676612,10.077881947596484,70503.94380111361,-56332.92566020655
77,47.509746399001266,10.169772899154324,96415.10108855355,-57748.59821810898
77,42.27276318404648,10.536239591911901,100074.62114260125,-60296.62225980245
77,41.554760393762905,12.155198019240206,119863.53802959216,-66255.99481818557
77,40.989306510831916,11.154607150675172,129641.76317201322,-69820.06525426387
77,48.74929540283682,11.917361836096344,176293.9509934419,-73911.37510434266
78,49.08174175636776,12.959719023755884,-146060.87757518367,75131.22112112361
78,35.90070832308663,13.487615019789951,-140389.2965933184,58369.30531142534
78,41.848640316759244,11.736296764420322,-134604.57328166542,55424.64255121433
78,47.16251635653567,11.309098309334836,-129487.10021959487,45221.8137038558
78,37.85750074410149,10.790166081288719,-116381.79187837562,39649.297495737104
78,45.64699764709816,11.849799947787423,-108966.06511212135,38917.1083511869
78,45.52701442822504,11.911273540095381,-108845.5121269862,26925.904117727936
78,37.5,12.5,-94768.8272747145,-14203.779604504516
78,46.95549384480135,12.574461541413786,-4455.306089184981,-23035.53404808781
78,41.75358791111048,11.482553910450841,8245.67703578901,-30871.7420649834
78,46.38442907098337,10.58962737182797,16844.284902544052,-35125.94019538381
78,45.682122497074985,8.938555255706888,41584.72915520619,-36057.05306725761
78,38.91218111385291,13.89683815142221,45529.54178032713,-39122.158099683285
78,42.93416516253188,12.311127028575616,60823.13957212937,-43867.74883023811
78,47.35539060676612,10.077881947596484,70503.94380111361,-56332.92566020655
78,47.509746399001266,10.169772899154324,96415.10108855355,-57748.59821810898
78,42.27276318404648,10.536239591911901,100074.62114260125,-60296.62225980245
78,41.554760393762905,12.155198019240206,119863.53802959216,-66255.99481818557
78,40.989306510831916,11.154607150675172,129641.76317201322,-69820.06525426387
78,48.74929540283682,11.917361836096344,176293.9509934419,-73911.37510434266
79,49.08174175636776,12.959719023755884,-146060.87757518367,75131.22112112361
79,35.90070832308663,13.487615019789951,-140389.2965933184,58369.30531142534
79,41.848640316759244,11.736296764420322,-134604.57328166542,55424.64255121433
79,47.16251635653567,11.309098309334836,-129487.10021959487,45221.8137038558
79,37.85750074410149,10.790166081288719,-116381.79187837562,39649.297495737104
79,45.64699764709816,11.849799947787423,-108966.06511212135,38917.1083511869
79,45.52701442822504,11.911273540095381,-108845.5121269862,26925.904117727936
79,37.5,12.5,-94768.8272747145,-14203.779604504516
79,46.95549384480135,12.574461541413786,-4455.306089184981,-23035.53404808781
79,41.75358791111048,11.482553910450841,8245.67703578901,-30871.7420649834
79,46.38442907098337,10.58962737182797,16844.284902544052,-35125.94019538381
79,45.682122497074985,8.938555255706888,41584.72915520619,-36057.05306725761
79,38.91218111385291,13.89683815142221,45529.54178032713,-39122.158099683285
79,42.93416516253188,12.311127028575616,60823.13957212937,-43867.74883023811
79,47.35539060676612,10.077881947596484,70503.94380111361,-56332.92566020655
79,47.509746399001266,10.169772899154324,96415.10108855355,-57748.59821810898
79,42.27276318404648,10.536239591911901,100074.62114260125,-60296.62225980245
79,41.554760393762905,12.155198019240206,119863.53802959216,-66255.99481818557
79,40.989306510831916,11.154607150675172,129641.76317201322,-69820.06525426387
79,48.74929540283682,11.917361836096344,176293.9509934419,-73911.37510434266
80,49.08174175636776,12.959719023755884,-146060.87757518367,75131.22112112361
80,35.90070832308663,13.487615019789951,-140389.2965933184,58369.30531142534
80,41.848640316759244,11.736296764420322,-134604.57328166542,55424.64255121433
80,47.16251635653567,11.309098309334836,-129487.10021959487,45221.8137038558
80,37.85750074410149,10.790166081288719,-116381.79187837562,39649.297495737104
80,45.64699764709816,11.849799947787423,-108966.06511212135,38917.1083511869
80,45.52701442822504,11.911273540095381,-108845.5121269862,26925.904117727936
80,37.5,12.5,-94768.8272747145,-14203.779604504516
80,46.95549384480135,12.574461541413786,-4455.306089184981,-23035.53404808781
80,41.75358791111048,11.482553910450841,8245.67703578901,-30871.7420649834
80,46.38442907098337,10.58962737182797,16844.284902544052,-35125.94019538381
80,45.682122497074985,8.938555255706888,41584.72915520619,-36057.05306725761
80,38.91218111385291,13.89683815142221,45529.54178032713,-39122.158099683285
80,42.93416516253188,12.311127028575616,60823.13957212937,-43867.74883023811
80,47.35539060676612,10.077881947596484,70503.94380111361,-56332.92566020655
80,47.509746399001266,10.169772899154324,96415.10108855355,-57748.59821810898
80,42.27276318404648,10.536239591911901,100074.62114260125,-60296.62225980245
80,41.554760393762905,12.155198019240206,119863.53802959216,-66255.99481818557
80,40.989306510831916,11.154607150675172,129641.76317201322,-69820.06525426387
80,48.74929540283682,11.917361836096344,176293.9509934419,-73911.37510434266
81,49.08174175636776,12.959719023755884,-146060.87757518367,75131.22112112361
81,35.90070832308663,13.487615019789951,-140389.2965933184,58369.30531142534
81,41.848640316759244,11.736296764420322,-134604.57328166542,55424.64255121433
81,47.16251635653567,11.309098309334836,-129487.10021959487,45221.8137038558
81,37.85750074410149,10.790166081288719,-116381.79187837562,39649.297495737104
81,45.64699764709816,11.849799947787423,-108966.06511212135,38917.1083511869
81,45.52701442822504,11.911273540095381,-108845.5121269862,26925.904117727936
81,37.5,12.5,-94768.8272747145,-14203.779604504516
81,46.95549384480135,12.574461541413786,-4455.306089184981,-23035.53404808781
81,41.75358791111048,11.482553910450841,8245.67703578901,-30871.7420649834
81,46.38442907098337,10.58962737182797,16844.284902544052,-35125.94019538381
81,45.682122497074985,8.938555255706888,41584.72915520619,-36057.05306725761
81,38.91218111385291,13.89683815142221,45529.54178032713,-39122.158099683285
81,42.93416516253188,12.311127028575616,60823.13957212937,-43867.74883023811
81,47.35539060676612,10.077881947596484,70503.94380111361,-56332.92566020655
81,47.509746399001266,10.169772899154324,96415.10108855355,-57748.59821810898
81,42.27276318404648,10.536239591911901,100074.62114260125,-60296.62225980245
81,41.554760393762905,12.155198019240206,119863.53802959216,-66255.99481818557
81,40.989306510831916,11.154607150675172,129641.76317201322,-69820.06525426387
81,48.74929540283682,11.917361836096344,176293.9509934419,-73911.37510434266
82,49.08174175636776,12.959719023755884,-146060.87757518367,75131.22112112361
82,35.90070832308663,13.487615019789951,-140389.2965933184,58369.30531142534
82,41.848640316759244,11.736296764420322,-134604.57328166542,55424.64255121433
82,47.16251635653567,11.309098309334836,-129487.10021959487,45221.8137038558
82,37.85750074410149,10.790166081288719,-116381.79187837562,39649.297495737104
82,45.64699764709816,11.849799947787423,-108966.06511212135,38917.1083511869
82,45.52701442822504,11.911273540095381,-108845.5121269862,26925.904117727936
82,37.5,12.5,-94768.8272747145,-14203.779604504516
82,46.95549384480135,12.574461541413786,-4455.306089184981,-23035.53404808781
82,41.75358791111048,11.482553910450841,8245.67703578901,-30871.7420649834
82,46.38442907098337,10.58962737182797,16844.284902544052,-35125.94019538381
82,45.682122497074985,8.938555255706888,41584.72915520619,-36057.05306725761
82,38.91218111385291,13.89683815142221,45529.54178032713,-39122.158099683285
82,42.93416516253188,12.311127028575616,60823.13957212937,-43867.74883023811
82,47.35539060676612,10.077881947596484,70503.94380111361,-56332.92566020655
82,47.509746399001266,10.169772899154324,96415.10108855355,-57748.59821810898
82,42.27276318404648,10.536239591911901,100074.62114260125,-60296.62225980245
82,41.554760393762905,12.155198019240206,119863.53802959216,-66255.99481818557
82,40.989306510831916,11.154607150675172,129641.76317201322,-69820.06525426387
82,48.74929540283682,11.917361836096344,176293.9509934419,-73911.37510434266
83,49.08174175636776,12.959719023755884,-146060.87757518367,75131.22112112361
83,35.90070832308663,13.487615019789951,-140389.2965933184,58369.30531142534
83,41.848640316759244,11.736296764420322,-134604.57328166542,55424.64255121433
83,47.16251635653567,11.309098309334836,-129487.10021959487,45221.8137038558
83,37.85750074410149,10.790166081288719,-116381.79187837562,39649.297495737104
83,45.64699764709816,11.849799947787423,-108966.06511212135,38917.1083511869
83,45.52701442822504,11.911273540095381,-108845.5121269862,26925.904117727936
83,37.5,12.5,-94768.8272747145,-14203.779604504516
83,46.95549384480135,12.574461541413786,-4455.306089184981,-23035.53404808781
83,41.75358791111048,11.482553910450841,8245.67703578901,-30871.7420649834
83,46.38442907098337,10.58962737182797,16844.284902544052,-35125.94019538381
83,45.682122497074985,8.938555255706888,41584.72915520619,-36057.05306725761
83,38.91218111385291,13.89683815142221,45529.54178032713,-39122.158099683285
83,42.93416516253188,12.311127028575616,60823.13957212937,-43867.74883023811
83,47.35539060676612,10.077881947596484,70503.94380111361,-56332.92566020655
83,47.509746399001266,10.169772899154324,96415.10108855355,-57748.59821810898
83,42.27276318404648,10.536239591911901,100074.62114260125,-60296.62225980245
83,41.554760393762905,12.155198019240206,119863.53802959216,-66255.99481818557
83,40.989306510831916,11.154607150675172,129641.76317201322,-69820.06525426387
83,48.74929540283682,11.917361836096344,176293.9509934419,-73911.37510434266
84,49.08174175636776,12.959719023755884,-146060.87757518367,75131.22112112361
84,35.90070832308663,13.487615019789951,-140389.2965933184,58369.30531142534
84,41.848640316759244,11.736296764420322,-134604.57328166542,55424.64255121433
84,47.16251635653567,11.309098309334836,-129487.10021959487,45221.8137038558
84,37.85750074410149,10.790166081288719,-116381.79187837562,39649.297495737104
84,45.64699764709816,11.849799947787423,-108966.06511212135,38917.1083511869
84,45.52701442822504,11.911273540095381,-108845.5121269862,26925.904117727936
84,37.5,12.5,-94768.8272747145,-14203.779604504516
84,46.95549384480135,12.574461541413786,-4455.306089184981,-23035.53404808781
84,41.75358791111048,11.482553910450841,8245.67703578901,-30871.7420649834
84,46.38442907098337,10.58962737182797,16844.284902544052,-35125.94019538381
84,45.682122497074985,8.938555255706888,41584.72915520619,-36057.05306725761
84,38.91218111385291,13.89683815142221,45529.54178032713,-39122.158099683285
84,42.93416516253188,12.311127028575616,60823.13957212937,-43867.74883023811
84,47.35539060676612,10.077881947596484,70503.94380111361,-56332.92566020655
84,47.509746399001266,10.169772899154324,96415.10108855355,-57748.59821810898
84,42.27276318404648,10.536239591911901,100074.62114260125,-60296.62225980245
84,41.554760393762905,12.155198019240206,119863.53802959216,-66255.99481818557
84,40.989306510831916,11.154607150675172,129641.76317201322,-69820.06525426387
84,48.74929540283682,11.917361836096344,176293.9509934419,-73911.37510434266
85,49.08174175636776,12.959719023755884,-146060.87757518367,75131.22112112361
85,35.90070832308663,13.487615019789951,-140389.2965933184,58369.30531142534
85,41.848640316759244,11.736296764420322,-134604.57328166542,55424.64255121433
85,47.16251635653567,11.309098309334836,-129487.10021959487,45221.8137038558
85,37.85750074410149,10.790166081288719,-116381.79187837562,39649.297495737104
85,48.56569910783611,11.348583483174684,-113291.50021796042,21638.11992352156
85,37.5,12.5,-94768.8272747145,-14203.779604504516
85,46.95549384480135,12.574461541413786,-4455.306089184981,-23035.53404808781
85,41.75358791111048,11.482553910450841,8245.67703578901,-30871.7420649834
85,46.38442907098337,10.58962737182797,16844.284902544052,-35125.94019538381
85,45.682122497074985,8.938555255706888,41584.72915520619,-36057.05306725761
85,38.91218111385291,13.89683815142221,45529.54178032713,-39122.158099683285
85,42.93416516253188,12.311127028575616,60823.13957212937,-43867.74883023811
85,47.35539060676612,10.077881947596484,70503.94380111361,-56332.92566020655
85,47.509746399001266,10.169772899154324,96415.10108855355,-57748.59821810898
85,42.27276318404648,10.536239591911901,100074.62114260125,-60296.62225980245
85,41.554760393762905,12.155198019240206,119863.53802959216,-66255.99481818557
85,40.989306510831916,11.154607150675172,129641.76317201322,-69820.06525426387
85,48.74929540283682,11.917361836096344,176293.9509934419,-73911.37510434266
86,49.08174175636776,12.959719023755884,-146060.87757518367,75131.22112112361
86,35.90070832308663,13.487615019789951,-140389.2965933184,58369.30531142534
86,41.848640316759244,11.736296764420322,-134604.57328166542,55424.64255121433
86,47.16251635653567,11.309098309334836,-129487.10021959487,45221.8137038558
86,37.85750074410149,10.790166081288719,-116381.79187837562,39649.297495737104
86,48.56569910783611,11.348583483174684,-113291.50021796042,21638.11992352156
86,37.5,12.5,-94768.8272747145,-14203.779604504516
86,46.95549384480135,12.574461541413786,-4455.306089184981,-23035.53404808781
86,41.75358791111048,11.482553910450841,8245.67703578901,-30871.7420649834
86,46.38442907098337,10.58962737182797,16844.284902544052,-35125.94019538381
86,45.682122497074985,8.938555255706888,41584.72915520619,-36057.05306725761
86,38.91218111385291,13.89683815142221,45529.54178032713,-39122.158099683285
86,42.93416516253188,12.311127028575616,60823.13957212937,-43867.74883023811
86,47.35539060676612,10.077881947596484,70503.94380111361,-56332.92566020655
86,47.509746399001266,10.169772899154324,96415.10108855355,-57748.59821810898
86,42.27276318404648,10.536239591911901,100074.62114260125,-60296.62225980245
86,41.554760393762905,12.155198019240206,119863.53802959216,-66255.99481818557
86,40.989306510831916,11.154607150675172,129641.76317201322,-69820.06525426387
86,48.74929540283682,11.917361836096344,176293.9509934419,-73911.37510434266
87,49.08174175636776,12.959719023755884,-146060.87757518367,75131.22112112361
87,35.90070832308663,13.487615019789951,-140389.2965933184,58369.30531142534
87,41.848640316759244,11.736296764420322,-134604.57328166542,55424.64255121433
87,47.16251635653567,11.309098309334836,-129487.10021959487,45221.8137038558
87,37.85750074410149,10.790166081288719,-116381.79187837562,39649.297495737104
87,48.56569910783611,11.348583483174684,-113291.50021796042,21638.11992352156
87,37.5,12.5,-94768.8272747145,-14203.779604504516
87,46.95549384480135,12.574461541413786,-4455.306089184981,-23035.53404808781
87,41.75358791111048,11.482553910450841,8245.67703578901,-30871.7420649834
87,46.38442907098337,10.58962737182797,16844.284902544052,-35125.94019538381
87,45.682122497074985,8.938555255706888,41584.72915520619,-36057.05306725761
87,38.91218111385291,13.89683815142221,45529.54178032713,-39122.158099683285
87,42.93416516253188,12.311127028575616,60823.13957212937,-43867.74883023811
87,47.35539060676612,10.077881947596484,70503.94380111361,-56332.92566020655
87,47.509746399001266,10.169772899154324,96415.10108855355,-57748.59821810898
87,42.27276318404648,10.536239591911901,100074.62114260125,-60296.62225980245
87,41.554760393762905,12.155198019240206,119863.53802959216,-66255.99481818557
87,40.989306510831916,11.154607150675172,129641.76317201322,-69820.06525426387
87,48.74929540283682,11.917361836096344,176293.9509934419,-73911.37510434266
88,49.08174175636776,12.959719023755884,-146060.87757518367,75131.22112112361
88,35.90070832308663,13.487615019789951,-140389.2965933184,58369.30531142534
88,41.848640316759244,11.736296764420322,-134604.57328166542,55424.64255121433
88,47.16251635653567,11.309098309334836,-129487.10021959487,45221.8137038558
88,37.85750074410149,10.790166081288719,-116381.79187837562,39649.297495737104
88,48.56569910783611,11.348583483174684,-113291.50021796042,21638.11992352156
88,37.5,12.5,-94768.8272747145,-14203.779604504516
88,46.95549384480135,12.574461541413786,-4455.306089184981,-23035.53404808781
88,41.75358791111048,11.482553910450841,8245.67703578901,-30871.7420649834
88,46.38442907098337,10.58962737182797,16844.284902544052,-35125.94019538381
88,45.682122497074985,8.938555255706888,41584.72915520619,-36057.05306725761
88,38.91218111385291,13.89683815142221,45529.54178032713,-39122.158099683285
88,42.93416516253188,12.311127028575616,60823.13957212937,-43867.74883023811
88,47.35539060676612,10.077881947596484,70503.94380111361,-56332.92566020655
88,47.509746399001266,10.169772899154324,96415.10108855355,-57748.59821810898
88,42.27276318404648,10.536239591911901,100074.62114260125,-60296.62225980245
88,41.554760393762905,12.155198019240206,119863.53802959216,-66255.99481818557
88,40.989306510831916,11.154607150675172,129641.76317201322,-69820.06525426387
88,48.74929540283682,11.917361836096344,176293.9509934419,-73911.37510434266
89,49.08174175636776,12.959719023755884,-146060.87757518367,75131.22112112361
89,35.90070832308663,13.487615019789951,-140389.2965933184,58369.30531142534
89,41.848640316759244,11.736296764420322,-134604.57328166542,55424.64255121433
89,47.16251635653567,11.309098309334836,-129487.10021959487,45221.8137038558
89,37.85750074410149,10.790166081288719,-116381.79187837562,39649.297495737104
89,48.56569910783611,11.348583483174684,-113291.50021796042,21638.11992352156
89,37.5,12.5,-94768.8272747145,-14203.779604504516
89,46.95549384480135,12.574461541413786,-4455.306089184981,-23035.53404808781
89,41.75358791111048,11.482553910450841,8245.67703578901,-30871.7420649834
89,46.38442907098337,10.58962737182797,16844.284902544052,-35125.94019538381
89,45.682122497074985,8.938555255706888,41584.72915520619,-36057.05306725761
89,38.91218111385291,13.89683815142221,45529.54178032713,-39122.158099683285
89,42.93416516253188,12.311127028575616,60823.13957212937,-43867.74883023811
89,47.35539060676612,10.077881947596484,70503.94380111361,-56332.92566020655
89,47.509746399001266,10.169772899154324,96415.10108855355,-57748.59821810898
89,42.27276318404648,10.536239591911901,100074.62114260125,-60296.62225980245
89,41.554760393762905,12.155198019240206,119863.53802959216,-66255.99481818557
89,40.989306510831916,11.154607150675172,129641.76317201322,-69820.06525426387
89,48.74929540283682,11.917361836096344,176293.9509934419,-73911.37510434266
90,49.08174175636776,12.959719023755884,-146060.87757518367,75131.22112112361
90,35.90070832308663,13.487615019789951,-140389.2965933184,58369.30531142534
90,41.848640316759244,11.736296764420322,-134604.57328166542,55424.64255121433
90,47.16251635653567,11.309098309334836,-129487.10021959487,45221.8137038558
90,37.85750074410149,10.790166081288719,-116381.79187837562,39649.297495737104
90,48.56569910783611,11.348583483174684,-113291.50021796042,21638.11992352156
90,37.5,12.5,-94768.8272747145,-14203.779604504516
90,46.95549384480135,12.574461541413786,-4455.306089184981,-23035.53404808781
90,41.75358791111048,11.482553910450841,8245.67703578901,-30871.7420649834
90,46.38442907098337,10.58962737182797,16844.284902544052,-35125.94019538381
90,45.682122497074985,8.938555255706888,41584.72915520619,-36057.05306725761
90,38.91218111385291,13.89683815142221,45529.54178032713,-39122.158099683285
90,42.93416516253188,12.311127028575616,60823.13957212937,-43867.74883023811
90,47.35539060676612,10.077881947596484,70503.94380111361,-56332.92566020655
90,47.509746399001266,10.169772899154324,96415.10108855355,-57748.59821810898
90,42.27276318404648,10.536239591911901,100074.62114260125,-60296.62225980245
90,41.554760393762905,12.155198019240206,119863.53802959216,-66255.99481818557
90,40.989306510831916,11.154607150675172,129641.76317201322,-69820.06525426387
90,48.74929540283682,11.917361836096344,176293.9509934419,-73911.37510434266
91,49.08174175636776,12.959719023755884,-146060.87757518367,75131.22112112361
91,35.90070832308663,13.487615019789951,-140389.2965933184,58369.30531142534
91,41.848640316759244,11.736296764420322,-134604.57328166542,55424.64255121433
91,47.16251635653567,11.309098309334836,-129487.10021959487,45221.8137038558
91,37.85750074410149,10.790166081288719,-116381.79187837562,39649.297495737104
91,48.56569910783611,11.348583483174684,-113291.50021796042,21638.11992352156
91,37.5,12.5,-94768.8272747145,-14203.779604504516
91,46.95549384480135,12.574461541413786,-4455.306089184981,-23035.53404808781
91,41.75358791111048,11.482553910450841,8245.67703578901,-30871.7420649834
91,46.38442907098337,10.58962737182797,16844.284902544052,-35125.94019538381
91,45.682122497074985,8.938555255706888,41584.72915520619,-36057.05306725761
91,38.91218111385291,13.89683815142221,45529.54178032713,-39122.158099683285
91,42.93416516253188,12.311127028575616,60823.13957212937,-43867.74883023811
91,47.35539060676612,10.077881947596484,70503.94380111361,-56332.92566020655
91,47.509746399001266,10.169772899154324,96415.10108855355,-57748.59821810898
91,42.27276318404648,10.536239591911901,100074.62114260125,-60296.62225980245
91,45.968733546053926,13.751738336394471,110524.44002705654,-60903.40543147442
91,41.554760393762905,12.155198019240206,119863.53802959216,-66255.99481818557
91,40.989306510831916,11.154607150675172,129641.76317201322,-69820.06525426387
91,48.74929540283682,11.917361836096344,176293.9509934419,-73911.37510434266
92,49.08174175636776,12.959719023755884,-146060.87757518367,75131.22112112361
92,35.90070832308663,13.487615019789951,-140389.2965933184,58369.30531142534
92,41.848640316759244,11.736296764420322,-134604.57328166542,55424.64255121433
92,47.16251635653567,11.309098309334836,-129487.10021959487,45221.8137038558
92,37.85750074410149,10.790166081288719,-116381.79187837562,39649.297495737104
92,47.79366744368485,11.448965625428501,-115651.34315457281,39647.951860700705
92,48.56569910783611,11.348583483174684,-113291.50021796042,21638.11992352156
92,37.5,12.5,-94768.8272747145,-14203.779604504516
92,46.95549384480135,12.574461541413786,-4455.306089184981,-23035.53404808781
92,41.75358791111048,11.482553910450841,8245.67703578901,-30871.7420649834
92,46.38442907098337,10.58962737182797,16844.284902544052,-35125.94019538381
92,45.682122497074985,8.938555255706888,41584.72915520619,-36057.05306725761
92,38.91218111385291,13.89683815142221,45529.54178032713,-39122.158099683285
92,42.93416516253188,12.311127028575616,60823.13957212937,-43867.74883023811
92,47.35539060676612,10.077881947596484,70503.94380111361,-56332.92566020655
92,47.509746399001266,10.169772899154324,96415.10108855355,-57748.59821810898
92,42.27276318404648,10.536239591911901,100074.62114260125,-60296.62225980245
92,45.968733546053926,13.751738336394471,110524.44002705654,-60903.40543147442
92,41.554760393762905,12.155198019240206,119863.53802959216,-66255.99481818557
92,40.989306510831916,11.154607150675172,129641.76317201322,-69820.06525426387
92,48.74929540283682,11.917361836096344,176293.9509934419,-73911.37510434266
93,49.08174175636776,12.959719023755884,-146060.87757518367,75131.22112112361
93,35.90070832308663,13.487615019789951,-140389.2965933184,58369.30531142534
93,41.848640316759244,11.736296764420322,-134604.57328166542,55424.64255121433
93,47.16251635653567,11.309098309334836,-129487.10021959487,45221.8137038558
93,37.85750074410149,10.790166081288719,-116381.79187837562,39649.297495737104
93,47.79366744368485,11.448965625428501,-115651.34315457281,39647.951860700705
93,48.56569910783611,11.348583483174684,-113291.50021796042,21638.11992352156
93,37.5,12.5,-94768.8272747145,-14203.779604504516
93,46.95549384480135,12.574461541413786,-4455.306089184981,-23035.53404808781
93,41.75358791111048,11.482553910450841,8245.67703578901,-30871.7420649834
93,46.38442907098337,10.58962737182797,16844.284902544052,-35125.94019538381
93,45.682122497074985,8.938555255706888,41584.72915520619,-36057.05306725761
93,38.91218111385291,13.89683815142221,45529.54178032713,-39122.158099683285
93,42.93416516253188,12.311127028575616,60823.13957212937,-43867.74883023811
93,47.35539060676612,10.077881947596484,70503.94380111361,-56332.92566020655
93,47.509746399001266,10.169772899154324,96415.10108855355,-57748.59821810898
93,42.27276318404648,10.536239591911901,100074.62114260125,-60296.62225980245
93,45.968733546053926,13.751738336394471,110524.44002705654,-60903.40543147442
93,41.554760393762905,12.155198019240206,119863.53802959216,-66255.99481818557
93,40.989306510831916,11.154607150675172,129641.76317201322,-69820.06525426387
93,48.74929540283682,11.917361836096344,176293.9509934419,-73911.37510434266
