iterID,x1,x2,ParetoFamily,Pareto_f1,Pareto_f2
1,37.57504313703956,12.456426906097814,0,-94923.16446873338,-14139.270791483195
1,37.619964280785354,12.422738452144893,0,-95021.72431893273,-14030.343949221948
1,37.679748434339096,12.394673277731842,0,-95137.34676823829,-13837.571154260331
1,37.7112847330863,12.368657910970283,0,-95207.95177065856,-13685.387149930935
1,37.71997447125577,12.370646434774958,0,-95219.27493828365,-13659.009645317994
1,37.73995868585238,12.332749069581881,0,-95282.75809242263,-13493.655453599906
1,37.779073543939816,12.33455969111524,49,-95339.7052589086,-13336.3847180646
1,37.80999230126372,12.342846382930073,49,-95378.47335857096,-13213.797631973048
1,37.827300145055446,12.298664878443399,49,-95443.09301389105,-13004.980405933118
1,37.84294283769107,12.287022102281487,49,-95476.51452969726,-12887.599068909341
1,37.87485981440328,12.29351604344344,49,-95517.96806390508,-12734.479422383818
1,37.8977870258194,12.24620185342576,49,-95593.2543086826,-12440.595382761854
1,37.92157511247557,12.257888134613957,102,-95617.92245921945,-12340.206535190431
1,37.94608941988026,12.23234025949423,102,-95676.17526449414,-12092.562413054628
1,37.93934012456487,12.212653012287063,75,-95683.54191473273,-12057.284461659849
1,37.972959837286375,12.22902146876987,75,-95718.26120720143,-11904.590350896746
1,37.97258615288288,12.187877317940792,75,-95753.68646473828,-11739.329906904703
1,37.9911965442198,12.17400843221954,75,-95792.84233126225,-11554.528903358423
1,38.021517382818125,12.18493253600543,102,-95827.24023622276,-11393.132891079393
1,38.044888106705315,12.16003900930641,102,-95882.68969564687,-11117.433433977425
1,38.04657797931525,12.144539390041063,102,-95898.62567589279,-11034.250095059677
1,38.07779938525385,12.155845390831582,102,-95933.67925221202,-10856.678099975376
1,38.0911253031013,12.126202455278838,102,-95978.57987054973,-10620.12009639846
1,38.111601066717505,12.127456267573402,38,-96006.7799905061,-10470.28293667152
1,38.113814829629774,12.070561451542407,38,-96059.32646163294,-10170.233716656705
1,38.13994142188936,12.088958844050396,38,-96080.61228327252,-10064.402583579395
1,38.164251613916846,12.093410057068947,38,-96111.28673408144,-9894.646640456675
1,38.15631157617803,12.038009425768236,16,-96148.00168478298,-9670.857132683916
1,38.18858557584656,12.055596321598957,16,-96178.49845193265,-9509.712491296847
1,38.198931317788656,12.006112453724013,16,-96235.87143452867,-9160.71457831085
1,38.23463324013123,12.047384412473395,16,-96250.48324498595,-9092.014288450748
1,38.25463589167851,12.033029688203934,16,-96290.94506688367,-8852.127859402455
1,38.252276467102384,11.966188496608094,16,-96345.27131640124,-8507.164559192315
1,38.26777954816253,11.973196219891067,84,-96360.92993171622,-8420.675957727562
1,38.314943818956706,11.9941154067426,84,-96408.63283241817,-8140.513405628633
1,38.31049986472488,11.941434076491111,84,-96447.7763981582,-7888.41021581371
1,38.3480439031566,11.960856307907745,84,-96483.11986283789,-7680.67957682116
1,38.35417096998421,11.930105307217032,84,-96517.99621165077,-7459.003079544771
1,38.36397089903025,11.901678878121452,84,-96555.89355131752,-7214.614856371034
1,38.35387319617187,11.838500440489973,226,-96596.00344099307,-6917.6020727746945
1,38.37414225819727,11.829080260929228,226,-96631.98135186554,-6695.243383639154
1,38.43066365133952,11.860383605099184,226,-96682.7535363874,-6415.926413337682
1,38.42538164298133,11.805266420671447,226,-96722.55310181143,-6131.440577669124
1,38.48793422645234,11.845719629414779,226,-96773.1887426931,-5847.284336878274
1,38.4914943812318,11.786591717921047,226,-96828.36840967777,-5475.061088436909
1,38.54156043826468,11.80754729219358,161,-96878.09438314708,-5177.316524757112
1,38.55493722013507,11.78187015945152,161,-96917.89157544708,-4919.468268899938
1,38.595510429294364,11.768444533019904,161,-96983.57526963804,-4503.939505970096
1,38.602200371288106,11.725929138031702,161,-97028.5264678487,-4207.413832530736
1,38.661637682560354,11.754507293717623,161,-97083.19569340773,-3873.562335823801
1,38.69095329946348,11.699267884500832,161,-97168.57155135051,-3331.48194720631
1,38.67356341910293,11.632595479452451,0,-97201.87824679553,-3094.594721321806
1,38.71868074797155,11.598759897155835,0,-97289.590405709,-2548.368608986799
1,38.76987643866757,11.629529494961737,38,-97330.53352868035,-2319.7857748884435
1,38.7836423626961,11.569351005592802,38,-97398.90101305215,-1885.2957738900714
1,38.82879604592443,11.535563953568323,38,-97485.5251021333,-1361.0982449782878
1,38.86375338469285,11.508554043441842,16,-97552.98023574796,-958.3192306616311
1,38.91103815703486,11.473165723275814,16,-97642.8218893001,-430.78919022981427
1,38.97671725127091,11.476939849023106,16,-97722.81891515056,17.445819140468302
1,39.04348421842838,11.437377132895609,116,-97839.34084980993,673.0024101861254
1,39.095365615067216,11.399605440462805,116,-97935.03596019199,1197.6344899435317
1,39.15625077166772,11.362021952620847,161,-98041.00415765247,1761.7884683231441
1,39.213920437388154,11.320223186629361,161,-98145.73277293937,2302.328152735112
1,39.29731780439648,11.259777075414048,161,-98295.85746098755,3045.707299045016
1,39.36147506097771,11.20974012788317,161,-98413.16567749906,3600.1806796091932
1,39.45917181344131,11.142465872646813,161,-98582.74339823463,4359.8775624360005
1,39.56059766337556,11.060898254900447,116,-98766.01633119132,5124.91863694159
1,39.6922367730302,10.965059817924354,116,-98992.29715418987,5989.99064630382
1,39.8167774989297,10.87438928284257,116,-99202.79204453055,6717.461240167634
1,39.910945187505995,10.7451486600952,116,-99407.59028115952,7353.842067294945
1,40.14842385809655,10.632937720501022,116,-99746.3767173948,8272.286896629159
1,40.34219247186415,10.502455680009493,161,-100044.41471672276,8945.545799777461
1,40.640536118695096,10.286217279402386,161,-100498.98251979088,9759.77713989887
1,40.8563665326916,10.050979073004228,161,-100874.59819932628,10262.203209010888
1,41.31017391984402,9.800866213124927,161,-101447.85331872082,10819.290700126321
1,41.698673417500345,9.411112578024552,75,-102030.5527403969,11164.100747347184
1,42.25523888869432,8.996347365587967,75,-102703.7066277535,11395.736401682396
1,43.657048079745394,7.95168736238197,75,-104109.52745087177,11568.076574944393
1,44.532582946667226,7.2366744061918915,1,-104821.36676724782,11587.473674285955
1,45.86798159864785,6.23557088368397,1,-105566.60343871488,11593.353751445184
1,41.028769503907725,0.0,294,-106164.12799198348,11594.18875471089
1,41.98246949103767,0.0,294,-106826.84890628674,11594.199937054082
1,44.13277069976788,0.0,294,-107767.64310460395,11594.21669022127
1,45.914274240140344,0.0,294,-108000.76451469229,11594.222355459819
2,37.881056066811915,12.318601845330459,8,26866.886559095776,-28745.72079123767
2,37.80045110048121,12.430250363129547,8,-3936.342718313859,-27270.940273218934
2,37.74230462483118,12.413756347221192,8,-16613.10370816959,-25888.669415208176
2,37.73547833498191,12.479593604959845,8,-27272.604366106294,-24758.8348536552
2,37.70763171919705,12.49465665046083,8,-36857.83595024262,-23524.88574646714
2,37.667729201814595,12.465388551710081,8,-43749.62239217936,-22505.157966071565
2,37.6447816975804,12.466625528350647,8,-50273.2362936265,-21547.24879853883
2,37.63485445955271,12.487444712611783,8,-55932.38855936378,-20743.38899950419
2,37.6191599713438,12.498207852703379,8,-61797.28290495106,-19851.1762839485
2,37.61134179899014,12.544302076759983,92,-70324.8131062954,-18551.14663473134
2,37.51162755685519,12.341075792600522,92,-69298.53709443849,-17677.425094190854
2,37.592144915844834,12.578148857779603,92,-80189.18743722752,-16927.13600672379
2,37.53888189518681,12.497161207389626,92,-83855.26314788948,-16153.68783198212
2,37.46797152682662,12.372919311140867,92,-85435.0062177235,-15114.210763827834
2,37.55499011383338,12.595315410280836,117,-92590.70868804072,-14781.143429323887
2,37.54513421150804,12.603475819970786,117,-96297.88505979118,-14119.939012420413
2,37.53987908469233,12.6111864903523,117,-98684.77109962529,-13688.773833233709
2,37.49473774461108,12.548061880333726,155,-102616.09889383934,-12901.907193447065
2,37.513424636150475,12.613628140361804,155,-106030.6097904498,-12343.002922916932
2,37.50236647293087,12.618355431440914,155,-109518.39390124285,-11691.596972970985
2,37.46198425758382,12.556798979722492,155,-112313.19324465841,-11083.227957712848
2,37.489942333619716,12.62602146476981,155,-113680.5431381777,-10904.144013998257
2,37.46344556769279,12.60490080689742,180,-117946.06095236166,-10074.42214620308
2,37.46538218884627,12.633788722718226,180,-120891.53594025379,-9514.19316586813
2,37.457402954872244,12.637050342893561,180,-123283.8190922988,-9045.746295346658
2,37.443684921713114,12.62773041946781,180,-125636.72996944483,-8578.533724514724
2,37.434567351181116,12.629290531831538,180,-128076.55248860276,-8092.411726809323
2,37.433426294840125,12.646727257474863,180,-130335.52288152304,-7643.460926515216
2,37.419721215934565,12.634901142018942,180,-132348.0035844809,-7233.389142124663
2,37.417300044392,12.65314316279519,180,-134960.0157072557,-6706.156114983583
2,37.407715173402636,12.647192878392751,180,-136603.97666623344,-6368.264494352108
2,37.40305813953731,12.65875587743063,180,-138963.02646709874,-5883.226026299619
2,37.39526512469844,12.659836076613384,180,-140911.57926285328,-5478.626496989678
2,37.39486246398635,12.670290225895469,180,-142105.79662009366,-5228.5230142197615
2,37.37333727907881,12.649638267008797,180,-144906.15565956614,-4635.364350579657
2,37.37505726072137,12.669667951737448,180,-146606.50297748955,-4281.043825650229
2,37.35804564454252,12.651039317651414,180,-148521.7636681235,-3864.5746153034397
2,37.36132083296738,12.67497105706146,180,-150244.15626231342,-3503.787258375978
2,37.356694925618434,12.674280490288773,22,-151205.6187420012,-3296.6268009687346
2,37.34901965566071,12.679696927658565,22,-153438.1619298838,-2813.158124823748
2,37.268300955677226,12.532883927116279,256,-154549.2575386316,-2146.1648007714
2,37.317310644958276,12.646145016517298,256,-156923.07759998157,-2022.493461919501
2,37.328287058643966,12.687620264968997,256,-158683.84789949443,-1661.6675994309853
2,37.324078601598075,12.689223525347757,256,-159727.44021633785,-1429.9438847152296
2,37.319505033654025,12.688164795937984,41,-160590.7784959598,-1237.4572198290925
2,37.31200032696155,12.693815188859261,41,-162682.3295297088,-768.8961010420671
2,37.229930790280534,12.546550642313244,92,-163788.52981160439,-84.09138331361828
2,37.297473080406526,12.699323005797227,92,-166157.0703773619,18.076100293552372
2,37.29133266693715,12.701647575710547,92,-167599.67119702202,347.96869669026364
2,37.28081284875716,12.691729923253305,92,-168803.9457346431,627.4887404037308
2,37.27914183602287,12.706256167506137,92,-170417.39326505747,997.8864750188927
2,37.27150357654139,12.709140408377861,92,-172151.3942592416,1401.6128982276405
2,37.26531066853529,12.711477406456535,92,-173539.4383723305,1726.9293297860722
2,37.194205588057976,12.572609267859065,92,-173312.09743131377,2058.097212668532
2,37.25318071115426,12.716051899910102,335,-176211.77779213022,2358.7828382593743
2,37.18849493424257,12.587349922619664,335,-175885.85202166755,2612.141245328837
2,37.231696585203636,12.698996858780728,335,-178739.22295480422,2972.3332915506644
2,37.23399029288316,12.709061982718184,156,-179163.55732437086,3068.4188615638695
2,37.23160446380825,12.724182575152984,156,-180812.88653637326,3464.6882119489815
2,37.22232992922617,12.727677117598782,156,-182730.62897350758,3932.7750489217046
2,37.21518609412588,12.730368447987104,156,-184183.0912844907,4290.253642660628
2,37.21128829084586,12.731837228866198,156,-184966.54145454173,4484.167499702579
2,37.2018877057702,12.735380209418363,156,-186829.72778085063,4948.502858695165
2,37.20114290753248,12.735660880285598,156,-186975.7493471719,4985.086773271763
2,37.18866966194158,12.740364844992971,256,-189386.64955593782,5593.3157584059045
2,37.132924046434994,12.632781045822627,256,-189456.99787632073,5857.059570997633
2,37.170405625643625,12.72241834555769,60,-191020.0863917058,6019.282703904207
2,37.173819957440216,12.745969128475268,60,-192171.5007257692,6306.235319957804
2,37.16598616883789,12.748926567660817,60,-193603.16698315713,6677.327537439436
2,37.15901413322819,12.748405221040723,60,-194643.20212245715,6949.113886901702
2,37.14529254148747,12.74268818689922,60,-196328.52548258984,7395.998691440765
2,37.145541819681874,12.756660956420642,60,-197218.63565878817,7629.448804569301
2,37.13843370863169,12.75935403951587,60,-198434.6794945858,7954.842591368199
2,37.13073417020477,12.762273207103414,60,-199728.07025381157,8303.980249573691
2,37.12297049041354,12.765219557295893,60,-201007.22681915574,8652.506876872178
2,37.112402901245744,12.7692348183418,60,-202708.1010299681,9121.185954792414
2,37.09904142648748,12.771224853181742,161,-204613.78871003463,9654.045650256005
2,37.09172004361882,12.777110846351563,161,-205903.29611724254,10019.217518471154
2,37.08038154660864,12.758833099723809,161,-206292.7062405247,10138.793326227486
2,37.06863115138447,12.762344589138003,106,-207959.7276365463,10619.936640248503
2,37.0715661966943,12.784809379133222,106,-208847.55318314268,10869.485268018063
2,37.05741644425567,12.78719890018716,106,-210660.4588309112,11405.494632346945
2,37.043276734184744,12.782311736964038,106,-212031.5907036183,11820.65241823249
2,37.06150116349678,12.847851506006622,106,-212917.9730609417,12149.285170346153
2,37.027343245906216,12.801792542484794,106,-214730.1499386383,12648.265169092767
2,37.00335568516694,12.774297732541351,106,-215875.73800705568,13034.600897481638
2,37.010071029339706,12.808461942353722,106,-216815.23557443012,13310.284908863678
2,37.01876507708633,13.217252226378347,434,-217193.29856427765,16822.67523462998
2,36.97480213098706,12.797897392417578,434,-219711.188637136,14276.26492771493
2,36.92217846003968,13.31288230416859,434,-219433.41442227302,19391.491129450842
2,36.936292703655,12.813560177660607,300,-223575.18250217786,15631.336022722178
2,36.939241804832854,12.83322445429545,300,-224057.27293558363,15796.68149703216
2,36.92274192743506,12.842515191402068,300,-225588.54983919507,16374.460744676384
2,36.89049054543256,12.848258373909605,300,-227915.79334489448,17307.74780152128
2,36.87117144293072,12.862893885334811,300,-229438.5796673404,17963.209010969626
2,36.84438506999221,12.840380620092509,335,-230263.89819713737,18371.371299213628
2,36.80166451143751,12.871793880363535,335,-232834.3293780313,19670.902308876848
2,36.79541053129781,12.881838494950285,335,-233239.12382994647,19901.072459320174
2,36.74460484377309,12.913750967348387,335,-235045.23092074788,21189.31853299909
3,35.489236442164454,12.962226232223301,9,414792.9397453755,-295369.8101229436
3,35.52449066164476,12.867619849863951,9,380618.9881448724,-290281.2902999121
3,35.57915381098111,12.796579160260055,9,348174.63714664005,-284313.9038933246
3,35.5562828421006,12.739211699729037,24,327806.0757377672,-280515.0228183148
3,35.58938851004085,12.684458852759803,24,300242.42928699875,-274813.14998297906
3,35.60248532897505,12.662798268107567,24,288756.6284288544,-272342.75409812515
3,35.60533601334485,12.589762183523312,40,256346.96152805147,-265266.69588467345
3,35.56995187558529,12.536453438499459,40,239979.63056434662,-261249.44986564515
3,35.555953679076566,12.515364150029354,40,233597.13068396877,-259508.00162328986
3,35.699653846259956,12.535773322077137,54,210476.5558026975,-254348.44211059724
3,35.62998661726489,12.447244103136642,54,187996.4036233301,-249378.35992218816
3,35.62926609855457,12.413546867460774,54,173412.04443050022,-245790.86824769367
3,35.73295604368431,12.444649343714259,54,158991.85923756709,-242374.12734730702
3,35.71808558660436,12.426093946180373,54,154887.4947457947,-241599.1065031917
3,35.785671938813806,12.424727158754285,18,133250.38242018962,-235655.56918778902
3,35.789963335939426,12.418327257384721,18,128852.31560390236,-234592.99830286446
3,35.781437162304584,12.366833167423257,24,108042.9142852567,-230169.53170431408
3,35.78542407812159,12.36023928168737,24,103722.91833702143,-229136.11016377344
3,35.79809539913027,12.339282420121002,24,89975.4588564683,-225850.9593127318
3,35.755990192152424,12.262346715251486,86,70859.78486437796,-221605.78728891013
3,35.66967803151863,12.18562542090376,86,67165.35021894576,-218982.7275895439
3,35.61904358587103,12.140617392137742,86,64860.755561434824,-216339.6804850851
3,35.924823923436655,12.347343368644784,9,46195.470593817096,-212497.37437025784
3,35.81178993005428,12.21461024032571,9,31632.812480123266,-212335.56727827812
3,35.745854060099425,12.144788495092474,103,26976.046950024338,-210333.1719512539
3,35.88971954987831,12.240777732145247,103,13229.735054521028,-207315.6107893968
3,35.926313344589985,12.265193667062224,103,9075.287575691003,-205320.61856223532
3,35.8712592045478,12.167102613559019,37,-9561.80880202031,-202641.74258293136
3,35.88179950720464,12.1633365848234,37,-15093.018826933498,-201329.19535397392
3,35.87982456549806,12.124189706609501,37,-29315.950738292133,-198121.17355271257
3,35.8948923591052,12.118921453072087,37,-37116.8619706786,-196325.6522826931
3,35.81339543228542,12.014630375482335,37,-43412.40088268342,-193421.80285691802
3,35.91034346429037,12.088413599350913,37,-54307.51934243107,-192423.89964501595
3,35.92306567847027,12.087943848457183,37,-59484.35585279504,-191244.90159065055
3,35.925171810667216,12.07041065307474,37,-66523.76849346129,-189673.83390343626
3,35.869343988899395,11.972236405111264,37,-77691.81140797853,-186015.3280264979
3,35.94431389995766,12.049123635393617,37,-81448.53173928306,-186348.3182522937
3,35.862672552345344,11.92632054082701,42,-89221.09570044739,-182582.3270669762
3,35.95647845702259,12.000846650889633,42,-102141.17943435139,-181743.15603977782
3,36.02622008114997,12.06598981971972,42,-109012.08349101317,-179754.1788947793
3,35.99993450040192,12.005464493707862,42,-118021.98071828319,-178367.35042966367
3,36.00173187253038,11.984369572740981,42,-125285.23928501202,-176826.28636191523
3,35.89251526967157,11.848646375195374,42,-121851.51820934853,-174481.75653024702
3,36.01751554579474,11.974860165247435,42,-134486.89631759175,-174881.77613626848
3,35.90462301943258,11.817132510352499,42,-134313.47648552773,-171335.38702144113
3,36.037735968759016,11.956232132360157,42,-148067.14540060167,-172045.80372288093
3,35.92124644214136,11.773865321418894,42,-150676.11905617113,-167138.2284144846
3,36.07036454901394,11.931447481624495,160,-168071.43338025035,-167951.03186973758
3,36.0762099258692,11.926611185309307,160,-171714.31684861338,-167216.69833952104
3,36.12429628762553,11.966064745212512,160,-180229.1008635162,-165065.54938132956
3,36.17117372079542,12.027185095646967,9,-181830.01911290744,-162927.0190376698
3,36.19045004365335,12.036523279096018,14,-187035.37565016956,-161203.8849637448
3,36.123391320060925,11.885676620316001,14,-200907.31657184655,-161465.940294474
3,36.10478876979029,11.832047972517147,14,-206299.5172336711,-160126.58142214242
3,36.21662359709028,12.003329237735116,14,-207336.45578010194,-157652.4143134834
3,36.278634481649505,12.080123892303913,148,-210331.6604706231,-152244.28930316138
3,36.290212849368295,12.085846098914962,148,-213326.0806920644,-150938.61227095398
3,36.1352082192381,11.781737812229467,24,-228542.99770362733,-155628.42361448804
3,36.19450041871238,11.836725108913281,24,-239537.1043605696,-154246.09023400708
3,36.15649223798235,11.746536570457277,24,-243185.9478539829,-152648.00294433118
3,36.21197027898986,11.82298075907971,24,-248977.90116020772,-152553.4866636709
3,36.23022579290995,11.815219420126585,24,-257334.81428089322,-151081.2806655767
3,36.24264709514016,11.80820828570697,24,-263286.7716156513,-150046.6419824765
3,36.242075503462765,11.772275529633228,24,-269773.80336443515,-148827.44118921147
3,36.20538466798325,11.665674292051504,24,-273974.1678761619,-146209.94679876915
3,36.2890800278343,11.814598285657803,24,-278934.5597266873,-147304.22505519775
3,36.29317820954028,11.78209204687229,24,-286308.5013293583,-146159.28094236777
3,36.31052241494276,11.77399673115506,24,-293787.3503692686,-144935.99685711408
3,36.23790034880803,11.611897213772544,24,-292288.3110481842,-142153.60631163255
3,36.33368607053325,11.756185478929028,140,-304690.4244633745,-143182.18872910435
3,36.35351872328451,11.755775532981225,140,-311444.55443786416,-142124.89016682515
3,36.29250203042019,11.598238017454337,140,-312019.3370299853,-139282.89219349268
3,36.50264618124244,12.00516395210193,132,-310604.7578088485,-132247.9859888797
3,36.40113196512757,11.739860921294074,132,-329409.59636577906,-139373.41666404315
3,36.53830737887282,11.967096889251076,132,-329488.3524916246,-131197.79851508766
3,36.42255303288527,11.73177572803699,205,-337309.8044244096,-138196.86167764047
3,36.460469530286204,11.739001662048832,205,-347859.1208158504,-136622.66388457402
3,36.48418464505653,11.742207383693126,126,-354391.737449319,-135641.04920229217
3,36.4851988627697,11.740974630876275,126,-354856.6397640065,-135580.0422879555
3,36.509682445047616,11.709906951747563,126,-365906.6638035419,-134084.2189319529
3,36.58737762022902,11.851313463257375,5,-365174.0238750278,-131397.8652647932
3,36.61522536575565,11.820866063084722,5,-377055.7953704802,-130625.65783916599
3,36.56276529765545,11.700526562026582,5,-381261.7711379596,-131942.57648162963
3,36.63939706856958,11.79443787313569,5,-386791.9218812472,-129919.1753806352
3,36.585525370968156,11.652860846359909,181,-392265.9641386307,-130202.29705626266
3,36.638375811599225,11.688925932331081,181,-400833.1887749033,-129205.05011774825
3,36.61337775382975,11.610160842277748,179,-402956.3729378745,-128165.89603077999
3,36.68533207096082,11.657166563566891,179,-414381.9205492114,-127126.62205574829
3,36.72238181947112,11.681370116901093,179,-419009.0263460044,-126493.68095424153
3,36.669205089403256,11.498398054276569,39,-422633.035392853,-122273.3703297784
3,36.68350605952813,11.48085841666069,39,-426344.8839168937,-121022.0869044461
3,36.703678819595034,11.456117234894963,39,-431261.2581293621,-119181.77477521477
3,36.860237329626536,11.656683632121483,8,-443334.46965156536,-121697.63411921106
3,36.89122019309886,11.625083663296612,8,-450487.61662359704,-119660.21105283312
3,36.86341370267399,11.568027820119894,3,-452272.49488492263,-118561.44900930661
3,36.93183482493788,11.595357747759394,3,-457732.57969433314,-116996.22048613525
3,36.948663566637855,11.475421846218238,3,-467877.5352366391,-110516.83352313099
3,37.00379915186061,11.52478356954537,3,-469745.02754308534,-110421.4005220929
3,37.0493198069607,11.475851464346494,3,-475840.0914006946,-105215.98710321648
3,37.10052528947501,11.3104561549219,3,-482699.8239623013,-91412.7811414345
4,35.853689098670266,13.531998381204307,19,523289.0970373956,-222543.86249710526
4,35.94177008620193,13.410891811242342,19,494433.01260536234,-215816.46556703493
4,35.8762287702714,13.315164820961858,19,487542.064435309,-211738.4426192534
4,35.94341323254698,13.279174929412306,19,466176.4555244188,-206851.35993684505
4,36.02016679157305,13.294814558988191,40,451625.05215270485,-203598.0940103699
4,36.0304587193607,13.25270049538618,40,437244.524808798,-199190.4312390609
4,36.05143583813136,13.236418002538308,40,426332.63962206844,-195861.59973263298
4,36.06550268057834,13.22549928371714,40,418665.79356178106,-193479.12136230833
4,36.069546826481506,13.188318318869094,62,405319.0434163493,-189213.67682691652
4,36.099689703501056,13.172312117909591,62,389651.5473173946,-184284.19580131542
4,36.106657225607876,13.161376186100988,62,383295.2153108674,-182242.99996007557
4,36.121149717927516,13.138520067131445,87,369592.87436267565,-177815.52392906602
4,36.23451354142889,13.282375467047622,87,377680.82480332424,-173404.9915767785
4,36.08149972930877,13.067522566469469,87,356921.70505802915,-172503.0076633603
4,36.24401317800486,13.227732809538967,87,354559.8248763685,-167354.74641746408
4,36.141983829025584,13.068764649840006,32,333897.1560734996,-166045.58720043654
4,36.166870356487514,13.065401731839312,32,322159.4843583545,-162258.84304611964
4,36.164406827070344,13.05453903055844,32,318597.4563601439,-161064.05923217259
4,36.17944324766428,13.044999610615582,32,308021.6461160733,-157568.4529607086
4,36.177449922400676,13.032919402305417,110,303632.6516821487,-156092.42014093435
4,36.192580500129814,13.023530041586692,110,292763.43926112517,-152485.36123891428
4,36.26747328591915,13.093715855875004,107,289547.00770610676,-148814.24522647017
4,36.20868941456594,12.996977314672211,107,273398.5951906454,-146008.12166597447
4,36.30558911243836,13.110694931442515,107,279105.8902416244,-142677.00334579113
4,36.216740840738076,12.98360559452911,107,263459.06206114904,-142674.15434470217
4,36.226206016998695,12.967794874488664,107,251561.00562010563,-138676.4676819671
4,36.23184727071474,12.958322725353838,107,244363.78977844544,-136255.2178444766
4,36.23746695224156,12.948848739898894,107,237117.9767923414,-133815.70463259314
4,36.326590435918945,13.050793304267819,107,241079.91131246462,-130728.13971551196
4,36.39714143008911,13.151477825629248,107,253163.01305827883,-123689.03626210419
4,36.41173320468717,13.15797787734503,107,249002.99766451636,-120135.13716618973
4,36.26258290197876,12.92244019426492,155,211817.35578769102,-125269.09948644345
4,36.262087097771435,12.90686692162392,155,204543.7298272743,-122833.45393611824
4,36.295877528928436,12.929943827176768,155,198200.35209998128,-120249.79131771452
4,36.285106269992085,12.908374029947828,155,193294.39026224095,-118925.2950934264
4,36.2953091142117,12.902002208326396,155,184790.86440560635,-115986.0261271926
4,36.293178486144136,12.893209910469503,163,181611.53753064823,-114991.10507519798
4,36.30326719823288,12.886658877777208,163,173013.08967921423,-112025.22582576737
4,36.35890764445778,12.942735449857267,163,170919.24707224764,-108663.99381735432
4,36.29486705458441,12.849618166572368,163,159431.98949493136,-107626.47778538008
4,36.33943651336395,12.893264270502522,143,156701.1013152382,-105722.36305155058
4,36.30246762592521,12.83609983961139,143,148763.82726672708,-104038.88066223222
4,36.320975826266135,12.845649941003312,143,143297.80482612245,-102086.81215001822
4,36.31206707829413,12.818886949215624,143,135217.49320677595,-99492.0930145595
4,36.36504163549647,12.877781034063615,143,134868.59405097028,-97838.90631304926
4,36.36557715768831,12.859538825196552,156,125471.77363350325,-95020.68750714793
4,36.36747681148255,12.858356767381322,156,123825.65039026113,-94429.81993753593
4,36.32781531379977,12.790304877566156,156,112895.61285735728,-92028.50271226956
4,36.32924169942932,12.787694798535362,156,110871.95668856072,-91354.0373447404
4,36.43237848713561,12.903538366757155,156,110420.05741010646,-85213.34633931966
4,36.33717643877855,12.773112262305833,156,99622.64039812562,-87612.57474781037
4,36.34289825655903,12.762530616876195,156,91527.7465017769,-84929.32556212354
4,36.34549363144935,12.757712982770277,156,87863.47247093359,-83717.47688562854
4,36.417003476516236,12.827538845903778,156,80745.65536549494,-78817.03054260595
4,36.41781389106469,12.827034566201084,156,80040.5841487528,-78559.36562711341
4,36.35970574868231,12.731145222096155,156,67927.89012886271,-77158.98908282591
4,36.36305712068275,12.721168639089539,156,61664.269655699165,-75111.23402178212
4,36.483623636407444,12.877863445722234,121,68667.61876204773,-68367.56787148336
4,36.48976826338275,12.874784855560595,121,63686.83276572692,-66329.88867805037
4,36.390072129599396,12.724813357998945,126,48104.48569707332,-70554.78874987991
4,36.37826435316392,12.696711076290109,126,42705.143674247156,-68963.74560325775
4,36.38226132535659,12.688432698554426,126,37043.245880617076,-67143.35390677267
4,36.47923666394398,12.798316910346546,126,31636.698877016996,-60178.02657442446
4,36.425837698937656,12.712698786786866,126,22883.663201665295,-61960.397336379996
4,36.39508534328162,12.663955925338172,126,20120.609596557475,-61752.8345851261
4,37.78279951002959,12.253066498060496,126,8867.728023874492,-60789.46419811
4,37.776858833639935,12.248865015168548,294,3011.295499595688,-61149.62462218389
4,37.817099373894095,12.18626211046921,294,-7765.427919826084,-59032.96056650227
4,37.7546258938629,12.233615457100255,294,-18372.835651277197,-62321.37607514035
4,37.72124307003126,12.258183565777603,294,-28285.93801776807,-62025.18155699015
4,37.74384296423555,12.222396376547195,254,-30357.351361646684,-62873.64188248477
4,37.726989011220155,12.215843016135597,254,-43610.15385368053,-63413.59797792491
4,37.70152860178017,12.232101842676697,254,-52283.908566271624,-63365.736554872936
4,37.71554503220221,12.20891376852137,254,-53574.20458811683,-63756.828440445235
4,37.70296499354067,12.201610521903204,254,-64177.27305456834,-64066.020549876004
4,37.69286672618133,12.195996145563557,272,-72415.42633226325,-64265.45198454056
4,37.68339218265239,12.190936850264784,272,-79918.91573290636,-64415.24805239291
4,37.679481294349685,12.189811330488308,272,-82604.28904793315,-64461.04184154198
4,36.488796113834965,12.547826052560742,272,-66275.73238404139,-35931.5522971255
4,37.65320438533286,12.176221562979963,272,-102342.90245019975,-64672.91757867078
4,37.65121575437529,12.175400563228278,272,-103715.82203114557,-64678.985986009044
4,37.64432670749561,12.154495241507899,272,-114425.95861174003,-64577.93758167332
4,37.705099383440405,12.067457582145492,143,-116397.56114298511,-59263.41142260455
4,37.615017734020626,12.160840436795446,143,-127458.80895215561,-64589.22304551485
4,37.60364621450606,12.156985122119828,143,-134247.64696120913,-64490.213845199665
4,37.6178285122277,12.120229661349901,143,-137835.91344493956,-63851.59364331928
4,37.58047437726206,12.15017866947388,156,-147130.4926238965,-64200.12895931281
4,37.571302070801316,12.147874695208195,156,-151886.0935038068,-64056.018552845
4,37.58248472241189,12.102319219362618,156,-157793.19092972603,-63076.583886490494
4,37.55524843052698,12.119266976779306,156,-165135.9158025001,-63321.46365103432
4,37.53141972911716,12.140405663291016,156,-170398.78699751126,-63270.60464111234
4,37.52750631107075,12.139891492035817,156,-172032.57046513248,-63181.63566394987
4,37.200810971940456,12.339815357333283,156,-181110.52717877328,-53245.744552244774
4,37.15842257154685,12.331369881689799,163,-182213.27963977325,-52496.68700203508
4,37.46474621400321,12.132460825855592,163,-194645.5624032724,-61490.259315098316
4,37.23221626281995,12.283452478579973,163,-198763.07469477702,-55010.40209115029
4,37.44162359219187,12.077802297344546,171,-206582.80521486534,-58915.75108590226
4,37.40786044133817,12.101422650660124,171,-211477.39928087755,-58783.91527039545
4,37.358373635013464,12.136043111733628,171,-216339.97078292174,-58090.86266403627
4,37.3368404271284,12.09915650002656,171,-221109.214348303,-55825.305867078816
5,38.711427185325945,13.216835935247353,13,4910887.165486603,-1638691.9954385995
5,38.90946167707114,13.257561723982194,13,4722540.821911958,-1604208.2473592097
5,38.983618733046214,13.217095696335015,13,4523494.823707418,-1558657.8244954369
5,38.89765317823724,13.090267206547068,28,4387900.071016333,-1531472.6455778829
5,38.93445761475072,13.047433222462892,28,4218653.045145689,-1489118.0115629653
5,38.933506636260276,13.003246543905082,28,4093192.0363894817,-1456479.0612882492
5,38.94491726406482,12.968717973405719,28,3971319.424323974,-1423756.02465695
5,39.005536484229424,12.964709739850747,28,3868628.6588631556,-1394939.2467672732
5,38.96140451000704,12.90781196217026,28,3750272.0491107893,-1362294.4981008917
5,38.96696028347136,12.882485243729977,61,3656215.1947972374,-1335401.7500450313
5,38.97189814904073,12.856550935587618,61,3558669.4974262146,-1307084.6138422647
5,39.01186536384502,12.846355577663,61,3469842.9033511635,-1280732.2641919123
5,38.992169118206085,12.815513523563334,61,3384689.90883403,-1255544.207492112
5,39.046353621698124,12.817159227170963,61,3319640.2422528486,-1235389.9570422638
5,39.06524088494683,12.801618506761708,61,3238529.8036510255,-1210464.2358583028
5,39.081216865744906,12.77671114607491,102,3127613.306441446,-1176154.9912075805
5,38.98657585691993,12.725190311542331,102,3046784.9597058725,-1152166.1538483363
5,38.98736802526929,12.709618808306509,102,2984251.863466316,-1132579.498322307
5,39.02550575768466,12.700176601371382,102,2906840.7150306813,-1107995.7409972637
5,38.98868818286431,12.672426518556737,113,2833423.4765429934,-1084790.8021511924
5,38.98912199278101,12.654634138535489,113,2760543.1985401153,-1061429.1752995513
5,39.03461840799145,12.658959333564592,113,2734307.1143195243,-1052778.9347869232
5,38.98973291165548,12.624447942888043,131,2635859.6484526335,-1021063.9811932769
5,38.99088859968592,12.60758887758312,131,2565023.470915329,-997911.0045499544
5,38.990487149387654,12.593580472643787,131,2507040.5010009953,-978841.9010158881
5,39.054474494781296,12.59611721517657,131,2463205.580837082,-964038.0032621775
5,39.09643816357486,12.588546463187969,131,2394462.034457309,-940713.4258025397
5,38.99260915576163,12.551011621041628,131,2327251.6903859535,-919050.6311406245
5,39.10631808492828,12.559160372745792,131,2269619.9448854234,-898829.3729565053
5,39.200411606734654,12.56978839998249,131,2223468.003479518,-881434.5452850874
5,38.996999230084356,12.51242112268047,162,2162151.060788259,-863272.2887160634
5,39.05330453593142,12.50711350069211,162,2102209.1595084635,-842642.9745080504
5,39.09744125281453,12.50295295124657,162,2053769.34445476,-825685.8094078436
5,39.05007953804494,12.48143219166461,183,1999379.1322712915,-807364.4589063826
5,39.00935547004853,12.465129727566012,183,1956690.219824536,-792712.265792917
5,39.067043430044365,12.462476627968526,183,1911611.2068927416,-776906.9860932381
5,39.017381004538954,12.44326067372434,198,1861448.9791412808,-759581.2655065112
5,39.073869554634925,12.440521691110844,198,1819080.57029362,-744625.0523778619
5,39.08223621296937,12.424580804033496,198,1750712.90446948,-720605.2432880509
5,39.23288691879118,12.432811353441917,198,1696442.6953848158,-699784.9045888124
5,39.13398709373827,12.404597511930133,220,1645717.504053935,-683230.4548093558
5,39.065799764588974,12.38607320345492,220,1605490.4375075253,-669260.7189947293
5,39.18060687792414,12.385700581328088,220,1552403.0449628206,-649690.7170088247
5,39.27232005374532,12.385402913721611,220,1509485.7231887497,-633092.6528412832
5,39.1913597551914,12.361128026435164,235,1458288.588265208,-615993.6881326151
5,39.31570953707355,12.361860352107312,235,1412559.4279462972,-597719.9308398381
5,38.97714483700801,12.320433030496341,246,1374933.458358073,-585717.6118621111
5,39.01672850464531,12.311671979038302,246,1328581.176975422,-569180.6222108961
5,38.77458291545318,12.287766759554906,262,1289254.1095804262,-549950.709151331
5,38.946781670348244,12.284068421081235,262,1238096.7643245345,-535013.1006084887
5,39.141208236069765,12.284837002439525,262,1198095.258781883,-521952.70254053234
5,39.14527647982434,12.279805318301216,262,1179474.3545811474,-515118.42556920595
5,39.05985413527961,12.2618848211792,267,1128685.4558718095,-495977.0666034903
5,39.13581644048807,12.247425996085076,267,1067145.003274328,-473641.2651847865
5,39.17441269616958,12.240079503523328,267,1039427.4175325884,-463423.27742276364
5,39.18633182186926,12.221035662378878,298,976512.5359174805,-440022.40971933596
5,39.194855834579045,12.205849581152915,298,928180.9151068934,-421966.048278327
5,39.21520966313362,12.199326448218835,298,909104.7075314954,-414803.1203965976
5,39.30876594943828,12.180877166691952,298,865056.6866910409,-397660.5999944899
5,39.427097972218014,12.154935341240265,298,814857.8072711838,-376657.7947172616
5,39.30153383153715,12.14756582358103,323,774216.555059017,-363513.9320899899
5,39.32214893941413,12.117771403913817,323,703662.7151783182,-336463.39930961473
5,39.313002526041416,12.110894216120213,323,684197.6774647684,-329129.78713980684
5,39.27756896254698,12.084251721361,323,607818.1888806839,-300056.76270845986
5,39.23188380984921,12.084192107802952,323,590484.5896258577,-293490.6828097124
5,39.23236628843126,12.050263832775657,323,508900.7680408682,-261677.7553288406
5,39.19748005186283,12.041895281343882,317,473279.336010423,-247573.0115942669
5,39.228556547461466,12.017855869393905,317,434751.8506658744,-232406.32314336437
5,39.0660184093983,12.039395187024093,339,412343.6676184211,-221258.46828606096
5,39.13985946908749,12.005310771381769,339,360784.32346932736,-202200.56802409384
5,39.29686623288516,11.932837762212326,339,319395.4386505391,-185293.61402725134
5,36.12853732951222,12.892189057011299,122,227950.27770407902,-154233.7495716725
5,36.16626672071908,12.888744538824925,122,178702.11781411583,-142456.39218897253
5,36.14732324136355,12.868380057550114,122,157575.64769265286,-136376.36615747327
5,36.22027080962359,12.883814216325145,122,108478.15156922108,-124456.02684560444
5,36.21704094938343,12.84684143407238,363,28588.53800341295,-104164.35644321637
5,36.23124207967678,12.824590326308357,363,-38270.13077890602,-86973.86139598356
5,36.25237285777671,12.814552010089738,363,-87183.4357846044,-74315.36375446504
5,36.23439391971261,12.783482618509781,260,-132205.07618552825,-62617.223276729295
5,36.25679754480319,12.784750083750776,260,-159587.33076672963,-55700.7963254731
5,36.29417420837309,12.772640461770251,260,-236291.98518466036,-35637.89275288782
5,36.33964457187096,12.76439364966723,260,-314277.9597939891,-14324.870841624295
5,36.376922719905956,12.757632633067756,260,-376751.1496988388,3480.0562866865685
5,36.32450488119742,12.726717526680797,360,-380947.8369120651,1794.981232375509
5,36.32038363356779,12.687645065489217,360,-458554.62052929535,21641.04757843752
5,36.28098546056697,12.631873744801819,414,-500179.0472952076,33986.28430961809
5,36.37404256599757,12.664374698418953,414,-586760.0864079302,55237.99010220008
5,36.35871332596695,12.631869900723391,414,-628268.0113410812,65603.8701529085
5,36.36953893441566,12.616723172164104,414,-673714.9817479966,77374.10730416437
5,36.450646270585516,12.646603964187825,223,-731127.184636596,94954.50876100412
5,36.52814747968529,12.638460147704212,223,-840054.2325336313,127959.62532357904
5,36.43225387117339,12.56352709275049,227,-866076.9732995409,127285.20731727772
5,36.480550214707286,12.560110154134337,227,-943118.8314868617,148110.9852543958
5,36.50165625450201,12.536105478529914,41,-1012753.5191013636,166095.488033999
5,36.536173279301124,12.54268737755228,41,-1045972.312769857,176090.9851610194
5,36.47838983406429,12.41852217987669,395,-1112980.5686271586,192101.91511481517
5,36.53282515140823,12.442939079463047,395,-1177120.8899719324,207921.17289564022
5,36.55129354859714,12.38156494121817,395,-1245924.2531797853,226588.39450574812
5,36.61044816850723,12.396642832710343,395,-1312511.0121005988,243661.42793168558
5,36.759574404132074,12.410916486765405,395,-1390719.475464028,267167.7886399518
6,38.51328659126766,13.229210477996627,1,4225843.568653186,-1307526.8674135786
6,38.536165485256554,13.11894996075498,1,3920005.944661129,-1243332.667098285
6,38.580310365196155,13.062925652535654,1,3684943.422676342,-1187444.341013553
6,38.69702363724698,13.091618265726849,1,3549750.977105688,-1145353.283111066
6,38.741636958857136,13.058209403707075,1,3350307.4181054374,-1089482.2020424183
6,38.55061943634205,12.90168445775338,44,3139045.974710255,-1047524.7238740601
6,38.550200659648034,12.85512204800523,44,2944911.579317987,-994598.0135443498
6,38.50016604934962,12.810108373381752,44,2785246.8132821964,-949144.1424625899
6,38.54791220588461,12.787885286637993,44,2652874.250872861,-912666.7071828572
6,38.56891879801558,12.755131828437511,44,2489684.3020381695,-865578.5243274012
6,38.54408445571188,12.725939578770207,44,2375945.12634324,-832677.4237560966
6,38.54126607331372,12.691862339268875,44,2222326.800874886,-787407.0257953868
6,38.53922184515605,12.670560599210736,44,2126407.8616075306,-758823.6090261978
6,38.62093409146418,12.653322349952248,62,1997286.5931575596,-717291.3385012817
6,38.544732450481455,12.616339323733836,62,1882291.8552727925,-684926.2936279555
6,38.53111335228385,12.602426356479313,62,1823439.6616666573,-666939.1016915054
6,38.789691127019076,12.642224362289037,77,1704707.4415017376,-609035.9170372809
6,38.52236906923877,12.546201919433342,77,1582461.670147013,-592044.4104746591
6,37.96400216407045,11.091478224081387,77,1480616.8212412032,-529774.6896201328
6,38.45259494819505,12.497189444081055,77,1346197.6569577665,-515518.128121837
6,38.50602492857582,12.466616920788974,86,1265520.4414386044,-490722.5443034377
6,37.16835816187854,14.685339231616393,86,1118477.091376366,-446667.14428076876
6,37.06291239881976,14.560136388646125,86,934683.3060753878,-427989.3515109661
6,37.000690424790086,14.517874868494514,86,769844.0525899238,-411472.2822045216
6,36.9719375044304,14.598981707311708,86,603383.7227021015,-396753.58596939465
6,36.91259245266014,14.553075188572183,86,439519.8283563678,-383015.850638206
6,36.87064114587356,14.554446153568554,86,293142.85468829935,-371331.71975650353
6,36.82452140718864,14.534169332860628,86,142284.0614702396,-360023.68694521376
6,36.784565951535704,14.479475474126833,142,25309.481275157003,-351396.5507154527
6,36.7349789862747,14.48361613126159,142,-162538.8464433448,-338926.94488848286
6,36.7052683808166,14.547022557674158,142,-294117.0359589826,-330301.29870833975
6,36.66537167156512,14.489428546334103,142,-427471.66207641835,-322547.2874652137
6,36.6310421174061,14.402195989981712,166,-541263.4593712165,-314916.7595018966
6,36.596568184766845,14.511315997573677,166,-690320.0958051487,-307323.66370916885
6,36.567127882168386,14.462970052514393,166,-800816.4814031261,-301635.04920794506
6,36.53706161367333,14.417607327917375,166,-918622.7235117104,-295295.8523667118
6,36.504992925582044,14.445907742209767,166,-1043223.43230325,-289248.54909988516
6,36.47678949194683,14.438078245083636,166,-1154527.3873174095,-283826.72805814905
6,36.45291735465983,14.431405675015945,166,-1249250.822715237,-279330.76442629774
6,36.433398303186884,14.419053916040003,208,-1328879.0493035775,-275622.5788227646
6,36.41942995177981,14.421971024649618,208,-1382785.4557210007,-273162.3904559367
6,36.38655645751855,14.456804783788286,221,-1496577.4919905558,-267766.3736439985
6,36.3496207315947,14.41055013984411,221,-1658816.056854199,-260954.06748322095
6,36.34071651783547,14.399399384667813,221,-1698655.4785997395,-259258.7014839021
6,36.313254625386946,14.404232624046202,235,-1802031.4494679698,-254864.42557601744
6,36.28837611326954,14.391938280416989,235,-1904419.6744593594,-250625.298844604
6,36.26892637633054,14.378195129432637,235,-1987381.00963884,-247237.0395338695
6,36.24739539686041,14.371686626808145,235,-2073772.2186109938,-243742.08429906264
6,36.208542825653375,14.435095006387556,266,-2167711.8496393804,-239201.5855499341
6,36.20705984833314,14.359279004353947,266,-2235042.8729853733,-237320.87182506063
6,36.210913857932795,14.223256009433694,266,-2312393.966666591,-231452.5440972272
6,36.170102198644706,14.347620314870127,266,-2381890.6730694645,-231572.19119043226
6,36.159604006388406,14.337955309799177,266,-2428879.688295343,-229743.56975900577
6,36.135530350345825,14.336425107646225,276,-2518203.379106039,-226302.3046399085
6,36.11614998609124,14.338283056757723,276,-2586108.9565342395,-223686.38103553644
6,36.09575572574794,14.32314470989294,276,-2673465.6150557487,-220357.47240317246
6,36.08045826214781,14.31339883582681,276,-2737276.7864473914,-217924.02825076002
6,36.06599956430397,14.343090857600718,276,-2755990.5912022903,-217089.53859247247
6,36.009414599218445,14.408232516541943,272,-2862058.1843977766,-211425.05596322383
6,35.99770866485483,14.413362863209622,272,-2891200.375454946,-210030.6811698083
6,36.00008507838473,14.330985078762627,272,-2988220.794505448,-208161.62539150682
6,36.00143679484142,14.289567981242632,315,-3033026.719590742,-206698.85012307102
6,35.982283357040004,14.282324821996358,315,-3104273.0873991135,-203990.16232922967
6,35.94759483981735,14.330127240470866,315,-3153067.206928081,-201629.4871452804
6,35.947956178907134,14.279800357996187,315,-3216726.90566231,-199683.24886523804
6,35.93151355310267,14.27135206036272,315,-3278324.4221211188,-197326.2064461396
6,35.90768628840297,14.29796416074911,315,-3314954.2179568717,-195651.71150554603
6,35.856236050484256,14.35989179311099,315,-3368506.7947983267,-191717.555466472
6,35.844733308936235,14.36546281574021,315,-3389754.9890033794,-190541.2586304792
6,35.88568259765943,14.243110367421801,345,-3452507.529633599,-190591.0679577572
6,35.87141972034404,14.242669125585937,345,-3494529.7024835423,-188939.81579855678
6,35.83999287583416,14.241696892686479,345,-3584072.2987224995,-185355.53785463795
6,35.831411853060516,14.21876903793691,359,-3638889.1130218375,-183210.99444087868
6,35.81806346577691,14.212490256621463,359,-3683587.150281981,-181407.3148036366
6,35.799497581448456,14.218351863282102,359,-3724461.2951704036,-179715.00781975777
6,35.7854430182138,14.196608866140679,359,-3790806.052404729,-177012.95135549482
6,35.75145478319688,14.23351989843978,359,-3821107.4520347146,-175371.18936344323
6,35.73670010990376,14.212728251979112,359,-3886186.2268490377,-172786.62857018682
6,35.72037507967136,14.20445916400164,359,-3935374.66510336,-170673.19268482216
6,35.780552898349185,14.056781397451404,2,-3975009.2612992465,-166498.30054705488
6,35.76493203933468,14.06185455233972,2,-4011293.709164177,-165403.15790030934
6,35.70804133949263,14.121777248087412,2,-4078348.6905356795,-164422.97667035175
6,35.68595385204979,14.142860616349695,2,-4098478.8258810863,-163656.97283501824
6,35.70058967764951,14.082750891421068,2,-4144455.541776593,-160889.6344023885
6,35.64740278580926,14.119537055879222,2,-4209034.851695249,-158461.61411663154
6,35.627108202612774,14.106615321919882,2,-4265096.852129794,-155712.90655602404
6,35.6214190109616,14.102908382038038,9,-4280537.2047789395,-154940.12910395715
6,35.62882552993046,14.064853708901499,9,-4315575.198696021,-152913.85715887856
6,35.585153315015646,14.078355050898967,9,-4376006.144178116,-149985.34631657964
6,35.59059142849767,14.036026787311704,20,-4419040.809411135,-147351.83278717884
6,35.547383813476465,14.050948268319875,20,-4469690.171195694,-144757.3295397339
6,35.590953694417934,13.924869322707773,31,-4527909.363440866,-137658.2120130059
6,35.50777987030254,14.019954339428905,31,-4561066.4597961465,-139174.551300824
6,35.52735409801209,13.947927679788044,31,-4609298.321266807,-134882.7673856201
6,35.454720889761035,13.974261218778622,31,-4671182.800636058,-131473.6881995323
6,35.291119837887024,14.039741125092759,239,-4694315.621741249,-123299.4855087025
6,35.432798319551004,13.916985816383825,239,-4744467.171398307,-125166.34901748865
6,35.387879537450914,13.908509283723392,239,-4786271.969296583,-121259.36448829948
6,35.435390863285626,13.742197639881685,84,-4817918.920820295,-108265.16188825543
6,35.32312820795855,13.833827507725479,84,-4865967.872541934,-110566.67942349477
7,38.51138401255122,13.230255559472614,1,4078861.8207799597,-1280430.7191866336
7,38.630244602063954,13.230481213574278,1,3893138.4990931777,-1237083.4488115446
7,38.54406498407678,13.089005396014006,25,3715982.217296912,-1201610.3574366043
7,38.549422479119826,13.04148740595929,25,3570329.6116313054,-1166050.633602711
7,38.5762782406876,13.02882124012155,25,3492855.9935015584,-1146270.5093763627
7,38.553883371782796,12.968776942279497,46,3324957.703961971,-1103076.030829572
7,38.578245961172826,12.947579521675026,46,3217387.2973307306,-1074275.1667526746
7,38.60796120881659,12.93405492395721,46,3125831.7171810376,-1048679.683323861
7,38.55008683765587,12.881310209777366,58,3001251.9580912367,-1015619.9577378513
7,38.554109836395625,12.855207807658925,58,2891981.4124077884,-985210.8920842571
7,38.66734374353907,12.874490379554949,55,2810617.762047475,-957562.7460784425
7,38.532170387688446,12.806022618390312,55,2705285.217280088,-932177.6457092825
7,38.64283803354506,12.833812477205472,55,2693874.802442735,-926045.3032437568
7,38.62962550152988,12.789358388984862,55,2534265.005080447,-880654.0254217619
7,38.62917503144943,12.775138400289421,55,2476591.312083945,-863803.6970642952
7,38.547563000112355,12.734489834554976,55,2382648.86388529,-838556.0914251171
7,38.57599976889558,12.72286525701537,55,2311734.7388296644,-817225.3599416526
7,38.428108744959275,12.70333440039509,55,2254777.351039762,-795091.0401453003
7,38.542668974691225,12.681489021036446,55,2151270.203972528,-769572.9652971245
7,38.541013337687865,12.666180078979139,55,2084334.7050325007,-749358.0425618242
7,38.540822789801496,12.664473734350318,55,2076879.6360130555,-747099.417689467
7,38.56555083164261,12.63994076576194,65,1959611.4423612715,-711087.8560026777
7,38.37030757432069,12.646949936135796,65,1932317.064615587,-691740.8276954929
7,38.53405002418064,12.610856686131292,65,1844195.2435594331,-675878.5090270975
7,37.991786613599025,11.282304171111598,65,1863535.7548315,-630568.2425362048
7,38.52974039771541,12.581935571173231,65,1720873.2530956273,-637548.4956327574
7,38.526754441005345,12.56364584257781,95,1644086.701879514,-613468.7595418069
7,38.52604844496791,12.559503026772145,95,1626845.9119947003,-608038.880012465
7,38.522959957665236,12.54211229783772,95,1555156.8818482922,-585366.376341913
7,38.51950508780214,12.52394707374962,95,1481577.330843376,-561931.7070452373
7,38.60424871410359,12.52496134202478,95,1467654.979906349,-554963.3045659476
7,38.57959102505319,12.496426189619678,95,1370400.6704105723,-524687.2660753649
7,38.59328314443827,12.496770471685467,109,1366046.4466717362,-522612.03712300974
7,38.571298368803006,12.475621312490976,109,1295962.7053402115,-500696.2315616232
7,38.11871318060222,10.981150209771654,137,1290046.349871473,-476407.1202846196
7,38.50356389099465,12.45342170864252,137,1211642.1053081504,-474344.37925966206
7,38.497475124709965,12.431029162023634,137,1132208.7789922187,-447998.0560432063
7,38.214273730504324,10.861355595847895,137,1088835.4818238104,-420899.02680641564
7,38.222031450770615,10.851630525144754,137,1074249.785741316,-416873.9315231305
7,38.26893445838977,10.792832959670761,137,991737.7532253828,-394053.13356687204
7,38.252511395565456,10.766875036221856,178,950561.9189598502,-383008.57980613556
7,38.44288538144172,10.696730730266973,178,888222.1526840066,-363206.8660517542
7,38.56746188941552,10.650829854420495,178,845086.3643467696,-348143.0037393219
7,38.226710783416834,10.66632439354321,136,784275.8957286101,-336139.15633380006
7,38.253273803970856,10.628314828337327,136,741916.370266281,-323899.8457779509
7,38.25006584326643,10.59634912985401,136,691692.407097245,-309180.92982662434
7,38.28325732134033,10.5508395954303,136,647877.6533142704,-296101.0523057198
7,38.233617092207986,10.545148478290557,210,602099.6545284517,-282500.5805147441
7,38.49642162923915,10.379199079641836,210,558167.7719069835,-264257.72473285854
7,38.21902833413222,10.51643343615109,210,546225.9097959156,-265616.40138776036
7,38.731826765902916,10.262737459916782,210,518422.149052133,-239530.15080378787
7,38.837530838796866,10.21044264717296,210,483898.17957960936,-220815.8581735671
7,38.22484918157782,10.406209862698413,218,391524.7778480182,-217800.8767715206
7,38.31859212175264,10.316829213469143,218,363366.5701837697,-207185.31425664068
7,38.435521147300825,10.205341434253421,218,329927.3352712844,-191963.8664306603
7,38.11895247802174,10.390640712400394,218,248482.89258459996,-173174.8279915899
7,38.664329186810896,9.987180887100253,218,256582.68118871865,-152839.14935850952
7,38.827060327043746,9.832022376638495,218,194842.7915621803,-118457.0345844956
7,38.59220366882295,9.919879542402468,136,165681.3060816185,-125038.97081826351
7,38.64875788511762,9.804379062778764,136,109257.16203038079,-99961.34079788717
7,38.6622644234881,9.776794706349559,136,96956.85086670518,-94291.99901122924
7,38.75227432750377,9.592967791826956,136,25997.340863810623,-59880.712019151026
7,36.58154567975098,13.713355522681606,229,-63509.548861541014,-74559.3970997527
7,36.56975714772881,13.709381892518474,229,-97587.42144917022,-73270.08169502977
7,36.542796770917036,13.70029419896111,229,-176050.71417846007,-70483.32828786036
7,36.52139755779807,13.556689086402304,108,-216942.94307649566,-70155.85693481014
7,36.49836125281168,13.561019715236618,108,-293710.3124324487,-67787.47581876605
7,36.48630033478929,13.559997649813555,108,-333080.28940417693,-66526.91750599476
7,36.458249985728926,13.943649784037193,252,-333343.1249648653,-38664.957550527135
7,36.45158255019069,13.671052677534234,252,-446077.41832079145,-62324.39526794148
7,36.41251797122159,13.78869654986893,252,-511787.03901790356,-52359.39565045032
7,36.42454456414647,13.660434228712342,252,-527429.7396787973,-60260.24196765403
7,36.39456479657251,13.599391869307986,252,-628778.8508331391,-58437.414644059936
7,36.3758542473948,13.664469295836579,252,-666405.8810253843,-56280.043522263055
7,36.3693342537606,13.57364483084473,252,-710954.7494046185,-56105.75549385754
7,36.356558129320376,13.599088491279074,252,-744911.5090702227,-55423.79278494635
7,35.87255314251652,13.91733583808018,285,-813199.5332927055,-31738.845987374727
7,36.30930014067854,13.599755238042901,285,-883930.8571239365,-52067.59712121976
7,36.29257281988883,13.611141317664604,285,-925444.5577671468,-51083.08946938917
7,36.272166755470145,13.600752735807514,285,-987640.3046637006,-49730.721450305704
7,35.95418707821062,13.857975717941425,285,-995241.310605855,-35101.18529468772
7,36.22956310286371,13.612964823952817,285,-1090594.2320366702,-47508.79361486796
7,36.17825020909899,13.695048201889298,285,-1114627.9383768651,-44931.219107263896
7,36.18671538180156,13.618405734666487,238,-1187473.5927419632,-45520.917601200104
7,36.17251029643986,13.602991355889028,238,-1234955.1813896336,-44651.76841969151
7,36.16136447310577,13.602946267835048,238,-1259531.0899455226,-44175.99347612043
7,36.15213278038169,13.591499131952572,108,-1291480.7221542357,-43530.0814252824
7,36.10968497300263,13.594704925142532,108,-1373316.6647851602,-41984.99388865093
7,36.08426483660013,13.597896942843091,108,-1414236.3835811391,-41198.72772255246
7,36.070863954255394,13.595686896966441,307,-1439045.9697781892,-40707.65196794752
7,36.041627157315375,13.590502941806278,307,-1489693.0702900682,-39668.599834200206
7,35.65748562223773,13.522391086151098,307,-1555504.9921771712,-26921.667196844308
7,35.980877707845025,13.561205373623133,260,-1605038.0563904715,-36972.3098700164
7,35.95793830481064,13.544933833707068,260,-1650229.4345841205,-35715.32716768386
7,35.80962141020288,13.533243090995642,260,-1697274.9487611519,-31700.148377586775
7,35.93514444328209,13.50331581966393,260,-1726875.7987344132,-33132.041525090135
7,35.90070832308663,13.487615019789951,333,-1768699.226025973,-31540.24958235382
7,35.78654672363409,13.454523935348305,333,-1812818.1869203246,-27480.536554077953
7,35.78787718448111,13.403320944179503,265,-1874793.3312392926,-24582.631682782998
7,35.8123671326424,13.339703083351068,265,-1924604.391330428,-20630.317455826986
8,38.523436018351234,13.187428409627557,5,3844296.4244168764,-1226434.865891631
8,38.541752931735914,13.120779832979487,5,3692299.6745503456,-1194239.1614295058
8,38.57752797815108,13.080518962123811,24,3550139.4161451207,-1160564.6038130878
8,38.57290152028767,13.02540237000594,24,3409640.687656803,-1125864.5101745042
8,38.55650385840189,12.971199126535174,32,3266094.654602545,-1088869.8497497048
8,38.590615529111425,12.958230414885378,32,3179399.819014772,-1065402.6507141804
8,38.62111193260322,12.946636170012157,32,3096592.024571047,-1041936.2974595658
8,38.726493317461866,12.980295088190319,41,3009012.39686142,-1009396.4033776239
8,38.70268248425798,12.93397396193216,41,2912672.433741871,-985230.9062129527
8,38.55698370740402,12.835767961562508,24,2776755.368800356,-954504.1270574068
8,38.55451624009468,12.8178582490791,24,2707773.780560706,-934821.3589700744
8,38.55344980563745,12.798588257776137,24,2630618.6540216682,-912623.3537654334
8,38.552116245701924,12.777780207387593,24,2545988.8209926467,-888063.9619587385
8,38.53890808933896,12.757946991729005,11,2472102.426180994,-866394.7374428867
8,38.54908378961251,12.738315113933702,11,2382367.233961868,-839989.0145713647
8,38.54796552555857,12.725568804754111,11,2328830.5403144625,-824096.3627498016
8,38.54602874705545,12.705241255596578,11,2242953.693533224,-798441.2636958283
8,38.54401370316184,12.685831308449199,112,2160544.4976158994,-773637.4821651847
8,38.49701362167857,12.671822312482956,112,2110746.9193379763,-757750.2234642097
8,38.54211151449334,12.66887440965788,112,2088378.3368015494,-751770.0457687652
8,38.74412379083043,12.702435104726174,28,1994767.454567906,-709816.0555350366
8,38.53703076109653,12.628521789344907,28,1916800.5796464821,-699232.8094491493
8,38.535743806610974,12.619225201267136,28,1877446.9214952467,-687073.7408499429
8,38.533054431781935,12.600793015803044,28,1799781.5279790098,-662956.5336379518
8,38.770906065774064,12.657766186398872,28,1774099.980536582,-637625.0861310852
8,38.52920005583406,12.57639338168406,138,1697973.881270464,-631094.4191995605
8,38.52686426568079,12.562616905443852,138,1641141.9868992101,-613182.1222558129
8,38.52406976508881,12.546986281839557,138,1577351.920322897,-592965.3902721814
8,38.49819259122324,12.540039734579222,138,1543519.366085446,-581969.7936910193
8,38.48159022555128,12.534950747031735,138,1515519.5645033033,-572653.6446548394
8,38.472559635262535,12.519855366646793,138,1449252.3534294944,-551210.3120217656
8,38.514539404976034,12.499541627368453,167,1389358.736104474,-532652.6186060875
8,38.511430055059996,12.485701694460081,167,1336436.128380619,-515459.0044609764
8,38.509427041649175,12.477154839813759,167,1304250.4223132082,-504951.870542079
8,38.45618147454438,12.467429689406428,167,1235457.5218580612,-481477.5024743867
8,38.08409486084219,10.958052877012271,183,1233857.6066718618,-462183.9902457415
8,38.13743831876468,10.934798902845607,183,1198593.7579305633,-452324.1915915528
8,38.49499311606536,12.422885563137909,183,1109930.7291178163,-440592.0144400874
8,38.49239413578568,12.414316635897112,183,1081000.2548599658,-430854.4114328427
8,38.362586971022296,10.836650017355923,183,1031223.2670945482,-403076.90776409436
8,38.329258563900446,10.791076196487797,142,981761.8401673525,-391646.68136932363
8,38.2378036404007,10.765126764321877,142,931331.0963742732,-379284.1290799184
8,38.40440447967603,10.71314670380971,142,891564.0788414401,-366512.068463421
8,38.0785234731171,10.777036115944385,196,862342.1058362521,-358503.8280783216
8,38.30112530686383,10.657194776589916,196,794102.8861963433,-340902.29416454106
8,38.2651838883983,10.639202203311147,196,749555.108603999,-328299.46888861444
8,38.1777452937597,10.66609488535508,196,734988.8451431405,-323662.2678665921
8,38.21740323880169,10.621752812239427,196,691072.6803977855,-311276.5550376253
8,38.25579250458737,10.557888434843212,252,620485.1174244956,-290710.1995574882
8,38.24820715492535,10.537051368100345,252,583170.1028340847,-279638.164431693
8,38.065288761343815,10.623462861687278,252,547867.1623410587,-266875.46408876166
8,38.324329163290734,10.438906565091479,252,504152.6228335889,-255263.27736720035
8,38.161193497391224,10.511466685342164,252,461308.3050612934,-242711.27794271032
8,38.105966615771294,10.52565676311279,158,421984.59959516197,-230165.97397767965
8,38.111519338480555,10.493991608689127,158,375916.504864976,-216293.06584900603
8,38.11342193047608,10.483141819766102,158,360524.0626200425,-211630.1551290435
8,38.458970149070744,10.185536084247794,269,302177.9213798857,-186682.95630809758
8,38.496636696524114,10.149566184072361,269,290693.30893588066,-180968.625480131
8,38.13491220830018,10.37354727675912,285,218987.29478123464,-168008.90032960798
8,38.00594765547124,10.470962023197504,285,193495.70449569105,-158511.97192162392
8,34.25394079927508,13.581667679757361,285,135727.22598539453,-145478.003465642
8,34.03834020285225,13.46793650560884,285,137913.37735556884,-137436.7439101521
8,33.94878564628436,13.535582492270265,285,69511.2443061751,-138383.26933607092
8,34.09263237781583,13.771324192354223,290,-50482.960149251034,-154056.26844154633
8,34.28396988074208,13.86314196762356,290,-95142.88849714314,-160117.15375901575
8,33.96653986770638,13.9195760041047,290,-157115.5783019712,-156343.17470764436
8,33.94944137177624,13.939679363119852,290,-168964.83564884737,-156332.4475206815
8,33.77172358000569,14.148629003248422,290,-258980.72613217362,-151903.16632356605
8,34.652516982909766,14.212244123488862,72,-335170.86943856376,-169103.5457400471
8,34.498892906711895,14.267141940659156,72,-366680.82003319793,-177622.85260251086
8,34.41912642740918,14.490057512971457,288,-445507.2358617733,-182610.6266677735
8,34.518838627605454,14.669272486155222,288,-484494.1679013247,-180217.73438871047
8,34.53865202669484,14.745704412119153,288,-493869.70481889846,-177249.99866519647
8,34.77526560613107,15.043184324985509,288,-511414.8092104144,-148423.52637130787
8,34.979091981502215,15.240147796180262,288,-522571.9147745539,-111480.74431575628
8,35.21951337741453,15.269332862998455,288,-537342.4645000768,-77040.28302991836
8,35.330407185558634,15.43707668354823,288,-558693.0756873981,-47094.235347962494
8,36.44209694130506,12.46426755070093,288,-590640.0198224321,-23706.179017946444
8,36.55164309544575,12.634538614952284,288,-642179.5084668841,-4876.297491550897
8,36.46235172127401,12.439990514214928,288,-685715.120645476,-18616.43592451144
8,36.79896639265273,11.897163197185643,357,-663220.2144033351,78298.68330446201
8,36.50308607941234,12.467848667860444,357,-802239.5208681837,-9214.835950904895
8,36.49155463926813,12.285597548915282,357,-837591.7446095474,94.30752303256031
8,36.50446108141936,12.26928943631076,357,-875835.5975806401,6051.794215395115
8,36.60544760900292,12.566079871184629,357,-916060.883649244,10380.761945786388
8,36.566060070221134,12.489614807916162,385,-965979.4393316854,7260.579814649279
8,36.56494482210096,12.431433814118337,385,-1032670.3967951497,13188.488933536597
8,36.57614952979822,12.429662833282578,385,-1066137.4439905216,17391.262302127376
8,36.59813825132875,12.432274421266504,196,-1122192.6680528158,25102.885378842766
8,36.61147520708453,12.420034181929966,196,-1167435.5517173284,31921.5574928454
8,36.61810496773363,12.41766720562287,196,-1185539.5152571462,34853.47197206593
8,36.63077840750988,12.395779030737383,196,-1233099.0098614646,43351.00973253327
8,36.676208634739076,12.437708403499794,196,-1279533.9414670467,53950.02368637526
8,36.68605605801311,12.416631135059422,196,-1320342.6455034502,61942.02462903643
8,36.690613733930405,12.328876360510064,196,-1379646.5831562015,79996.56932728663
8,36.74497905962214,12.359434211790688,317,-1441953.48652972,97297.5080261516
8,36.77994521888739,12.335246508947913,317,-1478932.330417084,115844.14726877275
8,37.19124077953276,10.128171168744453,317,-1472120.900726608,421672.35648598097
8,37.11642947304169,9.971437017955523,303,-1532366.8275890131,447102.0782591337
8,36.9544570472628,10.170753844168896,303,-1618732.00817439,496709.06388906995
9,38.51430158315876,13.161769469214812,7,4002403.929139909,-1238293.7700632946
9,38.52588209599972,13.0887954508775,7,3826047.2067274083,-1201109.2455947443
9,38.54508531368928,13.045731006705527,7,3687138.1153303664,-1169075.831119074
9,38.53469052676016,12.995731511899747,7,3546855.5485401195,-1135344.7937552824
9,38.574315771960485,12.980179834048316,7,3446528.247502564,-1109753.7587270665
9,38.53811005158533,12.933054083217185,40,3326299.260852409,-1079832.675683907
9,38.581541212419296,12.914695319912225,40,3206558.49529674,-1047972.1234940209
9,38.605756266352074,12.892399470930549,27,3089596.633215406,-1016011.9436547018
9,38.616335482908966,12.87289665746286,27,2999520.282814775,-991307.7515467933
9,38.62840682219602,12.85064311182886,27,2894594.800267641,-962113.2661136154
9,38.63536748142907,12.83781111827769,27,2833163.39704808,-944822.2732069966
9,38.64598248297271,12.817777851403097,69,2736444.3228261326,-917332.786626633
9,38.54064435218362,12.760666407791849,69,2611751.14156399,-887228.116391189
9,38.60747898207209,12.765281213754905,69,2569372.9197998964,-873435.4640947725
9,38.58307240051654,12.732004669072413,69,2449805.0190105056,-840776.5537128376
9,38.5448656934875,12.708412441057762,69,2372367.749630503,-819515.0678790532
9,38.555591231591485,12.694536154951297,69,2302828.8598603047,-799489.3292635429
9,38.53853670877389,12.678289523506802,111,2237506.188340421,-780797.8728268055
9,38.56300477846516,12.667459881643042,111,2175557.884902494,-762594.2570843011
9,38.52775291918819,12.646387484253863,111,2094211.3226710672,-739157.5876306372
9,38.542854322664255,12.635924799435239,111,2041822.5204809515,-723853.1527537337
9,38.53575871950172,12.624820314690316,111,1993367.314510453,-709642.5167931112
9,38.53441149072212,12.605133378638222,132,1904377.3728311,-683371.4241618223
9,38.586325249517465,12.604250729267289,132,1879231.3416286635,-674727.615908305
9,38.520561429166925,12.579905210629871,132,1792213.4976145288,-649935.0262139959
9,38.53126975532859,12.567213101449266,132,1735601.5108445105,-633040.6818268106
9,38.530266349081984,12.55672391608546,132,1689709.3732016403,-619236.5959627586
9,38.52883874605902,12.54277963830503,141,1629343.7951315257,-600998.4034508445
9,38.507284775317316,12.530948271681968,141,1575802.831485878,-584558.8970751464
9,38.48889332850158,12.520852871970567,141,1526268.6373562107,-569004.1545213687
9,38.524618778629396,12.50667163461252,155,1477010.24483668,-554543.7909243255
9,38.512716714076305,12.501014954927015,155,1451661.419921708,-546694.883558354
9,38.47905003892983,12.485014235343439,155,1372166.0129911536,-521376.99964191316
9,38.562044093169725,12.467491578694688,162,1319189.372591473,-504919.4279620901
9,38.55863494753386,12.460323139124498,162,1292449.655799338,-496645.7606381546
9,38.51511318957172,12.442180192689078,162,1223031.2893756344,-475514.0640111812
9,38.51304368639313,12.430069867617378,162,1178456.1258354834,-461400.51858414104
9,38.54070098384209,12.417826032188625,127,1138642.6904112303,-448365.4526180696
9,38.51001276874316,12.413169291939402,127,1118126.5423927265,-442159.70945326245
9,38.51374742374271,12.392077757672086,127,1048292.2638160207,-419640.21190671803
9,38.504218623799055,12.38297505821949,127,1016204.4837725903,-409235.4834482285
9,38.54551133256454,12.365369265780922,192,964759.5632516792,-391667.8637727246
9,38.497493644489715,12.349882025456827,192,913971.7475661329,-375553.464915311
9,38.5059460441452,12.346101108212956,158,905599.8423754637,-372730.7505105939
9,38.4920627286588,12.3227769728591,158,838371.0471870688,-350081.3645276581
9,38.550667942911325,12.312694624295702,202,810685.0174442664,-339569.75809063093
9,38.48733729148772,12.293479232218111,202,765679.7128318778,-324958.12314077
9,38.81297694040951,12.392282787674816,202,749374.6629676581,-294241.61066056427
9,38.84711999741264,12.402642261520336,202,721860.5922923028,-280037.6085984011
9,38.42063264479093,12.255279701526298,222,655100.8238728659,-284163.6445544306
9,38.38409760042083,12.247886557710167,222,605792.0515674666,-264719.75237138284
9,38.371181491103506,12.245272884855124,222,585194.7696709915,-256521.36478768964
9,38.81188511864019,12.33445261228791,222,555084.160007402,-229455.0681332718
9,38.60695032355025,12.191410910118652,222,478551.33189995296,-217497.10456019925
9,38.86936901673497,12.346084915821512,222,485949.99350826064,-198271.16718415974
9,38.63400284299418,12.18024920786259,222,417650.20851084276,-194080.3782019808
9,38.91657108045516,12.355636612049564,222,425908.08445449464,-171184.1741974629
9,38.95160528595226,12.362726049716596,222,380246.02063965145,-150559.5691056136
9,38.23807356886253,12.278290787616536,230,295291.10540862597,-142092.68315430265
9,38.22046507425877,12.320318878026567,230,289464.90236420016,-138285.17458534372
9,37.68207658136552,15.663984196442046,253,262232.22934975073,-111973.46382465302
9,35.737063642018,12.688951153582737,253,193702.7499256519,-121384.64985857651
9,37.512629772531305,15.624705601693123,253,141256.67782862182,-82028.37455846014
9,37.47987960532946,15.617113953586376,253,116756.54297078424,-75891.6254256032
9,36.11825939022719,11.62488140506397,287,5982.849718021511,-102820.16514395102
9,36.0874221405361,11.568462836983146,287,-32337.26890643282,-116154.66664988939
9,35.998769536916626,11.455168082842942,287,-155492.7822185882,-131768.7964319916
9,35.97197202019832,11.417107147428485,287,-199487.81029924785,-133388.26836476347
9,35.85534843801795,11.540757779493516,292,-253087.526954163,-121215.95594809916
9,35.829557490162394,11.516009391870075,292,-287020.616072025,-122907.82433987822
9,35.84813797774895,11.39971205171841,292,-319023.51437727985,-131943.50409987528
9,35.752491373089995,11.442058556537333,292,-386588.47317873104,-124313.8690721499
9,35.73384715998423,11.34668151923838,321,-442114.9601286799,-126031.61914578172
9,35.699122757615626,11.281907958510265,321,-497953.0738426507,-122391.7019882064
9,35.62059616263639,11.326018227824417,327,-535846.4052479014,-117126.70532780599
9,35.57277168719316,11.270393175128264,327,-587280.351727349,-112485.67473497958
9,35.52992622540002,11.200823120663681,327,-635914.7821383704,-106463.7444977482
9,35.50150525440516,11.187502583175922,327,-654295.0954758937,-103570.30933580229
9,35.459954334213364,11.158503408450192,365,-681673.2809097341,-98773.61761366152
9,35.38530802801722,11.096829841142291,365,-725100.1898657825,-89376.24297674325
9,35.31928327227482,11.023553819029704,365,-758545.4988157451,-79522.02165973253
9,35.28010532719356,10.85998714318944,365,-797733.453808726,-61306.56968210918
9,35.19080172196671,10.67912247156893,365,-823068.0819344061,-37517.63448367052
9,35.37488972861157,10.579005546685504,372,-859108.7324131094,-16749.682524740932
9,35.59829498833942,10.504030955538882,372,-918154.1408959248,22553.62067088488
9,35.60169908435534,10.463097759810593,372,-934129.2346538972,32729.83644898074
9,35.74233528821843,10.455691168887391,372,-978928.3393636581,61787.61224668006
9,35.80145753894624,10.444710247219513,372,-1005749.0334759732,78725.58749211792
9,35.723359486477044,10.270234932916479,372,-1042331.4969197466,101654.08003901276
9,35.85141470668416,10.321564682523853,372,-1085651.7620766489,123671.73537182521
9,35.9916001210456,10.372038129781618,372,-1136296.6412477517,154377.29796730969
9,36.037197896232904,10.356735560110574,372,-1171492.6127485703,173993.3879969401
9,36.042129451712576,10.224417784184665,395,-1233864.792002965,206190.40832532407
9,36.09092357547048,10.23781979469255,395,-1260707.7215828616,220610.72514362217
9,36.169085455406034,10.134661573679296,401,-1343264.8127714172,266604.437462076
9,36.194099592098496,10.138564199846156,401,-1359208.9169076122,274929.8764209658
9,36.28826232266804,10.184117162137262,401,-1411418.355947788,302400.89518532675
9,36.36838503168093,10.165755660634103,401,-1468069.0977799208,333735.7286683768
9,36.47326811944141,10.162521207982984,382,-1530874.5837194968,369863.7192214881
9,36.67156403358259,10.125563207741903,382,-1616199.7985553415,427070.09754585597
10,38.518094360265785,13.16362541369775,24,4003874.0294769118,-1240005.2838715115
10,38.52878300931778,13.099069393444374,24,3850056.499215225,-1207739.6819161882
10,38.55873091637206,13.057679219542464,24,3705117.3770533544,-1174324.0837760328
10,38.53792455179218,13.00767201936879,24,3582586.871297676,-1145197.6761759454
10,38.59242052483927,12.99449476612217,24,3469105.5397482277,-1115868.089306543
10,38.54118778908066,12.950151443500538,35,3385610.2972948756,-1095963.1950970287
10,38.59552208058934,12.936322638500632,35,3267389.74317531,-1064274.8234532771
10,38.54324205754014,12.883863447396232,35,3133667.0676922416,-1030337.1368309583
10,38.656607592284985,12.920775557530161,35,3114741.0547555974,-1020026.9860112539
10,38.581098184832555,12.854344425790238,20,2973678.0972600104,-986850.7698668819
10,38.54381211558182,12.820669900999556,20,2872245.8523291717,-959830.9641770925
10,38.57347588088728,12.809679346264973,20,2796971.9752913974,-938769.8034569136
10,38.51478205466273,12.778312488343374,52,2706706.678981585,-913775.3744347595
10,38.623247348094395,12.791527643920752,52,2661303.4604268926,-898833.1640366471
10,38.542830806443924,12.744757181052222,52,2537989.285133446,-866821.4926647131
10,38.590687633534,12.745888294672078,52,2503239.2975255344,-856013.7261327379
10,38.5827492042374,12.734760901448727,52,2461776.1783790677,-844526.8247773902
10,38.54130313365505,12.699003998829555,52,2330110.7109017544,-807575.5641925877
10,38.54082941984679,12.688205404859797,52,2280717.4517659014,-793350.7199503824
10,38.54019596257407,12.675113503301723,52,2220771.3425862757,-776012.2038651473
10,38.53926845098988,12.658163351244713,97,2143163.983373643,-753444.8859141534
10,38.69674315758283,12.686190202032343,97,2109188.202032243,-733723.1019804949
10,38.51343553467505,12.630072709566578,97,2019105.7576474086,-716831.8924802502
10,38.55266301984139,12.622073360395255,87,1973595.688554336,-703555.0130017677
10,38.535824161765156,12.608547809116418,87,1917370.0907715352,-687014.3721127504
10,38.53478262427505,12.596157042373967,87,1861616.2494616746,-670432.1685988486
10,38.554395908709225,12.591502624414774,86,1836070.49675736,-662634.4275848819
10,38.53262745405342,12.57302727834384,86,1758587.2937016585,-639597.6194285039
10,38.53195675210998,12.566386084546247,12,1729300.4610226033,-630786.1895174526
10,39.10862359038171,12.881356067622573,12,1839110.0424477686,-580763.659941493
10,39.119265575918874,12.876549129571998,12,1793191.2267789326,-564982.1775040458
10,39.13790617046223,12.868129255021065,12,1713055.649127981,-537363.027775212
10,38.96154202441595,12.71089581161833,12,1637127.711078899,-548209.9165718025
10,38.524191479438855,12.502244249050054,12,1455473.4919494411,-547333.016767858
10,38.73886543265754,12.541341663512448,136,1439487.4981233787,-525811.6600309617
10,38.52171090152869,12.485164622857699,136,1385955.671407498,-525810.6022542694
10,38.58112808484741,12.470346782490608,136,1320716.9703729502,-503912.4973325431
10,38.542084601360585,12.461606380648766,136,1295369.6057141246,-497290.7879806038
10,38.540349234327145,12.451992919685857,136,1258902.880181923,-485830.6045305596
10,38.51431306156088,12.440274483859039,136,1211868.4328589542,-471205.8687325529
10,38.5936874182978,12.426419170577049,134,1150570.574582975,-449123.1971480827
10,38.51015348016055,12.417825652092557,134,1130154.6626699828,-445169.4901013656
10,38.50629493307839,12.398318191892564,134,1062400.786324548,-423344.880582813
10,38.55535032935477,12.387176666880153,134,1028443.8749460434,-411350.2823305394
10,38.520473109833546,12.37314120263551,134,984504.6912836713,-397805.3784058103
10,38.500698571779736,12.37159535058398,134,974931.654563529,-394793.09217516624
10,38.49738693699983,12.35634142125496,134,927975.3147588104,-379256.9354844754
10,38.42841657808211,12.359599356716776,160,884685.193737945,-363121.0426091054
10,38.41229449753211,12.356923719680344,160,856574.1947230225,-352868.7051090153
10,38.48702084920111,12.30719632898531,175,792929.1947534066,-333473.826759597
10,38.48500796688698,12.295271152679069,175,764214.2410054652,-323456.2723170479
10,38.53903042781187,12.275131047900805,175,714650.2146551872,-305210.46376437263
10,38.48488610133304,12.260576220810512,175,690434.4573843782,-297030.2119316886
10,38.72323509814465,12.324648094289145,175,667885.3040652433,-277237.5445066167
10,38.766992483047744,12.336410751849158,175,635763.0076392217,-261453.4865089853
10,38.541226942893644,12.217501434042932,175,590870.032933832,-259543.76672659282
10,38.82705185319327,12.35255563358412,175,583358.0781426843,-236129.0769897967
10,34.8903052792034,12.290457031509348,191,511603.7299676643,-213383.83190824202
10,34.90387477076122,12.227700319706113,191,444208.81258814706,-212752.37515761945
10,34.730285135986996,12.22981931807184,207,444993.12839502003,-207653.6503516828
10,34.70587553421667,12.134490017576823,207,344425.180923197,-203132.69817082302
10,34.694781538160555,12.091163506408144,207,299549.6773624012,-200284.95409192413
10,34.709480022810986,9.664910352309683,222,220471.132940222,-213681.97787136468
10,34.60112809872703,9.722822638142716,222,185340.71324488553,-203710.48742953496
10,34.55208016049648,9.749037938353977,222,166837.8883075806,-197979.94156088625
10,35.01547466387394,11.806463095913243,222,82756.87917647754,-197506.37423547485
10,34.98498069408911,11.731678392287769,150,33569.444549166845,-189386.7136694197
10,34.978515255676726,11.69590917598677,150,11302.818605176422,-184391.671812225
10,34.917454273280924,11.672251704645946,150,-18586.38664847757,-176341.38664771628
10,34.9047115624696,11.628708719357496,240,-49227.37250656252,-167407.77273685165
10,34.86000645167784,11.597863208231637,240,-81958.70207876356,-156843.16048571304
10,34.865139019631144,11.527271925730677,240,-123506.29491322505,-141267.38544288903
10,34.782584096336755,11.487916021477503,97,-173472.98276634948,-123337.33178450866
10,34.722312270544656,11.469464504425822,97,-201087.41404423528,-113043.3891451363
10,34.58403756321716,11.458986270349987,195,-235823.1349290261,-98210.70825893276
10,34.605300863411664,11.398066130332676,195,-265499.5916894518,-86713.72985256898
10,34.55003986867755,11.344842368128885,195,-298986.711570923,-72028.07447147668
10,34.48043561496121,11.267466188582919,195,-335516.4064009155,-54850.62499482118
10,35.91275015095832,12.901402725980892,195,-382286.7254488227,-41307.39568224291
10,35.88883520406304,13.079019771558547,296,-422990.6602674292,-652.9532026130801
10,35.919225060183365,13.035123379845484,296,-493832.7786476075,-4585.740451936054
10,35.97023387705705,12.9614440903667,296,-532342.1488979139,-9961.069525962786
10,35.96091721144989,13.102290881262244,312,-552839.8021282402,19331.323809735768
10,36.02965136769738,13.028207785791187,312,-629156.4223730877,19482.13504050019
10,36.03721656252734,13.036943349270071,189,-635784.589588484,22713.054773971227
10,37.16199287792421,12.279394379914894,189,-644928.4995581385,120380.90565525969
10,37.09362151288245,12.280848485385905,189,-704331.5390526023,135466.39921255765
10,37.0439005371579,12.23455557008577,326,-748380.8758522238,156206.04260399847
10,37.0170638876678,12.177520969096834,326,-760838.9886147262,170074.9077807066
10,36.85219471367625,9.274128801944958,334,-797197.0623840899,234075.05656879814
10,36.89657766055117,9.350899609685612,334,-858682.4585108152,257314.43274153612
10,37.26966467604054,9.461639858497259,339,-894825.2710926224,274106.0222594538
10,37.23158588922694,9.551243695707226,339,-958031.9311456279,296899.6886227672
10,37.18541551468209,9.659887984846256,339,-1035397.2659779645,325415.92788214795
10,37.17494903258224,9.684516840876418,339,-1052886.5545601626,331962.7484741403
10,37.13187568632566,9.785873460375807,339,-1123881.8741953187,358960.11218691035
10,37.113178177598414,9.839639243447605,339,-1158788.231072366,372540.2472489167
10,37.06420405938478,9.945112710140412,339,-1228401.411676243,400205.24363671214
10,37.01762237982976,10.054724848054528,339,-1291106.890872187,426215.5505008913
10,37.02336824203591,10.23591626395752,339,-1335454.9697110662,446699.6955872304
11,38.514191928067795,13.18333893942949,5,4079761.645543664,-1256812.0641448437
11,38.592966731457025,13.13582190825392,5,3883682.096505266,-1214265.2315559108
11,38.531965436669076,13.062291155444722,21,3780601.4620067347,-1193201.1471620675
11,38.60259221763626,13.046147638766667,21,3639101.0253925775,-1157627.8741845936
11,38.5701972995965,12.979836161519604,21,3478704.2192388135,-1119649.6261062545
11,38.68623186218709,13.027029706754723,21,3433643.4433596735,-1099572.9203666889
11,38.726082044459254,13.01792095121859,21,3323008.071516015,-1066408.4018958744
11,38.53758709080443,12.899071542426025,7,3221848.107847869,-1054009.2606533167
11,38.542125261840724,12.858002575492137,7,3051358.1409339043,-1008727.4768626817
11,38.54232522653908,12.83670739601715,7,2961703.761759378,-984526.849598589
11,38.5423967934041,12.817006745295753,7,2877013.6569707426,-961443.602002062
11,38.618289728895334,12.824154075565994,66,2822619.1057151733,-944093.6912107816
11,38.42808213909114,12.77761818126361,66,2741722.55124047,-918362.0397313216
11,38.589051260490564,12.774425174998708,66,2646696.0815727925,-896724.2351405771
11,38.541712325268975,12.74803726456196,66,2569934.2236026237,-876105.2072125329
11,38.541316506884435,12.731290469133102,66,2493525.5215705996,-854502.06619184
11,38.540796868266305,12.713692227600875,66,2412739.5518096266,-831510.993699106
11,38.540298519706646,12.699554600552196,66,2347579.3273631996,-812856.6450588374
11,38.53995744207161,12.690926218048329,66,2307736.221060719,-801402.3703818336
11,38.75248569365713,12.75085795818936,96,2293997.486381715,-780302.432060022
11,38.718966740252405,12.707854473321307,96,2177607.2230057972,-751081.586156195
11,38.70396674215878,12.68861007200448,96,2121204.99527626,-736448.7624553733
11,39.000300015145285,12.890118110756282,84,2196013.9326139246,-706518.6523458009
11,38.56261785943718,12.620014964136054,84,1971455.445157878,-702993.0922187294
11,38.67053279840984,12.632342729967533,84,1928601.0818225965,-683237.6028712078
11,38.66314557032837,12.626530443831696,84,1912934.287594227,-679309.9017343544
11,38.53366749157351,12.590533932235362,84,1846850.8856627762,-666308.1235656528
11,38.543064562765394,12.572749510398367,125,1765660.609720054,-641953.4131711076
11,38.532792747673724,12.557931088221538,125,1701348.4495188228,-622643.082112045
11,38.460989835479396,12.55325377635102,125,1659270.8145800538,-607769.2243350561
11,38.44511525190516,12.552219690463385,125,1642928.2538539723,-601716.4835110068
11,38.52666667361036,12.523490772764376,125,1552161.2849795702,-577328.7816528679
11,38.750900645017694,12.57213884980285,125,1553559.8115890052,-559503.4259623502
11,38.521384811934546,12.50231968382845,140,1462781.0737556205,-549888.5300225379
11,38.4677911734415,12.497707369364985,140,1420448.6706224843,-535457.4546139532
11,38.432545115702986,12.494674063426846,140,1375652.8080697157,-519317.128329416
11,38.41066684507224,12.492791200704643,140,1340909.0323646101,-506577.68226832297
11,38.673337597305704,12.485536899739616,154,1313422.074554611,-494558.83459795784
11,38.62752632544609,12.462893804979018,154,1270001.0929367803,-485144.0933212442
11,38.58991674977261,12.444304554968884,154,1223540.0621154113,-472985.69228813984
11,38.44797337494425,12.443497693856564,154,1187517.886603411,-461918.909519592
11,38.50888144211828,12.410940767662142,154,1110681.2523372178,-439244.6158697582
11,38.507444478395726,12.403541062053183,154,1084848.6062634136,-430926.875772305
11,38.543567387707135,12.394124975292963,172,1057427.5298711627,-421515.96354691056
11,38.503511449003405,12.383987085180411,172,1018854.8035170852,-409515.88494106114
11,38.81913623255915,12.463869606375395,172,1001260.8449642201,-375070.22487469047
11,38.34889801044903,12.420670800864684,172,945935.7203377595,-375410.14394853613
11,38.564537478391486,12.344765782600344,168,895347.091398299,-367145.2908003201
11,38.52126161061092,12.318395267138497,168,828905.3585415842,-345901.0640206382
11,38.48778805370729,12.307981792736634,168,797507.1216543393,-335386.033143244
11,38.4859774200466,12.296894547671638,168,770453.315927868,-325968.8091722456
11,38.48421264175377,12.277411660587573,185,726493.1575374114,-310409.576777072
11,38.616841337962775,12.296174043851607,185,718401.2954931664,-303719.79146623175
11,38.667439237709175,12.303331900443224,185,682366.9138479627,-287668.79132043774
11,38.51973325957139,12.227633527282386,192,623095.8598295401,-272174.07005478156
11,38.385979601927374,12.234869351402505,192,590183.3738385781,-258065.39166438815
11,38.358244498403096,12.24506217543434,96,562457.4456672847,-247044.69109500418
11,38.333966897685265,12.222927182784504,96,504579.1367652646,-223250.73781206718
11,38.542827591437494,12.142936128666031,96,467468.61038937344,-210192.68210990375
11,38.30932199597724,12.18229654945028,96,456089.15081151784,-199804.09372623742
11,38.231640519990734,12.36529889017262,118,431764.0056961054,-188109.21433675065
11,38.69963136990233,12.203908987581457,118,362941.0015961163,-171347.5434251881
11,38.53777074548536,12.007438227051482,118,347194.3582583832,-148193.56427326304
11,34.93409476004361,9.440706822800365,208,276426.74617115036,-151681.2097838679
11,35.21380015881939,9.394828751063105,208,244807.65603865424,-149131.54072836562
11,35.39250939201366,9.468071781859988,219,188391.03032896962,-129465.74862897345
11,35.41449336178337,9.460618241327918,219,178417.74843794585,-125975.59459581785
11,35.49035228493423,9.494689856310611,213,140734.5409684898,-111357.08815156053
11,35.57203705609331,9.4505504113215,213,92825.04250898938,-94248.89626881019
11,35.530253816857815,8.24607524108514,227,70997.50659418327,-68075.05911124314
11,35.722292743793275,8.420311839626118,227,22717.502929701215,-56150.62487414655
11,35.795211292216,8.486470717154067,227,-3228.6455994275316,-48529.08657704732
11,35.78686308537687,9.303918130159907,226,-48650.96574712666,-43003.77900400276
11,35.8557488369047,9.25544402647367,226,-94550.07646454622,-26085.46865075096
11,35.90668229852835,11.662570892953344,125,-128370.98695949998,-15801.539984117502
11,37.45066940080725,12.487440515889794,125,-186473.25539874015,5254.726942875205
11,37.43146261966929,12.486189367396431,125,-214762.04634488258,11314.527160631278
11,37.37189577634337,12.499683061749412,125,-275471.12285688653,25147.919791292
11,37.36600739628579,12.481925550178397,125,-300197.05991780397,28859.037036702048
11,37.31487567685846,12.47859478000587,125,-351342.89820081124,37836.23714926497
11,37.12703419875167,12.466358602551859,125,-429969.16689096886,46924.99408239829
11,37.20242841029718,12.429080248979062,102,-476728.80114367494,60457.69233214407
11,37.18672192284941,12.425956936206621,102,-487525.6899377727,62652.93656619983
11,37.22694175742738,12.297571143182177,192,-545700.3065705745,92856.90344931037
11,37.205014678421975,12.298757357375836,192,-576799.9749363479,99395.56352409231
11,37.169689990026555,12.300668357320282,192,-619426.7844257224,108542.28727314656
11,37.03018372116203,12.308215387008579,192,-674275.2317393004,124178.22338043003
11,37.084562592653555,12.206952272289234,174,-722219.7552248131,151016.84484237235
11,37.038662649805396,12.20122927957094,174,-751322.1834586182,160657.79983504207
11,36.765989929101956,9.364983772014348,228,-803447.0130084085,236919.89185038075
11,36.795950629985406,9.392793174329286,228,-833730.1619025781,247936.33275323707
11,36.85883371431539,9.451161000827732,228,-894067.8783154002,269867.27904694487
11,36.911933292241194,9.500447815947208,228,-940545.5078061625,286758.2943052185
11,37.14520055785928,9.581854367424455,265,-987145.570008565,304645.7077898577
11,36.85276354880629,10.875846455255981,265,-1050184.973713994,349927.55985217734
11,37.021764223312346,9.728145296233562,265,-1099757.3644387007,345072.9447862289
11,37.0742269806005,9.81894668510452,265,-1144093.54458791,361722.07557191193
11,36.98127445648133,9.887454869176624,265,-1199247.885962032,382662.4826680437
11,36.98022723647925,10.132959562231747,265,-1311789.215552875,427079.6285050113
11,36.97003104820479,10.167020659373298,265,-1324525.181816205,432462.43544800545
12,37.94568811402297,11.441968725154172,7,1674868.707123661,-625632.9494148204
12,37.96662456799323,11.376844168802094,7,1580817.3471898846,-597881.4916399813
12,38.061712497426385,11.377609940437537,7,1488128.2927800587,-569645.9198574607
12,37.99326233264078,11.293985218220152,7,1421447.8848318812,-548632.8903408089
12,38.00159273783176,11.268072809983968,7,1364933.0819200801,-530916.0820853971
12,38.00895603835596,11.245168660092737,7,1313006.5731792427,-514578.61898612225
12,38.01664830954198,11.22902932812756,41,1273938.885309241,-502297.5646369873
12,38.02671240245147,11.199447681346108,41,1203208.7562889552,-479956.32513959275
12,38.0430236790606,11.160282734225005,11,1105412.2728495547,-449038.8341558168
12,38.05266324829948,11.133357405604505,11,1038195.2607795589,-427748.09013903054
12,38.21898108497939,11.217233789519831,56,999547.3055882235,-410017.9752154758
12,38.10731855276547,11.102122852039875,56,930699.4824832764,-393706.2009250427
12,38.07864580992531,11.07256462652759,56,883379.871107275,-378716.55625733745
12,38.105905104869834,11.054917209840967,78,827519.6198291562,-361083.1272065949
12,37.83861766782846,11.065901845265923,78,818658.5483484858,-346272.0952551869
12,38.100296512742716,11.016027269899876,78,742450.706016115,-334060.6950755022
12,38.13268420190391,10.998314974365371,78,686354.9703013942,-316380.17868914065
12,38.14197930976416,10.980655967710693,78,642835.6069326444,-302604.60315717163
12,38.01004632790569,10.9578117813922,78,614676.3912306868,-290881.7898140803
12,38.0496334427216,10.932851113980458,78,555759.0958561314,-273265.9470072349
12,38.17365149040487,10.92473576686726,78,508274.3548780106,-260018.38408853754
12,38.120016372713174,10.899706385841254,78,471846.11006610736,-247951.62273549655
12,38.12704378690522,10.884041953111302,78,435746.4031287198,-236496.54541269928
12,38.040422178421935,10.87608336558513,109,416512.8473870058,-227961.81428788695
12,38.08178615332285,10.854192816083494,109,370381.8405290857,-214397.40702232756
12,38.167412933315944,10.829891983662561,109,313137.79070767155,-197764.41709696548
12,38.162671046015156,10.811387095606761,109,275512.583436382,-185592.0562883298
12,38.07294411264388,10.807112652374366,129,261159.03833832228,-178689.704714722
12,38.15962714201107,10.777774145406504,129,206594.06862563157,-163274.4639294106
12,38.28054731055283,10.763539154166292,129,162004.7352893418,-150090.7599786651
12,38.224423602717785,10.75584330810404,129,159363.21158017687,-148949.56673137133
12,38.30449581171242,10.728742281770847,129,97473.88449849508,-129403.45501543941
12,38.31507169240485,10.716052828423447,142,74484.2829895479,-122000.74793585234
12,38.371442405032695,10.696601306119025,142,31454.931528583795,-107939.60040668218
12,38.39910333714053,10.683400636751434,142,5574.6569188338735,-99379.89688963076
12,38.453168179749106,10.668400656248988,142,-28637.011178503915,-87688.90866399971
12,38.20457972656927,10.636665141543359,7,-58896.31939028563,-77322.55427917198
12,38.35398081594285,10.605731960091115,7,-99654.62954014233,-65143.1959945563
12,38.21433117289958,10.60633246835265,7,-109851.52211971958,-60588.16668734661
12,38.22218465272802,10.581903575552849,7,-149313.70115772245,-47554.341180309166
12,38.3518466763145,10.544098297764497,165,-187892.95661759487,-35648.837947869346
12,38.3629969214821,10.537141165452711,165,-196732.87775141437,-32657.050541853543
12,38.267471698068306,10.517063000958686,61,-240711.66336534187,-17363.408097753432
12,38.27029942943602,10.508999880767378,61,-251998.89340621603,-13554.85782261147
12,40.101624714053976,13.230534786670628,188,-307112.95706927567,2128.555607852868
12,40.04079011656927,13.202406659468924,188,-339707.14494601917,9713.399416570708
12,39.96607622737219,13.162861001772544,188,-375149.41414863954,18485.145012560082
12,39.905615854836086,13.1308596533994,188,-405576.40366370836,26505.041103368247
12,40.02284894298215,13.252875873668145,188,-433686.94311606884,32195.942193170387
12,39.804634639089315,13.077410841744683,188,-459523.2808102751,41770.83762108798
12,39.78337087143215,13.066156044462113,188,-471315.4313599769,45281.35325446806
12,39.98394835992899,13.27295584312313,228,-512452.5531976209,51108.21180043402
12,39.946549017163264,13.256509715003611,228,-540065.1489480656,57826.74565998717
12,39.95619314609613,13.303694701307506,228,-592390.8370432728,70392.66672846561
12,39.9941913379544,13.345923050131747,194,-596079.8844186252,71416.52986243957
12,39.93560283635787,13.32519067460895,194,-650043.2248259961,84346.92060225646
12,39.9546352651649,13.364787409378737,194,-674516.6905551569,90353.00579150248
12,39.91327473600892,13.347351500499174,194,-711046.34226722,99152.14439203177
12,39.92883131909976,13.377093355703426,194,-726494.9318393951,102951.18910573154
12,39.91651290517834,13.398673990485113,194,-770708.4112251215,113735.29761808024
12,39.8564474385577,13.34934785333487,194,-797286.7737488355,120210.0826470194
12,39.86887133503032,13.388324469651655,194,-828034.8224637534,127653.97689654783
12,39.85931702466014,13.39663407455659,194,-852464.1058364613,133623.11548728216
12,39.84620130954243,13.407776492488807,194,-885590.7840454801,141726.7840492569
12,39.85274704388922,13.44049572502844,194,-913766.6790745895,148664.15783893448
12,39.82983950555419,13.424302722092559,194,-929792.9414675928,152556.6620593943
12,39.8149862651554,13.433104365663478,194,-962530.4009889407,160589.29435170133
12,39.79648673512946,13.438708332135768,194,-997217.5352112007,169113.77675076542
12,39.797568933237926,13.446540955936772,194,-1004305.9581810711,170854.71813833172
12,39.78615779865539,13.45509665930994,194,-1031242.0727243422,177482.46912803865
12,39.7675987318054,13.453985454300488,194,-1058663.1771911222,184242.73857904045
12,39.76820575300105,13.489034250361861,208,-1094509.9867525063,193089.38478368692
12,39.748158110318684,13.482181123147186,208,-1118410.4648717297,198977.88465339906
12,39.73576231999673,13.490572438385964,208,-1146012.0328823272,205799.46419990217
12,39.74214171337349,13.528115326394676,342,-1172184.6004182159,212326.62690805836
12,39.705401501480374,13.510245161328829,342,-1211884.1023175307,222109.2884883928
12,39.75400295525993,13.623536756174587,355,-1232749.4639003924,227894.44849546935
12,39.707672608985156,13.575237130307244,355,-1264937.1358941318,235413.47842260855
12,39.66785793514618,13.532916036976397,355,-1289932.3595426895,241490.0046124857
12,39.675431252860335,13.587469229393301,355,-1322722.842745871,249764.17770028862
12,39.641589229992945,13.553218234917166,355,-1346745.061474521,255638.70837953474
12,39.62123607548798,13.56259149413242,355,-1384633.3116541102,265093.13465021225
12,39.642802444063534,13.64228385670177,381,-1407970.6299187008,271229.1553627703
12,39.58135739743924,13.578628645336613,381,-1455275.9020209403,282766.77232654154
12,39.57487121184798,13.58170658536732,381,-1466851.235803318,285668.82915720035
12,39.590861646574744,13.672930080064106,381,-1498588.0142101408,293984.44304890337
12,39.53618019849818,13.599093934843545,381,-1533485.5123418968,302410.75622969755
12,39.51753090359874,13.634056102121326,381,-1579246.8727641066,313976.58729222184
12,39.50092497744841,13.613513939163363,381,-1590569.9876370174,316807.3116947817
12,39.49049311969404,13.651075865155182,381,-1623629.9980893584,325217.1527591752
12,39.46588088729333,13.678909404792975,381,-1666806.0433284733,336242.40477694303
12,39.43624692599001,13.636546049816378,381,-1686144.6722745358,341048.1030262319
12,39.39528975957022,13.598835640157505,381,-1718362.7560243898,349385.6984610004
12,39.396784831252816,13.738912993110864,381,-1764445.950814572,361449.76697308716
12,39.361449585909966,13.76959841332386,381,-1805370.1524271134,372224.74491076363
12,39.32640404676087,13.665019020192467,427,-1820310.2110088847,375507.9461913252
12,39.26298502184877,13.678138682528523,427,-1881714.7031453783,391580.52443788876
12,39.250065588903674,13.680204284196215,427,-1892628.034202345,394472.1266973995
12,39.178963084343565,13.668846842050804,427,-1940023.245860382,407276.8308706958
12,39.11097040323215,13.661327649262608,427,-1971491.4536355834,416255.32689052157
13,38.37976837360871,9.301837609383245,1,2239623.133808339,-950037.880968229
13,38.22930951320428,9.344750296732775,1,2124134.604793812,-915152.7622870352
13,38.18780496345874,9.394139296083742,1,2072531.124350468,-898120.536991062
13,38.145698387571514,9.414385383463294,1,2019992.354489918,-880469.9715596545
13,38.086710674929705,9.442748420810824,1,1937152.2127493103,-852045.2567173091
13,38.026518131003186,9.471690776684117,1,1842006.2068127189,-818742.653901004
13,37.96102223070315,9.441679822777061,23,1770264.5724417558,-793844.4862667014
13,37.92622882904356,9.433499258246531,23,1725636.630804945,-777916.9233317587
13,38.04561974081151,9.662624457027377,23,1691126.952976426,-758244.8179089364
13,38.00316305945511,9.650038634120257,23,1643291.7606586067,-742655.5018332251
13,37.834833827415025,9.492709385495324,23,1544745.6831852011,-712184.789307941
13,37.88334023086537,9.614518455606978,23,1498864.8797205146,-693464.8445400723
13,37.847423240386966,9.603871253162604,23,1453508.3051566835,-677430.1862730944
13,37.81650811430635,9.594706799192785,23,1413933.124741092,-663228.0142253682
13,37.78890501047491,9.60884078091111,23,1352184.3365856546,-640301.7895988339
13,37.72469492842486,9.567489775602485,23,1294519.6202354294,-619230.8675819951
13,37.92844053331311,9.802990875722715,65,1297790.907628933,-609941.114929396
13,37.86987410851436,9.770130998010801,65,1256736.099141403,-598433.243375026
13,37.75904752730115,9.707949502069916,65,1168891.500194893,-570170.4998969574
13,37.73987227591306,9.697190839271679,65,1152637.2701093848,-564524.4947233758
13,37.846698829383854,9.824407958189534,77,1123559.2890693785,-546594.2507952807
13,37.79475535494753,9.811922641049001,77,1058682.917854906,-524410.2868845938
13,37.5028630964155,9.496159922374703,55,1012850.6872422522,-508573.8824008568
13,37.4645549270152,9.472786431015466,55,976674.1648314063,-493005.8036322165
13,37.44269164262753,9.459446683992324,55,956085.0613778722,-484008.19451375445
13,37.467637496744985,9.54444800780924,65,906882.6489932733,-467982.018561715
13,37.40616493200951,9.509957581480732,65,851062.0757993946,-443609.6189662723
13,37.83444527517951,9.962027745316469,95,826603.1531720968,-426276.3776198579
13,37.82547253841291,9.957688102685491,95,821277.4201802306,-425008.50798796286
13,37.43197715969751,9.642495161908991,95,732294.4698737779,-401272.1334173638
13,37.53773388572019,9.777218946739168,95,695344.8592124046,-389560.83074514405
13,37.54892403843893,9.808499250351508,95,660482.7056434908,-375849.4801507287
13,37.55162194344513,9.825240918804614,95,635786.7354081344,-366090.6777917442
13,37.5168860135788,9.808440969581135,95,610918.6778765738,-356502.3844228881
13,37.43657223044284,9.761332855068138,118,567003.3162111018,-338295.0151104374
13,37.503216750382386,9.830100110625212,118,553085.8722763298,-333759.8981175278
13,37.61046869146676,9.944928992584263,114,502836.76224850834,-311137.51958344766
13,37.58944851972596,9.93509939804918,114,490156.9651490278,-306924.0394549087
13,37.87542436272987,10.140619330919717,131,467281.2035556078,-270615.74093715457
13,37.763253784199804,10.091027306145401,131,419009.7353383574,-264313.76095392025
13,37.71458199406603,10.069508895045495,131,395412.9908321116,-259459.92512356542
13,37.456681593312155,9.912160705146803,134,339821.31848550076,-249191.89374130938
13,37.516508491230695,9.975110817833338,134,304812.15237167646,-234340.60381579105
13,37.554233020298,10.014804725397575,134,278889.7993673869,-222490.03659329255
13,37.43579838999155,9.954069913154402,134,234855.30290192176,-207140.33710118197
13,37.612143741797475,10.07573862922648,134,233016.90468506972,-200339.67599160285
13,37.42654455887139,9.973869147758194,152,186296.19218540026,-187583.66911689145
13,37.58714660175678,10.091398696767644,129,165355.2050512683,-173886.47101313548
13,37.4137316304413,10.002694986227144,129,116862.71792547838,-159499.98764296368
13,37.61010629618631,10.139636235182435,129,92817.07492560198,-141908.14121294545
13,37.617681504273,10.155551490161262,129,68312.3210539937,-130971.60328660544
13,37.397076497300574,10.042940572870872,152,22605.243139524468,-121133.18149245597
13,37.42573291833887,10.069628057079832,152,5849.433256308392,-114093.60000725025
13,37.39060492683961,10.059524795280755,152,-15269.255393634496,-105631.70110509616
13,37.42545962459404,10.10187177813796,152,-55256.94810707722,-88879.29141841724
13,37.4253894945918,10.110145850533941,152,-70898.3617691708,-82396.60452703894
13,37.6027641516009,10.224074810443758,167,-95597.11419389401,-62541.41183745975
13,37.5302762181273,10.203823661420202,167,-136282.94761046334,-50705.90781298149
13,37.47283812864529,10.187777027808384,167,-166904.8038502947,-40759.204138043024
13,37.38892547122058,10.157986193631082,167,-196518.88246600353,-30515.612387188365
13,37.35722726421706,10.155478509529738,167,-221932.0062385426,-20034.09605607967
13,37.3505942458826,10.177022811121043,186,-265109.4859183712,-1892.929181100979
13,37.3849859396038,10.209323756343514,186,-290586.0837283157,9152.604128292238
13,37.41389660394018,10.236476876298724,186,-312184.85944663547,19011.578624094676
13,37.453812623818465,10.273966311452442,186,-342127.44732194435,33457.13165588467
13,37.51508749106504,10.33151614155067,186,-387867.17502303486,57378.72775700389
13,37.32637368041319,10.264230107984428,204,-425986.11952003714,66786.72951081995
13,38.04582172402693,13.484753873949511,204,-470337.64456152526,72292.07620211264
13,38.247329670744904,13.40027834093809,204,-508387.687152195,67778.8315987294
13,37.145154261840446,11.908189517017362,217,-534460.3568536724,97494.55103279413
13,38.20690919503595,13.468981389218005,217,-591899.4871663026,91795.81653453568
13,38.2283058171987,13.463434994953442,217,-613719.1766985956,96128.88656261505
13,38.252739463636594,13.463553005929105,213,-655644.132689342,105624.93031795399
13,38.26420470615876,13.461690609996058,213,-672359.6630886713,109330.56055737314
13,38.46520000103917,13.224665126017326,213,-738365.1442392657,127677.06412067385
13,38.36986800303789,13.397525179040063,213,-772409.967944801,131112.81432895575
13,38.33308435114637,13.450501908976737,213,-786102.1480729991,135473.96608195282
13,38.58756212422497,13.018423259884823,140,-825026.0532061383,168192.6951792518
13,38.48852493373817,14.949878803494999,140,-833538.0950447815,177805.52420761247
13,38.59909091901878,13.04990310003808,140,-898097.6235204759,183248.46489033406
13,38.6064208722835,13.069917833688152,140,-943491.9563428776,192676.91470111007
13,38.530225737027806,14.834471849966393,282,-950204.2509904117,205935.3381914807
13,38.54331767792478,14.796125916546929,282,-988906.3189132713,215175.75631276128
13,38.46851141264311,13.438432166579794,282,-1064955.6009751803,203051.95725054928
13,38.574258898418876,14.705499936005145,282,-1080150.2753743082,236747.21255779534
13,38.50508224162509,13.422562842611532,282,-1126149.5756514443,218309.1019260733
13,38.49867239405494,13.462497459386356,282,-1160463.727496404,226678.64829411532
13,38.65627026666997,13.194543439328205,257,-1211983.415305286,250140.5117188594
13,38.518689506740834,13.503493120757588,257,-1246182.1436127145,248056.22720339432
13,38.633790522083885,13.337520418090614,257,-1311520.2311971397,267402.6234206899
13,38.31726575318734,14.092033177250526,257,-1308981.391411045,289432.5730516763
13,38.61745477630802,13.441419978333355,257,-1374797.5391571904,280626.09410068515
13,38.60046003632327,13.514775093748273,247,-1404657.1340594876,287601.0675308869
13,38.592132047099156,13.640787291385372,247,-1475117.4952917036,306582.07589878596
13,38.58942157383708,13.681799915585573,247,-1492174.2860920506,311731.95043840184
13,38.61195922613129,13.701391394006157,247,-1528417.6030151607,321126.6188171833
13,38.67286327311927,13.643418528724203,188,-1578888.3483051907,332633.6114676912
13,38.701514267852936,13.666980058353214,188,-1617111.1058935104,342779.7935770622
13,38.744289436621735,13.702156791855852,188,-1662805.995942109,355283.8585483306
13,38.861054619459104,13.798180205375472,188,-1724869.8027914788,374902.36423503235
14,38.884910743374704,9.893044886614305,3,1519362.8215142603,-613718.5799548583
14,39.11392185942901,9.799277650312943,3,1468475.5907963538,-582810.7844263085
14,39.23706081116755,9.748859140571996,3,1384005.487552577,-543724.9087633217
14,38.557300387074754,9.86685860123518,3,1279256.4800511973,-539472.2047708216
14,38.53193184386873,9.867930950740975,3,1245611.8807730272,-528122.0707561803
14,38.52748033631477,10.05737202463573,3,1203263.4474346675,-505847.93675615423
14,39.37625089651251,9.872976050761185,3,1253379.749516508,-486875.71816692577
14,39.39972293248125,9.682258104651604,3,1234237.7004122764,-477347.41819515254
14,38.41962074997427,9.944629055196433,12,1078313.943505749,-469845.8814998771
14,38.3969453089873,9.88252336783838,12,1033198.6982325822,-455179.05299120105
14,38.37285969587082,9.886529028069821,12,989640.8335285997,-440013.9706742303
14,38.35778817231804,10.004358694704946,12,956811.5506846241,-425386.61349044833
14,38.37031726822992,10.073509093400657,12,946425.0190115388,-416538.5522181048
14,38.35856844874276,10.075392304927062,17,923900.658752887,-408618.17244991625
14,39.01552173512278,10.562939533603483,17,949160.6126683998,-389735.1475755437
14,38.348142884523966,10.132755478957781,17,857438.247287623,-379378.35954153707
14,38.3490329420516,10.143581883898742,17,848026.8384356569,-374739.81781210314
14,38.61414638035019,10.391077430665607,43,854452.8107819179,-346298.488072099
14,38.252434944814524,9.91153442813317,43,748923.7056621461,-355195.4496305581
14,39.149203344584876,10.653840384034009,43,797615.7174743605,-331088.58653896477
14,39.74229792748004,9.699349363498138,1,850892.9736880127,-312659.7908045244
14,39.76654750318403,9.69411967884117,1,822933.0516183096,-300762.73858239275
14,39.033277113715286,10.754836399087223,1,698220.4048633131,-297029.56445358606
14,39.80623151726388,9.68556138973568,1,777593.8457829963,-281500.6112395585
14,38.805586508277614,10.67166729825519,76,675882.7720688862,-279986.0108575987
14,38.26420303415947,11.935977449483284,76,653973.9001775911,-264594.47606526385
14,39.016592325589286,10.835759476318167,76,595020.5055891922,-258747.91757701736
14,38.277931760052695,10.261327820393273,76,557504.5119984547,-255567.9487214906
14,38.23498182274675,10.227927088366103,76,525619.8581575324,-250649.09098351875
14,39.080428579694946,10.885402799469333,76,534860.0618489707,-235948.94911722819
14,38.26277328620683,12.00786241502667,76,538944.7906594379,-220219.3017678094
14,38.25537503199781,12.017703546947041,76,520012.35655423586,-212550.41354759358
14,38.99779195472428,10.944376377494178,76,461862.68484278285,-208553.84067173523
14,39.16447908346204,10.950766069573211,76,438692.0284871475,-196757.19498046578
14,38.9770405469788,10.983499159762001,76,411837.29927481356,-189084.67151786838
14,39.1870395716872,10.968310607909629,76,410671.3557538222,-184845.00454471709
14,38.07433699043295,10.058171376684033,76,317193.09480835515,-196229.78574242064
14,37.65547994542352,12.71313803929949,76,377130.6277326439,-158079.16779397958
14,37.65035431742827,12.705578695540561,76,349583.35859366565,-151323.7547071549
14,38.052749255357135,10.086210905950141,76,251990.8291798953,-170814.35560062746
14,39.09000564999358,11.109278948145107,137,296566.3236492098,-143252.32686628427
14,39.1516698021049,11.128067634019311,137,273322.5697796989,-131661.40992750291
14,37.63024511777639,12.675242560626554,137,240770.5070585667,-124333.59543507331
14,39.00013282930336,11.163502359213203,155,233416.19900546732,-118065.10110961439
14,38.015416984756335,10.097045365351313,155,158975.61846622537,-135990.34215364585
14,39.18675980833311,11.212030398750768,155,201659.7142213991,-99067.09579970356
14,39.237775827481535,11.225295937351646,155,181577.3584586913,-87208.59752914039
14,37.608739572103275,12.641704254927905,76,127449.61663406635,-95470.04493538871
14,37.95663862136158,10.01146887528826,76,72363.03119382997,-106374.97501414754
14,37.94913732949071,10.005635371088903,76,59185.97404514018,-101314.38880672806
14,37.59344371808813,12.616711656131416,76,52256.37961222741,-75571.29807588265
14,37.58927149309167,12.609555545335196,76,32813.31638262643,-70267.51199397918
14,37.63602040372261,12.537175589993904,196,23952.794971578423,-54990.87872519114
14,37.9514708966153,10.137167245262132,196,-11657.621920260797,-69599.54222061276
14,37.57506757155555,12.58260854934837,196,-30086.176447498798,-52355.81272838566
14,37.89131393059979,10.036099172306514,196,-63737.88127204498,-53082.892163556564
14,37.598360413368766,12.531460803155431,196,-62385.77009673627,-38179.53926499924
14,37.90987069101612,10.139374261113046,196,-98512.91372016192,-36304.980660956426
14,37.5601615529715,12.525664244457674,196,-111785.74919640453,-25067.333677030692
14,35.99058826257381,11.746757444178616,14,-116733.515251322,-18082.968166760216
14,35.92838526786487,11.749065395223479,14,-145439.34101012326,-14108.895664781332
14,35.79204245614159,11.754124195627682,14,-171046.54741434453,-10229.66829676931
14,35.15727749901814,8.39809571753889,53,-170478.08854411572,10688.937714763775
14,35.19153405834516,8.4556666000463,53,-190870.58842391238,17302.434014699473
14,35.23013370156066,8.520536381718578,53,-213639.4142326826,24957.641268520794
14,37.2692972070237,11.947513430572448,53,-242692.36549874555,27842.135931637218
14,37.210217926497855,11.849916718324959,268,-267989.92560011835,28009.357732483124
14,38.63651292432982,13.293578410546193,268,-285107.012489213,38579.918163009235
14,37.200365008589216,11.85858687964226,268,-312548.73138934746,39670.77392649142
14,38.621969886504786,13.239439206835444,268,-327350.4322930918,48185.27792723436
14,37.19124976811548,11.866773074424264,268,-353698.0524625106,50406.553422303514
14,38.606023570803934,13.180076036323824,268,-362969.02051474416,56918.83031506829
14,38.61774527645865,13.177726690331818,293,-389524.05877884524,63857.1744953219
14,37.177095761811096,11.879760608786372,293,-417047.2769752109,66889.84747520214
14,37.171433055683785,11.8850303551555,293,-442058.0987957623,73388.54139587152
14,38.656422669104714,13.187980875073618,293,-451736.9882782433,80200.11103190803
14,37.15980531859988,11.895955324645497,293,-492540.34574900137,86502.00367187358
14,38.67070145513263,13.165670377796063,293,-502076.92318696174,93379.20666600601
14,37.15151600096686,11.903800643635233,293,-527602.7502095127,95615.79281718306
14,38.749625730163736,13.212690953525552,293,-561499.8156082232,109682.38203756824
14,38.753329702316805,13.213672953917452,293,-564740.7887282202,110577.18291065909
14,37.15916971353761,11.965585287880497,324,-605638.6656303516,117306.35115639483
14,37.15177056855649,11.95854998077804,324,-615423.3128537068,119377.56774337759
14,37.122772701919985,11.930978025150113,324,-640666.1221163707,125149.87450117759
14,37.115940141248934,11.937345912741675,266,-665111.446999124,131591.74176013502
14,38.80330372542605,13.153037719259036,266,-689215.2281795173,143283.106187441
14,37.102705239058444,11.949472409297899,266,-709311.3218880876,143328.6474297374
14,38.88509132163724,13.141304273668094,266,-752626.5650757119,160953.55686851247
14,39.00983292899182,13.123408542155918,266,-772133.8991853544,168292.09920188942
14,37.06259529057145,11.956836209552435,110,-783269.7818988077,163660.42139711152
14,37.065717125283236,11.981074614317054,110,-808510.4121662184,170439.2860272116
14,36.94422288837651,11.948870364900719,110,-837906.904935973,187378.67982607248
14,36.98607658703529,12.09513155769363,363,-878997.5961491318,198716.59489351945
14,37.01670116252643,12.039062588588319,363,-890674.1875589245,196095.79123917036
14,36.95757979391112,12.040668691635544,363,-913631.1254018204,206520.46214248426
14,37.20267007317225,13.164466707641969,363,-953062.3146318692,266615.25594658253
14,37.27777923804706,13.200814347646613,130,-961827.5921631472,265141.39737666753
14,37.231846448467316,13.21176740563595,130,-992220.2490903559,280534.59110331204
14,37.2385371650911,13.25958233348801,130,-1018810.6708202321,294397.039299622
15,36.798321889219544,9.685548783919563,22,1375900.3080100405,-422933.07623525494
15,36.733203330351536,9.586889373913255,22,1286574.4020443086,-400347.4362797689
15,38.05811641545432,11.705968900103532,22,1183963.4272794644,-387031.053080766
15,38.10324575855165,11.749878274248433,22,1083227.512394191,-368694.0520795139
15,38.14849669624757,11.77981405053538,22,989857.6839513854,-349147.32428947
15,38.11328953298243,11.832496694909215,22,937629.0112276634,-332070.18334218505
15,38.164020389966815,11.84104572229077,47,881239.0514872747,-322289.76481854136
15,38.95793991893629,10.489138828386622,47,663016.1942475903,-300903.4758692131
15,39.0085798899402,10.43795950766222,47,612854.241649677,-283514.59182538575
15,39.02546176905815,10.420897825187303,47,589699.7664664679,-275055.9331134023
15,39.05952040026736,10.38647644666882,47,534256.6463471587,-254369.07172884652
15,39.06880840154579,10.348403416246528,47,489777.17441535974,-237299.3698938447
15,39.11335445954078,10.373949267624345,47,468954.98325830966,-229654.90649405058
15,39.10935517648622,10.336110896595006,47,434869.7138099151,-216492.26710994617
15,39.11028376406349,10.302324621573153,47,394610.9287383922,-200892.3375067477
15,39.14663384572742,10.298435184475679,47,349013.0690466302,-183327.21569642448
15,39.15808945208241,10.304190219437679,46,342814.10689997557,-180875.97497216362
15,39.154347417457764,10.252876450718126,46,279406.90710802696,-156329.81124508026
15,39.160483597531474,10.235781189737452,46,247621.0218054161,-143974.27504576778
15,39.20669686497904,10.260261945728269,46,227403.13709102795,-135748.77855889068
15,39.15951195208774,10.19468778665342,46,185320.13256364877,-119689.68811078579
15,39.235209553405795,10.234493999919975,46,156246.8742079653,-107744.89802304402
15,39.24640713350933,10.224374342559948,46,127804.41397968953,-96518.86475645957
15,37.60406037534578,12.90468138061541,113,95196.42307718207,-85066.7111280429
15,37.59212061383272,12.627509439542248,113,58442.641109383,-78019.73478444765
15,37.59450045091477,12.931204654709768,113,28889.553335629887,-66468.17399660592
15,37.599146314382104,12.956859036226568,113,18856.442684318597,-63571.73268389461
15,37.58471620730611,12.55957786502461,109,-42789.75931631034,-47720.655572385884
15,37.57765789102213,12.957718026240514,109,-67620.40699876066,-39220.50281482193
15,37.56556660251915,12.540596688525746,109,-91604.61173260586,-32409.8671784322
15,37.570087984622006,12.989759884750452,149,-134919.9495383637,-20014.39126855156
15,37.63157550237434,13.167538423407862,149,-133606.89046067573,-13023.207912522696
15,37.55287834658496,12.982085939748519,149,-189729.0563259681,-4408.35126409628
15,37.54694170431041,12.987872171195999,149,-218143.16358243377,3750.440407802363
15,37.58094362936276,13.104548354310388,149,-239452.9484343977,12974.418249538345
15,37.56476233071693,13.084417534351307,149,-273434.06250831916,21679.364007023112
15,37.5717718936507,13.109875914788843,156,-279710.9461968193,24682.11928020777
15,37.555968877903666,13.089446792649365,156,-311317.1706155497,32709.573962423667
15,37.5842334296322,13.196448924227225,181,-338529.94688014395,47286.85768780135
15,37.50655056564952,13.013831231694676,181,-385630.5720328482,52367.83575356605
15,37.53323007021944,13.102791359486895,181,-406112.7227730062,60604.02245353924
15,37.49537449372137,13.019698497996856,181,-427200.32320357,64599.752097411816
15,37.48957469340306,13.022626908997353,181,-448066.1310779454,70769.99924564507
15,37.47764255302299,13.028506826313151,197,-489589.9718505404,83117.40936329681
15,37.47196180500143,13.03127508783092,197,-508737.0847617583,88844.93011112299
15,37.47053382775653,13.035102767205952,197,-517425.54325391405,91454.2635528384
15,37.45519686381261,13.039586428611075,204,-563215.2213750617,105278.91645023349
15,37.45314961709809,13.043121825236614,204,-572832.4067155003,108205.6710622848
15,37.454452845018174,13.074105181868404,214,-607672.2487795181,119174.52500649993
15,37.43771706490403,13.048966558842318,214,-617403.8236013035,121871.92812517728
15,37.45967622238261,13.129244054070613,214,-656254.1882452524,136065.4118035722
15,37.33923059073757,12.981847224980953,139,-670582.0885420007,143745.49264787653
15,37.44272217916359,13.130511270856992,139,-700420.7684426075,149708.4285445562
15,37.43388500341619,13.117816806304777,139,-707953.8250507932,151461.09521667787
15,37.44171792069923,13.155742446929711,171,-728221.3068835593,159794.95646307408
15,38.82475584846517,13.074517245134972,171,-771848.856732209,170369.26224358333
15,38.846374145801185,13.060734301834923,171,-794432.5783667593,177082.5214284638
15,37.373404966556464,13.101717743238359,171,-808610.407349549,183708.6749139322
15,38.88876650787832,13.01573632835577,227,-833271.7389311932,189474.23801542926
15,37.388337900047325,13.158698646442032,227,-844309.2284702729,197308.574933628
15,37.35600444044593,13.123005952377229,227,-859671.5904671533,201602.437977859
15,37.34730944369237,13.13465653646353,227,-884551.6812841888,210634.4211339277
15,37.34015912406828,13.144662134433222,227,-904496.0675434226,218050.21287321302
15,37.37371083358268,13.24512976153032,227,-936156.889801779,234926.6626649788
15,37.32141481175734,13.172329900087911,227,-953699.499319124,237164.73033985583
15,37.30711812573931,13.169946319036832,227,-965540.3310956709,242117.94177748455
15,37.362228458604456,13.312978942063358,227,-983200.5781581907,259117.25135437617
15,37.29697401921502,13.210695310717972,273,-1009049.8643948071,260657.70843352342
15,37.28135300209847,13.2363159776903,273,-1038236.2209945859,274467.552055045
15,37.290556817843694,13.293674225894407,273,-1058677.6269789918,287021.0192492679
15,37.25761926197406,13.27697284894298,284,-1072400.1313214174,293283.9955961558
15,37.25768302139454,13.456560776879876,284,-1072371.2629892593,320389.5302886441
15,37.20587408996731,13.363278318713967,284,-1100267.5366289034,321845.2823937724
15,39.41438483459874,9.620613133351629,284,-1073291.4743291414,378858.2052163244
15,39.50771450712574,9.621412687206897,49,-1095485.4448445458,388512.78254160465
15,39.523712567855256,9.595073736722558,49,-1136175.3378734684,405080.2727145814
15,39.532885872930066,9.579970954439872,49,-1158476.198619624,414183.2568259579
15,39.540056371748875,9.568165560240551,49,-1175383.8404082586,421096.6859889897
15,39.44135559319235,9.541767715094052,314,-1198843.1296575482,429779.91725501214
15,39.59011529431942,9.525596673566431,314,-1233820.2140825472,445520.5189740353
15,39.521263758215596,9.497644974813243,314,-1265350.9669529628,457251.8851215232
15,39.54387391032454,9.485160369905564,314,-1281305.822451299,463991.6786694106
15,39.4624938485599,9.467713092770538,334,-1301963.2344237692,471927.59983772004
15,39.47079803623004,9.432285873146604,334,-1346497.238411828,490247.4187446454
15,39.51073575454039,9.403795552529845,334,-1377622.6132237297,503187.11413982394
15,39.53022145448917,9.389895062905756,334,-1391027.218819819,508839.98519166507
15,39.60978125275483,9.333139588214411,334,-1434172.9658976006,527597.78567297
15,39.62830899194682,9.31992247786821,334,-1441662.2558516494,531006.2923299576
15,39.845261701787386,9.16515519211591,334,-1466754.7758452399,547116.0673044736
15,39.58336122528238,9.264067307093667,334,-1498667.6872198593,554215.530625484
15,39.62738050892195,9.190468199171669,48,-1537853.8413092126,571514.9022909305
15,39.660648636467556,9.122491831221744,48,-1563727.9205580675,583407.5551509742
15,39.43764938501143,9.183698873934228,361,-1600818.1802180992,597409.6446413642
15,39.68838328079411,8.853095385720602,361,-1625785.7435757832,614205.0351257728
15,39.582211839798255,8.929130758531777,361,-1668255.1261396108,629456.337318565
15,39.46755403386379,9.011243697172949,361,-1691953.4999789014,637907.2868677067
15,39.47525097944118,8.801932148786548,369,-1735107.401939212,660635.7820873123
15,39.35536770869503,8.90600777667133,369,-1768712.075107826,673875.5839772007
15,39.30359409295088,8.735453276992814,4,-1805011.7152819126,694331.4653444291
15,39.19594432261888,8.778012978790837,4,-1837407.355719204,710107.1159094089
16,37.61530603770513,13.951490105464018,3,3775863.6758531393,-3428714.515446998
16,37.634495405464016,13.877080901212269,3,3704776.3589822035,-3382995.254499047
16,37.64995871624875,13.866920113359487,3,3692473.131109161,-3373689.519873266
16,37.64282833694879,13.82490222016175,28,3608899.2837640834,-3308353.9420210184
16,37.64962061670059,13.800710064697633,28,3552060.4034562297,-3262081.978587651
16,37.669883154276526,13.789379248310205,28,3517102.9709107447,-3232996.4316619583
16,37.644635327542545,13.768667202791086,50,3466240.1346989456,-3190438.9464529012
16,37.65833338476695,13.754392680763944,50,3419951.8388113664,-3151591.383482586
16,37.64053250061486,13.737775874186129,64,3372355.985322674,-3110181.429305449
16,37.68518484309913,13.73766194231791,64,3348088.786654971,-3090772.7116876547
16,37.69602624317932,13.723365939603585,96,3286766.598307715,-3038409.0913100075
16,37.69997191798276,13.718380081724687,96,3263863.600654255,-3018787.9539230363
16,37.70933603444573,13.706888853605312,96,3208011.742873796,-2970814.656850263
16,37.71610008462339,13.698827124751626,96,3166240.7828195514,-2934833.236705784
16,37.817022874585135,13.744329557522663,96,3136318.165563376,-2897361.4821555973
16,37.744061455048,13.69356189143468,111,3096297.8693223186,-2874093.689087015
16,37.734831927245324,13.677224967391036,111,3043701.8895847,-2828854.4656187487
16,37.77893669778212,13.689779576395516,111,3004575.4220118034,-2793138.8817707286
16,37.85195523641903,13.737902415982447,111,3013741.290566373,-2785844.872642153
16,37.894874176318005,13.755540580888454,111,2953167.5114774667,-2719632.570927859
16,37.75678972411923,13.652799948089033,121,2886636.023496796,-2692258.4420010406
16,37.73323948862264,13.639379885973588,121,2872787.1945028575,-2679465.9963621246
16,37.772423488277234,13.648569134180491,121,2829168.7754511386,-2642023.1892502075
16,37.77069990110274,13.63766363672893,121,2779662.5676912176,-2598822.0098562962
16,37.799534103496576,13.643986252401183,170,2734938.797421673,-2558996.180385939
16,37.78161962569677,13.625932490550952,170,2691822.3537804307,-2521880.5285175014
16,37.78476912996466,13.62257224901918,170,2665884.484629366,-2499125.5690988745
16,37.80233880976044,13.629046165754128,170,2650485.2674959893,-2485298.410088355
16,37.81641303130244,13.624801929626203,170,2586608.034657501,-2428851.2582894973
16,37.79847176001493,13.608073795125557,170,2550090.6209207275,-2397353.809015419
16,37.80282261473719,13.603514296078417,170,2512391.681351763,-2364155.9978724318
16,37.91179447140468,13.669377398189193,170,2501300.8276414825,-2338094.8902756544
16,37.8095408902577,13.596515795942224,202,2453361.7942781216,-2312112.7924030824
16,37.83914515244927,13.608322587475108,202,2425493.010406457,-2286604.313355146
16,37.840005758680476,13.602827820225707,202,2391994.38526318,-2257207.204617147
16,37.82245390082977,13.583220903715354,202,2337412.4053175636,-2209674.2441357384
16,37.824705651940825,13.580926410544315,202,2316902.141560329,-2191525.0760651855
16,37.83121425771771,13.574333619098425,202,2257178.442114717,-2138627.947060069
16,37.8337998364512,13.571733984506565,202,2233301.13021169,-2117459.7066178992
16,37.8371241323964,13.568403756873645,202,2202461.394826697,-2090102.0288841815
16,37.842407291594604,13.56315335250694,202,2153229.2565401355,-2046389.1421050285
16,37.846915127131616,13.558713136758533,202,2111026.828749289,-2008879.4021672506
16,37.15922983277176,13.896662175750937,247,2094541.8481602897,-1958882.7044140215
16,37.16154539046604,13.846501351400365,247,2048494.630689044,-1919552.0257055487
16,37.954200393977786,13.606163708237107,219,2001945.6534406834,-1899326.8779975732
16,37.86426151633259,13.541990605679985,219,1947553.6481979059,-1863249.561706331
16,37.86571977690486,13.540611489122156,219,1933764.5064808386,-1850941.2636229396
16,37.9209559570498,13.561226919517406,219,1859828.492466212,-1781965.9448206678
16,37.95420486151468,13.577059841849392,219,1831340.9223484811,-1751461.2939878781
16,37.881043123669066,13.526443608949451,219,1789298.402201379,-1721762.038368798
16,37.90071192716078,13.53386289178762,219,1764532.8597331343,-1699210.9591328818
16,37.96678799020133,13.566686146635746,300,1721782.5856205362,-1653245.6057430273
16,37.818444584197955,13.476494763381023,300,1684285.7450560187,-1621305.9291637202
16,37.94289552826394,13.539305609503854,300,1642562.2229594996,-1587449.313613114
16,37.90236203205083,13.507750146397255,300,1591208.1794379337,-1543951.4478322044
16,37.90800092430045,13.503025026586874,300,1539802.5505276872,-1497677.9889138008
16,37.90988051695424,13.50147071641315,300,1522779.1730913816,-1482342.1894494386
16,37.06273572081496,13.815866079309943,319,1496507.3245057946,-1434077.1066269046
16,37.97966146261408,13.52471690204772,319,1415347.324901968,-1381374.6120640123
16,37.03598104496764,13.84009292892017,319,1399429.8532505063,-1348985.6734512844
16,37.930449696272234,13.485205511353232,319,1341087.8387828427,-1318287.1466981778
16,38.078822937468615,13.562289955667397,341,1288077.7593470775,-1245614.4703405148
16,37.9445249760844,13.474885788124858,341,1222427.969910256,-1210769.908539732
16,36.98656051137839,13.884998412442972,347,1215854.2636995574,-1186453.4013668036
16,36.98806760369545,13.83480679183044,347,1164658.8862894303,-1142212.259783129
16,36.95923363894953,13.917153279728216,352,1119575.4287068874,-1099939.7672639408
16,37.96508725139811,13.461037509020294,352,1058875.1204002597,-1062081.6887519036
16,36.952330287817134,13.830875492357253,352,999733.3300577279,-996524.7285602267
16,37.98391953291622,13.449639286933882,366,920273.093546457,-935627.0523187814
16,38.033249246015124,13.468360809106189,366,876518.1366865669,-893689.4341378767
16,38.08550947610904,13.488194515709576,366,832857.6452017276,-847398.0564608313
16,36.92111190965372,13.776879601517061,389,794147.7754430502,-813354.871578996
16,38.02866652976767,13.440280063359872,389,716607.8976481933,-748897.288901801
16,38.061597145030454,13.448893154451813,389,670343.3300051949,-705127.4634993874
16,38.11567529884197,13.46303744119367,389,601060.0725031934,-636668.3401973587
16,36.83654549205541,13.829270154003364,410,554577.8351789606,-599347.5650401409
16,38.05682072524925,13.416111960323345,410,487641.75942080846,-538447.197762316
16,38.1011676597867,13.42132675340978,410,402823.2687460797,-459674.1662491227
16,38.14278197252683,13.426220215215817,410,332520.8043031097,-393286.5943260788
16,36.778245136513924,13.739637030571261,410,286957.18043936364,-352217.43834699807
16,38.24266777990449,13.437965870765156,410,198284.20852406998,-262013.55631825665
16,39.05892500073879,12.824717069210683,425,362.49247410597343,-270977.1326386467
16,38.8802170515343,12.887637616480433,425,-64460.216645681045,-282957.2671456615
16,38.84448987621502,12.978732882283357,213,-113654.17486836998,-233166.81694663814
16,38.707447112766566,13.047651111305042,213,-213977.19200090982,-111915.69611566016
16,38.66628760142249,13.064964091860674,213,-249346.03096554964,-62259.419733040006
16,35.31870355385042,9.349105556337008,451,-298756.9941970653,81693.55664482547
16,37.156846338188785,12.171583658370078,451,-484214.8132781335,96513.20601644956
16,37.011113672993936,12.194816442689282,451,-628583.8672661096,124558.49194069892
16,37.057506062597525,12.148337349563288,451,-690584.8131693722,147699.482845765
16,36.9881332589106,12.126699074535699,451,-784558.0311331763,177319.01775760044
16,37.687585516791266,10.536840502956002,451,-892848.3199757526,317031.05896151386
16,37.65698774590101,10.605057779881964,451,-965006.0875928955,351006.28875573503
16,37.856770116398636,8.074795142688714,451,-1078168.9420108595,424103.80160834006
16,39.066201351057046,9.640002097290756,451,-1237114.985565162,484413.62195219245
16,40.5451952306994,8.617119212328385,510,-1321700.9511837922,528506.2298016598
16,40.37351941044868,8.661635197961786,510,-1457368.0809253606,581038.2575082823
16,40.17703719512571,8.71258354620187,510,-1609222.0545751892,639565.9243858247
16,40.02672598591832,8.751559632757585,510,-1718022.5027645233,681310.2606077015
16,39.246467878358196,9.259641303562532,510,-1859133.247969771,732597.3436456315
17,37.48870888750754,13.455562857546838,2,669452.8451623677,-634215.1985216384
17,37.49134652442491,13.488416970685508,2,649814.3866815679,-619832.1758036404
17,37.53641746155406,13.473894311276307,2,606713.6841228171,-589819.4189843736
17,37.495141950043084,13.535692371574603,2,608236.7578418183,-582729.8404191531
17,37.304111698738986,13.537408657491232,20,602684.6989716662,-562358.7305017434
17,37.570267959879686,13.490945212818986,20,532533.4243231422,-531263.3966938353
17,37.485151948076755,13.609924923311112,20,552388.257566713,-519328.3756059696
17,37.600810701307324,13.457496582463493,20,502426.5907165242,-509024.7388349013
17,37.61201771030404,13.458166295845505,20,476886.99213375145,-488408.2565403647
17,37.44119855216184,13.704554538007956,20,529824.7262285005,-465466.27840956574
17,37.59787289093175,13.529215344870476,20,430492.8914798376,-443084.39851412695
17,37.6192310631826,13.502307237133044,20,412887.1205199139,-433098.97938400926
17,37.65532608460463,13.341901630509282,20,407887.98484088155,-410319.6020759891
17,37.159513000930104,13.56265154889092,20,397150.9278440559,-394436.9906686946
17,37.147307636555325,13.564782264395795,20,377224.47584002087,-378619.799143082
17,37.67125875778674,13.463420955242864,80,327247.476164783,-363717.0909112628
17,37.08025675964693,13.749188029212004,80,351703.7676875536,-345659.03706745745
17,37.68153836676127,13.464553033416696,80,300180.3747938476,-340497.8356214446
17,37.69110354402926,13.465638014236466,80,275101.24055487046,-318795.2196014155
17,37.697104086192,13.466330045785519,80,259485.98358988005,-305186.5393523907
17,40.70892876423351,12.552740791541037,80,135997.61793596938,-298154.7883712587
17,40.79157885737402,12.594686903999278,80,111785.45871260315,-295224.32636669464
17,40.996232206242325,12.755104310519066,80,46748.73385847517,-277952.63029182324
17,41.113962739236484,12.758301366481955,80,26641.09069466011,-268641.07270559896
17,41.11537051943574,12.947410336638432,102,-6267.335625062315,-253304.02768278134
17,41.16338052504007,13.01669571803918,102,-25239.318165590346,-242123.67613175628
17,41.17966552972119,13.118915613435384,102,-48143.41811459589,-226981.27622190324
17,41.24111044866897,13.128871239309978,102,-53661.84594939072,-222611.18920763204
17,41.2424675461795,13.242871068472297,149,-77366.21495195602,-204733.527085753
17,41.18681982102361,13.341504129662837,149,-98513.67410466017,-187460.20451976373
17,41.18123965927099,13.386767817109382,149,-108854.28559174149,-178298.64126823057
17,41.1721518073218,13.43806759617278,149,-120685.51854707608,-167373.03177812012
17,41.16128164061905,13.484891835439425,198,-131612.60780307555,-156856.24380114718
17,41.14861251466246,13.544951527267518,198,-145566.35379404374,-142815.96848030738
17,41.1725186414466,13.630027407527203,198,-161861.76934709857,-125065.6774111001
17,41.10012777380424,13.654562849669095,198,-172611.1082503887,-113595.5089730284
17,41.06115340799516,13.729212203001456,198,-191591.2859462548,-91398.33090014574
17,41.04195095859745,13.760997898139834,198,-199904.84219872582,-81206.91677882362
17,41.12773921652154,13.902218053982319,228,-214010.42755406108,-59573.37370550239
17,41.076135970188496,13.904092106790333,228,-220761.82491683424,-52238.22787009975
17,40.942074584210815,13.908960756239566,228,-239077.35000439137,-28879.289490609313
17,40.8945012274008,13.91068845729041,228,-245823.5427251328,-19005.047263834178
17,40.881648187673896,13.965303024900756,242,-256465.88487702637,-3084.0202007143853
17,41.30824231201912,11.291919181249805,242,-278048.37088128127,24880.514742762956
17,41.351456853082965,11.275601211764267,242,-282941.82143419655,28914.100916268708
17,37.01482574455467,12.277843852152015,251,-352666.6312867845,37219.86604909386
17,36.99724406646443,12.273472644421455,251,-385849.98814476904,46950.18995187856
17,41.24615117154421,11.151043519306825,251,-347316.70094401203,71679.52047011255
17,36.853559376170544,12.284812595374742,263,-421294.6397568789,76026.54561676746
17,36.86176894840216,12.274187738344402,263,-452513.120897237,83948.31287986843
17,37.001557204417956,12.243585856630427,263,-484196.6762157471,77026.42382072243
17,33.94228296578146,14.073332494560747,242,-453590.3483161619,125615.40400848347
17,33.899811742618795,14.08936978447568,242,-479732.74404060346,133241.0205907235
17,33.86246271880991,14.099491946350204,287,-499743.12368555664,139184.74054996716
17,33.787546564864755,14.134654295772004,287,-538532.9732098095,150856.78183179465
17,37.00239444840112,12.190654985797167,287,-642284.8905788276,127031.03428591776
17,33.66701298592368,14.191227459189996,287,-585853.9500360779,165838.46969398131
17,36.90713897798202,12.195647509257366,297,-666519.0585398737,143332.3374994258
17,36.754570401298096,12.134440584129488,297,-674952.6786446478,188764.2068209302
17,36.95520309313906,12.153264942177353,263,-751182.6928396213,165751.3603064414
17,37.739584205111306,10.413606106638882,263,-679290.6528737022,227134.93781099928
17,37.048731463456285,12.032220198935436,263,-775312.9880176286,189598.8997664735
17,37.80266106082588,10.496287274621018,321,-738704.133475205,253004.63419467074
17,36.97905253088169,12.036371327115331,321,-832760.8050326157,204737.91036075802
17,37.85486493422096,10.5658020109339,321,-773068.9786392755,272970.00640917436
17,37.71095529162039,10.487740798864982,321,-817129.7126200564,283010.11790958955
17,37.707352204504744,10.496649277317616,321,-831857.9230663362,289226.89583351975
17,37.76325188335192,10.55241794095795,321,-857259.6947180348,302237.52149220946
17,37.70621116950403,10.560490906642395,321,-908720.9875710403,323160.3465696921
17,37.67983966924051,10.559954756950415,302,-921360.5109717831,328681.49537030165
17,37.6144362669907,10.59391323416185,302,-962978.3273162774,350337.81058292027
17,37.57323590293094,10.617813606976071,302,-971960.0397517645,358187.241397648
17,40.22147907235427,7.632047175218141,317,-985698.3880173519,391574.7221120625
17,40.18284829087592,7.638811128895112,317,-1004624.5823088312,398878.1750392514
17,37.848021331993515,8.047621429625657,317,-1062904.1665117694,417253.2216343956
17,37.864720616244554,8.044697512977066,317,-1074793.900986726,422299.58154957555
17,39.09273975593096,9.728687674342543,317,-1110268.012088678,427079.31423579203
17,39.9239491429741,7.6841423848624855,317,-1129076.8896013962,447014.0815437144
17,39.105426064064346,9.705140152304962,317,-1169986.2662180478,450854.80321221217
17,39.0511758464729,9.652132833661627,317,-1201531.4300634253,464009.70154206955
17,39.11925153118207,9.679348680075922,317,-1233106.099226717,475995.72011931473
17,39.572768388355264,7.745631442696229,317,-1279914.7151271864,505923.62754152133
17,39.49601265233869,7.759070783630835,317,-1308101.2842978698,517072.0644065609
17,39.093200028968944,9.60581376875202,317,-1331434.0839807226,515533.32302480505
17,39.32372036215288,7.789237842776893,317,-1362687.9074233286,538911.9077229484
17,39.12877641993775,7.823371032536153,317,-1407037.3720650089,557135.442102495
17,39.90881872100477,8.129029413515736,368,-1443120.2482618005,569674.9028467555
17,39.8750565190468,8.172638152924337,368,-1488043.5986245351,587134.5609824617
17,39.266363131058405,9.59470438583703,391,-1514088.866194086,588844.4770357551
17,39.28873827358385,9.582698330982106,391,-1548326.664741351,602761.5592744536
17,39.21410282577815,9.496957046213343,415,-1605074.5751641141,624457.9061170303
17,39.23873790436517,9.475060407620912,415,-1650214.5957061655,642537.7786733047
17,39.24335886785559,9.467510785214392,415,-1662404.3000450924,647420.9667619463
17,39.274186531793355,9.443552256321516,415,-1709207.5109530133,666236.5867242379
17,39.13533176961075,9.330357341389178,420,-1743871.2531694872,681727.5554651895
17,39.27488005291997,9.372428614579812,420,-1782169.4222619627,695451.0905395473
17,39.349268546513485,9.352104220638353,420,-1832239.1050728126,715847.3295890351
17,39.22490431797327,9.232702359653585,420,-1874382.6758938013,733342.8841436369
17,39.485266824613156,8.634769767038257,18,-1911355.139526497,751471.1657835192
17,39.28732931690251,9.090770039156181,18,-1965842.3408486717,770429.1108836571
18,37.50583782591432,13.418702591334938,2,667529.4230400602,-630318.3282401869
18,37.524613505511624,13.423803113176344,2,650112.3973591065,-619770.7203466321
18,37.40909611225665,13.392422145882676,2,642079.2971381993,-587238.5528379802
18,37.498822241804824,13.549399738391434,20,590841.4163729405,-566464.8483909615
18,37.30353032313957,13.631668654281004,20,600372.3299199984,-551603.3971271681
18,37.32221245272456,13.67252552700015,20,595857.8927468084,-538201.6500773663
18,37.26204363801598,13.540939371737368,20,550219.6445137241,-518085.649852036
18,37.231041573804966,13.595326690021917,20,526735.388227121,-497097.3573104311
18,37.222288169589895,13.562436060662714,20,501379.7714046538,-477952.0486167655
18,37.36287990749054,13.761463194177015,20,550081.2795761001,-465507.5887424454
18,37.629573982877254,13.471990776058437,48,421982.69969682844,-443091.449909516
18,37.18469401031579,13.565099205095471,48,442041.5306547472,-430211.4906376717
18,37.64887423529097,13.460963269705099,48,385889.4789964819,-413269.3418070586
18,37.65350810096245,13.32669084098415,48,402760.06523288484,-400421.22184461856
18,37.60915098365234,13.557848245081969,48,370097.0016251955,-385993.83963250136
18,37.56498787803717,13.642243276373625,48,380372.35571235797,-363462.4699466287
18,37.671044504572684,13.323489160269125,48,352831.2700065702,-357215.84955133975
18,37.542907942568434,13.700447192365427,48,379566.14379645063,-334642.47956798685
18,37.689253423494776,13.468528498123856,17,276937.9644526857,-320339.8103412217
18,37.64169815474048,13.564919450857138,17,283851.922019463,-311000.329830632
18,37.65432515858468,13.567671566707546,17,250246.92919590644,-281277.06313163583
18,37.518214550626745,12.795679878309002,17,217352.3400657144,-266671.89912703953
18,37.01508022131678,13.66214804859002,17,218903.95760717968,-252576.4845788078
18,37.50792105518214,12.758662123357112,17,166490.28889831735,-239942.40154404705
18,37.50413340545256,12.750671098380684,17,150443.7379966322,-229515.91670817064
18,36.996610193008216,13.636090692974118,44,173699.46025500135,-217611.088483101
18,36.92791795848282,13.764562573199846,44,142155.23450872191,-187569.3473984871
18,37.47648073859101,12.738611208110772,44,88889.84268538213,-182855.0526232801
18,37.50515889973798,12.689551592182632,44,65533.55148293829,-166316.7707861086
18,37.507643132846056,12.681263088044158,44,56737.692867204234,-159328.74066630044
18,36.8403714728744,13.928296679259677,44,87025.5066440168,-133206.8526393474
18,38.63779399507074,12.780341909666632,44,26239.32374289122,-129483.95399488122
18,37.52782428520148,12.621247227717264,44,-6268.870710455004,-109931.878192422
18,37.554090631259875,12.593461048064666,44,-15917.013684823749,-99568.56120774633
18,37.56476687980616,12.573493758690917,44,-32077.415893592595,-85547.85289762722
18,37.5416668314381,12.575120893326217,103,-55371.107352886545,-73556.037992222
18,36.73340080089308,13.812875845645104,103,-29787.50950647597,-47736.33460840728
18,36.6608043923364,13.90805354638106,103,-44684.833589408016,-35284.61275458171
18,36.55733714455786,14.043704537123253,103,-67859.77663684488,-16316.093655785202
18,36.979783865666185,12.347521835696512,103,-140416.11113815496,-26663.236391604034
18,36.271697665095594,11.174493585150467,166,-138129.5823332862,4210.290370149114
18,36.22627571369938,11.197987170702858,166,-157641.10932490238,10068.770506134053
18,36.054289326546005,11.286943650471626,166,-203525.10352019503,32835.221854162766
18,37.93182082594592,10.315828461612844,166,-204939.8620378813,53579.74583519303
18,37.24532932936475,12.193950868159128,179,-243607.6727555151,40929.41216165708
18,36.994826473802625,12.285938586773042,179,-344023.0657031961,34315.958144420925
18,36.9713081638034,12.279774184887081,179,-386472.21411862964,47734.041793526034
18,34.18433035742311,14.224624723358357,179,-325935.45353260584,86271.21353669013
18,37.01627059726395,12.252200188127366,179,-441200.6682922899,64050.33522462835
18,37.14754551051627,12.195391455335404,179,-438698.3068320028,78836.30186424885
18,37.001670823687384,12.242457350290557,179,-487815.2077799979,78159.59758012589
18,37.10262482429296,12.19605324340305,179,-512205.31995352503,93722.7638452461
18,37.00289513170041,12.226414037181472,179,-538381.5998972759,93883.15973016854
18,37.101805771796585,12.175732638113237,179,-567386.2615095194,111262.1704928399
18,37.031894987527494,12.19657930522585,179,-600367.430003074,114226.98905263953
18,37.00287118772796,12.197522850658265,179,-623461.719029557,120923.96150747134
18,37.00193919672355,12.185704814533889,228,-655450.0721575138,131357.34496211688
18,36.779001542602934,12.182418292716497,228,-637240.820029666,167745.18789935223
18,36.822299041217484,11.917589259025597,228,-646743.4714326996,178627.16835489825
18,36.9951603889169,12.149008944756062,228,-741636.7535835133,160702.11747917655
18,36.82665290063649,12.131673585826645,240,-749850.6741523305,191003.07002541833
18,36.97928869932892,12.12672625292566,240,-786732.6782046199,177472.21565568543
18,36.86869508141438,12.115838149310456,240,-794183.9457292295,195861.68111081794
18,36.96205653187998,12.080673005767643,240,-836291.2938508521,199597.86527647564
18,37.62709860995045,10.447678021984084,260,-794084.3276196462,276961.4875355354
18,37.60707108796462,10.458786958174803,260,-810451.4697443946,285325.360531016
18,37.785630207750934,10.550070331517583,265,-832693.5498995216,292829.76673543634
18,37.76715603960382,10.56360603288304,265,-866407.673635119,306825.3893974677
18,37.6846858298386,10.549006654318752,127,-908033.479907649,322613.1928326378
18,37.824873213604164,10.745965090103073,127,-905066.2321353898,347836.5989410349
18,37.65819665193721,10.60433262503307,127,-964989.3577742003,350017.05476658366
18,37.72188165005396,10.658448591795556,127,-966494.4903471192,355620.15470064204
18,37.61203612548086,10.677259693317685,127,-995319.0347778422,370470.5847084002
18,37.77609425517849,8.134936453575579,220,-1031336.36805125,404580.6244805487
18,37.78618619568138,8.118874524082424,220,-1035233.8139533955,406234.1367336464
18,39.07942783584444,9.73893371087943,249,-1072519.5381397435,413179.99962496065
18,37.93849122056992,7.967731658598942,249,-1095679.1030421022,432221.9464746682
18,39.026971033315725,9.666636899415927,249,-1143696.4937829024,442257.56731578795
18,39.507668401634696,7.568713760189342,249,-1157284.0724383276,460325.03378959955
18,39.09454194294932,9.67274982664709,158,-1214776.2082105712,469909.0959632751
18,39.15935119501259,9.707224062951001,158,-1229138.125404498,475937.9858482044
18,39.12198778511324,9.656733421862643,158,-1274814.5248923483,493825.9072900953
18,39.12654442968669,9.647827269093625,324,-1295252.36062939,501981.2029473349
18,39.13409368851769,9.632995080215782,324,-1328603.9150016187,515292.87558924744
18,38.97997208938542,9.515215456217485,324,-1360637.5610869625,531835.9771694874
18,39.06403634432623,9.54716651099034,324,-1396587.656764945,543479.2826606494
18,39.13069192017284,9.567355393322845,324,-1431360.8434986868,556440.3475754717
18,39.22202384150217,9.58586509029906,324,-1487861.4948668007,579235.5636340034
18,39.2453541285638,9.57336020822337,324,-1525378.321437093,594421.354579986
18,39.26162022061974,9.564641688710315,324,-1550349.7946747406,604560.1631662298
18,39.61192146291316,8.156668646060236,288,-1576766.2560776118,623845.0823134728
18,39.38978841005711,8.158525957307965,288,-1636945.537250719,647810.2960567506
18,39.291065607162444,8.159351403903445,288,-1653805.7616723618,654918.3653867363
18,39.187755616691604,9.402871720607886,90,-1698714.9853638506,663639.4983381211
18,39.22681037605703,9.386049751052989,90,-1741125.5503569653,680501.8837463377
18,39.26288338274986,9.363403070623756,90,-1783049.8557985858,697332.2965654511
18,39.424407903727655,9.39284728599729,90,-1822441.7683029573,715029.476858331
18,39.2399743188779,9.252353537524748,90,-1864999.523161002,730723.3313655728
18,39.30293278587013,9.22074548351306,90,-1907555.6375692054,747731.0027662397
18,39.292673917598634,9.10044919068067,90,-1961732.1254311332,770222.0613866758
19,38.32731843627029,14.363087610529119,2,2026669.2548118061,-1346974.2677184807
19,38.33204872616508,14.292469337018668,2,1972180.1217561485,-1318844.4786323993
19,38.475494137677444,14.37764365278096,18,1946278.803337183,-1294142.0137695323
19,38.40277028501543,14.266988029979627,18,1912679.8355563825,-1282445.378559116
19,38.35030318378092,14.187154803999885,18,1852289.8577610708,-1250025.189353641
19,38.28895711914128,14.144684593854,15,1812899.3282467008,-1227592.3358016014
19,38.26626202750088,14.113432351483096,15,1767547.9502595507,-1200050.663212912
19,38.25476321405893,14.097597927442887,15,1741866.727158696,-1184224.5192279976
19,38.332513390691574,14.065663386427502,46,1675132.3071076255,-1141851.183463832
19,38.258458623973915,14.030759830394327,46,1625414.967566068,-1111862.5369901215
19,38.523493901321366,14.155676484158617,46,1646364.834443461,-1107689.648918286
19,38.36346563508827,14.016912681326371,58,1565753.2228075506,-1070303.7390565572
19,38.296223900254574,13.992820505732432,58,1546386.4459954288,-1060579.8793367662
19,38.22626502058944,13.967754798885087,58,1491735.5444366364,-1026060.2467954374
19,38.314216171687534,13.956021112614856,68,1460617.9557528226,-1003806.4193327759
19,38.203395617471934,13.937574065393358,68,1415758.747251047,-976403.5629166763
19,38.514673253629425,14.01229569592341,68,1399452.6177138484,-948617.768646822
19,38.18606933577879,13.920046280879228,68,1365745.8589681787,-943440.1985052523
19,38.482032232625485,13.970062342782006,76,1350425.1078260122,-919613.1684460058
19,38.45562415405903,13.937796778710274,76,1307229.9581763623,-893257.1094119443
19,38.13835914480087,13.890157005040745,76,1256422.5157940914,-870824.0264629101
19,38.12221689585119,13.880830107775427,76,1216650.7792709228,-844276.1688009187
19,39.03256998773727,14.642712992724935,76,1282402.6311256755,-821648.8694944133
19,38.098232130617674,13.869800070310903,76,1160678.4128582408,-806820.9278529083
19,38.214109968784676,13.831247634050284,76,1144956.2667808079,-793432.6180060733
19,38.014589584003886,13.900906539371812,76,1109719.7523320063,-768666.1770798973
19,38.3581960735462,13.81875850917989,76,1081675.7200247236,-745711.1579304634
19,38.06822361005191,13.84269500693607,76,1048390.1974404966,-731582.6708992505
19,39.216175845980636,14.867043837855892,76,1096013.6395541516,-696527.116973829
19,38.33373327112607,13.788869696297319,76,1006808.3062326632,-694417.8615815367
19,38.32133882012524,13.773726074549339,76,965850.021573022,-666014.1601173334
19,37.91756864342147,13.915359697964448,77,942025.7349065745,-644312.9201454056
19,38.07156271635553,13.789483497011481,77,901848.694670244,-631542.9023465617
19,38.33864084074442,13.745908424856545,77,870799.2166909892,-599277.1445121572
19,37.879021632674906,13.91647194058503,77,854539.5508895725,-578867.813283407
19,39.41299391348856,15.504735658258914,2,878679.3196085521,-555814.4904311054
19,39.44392080596146,15.537257002947017,2,846678.8557856923,-534942.211502362
19,38.39313076027969,13.726992010088379,2,778941.6848829159,-535065.9961900292
19,39.50362939043695,15.600043894913854,2,787673.9968964069,-496486.37339752004
19,37.89008941353338,13.845796982291732,2,710230.6201876429,-494155.4024841672
19,39.51693550183372,15.818387388777621,2,728924.1511692954,-458363.87375639135
19,38.43739394352235,13.69507909809921,2,646299.9057674583,-442790.7551115105
19,39.62992386584993,15.732849548463035,2,674642.721987758,-422912.4196243167
19,39.67182280451211,15.776908608955209,2,640539.4693058224,-400737.02722302696
19,39.61942570676126,16.084459708748643,141,599664.7131771222,-374888.21763665177
19,39.64823288736136,16.097538310267158,141,582184.2760478564,-363601.8882943851
19,39.4786959770504,16.431447717544117,141,550811.0275513411,-343614.6931146589
19,39.75899983497783,16.147827048669203,141,519082.40164263843,-322802.1053655568
19,39.848911150378505,16.18864722758416,141,472559.5385067703,-292664.58785847056
19,39.87743465249426,16.20159703767711,141,458653.2287813612,-283646.9419644196
19,40.12009106452439,12.179161743535781,160,336385.10348630534,-289941.27945131244
19,40.22571920081874,12.098177196276374,160,314688.9710204334,-276063.6444314073
19,39.994267484761,12.010029733223405,160,286322.70376923034,-260474.58320646326
19,40.390950810498154,11.971494973411605,160,260872.05098559553,-233420.7371135877
19,39.9140004890175,11.826888984079018,184,207704.34566212088,-204271.56392368427
19,39.78849171168965,11.889521642499261,184,193562.72713281485,-197453.4805474325
19,40.21939316549069,11.674488844448753,184,148892.7966509616,-158355.67931134152
19,39.600143606952436,12.005393880017284,184,126158.73191887847,-153736.49588621318
19,39.53496779622564,12.016037708838919,184,79986.31286631807,-122977.26902777991
19,38.62769551010567,12.809187886870992,201,-3453.5136159187646,-122300.93297682896
19,38.7153677621142,12.823115925616396,201,6230.598365002943,-110265.86551575763
19,38.61801193750279,12.851164995557285,179,-35481.809352237,-97508.77645436901
19,38.60726502366686,12.890868406351968,179,-74392.77060673274,-65244.41151791662
19,38.59856087198697,12.920781597930533,179,-108346.41656148402,-36015.889058589855
19,37.59854493484255,12.379186315152777,179,-193437.1898996487,-50158.384073618225
19,35.29978813330508,9.854405226813572,179,-170650.28312941059,23099.074120317255
19,37.6903672067408,12.399783656437252,179,-221850.41137062237,4816.9653670998005
19,35.200424492705054,9.814180733316803,179,-270955.530089446,52319.0067881982
19,35.16077324607936,9.86574477446581,179,-282004.3792879308,55354.68285469746
19,35.13240161167708,9.786643639073695,179,-327919.69222724385,70069.75600978726
19,35.009026867005026,9.736698945171996,179,-407723.81213120965,97384.36944349064
19,34.99328393185757,9.72418064484597,179,-417049.4044631463,100876.98989346754
19,37.137062389962296,12.045534548685115,258,-485749.1649070893,122419.72836830285
19,33.81177332921881,14.146788899950687,258,-517371.7010417512,140670.998916138
19,33.72725838053402,14.20019400261301,258,-557704.8992301027,153588.65562454629
19,33.527423796557784,14.326469728254592,258,-613960.3769759674,173940.4310569273
19,37.71398858879305,10.381990794886024,278,-655963.3915183042,217747.89879648294
19,37.35518107154571,8.101928462847601,278,-663975.5905444298,241658.26068479117
19,37.40212528598296,8.089534961159377,278,-704847.5700158316,258603.3299943187
19,37.478912033972605,8.069262884988738,278,-770115.5927651824,285794.832004611
19,37.54714073758879,10.49481304816591,299,-842971.8070803203,305100.2605003869
19,37.68943083822917,10.507846139782433,299,-863170.1426206579,302955.9560183411
19,37.6591322119047,10.577969869400427,195,-949959.6370620102,343641.031337959
19,37.737066256364855,10.636833688487508,195,-957343.2932688587,354053.60355867114
19,37.80530518759612,7.956545174402087,260,-1003937.3699573867,384256.0841255735
19,37.75987436747514,8.232534052070418,260,-1056521.6431872137,406421.1368413955
19,39.30060113170001,7.486979826791321,260,-1112300.377877922,430883.96319061733
19,40.1519950234049,7.914676039263589,332,-1161798.8176089916,450340.1182708385
19,39.22915051444323,9.741134149223168,332,-1231620.756289566,469927.7600738207
19,39.111097361373766,9.635059521143454,332,-1284343.4446846684,489360.18618710805
19,39.30210838389065,9.716640323492449,332,-1343524.536402723,515238.11104042624
19,39.974949440381195,8.135384570221573,332,-1388920.1839761948,537803.9871705644
19,39.918963067440785,8.205178291783602,332,-1461894.2204072368,565888.7296605839
19,39.6382072128953,8.133606964336254,256,-1530407.923308439,592001.3420949877
19,39.54976668202775,8.161702118711098,256,-1580025.75407008,611384.461718434
19,40.02086933697139,8.618674594314262,282,-1642045.2186936277,637720.203000724
19,39.859992194384155,8.593454242316074,282,-1719346.0904685552,665864.7413600751
19,39.325114962789776,9.380947298547875,282,-1773625.2063973548,681896.7380223158
19,39.48192533019577,8.534185540495907,282,-1839641.9004085122,711515.7139891173
19,39.64111758106202,8.845860031283607,282,-1910249.3788145257,738387.2826810591
20,36.8067865790227,9.706124617838944,0,1412323.9022629333,-420055.14757697773
20,36.92523083406758,9.741340165192675,0,1317311.5296380015,-397640.9237063458
20,36.95257230287542,9.692910605278549,0,1228499.044509115,-378288.19499552244
20,36.87705653843794,9.563070153104434,13,1160879.4628870103,-362743.4763944027
20,36.43904123769849,9.584106765196605,13,1199015.3823296833,-347894.6096481635
20,36.993985136381305,9.557454409651491,13,991897.0922836505,-318778.7633539865
20,37.100396175489784,9.670482674550582,13,925129.9073062221,-298900.1323222212
20,37.03552577779005,9.5554593324067,13,917385.8178088914,-298182.4535905162
20,37.98227050922882,13.865712119644225,44,462745.33862511173,-286655.1112918211
20,39.346102521415794,13.018996665281415,44,351913.416496636,-276710.41249459254
20,39.32222847334759,13.068561886045426,44,324786.3963758529,-265866.6077857425
20,39.329358414929246,13.09124144194311,44,315773.5557952453,-261694.4373514619
20,39.2783088689311,13.150459400365316,55,276284.7927780817,-241977.13382157075
20,39.21828451350936,13.176382733150268,55,247251.47095775502,-224493.60973996643
20,37.94139151343632,13.727847583361353,55,291182.6944184019,-208602.89983759605
20,39.21705161962901,13.278801385621117,69,209954.94261500402,-199120.60368476924
20,39.181255548520724,13.298861052274061,69,196979.1392420561,-188577.23254607382
20,39.29530422264353,13.379360221810439,81,163975.07462409875,-162538.09406830423
20,39.192031010915166,13.416692091199673,81,150017.29284422044,-148499.76349594042
20,39.02071413834437,13.39555283767887,81,156673.97861470343,-140937.78825982191
20,39.322792687336346,13.444456101329946,81,118336.03994182388,-125774.0864639697
20,37.6091073970202,13.22137085356523,81,126871.89615142703,-106133.65785893306
20,39.36815676345438,13.471193507350792,94,89586.54144372884,-102715.2095626225
20,39.41071848334352,13.477803552201234,94,74076.88665083112,-90081.22605071709
20,39.4518143506605,13.484185942923238,94,57678.140388908796,-76484.39549112329
20,37.68689346188112,11.947690761814133,101,-17004.671199247423,-65443.079636095856
20,37.624725689900615,11.96794194828442,101,-25468.073349139595,-59227.81165268278
20,36.15494390603709,13.014164342026973,101,-31329.05869201551,-44962.02814248847
20,37.53588977728505,12.471202825032638,101,-75802.50088521185,-27069.5326055692
20,36.23993952385917,12.949976172070265,86,-89694.18441267993,-9786.343616503835
20,36.174300709643035,12.943948920244383,86,-153568.59736423913,-9449.40170907957
20,36.13997617057835,12.940797086329942,86,-165076.54589050924,-8696.872495640322
20,35.30458473586264,9.883347862739532,27,-161038.20965923354,16906.491979015016
20,37.76580483216292,11.995957865400543,27,-210690.56050004042,19889.75226641358
20,35.247220544337615,9.859963481863659,27,-224748.36418940488,34330.27929015865
20,35.208716632568176,9.84426745069699,27,-263689.23977001256,45384.06837562166
20,35.1926187759237,9.828468428318665,27,-282459.6341752725,50950.25533674334
20,35.14281091721795,9.81740113725868,27,-323174.2805939714,63034.03307829056
20,35.10857452678589,9.815538320904546,27,-346883.89079490345,70316.9734183763
20,35.09394393310337,9.797480623460588,27,-361489.6055227944,75044.97575915503
20,35.07307373037801,9.762580343275875,29,-383469.2123544068,82410.56450083377
20,35.03693335523274,9.752356912890473,29,-405301.4026797528,89765.49298958186
20,34.97793173527923,9.735666467597747,29,-436138.6681106737,100827.70260851987
20,34.913137513098675,9.717337404405226,29,-463510.9547727063,111654.58385796056
20,34.81648007700402,9.729189648286301,185,-490268.8284207072,124140.22716787759
20,34.75105021157164,9.703646918683411,185,-505010.3160280467,132521.0809682359
20,34.69496284945335,9.681751346756743,185,-513026.29061455495,138548.434951497
20,33.77154765010681,14.160108167166438,201,-537943.9503153439,149985.7609347083
20,33.64869447698543,14.184417989179273,201,-576185.5416171144,162546.1404234142
20,33.55483792237678,14.254534785485658,201,-605093.7953539477,172976.7896330817
20,33.52323842696586,14.268303588222391,201,-610562.8373818377,175149.11439315975
20,41.15003414944544,10.792757209270968,207,-602913.7707494908,213071.89824549537
20,41.134868991076,10.758396429068599,207,-624338.5167251028,222084.13364311165
20,37.74443434678887,10.404197441899402,219,-665746.7384376221,221538.6661440954
20,37.741440363715576,10.40921418518634,219,-677334.5057140111,226006.66252851835
20,41.17045243640157,10.599823104089449,215,-688560.1529084963,249236.0909079623
20,41.082922005360004,10.640696441051379,215,-699152.2746603782,253479.65603373953
20,41.116912788982944,10.539046752272073,215,-736516.3098177084,269270.4402853783
20,41.10072322434317,10.520668919698323,215,-751253.1906490097,275420.41172699037
20,41.0768067196029,10.493519732574036,215,-773217.9584689573,284581.0566885065
20,41.09424549985731,10.44170152923205,252,-790539.0963152501,291983.5159501017
20,37.71397637468591,10.497964252697095,252,-841466.40509487,291437.04479880066
20,41.04178140064292,10.390856488957716,252,-835562.4213658199,310688.049026164
20,41.01357782684766,10.36352328650168,252,-860134.950532674,320888.0225817833
20,37.701374247073026,10.53735869115311,252,-902219.7836739119,316934.46232661256
20,40.95001645605042,10.301923440007194,252,-916399.0044383217,344219.7506576386
20,40.92802801784316,10.280613572060176,252,-936132.025474462,352394.7618202305
20,40.886957685023475,10.270786472367528,251,-958654.7758421353,361668.5933770723
20,37.675491318823084,10.61830765692237,251,-993077.1571506478,357792.0302157596
20,40.83474811318856,10.217419355917926,251,-1007758.9075400578,381993.76565938606
20,40.81196796595987,10.194134147340922,251,-1029388.2038397117,390936.53173177765
20,40.89900990344129,10.051386592729385,265,-1051637.0372415169,400749.60552974447
20,40.86441564823302,10.029175458901042,265,-1078814.5587409437,411876.8864390552
20,40.82243509067805,10.002221972652293,265,-1111989.8284500942,425454.48317819217
20,40.77399566999735,9.987790826832484,288,-1143515.6153537005,438289.0928386064
20,40.75041727496912,9.973005337293458,288,-1162128.0704978125,445902.2509241007
20,40.71074454519613,9.948127446735572,288,-1193508.5476107048,458731.04428235756
20,40.683146733440324,9.930821469949331,288,-1215366.427400913,467660.94666967116
20,40.66158285767521,9.917299240842379,288,-1232450.8974194948,474636.8654102555
20,40.6643698267131,9.816489643938198,269,-1271399.9599066353,490793.2111500877
20,40.63689451950538,9.815554581155672,269,-1287216.7045994313,497165.3963188181
20,40.55920037047078,9.812910428475849,269,-1330612.5609673995,514684.83641116583
20,40.4992233317106,9.810869239406452,269,-1362513.510680881,527599.9195911732
20,40.48270176474492,9.805121861397888,269,-1373347.9948607022,531995.1008383202
20,40.39740635667719,9.80740411840659,269,-1412694.4839910618,547986.3545526158
20,40.561964844840226,9.419939416937035,269,-1432444.3100084814,557215.8345451979
20,40.27706098607291,9.803308423452187,269,-1463944.0807755038,568917.8019644088
20,40.190590860376076,9.800365599347323,269,-1494117.4269479744,581316.3109320914
20,40.07081089606192,9.796289146775722,269,-1524785.5260610003,594027.2281342611
20,40.26683465380878,9.600751201417419,290,-1565158.3849066566,609246.735262158
20,40.26315586663961,9.43917888404061,290,-1615879.7390422134,629631.612811725
20,40.244984763742195,9.440348870091684,290,-1625601.6539674718,633470.2062472553
20,40.18482818986166,9.444222182169547,290,-1656210.9907406056,645552.5885336655
20,40.08810596530131,9.450449853335318,290,-1699698.19511792,662700.9319627897
20,40.01051251296313,9.455445876823978,290,-1728674.7647184506,674103.4171859781
20,39.57333936716107,9.467813833695244,314,-1770110.0253574806,689974.7377061939
20,39.94432697402021,8.962826317244112,314,-1799720.0065373157,704075.7606525486
20,39.884129909455105,9.044766429448247,314,-1839269.704083364,719123.6185743177
20,39.765580592457525,9.20613549962938,314,-1875227.457260889,732380.9779232023
20,39.58746098694283,9.160812148870065,314,-1917385.1243003374,749814.7887451127
21,38.17756930129287,11.721833107789186,10,1073999.1770645825,-288519.8080655117
21,39.38143274062247,12.944532302051993,10,379817.8678402137,-284194.0737048057
21,39.371264988635154,13.044766090775429,10,345777.9395418517,-273080.3551959969
21,39.29791952603547,13.10824315970964,10,307699.0696320159,-256132.29845752352
21,39.27483215916923,13.144125496389067,10,287937.37181737524,-245289.30419811053
21,39.35629360303231,13.192354142026467,10,278582.6577397358,-236711.46520073994
21,39.2238569082458,13.204662763164329,41,252455.65914692136,-222922.0432280687
21,39.191578399858194,13.221540712674127,41,237850.8422782336,-212439.14230703606
21,39.215742034639035,13.271425614027008,41,229105.89734345718,-205441.38733187874
21,39.237991455725755,13.329488499013257,41,209978.69384422083,-189488.48558921958
21,39.20621450344194,13.34981070974439,41,199986.5346974294,-180694.8492969436
21,38.36751359504623,12.537337358136359,41,181004.7513554032,-168981.98466192395
21,39.19825208710112,13.415319261131442,41,170832.91981057014,-154866.85443949
21,38.43567002662773,12.562901189761519,41,141221.1228718818,-146463.3576762425
21,39.346738174235,13.431936892247071,89,144413.0640467469,-135529.33912710557
21,39.383821864200826,13.436256124255486,89,133726.80844247324,-126710.56479810245
21,39.41354079821562,13.439717564343322,89,124066.13258103246,-118621.50856761729
21,38.17933941260737,12.405801401571978,89,65400.822169774816,-113358.54519780306
21,39.491972590855276,13.448852715391094,89,94321.04810565567,-93426.17517245465
21,39.51172928283602,13.451153827725445,89,85970.97154738341,-86323.3019962631
21,38.16772895056318,12.34727817959617,89,15345.63588672245,-86067.51176252379
21,39.55752016812733,13.456487208994302,89,65532.448506148125,-68935.23028987287
21,39.59669651994785,13.461050178669435,89,47067.05603515754,-53249.4392926622
21,38.11238627924858,12.40688072450725,128,-54765.7681496743,-60667.856950133944
21,38.11932000635286,12.377782126456987,128,-74200.99721065031,-55226.21589804941
21,36.484741291620296,12.66645183360663,128,-36014.39490876134,-37404.14852525737
21,38.102914995087836,12.37076769911515,128,-119680.32096416283,-36699.72025055887
21,35.126093755290356,9.86166344797395,150,-68839.56656378189,-18794.580715401065
21,35.0884801900475,9.880926288748244,150,-94150.60491039987,-10873.128565783123
21,35.045006007848635,9.870085487600157,150,-120334.09815911792,-2303.5702586773414
21,35.00851447842865,9.853383911912292,150,-140667.9562595912,4703.924570056543
21,35.0123752631972,9.919901511612427,150,-145744.25688197234,6594.2255736792695
21,34.94831620461177,9.8880646965268,174,-179568.81384430375,18774.995643345974
21,34.913970363465275,9.873428473565815,174,-196791.80206966292,25394.41335035874
21,34.88687504193258,9.90352927426011,185,-215584.00017538178,32803.07784797839
21,34.854884342557845,9.884282171097837,185,-229496.53884169803,38540.81762655336
21,34.8292469401127,9.868857508951685,185,-240124.10767317805,43100.99995862125
21,34.80245285237249,9.93021048020525,185,-262471.6628328038,52653.63491693566
21,34.744543441176994,9.817895916548727,185,-272059.0416485608,57833.760718971105
21,34.7050413731032,9.79412962215068,185,-285351.25149637216,64481.31490679114
21,34.65296078912184,9.776634222783773,190,-303218.4042511148,73620.59695642053
21,34.61348301270144,9.751512668342595,190,-314063.0368525968,79742.83446760298
21,37.0231688045405,12.17312740989958,213,-346965.28659456415,85294.54034597761
21,37.220283921341604,12.103797347197771,213,-376014.57646199735,86735.63759477303
21,37.0288083707276,12.161115978896365,213,-377292.6467139667,91934.33224941306
21,37.20392790447205,12.070236409505462,213,-423409.83281538804,97401.63804594497
21,37.18769606268989,12.068877096541705,213,-443778.2462112538,102445.51238935634
21,37.176635269506434,12.067961890275903,213,-456154.5260904449,105539.30242138938
21,37.05112167332293,12.11359198756691,213,-473699.9698267172,112624.99538846071
21,37.135534024343926,12.06416153849758,213,-492533.4540737963,114830.74829643202
21,37.09194310501901,12.026648454322943,213,-516283.04741207504,122283.46105963166
21,36.80314973802933,11.97943760332809,28,-516022.80250790756,136909.27945300814
21,36.96871226280866,12.052992442118128,28,-542358.5460605423,131361.70046691346
21,36.89471700791102,12.020118402220042,28,-547918.8718131797,137497.64512648387
21,36.347340711441774,8.912528610378118,202,-545155.5212589384,156384.69097444578
21,37.00839711915367,9.3031206970167,202,-570458.1468359551,165896.79808985846
21,36.429272209165624,8.576490550537788,202,-586330.3909541665,164017.91673058775
21,36.39682844702173,8.941768956100052,202,-593773.4739155554,172214.8952761879
21,36.518941734643356,8.409070446938761,226,-615665.7399827469,175116.20464840357
21,36.543714246525376,8.40705187639633,226,-642160.7708065003,184039.42060490255
21,36.464908231057045,8.635277267811437,205,-647861.704530899,183949.53905250205
21,36.48588022178861,8.622338232853407,205,-667727.601063052,190365.16474592648
21,36.49213838160986,8.651844994486074,205,-683884.6508706735,195634.24619412472
21,36.504164624016724,8.65916215921248,205,-699501.8165313603,200710.5448009805
21,36.52517838707591,8.663382513118014,162,-724074.6857167643,208703.6250991767
21,36.52823903390633,8.847595209107421,162,-747373.1369606653,217782.23617609064
21,36.54982231491734,8.680349346264007,162,-755320.740707303,218908.0485925546
21,36.559313482307246,8.688471673521333,230,-767396.8341819647,222860.7152223788
21,36.5697455304675,8.715393042673334,230,-783767.6827975933,228246.16202350077
21,36.5833602267518,8.732145606980161,230,-800576.2117461879,233777.56426771553
21,36.615390198835115,8.730081454980697,230,-832904.4252973691,244395.33525318725
21,36.61496925305742,8.763451187601381,230,-835689.0835497059,245363.24656545193
21,36.64199848190995,8.79217448862787,230,-862488.5189612135,254264.37837010543
21,36.6624409911717,8.847325091229049,309,-876669.3740543593,259224.02172231246
21,36.730764042816006,8.956430410236917,309,-895598.7347016177,266457.8774439993
21,36.688944919506575,8.784559128622659,309,-905348.1790234647,268484.6631616549
21,36.71718411239006,8.84295931323244,309,-923509.3022279966,274694.1115038993
21,36.76629941934127,8.88591634003428,309,-949669.0053740885,283747.23554353364
21,36.83032790598037,8.951937018630462,309,-959857.7171135485,287943.7386394011
21,36.796565926278504,8.825857469026039,309,-986142.7961825388,296191.46677429084
21,36.8871130208928,8.932923840135883,309,-999233.2186015871,301881.912265774
21,36.84933508329908,8.820659072156078,309,-1021742.9179419897,309084.99193960486
21,36.8930924944607,8.806400574715244,276,-1050429.853107677,320009.31935591786
21,37.22488930425364,8.11840306882573,276,-1038490.06075065,350691.25535562006
21,36.92472183308633,8.740815537592821,276,-1077397.0393927563,331152.1671210431
21,36.957731120292756,8.672369107130216,276,-1096721.7479235907,340453.7228487388
21,37.01175700216645,8.560343702166922,276,-1111765.6253866171,351079.7412064177
21,37.083705654871125,8.800937446273043,349,-1132250.3681543446,357035.08000391396
21,37.12047821803811,8.731060585442973,349,-1162455.9478007206,371446.58547907206
21,37.15179847258507,8.671544444068722,349,-1180938.1146042803,381579.7144808527
21,37.22845509062373,8.729406458248821,310,-1190280.8813012405,390288.88625044713
21,37.299202882036944,8.621809993061756,310,-1225045.9535341458,411400.7414305492
21,37.31971450826261,8.590614977174553,310,-1231726.1899015573,416358.4015779222
21,37.48836442154695,8.603542687566685,347,-1261695.2217262888,445423.9590652847
21,37.58274479170268,8.515937921487064,347,-1284619.9432718188,464384.980171648
21,38.12187166193946,8.162044156155664,312,-1289355.2355261848,502886.91529977386
21,38.169323939591706,8.221277021463152,312,-1316413.8112323016,516880.8789082782
21,38.21865361738717,8.282853373644464,312,-1341148.365165823,530177.0167540386
21,38.31955894640645,8.408809640831642,312,-1381138.146387999,553022.9628771873
21,38.48272213557919,8.612480016324152,312,-1416624.639109836,575714.6756145507
22,34.87319640677366,9.186378942950837,11,1827754.6086962135,-934723.7932204427
22,34.87365085956933,9.13952465719282,11,1773721.9007843775,-908067.2861302391
22,34.801676397110384,9.104549709130099,11,1714756.8287399767,-880189.7777562491
22,34.782546831584,9.090244993321967,15,1686311.1677353946,-866347.7204202904
22,35.1443542969754,9.257021524473377,15,1633429.4708722015,-828529.8164998433
22,34.64866166370108,9.070201923402772,15,1557904.926342982,-803662.6404101448
22,34.63401994575849,9.04377191871671,15,1505974.1612877527,-777924.319360755
22,34.54045570165502,9.11736386641814,15,1460277.3640284326,-754368.2376265533
22,34.60358660602508,9.007752594773745,15,1419396.7525414492,-734918.1231107669
22,34.58818248580315,9.000652006804193,15,1391718.170481101,-721150.1749773276
22,34.63297761801064,8.95287483297778,30,1348453.2937155517,-699351.2382302354
22,34.597317231788224,8.937448096680694,30,1288839.0134844787,-669757.3156330412
22,34.751842931367946,8.882573761363979,30,1245336.7126274281,-645842.929187605
22,34.54382051822061,8.91430533855628,30,1195180.1211111282,-623098.9389493153
22,34.609187732306715,8.873160021465992,47,1163242.7832541012,-606666.5874612215
22,34.503384279304285,8.89365967739522,47,1116197.2355314894,-583621.865446926
22,34.56946079761723,8.857725573657426,47,1101495.5300881173,-575987.2248710865
22,34.53324392849482,8.843654833475,47,1043406.2690795796,-547037.1052430319
22,34.409922944272395,8.886733655703047,47,999895.6299014922,-525138.5054927131
22,34.47891239485203,8.822546302778541,47,954112.2823484302,-502390.56332049216
22,34.505722658169155,8.800596921029715,54,929411.6451067781,-489875.45173473353
22,34.49989818664256,8.791168624182099,54,904547.4202947927,-477394.74324935954
22,34.453174603368744,8.781258488685225,54,847522.9692689009,-448877.5655564949
22,34.44726170294848,8.772072194851642,54,823694.8988656353,-436904.2580023593
22,34.41328741690878,8.76657943615516,54,784871.1518199812,-417413.9598591286
22,34.407307393551555,8.75757683740565,54,761896.0572526058,-405859.39991220844
22,34.40502636206399,8.734916468127267,53,714201.0725110944,-381856.5805013164
22,34.38899156219151,8.729385603604035,53,690716.744088776,-370038.38082199614
22,35.391714245737084,8.897718717039666,71,666907.0539336015,-340738.9769115133
22,35.026173676930576,9.790843722514659,71,650894.5724181362,-326600.7078356493
22,34.22776680127973,8.749370664430197,71,580164.4078124884,-313574.85178486136
22,35.01953423254091,9.807065872155203,71,570468.4453329187,-286254.2360388214
22,38.0181486957246,13.943518208291463,71,503579.1675337076,-274468.4706050191
22,35.01390599912438,9.820817330761738,71,500290.39943279047,-251064.32055767247
22,38.0103005631319,13.785789549387939,101,387390.18311779964,-259893.5585727108
22,38.014372161984014,13.76720169542858,101,367226.36879603734,-250508.2941723648
22,38.1116901258589,13.782389750317236,101,336833.2731457057,-228586.57287692852
22,38.15007959870268,13.788381053438286,101,301599.03710806405,-205144.93730185946
22,39.36409705619192,12.990074695019063,113,190021.6289411403,-220354.8136048454
22,39.41563559923799,12.923776428453223,113,163297.74302889183,-205149.7086919755
22,39.430898348494395,12.902655340607883,113,153022.77383948455,-198603.5909444819
22,39.53824919613895,12.944684766640943,113,133747.99645948174,-179678.2314051866
22,39.48978199356398,12.802221028339101,135,97840.47307933611,-160810.44581733964
22,39.58776246706372,12.792156739152984,135,66316.45252871547,-134563.1623167018
22,39.576958914183166,12.741951867688755,141,46378.15450944012,-121886.2506610272
22,39.63885306520059,12.752474043584646,141,38093.97145398803,-110545.01991999026
22,39.55673336465135,12.634325807613333,151,-6148.203234669709,-84519.9587413685
22,39.728343827914856,12.635573635957547,151,-19051.79007421181,-59446.21229567221
22,39.55897855239705,12.560363028770782,158,-49652.93234881086,-51690.160502867104
22,39.487303506810505,12.523124985098208,158,-62802.34190373797,-38995.99783959868
22,36.43836980900632,8.133569092024766,177,-133194.99628423093,-16780.35009015406
22,36.54936232008009,8.0571582052287,177,-166838.01656260394,-9151.36239180948
22,36.56629256516524,8.058193613689985,177,-178607.87942762047,-5952.288277782036
22,36.601796830454006,8.095647838616484,177,-223606.01749524576,6738.123921580667
22,36.69838221471672,8.066271863006868,177,-275319.04691453313,22633.60028966519
22,36.762982829559135,8.070222663652435,177,-324423.32140423934,38487.63668382543
22,36.77872340971297,8.071185315391666,177,-336449.17253415857,42495.48989983207
22,36.72036445416293,8.215069064881618,177,-390919.8815147896,58479.16861595611
22,36.728896022667456,8.26616123861174,161,-435564.6072926347,73176.33753237955
22,36.74576566054418,8.27422392165779,161,-454560.9798339535,79456.66276074844
22,36.7751941013843,8.28828896518553,161,-487523.18184484146,90496.46444175277
22,36.731780332228304,8.379155374471354,213,-526703.9526042134,104584.71498111327
22,36.80944815971859,8.341030299432855,213,-553551.1030633999,113050.8396463412
22,36.80588606810145,8.383383265446861,213,-583969.8099230612,123675.67918048677
22,36.801193308292746,8.43917977998162,213,-624089.7323285139,138054.91819730998
22,36.83062859930913,8.475729154371042,162,-671367.2732617705,154802.27705514518
22,36.866901581840395,8.4814967284525,162,-698392.0464841195,164325.59042463586
22,36.90651554359037,8.533493213297266,162,-756765.6560857366,185711.35412292188
22,36.913844662498185,8.539072034008496,162,-764285.873451188,188509.91189524197
22,37.179070784422954,8.392434779988351,221,-813922.1426734398,217352.79151464894
22,37.15629475327479,8.439006334319105,221,-828406.7029440621,220826.39560849825
22,37.08364348941126,8.587560850257761,221,-867984.67012572,231112.014738739
22,37.041913582183696,8.73664339078924,221,-898669.5385161656,242589.88674051652
22,37.186632391076216,8.72276446200827,221,-931467.4930221918,262462.9922351381
22,37.75727448147009,8.131030879020603,177,-939450.132648737,315763.3740586816
22,37.846680580785446,8.136498716683676,177,-976958.4595487321,337755.2185363955
22,37.99172345877586,8.14536915077161,177,-1031998.8077332566,370423.27685591026
22,38.06139352985545,8.149629985787957,177,-1055684.9611365632,384527.9585978866
22,37.76421536477649,8.514062354993829,177,-1080828.0941257118,380302.06067406596
22,38.25886746402833,8.161706962895938,177,-1111310.0245112313,417599.54518585553
22,38.73173095657017,8.190626028080649,177,-1144718.8011393347,442415.32973229693
22,39.18808074053588,9.00472970221371,267,-1209572.7914889858,463967.3808613262
22,39.144422704961556,9.039790349079409,267,-1236724.2606440964,475542.3530639918
22,39.0937675065967,8.90063560180533,216,-1270289.708663513,491359.60380519193
22,38.79451873190261,8.969560267978682,216,-1349496.310780167,535635.4207900878
22,38.86212300556669,8.849999673430109,216,-1353630.2936888023,532999.4912689048
22,34.275897682337074,10.814896689528354,216,-1347208.4542938673,701922.3968590994
22,34.787699406949756,10.167318511559124,279,-1446862.0211192493,720913.2735248106
22,34.85051824862091,10.603884240731631,279,-1509883.6736483488,736048.3651827021
22,34.79008796481129,10.65160729705601,279,-1555096.3049717194,760221.0388926683
22,34.78805320944486,10.239053253018323,279,-1623207.8749207468,807346.1145125409
22,34.7881222835416,10.253058277120433,279,-1649727.373494786,820204.8712460181
22,34.78835187267285,10.29960830771626,279,-1719873.0988071007,853839.2484597889
22,34.78865229950066,10.37117953095898,71,-1776849.8748484969,879916.4587211624
22,34.75443441353437,10.454784066813296,71,-1838154.3866539297,909448.7048858901
22,34.707879202175484,10.478517941568487,73,-1899713.6238292055,942204.9694142543
22,34.48351502689007,10.589591114981804,73,-1941489.613007382,978087.3921847207
22,34.4708449499851,10.528322981984608,73,-2035191.6095702292,1026573.309220893
22,34.56939088016855,10.416806851982473,73,-2075709.3121836463,1040768.7425743589
23,35.00435452465504,9.410382831308727,12,1210657.2909463653,-628193.0224030305
23,35.14682828695268,9.421352937732392,12,1193717.3305464047,-612828.253053739
23,35.08252172737286,9.332336492646233,12,1138969.1378212587,-593315.7556304124
23,34.86385906047527,9.492916963096393,12,1062488.3206080156,-553386.7429722216
23,35.23746701064908,9.546819717844999,12,1065601.2310507766,-535490.8078444619
23,35.01599620983689,9.240248451904174,12,972795.4009472912,-516179.0085618035
23,35.29420521080541,9.343972029272827,12,954462.3849034919,-490170.3474772768
23,34.927255637491484,9.247663200498803,12,911545.9865674239,-487307.1840099114
23,35.02909544944489,9.179158719658641,12,856932.9010759861,-459384.0703660373
23,33.412228386930515,7.020230598803426,12,995477.8829882687,-418721.51271059964
23,34.95565332799142,9.15671873326839,12,761240.6567516621,-413209.5689064881
23,33.324605837363364,6.898938961949928,12,918720.9109257422,-386691.78228656325
23,34.94033395145507,9.135512864860672,12,703325.4502662556,-384501.16379428183
23,34.87534583152711,9.159041198280029,41,672944.8859783263,-369594.3122051696
23,34.774659800807655,9.227528454863346,41,618676.3165758922,-341583.17067196325
23,33.225896987228474,6.521584881330544,53,727804.9568670879,-306408.4049628495
23,34.825236843642614,9.128919973632506,53,542856.2015325485,-304110.06924073445
23,35.028636045260114,9.015461990654302,53,520610.1503918578,-291283.89625838207
23,37.989450854567224,13.846924036807046,53,448175.069765723,-280068.7158411298
23,38.048679862646004,13.871517430173421,53,445074.4837213639,-270278.1413704077
23,38.01420372330264,13.76408858614557,62,363751.06510531134,-248454.40746908137
23,38.10345200179987,13.781885044009709,62,342904.93983711355,-232195.49678187107
23,37.5316937853966,12.81346682302581,70,328022.3888800286,-221037.6800217976
23,37.51224521577595,12.78855997043576,70,304564.37708659127,-203956.65874564223
23,37.506102105229935,12.780692782678592,70,291498.8973786331,-194628.9129933134
23,37.54606687123799,13.253540249243489,70,235781.73875677463,-180307.89924979635
23,35.13361609408768,14.319520069626398,83,177738.13855960604,-156593.92250440322
23,35.03952940128494,14.267672886580932,83,158282.81032498946,-148511.4050504592
23,34.970192553346166,14.410315862832377,83,149937.7762594457,-137086.5430440754
23,34.863403965911765,14.469646082074098,83,113244.47061529281,-108508.8265437237
23,34.761545912436894,14.173112560838796,107,97992.88987024389,-92189.82439726662
23,38.99524420803925,13.191999171173594,107,40704.04188063202,-85935.46735865533
23,39.156237230484024,13.407661299843399,115,-2158.618776042011,-77299.30323771517
23,39.17278416776443,13.370328865361145,115,-20359.774631882196,-76404.85579900476
23,39.2057393732443,13.295976855162655,115,-66548.37561298373,-67577.95818012816
23,39.23295088971649,13.172386062941094,115,-130256.0830530934,-49178.962151963504
23,39.25670140732437,13.133484832499681,115,-164031.3336658799,-35501.193414820766
23,39.28149480403081,13.125060956432472,115,-191276.7192872889,-23411.365686276105
23,39.301159703241694,13.118688695285075,115,-212843.19686236628,-13308.243289870179
23,39.36879499877091,13.22701477691976,114,-231237.33230164307,1907.734422593102
23,39.334584232215306,13.107796472559317,114,-248969.06153535598,4688.548372867426
23,39.56447550925671,13.341946749439082,114,-246088.06351315774,44920.73601591135
23,39.44025350558196,13.216589444209761,73,-285111.5448896351,33566.23990405539
23,39.55035458226582,13.240066426641603,73,-309609.25393951434,63934.99175665504
23,39.4835394943243,13.118858410160165,176,-356623.2529373956,72164.79583337708
23,41.53156643533775,12.004757573161866,176,-364520.2637915201,92890.04759813743
23,41.48978288339425,11.97956496061911,176,-386568.01932633854,100629.81659336422
23,41.41970810481534,11.937314681175536,176,-424853.3956663034,114464.41232335121
23,37.043872015632495,12.129311694000421,176,-449385.7556481879,108248.62924738105
23,41.310740259135756,11.871614553059656,176,-485619.4992674171,137330.56418942768
23,37.02489527301548,12.04231609713383,176,-544151.3610628931,131041.77018370801
23,41.204114846584325,11.807326751265016,176,-542824.9093302642,159852.0076498941
23,37.03886398716994,9.254114983813059,204,-574963.0379574397,165415.1841535124
23,37.02829964726205,9.240574859304354,204,-596313.778684563,172587.14664002144
23,37.09533106813835,9.205473601741046,204,-638492.3811512012,187110.47228338945
23,36.99314455251872,9.195517206475083,204,-661657.4378846809,194743.13863861302
23,36.632498107208406,8.733283142094331,204,-681873.5673830805,210020.5202697744
23,36.94699788597985,9.136371853708521,204,-732229.2385440452,219151.6557645485
23,36.997061461053065,9.111908065471304,92,-753382.0558085482,225724.29366529174
23,37.00870652316711,9.080459284625553,92,-780505.8141459553,235257.27569313132
23,37.015994988569915,9.060775976034336,92,-795782.292670682,240796.62500710762
23,37.26560413241156,8.38667881923989,92,-783213.9531135729,281367.2713655071
23,36.986041578592435,8.915759161139697,92,-861790.4482433755,266083.921659099
23,37.083224753817646,8.879214543997204,92,-880998.7142871838,277378.34360858356
23,37.205172527511124,8.809702435845974,243,-906682.0986184931,297682.31146647444
23,37.848640221389275,10.635173085590255,243,-906790.9345582009,336229.03810942516
23,37.82800727429119,10.63348999295448,243,-927979.728504662,343194.65877939697
23,37.79408471669436,10.630722826121433,243,-959577.1329483824,353606.9906222471
23,37.621436493513635,10.571236269938362,243,-1001759.2884115477,362092.9306222822
23,37.63286438040926,10.61757158992388,243,-1032810.1690743057,378690.43635928375
23,38.93385538389705,9.462653274109531,251,-1041355.4046454732,403388.4714590087
23,39.2754967153021,9.116932727036325,251,-1076542.129499597,411649.75162377185
23,39.16638674946076,9.276808366169526,251,-1121468.7239938325,429188.90789873694
23,39.07288516419387,9.306931369180464,273,-1151306.3395907416,443600.86221863737
23,39.117952180124334,9.21101767754378,273,-1172023.4711540714,452088.57331843313
23,39.086778571063626,8.821437587041649,262,-1213537.4870160695,477914.68933291273
23,39.032405024907206,8.869619981649493,262,-1251016.2770091963,494264.2796840512
23,38.976409662193085,9.022213665042289,262,-1274993.317492286,503699.58807026607
23,38.92041666910861,8.968856973385313,262,-1296477.7587587775,516423.7209476639
23,34.85387166499441,10.736777533370716,280,-1284527.5056112567,618810.2031867208
23,34.882562356981936,10.688463873506333,280,-1307369.7675031829,630341.3899204889
23,34.78024526106138,10.75998256898924,280,-1357219.0740883434,658273.9154185201
23,34.86920308591374,10.659961514887332,294,-1377721.9560144763,666620.5525374495
23,34.90526076849242,10.567009516424731,294,-1416312.561171601,687366.2052888402
23,34.68975063349822,10.749039574947599,294,-1484431.5098496615,728389.9569673853
23,34.845897867466164,10.61272077148012,294,-1493005.6640017682,726352.007946482
23,34.84367452270307,10.57846256478415,289,-1541667.7111196085,751737.5712067581
23,34.817154771012625,10.5672896149433,289,-1608615.9829867075,786708.7443172564
23,34.81040204680041,10.564444646793042,289,-1625085.8272074393,795350.0404362314
23,34.79402482353213,10.547135537462715,311,-1675703.6093139967,821993.4204376104
23,34.769887425693135,10.53263080692434,311,-1734538.8413335402,853137.8797880427
23,34.750330073185445,10.51152057242164,311,-1788011.4708036492,881617.0861070348
23,34.74535018463494,10.506145273538161,311,-1800901.3282656178,888512.7236840521
23,34.737407104580114,10.447328510396419,183,-1849650.2278620356,915155.060647903
23,34.68424556477696,10.468371392978723,183,-1920077.6891621754,952948.3628102178
23,34.66989117703521,10.445882510712039,183,-1950390.8841788515,969629.4150715941
23,34.62994424005595,10.420048799044398,183,-2007542.7910768865,1001434.7635084529
23,34.59600734514629,10.402017266750082,183,-2047145.1272576926,1023857.7396876627
23,34.527259081776506,10.423117717206146,183,-2104034.491755299,1056702.349319331
23,34.43575842366525,10.370754253963636,183,-2169128.409594619,1096162.444566682
24,35.058896626536686,9.39500470568791,0,1534340.7228419464,-786012.8095392094
24,35.035190152599476,9.372572655760553,0,1500357.7658147865,-770916.8427427446
24,34.98230466531558,9.333030334093689,0,1392020.9936861664,-720219.2641771549
24,34.96485324494917,9.327444919774488,0,1355081.0291497386,-702563.1558089912
24,35.013110925998646,9.612648012811828,0,1305130.1961613386,-663243.55772081
24,34.93995656946807,9.298221524033766,9,1267985.1627698669,-660614.380496829
24,34.898539213927,9.31371429832956,9,1192453.6833125532,-623771.1947558892
24,34.89739317092921,9.275373375032098,11,1137999.6453970186,-597331.3884225581
24,34.88931499071325,9.271786548705139,11,1112557.4102890242,-584876.8336379115
24,34.873685573264055,9.265506425982007,11,1062879.1092627472,-560504.6768767346
24,34.82936934669774,9.49052967150705,11,1040640.3962829235,-543230.4399310935
24,34.8192351302657,9.338430560817775,11,986121.3244177536,-521877.09658287244
24,34.84207169742915,9.255369960143122,4,961106.5426884054,-510378.60097027704
24,34.8336235527175,9.264532879566529,4,949227.4158093875,-504498.73156468576
24,34.81835684503004,9.257499500562783,4,894243.8809324948,-477313.2666055601
24,34.812919893960235,9.25028524459764,4,868182.4156787897,-464408.5028105469
24,34.806486844022274,9.247835558143299,4,845345.9560839721,-453084.6689726753
24,34.79961110164376,9.246818643384493,4,822878.0792020292,-441933.6199930763
24,34.79346063820352,9.246029807034137,4,802765.4119361313,-431943.4303281434
24,34.78230038794501,9.237801369693127,4,757355.4967236577,-409355.0375795067
24,35.46194980343891,9.554003061992146,4,809298.6771015605,-396990.390368257
24,34.76266667461131,9.267513856943255,4,728491.0736893482,-394922.87362127844
24,35.48341411259644,9.563891678742339,4,737509.1143002043,-359602.8397203744
24,34.75163798634291,9.24342042853812,4,665538.1068133197,-363588.0207957927
24,34.732504865720124,9.28664444065418,30,643417.0808351467,-352328.55786871555
24,34.87255901113049,9.725254582903743,30,655818.0969106224,-337596.37636464636
24,34.72591409199372,9.244070380246681,30,580807.2290631967,-321223.0982626531
24,34.71905785468249,9.244518423876546,30,558188.0738747873,-309894.0668064976
24,34.698619987767486,9.47765535733964,53,543458.5518759415,-296981.9628057016
24,34.70795216076038,9.236566813538143,53,513223.0673879578,-287339.4997473915
24,37.99505512903746,13.830940119123127,53,455766.61276018375,-281986.9335688029
24,38.0385742936456,13.838782676563447,53,454509.8668023254,-278200.690977448
24,34.67016381932053,9.452859254216598,53,441450.9111328741,-247034.3545422816
24,38.005175314244056,13.767005383177755,53,381118.3357532676,-253072.6405356991
24,38.004036165001466,13.75911759565877,53,370828.59152106877,-248071.50152429965
24,34.716809739558755,9.084696000791926,53,381030.64747510303,-217718.43976090898
24,37.543100058649955,12.821620034605314,53,333225.0642175403,-220283.78610281635
24,38.080417469139164,13.701972253647595,53,293887.0504795203,-201015.92536945065
24,35.247066468172235,8.758164899409737,53,340594.34603734536,-181576.48403443777
24,38.19968007721685,13.867815434269195,53,296774.8752419331,-167253.72754092907
24,38.21393654410627,13.87038458194202,53,272920.3725959983,-151626.22751329961
24,35.103131354288095,14.29066251993453,96,183454.40819823497,-161219.62862943017
24,35.08429043218433,14.273874132293827,96,179578.56874838317,-159660.2102168935
24,34.967125770375034,14.26419107894209,96,159756.4724008484,-147106.22504447444
24,35.1833756587585,14.022410174277985,96,143446.09528988408,-115647.1200584324
24,35.191253878741655,14.002416392686342,96,139148.54248990014,-108857.62074002082
24,34.816901302690844,14.534110792000124,96,110844.32471866996,-97655.86395649638
24,35.22204595507514,13.924270561485692,96,121538.33669152645,-77960.26173517243
24,41.71906362684719,10.517160634984252,124,85476.47078446699,-68759.19670675299
24,41.73155592280599,10.58294055195526,124,55067.84465648161,-59335.4613004939
24,41.754305938852866,12.452894324793782,4,-5673.549160789711,-54831.939882961626
24,41.57482574083182,12.406316053975795,4,-36169.78438169691,-51271.0549863642
24,41.51566961112223,12.342954462751964,4,-71023.72344979733,-42518.41202453404
24,41.599438621772286,12.196722801754571,139,-101642.685113643,-34543.490600264384
24,41.554760393762905,12.155198019240206,139,-131811.85079219792,-25509.41088148798
24,41.52684745516324,12.124808726592166,167,-154040.77607306594,-18511.131197885166
24,41.50940056459461,12.084175865446515,167,-177098.47037926217,-11020.959231790535
24,39.781965925180444,13.558004488796941,181,-194810.80815332953,-12428.90663371062
24,39.6811551173167,13.52703262951263,181,-235730.3823711584,-4653.4208118206625
24,41.550178460703286,11.743029179964665,200,-261532.35190210835,20933.853068030145
24,41.53729186952286,11.75172564987201,200,-266100.2372164376,22302.422084964663
24,39.66834759211352,13.570732109745517,200,-318687.4647576449,20451.07288682972
24,41.313253582437795,11.902917085562787,200,-341734.3084788857,47673.87366119082
24,39.63879326013105,13.594393214792744,217,-390307.04987854196,43685.753592322486
24,39.65990831597243,13.611872614118955,217,-395310.18998864177,45620.19565868889
24,39.62331694339625,13.61305929572174,225,-439559.35584946687,60500.23512582094
24,39.78879860433317,13.739196514284622,225,-451418.15723697306,77180.15778757297
24,39.69027932005712,13.687898644406085,225,-483404.5045722135,79189.76005106041
24,39.62405134043829,13.6516854983087,251,-503068.61448564805,83364.35791073862
24,39.59052351426339,13.647019943575714,251,-536111.7405343786,95308.28699096738
24,39.57794734083963,13.658629895055805,251,-570915.2408249052,108454.0340155238
24,39.56651100070122,13.668717008113356,251,-601701.4353135804,120352.65270909513
24,39.59068980835561,13.700974350619665,251,-624468.9281267353,129852.03569084695
24,39.55083228231359,13.682009979334337,266,-642761.549630683,136628.55930899968
24,39.54040676941665,13.690631700162365,266,-669463.2977899719,147471.47822158312
24,39.54181310149292,13.718006820510611,266,-711365.7505165021,165078.6234672606
24,39.51120687747529,13.714641189001037,287,-742508.7933813324,178250.9507990851
24,39.50693679575142,13.718229327430945,287,-753078.3500133838,182849.78839943575
24,39.49118264593113,13.73194343390686,287,-792171.273331409,200207.87920632574
24,39.467292575430015,13.745383653973573,287,-838456.0883902406,221545.04117822682
24,39.467546114896855,13.755036295554227,292,-852357.8348385255,228113.52472052892
24,39.456635153706415,13.76750442887584,292,-881660.5988885015,242285.208582766
24,39.45628320649108,13.782208162801895,292,-902851.182074362,252824.7508415874
24,39.47385325264247,13.815567259832747,301,-931287.3139133352,267869.0272729403
24,39.584665271724724,13.95510684467196,301,-988661.6618005679,311959.4684431631
24,39.42087785558221,13.826524169890874,260,-995522.7021985807,301831.87569282606
24,39.49767403339106,13.909860461524564,260,-1028213.6856665371,324530.89297375764
24,39.4053166749419,13.870426892831587,260,-1062947.0100601714,341238.4645182402
24,39.39884069674412,13.894530242419838,260,-1096152.0768969702,362035.4552609952
24,39.388003734749546,13.943467201209533,317,-1157467.432434394,403296.5813114009
24,39.404572214827,13.965304335909693,317,-1168935.221835212,411741.3674425034
24,39.51367984769135,14.109107392347973,317,-1210363.1229780824,458117.74160735286
24,39.36809644881553,14.046409084348882,327,-1265033.3992294811,487621.53650723345
24,39.388287304066836,14.10637344541214,327,-1299320.228214587,520170.60658431106
24,39.43298328646673,14.23911502536736,327,-1346263.3927190546,581985.5685127878
24,39.27938597760824,14.182898161464408,327,-1378548.169314597,616200.5721906608
25,42.70222202311126,11.656352845331995,2,2189023.4233845132,-1116250.400636528
25,42.520111882313074,11.647588049109768,2,2136353.0380633916,-1092051.7299285673
25,42.97030920248407,11.59498931991969,2,2102721.6074176794,-1069605.1374314486
25,43.03899899452473,11.579266644149389,2,2062560.2569816983,-1048481.0598192449
25,42.37491543566715,11.608789069791312,20,2006176.2298482526,-1028502.0788664597
25,42.358890647966284,11.567139118057055,20,1963905.75670762,-1007720.078736855
25,42.22855748184261,11.947770568326076,28,1928512.0302889033,-982782.5512446272
25,42.2413704093648,11.718831860914129,28,1900859.627867442,-975174.8589488007
25,42.23176981417724,11.615666152802287,28,1832737.7972639287,-942513.0581965704
25,42.251595409148656,11.53613370471608,28,1810653.6990703566,-931829.8091184247
25,42.21984792838321,11.528892506784734,42,1758853.5175720996,-906093.4144911333
25,42.17633061748722,11.58318665464285,42,1724265.8046491623,-888732.315449328
25,42.116032325596024,11.754235261024562,22,1703025.2494934273,-875749.6553665674
25,42.107685110535456,11.748470792595885,22,1684394.6402140735,-866563.0618604334
25,42.084426334088846,11.70254073635847,22,1617345.6833149148,-833967.6276828801
25,42.06286652759088,11.717519714358689,22,1578778.0973024634,-814400.7724196049
25,42.103310476821726,11.507283455280323,22,1542551.2048798157,-798384.0239515913
25,42.088072841249094,11.504898912672784,22,1511232.0951689277,-782767.6429055803
25,42.02747436506043,11.693078388473443,22,1489146.5270242451,-770043.7920041473
25,42.07575867651522,11.466926714193109,22,1461953.1423515046,-758135.5638083653
25,42.140349847350144,11.250063893010221,12,1428143.2513310167,-738695.2660752882
25,42.125117537608666,11.24045844525358,12,1396281.9471433668,-722637.4175981344
25,41.98145492673197,11.625330610315885,12,1347389.1502345689,-700214.6767272932
25,34.96188645037343,9.312720625423633,12,1330921.507890094,-690982.7233980215
25,42.084084880420505,11.214583377609445,12,1308969.9741273301,-678594.509352557
25,42.072831556022955,11.207487065794377,12,1284710.7244785563,-666347.8448152546
25,41.94643928826341,11.5555580402352,19,1225327.9148134505,-639891.1390182142
25,41.941262211477365,11.553377393065473,19,1211343.6803373161,-632920.6359462471
25,41.93871824450366,11.484948050676461,19,1169221.4934007202,-612105.086142799
25,41.923010541221586,11.545689569467159,19,1161570.0072322127,-608109.4243577515
25,41.9067538815399,11.538842068379356,19,1116660.0567129098,-585721.552114893
25,41.88578949643046,11.595232826077707,22,1087903.0206215864,-570896.1815887856
25,41.88116703389948,11.59204061896081,22,1074008.3094706673,-563989.7519487302
25,41.86487064399224,11.580786563034358,22,1024788.5420393719,-539521.8228346342
25,41.872842111628586,11.47750256131374,22,1000401.6834617167,-527858.3128787215
25,41.85035554148111,11.570762638940225,22,980693.2603832536,-517597.9238973853
25,43.79981272943485,10.450711870822445,122,978612.6308076946,-486433.3496948042
25,43.845390446628194,10.460931606801548,122,962212.5430213007,-478090.1621061163
25,43.93151587930017,10.480243218641599,122,929954.5265289687,-461650.8133984116
25,34.815577513011235,9.253888419839889,76,881027.9792278188,-470770.9890500873
25,41.77570073227313,12.083030458782803,76,853614.0593195027,-436552.21419560135
25,34.79651058312024,9.246481335106619,76,812843.144775898,-436949.42421226687
25,41.7557902335262,11.950009084345675,76,798178.8707474155,-415599.55220200535
25,41.74957075093377,11.947592951553316,76,777792.6550480031,-405505.8889142957
25,41.77112631702744,11.471310312830777,151,725122.6078059089,-390597.44299317285
25,41.75573030728717,11.5562917112031,151,705947.3820443008,-380646.22691960895
25,41.75358791111048,11.482553910450841,151,679336.6126456413,-367775.5714074559
25,41.74620825370794,11.464706989175012,151,654082.3692749902,-355212.4540490396
25,41.73539351851011,11.463695674399785,151,623615.6834626376,-340042.4706821404
25,41.720378199709444,11.498084840314817,155,588637.1038834278,-322567.9015674217
25,41.721196683342605,11.462386381657968,155,583496.0305737396,-320071.7823290438
25,41.714048506663346,11.275991980848573,90,535850.840372136,-294722.64443254535
25,41.70792292363353,11.279752575285421,90,521069.02400248835,-287439.6916090175
25,41.70030893089586,11.2844269285008,90,502553.62317117077,-278316.1292970606
25,41.67373834368151,11.654760121342655,154,478640.3384738333,-265970.62810140697
25,41.660248665005696,11.737868903307044,154,449543.7189234478,-249471.43963042565
25,41.65675579864528,11.45675534610589,154,400405.4673212445,-229026.7197077713
25,41.64539519042021,11.564198896617484,154,377436.2397184822,-217024.10866005535
25,45.45071380905062,11.279503649458034,154,406283.17336789105,-192841.24084857682
25,41.63238473855066,11.523073874389453,154,334747.36688881,-196183.8464841505
25,41.62343337389343,11.45407036788413,154,305749.05396296683,-182026.574838488
25,41.610826302829686,11.339361760281266,182,274307.2261295472,-165780.60356584957
25,35.15991465121036,14.478668144038338,182,218521.03481690676,-162382.3758465889
25,35.15672169483893,14.264131598742601,182,181727.52215047798,-159330.19660034223
25,34.908313561672294,14.197979460951176,105,147494.46492211483,-134068.47281817533
25,34.90034995083308,14.421336129682302,105,140747.8565417217,-128953.21259619684
25,40.707688147077484,13.153062353140161,58,121554.99758432496,-83710.23094362584
25,40.79730329480619,13.050849156072944,58,88528.29429026709,-77318.67067999569
25,40.84916472997644,12.991697068199443,58,56365.087914926524,-63741.905040033394
25,39.44298737541912,13.703233372816284,107,17919.89294386004,-60538.26042800368
25,40.34308508762887,12.969255324043413,107,-7446.926988212874,-40469.56547018304
25,40.44263096730787,12.876686267679663,107,-47096.625298827246,-35255.56037003703
25,40.50023944440447,12.823115367702876,107,-85478.40621038056,-21331.151540859097
25,39.35194857280771,13.657781634027458,137,-132691.49626291264,-20199.779070202265
25,40.3375559862948,12.728852171063254,137,-150675.6529151735,1723.751775254089
25,40.40592437880903,12.715914870561305,137,-169007.7490293543,9960.04436885747
25,40.49991045463152,12.698129954736908,137,-201935.84620941358,26929.996426114034
25,40.61874241648382,12.675643470219967,137,-252095.62461584425,55999.6076363202
25,39.16768330386054,13.643774448215337,231,-297833.65498955786,38363.971715984866
25,39.172579039884745,13.598267777072465,231,-326405.95667304815,44895.89897520589
25,39.181982655229234,13.510859626608296,231,-369322.082731434,60840.133546019926
25,40.847128689668146,12.632426104152872,137,-352560.4290317426,123996.65556224197
25,40.94594890989251,12.613726426747915,137,-386401.8029715118,151580.08826181976
25,39.6256599162385,9.88102085465258,251,-450623.6990114504,173469.5067738574
25,39.60685932482188,9.881035318133634,251,-466605.18363111163,179414.1330662576
25,39.0245596268619,9.881483287054568,251,-519616.6823276006,191774.40799180232
25,39.06918597694425,9.881448955561762,251,-550460.8395082806,203920.45123209825
25,39.20754363458431,9.881342515646349,251,-609349.60214146,228317.16006834627
25,39.5462708805239,9.469727528993825,250,-643995.7536218289,240907.33193694713
25,37.74434488062529,10.391650407741691,250,-693613.8464106837,229229.36170852138
25,39.46047156897395,9.480142488958574,250,-740828.2229977727,278499.11913991626
25,39.4367906254046,9.483017058401463,250,-765003.966130505,287913.8998250928
25,39.36229320790719,9.492060110224331,250,-832679.0623564937,314395.6140367126
25,39.307392069048966,9.498724419679712,250,-873559.7829919095,330566.6871743468
25,39.128350205062574,9.560247134448364,268,-916609.1617156658,348728.0683437394
25,39.09882702482152,9.525332767835986,268,-947288.5019106244,362142.53853427886
25,39.04498357924858,9.461657046485575,268,-997825.2164409815,385570.65819393424
25,39.0481475073356,9.32556527928164,269,-1070736.7142578308,419009.8166637569
25,38.99074318541427,9.261424595470398,269,-1101894.4411858788,437285.754447489
25,40.85910043304672,11.962376736147167,269,-1167727.1463093604,528413.5808691414
26,42.49551582781403,12.003155352923493,6,1791553.466241324,-900579.6445220304
26,42.48231397462609,11.912351990820095,6,1735438.695091197,-875624.6063021314
26,42.503032657097975,11.846323749792251,6,1690507.302553441,-854472.4512499005
26,42.32417917693194,11.923644245598322,6,1646246.7877440755,-833447.6635126141
26,42.37750937017041,11.831702648572488,6,1605072.0013202257,-814431.0437812986
26,35.08356864702065,9.419108098860471,6,1555011.3368024759,-794266.1018528311
26,35.048810127231285,9.385283217458543,6,1521416.6168577406,-780399.8172696037
26,42.26210562218481,11.817765189284701,6,1483581.2335998216,-756118.5005644589
26,34.97976219699089,9.489870198239958,6,1442164.820194514,-739215.9766737911
26,34.98561486121379,9.330036486317363,6,1393769.721227855,-721067.825000003
26,42.21643789794396,11.781492795593943,6,1384778.9535576568,-708310.0225955489
26,34.966395050489275,9.315701762844611,8,1343123.472517852,-696857.5069574955
26,42.179771537773135,11.773386190203272,8,1325034.1022294967,-679249.3677162084
26,42.169444396594145,11.76240047402806,8,1295445.293159039,-664842.473931574
26,42.156883741613605,11.749038810020625,8,1258389.1927217147,-646770.1935531946
26,35.032448948890575,9.18539832092205,8,1207448.0581604505,-628672.9553914091
26,42.102563067459684,11.752343422122616,91,1177202.2497336112,-607068.7573810604
26,42.097837414748426,11.732979901138812,91,1140998.651330446,-589371.0492432008
26,42.09687295948457,11.729028013245092,91,1133490.8464327948,-585694.8872250771
26,43.73051135635252,11.649310481586577,22,1119709.585223736,-553262.8910542296
26,42.06017003589665,11.717677249112002,22,1051645.665388044,-545574.9986691079
26,43.80771990753007,11.63560730849143,22,1065340.7219194286,-525464.7960462793
26,34.877178000715745,9.217643544709992,95,996165.4226953009,-527439.6881828464
26,42.03174570584478,11.709255279148852,95,985460.9355030813,-513088.85426331754
26,34.84277785829107,9.229663011342504,95,925152.4811886931,-492544.14143730537
26,41.98446744280807,11.72976151024199,95,922728.8369768718,-482205.01663910376
26,34.81385602338624,9.249189049226693,95,869522.8468790235,-465072.4383521541
26,34.81049606135622,9.240942324558885,95,848205.306756462,-454496.0324340011
26,43.99203292862885,11.406613682555584,13,866189.6443500979,-425200.8117427938
26,44.020080611223136,11.396952308449306,13,847754.1195384299,-415795.12377918366
26,34.755757239383314,9.335271005725508,13,764156.1448436184,-411807.67589015304
26,41.93751261011434,11.683142090590039,13,749603.8395503473,-397109.12173334707
26,44.1556998720288,11.350236562495745,13,762299.9395740993,-372228.0901984147
26,44.20333187776262,11.33382912401023,13,733779.2831395534,-357698.7528209969
26,34.816021780724284,9.114791233775863,144,670801.3740407325,-364297.5824659008
26,35.19543670599592,8.91957822988663,144,659458.0509608346,-346629.44056466344
26,34.78561485509262,9.130435919570298,144,617380.6017913974,-338056.08332240215
26,41.87787634748605,11.67977943624907,17,607825.94593112,-327292.1194538232
26,34.718871012977466,9.24475325789921,17,557877.7493275353,-309739.05635180464
26,41.85976360868027,11.663092012731012,17,538368.0147223229,-293091.81100579776
26,41.85292678994716,11.661379894437975,17,519206.41964047216,-283654.2802115469
26,35.54106567895631,9.064629621106846,17,505011.2385569397,-261908.35279280934
26,41.83429370240213,11.66617825223538,17,481270.5676028851,-264964.988185444
26,38.000452425960624,13.859003252118704,174,425614.87231315626,-265958.1972935491
26,37.97047533226039,13.802046194228513,174,375626.580507538,-251621.89536818594
26,38.012620653668684,13.771420939914789,174,343195.33617141505,-239102.71449113978
26,38.01752730532835,13.759414878259665,174,330084.71182291483,-232634.35238669207
26,38.02321805960082,13.746436688621161,174,315490.87900174904,-224838.5071103513
26,38.03539867884701,13.729201416090406,174,294708.89682006073,-212724.04666904022
26,42.06736939324733,11.235917544392466,174,300083.22373577184,-165917.29595284094
26,37.926340184226994,13.718188559240021,174,251033.7832481238,-183874.67317543086
26,38.17428255044067,13.767451097485473,174,220081.71096054572,-163225.26865238132
26,37.48793012460362,12.878506386905409,174,188920.25958422752,-166247.36505634434
26,37.90965405306772,13.686484587270423,174,188560.0904434492,-144075.22963800558
26,38.22803385951728,13.833512746065507,212,177113.49810786496,-119012.20630883372
26,36.83869140538863,12.737701277528032,212,141353.57691113956,-99785.48454465625
26,36.801139659018325,12.759174478523422,212,108112.1150794951,-91106.39253065102
26,36.76191727742248,12.781602998231136,212,84702.16973960974,-82168.17297849442
26,38.84867221093271,13.505311811641473,212,64771.43983999816,-84159.17543021597
26,35.9442219357594,13.249185417737722,212,36173.945679749086,-50419.47656206754
26,33.473917195847626,15.505012795978585,42,4682.365204554924,-48616.21458199137
26,33.57333754626748,15.118684527531334,42,-39860.79299480586,-45106.05333068594
26,33.62829335695358,14.90513686758232,42,-67678.1988639204,-39188.534142675795
26,33.506112050292444,14.72352658587677,245,-92747.50702437205,-31973.50462270018
26,33.493736227954315,14.527172006990243,245,-109383.55555568311,-21805.9623318785
26,33.06361162706061,14.275917681903671,245,-121154.0000948586,3373.203881596612
26,37.33710660809442,11.998744466633116,245,-151955.10609745988,35765.851139556275
26,37.334796219158484,12.000387723068528,245,-157802.95235436223,37039.085211606856
26,36.49922695905397,14.038030010625388,255,-215688.54464274284,55356.25981108191
26,36.50635768814232,13.962304753574509,255,-225503.53318358862,58095.35007689887
26,36.7491366154003,12.277773682734194,240,-247777.9910980616,73416.40968504842
26,36.80611499900744,12.234188874177136,240,-299125.7222941884,82207.20529302582
26,36.82676210783261,12.218395160343375,240,-319737.5920556842,85950.5425376707
26,36.98289913781074,12.164655838837968,243,-378834.7282076525,93228.56095558524
26,37.22171585629548,12.070094218120177,243,-402190.0695056812,92457.40309488149
26,37.19802641893169,12.068839544776628,243,-435704.9626235816,100868.32100510738
26,37.158000314359704,12.034823597252773,243,-478134.8883633108,112753.14151235887
26,37.09336744684917,12.082746919267828,243,-508007.7163060757,120328.18249549027
26,37.03658085811569,12.070108779723478,277,-531749.4120515536,127393.89463922355
26,37.87839913714066,10.43350665590558,277,-566819.3605661192,184294.30622466715
26,39.569153798301315,9.365413752215389,277,-566547.1600726842,201727.80689883078
26,39.53728521328966,9.368964453749665,277,-607909.381648059,217972.83582277698
26,39.51011753009277,9.399911141775425,294,-638147.6088263475,229894.68492977056
26,39.48317248545639,9.406937116348306,294,-670108.903502994,242508.52413525232
26,39.459949294152366,9.41299261018048,294,-696618.7034044609,253003.38056592454
26,39.39111483841166,9.546031805189388,164,-733877.2673280557,268266.3450919975
26,39.35986805348146,9.520733516118074,164,-771446.823719873,283005.50159892166
26,39.31746460422786,9.486402473124851,164,-820432.2483849946,302632.51838395814
26,39.28961973404474,9.463858471346128,164,-851116.5496877249,315211.9720130383
26,37.69799037152947,10.484403511011463,325,-886713.0590266556,307172.6916682654
26,37.85750074410149,10.790166081288719,325,-921667.5119993658,377377.57922310283
26,37.79933404905891,10.756326453086695,325,-981315.390556004,388364.6682384087
26,37.78316313102086,10.746918700872264,325,-995769.4865171495,390754.4947949259
26,37.6308224033597,10.658291461860218,325,-1062207.5702943327,394315.3181892552
26,39.00149417178082,9.192746939291876,333,-1075459.196521327,424248.0236747046
26,40.97383386533383,12.00359708690101,333,-1110075.853052586,513385.9909696971
26,40.60839624185349,11.631462347268116,333,-1167196.5757727723,514720.0268414951
26,40.64634950489216,11.595438532518042,333,-1217876.9452260227,539240.0509576196
26,40.74723124282266,11.721172000405849,333,-1263640.3051474532,564246.1185016664
26,40.75538764582397,11.604612092607708,333,-1302747.7511828213,582134.7907309057
27,42.59309247581725,11.953949221504432,3,1813763.3722101164,-908107.2836550741
27,42.48035915974383,11.913602179736438,3,1758468.9610472454,-883665.8059213635
27,42.4105838899876,11.900794230943747,9,1712796.852488561,-862555.835338447
27,42.36823859524067,11.882319989612176,9,1668868.960906291,-841899.153594365
27,42.263435513858695,11.946090060043044,9,1624543.4662342255,-820153.3965214177
27,42.30366902506053,11.854149827394329,9,1587595.5256313088,-803238.739569181
27,42.19361398793905,11.944503311967452,9,1542785.4410751655,-780658.4363262093
27,42.24776799084369,11.829761540502524,9,1502673.8345918623,-762462.7095629598
27,42.14923465008232,11.92492850245249,47,1467453.865042401,-744436.7916228656
27,42.450234810041806,11.624728180164531,47,1429418.6679343316,-723679.2773091632
27,42.41489235790942,11.626153490043551,47,1403621.9403684614,-711548.9569802661
27,43.26250510265871,11.591970496341018,47,1390685.3068264946,-689644.8844888875
27,42.14493116447019,11.790513759299461,47,1317209.781308198,-672646.7761611353
27,42.0111403848486,12.040598081133407,63,1307398.559554428,-662315.5920110604
27,42.01855800767309,11.930011738976827,63,1252825.7157981282,-639309.9121708521
27,42.09783679482692,11.773655583618869,63,1218604.9354972313,-624631.6291876477
27,42.076619741950225,11.77840171309748,63,1188169.0599494355,-609777.8288505554
27,41.99214124223871,12.323848623126743,63,1189570.9582065262,-588674.6218567492
27,42.02655146241044,11.810840551453163,63,1138385.7549930112,-585271.8980978824
27,41.952211108477954,11.904626716811356,63,1093579.7048540073,-561664.3524518562
27,42.0306331828799,11.74998782988676,63,1062614.5386692062,-548446.1188345645
27,43.19117040314177,11.205888679594079,70,1075158.7139911018,-532346.535977421
27,42.1498520810122,11.584240012532302,70,1013332.5425241978,-522458.914871519
27,42.11033841462062,11.598596860031112,70,970632.9343318474,-502000.62760912953
27,41.948450419195524,11.783886949628199,70,940084.7557445993,-488260.7278706324
27,43.42483038098079,11.120990947372377,70,957657.7987726545,-470614.70590262866
27,42.032610267524454,11.641570372775872,70,897750.2940704697,-467174.2829772349
27,43.53720044791183,11.08016254389363,70,898446.9266766901,-439812.03446450125
27,41.87734526725829,11.831295751296249,103,837298.8207214896,-437076.86727045284
27,41.81856140955277,12.262269322477103,103,846097.2681039665,-421291.9568577947
27,41.97006618326451,11.644092685060146,103,773280.6034417271,-406382.570560601
27,41.88843224272043,11.750011643804555,103,753047.6950065822,-396662.7602022417
27,41.90624239368234,11.705215489793277,103,727712.3622292834,-384376.7206571559
27,41.895108446931154,11.701065084614031,103,695055.6710009426,-368361.42191960703
27,41.89016404365663,11.699210011281695,127,680423.6347827599,-361185.38958749553
27,41.81741808517264,11.812159795010798,127,660596.1577669282,-350377.4528593116
27,41.848640316759244,11.736296764420322,127,635070.447273914,-338796.9460119496
27,41.867441295862946,11.690614595645217,127,612241.195069978,-327745.73118703056
27,41.85147903221689,11.684503925169428,139,563474.9529218038,-303829.5746921172
27,41.81786466919906,11.724446509895815,139,539110.1641965967,-291735.612392818
27,41.83711216515394,11.678950672078255,139,519019.0794177304,-282029.499267112
27,37.94713739675379,13.950627251810296,148,509011.8627618102,-271166.9951456263
27,38.005830950028745,13.876122579940976,148,437562.1995363363,-266567.98644030193
27,37.94962819609,13.824152209155855,148,396621.9549274178,-256988.35764136908
27,38.00228155181998,13.797718864726027,158,371220.4909136691,-251099.42237821853
27,41.79573803124635,11.662690464351702,158,388447.1089513288,-218023.2301202499
27,38.0260760469591,13.742632600240375,158,311209.9930924967,-222381.11757322724
27,41.76794675219453,11.67848037040718,158,339624.1160358557,-194066.30188931542
27,37.56086845713163,12.85365255636528,158,300431.8743619863,-199371.3808532785
27,38.16761558579481,13.869962029869543,158,281549.7093056011,-171890.93387694476
27,38.18632013380094,13.878135034048144,158,258531.27197088645,-153423.57709420586
27,34.74223976388953,10.972101849590421,179,252287.03626085407,-147603.88268975713
27,34.605546177582944,9.391297859538811,179,204920.0470930862,-129693.93410076878
27,37.44524382162066,12.835030698173444,179,150514.2879475274,-145221.06896307162
27,34.598478757522244,9.309566110938254,179,172891.30267396613,-115098.30425022887
27,34.594222994557015,9.260349997308278,179,142854.01452309376,-100121.51842462854
27,37.449025756180795,12.89590278648173,179,87247.0325488211,-87180.01563654018
27,37.62255368975698,13.264772058539217,178,76051.29880254013,-75751.35234185097
27,36.79639869676291,12.780916592289133,178,53382.57510344343,-70928.57355219708
27,38.272605756489824,13.645489052932675,178,44224.9096567946,-51353.39942189572
27,38.967772089218734,13.486854074287738,192,-35523.71366931538,-54613.51014499717
27,38.96891328366062,13.465037018872428,192,-55542.07326616482,-47602.52893991061
27,38.98732750645553,13.45187336338049,192,-84902.51848833718,-36530.23971597252
27,39.004773794605576,13.439307496558877,205,-113311.2375400109,-25341.558911247885
27,39.018429314394474,13.429508727081837,205,-135466.48263599884,-16299.612845593603
27,38.957895486498614,13.287439113136612,205,-159222.35517461068,8488.723669374129
27,38.97615489521038,13.289900598789856,205,-177901.8142203429,14543.130048159624
27,39.084600259177925,13.384579267227508,205,-230300.94055876674,26193.870059973484
27,39.11557748588256,13.364815048306097,205,-261929.41555302776,42836.91296465003
27,39.14261816588972,13.31234091758863,205,-287803.06452568906,62163.72350441203
27,37.96511667353616,12.298007867142076,233,-275202.83841656067,84053.78107317534
27,37.78902584754464,10.673056834065962,233,-322190.62707591243,91677.54474548789
27,37.16334628946857,12.070129486585786,233,-385301.34624446026,84847.09629109714
27,37.75478678964892,10.624976682125414,233,-401361.3872242043,114728.99366965253
27,37.85447022171583,12.091256071895625,150,-415533.80901052104,137724.6925254636
27,37.72800059834701,10.599908893851788,150,-445367.9918421228,128931.55513514191
27,37.825380717062615,12.302444600504755,169,-476329.8107211869,168318.74842923717
27,37.707533392161665,10.463716780159563,169,-539315.1868638915,159892.1842865611
27,37.8149613485381,12.139875082761646,169,-559294.3093542084,192492.94849893035
27,37.64957562404126,10.458568129066766,169,-577599.6118297752,177847.4363785304
27,37.816954021469236,12.170966014680626,169,-618890.5991499659,215873.11830434838
27,37.85404947040901,12.198228105234744,169,-639353.6592122419,219646.6074107197
27,40.4779959457969,12.119103838430224,169,-666863.9079500684,289572.4564103303
27,40.590149081049965,12.232737513697394,144,-696341.6764351244,312029.0588039696
27,40.61469619138127,12.22173460218931,144,-735509.6095804877,330562.9392860905
27,40.63523572647577,12.21252803229119,144,-767363.7729313094,345713.45859920944
27,40.51907809730851,12.033032596249882,219,-808640.6577413655,352241.89002546994
27,40.54342602582989,12.050945104604555,219,-828769.4523459878,362694.50038191763
27,40.34420795261785,11.426941822930264,219,-869501.127646575,378277.59630394634
27,40.559847754007016,11.980913328732145,219,-914313.2230887124,400071.405330085
27,40.473559164125156,11.697143328203268,219,-968503.2937622718,419855.08667105477
27,40.434620938100004,11.425621329250415,219,-1022476.2408835555,445337.94173819793
27,40.45503096639656,11.425323238072169,219,-1054587.3757730986,459646.8763871811
27,41.20536680669408,10.754118685950626,252,-1101125.0174928654,507558.0276996626
27,41.19063643718362,10.78144635749525,252,-1126622.00077543,518315.3616123099
27,41.15495299548126,10.847646012142853,252,-1185225.7093626629,542933.0960206838
27,40.5744571984195,11.423579002067202,252,-1219993.6188055254,535005.3518822537
27,41.07340198969391,10.998938829251632,252,-1299136.8669489291,590147.1646140631
27,41.02025256206887,11.097541250588774,252,-1355464.010731228,612899.6502137884
27,40.977348284811704,11.17713694544971,252,-1388967.7164689733,625950.540995681
28,35.04593536784185,9.390356252653213,0,1534741.3150646393,-785178.6750883667
28,35.00578300110804,9.36059855167161,0,1466712.384801718,-754224.3789703243
28,34.98122780086472,9.343109472723159,0,1411223.9598693931,-728183.2438379788
28,34.9541512102389,9.324917884494859,0,1340185.7136285105,-694364.8544561587
28,34.98110836021518,9.615300167532158,0,1259646.6872308375,-640892.3801128982
28,34.89767614436713,9.292132088611387,11,1168662.8081200582,-611490.4053111725
28,34.91664100213976,9.593583763644142,11,1171907.7785722113,-600679.5132950519
28,34.86782784319772,9.278213488068863,11,1070291.3722498883,-563460.8809998396
28,34.86537335724144,9.277182400937654,11,1062063.2756363023,-559430.7582541546
28,35.20544271058515,9.694083704116748,11,1035715.0022896406,-513863.68275181454
28,35.43497445963123,9.376759403662458,11,1021864.666068496,-508994.4129014584
28,34.823004186397135,9.262189542957431,11,918149.0760464102,-488665.7438576777
28,34.80754233236968,9.555618580278175,11,891989.7221066263,-465843.1506935666
28,34.80285572896051,9.192421963769688,19,759662.4389817936,-409754.1826936664
28,34.79030025680636,9.202188145032812,19,736916.6730066809,-398603.43208550615
28,41.08415666957127,8.974743279853342,35,682010.4815342812,-369723.8712234652
28,41.17516758041778,9.226811017291176,35,572188.5156578699,-362437.0607371345
28,41.317013544055314,9.620519779293318,35,372164.8195608263,-357026.52532501577
28,41.44264182619081,10.156501794991732,35,160930.63163165713,-365831.52506243886
28,41.556497946007845,10.35020635532089,35,75898.50373581535,-361281.19510048564
28,41.63965014382512,10.359752335123328,35,17435.533305336518,-348202.80894507
28,41.68490968484032,10.437737543383571,35,-29255.55652575289,-333860.5173743946
28,41.69686276474221,10.44588529758683,35,-41189.62161271549,-329927.3677060249
28,41.81137308675288,10.149416428832831,51,-92331.20467042492,-306384.00775618176
28,41.861236078454574,10.134848959028192,51,-137255.50534131745,-289485.0864801458
28,41.84918213809077,10.351516613655635,40,-188581.36110955788,-280455.81657543237
28,41.87134773320575,10.40125297716082,40,-228348.3858015562,-265263.24558550766
28,41.912472201295046,10.36690954681497,40,-270982.730609892,-249110.07625233885
28,41.93718121776233,10.348057781928633,40,-296737.8513871312,-238910.65119618564
28,41.96339664032275,10.370477136902496,40,-339516.84096625395,-221934.38664187177
28,41.987550654622716,10.372762693412769,40,-373488.47331746743,-208166.7602576506
28,42.00942253682127,10.34521831397858,40,-392306.38491083414,-200276.13665173453
28,42.02034656654276,10.344788941526863,40,-407173.53600711894,-194132.9901040978
28,42.05255079572886,10.3809771667513,110,-469417.915446496,-168400.84177390934
28,42.07588146830075,10.369875099820613,110,-497907.3446741286,-156322.64553821424
28,42.09083235487459,10.36930633366297,110,-519435.07537680276,-147148.7502902278
28,42.09860841236176,10.388751474550318,110,-541247.180325673,-137892.73572593523
28,42.12099645971767,10.393150164908363,110,-577284.8635438692,-122382.84607401388
28,42.14110538646923,10.3673938317607,110,-592469.0578185705,-115625.91887418432
28,42.15341139812045,10.400271865821283,110,-630742.7721082174,-99150.3971356886
28,42.25344664555182,10.247263100797266,103,-671760.0246062494,-75235.78246931905
28,42.27564672290414,10.23248697371505,103,-690365.4069229682,-65640.8182238555
28,42.21519887754653,10.416404732997924,103,-736747.8888246819,-52373.362951692856
28,42.32985360049554,10.196407472760665,103,-732299.3604290504,-43061.671537130474
28,42.23787601647013,10.423210955161691,103,-776988.3045488381,-34396.37832776785
28,42.40164324033335,10.148625078825955,103,-780050.4365076754,-15208.158220852409
28,42.26843843311015,10.433163776463292,103,-832337.7431000711,-9492.007819573802
28,42.4833600665852,10.094235258903725,103,-823582.0322173082,13395.390689772272
28,42.56023956152977,10.043065113444817,103,-854279.5947644117,37146.67853440173
28,42.27276318404648,10.536239591911901,133,-919490.9801294509,32180.573993668713
28,42.28094288382563,10.548170833641938,133,-943012.4302432382,43321.27036601469
28,42.43851649778086,10.312198314280554,117,-973402.9806858718,60849.398524115844
28,42.444783408305426,10.323952945591566,117,-992854.9965780025,69276.2385842829
28,42.37376852844808,10.474779302295408,117,-1032811.5293851366,82204.40025617077
28,42.38446608442564,10.47968014522773,117,-1054009.4688925801,92020.6833390816
28,42.39734478557066,10.485751080287264,117,-1079730.275866571,103959.08051262554
28,42.481243567614115,10.392340028594289,117,-1109239.0667394956,120674.97358294434
28,42.43313078790604,10.5036491391275,172,-1152370.3793822073,137831.14170717986
28,42.46014192529895,10.49860958102961,172,-1188166.6459247784,154666.55046672834
28,42.47545530706405,10.495752512259873,172,-1207905.7876854402,164030.17328102468
28,42.45382821462651,10.544308413280385,172,-1225561.6116826697,172324.946141552
28,42.51605966133455,10.488176822299215,172,-1258224.3446097635,188184.9483787596
28,42.49606268677984,10.538982410694867,191,-1284260.6972127352,199868.41366680458
28,42.514268099511156,10.550176783977607,191,-1323396.854227494,218397.97544121658
28,42.541332730963205,10.545432902292184,191,-1357297.2365178796,234564.5708467133
28,42.556676440031374,10.542743460887305,191,-1375860.1437446498,243501.3432014914
28,42.5514230623959,10.574476997072255,191,-1404637.7756946934,257023.54770588907
28,42.6132550115059,10.53282638333608,191,-1440099.0542910045,274967.4045064941
28,42.577456441406845,10.592720902368656,112,-1462646.333195407,284728.14264230855
28,42.588043811138796,10.60814862557194,112,-1495591.16839251,300514.4381825252
28,42.668160734713986,10.554716626045888,112,-1534702.4544877964,320788.62924682227
28,42.55362313730192,10.7052535738112,112,-1558554.6222877095,333247.20696061174
28,42.70404321189495,10.56496179774856,112,-1589131.631575686,347528.54847962403
28,42.738418607221504,10.574776667153806,112,-1639177.9911789163,372318.258495037
28,42.75354744371877,10.579096255425108,112,-1660517.1745782625,382954.3217180109
28,42.72156815105298,10.636495260275854,189,-1699588.6759200012,399537.12891367584
28,42.752772247061166,10.64973249607746,189,-1750752.3254923378,424667.6057169002
28,42.804752386254435,10.624391425853156,147,-1769576.6969414102,435947.97834969324
28,42.82954965676715,10.632042790842362,147,-1802034.55522632,452371.4591518256
28,42.86962747314356,10.644409071272666,147,-1851649.1777608665,477739.7923134808
28,42.73604502951612,10.764242625653173,217,-1879324.8993695108,486437.9254766743
28,42.74870625953503,10.784021883142563,217,-1918879.023099888,505828.73099831777
28,42.779434317829754,10.776240733819316,238,-1942115.4093656733,517029.03743333713
28,42.80342604330776,10.793962843287362,238,-1989019.387541063,540042.1137760369
28,42.792131468434604,10.826411829259323,238,-2019162.333118063,554957.5168824098
28,42.82647808131247,10.83295701147056,238,-2060629.3429219853,575243.9721229926
28,42.806646789219116,10.884450530332291,156,-2106357.7880189056,598297.1972663362
28,42.83415741439052,10.909663249633034,156,-2163176.33731564,626228.1322826714
28,42.90603856095526,10.883941346280771,156,-2188695.0084945075,638771.7225476155
28,42.87211166039297,10.944447255622322,156,-2237008.2668660874,662653.9096722902
28,42.910687942209435,10.954905503443571,231,-2277326.7498408905,682543.0422419993
28,42.87331241264599,11.022389368464115,231,-2327263.769402213,708513.6757941107
28,42.94753925086343,11.01979476413575,231,-2373002.283042005,730374.5683761894
28,42.90811427058084,11.09759186933743,231,-2430369.5094208485,760460.653494291
28,42.98617293995529,11.099286808620578,281,-2472602.817411617,780647.8615214181
28,43.011051691257684,11.1594866064749,281,-2535445.3124785447,812783.0266831941
28,42.987704700438684,11.240551448767071,281,-2589413.365956432,841497.3426554352
28,42.95356578546398,11.359087742369328,281,-2639976.6448947587,872134.2915935622
29,35.03235375381039,9.434555617606437,0,1536831.9042917741,-785257.5055049328
29,35.144158678720544,9.516328881231834,0,1518151.631287412,-766217.9246044945
29,34.974885396450226,9.431766246327655,20,1454875.2857250157,-747220.7251518684
29,34.97068768266347,9.334888277550505,20,1383529.6902472803,-715073.6194393069
29,34.95380007017307,9.32354200820389,20,1337776.7938614415,-693236.2867245142
29,34.90659789601821,9.42440867191229,20,1300201.0276694407,-673045.2641232824
29,34.92958540541207,9.308310947076613,20,1266857.159144867,-659125.8488645096
29,34.9132304701889,9.298815291791247,20,1216149.101467609,-634586.5937273768
29,34.90425234404781,9.293897846719778,20,1187551.2633357795,-620701.4963222144
29,34.91990317364285,9.595500275170856,20,1176266.8085194055,-602618.1545807024
29,34.89337873788195,9.584157438143682,20,1127531.982712737,-579751.8425552733
29,34.84809510228474,9.506125173720548,20,1095271.3449215048,-568921.6236924279
29,34.859278931138235,9.272671168960022,21,1038758.3124090147,-548024.9663462297
29,35.1303404999962,9.705238159802827,21,1054505.8325477457,-527020.4036743047
29,34.80734832273888,9.47642360355469,21,973367.7620928352,-510373.6062465878
29,34.81354868673499,9.309000814815027,21,943453.449371994,-500864.257339062
29,34.81595897528036,9.257888180115936,64,890967.6179049892,-475254.36898727476
29,34.77973680569681,9.418862521361312,64,885558.0427087423,-469399.25721539784
29,40.709779055774206,8.580482243309742,64,849194.3311712989,-435972.96116864827
29,40.84245699940727,8.684051566543596,64,797149.8428185587,-430059.06728395284
29,41.00020893885721,8.47364816296566,78,726118.1134248677,-413908.04552973213
29,41.13605645295838,8.61126696396724,78,664433.2742507254,-406300.82488088857
29,41.2205397036914,8.696851773873561,78,618134.3989221207,-397676.9247896681
29,41.32062432169037,8.71462547143362,80,565977.6326503641,-386082.10247900704
29,41.423983402536756,8.721770352903025,80,513473.3006027369,-373303.0994697748
29,41.47748484608664,8.845204184518483,80,470572.81601300265,-362416.2626915089
29,41.52799067612925,8.921092873032768,80,432524.6955458933,-351064.20429954724
29,41.6341909205896,8.868124704493873,80,392625.5490757542,-340390.58358218794
29,41.69709181851664,8.903979106361403,80,358863.9338653638,-329576.114060906
29,41.70019881283016,9.03060266686657,80,330385.3203058068,-318309.3749191612
29,41.813969459116024,8.99520131171297,80,295086.41025914025,-306305.87944572396
29,41.85992632736787,9.048175420832608,80,267906.86652442254,-294833.64293256373
29,41.89218702772284,9.116135579197062,80,241868.47662631143,-282648.883829134
29,41.89727557696605,9.194659432192582,80,219927.2178420957,-271063.7741670047
29,41.94645151503443,9.235595994992078,80,197392.3852906122,-258557.5771358116
29,41.92539503622286,9.29916090138088,91,184024.00138692762,-250018.79903239588
29,41.9676404749714,9.347217097273667,91,162256.14102206146,-236070.2266781694
29,41.92387781207893,9.409360558560866,78,151917.13760390098,-227758.96402588033
29,41.97105391792878,9.457151783640965,78,129598.21508546168,-212152.3302623993
29,41.95895206064259,9.555595356865599,64,101675.87893484428,-188922.12366985262
29,41.9845203133249,9.575554112285436,64,92899.0351505419,-181621.26105800946
29,41.98590044870934,9.65191827830788,165,70335.89854756415,-160676.58813123975
29,42.16961053898226,12.534362940343835,165,81656.52385468812,-144174.45097346525
29,42.08506714090727,12.256601282405171,165,38189.9888912317,-138415.2253371002
29,42.16000490884968,12.383648860022983,165,8587.361269678167,-132061.52964580196
29,42.19958289589217,12.460501993359882,186,-13622.179390124518,-120905.69032045618
29,42.17154268544965,12.354035339626128,186,-47951.444442887616,-113481.75617992412
29,42.19706167823041,12.356113764395454,193,-105509.09959540842,-93954.35673351491
29,41.83205462739481,11.212278691584546,193,-80320.21633667768,-68645.36451498732
29,42.300845212725605,12.590703286396025,193,-132391.77408076214,-69120.39675704153
29,42.31257151866065,12.617209114295536,193,-140222.75241750048,-63341.76717391316
29,42.244927688770964,12.358784690002327,208,-216015.70547963152,-55968.59639931562
29,42.281101669313855,12.428545295668123,208,-218818.6793706639,-53432.525759779295
29,42.363013594111926,12.586510368889398,208,-249696.36304868892,-30475.495313530402
29,42.28110166839603,12.359657053409762,226,-301051.94832315965,-26356.666634626046
29,42.26674483245894,12.329210148129755,226,-308216.6489967215,-23531.295045490147
29,42.304986591791675,12.35965079022559,226,-357642.38653410436,-6487.37867848617
29,42.315114718554625,12.359501576818175,226,-381707.1958995052,1998.9761731042684
29,42.3188963828131,12.359422772826113,226,-390700.30642767664,5175.867739101177
29,42.3308879842023,12.359088499367587,226,-419238.3041103807,15276.647009595614
29,42.344684498972626,12.36379914669772,226,-444649.2497091371,24303.271000001692
29,42.354766727415885,12.35802925501391,226,-476118.3277020072,35495.14620038894
29,42.32833683840538,12.30180182460033,226,-498829.0818538993,44598.67234203448
29,42.37646927195474,12.356591444409545,274,-527810.321160865,53966.28171867228
29,42.389464438574514,12.355503651530507,274,-558733.8193161115,65059.2000708711
29,42.44165647503812,12.4142496326778,274,-588095.1273693241,76616.31870065731
29,42.422057542714334,12.351984595605774,292,-636110.3616330429,92954.30294701071
29,42.43804140119422,12.36674342100616,292,-648383.7397443912,97465.05045422369
29,42.435208508278635,12.350226503715048,300,-667232.6328286211,104229.52140565078
29,42.497451572581284,12.407580678019855,300,-710542.436438021,120944.20895474881
29,42.524144056626604,12.432176597255443,300,-727270.0951503705,127991.40603239085
29,42.47717073863483,12.343212928924737,322,-766031.5347310811,140233.0959418262
29,42.495214487814344,12.356118765950201,322,-782448.5321290356,146303.8242739236
29,42.50990216173849,12.351228296773968,322,-818912.1996838006,159681.3567108653
29,42.56715191323161,12.40665416139312,322,-842436.8799819784,169598.7267185481
29,42.614048973022776,12.43971893617104,322,-875297.5872514625,183316.14381163722
29,42.649289027004045,12.464564938313623,322,-896811.4315118968,192815.40251926493
29,42.54749421348317,12.325971196699626,348,-929572.7641711646,200549.5719666153
29,42.56347106078117,12.320944228177114,348,-966354.9847591459,214245.5231141794
29,42.5897343648259,12.334483766827109,348,-990788.2866471744,223453.20169377702
29,42.638325454092055,12.3595339634834,348,-1031408.7739209048,239242.14753065712
29,42.60415055153199,12.30595573682973,365,-1059439.907742736,249137.0906227088
29,42.61549314052663,12.301157546060134,365,-1085266.3067287707,258879.85927167494
29,42.67825579586043,12.338709778749903,365,-1121873.4007079364,273312.2179790246
29,42.73684844713001,12.36460735419533,365,-1161193.4399864667,289487.6060749162
29,42.743394516894476,12.352573700744633,356,-1186522.535683037,298934.43041355803
29,42.78542556616319,12.362195349482928,356,-1220748.8026519208,312994.8193074058
29,42.83019224728736,12.372443232618137,356,-1251827.5099151104,326213.71752627834
29,42.78678916143013,12.31545446871785,372,-1287721.9028034597,337692.3521386458
29,42.82970185639917,12.319659922030564,372,-1323019.4358898357,352284.43214135827
29,42.87540756599439,12.324139091375809,372,-1354635.3279916525,365829.75515882386
29,42.7608522972108,12.211486738192962,400,-1406046.935132784,382752.4481350101
29,42.76714595571,12.197569987409246,400,-1430836.521296714,392610.03052134
29,42.79751025931232,12.185260336665994,400,-1473346.2118415341,409687.52671547193
29,42.855693751634874,12.18427187478849,400,-1516045.3473198605,427471.01499960065
29,42.910849189167834,12.168444959147134,400,-1562397.3617979023,447385.4895997579
29,42.95229487051069,12.156552073664718,400,-1589118.7979921778,459542.7186407609
29,42.93077403769048,12.09548031067858,411,-1639418.3788159313,479885.1979669038
29,43.00788320628758,12.059957883035839,411,-1675043.8671346589,498228.8694501792
29,42.945482626134826,11.98966627552527,411,-1715177.5963430426,514429.6397148292
30,35.09364805492422,9.52379688757259,2,1522653.6041747741,-771011.1414032873
30,35.084256935457795,9.57755038025297,2,1436455.3914329263,-725981.2160319398
30,34.95782441193955,9.326786167702245,2,1349712.1910546245,-698939.6419522912
30,34.90084352394412,9.357198670970446,2,1249611.904067556,-650302.4365478329
30,35.096181562316644,9.681572058627532,2,1149665.1741134697,-577368.3133059754
30,41.89053261565634,12.396527052020152,9,398925.11958022084,-576658.6567793343
30,41.91814594069584,12.323013258905611,9,350535.3814325259,-551553.4673072702
30,41.93269627150792,12.303330509377682,9,315055.9754473919,-526504.6706903917
30,41.94261377459415,12.288351896851117,9,286140.84435000946,-505020.2559912551
30,41.95637427448072,12.265375908410817,9,238908.66687592355,-468656.6586829678
30,41.778869223603174,12.620296425070542,9,306463.6790621313,-435986.6812845478
30,41.974447773906356,12.231033495105995,9,162954.52581672306,-408429.5229673495
30,41.98277934424768,12.213665794686387,9,122409.2715213128,-375924.91557231767
30,42.009623932124434,12.264550674149161,9,110199.60674593499,-353266.78964214947
30,41.994056521696834,12.189068912656275,9,62497.21653857527,-327899.2871617668
30,41.99852939585617,12.179148944716545,74,37423.979771441336,-307877.68185335863
30,41.349039400923466,11.222435255212893,74,-54097.29003955219,-272978.07773034537
30,41.221283716295595,11.270768802297468,74,-239232.8773604892,-265408.431908395
30,41.15971625725665,11.289630623673125,74,-340711.6197669175,-251664.5407640482
30,41.11227554653391,11.31200964039502,74,-428849.02293974685,-235774.47205723633
30,41.071041412588436,11.316077720116372,88,-489930.43075459555,-222610.52267612063
30,41.063718008310325,11.339078019028387,88,-524469.2363329511,-214764.6263910003
30,41.06011175819692,11.427947891012861,88,-630938.7361352377,-182893.2544817809
30,40.99668041455049,11.386917414850194,88,-666217.4295230071,-176382.29717449946
30,41.023516809865626,11.4633159991282,98,-725450.9885880706,-153250.78763913043
30,41.00659372765143,11.467034715098,98,-752425.297819377,-145096.06343718854
30,40.957052192269686,11.477921082986576,98,-824926.4260368143,-120854.30080571692
30,40.90968406208023,11.48832986195281,98,-883985.3232564185,-97677.61760863048
30,40.89643935842871,11.513010990686302,122,-925906.3777231333,-79055.29132212335
30,40.884805332185245,11.539330937851304,122,-967439.749881257,-59222.725883230545
30,40.90458739239129,11.569962833490184,122,-991329.4004523521,-46215.92937871482
30,40.91036829191733,11.610247079449449,84,-1037176.3599389358,-19796.439025624415
30,40.908219671290524,11.611836453161265,84,-1040784.6464695031,-17922.958003513148
30,40.87821584177858,11.634030830933233,84,-1087397.4119624433,7949.1282441228195
30,40.856327122387285,11.650222314321093,84,-1116702.5623362726,26339.680943574796
30,40.85327468691538,11.674866677360649,138,-1145420.6499555272,46110.37634301115
30,40.85140776412953,11.695372859004848,138,-1168203.9360583534,62803.5871417919
30,40.877817774877705,11.736049557119308,138,-1201133.9994125785,90511.39515526585
30,40.905439563550374,11.778592635572888,138,-1230169.7120132775,121861.59962445739
30,40.89271091198757,11.784834954971156,100,-1242362.581743546,130219.03241896482
30,40.849961125341785,11.809875471234623,100,-1275908.2219355758,159479.10277817457
30,40.85158373188029,11.838051429564407,100,-1296778.538911958,183845.76254669385
30,40.91858786796351,11.869513816244284,100,-1299393.8633326138,203764.96565368242
30,40.754575220731134,11.903803680459582,100,-1300530.2227832326,236655.35448408753
30,40.852046577623405,11.925985769515425,100,-1344544.4644046978,259640.26600605872
30,40.93524696439166,11.963922707126558,94,-1340411.6687353149,289356.07962373085
30,40.925757684859086,12.001855908993132,94,-1353394.0346769525,323093.93721241324
30,40.940317405255236,12.065967108964127,142,-1347182.5169499174,374249.73091314064
30,40.971673285452155,12.178557924079419,142,-1283683.9834306808,445361.369080075
30,42.2527048445247,11.900405207293078,167,-1151868.8582792436,528893.2415555648
30,42.29374953522698,11.940719425893562,167,-1194863.3959795698,559460.6479867914
30,42.3563182170618,12.002174573292022,167,-1230423.6567526013,596635.3705168619
30,42.41811537486285,12.0628719274651,167,-1243788.9505119342,625091.9650262115
30,42.29231490527906,11.879616525746844,184,-1302881.28960172,623780.6748393062
30,42.306754558826995,11.871988804737658,184,-1358070.3758509697,658244.5301589493
30,42.45276051254409,12.05960945015661,184,-1368318.7166796818,703735.5068232663
30,42.42920209685025,12.00892111214316,184,-1436202.3090048337,730828.0793147971
30,42.29416560821446,11.6557162627597,184,-1469557.993206413,752890.2343658598
30,42.37087258769071,11.88341921444084,184,-1533211.0651299527,768651.6598257401
30,42.37843869641539,11.89162015531223,195,-1542139.865582252,774998.6285070039
30,42.37350429912175,11.834300397989278,195,-1615177.778753819,818313.4921661678
30,42.41788712203198,11.909236057932818,199,-1632681.5550616432,834796.6223827858
30,42.4215282333962,11.89730608490632,199,-1666665.8865947109,854898.8399141306
30,42.40776167102025,11.843008349499186,200,-1709827.4953661223,877803.2411150731
30,42.43773105488921,11.865249217750709,200,-1772138.5871801304,918791.9252878169
30,42.42470523378624,11.802699145996426,206,-1809854.1986360822,939968.3097361997
30,42.46284310165445,11.870442087100646,206,-1844715.9448077255,965851.8729329228
30,42.44894334217406,11.78784994166882,206,-1898616.2177702407,995825.2110002442
30,42.476310750867796,11.828130887245486,206,-1945074.0795294337,1026673.9808450901
30,42.47220693672668,11.774368686250563,206,-1980832.936724334,1047875.9721961058
30,42.488199616836106,11.765804284511374,206,-2035537.7029485977,1082709.1090770566
30,42.531435193945875,11.855296792213455,206,-2090447.6341212415,1123718.7535685482
30,42.51505905836703,11.753124056141521,219,-2124208.1723272856,1139567.7988570987
30,42.54212184304537,11.803893225345547,219,-2178454.2143054656,1176484.3505546392
30,42.58337645442461,11.881285939009434,219,-2229266.3003990366,1219748.7821989595
30,42.57156110870547,11.78361678973586,209,-2284695.4393575657,1245228.1524761629
30,42.585299583198356,11.782633873379028,209,-2328033.063067911,1273930.4906905065
30,42.605219779649815,11.72840531989957,209,-2400729.4878916307,1320836.1782717044
30,42.618939738228775,11.682245428773012,179,-2428483.1671135216,1340486.1859519833
30,42.642225950963734,11.791884801459611,179,-2500596.4174031117,1390680.9642206866
30,42.6575068224339,11.724935976580783,179,-2552978.148774567,1423644.0777212556
30,42.679011229686154,11.735970999009405,115,-2617001.497386986,1467635.536220398
30,42.7198137071268,11.659174017667748,115,-2686009.455317209,1518354.4835918485
30,42.73582100769832,11.658316376654794,115,-2726330.1339213154,1546804.0279007212
30,42.74016877528583,11.729986827374523,115,-2787001.25313795,1586191.8057456953
30,42.79426908808034,11.659107445065738,160,-2872164.069974967,1651078.6309831804
30,42.787275460090505,11.807735901042182,160,-2930066.3165045483,1692079.998688697
30,42.82520231526555,11.68924097479908,160,-2977527.8956339094,1724868.5777776141
30,42.8440431725489,11.775731486326658,157,-3079929.2637737035,1798226.7570412501
30,42.88059188379938,11.768180864100897,157,-3167931.7650507516,1863058.6272399651
30,42.90725529635998,11.762672452214225,157,-3227861.0783288484,1907938.2450003012
30,42.92719302218796,11.766598921832436,103,-3275522.148536821,1944034.6951575496
30,42.984771346895975,11.716431805963683,103,-3350443.1843528114,2005177.9514281205
30,43.00554772627571,11.771608457499106,103,-3442206.372567116,2072930.2087280974
30,43.05734657249551,11.774920168910075,103,-3538928.348651808,2150083.659544511
30,43.08836461028625,11.816945325779118,273,-3621455.8356286767,2215889.62953489
30,43.1209998029954,11.912430777531874,273,-3704053.083201365,2291349.248145551
30,43.237413472339284,11.80258356757562,273,-3802159.0378849716,2373330.600625959
30,43.28926784797125,11.893459970281885,273,-3908381.7847577394,2465615.3724099826
31,35.10128902740509,9.473997939669546,1,1564870.356301169,-793867.2917257561
31,35.06376731215479,9.275343827153005,1,1417717.5805800334,-729177.0005185868
31,35.217477582073556,9.617954626668178,1,1252707.238169021,-624664.0810087543
31,35.1132036296473,9.671042505310513,1,1183362.736263225,-593689.5182658798
31,41.90352846839283,12.357281582535318,8,425656.80215886567,-580811.388164261
31,41.91704732291227,12.329802134111844,8,394558.01804064994,-562975.708135748
31,41.938238707732985,12.305652139102055,32,340119.71027648594,-526592.1595448616
31,41.948437925741075,12.292441776895483,32,309135.30402804824,-504259.0426957686
31,41.96188010330669,12.273298359016138,32,263124.6858447065,-469622.03317686636
31,41.966746667400585,12.265828150718368,32,244927.16077449635,-455551.3075241931
31,41.99095088958984,12.282930020246448,32,196823.49622337162,-412740.87293887755
31,41.99787244496775,12.285223252907498,32,180828.00689754286,-397269.6008928209
31,42.00790246054207,12.290773824337792,32,159626.75514104182,-374607.7316574584
31,41.99975330101933,12.206298222965009,32,97853.89839334451,-337755.2355232107
31,42.02119610134113,12.2393087523496,26,74254.15635912515,-311908.6846382776
31,42.01384760511009,12.176688906815492,26,22983.565245947546,-277010.0095382048
31,42.05343286718011,12.297406643045832,26,50244.32354526322,-250911.77289503592
31,42.03206356684605,12.167970322370508,26,-39900.82982095616,-225553.80552211322
31,42.06119115644826,12.24650173890111,26,-25050.430684245035,-207453.06804246933
31,42.03232749849566,12.137346641121178,26,-81375.71363268474,-193405.24224515416
31,42.03862150991638,12.124479250913355,26,-117362.50845515825,-165036.2021196482
31,42.09679806694774,12.252905531261877,26,-103846.2453134369,-110516.94722903823
31,41.729100135594486,11.209842589412416,92,-65559.39663542612,-66070.28173408867
31,41.7462794226172,11.168483429403798,92,-104017.00804456782,-53973.9176371323
31,42.06543291255211,12.075150231940441,103,-267226.5260287817,-49925.720182769786
31,41.87407642019654,11.091818837003228,103,-237556.24687666312,-5993.0113907950345
31,41.881894993670485,11.131977612048392,103,-261562.95339814547,5163.959766782076
31,41.959588560305896,11.095431182853863,103,-331119.7449250466,36195.128181108135
31,41.981188279600964,11.102604648627699,118,-361840.50719640567,51539.41790544258
31,42.01578442262337,11.119248766617591,118,-419563.78423745517,81831.36253275552
31,42.02154581314042,11.12202055720389,118,-429691.73041228426,87312.07163287456
31,42.0604515859539,11.14313245073953,127,-504502.1741796902,129021.11633987844
31,42.06926303260196,11.148684496744833,127,-523304.51273335103,139794.03011623333
31,42.103151542518,11.145626407604468,127,-566584.7601692638,165274.05409442438
31,42.100618217868266,11.164239927983056,117,-587714.5230453045,177413.1259943349
31,42.13072929627089,11.179865309167692,117,-653893.1268756074,217022.81646835475
31,42.1370629719164,11.183152009661695,117,-668225.9170444922,225708.88864668232
31,42.15046314552001,11.207178736397239,117,-723987.4023431912,259623.8335888875
31,42.16590559745293,11.219737633031606,117,-767758.2062321401,286585.7930972921
31,42.19420040474045,11.21280203268144,117,-803511.3654382686,309195.0992963456
31,41.04100394115463,12.063024233995277,26,-854368.4708466567,332158.67944115715
31,40.9877933345071,12.053454471508688,26,-878702.7048693878,341570.0156263785
31,40.87887613688755,12.033866051500093,26,-926892.5099172379,362549.83122950926
31,40.74942802247759,12.010585209816668,26,-979843.711982287,386719.3649811157
31,40.71573084375286,12.03322653902308,42,-1010174.8897590054,400978.46952088596
31,40.79058048559153,12.07648484578595,42,-1032230.5629084037,412649.0232524109
31,39.928819239212416,10.960730928431182,158,-1124968.0654318018,444814.159485858
31,39.94986025598393,10.995818432154254,158,-1172917.409648287,463089.070830327
31,39.96337144985446,11.018349380652785,158,-1202698.5089803282,474460.4641243004
31,40.04129915366605,11.23806411508681,158,-1235039.598972947,488781.56167009874
31,40.80944102532404,11.250345159264723,158,-1311855.4052119097,506547.8884992232
31,40.26647201206432,11.523792735434158,158,-1320995.7065153625,525013.169711793
31,40.064314711887626,11.186679985626363,158,-1378117.5687725595,542171.0813268089
31,40.03704616298754,11.014526597869956,89,-1459503.471626295,571882.2197270194
31,40.772929002123675,11.239017483821915,89,-1481866.9757279437,572386.2712329637
31,40.709447939568925,11.277584535573878,89,-1555648.2689449284,601808.6373312696
31,40.0860085781172,11.065670209883931,89,-1581193.3473429186,618014.4885473142
31,40.10125523806551,11.081596084023115,89,-1615851.1852724627,631161.4490999515
31,40.43818536123915,11.433535902550855,89,-1647128.3469488176,646864.4085565738
31,40.41754613879058,11.411977235920858,89,-1693568.7862820253,664058.2826633028
31,40.17084244154526,11.154283285552719,89,-1747537.9585496737,681231.3321708819
31,40.71277003953342,11.193850905052813,164,-1816522.2789981025,701813.2264984158
31,40.184868993271934,11.067451221028374,164,-1883062.5089138781,732078.8513299826
31,40.6801375688989,11.186037444544729,164,-1921701.1374102635,742358.1090928689
31,40.206310473566944,11.07258513078949,164,-1937362.973835807,752570.0039167962
31,40.65111249173869,11.179087731889643,164,-2004289.127593862,774193.8969352243
31,40.62395654480463,11.177634381321672,164,-2058732.6040601844,795178.8290151701
31,40.60017097716331,11.16689038658856,164,-2122810.065128814,819906.889782327
31,40.304171425228105,11.096016782338394,164,-2141102.156382439,829313.0304455019
31,40.33388754946372,11.103131958071447,164,-2186052.907184049,846185.876045836
31,40.50386498922076,11.143831052776273,164,-2251280.664882142,869697.179462027
31,40.78402814003098,10.684071610172898,60,-2268890.061965271,923119.4750953813
31,40.501018051393054,11.093648514038385,60,-2340906.9181209505,904475.323182586
31,40.48961801294059,11.061573578858045,60,-2388617.854389082,923347.9881331321
31,40.727733382252346,10.765542319241257,60,-2417121.5895001614,966680.5436301606
31,40.43913806829322,10.906609843032058,71,-2483239.7699913383,964597.4605958423
31,40.51046454304309,10.836128608258171,71,-2536162.325820297,991151.1141302577
31,42.61946790621009,11.75323812796252,110,-2356207.4898030544,1322192.7837448092
31,42.64293459391039,11.776631116762317,110,-2420660.1401961097,1368915.1752075886
31,42.659406041961304,11.750328093854469,110,-2472062.412509374,1403653.913687553
31,42.68314230802922,11.81671255552604,110,-2527888.7698463053,1448479.9102893872
31,42.70644338718685,11.756600099438042,217,-2606085.7053179904,1499942.4346697882
31,42.73801300755369,11.86521137205216,217,-2671551.277705741,1557785.9898264548
31,42.751403028071024,11.724888920990011,83,-2718339.1839841036,1581950.3502979279
31,42.77576026625752,11.720091895538056,83,-2778446.5609317594,1626914.2292349313
31,42.811425095250485,11.696349124742897,222,-2848128.2661958346,1681600.8535891466
31,42.824184499201365,11.77426812108371,222,-2928795.3666956774,1738604.2775625805
31,42.84471661824697,11.782300940898308,222,-2984124.264685494,1780517.8613084918
31,42.87223047600936,11.796429320372878,222,-3058077.435862972,1837012.4550682588
31,42.9022012827183,11.755780649521135,222,-3107226.215134722,1876278.149115332
31,42.93842715883359,11.818963493145793,222,-3224085.2640014105,1965677.3831146092
31,42.96688298333754,11.830096319251483,222,-3291947.244953473,2019144.4920944807
31,43.00380547752138,11.835274147374324,234,-3372294.6730736126,2083107.7361815735
31,43.04462058827535,11.816839539882745,234,-3441276.1750609037,2139778.8642876702
31,43.12367127033222,11.781135403136815,234,-3537766.487340256,2226892.178439197
31,43.12965145734866,11.893776537563312,222,-3621764.169109561,2288701.902305126
31,43.22187298226366,11.92985653938993,222,-3757875.0879526683,2407916.717240094
31,43.29844808615555,11.959815162291031,222,-3840908.886614777,2486237.328814475
32,35.057075747900676,9.397604122972282,0,1547394.6941218004,-790689.0626553418
32,34.97925593076228,9.37511575955933,0,1437116.0253603556,-740260.8408164124
32,35.0810752773748,9.263904939758847,0,1409326.0229576312,-724405.5991544473
32,34.95335671868951,9.350408652391238,16,1366443.687635345,-706875.4613282592
32,41.85069052852177,12.512110560243709,16,605981.8739864415,-694170.5098102224
32,41.876866561579995,12.576791671922935,16,650812.5330552764,-686567.1556253391
32,41.77206184614498,12.579862278780576,16,608427.4340611415,-654608.2328431874
32,41.8854551010876,12.44142683948245,16,532384.69778902,-644966.955198406
32,41.7413036723964,12.580763442996796,16,573299.7274140741,-615057.6420849443
32,41.95648548108243,12.603625393516632,16,661259.0140330095,-593736.0513341796
32,41.72469294470724,12.581250110167646,16,549987.8786170175,-588818.7849095751
32,41.97480250105359,12.573922308973865,16,605058.0681370043,-564680.3076378383
32,42.424544862773296,11.633211569842473,48,80885.16798030402,-584999.7112814499
32,42.400624611742266,11.551016306266474,48,36269.6523671307,-566893.1216261021
32,42.36441417292332,11.727854781491196,48,5766.7614226857,-558451.7437107892
32,42.34556004657342,11.627472839745865,48,-40221.829291839356,-552538.9164177378
32,42.33938354096179,11.783687240403951,48,-12314.872345765398,-527707.243705048
32,42.30144172716817,11.711755623003771,48,-70384.65714280287,-518789.380449332
32,42.29925476820335,11.587943523454607,48,-127415.9806169158,-504960.20457819593
32,42.27411729404537,11.659952863131592,48,-130795.15566065279,-490588.4654444345
32,42.30129793115335,11.846193521868607,48,-28680.352542706783,-469372.0508551772
32,42.04653776137981,12.508373055430166,48,408428.3071602147,-380857.68387981906
32,42.23656988143686,11.776234017622542,48,-101575.23061362661,-435450.127905606
32,42.23525722839416,11.664538752047797,48,-179084.63451427314,-442817.18851404416
32,42.21737821735401,11.672449555262908,48,-195687.4163106483,-418676.0362197549
32,42.22694883937294,11.570529008665652,48,-244394.072109658,-414920.1102784639
32,42.190031679327085,11.78991322506856,48,-128614.37019255033,-366732.29760976916
32,42.268838683410046,11.955862137394458,48,-35808.235091077644,-345980.17106756545
32,42.06959632941835,12.427985890581146,48,201385.30623800983,-262938.1578689927
32,42.20142075605465,11.489447791373573,48,-312469.07542652724,-356333.9438841979
32,42.43445937556554,11.996067532938765,48,-133045.57404246516,-305398.42242142715
32,42.190779276805344,11.478627490852332,48,-329235.05278352514,-338817.4565326088
32,42.260320228209544,12.024158961147123,48,-57970.66319056816,-255517.2484582793
32,41.584135043028866,8.90271695718482,48,95059.32109055421,-176837.04633783537
32,42.16357503091046,11.450382392367565,48,-367538.56711911614,-294316.5621888236
32,42.14024037374476,11.515143773291818,92,-368377.4683379602,-280628.62181379413
32,42.10655575016607,11.666932157338888,92,-305720.80737517745,-244192.9807422612
32,41.757674162951815,9.2214792112193,92,-45948.4988095139,-130367.80893809778
32,42.13843901895953,11.339719008395512,92,-406992.85868313775,-225975.90642548192
32,42.112255606448585,11.391172153414018,92,-420379.9163385367,-213533.82386866558
32,42.087153018925235,11.475851306513512,92,-413471.2030799743,-202320.25377578288
32,42.04933095158763,11.629693374186797,92,-354728.7804646122,-156421.59690103203
32,42.15903478690235,11.015403125604474,64,-306049.92167356797,-111232.10685378224
32,42.03898498578758,11.426567188769123,64,-431618.0475945124,-139580.43187936334
32,41.98725895726943,11.58930029996629,64,-359398.3072571531,-81256.49087876927
32,42.08095693024467,11.002742330901212,64,-360218.5324984216,-55584.24458398631
32,42.011941675953516,11.22996768567679,64,-449422.99326251063,-75776.84887005604
32,42.03841624520149,10.995844102608022,64,-376520.8963761247,-28283.94014817445
32,42.665206339873436,11.960229000686768,64,-264775.90952275536,43420.213741927466
32,41.95261358464648,10.981930684427969,64,-385225.5583470932,18960.471126807646
32,41.91687164063199,10.976134912939942,64,-381373.4099259355,35520.20283275582
32,41.80005496632736,10.957192385639623,64,-354421.6870972758,79135.15031501447
32,41.672369264089134,10.93648737999804,64,-338367.6588707927,118029.95683838775
32,36.4452770530196,7.175995443818881,114,-358937.58499184455,128433.22203627511
32,38.9793061763637,9.739115528776324,114,-406624.0664513326,159134.76064837456
32,39.17699640461871,9.885511314367912,114,-417427.84019850707,158612.86775391066
32,39.8871494005408,10.411401777674586,114,-450360.9773716934,178320.5343892669
32,39.85061292706029,10.384345378452739,114,-476448.04287364276,188687.46704791192
32,39.57541492416386,10.180552666071994,114,-536156.5643414835,211957.29571374416
32,37.875632806847044,12.234473795216104,149,-594568.0832600595,201615.3124077727
32,37.80074291282908,12.1724159507048,149,-600290.1671554805,211739.220441899
32,41.023090545134124,11.203070280974517,149,-613746.723745254,233100.6500136281
32,40.87326649369298,11.297789115147276,148,-659494.3210948665,258352.8256940842
32,40.39255332569627,11.580584626506862,148,-661645.107919921,273127.48350653664
32,40.89048826057148,11.259028037215494,91,-722742.5093394987,281370.2128740257
32,40.652634735394514,11.145484823518062,91,-741666.4870599859,302971.4205948442
32,40.68783275210843,11.581229751572922,91,-764525.0929338455,310750.7080556631
32,40.989306510831916,11.154607150675172,91,-811066.5208816186,312239.2057796941
32,40.82657105267199,11.228516127879379,91,-856722.4916720965,337849.6253679139
32,40.80837155048517,11.219828302191498,91,-876586.1589590099,346791.0976169586
32,41.149529696376376,10.851705795142616,64,-907302.0515251707,377287.30215409264
32,40.87353563963133,10.80695169658828,64,-932440.1693142701,380642.1112021322
32,40.91236066815671,10.813247408798507,64,-971454.4006119106,396249.55942292477
32,40.93453643085617,11.063657407985572,98,-1016264.396294158,397249.8273803843
32,40.79737273497088,11.997706702067788,98,-1002406.9629515327,453648.2152054444
32,40.8243724574331,12.036718672828748,98,-1040689.4259603829,484163.22250204376
32,40.65636390249696,12.03458358702028,98,-1104566.4638692432,492947.0441256613
32,40.86842127302726,12.10036492357887,98,-1110594.9354541395,541826.7100882919
32,41.10483752733965,12.441963397917085,98,-1038014.1435589077,672806.0750723446
32,40.901768018595654,12.148547724898677,98,-1160994.9358136184,587912.9317895605
32,45.265734186822506,13.578716145902007,98,-736923.032503728,1247431.1467706533
32,40.963340361586766,12.237513766968705,98,-1220354.7251607217,663668.1134836031
32,45.12750727989417,13.559962481240499,202,-822214.669836802,1376953.0366944931
32,45.08491893223856,13.535713786416459,202,-856040.8132902327,1428072.8944255207
32,45.02821893905898,13.503430288539182,202,-902516.946182256,1497997.5882956036
32,42.769740172331616,12.316348127765393,63,-1194919.6963798848,1104401.6937113695
32,44.9255301779995,13.435715856291264,63,-994330.6974418197,1635012.9982408911
32,42.80663472555394,12.315259341742166,63,-1275364.7107675858,1224162.6346640778
32,42.82920272095481,12.313657716557353,239,-1320258.7878651398,1294791.6049638037
32,42.84103136552487,12.332868842306437,239,-1364310.8737330912,1367341.4208735344
32,42.87891266678258,12.340149504226256,239,-1445670.27852449,1500701.349627093
32,42.89114560465903,12.346610754934655,239,-1475039.1936327287,1550060.944491465
32,42.92600906507912,12.364922156691053,239,-1555367.9667882607,1687422.7136312963
32,42.936503713370904,12.370412044147622,239,-1578557.5540607395,1727748.6744689904
32,42.96442152635819,12.384973924022843,239,-1637973.0381373065,1832539.8051925339
32,42.982997264387606,12.496478456288235,239,-1709123.6575476045,2030153.3528639774
32,43.06246440294043,12.435802593693502,239,-1820039.1111605426,2169043.449096422
32,43.08727259538536,12.4486180524449,239,-1859514.1411597088,2245805.689220108
32,43.156882095267264,12.484526916534335,239,-1956240.2525252572,2442061.63452576
32,43.242371111196256,12.528555260995722,239,-2047558.065536216,2643746.914002695
33,40.75702998221314,10.523613516586924,6,2297241.1923310235,-918249.7076339781
33,40.65366773563161,10.624630305419902,6,2130246.702288692,-861188.4212339553
33,40.69678259636183,10.689372847944496,6,2055689.5874411808,-832709.9302764615
33,40.70326055146064,10.721341533823617,6,1982012.4849625702,-804472.5111910624
33,35.05325706939992,9.394841357342973,23,1542944.9247718935,-788780.9501395905
33,40.832550401247225,10.768258485822392,23,1874577.0610124695,-759747.973529158
33,40.7184312126381,10.79347484537168,23,1765959.0411662606,-720781.3454288853
33,40.76872925223634,10.81619854130987,23,1702061.2483990805,-695667.1437243953
33,34.95858112270306,9.323714674580726,23,1347225.7206879586,-697813.4434269954
33,35.00563649574051,9.594139629909874,23,1344886.1548224075,-683351.7558986775
33,34.92322033283959,9.300604662055935,46,1241871.1179777936,-647104.9450150824
33,34.92115444789782,9.29934694767356,46,1235382.9698241507,-643964.1414282668
33,40.6032834037304,10.85742571290529,46,1414283.349347914,-579197.1618863096
33,40.44613863756159,10.798657984553408,46,1373257.916618922,-559807.8710326182
33,40.717615923410094,10.90018286366591,46,1317550.010683356,-544291.8207677868
33,41.86489210718908,12.497371092888283,55,468104.330174543,-611183.5313599118
33,41.90128431451839,12.4957414235408,55,460609.19010750804,-599950.5067567449
33,41.912343589714695,12.451460933581947,78,428587.129354419,-576432.0360875883
33,41.92756667995378,12.47737553650162,78,433390.6671506365,-573314.9967123102
33,41.93926691957754,12.462224361537594,78,411116.9391425803,-553648.1981716393
33,41.76717033167876,12.547039441568094,78,404839.12253371516,-536761.3145258137
33,41.955355262661065,12.42385257750012,78,359517.04666989576,-507063.1552267161
33,41.987978869030115,12.509192088444928,78,421124.86607162305,-490568.89764040627
33,41.732895752368,12.57652561108,79,351354.608332941,-478367.73448111006
33,41.71994528143156,12.573840122108916,79,330127.487104634,-455851.71667856275
33,41.72680994066968,12.724982363493467,79,366090.24223983247,-419955.6773818047
33,42.07111251556866,12.646660310572354,79,671023.7077297835,-337673.35467199783
33,41.93435827255023,12.313329684038141,79,331155.76318001107,-392002.20798079885
33,41.68395555886791,12.592873604278044,79,263305.281889978,-384254.3777168702
33,41.98178915638204,12.345851096041272,79,250515.97553108452,-374469.9130863462
33,41.66629588774586,12.562715055247986,79,234109.05398076127,-348522.3791705304
33,42.016333568880626,12.371513478673911,98,199995.72984731352,-338292.75238270074
33,41.6501111861529,12.710880378896599,98,214914.45413190415,-305439.96115694864
33,42.07935872627767,12.487767122674978,98,302555.0540612893,-267642.5118874225
33,41.6332671028319,12.701119053142019,98,180570.41429269643,-277355.7061806617
33,42.364266167505455,11.887305272547405,137,17173.566961400542,-304842.8471183585
33,42.46806471241608,11.879668224974692,137,19425.696397527616,-273808.4938476982
33,42.38824050463279,11.96184290185538,137,-59595.76296970968,-277456.83908691397
33,42.40377878683901,11.985289084314468,137,-95458.92584433359,-257097.8884772228
33,42.41179381480927,11.996624211816656,157,-115016.3888724861,-244945.48858848657
33,42.41907265987459,11.998689370458692,157,-123213.2743010035,-239584.7157851945
33,42.44416086317607,11.997263241949167,157,-141832.4023009684,-224847.73606654882
33,42.52997500721935,11.94885391044528,157,-129031.8226957412,-181995.89983528256
33,42.47547465881576,12.014691782173239,157,-198187.39759006017,-181345.8505757713
33,42.451688787256856,12.046546741115707,175,-219693.65846497097,-170748.98114966386
33,42.4544224819535,12.049536498004526,175,-227089.52761312952,-165011.5642323133
33,42.10296483999074,11.74763150131973,175,-145046.73643527593,-89840.36092182873
33,42.48778562989246,12.054189197311446,175,-275914.5235074203,-124059.08263857056
33,41.53031397248875,9.1465491150756,180,-222192.16189985973,-64218.58809447141
33,42.48682282202619,12.080812367164432,180,-315153.7650850824,-92440.8804623217
33,42.51936971332507,12.058593794964088,180,-326460.4353620956,-76699.19692265453
33,40.72430844332093,12.219842477716668,180,-261697.61401150323,-16707.82431983278
33,40.72015162919636,12.206294255448725,180,-293940.5884963167,-2101.284335262447
33,42.51258774497662,12.106565373238286,180,-393748.4602803463,-21717.640310579445
33,42.51513524307187,12.118403169690119,164,-415216.22765434097,-957.468892178807
33,42.53041649742471,12.113587665346138,164,-435033.670197219,17222.373554186128
33,42.536120268958676,12.117342838223678,164,-450926.2835082506,32565.346103839544
33,42.54525897899739,12.125658336232837,164,-480349.7909754878,61438.37177149445
33,42.550431450521465,12.12690410277512,164,-491865.8853301468,72862.83469481843
33,42.554747391110375,12.129003249653104,175,-503205.4262820229,84212.37914536345
33,42.62341130518799,12.073103044607949,175,-512712.45821517677,127239.78377022078
33,40.76677188906656,12.033503515692342,71,-565773.7059621741,138476.06553853417
33,40.757415379364836,12.028428183808515,71,-589594.9991752848,149456.32307451917
33,40.636363783560604,12.090358613275034,171,-629587.3216847051,159753.0967788816
33,42.59255738137718,12.150572168686773,171,-610916.9431355507,195787.9506660034
33,40.64925056903534,12.062418634511756,171,-682631.2585642529,185851.79887252246
33,40.625242023275824,12.060300183720923,171,-711783.1723068263,200916.05970779486
33,40.73866540628367,11.351122398200388,189,-683682.3415835095,274534.8928521481
33,40.607894502366904,12.04442344473968,189,-765708.0607678045,228618.51786776693
33,40.62654189688112,12.021933688474777,189,-800391.0157992803,245639.45553928334
33,40.590075485405755,12.024138490852753,189,-830103.046304026,261897.72002090447
33,40.61220811179211,11.995204161316307,189,-877382.5406271173,285153.1738168974
33,40.607934710176416,11.986985744006791,189,-900785.4680187361,297220.68664729234
33,40.56559279127005,11.98258225857462,126,-950103.3233711888,324036.53847171756
33,40.59473366929057,11.960722299638823,126,-974378.0448551633,335323.71612160024
33,40.58790958060361,11.946557140062412,237,-1013148.2441314447,355487.15506836504
33,40.58825236627355,11.936667638340595,237,-1034170.9467805863,366467.63144316996
33,40.577814833276925,11.924757706108426,237,-1071272.9539969442,385828.86018889537
33,40.67986127202307,11.595795329954571,237,-1105779.6955019257,452952.5003870242
33,40.56275858042562,11.890110249072873,237,-1159058.108829053,431918.17678639485
33,40.52644272458578,11.887245429514662,237,-1194181.7185023492,451664.895190246
33,40.552340907700774,11.864445512820868,237,-1219775.0709155663,464008.8092456359
33,40.56479753048282,11.452131059192155,12,-1237985.9893477117,519525.52836950024
33,40.51774473743882,11.459087313788416,12,-1301413.2432073113,549949.4262349788
33,40.38527794881375,11.792310772619796,12,-1342607.1367625142,551551.674214975
33,40.54933237748954,11.518433050876583,12,-1371878.88815696,574892.9681886868
33,40.51205765143035,11.752984456436595,12,-1428274.082022869,576810.300542162
33,40.50148017037948,11.723584376522794,12,-1465367.5028121956,598040.2715325946
33,40.432293716394305,11.70193312672551,180,-1490211.492317472,619174.3459252629
33,42.81287475367746,12.406713492208036,180,-1325851.9115386023,1215956.7244963197
33,42.8350492829769,12.428877765271526,180,-1374379.8594642763,1308236.7285945392
33,42.97057082456245,12.262170723269822,274,-1485068.1578954572,1318207.5806544987
33,43.02629558761251,12.241513843573472,274,-1505541.6578581948,1386390.9659331024
33,43.01603114340003,12.281588228195444,274,-1576449.973358005,1453052.9712058743
33,43.00346147831188,12.335723244901388,274,-1645337.7976623545,1538011.164342122
33,43.04631880387094,12.354225530823395,274,-1721302.8297682914,1657174.671587896
33,43.071031122241784,12.394327179827926,274,-1790739.596957512,1775026.5677383433
33,43.13848104059325,12.394937465239607,274,-1860702.0153226093,1888415.9781150161
33,43.25352511472797,12.388778393754093,274,-1930276.8115670872,2031467.563189902
33,43.28575714556476,12.465228666630718,274,-2017956.602802279,2184384.6395718385
34,40.75126981464741,10.726097550694435,16,2015073.0339322907,-810917.5991046382
34,35.10471368918285,9.548843829869016,16,1487569.3754865706,-751777.306025826
34,34.90235367782385,9.35779698724637,16,1253860.3238505663,-652373.7548440238
34,41.764826217786414,12.538709161684178,16,203940.94025688485,-489778.1114778615
34,41.710494949379516,12.546853284120713,16,136876.7753751019,-397615.8331568073
34,41.730162860892406,12.759566166237915,50,59300.60019105661,-302727.68077178614
34,42.05725099398754,11.706161325871458,50,-68698.97178355174,-170637.16368257522
34,42.85485394241368,10.338736932899712,50,-501387.96275207587,-88665.53614330114
34,43.139972313089096,10.399608522399387,50,-1495192.9429895156,-52947.56093976458
34,43.30464647855447,10.467599929769133,50,-2294087.652868411,-6480.535122889836
34,43.37414851588335,10.554364713111198,50,-2861227.0121970745,35594.11448186721
34,43.458500426357915,10.60692170861878,50,-3402928.634144275,82626.37949443026
34,43.50401642612125,10.66927864022753,50,-3847740.227728424,126845.24348961373
34,43.51531314269546,10.747564730287966,78,-4241424.039206844,170618.1812130632
34,43.61205745603588,10.737944021116078,78,-4589757.578824861,213257.67798214185
34,43.56706183578131,10.833100748551796,78,-4866298.919123833,248795.57248460423
34,43.617498005904984,10.855006164615668,78,-5188321.544816903,293496.89455664007
34,43.59973463294868,10.918126997056534,78,-5433712.750481227,330804.25121251907
34,43.65622424940009,10.917648013749046,78,-5671132.281968835,367439.91911209765
34,43.650766431593645,10.971457051082831,78,-5934979.091931656,411726.75344175065
34,43.693053699510465,10.974814085957915,78,-6127235.531009318,444921.18457798567
34,43.667064225749726,11.033030562983967,78,-6339824.851147244,484859.9253420019
34,43.7242353167297,11.022199380673154,78,-6513068.012219545,516603.86821167887
34,43.80696854575977,11.005053399634688,78,-6706477.2289079325,557343.1496316583
34,43.71890133176074,11.084078022117378,78,-6844034.225341635,583472.8098918176
34,43.74008938547726,11.105433707064048,78,-7051728.497400435,627122.252382158
34,43.74219696974955,11.122583653808858,78,-7160028.150669301,650982.3226166142
34,43.87634433941005,11.075682790595936,57,-7326820.915779926,692323.9395068751
34,43.83818831961669,11.125194684688754,57,-7512970.657529426,731311.8748773488
34,43.905047522852634,11.107536985262046,57,-7593124.433862441,755548.2929141616
34,43.87777972152932,11.149530886439257,154,-7776288.231583423,796054.9941630387
34,43.83003685598606,11.189154363457684,154,-7874557.448908579,818330.381081303
34,43.857663660262105,11.187033929161617,154,-7947599.408506085,837182.4717373706
34,43.94088036028598,11.18064681529303,154,-8123949.429622157,888775.3313878323
34,43.82435809695245,11.250654470292396,58,-8233184.659216859,912202.7732870228
34,43.831602916543495,11.262679876158362,58,-8331812.960295041,938817.5931118439
34,43.96690846514863,11.224927177941126,172,-8452315.332708718,978383.6331372644
34,43.9597962200903,11.25299371373993,172,-8612898.63287093,1021422.4715207035
34,43.912656257355934,11.288350457074682,172,-8727771.868859174,1049971.7022565377
34,43.89464526766514,11.30940611680001,172,-8813426.051819554,1074590.2091966728
34,43.9551087093627,11.306044601024528,115,-8935795.591284323,1113628.9256885324
34,43.83754407601529,11.370057229128687,115,-9024067.886054838,1143198.3759894092
34,43.943220951946884,11.340748433514179,115,-9129426.9199039,1171205.9439588198
34,43.92016314964295,11.364768013268518,115,-9228526.588905782,1201469.1736334977
34,43.974900991015645,11.355589560811127,115,-9286779.954656301,1222538.50438561
34,43.85675692535156,11.422612611325254,115,-9420328.810586194,1269463.159525177
34,43.86120316906733,11.434774994620481,115,-9511832.269228349,1299740.056540105
34,43.86247537667561,11.438255028004178,115,-9537992.738815587,1308474.0847414443
34,43.93475310381452,11.433895025341496,58,-9702048.72736622,1357119.4223647723
34,43.95138692040274,11.442448505472628,58,-9792006.26434695,1387836.2514759847
34,43.95633759604343,11.456128866562834,58,-9888948.713412715,1421601.3900092768
34,43.951092630102714,11.461016395695031,58,-9909576.638022965,1428898.350076015
34,43.992577002359845,11.466221019969131,196,-10016636.409542074,1467889.1984021696
34,43.99786543706238,11.472933028723519,196,-10067056.365987908,1486223.4468033093
34,43.922844212899065,11.519294500960072,100,-10220068.292557998,1544015.635981174
34,43.97380607571121,11.508511599624592,100,-10253836.624119546,1553347.6908256947
34,43.97831158662393,11.523288757403401,100,-10354965.594430536,1591193.7840072936
34,43.980808758985255,11.53175100343122,100,-10412520.293708293,1612996.9889784008
34,43.942626393874555,11.560581249789196,100,-10526266.207936462,1659184.5825326166
34,43.98839571022589,11.558816839445852,224,-10594860.602215126,1683357.7839514883
34,44.0564740590269,11.5596615500078,224,-10672819.917515373,1719428.803457401
34,43.99467007189451,11.583037299496008,224,-10755773.472530121,1747105.973536811
34,44.023585068638226,11.601083637415254,224,-10901683.218294725,1807057.7725640526
34,44.00082617022789,11.608831742304467,224,-10924796.49888759,1815784.4061823187
34,44.00444757330104,11.625186384117066,224,-11030700.898647947,1859734.985473736
34,44.03836124419922,11.63135709838461,215,-11100545.595905513,1890553.9331718083
34,44.047394699799014,11.64291469250812,215,-11177004.089988923,1923773.1030476405
34,44.01341457928183,11.670770625330627,215,-11320690.280983286,1983832.9651437853
34,44.013999993603015,11.674067396455753,271,-11341365.245174803,1992896.3675818346
34,43.995060725977595,11.694292151038276,271,-11445592.913638877,2039806.0189821024
34,44.08108355323635,11.699569482524824,21,-11526948.905193724,2081575.9587708074
34,44.01201243420104,11.723437412800306,21,-11638653.806884682,2126692.6784355994
34,44.096024772191925,11.738075903702503,285,-11749334.854567312,2186387.9569033245
34,44.088602106528704,11.743622035289551,285,-11782527.056042874,2200280.001259647
34,44.06344556056027,11.758895492895205,285,-11871168.579112032,2237954.744190893
34,44.027506574350475,11.77217504951265,285,-11937737.220033236,2267582.5964216082
34,44.02900039427997,11.788155758609891,285,-12031339.291044949,2313170.564623421
34,44.133244343996815,11.813481552666133,305,-12148177.558317635,2389886.4722876665
34,44.106671080685594,11.828287878956441,305,-12247825.047937358,2431869.5761647723
34,44.03223261216527,11.834466058586447,305,-12296761.215940526,2446462.0051546637
34,44.06046795907583,11.854031743613671,305,-12406154.973385002,2504721.635165374
34,44.033583216980645,11.86901162241252,305,-12488942.826102784,2546938.98297043
34,44.11951434474834,11.907693240517418,302,-12651310.587889545,2650020.1709937775
34,44.02073327029118,11.908383135786162,302,-12700928.939157026,2662397.183964265
34,44.099973374507414,11.933765844195431,302,-12800510.487641046,2727462.6322744503
34,44.03341302572623,11.944034197190492,302,-12888241.078212159,2767734.2569257887
34,44.03270212731727,11.9629485596866,302,-12984804.541571924,2823865.36934199
34,44.056001888838836,11.992434943264458,302,-13120568.212401016,2906376.9105787296
34,44.030044350184774,12.006397389104905,302,-13199981.844142202,2953349.7289094697
34,44.028027203609994,12.0297602588448,302,-13311701.650510157,3023222.901458778
34,44.035245399393816,12.05692634136726,304,-13432616.849187667,3101421.0462778397
34,44.02167590049197,12.084549788398819,304,-13562096.45207153,3187496.680808711
34,44.04415517336348,12.109727492698303,327,-13652082.118777186,3251613.5656493506
34,44.012244217570846,12.143748855064105,327,-13812969.687150955,3365106.8981659166
34,44.05140341875188,12.180702235849347,353,-13913480.48946953,3448314.385576992
34,44.01346966952997,12.21756014794358,353,-14080311.030990712,3575243.2849846566
34,43.99139672231338,12.239007085429526,353,-14168317.935443664,3649133.3344870606
34,44.008374560626265,12.287778866916527,353,-14296567.07194158,3770191.9409982115
34,44.020915188163386,12.357730453895527,353,-14442636.551239101,3937454.901807224
34,43.91079252266342,12.393019857560192,353,-14601997.133260177,4118526.2724802815
35,45.216101044409655,11.424977096277678,12,2647144.483061998,-974490.9108115813
35,45.303315939433645,11.267073046679284,12,2339308.0097386762,-897480.0090597152
35,45.19354519420287,11.1400981373188,12,2074153.8038035962,-826052.5896228852
35,45.57103334955919,11.046858340206631,12,1865045.042525597,-754570.1078448027
35,35.22561953439427,9.484153504149395,12,1462615.9232452037,-735110.2672675708
35,34.885062597453164,9.387747172906737,12,1227515.2986349561,-638816.4521101154
35,45.295618938583345,10.681938234234552,12,1216612.6366512082,-567686.0561298616
35,41.85660542246232,12.519082781679284,47,276425.4514986456,-568829.000177118
35,41.951511796869156,12.455874194540955,47,266954.67501918296,-511504.3253839458
35,41.958961476436215,12.367769290748317,47,255550.74234862468,-440080.615055148
35,41.75069739564776,12.671567558767475,47,106004.15620129631,-392272.68338939635
35,41.706258873205044,12.655879641849005,47,57177.983320986605,-342698.22729491926
35,41.65276974374121,12.623264405534648,47,5128.001738849878,-263642.4416946261
35,41.62753243941656,12.636163341396959,47,-33495.00693632583,-213365.33221135705
35,44.662807345432604,9.7245753594952,116,-64623.3782392055,-123246.26766273861
35,42.74330848937231,11.62783480174365,116,-230762.20378153637,-78756.93728234651
35,42.776623950061385,11.652686270563482,116,-384204.0259444681,-49687.373425208316
35,42.737205821966576,11.505555030313456,116,-375350.9957949831,-17408.42917097277
35,42.84355884647607,11.647404857961748,116,-791848.1664948816,21519.127476742484
35,42.890041721350336,11.520933300780673,116,-1014154.4059517421,56162.380389800324
35,42.884502412490285,11.67622650624629,116,-1067361.3236370126,84250.38966231461
35,42.942828502139896,11.617652683201953,119,-1361473.8507523367,120455.37547142219
35,43.00114391600942,11.527468538371108,136,-1485822.7708578778,136951.15032834813
35,43.02776532185667,11.564395427354942,136,-1668036.7800733626,175529.6973554268
35,43.043222383131564,11.585836112681232,136,-1783950.1251762486,203858.2807527567
35,43.060047749322486,11.609174791074444,136,-1918684.5005786754,239746.73261121768
35,43.045425288400324,11.662479474176358,159,-2013186.203063538,279011.11005856725
35,43.12695102854512,11.606497710409428,159,-2152833.406167471,302018.350571931
35,43.20413572153021,11.567932455029997,159,-2173339.2699645157,320488.26491809933
35,43.14837528598018,11.629547831182354,159,-2308321.209446156,349441.63848751696
35,43.16285543769092,11.645813101941785,159,-2419561.354157841,385000.03364685865
35,43.17215997541851,11.669408299915212,152,-2552517.162359392,429176.8711000895
35,43.18015054399685,11.680527589669019,152,-2627921.643332419,454887.37577197887
35,43.19433637387455,11.689556330765939,152,-2711225.2839791775,483735.0872601113
35,43.21842647891055,11.700627084995666,152,-2827233.1207749043,525408.0916258702
35,43.21349840556651,11.718880861355508,152,-2912227.9922176497,555735.4518623784
35,43.210139246340695,11.72225842114023,152,-2921716.667859281,559258.8692019744
35,43.23961994612321,11.725620223381474,164,-3007894.8889437253,591880.1505039616
35,43.23317420631154,11.752058684970994,164,-3143961.471820143,642118.2464261064
35,43.23951694122393,11.763529962528871,164,-3225134.305423704,673146.3021768117
35,43.2763521410606,11.761558092247453,164,-3280081.1834773477,697284.5107231018
35,43.287602123108606,11.772564795774839,164,-3362139.9216309944,730247.0326484796
35,43.256324368015086,11.79616261356214,197,-3458829.015968817,764502.5533203384
35,43.259483232533164,11.802731258329379,197,-3506326.242100826,783418.5539523754
35,43.272105808485456,11.815935368289992,197,-3614049.87704987,826830.0832616533
35,43.27405571733319,11.818378432309418,197,-3633202.8797763735,834617.6440436421
35,43.25412654407692,11.83647403094454,131,-3711358.8459929377,867342.7301615665
35,43.26053462304875,11.850849222856686,131,-3820477.81356468,912252.0913018353
35,43.31480121342449,11.852452623301309,145,-3911618.166112633,951979.5511103092
35,43.289056815739215,11.864818889907186,145,-3967065.2128558336,972512.1515036785
35,43.31598583944539,11.868824484176658,145,-4025386.263615284,999153.8190154877
35,43.316846665353886,11.880721337498446,145,-4109096.812903967,1034314.5908632899
35,43.28404355339502,11.8914585624122,198,-4143999.344891372,1047934.227015164
35,43.286964851339434,11.901325385870889,198,-4218405.014156694,1079940.7894188329
35,43.33646092292986,11.905591714480474,209,-4296572.724867542,1117000.989870564
35,43.35149915437771,11.920684845170095,209,-4407309.897980182,1167814.7398328185
35,43.358762154180695,11.927974359605699,209,-4459083.159689513,1192053.013440294
35,43.29003671296314,11.941878976596227,123,-4515690.402062733,1210773.442921542
35,43.30120571739516,11.953632984064836,123,-4618173.69944986,1255707.5771278092
35,43.33084965655397,11.95643179990867,123,-4664800.205332907,1277116.9919311749
35,43.31620645678741,11.969419422679337,123,-4751447.470300646,1315341.3725158542
35,43.30289429537866,11.977883761648078,134,-4800728.64275072,1338382.6021007083
35,43.3185745761539,11.98104978188949,134,-4840324.448567738,1355754.3208836098
35,43.311740224701666,11.991472466000845,134,-4912580.493852743,1389073.519077827
35,43.32203445096863,12.00000960057388,134,-4985469.460637524,1422428.328198312
35,43.32362091480832,12.009723028431445,134,-5059914.350562068,1456951.8810627833
35,43.326788202694225,12.018116146789403,145,-5125302.534186119,1487470.2551525293
35,43.327776382075946,12.031773060508973,145,-5229467.839269175,1536419.1963451658
35,43.28757585451676,12.042385024321986,119,-5269042.823720627,1560399.1333514096
35,43.324437109327235,12.050509256478584,119,-5370454.724552973,1603454.635395625
35,43.32996081232241,12.060173722922517,119,-5446512.989048705,1639863.399912946
35,43.3088593221479,12.068443870013992,119,-5496208.843247143,1665393.9054831064
35,43.31907994974737,12.081031249528714,119,-5600361.317437481,1714930.341607504
35,43.34613287434973,12.09085740434971,119,-5680566.373808323,1754298.065682602
35,43.33280695397393,12.09793696398885,119,-5734228.640808511,1780112.8337831039
35,43.362856352672544,12.107757876881742,148,-5799954.1675978275,1815579.7472286895
35,43.33373640091594,12.118050644136877,148,-5886175.704295588,1855704.0143244888
35,43.334129293766146,12.130657631546644,148,-5980765.015263195,1903326.5121896053
35,43.34236536094485,12.140380939537886,148,-6052333.380823028,1939883.7254471926
35,43.38046791587519,12.159790174529684,148,-6163847.10009875,2004123.53449202
35,43.348894253380834,12.164885251000781,148,-6229995.494106485,2031772.259358467
35,43.33448530056425,12.175011395644807,148,-6308167.616906517,2071817.9819190132
35,43.355317987775024,12.18566628702319,148,-6375696.663677914,2108922.7373143616
35,43.33963206299781,12.202782461450168,148,-6505945.598234603,2176794.6371401376
35,43.33380733443871,12.210547470409079,148,-6562382.6329407515,2207080.415272454
35,43.33318662941147,12.229154619973984,148,-6691796.360601424,2277678.8109230893
35,43.418319547172395,12.265688723995007,78,-6804672.825176272,2368910.4182645064
35,43.4172586922079,12.267063424428798,78,-6816090.5806618985,2374737.527377113
35,43.40172832562197,12.287188325944118,78,-6978587.380077823,2459314.854027113
35,43.42387373314396,12.302656704053556,78,-7013656.79252391,2494838.5883742627
35,43.378969664023046,12.316679955827075,78,-7200022.358790195,2580350.857167911
35,43.39511942787935,12.335647662953331,33,-7275016.629521438,2635003.710374377
35,43.384593829905086,12.344405492485729,33,-7344947.755670457,2673297.182266706
35,43.327131937877354,12.349651206970126,33,-7443070.914904457,2720893.7064450076
35,43.35521440975019,12.375453758990476,33,-7554350.265392321,2798036.761366021
35,43.325042222911954,12.393955439548277,33,-7670582.206368858,2873135.832756247
35,43.3507748050409,12.42703445280888,45,-7798152.534147181,2969350.361760791
35,43.323119877804956,12.453083189090309,45,-7924387.9395777155,3063091.7503795754
35,43.342399033477044,12.4940958602208,45,-8051490.76800621,3175546.6194943567
35,43.32238271949837,12.542407916124326,45,-8190897.351915747,3315685.383067566
36,40.71923819199381,10.610255736229595,0,2233840.2525230222,-893149.7082892027
36,40.66128844946583,10.596968083672316,0,2193981.582493063,-878872.4889635824
36,40.9435082986129,10.365191343043945,0,2185002.834997371,-849158.9027803099
36,35.07128425425428,9.409117211625679,0,1560719.1733092915,-796143.1747815898
36,35.113304518919605,9.32483675665436,0,1506060.0101695831,-769378.3039688551
36,35.077361819608,9.316595234266355,0,1485669.7572677971,-761381.7365565617
36,40.45365196244581,10.366105841795529,0,1744920.9464498113,-700545.4433483424
36,34.94604893156505,9.31798515560809,0,1314777.9922000181,-682224.1800736946
36,35.10845099053797,9.621640046541932,0,1333577.7562028004,-671222.3798890604
36,34.98603764272947,9.617670286296065,0,1261709.93869325,-641573.6632398504
36,35.35892391749769,9.381156337851078,0,1221656.6309924133,-611892.0708212346
36,34.884460883044795,9.283057932035307,56,1121707.3937288143,-588642.4349431582
36,34.85745788670278,9.271051974723395,56,1031167.915106096,-544317.6608064683
36,35.00646154013457,9.106682119829056,56,1020659.0595069495,-534193.848524512
36,34.805414600982814,9.349128840520573,56,951139.1993202989,-503964.1684777262
36,40.88974059795808,10.954753108949996,56,1073588.5093007807,-445639.9315375229
36,34.78534101120378,9.338372212557452,56,873843.465177772,-465935.4152424373
36,41.921600024310926,12.462401861518918,56,303290.92602184444,-487302.53483227344
36,41.92847919494554,12.443883557074164,56,299515.3469909422,-485632.10876748915
36,41.95966808622196,12.427231527789406,87,267066.31334100664,-451652.5341477826
36,42.22296364625978,11.798435346742657,87,219508.45342600293,-421230.12973314704
36,42.19431797356869,11.798561254019305,87,178322.19060347512,-404541.6445375061
36,42.180086633396755,11.795718586793347,87,158933.30324024495,-393330.2885944432
36,42.21145804698045,11.857837010501138,87,146722.71736364844,-369572.4690561383
36,42.031245183537294,12.444066185517892,87,193324.56505648213,-324658.4902360071
36,42.143778211336766,11.725969112769425,118,78380.43995450086,-319197.27489976946
36,42.13071979044424,11.727054902293158,118,56699.58615358729,-303598.63381904614
36,44.85020109465864,10.737752094142484,118,24949.40256107094,-275416.04505300144
36,44.8712315781615,10.74589794190473,118,1642.5066969364007,-267328.61380933487
36,44.87479181036462,10.788784321708725,118,-55713.21265133218,-247346.9483512477
36,44.93790141921302,10.771721522017124,118,-74287.48512932287,-240232.80853073046
36,44.98789495153571,10.791085779778573,118,-132640.77530182494,-218715.12863297708
36,45.03036257114011,10.81799840541274,121,-197211.02825711563,-194740.88708204794
36,45.04371500719854,10.833223061102494,121,-227242.9665309682,-183687.30102249733
36,45.084760413844336,10.848762896779057,121,-275556.95285154885,-164943.5441803884
36,44.951301265434076,10.94109078525278,162,-324407.08437888674,-150455.69342435605
36,44.961483125958104,10.961147412193466,162,-362446.0478402804,-136391.1319143129
36,45.020414626234,10.96129663628083,162,-403178.4536418201,-120852.84546717806
36,44.895746933163714,11.041897057748272,162,-442439.7901637668,-105171.15240525377
36,45.04839270222109,10.988577307271697,158,-464870.6227642827,-97547.59116841907
36,45.08594362691733,11.001727761840131,158,-510008.7004655501,-79920.67023938692
36,45.12451446892206,11.015235394729407,158,-555282.9026649953,-61913.49562608605
36,45.16783417962992,11.0224408396361,163,-591641.7804566524,-46712.874940594906
36,45.19347633308973,11.032707185466057,163,-621945.7977311502,-34292.185305455656
36,45.19956950714994,11.055800079608831,190,-662534.8971109269,-18898.69288443369
36,45.188697572248095,11.069065321456625,190,-678680.8221009123,-13357.159287180597
36,45.14783698520612,11.11892080477657,190,-740115.8358335404,8352.413484699064
36,45.19888166032372,11.124820582630596,204,-776143.6247861419,23855.294757775675
36,45.15602852980405,11.157037611627937,204,-809059.2285134883,34969.56272466302
36,45.09888090955059,11.200001253175435,204,-851644.7819027989,50472.77566896456
36,45.08085413663478,11.21355380018225,204,-864642.1094127665,55499.52668633412
36,45.090237804174286,11.236335197548295,228,-909938.8947007627,73333.67525191765
36,45.09930832333864,11.258822495725177,228,-954358.4464634408,90909.1353505593
36,45.10145776893878,11.260842708091765,228,-959077.6159403991,92781.76398967036
36,45.11139869495174,11.289873286676846,228,-1015017.1846894696,115053.55788562183
36,45.14403484285476,11.300859878683411,228,-1050324.9376147552,129300.3137387389
36,45.152887758013726,11.309180521310212,228,-1068712.2367389472,136735.706013513
36,45.25661200012572,11.321235024820671,255,-1127454.7721770648,162711.042170125
36,45.13484999587884,11.354328867769787,255,-1137699.0938558544,164430.94720087756
36,45.16236117994498,11.382544726563497,255,-1197113.9403059806,188682.76431153133
36,45.150053266371536,11.390550964692963,255,-1205517.786588947,192076.4274214683
36,45.15646236234417,11.41999386762069,272,-1256901.1842239902,213207.33353153028
36,45.159733662318494,11.430578486328239,272,-1275467.9922488888,220886.5654156788
36,45.22533235464787,11.445754510489492,272,-1320137.6810084288,240038.61808435497
36,45.2608240659381,11.459030093494043,272,-1348369.6525756414,252606.99243820464
36,45.32119920525489,11.481613258528176,272,-1389634.5785420714,271986.32117361616
36,45.18589477572202,11.52317414893113,300,-1428884.2646388558,285387.8932247628
36,45.258827505404945,11.532528479581797,300,-1456983.690027177,298272.3960956655
36,45.19856153319613,11.561308937019046,317,-1487517.454765435,310653.4800881703
36,45.31551297426409,11.579591910495688,317,-1525221.8780562815,329430.2106394623
36,45.20776679634539,11.615301569796383,317,-1562967.9711299012,343849.0318073564
36,45.32400104235601,11.6346209332509,323,-1593950.305409873,360073.24986870727
36,45.222554851936664,11.672738818346197,323,-1636125.8110593504,377045.6979293364
36,45.34661176592113,11.70277946706681,335,-1667931.9586895402,394891.36629792734
36,45.172576203319814,11.751346321304364,335,-1713528.9702837982,414729.15536489955
36,45.426260560943305,11.798710671054145,350,-1737387.9271509084,433753.0973739244
36,45.353662467372374,11.832817477057763,350,-1779398.2413277652,450831.60042508977
36,45.254308501924285,11.879494273355691,350,-1818954.8467634008,470252.8648530586
36,45.25910897620938,11.947798559715563,376,-1850124.202959696,491495.39340546704
36,43.101970071925656,12.229596978133754,376,-1821954.8487553499,658939.5726421226
36,43.005431972307015,12.136934089620418,376,-1866573.7958945308,630518.5670424197
36,43.00211868642882,12.146699585318805,376,-1913959.4766476227,653135.4565455285
36,42.99634838730857,12.162068397667941,376,-1990022.7258071855,689746.3202193085
36,43.05946426092727,12.219745284430921,376,-2006498.4323808479,720719.8302083373
36,42.879008408819836,12.177920514120947,376,-2054983.2608337374,759663.6833609246
36,42.98618440493593,12.185592909088967,376,-2109162.3286771392,747923.9884290848
36,42.988422799069006,12.20327980110075,376,-2179398.8168820906,783133.6826474816
36,42.93805034076813,12.191604831994574,376,-2183602.527536119,791381.3043793704
36,42.97257958249864,12.212633120064359,162,-2247818.947698265,817164.2284613937
36,42.967173798374894,12.22247244665325,162,-2297972.7575146933,842709.1622902225
36,43.00703383595995,12.26299185718344,162,-2356196.190027831,884992.8445566874
36,42.75639051669394,12.323400767018052,162,-2406563.914944756,977540.5558302447
36,42.94386594632332,12.262183597082037,162,-2492036.612942939,945130.8207933703
36,42.942893671759805,12.263816379034749,162,-2499559.5815858925,949253.1603561825
36,42.92983472214292,12.286424334220237,162,-2598402.1217366834,1004995.8955711821
36,42.92787454189284,12.290013563569438,162,-2613083.812300828,1013581.9361444721
36,42.91656872057756,12.312871648839703,162,-2699300.5444840575,1066334.7563166535
36,42.911711275683935,12.324620001126647,162,-2738494.682497115,1092126.2321200243
36,42.90456595292124,12.346423349446834,162,-2801777.3789574592,1137706.086609606
36,42.89800071328454,12.37841962915269,162,-2872292.4166729925,1199630.9276497394
37,40.69575802579991,10.576256685208676,3,2254024.6907176278,-900849.4469399778
37,40.91806476308269,10.560236143056995,3,2257107.619492119,-885354.4614259583
37,41.027022835364605,10.443837423797909,3,2112388.173016132,-811169.237886453
37,41.055181656494085,10.550013631088538,3,2035994.4490071712,-780759.8223426407
37,45.39690306157526,9.744630330761355,14,1726545.5301634513,-740220.550016153
37,45.507595425318705,9.80601435484186,14,1519831.772769564,-710264.5113615996
37,45.567703677451064,9.85788582781385,14,1361328.0420681376,-679520.4481864269
37,45.477849254299386,10.067112921225545,14,1264784.99697863,-647439.6899908892
37,45.74114075030719,9.736633782618313,14,1136660.2880678151,-621260.5416127924
37,45.67272994919096,9.950329403528183,34,1020027.3581559185,-600043.8620785887
37,45.69418014580799,9.966774726406495,34,944765.2956546448,-580715.6830931548
37,45.72722481891308,9.99666046383889,43,816046.3291153054,-546454.1041766598
37,45.74249770338453,10.009297961352019,43,756293.3792557354,-530075.3462850519
37,45.756285988835025,10.028988252120548,43,685992.9981461603,-510442.6051830198
37,41.88768162134217,12.441205737974267,51,330383.292387788,-505506.61457109434
37,41.901810657529616,12.446397708516134,51,319596.25593510416,-501036.9634534088
37,41.943464526477186,12.395038652138144,51,285064.6494108836,-459255.54461240844
37,42.22936545133498,11.788578986671688,51,234227.6073038065,-425762.9689773688
37,42.19737054589753,11.79804267183547,51,182557.3496487796,-406665.8928477903
37,41.99634882601494,12.481137472739682,51,251860.15119858086,-389324.87231352273
37,45.88769164175569,10.125501072125543,51,142159.22683607327,-347625.0083484645
37,45.93610126324831,10.075091533099457,23,130034.30860275951,-343076.24547530385
37,45.85854641083432,10.203010784764329,23,35897.00355907495,-312715.24615475466
37,45.957953660023136,10.108471988996362,23,-1574.1559880220984,-301340.7994943567
37,45.940932520870206,10.163556089846441,23,-88880.56052577472,-273488.0770710033
37,45.954253172810084,10.171832847690219,23,-144182.95406543705,-255359.77873581075
37,45.90532319086546,10.241820068943918,23,-191315.41503440327,-238577.76096845712
37,45.99391823556094,10.163409391971474,23,-225588.76178825958,-228244.92930985842
37,46.00194600056051,10.175672140917518,23,-276670.828159443,-211232.747725014
37,45.991601120968326,10.20301661013721,23,-319924.02510070294,-196827.0169840769
37,46.019945213328256,10.203166696053222,23,-392392.1770297406,-172240.84383693797
37,46.0257963794835,10.212104598645938,23,-430325.99942210433,-159325.23096220012
37,46.02706666912801,10.231604063813512,113,-484837.83502346335,-140667.4279444123
37,46.039538292677506,10.240032873203534,113,-538428.787447052,-122168.45384737644
37,46.05003061951912,10.250707677838596,128,-593037.0362677568,-103195.70328363162
37,46.058096263583685,10.257546197974033,128,-631304.5275882981,-89826.42043360879
37,46.07281962132881,10.260678123644123,128,-675507.548906381,-74299.47638027786
37,46.090757211985434,10.264493775047125,128,-728642.6184528876,-55504.05339336424
37,46.0984734299859,10.270787648849721,137,-763954.9226390172,-42970.87738464413
37,46.11558392923892,10.273558716247912,137,-811162.2762483786,-26071.284541708756
37,46.126129332274196,10.275266557855552,137,-839854.8361204858,-15739.284045325527
37,46.12239618112463,10.300526637861365,137,-901096.0661035555,6146.537382743831
37,46.15856884055636,10.280520178015006,137,-926123.7132694428,15608.760944922262
37,46.13335771879748,10.319759641048751,137,-979430.6198152638,34542.27783195962
37,46.142089194722644,10.328884207327423,90,-1024391.9732140519,50961.37986429236
37,46.1589001507907,10.326533663205364,90,-1054379.3760846222,62007.67665617391
37,46.15611376881978,10.340329822886087,90,-1087154.3190665895,74021.61481237668
37,46.16108540090276,10.352782064119689,178,-1132982.0049983326,90953.7706758963
37,46.19109036967719,10.344422806360368,178,-1172033.0023093098,105588.1701590271
37,46.21807881525176,10.336903939242816,178,-1205001.8958438535,118226.90032231272
37,46.192700241666415,10.370188462439039,90,-1247901.7099465556,133824.73991884902
37,46.19400216975124,10.387242577367466,90,-1298877.983618778,152985.71243060948
37,46.20066113692762,10.394515900618162,90,-1332807.4362958958,165813.0486438771
37,46.209707169822046,10.404580152452393,90,-1379126.922509683,183402.60504042782
37,46.21349155833605,10.408847010637466,90,-1398559.886849194,190809.17427399402
37,46.23992969294877,10.408732958598454,90,-1447889.0469219803,209757.80620107666
37,46.246635396680766,10.414205560221511,90,-1475506.5538534794,220382.3451335163
37,46.235103169410465,10.433981289469452,90,-1510430.2527616941,233761.63038465963
37,46.27916533252912,10.414544531171703,90,-1533348.2746733874,243031.43088863807
37,46.27376737498464,10.436348278485983,90,-1585092.0874405769,262886.2155746585
37,46.32049968855976,10.429917537573536,113,-1642595.1957380734,286117.8531936625
37,46.32700220709102,10.434312193091925,113,-1664544.104933797,294807.7511084986
37,46.334646208170824,10.439478307016316,113,-1690081.4765660681,304952.2085031056
37,46.27627126532863,10.485475550521254,113,-1726754.266279832,318391.96146626683
37,46.28307095776868,10.495045256320699,113,-1764440.916565383,333356.8304447771
37,46.37457349636197,10.466462724906087,113,-1818704.8990418792,356629.30167402973
37,46.39041948790379,10.477172063732084,113,-1867474.6750642317,376495.2548803338
37,46.39644097637049,10.48124162038031,113,-1885660.3378662395,383944.0422106814
37,46.410427172030396,10.4906940366468,113,-1927155.1010725833,401027.2971769669
37,46.3205695146729,10.549117172439413,113,-1969496.1189182585,416009.8266775555
37,46.26875777389326,10.586426243206,113,-1995810.770066719,427660.42397619435
37,46.452508351899816,10.519134138500325,113,-2045618.3503157848,450521.3945452946
37,46.46580685003621,10.52812178197115,113,-2081033.0628389856,465547.0660974602
37,46.310080445982905,10.609307931143046,79,-2117746.4470331296,477523.2424673244
37,46.38442907098337,10.58962737182797,79,-2157052.156198605,493816.4523282909
37,46.36064833091008,10.61522667852613,79,-2196782.739069635,510271.88158241415
37,46.343702878562084,10.647819282144455,79,-2261670.942576772,537968.3801172505
37,46.469415170593415,10.614499255193916,95,-2299621.8690568916,555988.5130704857
37,46.476873915482074,10.620867726033985,95,-2320799.021334482,565247.3013002092
37,46.389313139193284,10.669709895692732,95,-2366179.3596976954,582607.5837912305
37,46.398391302195016,10.688607688821284,95,-2421373.402157858,606613.3680115339
37,46.530508962671774,10.666662727623699,95,-2461876.136897853,628216.6665395914
37,46.41251203946459,10.719952650443503,316,-2509048.4552755766,645237.3440420862
37,46.47757988914966,10.724505882319452,316,-2565041.25994171,671085.7209377069
37,46.435638842764995,10.750164075850597,316,-2596627.032025598,684502.9029238762
37,46.3370446420778,10.807970180221806,135,-2646738.453125656,710210.8333554219
37,46.34589865758099,10.82579915345149,135,-2695290.9472496905,732472.7214577546
37,46.44572787099165,10.806477793785096,135,-2727262.226705924,744417.16296996
37,46.363816242705745,10.861879070570971,135,-2788763.730691516,776023.3998629584
37,46.37260335337604,10.879573320242248,135,-2832220.88099158,796616.983116235
37,46.54078376816761,10.86808643065422,323,-2885240.2802888323,821277.0697847464
37,46.53151565823591,10.895709568739841,323,-2934001.621747535,844702.342889912
37,46.62202540855921,10.936444625120878,323,-3002567.0822701477,884273.3541189546
37,46.59516887366173,10.959163890023218,323,-3041402.798615122,902046.8219671178
37,46.415180146052485,11.02102682412455,77,-3111390.7411831412,937601.8149662145
37,46.43074744398061,11.047102184345494,77,-3156260.0468427096,961515.6940305418
37,46.49761800990552,11.087643666770319,77,-3223954.8625073233,998199.7137216657
37,46.48071815349093,11.130803559946715,77,-3273710.2899204576,1028418.3139435897
37,46.515433865195526,11.188952680764165,77,-3332270.891761767,1066136.0555128485
37,46.498076394419705,11.275435520273842,77,-3398819.120645187,1115549.0868425837
38,45.27479363950117,8.84103081514269,13,15635608.329195566,-5023570.684654014
38,45.4707751704631,9.211586484248908,13,14968360.592536738,-4812429.0421078
38,45.207111849544226,9.153062734786632,13,14275940.011766814,-4610312.473987691
38,45.08655737296361,9.126303988217819,13,13706122.578240573,-4427888.991807854
38,45.13217066848666,9.252858025196755,40,13126776.658171808,-4248508.040495747
38,45.23030280000573,9.372135429399266,40,12526373.930048577,-4063381.9297609823
38,44.786457497673375,9.013447258704826,40,12069987.983635033,-3892688.809856841
38,45.299807859708366,9.484439078206904,40,11456087.124279706,-3728075.031204864
38,45.30896404580276,9.523411883910034,40,10947547.218512049,-3568367.9301884924
38,45.36876894310334,9.569617643659441,40,10438773.457440818,-3407679.3284356147
38,45.50238950942486,9.610110613169171,40,10044594.675009735,-3272458.739292694
38,45.33252124343058,9.621858599282598,40,9520156.071761405,-3119993.5225430853
38,45.5901797949016,9.662965635995786,40,9168599.361529002,-2982098.3670649272
38,45.68513732526473,9.68041293496203,66,8782161.259636601,-2834329.0309441425
38,45.35030544815831,9.697932761857302,66,8292404.229094351,-2734447.6223240765
38,45.46175227860096,9.729613904699223,66,7862594.814486584,-2594726.521484576
38,45.44396328013674,9.75172889793391,66,7440373.814382227,-2464094.9153447524
38,44.072240533007204,8.71732389552092,66,7249672.963533002,-2326254.172419108
38,45.38953431292747,9.790304360922221,66,6704369.721846405,-2236122.421943197
38,45.58793888223702,9.807621637807229,66,6387685.15871819,-2114507.3087595184
38,45.16607812115812,9.826290895324705,66,6031227.5996166505,-2007546.2792464558
38,45.508879805933184,9.84667759167495,66,5652344.830950282,-1898890.3333303693
38,45.471497638694956,9.857066269896816,66,5470262.387901993,-1846097.788593184
38,45.50092806575848,9.881038350998944,66,5001117.654034301,-1696819.5456138563
38,46.130983912802584,10.827744802521629,134,4457880.258136502,-1619109.8348517844
38,45.98559002242914,10.765902941591603,134,4175272.1885101963,-1542508.3094550008
38,45.91455259753603,10.79068433378088,145,3828367.4877302013,-1434328.231901099
38,45.89216004055688,10.760199674905838,145,3584519.18096157,-1358316.5916745851
38,45.86371983037852,10.721481894420613,145,3215685.2851209207,-1242051.2492293662
38,45.86547218027433,10.67519878879297,132,3004694.9588187886,-1173527.2943785426
38,45.8546161495769,10.669049705487055,132,2878721.5940825683,-1133566.983886118
38,46.440048410375546,11.00065080739565,132,2456642.7515582396,-942262.083504632
38,45.8628852991703,10.558506614120915,132,2147976.640614777,-884016.5636562932
38,45.756050881081336,10.655576616983337,132,1920452.5764806496,-829428.5772206568
38,35.15053055323714,9.545141213434203,132,1475369.9005166,-743146.6446873356
38,34.93242272337056,9.307576038215783,132,1271962.033088643,-661632.9267712483
38,34.85333510238113,9.300500835624323,132,1057271.9881053488,-557017.2074105482
38,45.692772426361145,10.577378028763738,132,914695.1807161277,-505204.7451136869
38,41.90220036452011,12.447461971996656,132,319010.754637969,-500721.25975109375
38,42.197341272688064,11.798042431295531,132,182065.94282463557,-406494.82771407074
38,45.60184094044427,10.525872529413416,132,90576.06025280122,-236964.94671131586
38,45.560040031652285,10.502195618617122,132,-155499.17374443077,-154712.9056040409
38,45.537596285409286,10.430611815385653,132,-414954.9927075166,-62953.96011338128
38,45.547051187042236,10.389781697460307,132,-476509.84155092697,-37391.49813654735
38,46.77435987798168,11.190011829092066,132,-736419.5644155245,122264.57689529873
38,46.781062173351536,11.193808149655148,132,-793523.0612694874,141368.87035387737
38,46.852038877531804,11.258847038903246,132,-1242182.5905128492,291436.11018048454
38,46.8898321713354,11.290825771135832,132,-1470302.2721161267,368191.0201993989
38,46.9025409726596,11.271817041335389,132,-1695205.078855615,443731.3052476734
38,46.9268324654344,11.276375498120492,132,-1914763.2683248748,517657.9205608408
38,47.040337079412794,11.432242960785489,241,-2143158.9499842767,597884.2470684879
38,46.978193011781194,11.285399914332714,241,-2366565.6847938285,670043.8921495689
38,46.99325180349455,11.287145544570366,241,-2500073.929326495,715145.6658290692
38,47.066206541104485,11.34886940540219,241,-2791462.9200991523,814230.045827999
38,47.1013920228535,11.359884660598338,241,-3019591.4669932644,891703.5887508397
38,47.0767308118817,11.290507624975795,270,-3245362.464864991,967573.4782280442
38,47.09800468882684,11.29511791139381,270,-3400458.7741770316,1020257.177043274
38,47.12428431792236,11.28691787969234,270,-3680646.036455036,1115556.468767104
38,47.16251635653567,11.309098309334836,270,-3839961.1516106515,1169927.498434567
38,47.18832043774676,11.314690341546154,270,-4002605.8674212815,1225480.2799781263
38,47.16035955097399,11.26557960353733,134,-4133828.399299546,1270122.7553149408
38,47.196407659596225,11.27243375336006,134,-4370548.16340297,1351012.9150873772
38,47.28686682402838,11.319388227591421,134,-4674614.256032601,1455766.7643867312
38,47.32145617472425,11.33410046763053,134,-4790016.073841267,1495850.6394002193
38,47.369154554943464,11.33723688193741,263,-5052302.3510366175,1586503.0837404982
38,47.41226717053505,11.34314890651211,263,-5245534.716137869,1653721.0030770195
38,47.303705150006635,11.225788372452982,324,-5515324.501288803,1744365.1211139718
38,47.24874486015636,11.15734759691611,324,-5710914.036032462,1812774.973628474
38,47.44387121512486,11.277539973987798,325,-5908223.781712621,1881665.6149675646
38,47.422291623671676,11.238895484863724,325,-6109811.02678651,1950666.9575359672
38,47.399457987564794,11.198005266709691,325,-6329719.680272297,2026461.3372953164
38,47.38563862076502,11.162677693054778,350,-6558633.556533452,2105923.1835131133
38,47.621402898432876,11.257230398138656,350,-6768743.7505461555,2184414.256435211
38,47.41504318969284,11.131977170654254,350,-6990203.979203632,2256381.258258432
38,47.590576183714404,11.185873066805534,350,-7249467.497202843,2349953.231614023
38,47.44216600444868,11.094971361542266,330,-7459696.99929637,2420681.167659287
38,47.45653614093006,11.078621078405899,330,-7675634.653680693,2496471.237993842
38,47.534291086323044,11.084686074604061,342,-7931494.100905369,2586983.7685711132
38,47.51880045675902,11.050178373572228,342,-8186529.57417874,2676532.790273849
38,47.99742402139078,11.083942891873583,183,-8377909.699328485,2767423.88644332
38,47.8942292135776,11.06019541910373,183,-8628399.257777447,2848143.5226350697
38,47.51648582735804,10.973268072967473,183,-8884583.615934748,2923553.3871153607
38,47.30318764844124,10.848123113709866,157,-9144139.19120186,3024631.6210607723
38,47.372484811644455,10.86442394920543,157,-9354049.574649569,3095106.569384215
38,47.611983063478405,10.920761343467468,157,-9598147.59976798,3178759.1113267676
38,47.54998864949913,10.873118480896345,398,-9900753.956621973,3286579.94865101
38,47.65776683538205,10.86671579331593,398,-10123649.471060373,3368302.6209898754
38,47.43515521945691,10.787377266689333,398,-10377084.152291087,3461141.393870463
38,47.567245462681804,10.79520593631957,416,-10632118.586826561,3550614.515752687
38,47.92382777587866,10.725577918261491,416,-10904646.25187282,3668256.255885216
38,47.568025193940485,10.732991644875646,416,-11170824.065995088,3746911.165766616
38,47.77893773798333,10.686103168474443,416,-11466224.63742597,3862556.0958994823
38,47.678530366810854,10.658747555132194,416,-11775099.76635663,3971338.247316238
38,47.54887720056029,10.623424034128377,416,-12046691.953172017,4070524.455178833
38,47.91279799054065,10.451308530941018,204,-12356749.230897186,4215352.196994672
38,47.573422527231585,10.542997495702771,204,-12636121.923622878,4292172.886248627
38,47.74509616505369,10.446947048860226,204,-12925958.704860192,4413210.908853579
38,47.43966086091429,10.439003482342828,204,-13252993.494396158,4535618.4439459285
38,47.519120565306984,10.385503356938806,204,-13566362.047737505,4655929.022768067
38,47.519070579826455,10.31166663227174,204,-13867215.954975702,4781506.111725315
39,45.363058587081426,8.74923368559305,4,16137256.970119918,-5028664.818137965
39,45.3151079991918,8.556617936757819,4,15510411.701679712,-4833940.4449445475
39,45.19482263588912,8.55395172286673,4,14997794.347568005,-4671804.938625067
39,45.07836052594058,8.596605985379368,4,14498687.705258265,-4510583.0798717085
39,45.086076961373564,8.42830204699245,4,14009387.75309579,-4361657.703246412
39,45.519435825542885,9.377395303890088,4,13620061.127246529,-4230727.463658742
39,45.033936016543436,8.292680588898191,4,13162706.30691075,-4097262.8164628414
39,45.53655994488976,9.446182261804639,4,12769842.068287296,-3963528.09669648
39,45.10534996654819,8.06498699629045,57,12287636.640052546,-3825305.184081478
39,45.05267057287149,8.030053534466125,57,11879912.275272371,-3697321.5458573364
39,45.0804714381906,7.948241025805555,57,11511600.977300823,-3581998.8640049873
39,44.95156190555163,7.972696871644515,57,11137936.70333897,-3464090.3271426875
39,45.03772200112267,7.859960479254761,57,10836973.404624198,-3370370.4919090173
39,44.923124891118576,7.863338992049057,57,10419972.344255073,-3239112.3862330313
39,44.98930641109919,7.759978934654323,57,10084546.47435094,-3134262.178428257
39,44.89668149284547,7.7616477975935325,57,9758191.81955564,-3031603.8869591313
39,44.82825459397657,7.767116439432361,45,9519994.019820202,-2956425.1427032417
39,44.81490533555515,7.710703889994332,45,9172801.508335127,-2847592.9359074743
39,44.649633444332714,7.785191915208461,72,8845357.939500386,-2742903.382652796
39,44.6376342819553,7.7326305794267896,72,8551423.886303606,-2650998.6026540142
39,44.85488897147491,7.511972012289501,71,8271255.490614592,-2565006.375897478
39,44.937606796609394,7.411440779871942,71,7977440.6278687045,-2472484.8281297465
39,44.81114368508911,7.425810336884382,71,7695721.356102456,-2384270.154135231
39,44.801514541197285,7.4068445639067075,71,7572495.251945146,-2345570.2345566074
39,44.77027628637341,7.345317012146733,71,7181623.283652556,-2222808.032162254
39,44.75524719803158,7.315715390158872,71,6998494.757416181,-2165289.1272049597
39,44.71282850054535,7.290461490782316,23,6762495.226324769,-2091170.1255730311
39,44.66836939917006,7.241125897577816,23,6418806.345401634,-1983221.1282022265
39,43.93542908289641,8.149030830591073,85,6211600.231828643,-1903830.6051568002
39,43.90789292025119,8.111724484312388,85,6008955.771402957,-1841399.530206285
39,44.521332852503384,7.165323803692289,85,5703749.707541836,-1758615.6290356393
39,43.834455386755934,8.012230372161572,85,5485557.955546323,-1680132.7016822353
39,43.8048343183492,7.972099368820115,85,5282124.26809047,-1617452.8776849692
39,43.772793834612166,7.9286905105623005,85,5067397.229817035,-1551298.1678483102
39,45.74867163675865,9.88156898027141,18,4796489.5646405,-1482271.8935431251
39,44.2577362794441,7.056440257410931,18,4622535.653194693,-1419173.2546366288
39,46.11303075930255,10.910429421885077,18,4086570.3878475563,-1462948.055670439
39,46.18869577700778,10.851042185894775,48,3839302.730352084,-1384968.0364212084
39,46.276649720785265,10.990841987760255,48,3635031.4064532076,-1320598.3379183286
39,46.31056429905748,11.044748056313608,48,3502808.961006156,-1273078.825090857
39,46.35228475526649,11.111061302329187,48,3304250.5512753706,-1198078.520932261
39,46.36683860749521,10.96080674226961,99,3103260.159493424,-1152624.763168406
39,46.40407469931463,10.969487449206344,99,2892152.2834948367,-1084784.7133347658
39,46.43316558065802,10.976269294537966,99,2726456.386678201,-1031450.99582866
39,46.475427469517975,10.986121646217766,99,2489007.602780156,-954884.3168262788
39,46.49087727717965,10.989723400483234,99,2404065.5989218447,-927450.0736356557
39,40.67711446021967,10.654724021711864,99,2127089.5801061606,-854106.4593328108
39,46.56970231368967,11.00809957821261,99,1995158.4558233696,-794929.0343045181
39,46.62340020767827,11.020617961803875,99,1746074.4121454232,-713622.675654319
39,35.24506873902362,9.343312238218163,114,1429016.1470398009,-722921.3024959664
39,34.99071881912844,9.286215291775372,114,1351635.2789959959,-699565.7680964238
39,34.883655195545465,9.370616547387089,114,1212991.7999151126,-632141.6400073378
39,35.392636789240456,9.376438590541646,114,1136091.8606934024,-567760.1150152338
39,34.80718352005746,9.245014944058589,114,846765.7911842263,-453404.1611657285
39,34.74466470267834,9.380709974758533,156,747250.6560347417,-401692.75926780375
39,41.890586837896834,12.454789837229425,156,323766.62528954196,-502507.40630774986
39,42.17597850675893,11.798134193428924,156,152235.97486853317,-389118.9649170511
39,42.17980890943342,11.864592818537572,156,118439.66221427465,-349738.68685797416
39,42.08801616693076,11.772172843536287,175,18706.626318637238,-269054.17393263074
39,42.23621921584969,11.976382842042508,175,-136091.0053843583,-121038.8772439991
39,46.885828947580116,10.905108549801389,175,-252086.9168348188,-53805.86921639705
39,46.89111927138408,10.895044022886513,175,-358579.02062285447,-17301.299061160127
39,46.6638896749747,10.786481031235043,168,-518257.7758354991,63727.871274552555
39,46.948738473166664,10.862975607944637,168,-781586.1946674576,128706.77476965424
39,46.956865055176415,10.845325247421652,191,-971036.4083591301,194986.63739087342
39,46.971056117623164,10.839085834564436,191,-1051111.3742588689,223171.0014989476
39,47.003484577559426,10.824827948615075,191,-1222051.3191410524,283941.41284858366
39,47.05378020958831,10.802714367315545,191,-1453779.0145854105,368071.88718046685
39,47.10147336578826,10.781745021777688,191,-1636371.099202831,436528.50775216694
39,47.1491953005454,10.760763023113935,191,-1784120.2184670856,494305.79208833835
39,47.06797283795432,10.760900528188118,181,-1897139.3869798908,527368.6188966463
39,47.04029217266786,10.741846133043186,181,-2137113.7536555314,612351.5488862102
39,46.98244069227612,10.734266753131816,181,-2245224.299803962,650183.7482680221
39,47.00650731814358,10.718589829,181,-2432623.794365869,718471.4372734764
39,46.98545874013922,10.704100729175865,181,-2616188.533563303,785208.7646212543
39,46.972176551400636,10.682302919499305,214,-2891312.4941677796,886068.9138289358
39,46.9875164931349,10.675162487214964,214,-2979125.3904773807,918244.1464155931
39,46.98821028519918,10.662405783268257,214,-3140755.690827797,977776.5019847858
39,46.987253408337196,10.641117179048157,217,-3413048.6486773877,1078462.5021581058
39,46.98942410138216,10.63176168594425,217,-3531598.394986477,1122449.7091642728
39,46.98985265499191,10.61429870296849,184,-3755115.348114394,1205640.777445144
39,47.27080218765778,10.520704030698575,184,-3982006.1690539327,1323914.637661778
39,47.262111743357444,10.517528399089308,184,-4058002.535212071,1350736.7206300055
39,46.9902354786145,10.574501222099867,184,-4263225.527663699,1396008.7413557284
39,46.99012448068742,10.553175458816046,184,-4533007.346205326,1497819.4099683966
39,46.98991000554514,10.537219991916324,184,-4732915.670601941,1573607.9251829302
39,47.161763325806874,10.48085943307327,184,-4913178.596465744,1656992.549665505
39,47.133181249967755,10.471290871315853,95,-5133678.1324674655,1737278.2542541139
39,46.843239913085256,10.485647637818008,95,-5315184.940962033,1808919.6817020243
39,47.07505220397171,10.446394164009531,95,-5611626.267385464,1915042.446146657
39,47.06320023534983,10.44131795832395,95,-5702934.564587973,1949481.937495723
39,46.581716404854426,10.235098128027989,95,-6005546.658996078,2208413.0358202774
39,46.985852815811434,10.408190009427667,95,-6233035.315374722,2153871.4922964172
39,46.955794644585374,10.39531607560757,95,-6402745.474942061,2221739.302269228
39,46.90811217890382,10.374893645282494,95,-6622353.66726812,2313160.900425662
39,46.80505531597991,10.33075432546123,95,-6854500.310530396,2429387.373781201
39,46.76220213414164,10.281706639387261,95,-7061267.44756376,2534164.406095143
39,46.93264765998619,10.281517217412382,95,-7402605.75593089,2633228.1709235096
39,46.87834657250128,10.249110058927508,95,-7584370.574516521,2721276.6994235674
39,46.96840833627079,10.177578304586863,95,-7923852.362603149,2869352.1426892607
40,45.762204972640774,9.387716702874654,14,9296533.70168619,-2892692.529076827
40,45.64841922840772,9.252123654042572,14,8974630.79534582,-2800595.850723312
40,45.74366405482836,9.514500656272071,14,8602977.451070685,-2677772.5220908783
40,45.6293810660694,9.102713436651147,3,8409684.938185928,-2625917.7589534796
40,45.597404044293796,9.067415154567541,3,8015755.191448905,-2503619.4289836283
40,45.57578573123882,9.04355147777671,3,7725428.76023834,-2413191.4287012382
40,45.47019614828682,9.209718435852407,3,7629653.70594739,-2375037.827976416
40,45.53657140184283,9.00026419259885,3,7156502.786906785,-2235528.0598825742
40,46.4921567571506,8.902360351343262,31,7318675.121394122,-2139170.3689106554
40,45.92342796263555,8.606086511453162,31,6738437.80154101,-2086639.032007788
40,45.90958589398506,8.598875617841559,31,6633754.58987243,-2055799.763736945
40,45.85911391428667,8.572582721515024,31,6225480.402916073,-1934431.643216313
40,45.836518900465485,8.56081206461892,31,6030444.894350952,-1875961.350497925
40,45.63688853915029,8.70155278663608,56,5763798.081349012,-1802751.945467393
40,45.39847857689212,8.942304526311831,56,5567105.632098873,-1734015.9971228165
40,45.7637692227477,8.522913814036064,56,5360368.549143768,-1673335.4039590003
40,47.96158265260896,10.284711340748572,56,4525390.914811513,-1689898.788631121
40,47.777541155531765,10.29944719371879,56,4334898.05720354,-1639223.029310095
40,47.73472832361003,10.178359276860078,69,4203518.402056508,-1581285.5556017691
40,47.658084042047065,10.302000315490108,69,4018535.161652965,-1530850.5742421935
40,47.61024127200104,10.379179325571496,69,3858237.0780117665,-1480946.4556526518
40,47.57593273344195,10.43452518118943,69,3718212.530605474,-1434776.390129805
40,47.66884958846357,10.61774829884112,88,3593804.6752098543,-1382295.0276875359
40,47.5652861261455,10.596573468537764,88,3456908.5956919924,-1343555.1909871527
40,47.49248264978299,10.581687897671703,88,3256229.689685125,-1273446.0181808234
40,47.54332522692628,10.672298313886325,103,3181642.586847745,-1242603.8091764199
40,47.47087697558706,10.65577023873023,103,3023966.589240737,-1189066.6901553997
40,47.42531170034231,10.645375145959429,103,2876244.823775293,-1135232.3827856162
40,47.41692300837981,10.692579078099467,103,2735601.501478329,-1083594.9931540384
40,47.38165555488147,10.635415594971457,103,2697840.691252568,-1068471.6869181555
40,47.34019686796349,10.6259573640192,103,2494452.8815535754,-991219.839285659
40,47.3334939116762,10.701845091935674,103,2354273.696856358,-940253.6052243767
40,47.37103194270965,10.798261392372108,103,2245497.1225977736,-901883.1292341888
40,47.2790357444004,10.61200429229979,103,2134479.5924840854,-853153.1106034232
40,47.43678808122808,10.889004615436617,5,2004667.6421302173,-806250.7317880318
40,47.458546518908776,10.913438213636589,5,1899263.4962390368,-762380.5640511926
40,35.065182350055196,9.404090066707656,134,1555397.7685692266,-794020.312091632
40,35.007989368667516,9.35981365943062,134,1468713.8250812702,-755220.662376443
40,35.03747174538508,9.580841121152393,134,1406700.1399791322,-713338.1002698662
40,35.02994276239762,9.628864457264111,134,1287180.9519475254,-651700.5688293412
40,34.902826243268045,9.288396724667113,134,1176121.586768593,-615203.527214716
40,34.87297031479342,9.272979766116691,134,1076773.8557452569,-566707.3643709267
40,34.852720752736246,9.26405538058379,134,1007925.4674900237,-532929.4999444409
40,34.83898723489485,9.258753856994046,134,960921.3702398095,-509797.9418952042
40,34.80759892846297,9.24886067448664,179,853172.6698022906,-456575.05923244124
40,34.785933059787055,9.239889045983668,179,773959.1637819257,-417282.0511492349
40,41.8968918333515,12.44600810723908,179,322944.46954572597,-502753.44204269204
40,41.95257083061314,12.433089361142235,179,275559.1006230522,-461249.0336769436
40,42.19808062889004,11.797909527812433,179,183440.08616268798,-407083.37719692616
40,42.2317719991046,11.870963301060009,208,137949.56307101448,-350951.09453114547
40,42.13142375743209,11.726514810160923,208,57057.96784889234,-303745.80319737876
40,42.068252118863505,11.826964551665275,208,34236.61082739323,-244882.9443082202
40,42.09497096741989,11.674042037160008,208,-35364.067396129474,-204183.57201922705
40,42.06154929687154,11.625932475960218,208,-96889.84358963296,-122216.84488060948
40,41.99273787201928,11.70671730590618,208,-138597.63359476818,-90394.5771000427
40,40.80551391224063,12.212099835629145,208,-248894.41190897135,-12442.87497169949
40,42.37276126734274,12.176327265151423,208,-397373.38944262837,9459.475958228835
40,42.353283657398826,12.045875939036543,208,-356259.56907621876,68279.97307153452
40,42.46815862607629,12.237243483714884,246,-517269.83887299994,93682.9128863778
40,43.21639382937767,12.034101016438223,246,-655496.0565866742,183865.89438093826
40,43.20202199408152,12.032665608432223,246,-733660.9587840134,206925.91678963843
40,43.18467839074776,12.030933390760287,246,-824418.8238266994,233773.90971653222
40,43.01122113401523,11.879797672886248,246,-934959.0141215496,228183.59848719416
40,43.14037448183651,12.026508473257557,246,-1033762.3037653031,296301.60024214385
40,43.13258790618197,12.05632632515921,257,-1148540.2058268648,342917.49259737943
40,43.10555198481101,12.051367246348017,257,-1252572.2655742003,374972.48657472315
40,43.08798861892061,12.048145676258164,257,-1309526.9517346737,392897.24786754826
40,43.0229582345379,12.03621744208219,257,-1436559.9664061952,436795.92725638376
40,46.90179759294483,10.44482689625261,257,-1497600.1063479465,520375.8407298797
40,43.01734845100192,12.080377765724098,257,-1612518.6760443903,517050.44262292737
40,46.89799555875441,10.403261923691568,82,-1718121.8915932092,603421.0881918869
40,43.00600020914115,12.127950964785617,82,-1823837.6781939773,615994.7360599311
40,46.86897316174047,10.405674478712113,82,-1950928.2725911762,689825.8490918201
40,46.85106063558743,10.407163499583834,82,-2085298.094814413,739586.5642215
40,46.8368791795718,10.408342366473866,82,-2186046.0712236115,776836.7855096965
40,46.59232289950791,10.503116604239459,82,-2248612.6508151134,792036.2832063746
40,46.80905920857017,10.410654967003696,82,-2367759.3898332533,843876.4045667023
40,46.67673346222012,10.474597285194077,103,-2524697.320121775,896545.2133249821
40,46.6498329961634,10.46846031271371,103,-2584421.926230856,918213.6111673333
40,46.7236763484696,10.425620653916933,111,-2723256.243212616,973416.7240041784
40,46.706940680288135,10.419394278907053,111,-2815022.3787996317,1007667.9433748863
40,46.718062528268625,10.381036468697623,108,-2996093.4271535506,1079130.2804823292
40,46.70167027012015,10.373955211179528,108,-3090584.744119815,1115269.0687799982
40,46.60692244799161,10.382739357326374,108,-3152052.085127402,1138538.5076362195
40,46.64097604698843,10.347736039911998,108,-3355355.4118059943,1219674.6924294517
40,46.66080666659497,10.332460430323028,286,-3405200.853944057,1240882.2679723613
40,46.71073051143873,10.263377969751208,286,-3515944.6707231514,1298553.1211278918
40,46.585679393429274,10.27427181834868,286,-3685478.2340769027,1366414.1887797553
40,46.61863235795019,10.247512434705598,307,-3769392.1042269864,1404343.3760676526
40,47.55251196988182,11.729865473349335,307,-3810254.030301419,1742597.6067820871
40,47.6741603138557,11.700945953875157,307,-3990925.1792282066,1823958.0931756173
40,47.696452461266475,11.71593818707972,307,-4105387.237140049,1878306.1243743007
40,47.72436276885978,11.734708825571357,307,-4240335.857017354,1942551.242429342
40,47.71340996707826,11.7728125300811,313,-4385632.106727468,2011159.0797991974
40,47.77154484375893,11.80430173103703,313,-4598914.161923409,2113126.214406304
40,47.81141503812417,11.82589772700715,313,-4724622.058432188,2173720.2941811387
40,47.87056391824214,11.857936170686735,313,-4881160.043486723,2249932.3099167864
40,47.955732399914545,11.904068330719094,313,-5046635.752236559,2332137.338463791
40,48.11783787090246,11.991873999939546,313,-5186048.030602898,2407282.5345640406
40,47.815995883641286,12.098368955930097,313,-5362627.782522853,2488136.7896448765
41,45.90108059730193,9.06825309966555,11,10010180.801119667,-3124126.798545197
41,45.75261481697677,9.160281316466671,11,9659888.180210307,-3025614.8813934135
41,45.83165751545753,9.008361714494814,11,9498502.926039957,-2973427.397874479
41,45.719227990154536,9.06904251827734,11,9149748.776782388,-2869514.672754304
41,45.64018005348604,9.14273853701541,11,8893444.63470005,-2788341.854185557
41,46.102092728898846,8.720117005568191,8,8809769.074525641,-2742325.6830196558
41,46.08839879193289,8.694149104833501,8,8624758.152117237,-2687521.554828792
41,46.05820693910193,8.636896100145421,8,8183375.625423113,-2555589.6694896882
41,45.70515918924208,8.880091166315388,20,7958151.244306107,-2500781.7520542243
41,45.64318744346082,8.919627571968272,20,7745239.445340735,-2433910.8619515053
41,45.66436651314044,8.864039543983445,0,7532482.717591378,-2368362.165801215
41,45.709516497806796,8.78719981497729,0,7330434.787741954,-2305987.8786349823
41,45.99565401449107,8.513519667673924,0,7136361.832723367,-2238570.5397915873
41,45.628398040472526,8.833009494706957,0,7014253.504368148,-2206656.955777489
41,45.6156280471389,8.82199280444987,0,6825001.36831906,-2147492.4462293857
41,45.60582329660264,8.813534233103436,0,6678105.404423088,-2101534.6597185307
41,45.593145325642105,8.802596930670182,0,6486336.077216806,-2041496.2908021454
41,45.89261011105775,8.462683423689606,16,6269908.495284088,-1975110.713466829
41,45.87471205918669,8.453853500701006,16,6107280.659477084,-1925285.133079375
41,45.86175856008006,8.447462950468587,16,5987745.341147561,-1888602.3402932074
41,45.76412096326652,8.511385537326595,16,5754154.819303957,-1817114.445238215
41,45.820217234902515,8.42696872546551,16,5595322.322172382,-1767858.3609439884
41,45.8040112413261,8.418973571788205,16,5439023.750574507,-1719645.1364980417
41,45.79723788188026,8.415631965522238,16,5373248.9822467435,-1699336.7671421864
41,46.421808867379184,7.920960339516318,15,5208787.406393642,-1637757.00908751
41,45.665560117752854,8.51380187871523,15,5019763.561133474,-1588605.7269083376
41,45.65551130874488,8.508476430435167,15,4904352.489124905,-1552621.2573227843
41,48.90805840974827,12.36505845926565,65,3855304.60321996,-1715133.91522544
41,48.7133155691556,12.482330254283495,65,3733904.970211592,-1675374.3947722595
41,48.6298067569441,12.514084487129908,65,3641715.3604796836,-1639968.4393529017
41,48.60332706677842,12.548564006784185,65,3580447.1118400176,-1615687.290509739
41,48.540354186354485,12.58648551754311,65,3465314.1389860907,-1569276.040606404
41,48.4157976111816,12.418557154720038,77,3405663.0593437525,-1540470.0935923527
41,48.484808580963275,12.693891048255454,77,3262714.370390159,-1485507.4184261067
41,48.49810505770641,12.74694016093382,77,3216692.90037388,-1465657.439562215
41,48.29806113529142,12.434316825296946,59,3110252.421530662,-1416250.5770807143
41,48.25880418117669,12.269574010980737,59,3059741.7911743885,-1384095.540556818
41,48.395270384369276,12.842257931065165,59,2931249.8287339373,-1344452.1081136183
41,48.260437560792994,12.625174625856722,79,2867617.141069248,-1318167.1005235985
41,48.24935727718949,12.657913641528811,79,2809894.1080348575,-1293754.6475022219
41,48.225791632225246,12.727543269019886,79,2685236.638484951,-1240382.6712690054
41,48.1672553688437,12.63629820082071,8,2591448.4832061897,-1199227.7589513857
41,48.12899683603381,12.563748299011495,8,2511362.5344521883,-1163150.5309885237
41,48.1379550042636,12.736042341899218,122,2430984.079671423,-1130132.6164282071
41,48.107611185004544,12.736042198237115,122,2338775.7505381587,-1089901.9781662691
41,48.09694832930594,12.795157332611678,122,2265476.9944410278,-1057640.066899255
41,48.08139451041251,12.817579629966383,122,2203221.919595202,-1030173.6795610364
41,48.03711968378456,12.730135253141531,144,2114721.987370295,-991669.8595871478
41,48.01514611994089,12.726554144147261,144,2041802.6195448178,-959565.5673774526
41,47.99053380007275,12.763520491301128,144,1942100.6255214051,-915475.6815031786
41,47.97521122355484,12.769770681726461,144,1887300.4450701233,-891199.6088575365
41,47.971599597202,12.872692116617944,152,1832289.1878929785,-865779.4512179119
41,47.945557239575685,12.839752355132775,152,1761660.365436809,-834829.2113533114
41,47.92089556377511,12.808558953584736,152,1688103.76437397,-802439.27539677
41,47.888879791182795,12.768063698581836,152,1582706.379288472,-755809.1209956607
41,47.87663640823989,12.683769344032985,152,1541163.9467312216,-737608.8270496898
41,47.855526807726115,12.725877068029936,152,1460786.1681238604,-701614.1868589511
41,47.833002981374065,12.697387732370856,152,1371380.411345836,-661731.2543437079
41,49.4806017359859,10.53561429529806,15,1288270.7604595195,-622342.8018812764
41,49.390283907518096,10.487749625575384,15,1210835.923980954,-593947.0804574986
41,49.286791571151284,10.452290613956706,15,1138252.064782178,-566789.5715552722
41,49.23792576430185,10.407006185123798,15,1054784.5700786475,-534897.4891059786
41,49.161655794276214,10.366586292540388,15,967071.9443438201,-500948.81775328546
41,49.064734691676165,10.31522216384277,15,849794.0166140551,-454822.56046133675
41,49.00414448428899,10.283111889335347,15,775002.7391588581,-424947.70599167736
41,48.954355499842976,10.256725811007676,15,713799.6440561622,-400193.6236580829
41,41.82316650011638,12.323717909460493,36,441592.5202377539,-433279.99953271187
41,41.83950877692159,12.308516288042304,36,437594.59403533355,-418890.767646613
41,41.97158430233644,12.468610174145953,36,270750.26706645475,-429418.0450871915
41,41.69807859372469,12.44007495197211,36,267225.9948162256,-303240.0866749751
41,42.013969884463656,12.37044515115918,229,173331.40178890876,-325903.1980390062
41,42.04032774140182,12.366327794096417,229,123296.72958570119,-266092.3548867181
41,40.95455612389845,12.444694464082392,229,133216.17254198826,-125370.70340321871
41,40.82314842524647,12.32074928048666,229,-33554.72449553126,-90963.56333792194
41,40.798005037184396,12.297033760912527,229,-85341.11203147839,-71587.0417631451
41,40.74452985753449,12.24659538456537,229,-212669.68486665597,-19063.42374623088
41,40.49701597539163,12.244889152298006,46,-307444.98029950005,50836.329856138735
41,40.901138926298685,11.965237945340496,46,-322233.8744422653,72670.43947222635
41,40.63844703529416,12.147019515064462,46,-511431.83880495443,117717.40816708124
41,40.797501329922,12.036954681170183,46,-513313.15842918836,130470.48599107677
41,44.996434586310315,8.248161653804607,251,-607878.6100767186,186263.36233874987
41,44.97221226234713,8.256501256259336,251,-698888.59874582,216387.8990221873
41,44.87038739345376,8.135021425019955,251,-848134.8250057207,259383.11306396517
41,44.67959583253756,8.065230170355626,251,-908554.7354704383,280318.4904997741
41,44.86521041912277,8.293341356151101,251,-1031477.486361089,327818.5702830519
41,44.81971850535183,8.30900395220634,251,-1137642.4635542394,364146.4073648939
41,44.74839481195849,8.327851396260238,245,-1261095.1814279696,407095.29637786705
41,44.63627157471875,8.366299980345948,245,-1360393.7270382692,445114.4524927385
41,42.59281373515347,12.338486408097864,258,-1459317.5541911058,590509.6217353784
41,42.60562447152479,12.370587823417685,258,-1603854.9626266172,689111.7738079602
41,47.20775620028396,12.128715058885785,263,-1650318.165609435,736664.1142836044
41,47.2281034594607,11.86377939834301,263,-1821256.7030390403,815231.3772065721
41,42.99700417777673,12.156481641022204,268,-1957301.6298333316,682322.6723147737
41,43.0317364737061,12.221268154021448,268,-2115286.2734687333,769700.1282006269
41,43.04806718265475,12.251729995350331,268,-2151964.6949264957,802133.2198138984
41,45.52405572638076,12.001990688858216,268,-2266952.759564119,1013977.5015966641
41,43.01386211036651,12.318394395496648,268,-2488550.70905765,982447.6009338717
41,42.92569170977934,12.288201805973529,268,-2600610.152313838,1009030.5264954015
41,42.98687931632245,12.460224525332839,268,-2776193.527332906,1259088.9213076108
41,42.82481284885469,12.384228375473622,268,-2796390.350596628,1183010.8347084683
42,45.66110639874767,9.35886338407943,16,7416733.902965203,-2310727.262486201
42,45.618456070578404,9.320317273804456,16,7181489.467936993,-2236865.941467366
42,45.778885106011735,9.618040182654893,16,6969553.06882007,-2166561.5908245617
42,45.73040812244754,9.200855316863938,16,6776758.338920852,-2107115.0018492914
42,45.59422365820337,9.211429323601697,16,6542102.607558589,-2036907.009215681
42,45.6775237043673,9.159856248563415,16,6377189.839229539,-1984440.8398044573
42,45.65634971550595,9.143440944263304,16,6198700.557475829,-1929109.5731675334
42,45.63062652980601,9.123498838711175,16,5970135.343080586,-1857945.4095079862
42,45.64820152771563,9.100164770354475,18,5804574.564485696,-1805668.7996578612
42,45.626980663364456,9.088844434325855,18,5652712.142501534,-1758474.673418806
42,45.696237297438216,9.056452609379614,41,5482029.021146637,-1702521.1614209632
42,45.67349608448729,9.045709279125997,41,5336187.94726386,-1657807.7026482432
42,45.627247057068466,9.035249565701134,41,5139365.156431984,-1597485.1182157854
42,45.62812142000388,9.024273526919448,41,5031299.108809744,-1563573.545467721
42,45.608988782956814,9.009656058198063,41,4841841.408547309,-1504509.4230436443
42,45.612436652682355,8.997694715809784,38,4726968.946867299,-1468441.8959584013
42,45.60036833129136,8.98664845908205,38,4587132.291023739,-1424783.474395387
42,45.59043708889015,8.977558292385703,38,4471533.964886484,-1388665.1076482218
42,45.645115074386375,8.956949568390003,73,4361418.242826134,-1352968.3758019623
42,45.619836985106886,8.94807160567637,73,4220293.2587985,-1309421.4127128078
42,45.59169823311187,8.938188944520382,73,4060879.7137462376,-1259968.623480204
42,45.589406180436015,8.927766529123193,73,3945609.0388331986,-1223879.1393698927
42,45.55190669828949,8.924213688773577,73,3833085.322897163,-1188888.9807009988
42,45.630589995074736,8.899490852718804,74,3712943.4107309515,-1150040.2352611988
42,45.604800259766826,8.892232094401157,74,3591559.792140757,-1112656.694843053
42,45.5890517207477,8.887799523177334,74,3516981.66317306,-1089586.4368889239
42,45.60138278447493,8.873725162627881,76,3385569.9446002976,-1048176.608824865
42,45.5834032399327,8.869091225112777,76,3306555.8117742212,-1023759.1042383383
42,45.56772798086422,8.865051180000076,76,3237570.03042779,-1002366.9028366226
42,45.52952626857619,8.855205305022713,76,3069717.39430672,-950051.5550116254
42,45.566926685998624,8.845835109537164,79,3032093.953757481,-938045.8338622467
42,45.5226584447623,8.835842348520709,79,2858083.275198494,-883877.351740963
42,45.972493429042125,10.636226070463051,112,2491858.8371373587,-926284.8538103136
42,47.06999149564391,12.66939359802796,112,2186674.0647696797,-961179.9383145698
42,47.143564648550196,12.656805938370939,112,2118296.197794428,-936972.3804085732
42,47.205446799795844,12.579799194860453,112,2030097.8565735063,-903230.536015973
42,47.24943679190569,12.608563696027142,124,1977482.5564694896,-883336.0560998487
42,47.28503515400746,12.560899524240766,124,1909297.7500748418,-856365.8489289442
42,47.326683153531626,12.505135233788197,124,1811862.461326727,-817020.5583726612
42,47.33011430127967,12.500541123103565,124,1803006.1430141076,-813410.3538245468
42,35.10894456605656,9.42322824738219,144,1573420.7120801893,-799848.0331884215
42,35.02097112948556,9.376045571030618,144,1499080.8018787624,-769176.8742921706
42,34.989427446617825,9.348418802063275,151,1430077.1306062199,-737106.9855975191
42,34.960246434147024,9.401616986976792,151,1417737.8899620364,-730497.7038110205
42,34.938352357781255,9.33173475497261,178,1314688.8616539813,-682132.5861495048
42,34.93072781681259,9.309657476132289,178,1270959.1350021185,-661112.2331372581
42,34.912775231228885,9.299296666313513,178,1215483.9495239728,-634270.6072232586
42,34.863520166536915,9.339376532560083,178,1128895.1373245558,-591683.8713623828
42,34.87138684188819,9.278740760783712,187,1080586.075378408,-568529.8976157369
42,34.860752434485356,9.27425083170931,187,1044880.0107474044,-551036.8612597134
42,34.832258198691946,9.294476811696509,187,986593.2849016215,-522308.4390959647
42,34.8045882133115,9.305604626594645,187,910477.2240565044,-484633.5716156019
42,34.797953137376794,9.267564007190362,197,846504.5488580834,-453262.0435516363
42,34.78449417093209,9.267905955197255,197,803348.1752366108,-431870.9185966294
42,34.768139003463276,9.268321486132805,197,749727.0170741243,-405240.8540680939
42,34.74135585618689,9.269001957688111,197,659582.7060457218,-360350.8317707606
42,41.90021315297279,12.447014939954034,212,333418.69281273393,-497041.7944314283
42,41.93865635514177,12.467008193687075,212,301513.56718145736,-468374.29683459736
42,41.96708383817736,12.424945535297061,226,266827.3878275145,-437436.22533063474
42,42.00816931413141,12.469594858164749,226,241105.54861361755,-368561.1873951106
42,42.01002859171967,12.393022929068637,251,192702.64328858635,-350592.20091420464
42,42.053596320159016,12.424619613949035,251,153553.28651128555,-267671.1397280746
42,42.03580897057699,12.31603184583868,251,102780.46270685158,-220404.94402065134
42,42.04553062543652,12.308865092019971,251,77335.64496322568,-190962.5669945478
42,42.22940399998742,11.943660766293346,251,-9771.559405445516,-185462.66755526964
42,42.107127488494804,12.371246996873996,251,22426.319663915074,-108360.12154284696
42,41.49036968522836,9.38494579332687,268,-85573.05302522777,-61909.896572342564
42,41.50644526451319,9.304220841322197,268,-145788.36002427008,-41220.10416322963
42,41.53292718726016,9.17123950952297,268,-222048.36491921896,-13296.298519992715
42,42.37735901507604,12.243672728403688,279,-343969.2235560818,6357.414830797542
42,42.37306718788547,12.214159399639763,279,-371338.5476482462,4074.324498295242
42,41.90810755483488,9.131048797499783,266,-419238.11244920705,78974.76869805931
42,42.021046626068475,9.075498042616788,266,-459611.70525455626,104479.14815121028
42,42.47330077764288,12.24850534766605,266,-558673.7237703092,116405.78440270643
42,45.79538114111807,7.219035711185967,266,-603272.497016563,168837.91066437264
42,45.83865611577261,7.197750273973279,266,-675044.0292006036,192591.84294117577
42,43.194280461411154,12.027487808631468,266,-758349.7417451461,218028.24053462656
42,47.239107732774606,6.508917404605466,266,-851511.5785602456,263228.49751250824
42,46.017929770013474,7.109571871982393,266,-914564.7709143595,272532.3059948038
42,46.90927686099835,6.671149603885651,266,-1024020.0491418886,317680.42833010445
42,46.22698284703062,7.006746019847521,266,-1079175.2405374784,328763.57860498404
42,43.100913388974206,12.019509863758032,173,-1165831.0233529764,343578.2146454749
42,43.071197916190876,12.016970763006922,173,-1253578.9929408326,372436.5110288312
42,43.02917671104891,12.013380173204887,173,-1333596.1919067833,401759.03064134787
42,45.56025964011021,8.020036977854799,294,-1420122.2054739916,437376.1916102384
42,45.58952576147494,8.012149743495758,294,-1498422.5555697766,462920.8620950685
42,45.772007237071236,7.71719668239015,294,-1609779.945085001,495707.7737920307
42,45.79085490085622,7.72349646959977,294,-1670138.91907391,515762.5978112033
42,45.70932580100434,7.979863572868121,294,-1788260.197302496,558320.1696634138
42,45.755477343453,7.967425709073756,294,-1884197.8363036907,590286.2291640684
42,45.7795783707406,7.960930470154258,294,-1930447.3543810518,605792.5027122062
42,45.98178952001709,7.703156976611999,263,-2028337.8520201144,636594.6309154339
42,46.09182789364902,7.729200891631496,263,-2197240.2469418882,695783.268726457
42,46.124260834064344,7.7368771296212975,263,-2231201.0475278343,708243.3308994299
42,46.15925715614698,7.85539637385603,297,-2305236.962494179,738511.3745305411
42,42.95162177733996,12.243970198672079,297,-2400411.9039390506,900170.4773865456
42,42.916661096904896,12.269189732783046,297,-2530789.889688045,970978.6979844627
42,42.93416516253188,12.311127028575616,297,-2669579.0777446455,1051632.955765985
42,42.923342283558306,12.33563550283024,297,-2753027.8101214697,1106171.4324400818
42,42.91129460448168,12.362917544253632,297,-2828255.941325944,1163289.0669235962
43,45.71375543856404,9.330322140967628,11,7436600.865030319,-2316269.5407901346
43,45.8100984085539,9.26575001354094,11,7232911.899109961,-2243002.068096869
43,45.63235844517368,9.270962204018712,11,7001327.7512258645,-2182005.5134796193
43,45.709209394524095,9.634468274578946,11,6799444.700381198,-2117258.874345601
43,45.70545964664476,9.183554799653573,11,6608947.454808965,-2056575.0249627894
43,45.701013609555154,9.159685929358249,11,6416284.042001476,-1996292.6378495246
43,45.65895532975135,9.147025007022243,11,6230702.287431646,-1939886.2463182248
43,45.63390562626609,9.137751351314217,11,6095653.818979835,-1898154.8922958074
43,45.44574206984498,9.19906826305343,11,5903022.006759684,-1830716.8546528302
43,45.605863928596904,9.105320967392462,11,5745684.265323257,-1788781.6260250898
43,45.58870413954409,9.09184171261417,11,5579753.9385680845,-1736846.964122626
43,45.58447463288714,9.075247090281662,72,5417083.988399883,-1685886.2528832834
43,45.72602768665936,9.037410476261588,72,5332533.341957746,-1654195.0221816278
43,45.6997424635235,9.028473565035904,72,5203626.716883816,-1615416.6671927755
43,45.6661135442718,9.017039815190426,72,5029754.066357788,-1562534.9036676947
43,45.6628089415457,9.00336238426222,82,4882254.346795265,-1516366.8071797548
43,45.8117474007038,8.977498363504608,82,4781492.36832316,-1473586.9846810137
43,45.78499943202532,8.969462492322025,82,4676626.511890429,-1443367.7217023363
43,45.745036650752915,8.957456505390343,82,4508013.336140779,-1393883.0328299883
43,45.62171149911477,8.961846795392283,82,4368395.745527142,-1356514.989731801
43,45.60860369277926,8.954048128858588,82,4260225.396446549,-1322906.9662754112
43,45.682122497074985,8.938555255706888,82,4219346.256671939,-1307334.8022765126
43,45.58830604102551,8.936390518306627,45,4032976.2807963844,-1252034.371355269
43,45.54796015726403,8.941680705188583,45,4004127.63488538,-1243312.03706462
43,45.56911279619082,8.919018589164208,45,3811190.173957411,-1182771.4366305887
43,45.56382358511683,8.914231290258368,45,3750248.5714239003,-1163727.6223959657
43,45.537063457742214,8.905700836957505,84,3607553.9227293897,-1119156.1849301802
43,45.77299317131348,9.909106795655138,84,3497241.6583889397,-1088339.667647011
43,45.641368401851565,8.877159764980794,84,3482729.2456100183,-1078016.0238403284
43,45.61503216090866,8.869227589652152,84,3356432.3873565453,-1039300.4175531012
43,45.64360769238463,8.859415921209902,84,3290535.0418949593,-1017644.7477864455
43,45.774400761628364,8.837939685840182,84,3193795.897500881,-979289.5606523865
43,45.71778809823974,8.833376766115547,84,3089782.3152785334,-950814.0375018163
43,45.53780226652855,8.845966826502092,84,2985727.773304792,-924520.7825622315
43,45.51504611107515,8.839112932081337,84,2877842.0618223427,-890837.7250550686
43,47.017291696122626,12.651344290036363,156,2312845.861265279,-994855.7937238419
43,47.083197031331636,12.65341643539189,156,2252835.4924842743,-976507.3546741424
43,47.11523221907264,12.61068766495039,156,2207734.282249063,-961104.6679680978
43,47.18615407382211,12.614075775872413,169,2117285.1958647254,-929443.1478190663
43,47.23185363632067,12.555425608627447,169,2025005.971802607,-895067.346964775
43,47.258963589479656,12.520633081087876,169,1959591.0457831312,-869899.4781378097
43,47.30510596958869,12.553369071672368,169,1904179.975296173,-849323.3544230439
43,47.29983335679994,12.46818140414518,169,1846326.8807460892,-825328.7130025396
43,47.32794038279895,12.432109247532031,169,1758692.6635572065,-790210.2380885935
43,47.34001853087078,12.416608324422663,169,1718745.2371498581,-774053.980710098
43,35.05113442063757,9.39334711648069,207,1540445.7417771143,-787702.7139420646
43,35.021180058266935,9.370198734794021,207,1494690.508479833,-767202.2110222704
43,35.000483812545944,9.354436819324755,207,1452978.9432906609,-747886.3141738205
43,34.941181516169685,9.440386458104792,207,1386724.9857812617,-714274.0451337887
43,34.9471866601961,9.316371663266489,215,1315037.9618744284,-682383.9341018888
43,34.91193285813501,9.355470740462238,215,1276459.3783140962,-663386.2774323659
43,34.91581863145507,9.296643003522128,215,1219082.324585362,-636063.2475041915
43,47.52878259812505,12.288320948538473,180,1226100.8631833093,-571774.8805458617
43,47.54381057916969,12.270749342659256,180,1175423.2339775546,-550059.7480605124
43,34.86472618350506,9.270196284960582,180,1050261.6305239673,-553710.0705271577
43,47.58934551640818,12.217507195992114,180,1024626.8687528596,-484553.546059155
43,34.822366386875025,9.261433529361152,180,915004.7564614384,-487142.94027627696
43,34.82122082226963,9.25391263281127,180,901480.8480024756,-480468.8047611842
43,47.63782367700629,12.16082365818029,180,873737.6402573693,-417352.548021648
43,34.773890769941204,9.242941697959491,265,739415.3813142837,-400114.95903100853
43,41.87596843238522,12.512908498800282,265,554090.8380038913,-454862.9853254108
43,41.855914186823966,12.447567913097368,265,519186.9703400454,-466228.08747727476
43,42.38249336197348,11.677665405427927,265,403022.77312224626,-444592.26760350063
43,42.31561790152986,11.775442885295927,265,363505.08936654124,-394757.3682187733
43,42.32378460566003,11.65961610761375,282,338314.38361066417,-366667.2322946582
43,42.27213730549075,11.78333824970875,282,309821.72458096774,-325774.1410007658
43,42.23621412397052,11.760904265052929,282,281725.7427505651,-281802.5958706838
43,42.00089390570396,12.33311918555354,282,218229.82553287022,-278492.4584788695
43,49.32748469721088,9.145727842250873,299,232866.24883183755,-188976.79231208266
43,49.11715537038233,8.828110013541538,299,174536.57974419364,-155840.06650168702
43,49.23160385331831,8.574445639865935,309,110065.00968849266,-116105.99419085469
43,49.03773855989141,8.404701732827656,309,56819.244289233626,-88603.1517559747
43,48.86307945199407,8.251774311677401,309,-9679.06349559121,-55431.5969748668
43,48.73123880248452,8.136337729096658,309,-75126.75772181677,-24646.67255334504
43,48.629497300841656,8.047255254913045,309,-135990.021138778,2574.0855416783743
43,48.534395808304,7.963986617070962,309,-201510.72122344383,30673.47491550637
43,48.609796069574664,7.684466101122893,328,-280047.04525083164,65846.54831568935
43,37.157083955569384,12.06841494303113,328,-382638.19158568344,83810.66500194104
43,48.308928589065786,7.652147430776529,328,-436298.7460616498,124732.60834067862
43,48.15540036857463,7.635655691827124,328,-535811.1469690771,161839.1689825387
43,45.39108717066303,7.8136222688532095,80,-570381.504327716,157299.92852405636
43,45.42188817010262,7.803555400548329,80,-658177.5840331161,185672.57314873068
43,45.42371773508791,7.870525018346821,80,-793227.5958984272,230272.09000057576
43,45.51485604958861,7.719660531822221,80,-809894.1108884375,234672.6405829105
43,45.4420605828419,7.902512159517709,80,-911368.498953064,269139.9664285969
43,45.44998284283485,7.9163273779715615,80,-960297.6225975747,285285.67867603555
43,45.46398586443983,7.940746521329493,80,-1043151.3558173821,312706.21647819143
43,45.5241238724838,7.876173979873595,80,-1144475.6611275503,344782.2722511802
43,42.650699923954804,12.302700155794463,80,-1205535.9277078877,366532.0567749215
43,45.51903640652764,8.036746307453992,80,-1310682.6729982302,402448.162057613
43,45.56767626177131,8.121566829167843,80,-1442674.5168144358,449130.1091113072
43,45.58934393525916,8.159351961552739,80,-1461450.8372489763,457375.05797240796
43,45.655757073283006,7.902424955670413,357,-1587148.4713740237,490828.99711796036
43,45.67174987312318,7.91621256607073,357,-1646585.7308174435,510774.19023249333
43,45.70748381148398,7.9470192806617534,357,-1765347.4823475787,550996.9892633021
43,45.73782798127525,8.059578026679407,120,-1847354.4217343768,582462.1445637576
43,45.77294926009472,7.977776223406561,120,-1922843.657109088,605112.8985974181
43,45.89284804430319,8.017705409122053,86,-2096256.7235572587,668039.9511419685
43,45.95010765608257,7.821293542321051,86,-2122769.813073251,672129.7842563192
43,46.019406822497984,7.835181057919136,86,-2215202.1924204524,705537.5585436447
44,45.93093685667564,9.587185260405526,0,3893550.563467058,-1174530.0701444063
44,45.914387527703795,9.698881614210961,0,3756978.662773267,-1132922.088209809
44,45.93985873174285,9.45430027491798,11,3617134.453434957,-1095767.7171456225
44,45.96793382644531,9.403838589375994,11,3556359.0709871287,-1078180.9251946076
44,45.809901150170354,9.687883765360636,11,3371838.6490017152,-1022471.9036623285
44,46.05804892121721,9.241867289789699,11,3304699.821636129,-1008106.8455164908
44,46.97203444592372,12.58274321434793,25,2324144.60272764,-994204.1230438752
44,47.09746350447962,12.62553302791673,25,2237828.9809099203,-971926.2320901281
44,47.14208067932235,12.602982822283181,25,2178700.2055292437,-951460.2474409064
44,47.20487443137899,12.610456795078745,25,2095698.2041336442,-921775.238054215
44,47.23412022516199,12.613937750746466,25,2051940.6000144081,-905455.665927433
44,47.271382891816835,12.573900579324555,50,1978245.9366703543,-877697.3948374677
44,47.303515830791234,12.535723182278577,50,1904135.159173335,-849088.3844219962
44,47.35364818656675,12.628164464433564,50,1841354.8408213009,-822876.1708676993
44,47.35055058438757,12.47984082229782,50,1780356.2315133286,-800188.2917646128
44,47.37136014741459,12.456755607864702,44,1721960.203840887,-776769.5024669435
44,47.3872643449898,12.440507205458124,44,1677164.057626421,-758693.9442815413
44,47.39423118707019,12.433389584271017,44,1657179.992091904,-750595.600795475
44,47.48092251894334,12.517558845709512,44,1557615.8692195625,-709825.6102608148
44,47.47893219170931,12.43491574135271,44,1508050.6471265764,-690362.7758231711
44,47.44725411141877,12.37921911716539,44,1499198.1970631443,-685873.0962179478
44,47.468298959443075,12.357718808352756,44,1434376.4930464965,-658971.1579569213
44,47.54127126343411,12.451925594320873,6,1402237.170770445,-645932.6503697796
44,47.58316064244755,12.524747063801575,6,1338949.3775613082,-616795.1034292079
44,47.60543558094461,12.563470334285656,6,1286589.7223489098,-592652.8560517195
44,47.57797085761723,12.344913254536536,6,1242605.7873621613,-578989.4031223378
44,47.400490215961845,12.20718855134221,6,1196677.4992659632,-550457.1562992429
44,47.644034155439094,12.630570992752025,6,1170333.211925629,-539010.2744130989
44,47.381275395308336,12.173785060797568,6,1115107.9571904833,-512644.8948984827
44,47.70767485666478,12.429433927236621,96,1059061.4042877632,-496721.6955268068
44,47.63785311073968,12.257771883357929,96,1046361.7312748727,-493739.4869752164
44,47.620481557697374,12.215062606168173,96,996311.0108881886,-471475.6542050942
44,47.610525087585984,12.190583871262673,96,958429.6104477724,-454495.8629886997
44,47.6338474778311,12.169521667292102,96,899019.9932177335,-427956.0619613648
44,35.17636566790709,7.42349302791053,96,843475.9372212596,-425935.1962174395
44,47.58912161556241,12.13796181627129,96,854028.3285562699,-407456.39042923826
44,41.88594741690485,12.440195208159825,112,511168.50945886376,-471615.1313723769
44,41.91263892258746,12.427563470299472,112,484125.3955177609,-462452.6031946026
44,42.454125239482394,11.66448279683369,43,412908.802051847,-445736.0825995768
44,42.40758516813056,11.651876196671978,43,389277.36987442744,-428457.13175785856
44,35.502288702603195,7.491700963225746,127,604051.0266858883,-330475.32907143526
44,41.75489900051297,12.339858014175158,127,493002.3789320289,-350774.0079039435
44,35.56924332083669,7.368247615027151,127,540403.1390532552,-304372.7099731709
44,41.716459034290516,12.302357698247938,161,468812.66251022054,-295354.6569345145
44,41.99610481472228,12.375232999400247,161,285065.3924818036,-339201.6560149181
44,42.43991642776053,11.569242155373045,161,291869.09611169336,-308168.8131527415
44,42.43827922098894,11.877382044425028,161,298137.77855968184,-269511.1852611262
44,42.58950686006327,11.573386633149667,161,289022.9373185596,-247121.97042784214
44,42.37952245968002,11.885087645116949,161,229128.69994170553,-241287.10159504676
44,42.348189304623155,11.885314312135527,161,201936.33354061836,-223539.03727751414
44,42.32949166057862,11.884485546691874,161,188697.5060518058,-211321.61135223886
44,49.15894261015099,9.605860979724845,159,186281.3050147441,-184489.1720583598
44,49.33702656812039,9.585843601428772,159,152556.1630824928,-165651.46158758766
44,49.36848800252983,9.401213202982072,192,110646.78272140781,-142528.6396883292
44,49.413405018731865,9.363473587931109,192,95174.3102606482,-133490.07854635865
44,49.68327603985747,9.30326642271155,30,46796.90172932904,-101495.92824647552
44,49.70888879501589,9.27035900967757,30,37113.32541920124,-95420.30448452143
44,49.56086846247837,9.01314897592895,30,-4094.313492754105,-73006.61977305236
44,49.90542338843751,9.017850249835542,30,-29307.027150262886,-51610.41222868541
44,44.64322052276924,7.640231403170435,219,-77658.54458833473,-34043.81978149123
44,44.86371819799541,7.648888888305548,219,-113868.50092228352,-17261.98515542296
44,44.487577353843896,7.423750877868364,235,-180285.8572825971,-8416.723330113771
44,44.50547330981265,7.3944218109989714,235,-202032.68817737637,-2502.1275793691625
44,44.51765004065894,7.301343784427676,247,-256328.99270862233,13056.228630654772
44,44.58202227259351,7.269287775779453,247,-298269.7571054145,25936.81415010152
44,44.64336568477812,7.238740055242124,247,-340114.948204429,39635.435287873406
44,44.69583247691173,7.212612703559036,247,-377153.7572248187,52397.56743422551
44,44.72589247909438,7.1976434588867075,247,-398805.37549483083,60114.48095191113
44,44.66002426137766,7.044021637243174,247,-436007.04672263603,71865.19010508682
44,44.84636158692151,7.137652393697673,247,-487591.72968036623,93569.86105903724
44,44.90432904669778,7.108785825985797,247,-530691.0978805401,110791.85689320715
44,44.95134878466283,7.085370991956479,247,-565392.8126173802,125106.58754273858
44,45.01040207690033,7.055963702667591,247,-608221.6046310767,143327.2593356845
44,45.03012134978223,7.0461439222585245,247,-622254.5116379655,149433.17741270267
44,45.088551782394795,7.017046803875992,247,-662788.1545453339,167464.40587439964
44,45.05233692746603,6.6967040761979,289,-696607.4317565714,180339.6675614047
44,45.17531584423933,6.789136724252056,289,-747373.8934264448,204158.5698529171
44,45.247878163865366,6.721014095246522,289,-779217.5590338989,221128.39041727124
44,45.34972168635765,6.625401819686514,289,-809484.5074360233,240070.72169790335
44,42.55942102641141,12.267788184471812,289,-888816.2157269361,255177.093278854
44,42.76946188609641,12.282425574885846,48,-917438.0923356086,276538.6250806562
44,45.69158353523719,6.838785678138587,48,-921010.4917531869,311563.98855026835
44,46.43200089291396,10.405749323042132,48,-982766.4906688278,358451.4700237624
44,42.73950062984699,12.290089208156745,48,-1044303.2378307062,317197.7662420262
44,42.60371171046507,12.278184511833574,48,-1082093.0709371122,321083.17593747564
44,42.6468131011765,12.2792873505784,48,-1162740.4122049687,350614.28072906105
44,42.68494747989314,12.320361622573198,37,-1203102.700468421,370376.6917141333
44,42.654952188742186,12.319128299198082,37,-1222789.2314220723,375657.87229615345
44,45.36905710977592,9.219124475152967,8,-1280342.9556271564,464492.8420714061
44,45.37053782415848,9.204261777822877,8,-1304198.2942047766,468909.67561539554
44,40.5667621827522,11.742070208143048,8,-1339643.835037275,547895.520805846
44,45.342262748083556,9.211965773450647,8,-1395313.3603247122,504492.56146982755
44,45.31130192351089,9.21392944514441,8,-1495341.3821878652,542323.9351930254
44,45.30427862057782,9.187552806041761,1,-1553698.2572892106,556850.763033396
44,45.29804678904188,9.185981288552087,1,-1573093.5207066026,563822.5463642426
44,45.27520658355233,9.20243920431734,21,-1614660.5378283774,584483.7538088848
44,45.25458159069962,9.199509042390263,21,-1668140.5648781373,604589.9181183444
44,45.20327516609336,9.192220015282743,21,-1774627.388771484,645955.8446542463
44,45.196551975278176,9.191264861606044,21,-1785910.2632368677,650499.460099648
44,45.121161122964374,9.18055419582897,21,-1874000.528042139,688659.512356605
45,45.96064948921918,9.617945520911812,2,3996559.90798784,-1204593.8123164691
45,46.0525972085653,9.370273700238895,2,3809789.569866908,-1157651.0811874198
45,46.079801851279036,9.29699484743447,2,3652381.1768252584,-1115956.1256954523
45,46.0551556655448,9.283576266192293,9,3507787.1157950833,-1077028.8591812705
45,46.03496075349383,9.281775978362425,9,3412975.2523225495,-1050681.2203850832
45,46.0194893966449,9.280396774760233,9,3334739.4967609635,-1028556.5552514703
45,46.90991701165005,12.711305348240948,43,2382503.29141583,-1011517.0651530358
45,47.07535604201976,12.666101000411247,43,2270167.3980741827,-982638.9333924752
45,47.144996313840856,12.644122093065901,43,2187446.156755998,-954664.6667129792
45,47.17921068111248,12.578426522271267,43,2121393.9834012515,-930680.861620764
45,47.20162950611911,12.579696159808055,43,2090501.6600966295,-919581.8591961722
45,47.27715966680565,12.618082114304618,43,1983016.8503536812,-879026.6268045782
45,47.30858108421764,12.585753111416029,43,1919703.1291750523,-854978.775815175
45,47.327654838478814,12.586833308722104,43,1885400.02013725,-841505.8753833878
45,47.36494876437435,12.537803837385631,43,1796314.2911957824,-806862.339920771
45,47.39967065849999,12.590911755666337,43,1746275.6226385615,-785620.5595645022
45,47.33624035405601,12.39724990495878,46,1703704.1312375893,-766773.5233765318
45,47.35587738283331,12.37141050600767,46,1631777.5995594806,-737334.5346081184
45,47.429115937281,12.411624026037076,65,1571814.609057179,-716119.6387178274
45,47.470265602479216,12.442218860867452,65,1530608.5802387984,-699778.9607154449
45,47.49378337579596,12.423393946592045,65,1470087.5973113098,-674825.0034877857
45,47.46894679731699,12.36642363870108,65,1445818.8740372942,-664041.1945191491
45,47.49110148260552,12.341282319747796,65,1373806.1255057745,-633928.0307227934
45,47.50370305618812,12.326981950474782,65,1332484.1743089117,-616534.4292908111
45,47.52192312222887,12.318246758371462,64,1291774.0154330528,-599494.54641294
45,47.53905336461764,12.299730108049415,64,1237717.8811386642,-576503.6118735229
45,47.59734310610338,12.324409688341571,64,1187979.7445653442,-555740.2786382138
45,47.60321828003264,12.298517327266131,64,1146699.3711777763,-537867.7912200188
45,47.579465990230645,12.256046753191443,64,1111969.1026566385,-522373.1444964617
45,47.63453702485511,12.263338024064703,64,1057605.7238082765,-498906.70747599745
45,47.60422077014332,12.229288485967933,64,1037309.6601699415,-489747.4694946301
45,34.902336063755286,7.523897309447975,133,990820.7723890888,-472655.39364044275
45,35.01474771077567,7.6520467319096745,133,920307.7979812738,-446905.0460513558
45,35.05109789360113,7.693485987173094,133,889830.538071597,-434716.01535554073
45,35.180599090017594,7.432087686740411,140,847769.6847398953,-426582.6678396449
45,35.253595586360014,7.345045483714433,140,792364.8744690436,-405327.87433873204
45,42.40980372548892,11.725436413847001,154,444005.6276066091,-482983.50769773446
45,42.41453788145792,11.784708847955077,154,430844.6870748806,-455148.59565119183
45,41.93756991714575,12.411116241954756,173,439054.5668447699,-439200.79766154767
45,41.93258278030353,12.373838066340994,173,407739.7815765462,-410885.9989946658
45,41.77114154011542,12.451659979867376,173,457285.3763713107,-388236.1225435465
45,41.954752008243325,12.363151504854802,173,356190.31923319376,-378756.7402894557
45,42.5073946505194,11.613599626983333,185,354865.62136974774,-364192.6923756588
45,42.3906992638713,11.603948067700188,185,316024.6282106628,-347024.75568273466
45,42.368887473892705,11.602144073642695,185,297967.62470166944,-327232.6552372529
45,41.70294197145969,12.464822061418793,185,327361.8379350863,-272324.49249524175
45,42.32872457412581,11.598822309010712,185,259830.49072869658,-280832.9850750766
45,42.330338075460425,11.86337580033745,185,241989.94149882323,-267195.6692179135
45,42.28319902040012,11.595057013798089,185,213643.18396076246,-218856.24279351687
45,42.31868892994905,11.876355656015233,185,200580.65137976993,-223238.81881425664
45,42.26529798292439,11.593576467485251,185,195906.74289290822,-193686.2949371825
45,42.329883950849805,11.903158187796443,232,138010.18111388484,-158857.9043121609
45,42.072390684664846,12.35825086722028,232,85243.5942762165,-174243.7441520842
45,42.063574497997315,12.310694187396804,232,40589.90458066477,-137812.78278207284
45,42.075122809337415,12.326331119085284,232,32093.343145491202,-134315.56221865388
45,41.077968927736904,13.09671790456641,232,51017.53523267127,-71562.36173461076
45,42.09184275167118,12.316100751111856,232,-14069.267380775596,-89069.52572875729
45,39.040028826374034,13.800059949488395,232,-24202.81061514287,-53688.008414889155
45,38.928683478260865,13.814398541712317,232,-59724.57340270376,-44716.37518579824
45,38.902440349229735,13.847545035437514,232,-91280.69040744366,-27923.792381505595
45,36.5162825498282,9.254784345130595,252,-122842.31996773515,-2765.6659814906498
45,36.6050849326576,9.359928578762023,252,-158978.13990709162,23319.440763311497
45,45.77515186216376,10.259978202991089,270,-232260.23525318064,36267.149299113786
45,42.50132128872206,12.169182439562073,270,-245640.9442486529,55870.10690575722
45,42.472340966849906,12.214826341783244,270,-286182.1952910744,60451.792047051655
45,42.452400551437115,12.280158290780943,270,-349736.50733897294,87943.09325829172
45,46.56732474122266,10.508099088513683,277,-339980.9812854486,107463.94380749014
45,46.4547942223695,10.53677492395603,277,-385532.95564246236,115524.82806175007
45,46.527758708494325,10.50508164244854,277,-445305.96539371245,143735.99729230782
45,46.5133432464168,10.503982268153884,277,-475928.5505147519,154300.1151801012
45,46.45405421803645,10.499460676448672,277,-539513.147742644,176389.48262017008
45,45.555918183114684,8.8834249438781,16,-594946.5608106995,177477.29942379563
45,45.55934162756083,9.02510455410668,16,-631777.3489053083,199544.90862572376
45,45.55523467321081,9.018326527441026,16,-655913.6130571738,207019.4218079809
45,45.54278326920267,8.997777005532761,16,-721958.0472041001,227571.9578285682
45,42.800304059884844,12.324655253365233,16,-760205.144277673,228359.7325890215
45,42.54576354071964,12.256267448669167,16,-789075.8376988175,221740.11532819128
45,42.55356154345461,12.262915583120883,16,-847273.5482226575,241172.3614421285
45,45.48391434355349,8.900621032073607,16,-901982.8101494819,285839.8817158087
45,46.40554071273553,10.421652817112564,16,-891241.0369013486,321565.4868783459
45,42.5870981672129,12.265537358839525,294,-994763.9331011717,291113.9941827552
45,42.5982233248087,12.26943173320811,294,-1042929.0347874364,307655.30735644617
45,42.6012676883262,12.288509991354744,294,-1098743.2738905828,327340.5546546091
45,42.61472305858718,12.284328522289549,287,-1124473.2643545384,336011.9978495083
45,42.69447317031283,12.316756423045746,287,-1185877.2941218507,364280.6454708974
45,42.68713168649276,12.31377123714984,287,-1196434.8847568496,366918.577251248
45,45.38513376669196,9.220010686930387,287,-1255921.3433216135,462353.1885254125
45,45.377425468655225,8.949712905117929,287,-1317748.3329443382,439950.7783378237
45,45.36858048779988,9.222371100571193,9,-1321621.8928845446,487162.76546693064
45,45.353002021024814,9.220982348588892,9,-1387726.7476424992,511204.68719147105
45,45.33841346045354,9.219681842402707,9,-1446158.3830844024,532611.7554620006
45,45.321756378681975,9.21819693662452,9,-1508815.404929476,555752.6402588387
45,45.33692318699025,9.135529777906378,9,-1557975.0884892885,552710.2594812243
45,45.29111016160231,9.215464960793145,9,-1613001.5966529918,594746.0181426173
45,45.26939365393535,9.213529029388178,9,-1678353.0911056476,619617.9806358895
45,45.25479976378968,9.195150613619361,9,-1738195.6609397822,638017.3132823454
45,45.242954479229304,9.196039624507362,9,-1765196.3991078513,649144.963199075
45,45.20938568909025,9.208179582530818,9,-1824275.093252206,676913.8750646868
45,45.175554221160084,9.205163655557355,9,-1885568.1923330217,702202.6045867081
45,45.11574281999237,9.19983173148966,9,-1960756.8020561552,735603.2872381643
46,46.130862529216685,9.40816652996853,2,3739236.5991329434,-1136575.4848176034
46,46.05121495138352,9.386693494002369,2,3578168.197073597,-1102500.602619181
46,46.0219277062634,9.378797634706668,2,3474096.445018481,-1074592.1525317973
46,46.2821071438019,9.136307954243138,17,3339097.1671585804,-1030955.4109881809
46,46.01647859269481,9.304419169971636,17,3173563.6049759127,-992174.8560522072
46,46.15739197889066,9.137792941926351,17,3076770.0208474277,-968124.0333103292
46,40.76667388913213,10.506216497299102,25,2340583.045492654,-954447.716705237
46,40.76065954167169,10.51810911135492,25,2336040.8748941435,-953558.0243924921
46,40.711042617426244,10.616220325342846,25,2226424.5190622914,-916132.6253454379
46,40.64423363653029,10.606661136409564,40,2172155.984428204,-896609.0256557192
46,40.60082768440386,10.37840390547307,40,2103559.1040350827,-864440.917263486
46,40.52111690928174,10.564596844519176,40,1997617.9012557834,-828430.82875661
46,48.95424946919547,11.927265267924646,59,1917093.4051268897,-802414.3351080079
46,49.04056281341303,12.015612260326872,59,1857153.8700658362,-780171.5498496805
46,48.84735601287578,12.055106456607339,59,1800871.0816708014,-759152.1781594099
46,48.76317378213527,12.072314492426719,59,1747063.4448569573,-738024.7809878902
46,48.675492620281496,12.075962478704366,59,1686387.0682312213,-713684.5458677501
46,48.63942997695177,12.09760947229709,59,1631779.769663093,-692159.7605611411
46,48.630731137553596,12.129311352468388,81,1584297.4019898067,-673612.079792775
46,48.53259441867952,12.092252768907727,81,1531419.2213308897,-651350.7056884359
46,48.845998011058064,12.315282594396445,90,1483188.3200544454,-632050.8472919671
46,48.64902810487999,12.244517911690993,90,1438634.1603159935,-615379.4043324465
46,48.53895437717352,12.204972112200624,90,1380240.322233753,-591756.7356361778
46,48.44032443984967,12.149367079769407,90,1335319.3049614576,-572926.8193142266
46,48.42008610155904,12.16226672653629,90,1286995.5901946535,-553427.5375501113
46,48.33888296857277,12.10611263546369,20,1243131.6558884806,-534429.5252222508
46,48.60217225212519,12.36108116965933,20,1198972.801232783,-516459.8994260238
46,49.347204399685744,10.726132270182468,9,1151268.0163240852,-501613.49091421074
46,49.25088274121471,10.682156341815135,9,1109308.5260142738,-487492.9985549161
46,49.15208457029265,10.637049754612857,9,1052575.3027543083,-467395.2962600146
46,49.0881856062926,10.604955976825977,9,1005262.0011331784,-450266.11329049524
46,49.02746535311979,10.580154494973671,9,961906.8996091323,-434182.8224809297
46,35.09998688128232,7.224440728050963,126,877921.107152165,-428983.7663931948
46,35.158379302941945,7.249930181411397,126,848576.8541875513,-419628.4258341777
46,35.2205526500444,7.715530078316412,155,795727.3375979937,-396586.39028278406
46,42.39713699510262,11.730946490382339,155,437045.926552293,-477276.93964278867
46,42.37796094010142,11.731562940280211,155,426368.4411138608,-470875.0542458116
46,42.347609887633226,11.763251725271505,155,397547.30375963106,-444341.05063355947
46,42.335840671605084,11.756999349839848,155,389274.6004910947,-436411.91035089316
46,42.439857402576976,11.812258056252812,155,408046.76216953975,-403860.99066572526
46,42.310809689281754,11.784645800113825,165,346359.9909934331,-390687.1829019911
46,42.34413083051936,11.819582410552126,165,337157.0749011827,-378062.0558484482
46,42.33130948264801,11.8222503718047,165,320733.7691110881,-362488.3333353239
46,42.26251643699213,11.77084753537103,165,301039.7930268426,-332844.3995705611
46,42.51042727103727,11.84974817545203,165,367560.2774040761,-282490.2422579645
46,42.35126976333906,11.862384449019451,165,259801.2015307119,-291002.85627544473
46,42.444579502509896,11.879563907442527,165,293474.2955896767,-254802.91829344144
46,42.30983753035545,11.86777353144772,165,210478.1785910759,-244447.05861043223
46,42.47547805002998,11.898014535960225,165,279708.3079060615,-201007.17383764207
46,42.403501773590406,11.903867288199574,100,195084.58120602026,-189438.02452323903
46,42.38011447179803,11.902325578012993,100,178928.48247922095,-190038.6171361588
46,42.31378158219224,11.897952859324947,100,139209.1093050294,-167688.41768882124
46,45.37241158264777,10.837272196547953,200,170117.54947023408,-134693.04360067754
46,41.96273126574061,12.031185271644377,200,71466.05582461663,-123700.4278261779
46,41.91372322071831,11.997851793619711,200,31062.7538535216,-123335.49696107836
46,41.911651717790946,11.972617377520908,200,-3364.257003019823,-110632.96900902694
46,42.02719244472857,11.873358213598163,160,-4652.549806333729,-68465.70683406145
46,36.17131923197961,7.349339898324615,160,-15372.669998624808,-59708.439126011355
46,41.80766662852523,11.942245352243146,160,-73149.88560056359,-61216.12374499345
46,38.89750483836549,13.849197950901576,229,-95578.30802604077,-25140.365081359047
46,38.91218111385291,13.89683815142221,229,-116390.70169147813,-11202.652734230187
46,38.93371363687421,13.966734203409578,229,-138085.6913822398,9534.616968034044
46,36.43201532043392,7.291354833710793,219,-193070.09657549014,26908.331022668735
46,36.498253974824244,7.2766217677966525,219,-225716.54037535904,44291.6256539621
46,37.04520174888295,12.052986951209355,204,-255596.4825792775,46037.06232983398
46,37.09139867311573,12.13129575602809,204,-310939.4437275026,68130.9727190275
46,37.133142588014834,12.063586799640317,204,-371303.83596264553,79933.19571723595
46,37.16486664708492,12.051631767082412,204,-379487.9412226742,83308.14839257738
46,42.558855875895176,12.160388677111781,273,-413753.9730145374,128645.00370873074
46,42.849289271649944,12.304539739945564,273,-472331.04518559517,135783.96736274174
46,42.84836275947417,12.254698759387223,273,-501034.44892089075,137848.38776558585
46,45.57176509427041,9.001593616252025,10,-546074.9776411825,169497.86181531116
46,45.56964282829887,8.998425473829407,10,-557288.7892537755,173080.12967994352
46,42.47859071770647,12.333799144401457,10,-581172.8662849384,200544.39608132467
46,46.532172388460886,10.435300386521307,10,-632411.3695961301,226000.5282658923
46,45.53090288032137,8.94059404540192,10,-719495.810855161,225897.36711857564
46,42.80417317778695,12.26150836713389,10,-740151.5145074266,221589.6457117819
46,45.51057635252897,8.91025037695177,10,-774570.2378827421,244699.28655884496
46,42.77928256448064,12.245796673146495,157,-841131.8667090796,257893.13005886486
46,42.77661580737529,12.322467323080897,157,-877588.5409662251,282614.7224350197
46,42.7606349082879,12.264393235886741,157,-938990.8390911113,290653.07653720677
46,42.76557444649695,12.308203744550612,157,-937434.1020995202,297596.21998159273
46,42.74865004293898,12.298842165767258,283,-1009486.4893821069,319556.67110895965
46,42.73397442994737,12.263921261673785,283,-1029814.3317285564,321802.74169218814
46,42.72547536436916,12.295338306664428,283,-1088233.5951657807,345681.82606920454
46,42.641928191847,12.267003029588984,283,-1125225.7730540282,351880.47872128093
46,42.65974553333227,12.285400388168078,283,-1173700.4773101052,371885.78121985967
46,45.39171318752068,8.938034762782154,311,-1208884.756122125,405394.6622853356
46,45.36747777946864,8.94960229058178,311,-1290875.7109654269,437211.6298633568
46,45.352099636768294,8.957341405078518,311,-1340738.0800565982,456877.0877304015
46,45.34397221951292,8.955536546557875,311,-1356291.0680690086,463084.33832059294
46,45.32645786174089,8.970805418359944,311,-1419741.018749512,488611.8241525885
46,45.31401578551035,8.975580497786389,311,-1452915.9652143049,502182.7107308914
46,45.29681117912475,8.98705683032219,311,-1504045.6840431392,523422.1743193561
46,45.27016551976214,9.002137677751278,201,-1572908.6695201206,552783.7499752871
46,45.272481664472366,9.119898623867524,201,-1642383.8274014585,596882.2842161705
46,45.211371640347714,9.01497375794083,201,-1671091.0612752878,597045.5903324379
46,45.21898546024983,9.113580705055158,18,-1740854.553410192,637529.0231839613
46,45.15354253672488,9.071669582410845,18,-1793455.7939057394,657342.2717211952
46,45.11661399549893,9.094834627993627,18,-1836440.372337232,682130.8818787668
47,45.94745006409596,9.521307901638702,12,3711902.5352488253,-1136504.3755841139
47,46.25798670390404,9.30472077294669,12,3636518.042063912,-1099839.9846503753
47,46.16001905032406,9.264642987126889,12,3462883.2621569824,-1070218.3997835263
47,46.124572408487296,9.250142048626762,12,3340552.8095105197,-1039707.1651842251
47,46.09218887918332,9.236894205036483,12,3201450.8749896986,-1002568.8425051351
47,46.063819077091495,9.225288345240546,12,3058972.8418921186,-962972.2675134984
47,46.1651750418428,9.094059160352591,32,2965865.464293669,-936855.1098225907
47,40.753980028691785,10.514295795146982,32,2330235.738443268,-943558.651946348
47,40.843298360628125,10.389868301997684,32,2286083.3763699788,-913262.4151924105
47,40.94168793665279,10.39331125185722,32,2212668.768072947,-873667.9404133926
47,46.090503487610164,10.670515896364426,47,2262880.1012289105,-841876.6901747178
47,40.643782327971614,10.30332603665917,47,2063453.4844639108,-836233.4579480648
47,49.075785537503045,11.897386910908178,47,1917797.8281217942,-802336.6299371733
47,48.96515957917541,12.015030931064352,47,1854742.6692204918,-780004.8611501862
47,48.88656325855169,12.067499333094197,47,1797226.8007676185,-758223.0851883807
47,48.79744617665181,12.087116321089777,47,1745303.7261836508,-737978.8897221596
47,48.80847362118237,12.137702574668825,47,1694130.1382492168,-718075.067449136
47,48.81830245289335,12.18761301167722,72,1638482.255546468,-695948.4065020605
47,48.72695999348565,12.19223292759043,72,1576381.479074048,-671281.0636169256
47,48.881433425100816,12.283030984059247,72,1543833.7181272486,-657012.8617767481
47,48.6457650857485,12.215261065498028,72,1476477.5870919735,-631106.1887124933
47,48.68819932556022,12.262332728820024,72,1445041.979702938,-618149.2648902361
47,48.976440584345795,12.426627544985628,72,1384356.4356068058,-589253.0170733798
47,49.00004529155167,12.46230438032494,72,1343097.1007651668,-571436.4118738655
47,49.272920697606374,10.84545393097747,97,1287703.9768174214,-551607.383136259
47,49.27212816258571,10.80439317513912,97,1242531.1358888182,-535256.8848844273
47,49.24648164739286,10.758540193186986,97,1193208.653886912,-517516.52823963464
47,49.2370387121668,10.727498200771098,97,1158567.9991349194,-505142.6999142675
47,49.446057023141684,10.70147966764594,116,1109137.4523295392,-484313.1552011741
47,49.225890376193725,10.633184339793644,116,1052681.741164247,-467635.9958350685
47,49.31333674336748,10.592021702108736,116,1009252.4638774327,-451121.1117680414
47,49.25940119179633,10.547539609732578,116,961101.9288110218,-434909.4503827748
47,35.18233981017409,7.633698439147202,116,913817.7388597202,-424853.96699018066
47,49.17855788386712,10.480865970795984,116,882223.5736492384,-408239.1871913435
47,49.13073305741887,10.441423556915451,116,832543.5775579287,-391407.25076124247
47,49.08344049100453,10.402420112124993,116,781858.5679544653,-374222.27507441427
47,49.06250121361024,10.385150929847063,116,759077.0661683562,-366495.12318171223
47,49.004139957444416,10.33536713217184,116,693523.4029957509,-344255.8401436853
47,42.36657436817449,11.785371066519222,139,385410.7884586974,-431404.9871163929
47,42.33138351874233,11.777416762429912,139,362143.06506885006,-409535.6825580217
47,42.46834124349803,11.808373769937985,139,392682.3017960474,-383793.2944329909
47,48.867058453394264,10.19686652534059,146,528439.9302038249,-288344.08900714363
47,48.92167718856434,10.15708089351104,146,518514.38469679793,-285377.3904757676
47,48.79323263381622,10.116829580520676,146,449773.2316750581,-261489.04746341752
47,49.231259222239935,9.931573715900527,146,429417.3245787004,-238769.55042920195
47,42.28321869908734,11.8272346964927,158,255286.02296288134,-287296.61199040397
47,37.995917883805966,13.76291232712925,158,334062.26728825644,-229309.0074817242
47,42.31765427447455,11.861278711620885,158,226817.75071107876,-260692.62930838953
47,42.23511318955193,11.826367109119706,158,204906.15209604107,-219391.75750788566
47,42.22868090155298,11.8262511022028,158,198258.7746178087,-210282.7619239581
47,37.56918934349108,13.23001359363944,177,212153.7796111321,-165177.47471060877
47,38.09847845967453,13.657369994912935,177,195249.75931477034,-135879.0252183493
47,42.32026817443579,11.91071012477382,188,108135.60188380413,-133670.3573110263
47,42.34520736704907,11.921420618046355,188,94654.28987374208,-117143.78885310884
47,42.37502074474549,11.934224399876843,188,77712.75290951577,-89825.55307564072
47,43.06165454521309,12.229109114656508,188,61429.64784149164,-82388.71836677384
47,45.28514214748787,10.94244244932063,66,15769.447205750694,-56222.45398753092
47,43.56123859861012,10.394018764671156,66,-24690.251722972695,-39855.9072196969
47,43.355725649678305,10.3183983979548,66,-58374.035671013655,-18948.088669014036
47,43.34143357946855,10.313775818327112,66,-61218.3904412237,-16606.625422106
47,43.71283668103798,10.31365917283882,217,-116515.38772644913,2681.905653835194
47,43.59907562958273,10.244616546894383,217,-146260.56627186536,6720.6806146435365
47,43.52538090049609,10.199890539624597,217,-179524.4888432756,19442.47027240873
47,46.45401244713948,10.582240052886927,34,-221826.20919641454,52120.4261500365
47,45.40958366810231,11.064712092766376,34,-243558.50444816973,59067.969304853286
47,46.548411428531544,10.55305350778182,239,-290389.1277698188,84262.63683544111
47,46.534650617250946,10.551318206360307,239,-313082.9103357421,91686.57894175907
47,46.46908736005636,10.543050378898034,239,-363743.9940030839,107992.63954837111
47,46.535340317371464,10.506919586156526,123,-414417.6441203672,133457.6170102211
47,46.52537951239227,10.506499597250274,123,-435242.61212219624,140679.0299792774
47,46.50025478323842,10.505440234323359,123,-476563.58186089684,155065.8436569739
47,45.567324502651175,8.889823312113714,123,-521196.30672990874,154995.18138608767
47,45.559885738173826,8.922646671245166,16,-578400.6754412734,175459.26688163404
47,45.55273564587521,8.911944646485983,16,-602266.5257635496,183581.96228126116
47,37.85774404002893,12.198784030437409,260,-632289.5899522734,216622.04479152246
47,42.59662110236342,12.23644989126492,260,-715315.0987064976,224058.550497197
47,42.56585299418187,12.275152189501785,260,-730421.9786252805,231513.4315451969
47,45.52503496932867,9.004876063380559,12,-779195.2844829105,251920.99392801445
47,45.517015027101806,9.00159516897195,12,-815841.3685466376,264624.1398327565
47,46.50114771583284,10.403993936832387,248,-839160.1849612345,309090.9930095431
47,46.26147817505646,10.322733333188598,248,-886428.0447551358,354498.8561345683
47,46.476771177603055,10.395729005857506,248,-934031.6313267059,346331.50474015425
47,45.449070275427076,8.91466260800058,248,-1002233.5942657986,327418.99051425955
47,45.45963921469305,8.978123181668728,12,-1042295.460829239,344418.2495514418
47,45.442160071923645,8.970972603752173,12,-1098866.7343848513,364828.2751805738
47,45.43293269142913,8.967197755977185,12,-1126420.2399458438,374868.9743006206
47,45.409657922350874,8.957676233555889,12,-1188917.9807209717,397956.8927707418
47,45.40290195874388,8.954912422720854,12,-1205204.9796288845,404062.8844341866
47,45.37778094647946,8.944635616935278,12,-1258605.3665020806,424450.3550993718
47,44.84976828315029,8.875230269505918,189,-1321115.3597383096,503658.40013651585
47,45.33532430633333,8.966141268073603,189,-1395659.7920182364,478621.786556504
47,45.339240075716326,9.185646109064326,189,-1398205.5497057952,518916.81743615965
47,45.31245729557011,8.980762410747777,189,-1467114.998864245,507751.4169485115
47,45.28790212446476,8.992115612936646,189,-1531118.6034842697,534497.8907691037
47,45.27460139411573,8.999655739548295,189,-1565420.2506296784,549143.499261757
47,45.25395373956216,9.011531868718336,189,-1615324.0369467072,570917.4345412035
47,45.226355806619765,9.027678484203244,189,-1675570.2540564595,598124.6641004817
47,45.20128276015771,9.051847291969546,189,-1734270.469475795,626043.0820345769
47,45.129185854455486,9.086734428614625,189,-1829531.6103708025,676158.9335803854
47,45.11609320715639,9.094991256790863,189,-1843612.3521534004,684576.2230765546
48,46.00557240633509,9.469674806463752,11,3717897.604625817,-1139837.1127346412
48,46.2130173695334,9.3064923011186,11,3632762.5389961656,-1108223.0615815152
48,46.17309971605646,9.249885314349676,11,3456791.8678843137,-1069913.5082943093
48,46.11719711209635,9.243264248731597,11,3305003.5211844603,-1031735.0771875281
48,45.942583298424964,9.383709381444556,11,3196302.803823537,-992791.8800647611
48,46.11403263247312,9.166122634741921,11,3040330.2768888744,-960086.2119373532
48,46.11097809102434,9.161791007696861,11,3015019.019077039,-953077.454609456
48,45.90945103243483,10.708706990973194,35,2466141.028934701,-927051.6373490233
48,40.70926488271574,10.550682529188057,35,2271589.300440605,-908671.177913642
48,40.6460504469051,10.584533581215883,35,2181938.20822979,-878496.155917222
48,40.61112132634111,10.603237971476354,35,2114802.2400492546,-854160.7964140525
48,40.56937975568775,10.606751664973899,42,2042820.6149472746,-827319.7948923256
48,40.5895078567109,10.3331417348596,42,2002860.3797758163,-798333.2141393658
48,40.500405449540935,10.597924158795687,42,1914055.304216683,-778358.7641441595
48,40.550489357431644,10.328297972094008,42,1922580.2698688318,-768890.3065273396
48,40.508056903269974,10.323030400421144,42,1824299.3702925874,-732296.0308021177
48,45.810142794066685,10.590122918843946,58,1821792.715326432,-700813.9843523308
48,40.876317170105004,10.813378887062617,58,1699309.0437074427,-689292.9699277629
48,40.92822874210481,10.811029884655179,58,1674890.7748623982,-677826.9872570535
48,40.972610787496315,10.809021593874231,58,1638885.7658337792,-661660.3707376411
48,48.745547820017315,11.992363075144095,98,1519987.9544062456,-629050.3781309648
48,48.73807903220101,12.065637468015842,98,1474978.8255967533,-614731.8572112464
48,48.63344199341827,12.099559892709905,98,1413404.7974906403,-593499.2903718636
48,48.76912030497585,12.20151080970625,103,1365198.0173732475,-574031.5891629107
48,49.10400498348813,12.169881295146164,103,1356291.6045256816,-560608.0430016423
48,48.59957021722665,12.217524641670586,103,1266043.7054868408,-537650.222702529
48,48.546237620097095,12.222561850792637,103,1217941.3689669094,-519090.23692688474
48,48.520574482312504,12.224985707846416,103,1191835.7212859655,-508906.27747166046
48,34.77681380645589,7.471747154193594,124,1112893.1812936668,-490623.88961586833
48,48.57121712088644,12.331541321155163,124,1087821.475861679,-466033.75253196864
48,48.44375443401478,12.271740369618946,124,1044058.1076973153,-449914.9062547552
48,48.36606414525238,12.235290854022333,124,1001321.0187181343,-433228.16964958754
48,34.277131507329784,10.680684397490333,133,930380.7502588377,-438751.34240483923
48,34.364703837853604,10.684623836858227,133,872003.426107857,-418019.34325470915
48,48.30990785797091,12.258439796696265,135,885886.0527327886,-386405.9109005505
48,48.31708636599908,12.286067255303522,135,851785.0588021172,-372136.9274429648
48,48.32440846831672,12.314247355946264,135,815851.0041915893,-356954.1473429452
48,48.330253729527485,12.336743633935374,135,786455.4554156618,-344437.42503481614
48,34.98619926016043,9.668363664595482,14,670220.9084567535,-335553.04649289855
48,34.9550572741073,9.61674250196508,14,639904.0889816391,-322083.5249167635
48,48.22386561780617,9.567291094563119,14,636883.003419776,-291520.58696169144
48,48.25655800341948,9.571398219303894,14,595468.9691381318,-279683.1009534801
48,48.28622337528671,9.575125062128437,14,559212.132173499,-269120.1447013454
48,48.32159230234539,9.579568439161108,14,517591.6542187789,-256734.38350186878
48,48.342203014990076,9.582157750593725,14,494126.2427209627,-249615.23670362282
48,37.986643900768414,13.817659698878163,14,385184.31225714536,-251017.51780242054
48,48.43556755929333,9.59388708213761,14,394790.5574958954,-218188.23725978434
48,48.47173255475225,9.598430468764581,14,359234.0489766318,-206343.89143917785
48,48.532241027489036,9.60603211179985,14,303164.7781821214,-186896.73247793328
48,48.46422923090387,9.764978570138236,16,266895.16483417124,-176183.1593668406
48,48.492208821200535,9.772409381973352,16,242351.26608156605,-167524.61410673385
48,48.555756202500106,9.789286277883713,16,190017.75000449343,-148176.814827486
48,48.58185409921313,9.796217350058486,16,169802.16518634852,-140341.853606379
48,48.618241005721934,9.862336859526769,16,119317.81887261868,-119977.3317290227
48,48.6386986373965,9.861168947644222,16,108253.75688351042,-115295.16926945848
48,48.715443016563945,9.831695857697998,16,76491.30713203509,-101059.56715438676
48,48.74803315177937,9.891563279615884,16,40291.61559416823,-84502.36095498531
48,48.822531353262704,9.860136348473828,16,12225.860523031006,-70484.75996720721
48,41.623783216529716,11.16766591715558,223,-75350.53976810735,-55130.63598660693
48,41.688706709972244,11.141122811331849,223,-85881.6549773799,-54887.28472608498
48,41.97382416164621,9.68411600304364,234,-138982.59691041528,-22110.95913027089
48,41.98900908967264,9.65533008670314,234,-146857.10675781866,-19002.45167820558
48,42.0453039348913,9.539246338652967,234,-177216.70161196677,-3655.8728625081994
48,42.16269911015924,9.362981133177573,33,-223711.2866374122,26767.41989386817
48,42.25937071187745,9.28371173031048,33,-249302.74457409844,44007.371698944946
48,42.34939207208179,9.209895435329853,33,-276350.3347308444,61196.25531046055
48,42.4677945189375,9.112807034047204,33,-316376.5821522826,84845.19000210287
48,37.08936414879863,12.058625617162866,263,-353871.2548616844,75158.08823230526
48,45.59550306963432,8.888838409036682,263,-394766.96076539194,111206.01729144927
48,45.59605861858677,9.000166408827118,263,-416715.6209047989,124438.78989616118
48,45.57926166382554,8.92470173289599,10,-489339.14984972164,144527.8411323412
48,45.57487254401551,8.917443718509126,10,-505785.096289043,150050.424814708
48,45.558758617244955,8.890797120240718,10,-557927.4159540919,167941.89580160507
48,45.55845483660189,8.960098690077645,20,-604900.085819949,186579.41147362135
48,45.548551499105834,8.958360958589605,20,-650777.6057458591,202599.5731474107
48,45.550917721487906,8.991262107030332,16,-650624.7277870977,205140.74467286048
48,43.398692887292505,9.117495081780703,16,-679003.6081519842,246191.20398980036
48,42.581535677977136,12.27072741630078,16,-753677.2982956151,241183.77022603885
48,45.523158583393496,8.983889842829985,16,-779542.267010816,250106.05230795845
48,43.60272187857274,8.882122308550494,16,-795185.0191562375,307694.1004877319
48,45.5006940562532,8.977923719939177,16,-874934.2607295177,283761.3703444133
48,45.48477479826033,8.973695887814207,16,-937618.1834265641,306090.6938152139
48,45.47255372850603,8.970450219496511,16,-982957.3035832169,322365.09400057787
48,45.466103717761705,9.08825254841283,16,-1024282.1434285218,353330.4844075919
48,45.44496526280514,8.963123282423124,16,-1076414.386210537,356307.8743488584
48,45.3979180207087,9.225450892955097,16,-1070351.575107577,409913.62823788304
48,45.42468971367566,8.955400927076717,16,-1134276.0866418828,377561.1941763194
48,45.396039572913764,8.950129611263852,16,-1212154.5241954497,406955.9577812517
48,45.377175393879504,8.945119667825038,16,-1254484.6210863534,423259.5787027469
48,45.39429691665628,9.095657617915013,12,-1302915.9373229768,458292.204478391
48,45.35223445298968,8.957600865995987,12,-1335240.908349124,455026.46197930834
48,45.37658844680981,9.080602396306475,12,-1366946.3295921062,479623.5401192532
48,45.35440582341123,9.061743380591397,12,-1432354.7022816867,501631.57275232224
48,45.297920356868616,8.987110897010597,12,-1493405.62666085,519622.22182734736
48,45.279220427689715,8.997822962614746,12,-1541613.9390278568,540154.0217025669
48,44.848254933475374,8.994959521094955,14,-1566439.7488446634,604032.0803335488
48,45.22714444301961,9.028749938060166,14,-1657681.0240432795,592107.3712710048
48,45.20936672993523,9.18858141244154,14,-1699610.3513124466,642487.4806872727
48,45.18192936978668,9.185134473389109,14,-1745432.1404104137,661488.0531985682
48,45.1395200258854,9.179806613023176,14,-1798961.9726282747,684869.1965171037
49,46.057819306687264,9.42700837381329,5,3707463.7835670696,-1136203.324463468
49,46.14932802820153,9.308988575468234,5,3564625.1967005655,-1097391.9215578148
49,46.10561418757924,9.286816842689397,5,3410332.070586531,-1059435.5656820708
49,46.08250192427278,9.275094264241702,5,3305703.688621755,-1031569.4384675983
49,46.002420537325825,9.32021642180816,5,3185058.5031587915,-995073.5127161829
49,46.04929624046738,9.258252286104081,5,3128991.5725187343,-982512.7570770454
49,45.94361607964315,10.713655647051288,26,2531186.0918545625,-947889.0508554855
49,45.94154820125319,10.758874905030853,26,2483153.3974044505,-931607.5900910465
49,45.95379654765826,10.61854796468649,39,2454570.757381784,-916701.0490024514
49,45.86714549121713,10.730766287114017,39,2322123.3642530823,-879022.8218394712
49,45.84235243298411,10.736138567979445,39,2217400.3590639867,-843463.6185005195
49,46.08404125369691,10.614655251988548,39,2202803.807312276,-815788.9004502821
49,46.121631156640966,10.737974470655816,57,2120486.152673937,-794282.0447698842
49,45.93097991241965,10.908521563515732,57,2029981.744404235,-766375.1062413943
49,45.86036605376731,10.874068606747752,57,1985308.9929928076,-756884.5120791495
49,45.833709962346404,10.861062927935476,57,1931103.8576588735,-739985.9989724163
49,45.80644875989945,10.847762011553439,57,1855686.5618399417,-715553.4765110653
49,45.78581197406326,10.837693190732512,57,1786197.9991404612,-692599.3226838447
49,45.74711477713108,10.763021693064294,76,1708735.331693659,-668621.8941436904
49,45.73571713967253,10.766286955678913,76,1641606.3259104933,-645435.7637652692
49,48.774212235032515,12.019268059968601,76,1500245.4774597452,-634488.1966797436
49,48.74867862354156,12.09080539766248,76,1451702.5193139666,-617341.5422635645
49,48.91619879293842,12.168466248640087,85,1397272.1676069575,-595485.4381329449
49,48.582262641181714,12.130644763940277,85,1349151.1000240836,-577498.5533907813
49,48.519542560318406,12.12354111084293,85,1310958.8267356628,-561976.2752591043
49,48.708770482691186,12.275170432045183,85,1255711.1036623982,-540317.8730145087
49,48.40467960500414,12.110531775123693,85,1214024.5057989033,-522372.077633696
49,48.52964949944121,12.24286610944488,85,1172539.9069563912,-506986.44146247953
49,48.33167042515891,12.10226278249161,85,1134160.9896404857,-489659.23211318813
49,48.263475295342886,12.060348186285943,112,1086112.4408896957,-468698.96412319597
49,48.24757238223549,12.072036142749292,112,1049324.7755716506,-454154.06455813604
49,35.03713710177473,7.709607342901966,118,965952.9883588982,-443180.19542914577
49,35.18127702032952,7.628574824704228,118,921079.4870177581,-428342.4752132524
49,35.23034299158374,7.653365376939409,123,882874.3067338938,-413629.5714692557
49,35.32378308978403,7.577429834213263,123,844431.4151984178,-397472.1245650781
49,35.297807523341824,7.68712770384081,131,826356.4767079313,-391312.83812906535
49,35.423225693839264,7.58020885202171,131,771452.8956624564,-367271.81743899314
49,35.413586140249755,7.741847518389261,139,721796.7400113198,-348710.6793594988
49,35.44116354020906,7.753915427615872,139,696092.1767297302,-338029.4195978237
49,35.55890512640361,7.601002205230138,139,658035.8347506283,-319412.0544154065
49,35.61292398603808,7.579553943506288,139,617562.6839164486,-301142.39902611665
49,35.65099051721827,7.511751680918466,139,598107.0698647487,-290028.20993729035
49,35.68537712203466,7.478423674358356,139,573196.9527825944,-277536.51773359656
49,35.739630044872925,7.425840938205322,139,532091.8819986489,-256624.2304178446
49,35.79802505161327,7.369243633001407,139,486419.60890960554,-232977.642189836
49,37.97814904634204,13.842717305890018,139,411135.6808210135,-258567.79206475144
49,35.86132255849788,7.3078947520649775,139,436555.6615848722,-206678.3090405321
49,45.530220750083195,10.910777229706127,157,388934.5575594261,-203910.5869863111
49,37.99548660141433,13.721937954148821,157,277147.527939839,-199723.54400752904
49,45.50173954260127,10.90345138134785,157,313938.6434143187,-178772.90214857142
49,45.47950130735156,10.897731331055091,157,263970.5388153041,-162033.64382246023
49,42.55352466570549,11.660678524099188,187,178834.8310475303,-154989.80828622004
49,42.509406048403456,11.634866668535299,187,172904.91819764164,-150024.5071271243
49,42.61135637800836,11.69451330624466,187,146851.33715346496,-128052.37805732769
49,45.35832874816467,10.876863692603376,202,117818.5625165357,-110970.5059221253
49,42.13416322174777,7.848701788748297,202,74281.1918589012,-76145.89174805701
49,42.17139322260843,7.902566819683757,202,37589.97017007658,-63835.481477068846
49,42.191217477754314,7.9312489064960054,202,17253.128438896365,-56932.89542978511
49,42.14859833161677,8.02266722099386,210,-38981.73854674533,-36810.01949960502
49,42.188752801943984,8.072404807812521,210,-76710.72359011236,-23879.36141991861
49,42.226124321040245,8.118695274613565,210,-112765.40957516398,-11368.196916443198
49,42.31900675615672,8.110915964156693,223,-120771.66335985223,-8842.185506695816
49,42.287866592116046,8.19558829382864,223,-174031.85817167434,10225.91625411656
49,42.36903214182428,8.228057594755658,223,-210954.10008007442,23496.69106595976
49,42.3896811098356,8.276410121193067,223,-247322.21307060262,36695.36114895899
49,42.404978340531635,8.312230785511193,223,-273659.7298413503,46317.92561321019
49,42.39826733865948,8.412384379929229,223,-329131.66320410016,66667.48362522504
49,42.467723819278774,8.459158342292024,223,-373351.7582885793,83380.93669756729
49,42.48357270406518,8.496270783951,223,-395708.59853368957,91889.13001147675
49,42.485512750959316,8.588836506957856,223,-431431.8136926237,105815.94316751638
49,42.56252087263666,8.681139267738878,223,-483661.8435537541,126964.81710658416
49,42.590380324593966,8.746376178685642,223,-503787.3352725569,135902.67432805072
49,42.69541100839272,8.71140297164888,224,-540228.2483894235,150558.78194579363
49,42.864079168363325,8.66047050966256,224,-584309.7265050026,172346.80664775803
49,42.91919167798147,8.70493469987221,224,-617062.4284379059,186986.55787539168
49,43.01823132020823,8.784838836351902,224,-669595.9538449812,211235.61367227888
49,43.09730959554191,8.835656026327285,22,-703652.2935777575,227878.8337799878
49,42.57183450604906,12.269946774158441,22,-738189.5137857645,234668.19166204974
49,43.28195702510685,8.852129264564624,22,-765474.5834991146,262153.70706934703
49,43.39727155190641,8.862416998743598,22,-800993.793995903,283488.4293979495
49,45.500964585155,8.957098642134744,35,-858017.8430776984,276363.4169710509
49,45.47264434168994,8.90753382636323,35,-909172.051724919,293520.6043048312
49,45.4827580539903,8.988712107240348,35,-955574.1514079276,313885.1169032733
49,45.46481921119451,8.977369627501455,35,-1017758.9805634611,335665.2591610233
49,45.447495689981224,8.958517478992256,35,-1061767.9840282155,350769.179070777
49,45.44305864022506,8.985915044497013,35,-1104966.33775483,368456.11103038036
49,45.42797126108233,8.959035574218529,35,-1127633.1840917815,375328.2434782263
49,45.40242565520928,8.933678792992456,35,-1167883.2807304175,390022.36855342943
49,45.38697337029201,8.960123483709543,35,-1250963.5005377913,422229.6181146275
49,45.37047967974803,8.948634910013773,35,-1276083.1873338053,431847.864704706
49,45.358975520338866,8.960866427458718,35,-1323671.3703780575,450621.7274950932
49,45.34806919633174,8.978738277901696,35,-1376188.9867207245,471786.6610823594
49,45.327385102308945,8.97096428048591,35,-1410055.1794273295,485316.7006439275
49,45.27672952275488,8.96304888610829,35,-1485958.0530895414,517484.53992094053
49,45.22278997939594,8.964480211965057,35,-1554507.7210571875,548847.6521086337
49,45.162588548525775,8.96607770165913,35,-1600652.793669296,573555.0236960256
49,45.203529198494536,9.003540237027268,17,-1644592.7872626535,587562.4961414183
49,45.10584480437188,8.995471073106133,17,-1678388.6561379717,612327.8024280212
49,45.17421331492656,9.137050210037808,9,-1777764.0798685458,662412.0030921035
49,45.14830635617004,9.127662305496377,9,-1802452.746421246,672743.9026248847
50,45.95813201356762,9.515380150319407,1,3724704.562341576,-1140694.512630647
50,45.92539700479987,9.505901469050897,1,3602025.4274455025,-1105196.1152463285
50,46.357306800541856,9.160089182843016,10,3474267.995397925,-1059126.9361946764
50,46.27076929836448,9.126043182287475,10,3314291.852108093,-1027688.3421842731
50,46.22905119617223,9.10963024576081,10,3191068.9696902498,-997576.9451103733
50,45.96963619236638,9.324476201041442,20,3059682.846486626,-957176.3942320343
50,45.959111283465646,10.70702750008314,20,2550024.212000935,-953433.3045889236
50,45.905025181522916,10.72380363053954,20,2450024.778394904,-921929.1034475589
50,45.88069756707011,10.67828878542108,30,2367172.075779582,-893309.7065430466
50,45.964518700452174,10.83042156603353,30,2339390.0279140957,-878526.4478335849
50,45.948079227930506,10.85240143800646,30,2258482.0048812716,-849911.4633829395
50,46.06815578200848,9.04632999763515,30,2450973.6227258886,-791806.7662898098
50,45.856398448072824,10.615500424165496,30,2147072.6787133114,-815168.1733372299
50,46.04407829852005,9.034562429401303,37,2302404.5049672374,-748103.9737876313
50,45.934734432965925,10.918151235850674,37,1997929.0592349216,-754126.0553901999
50,45.982002432719085,10.94246715312422,37,1939366.470011774,-728669.8427399063
50,45.8105423281954,10.85426351135636,37,1856123.8648051703,-715229.338268424
50,45.78104913181128,10.83909142607342,37,1760473.8386384102,-683787.8023967983
50,46.00074624909334,10.988491802080874,37,1750500.0576370705,-655752.8981042533
50,45.75483952509815,10.825608506721288,37,1658917.8788160118,-649837.2828026034
50,46.0799866378872,10.992872836449594,37,1668458.8980188274,-621392.8575139118
50,46.14024408262276,10.555586768062462,37,1651536.054498467,-608781.7314425603
50,45.919288094947596,9.050842424026984,37,1682948.7857474727,-559153.7586776101
50,46.16437419125208,10.978835933685623,37,1496771.9769050763,-556154.3922843096
50,45.731676834745365,10.883156123525751,37,1389838.5679772631,-552782.0499156285
50,45.687719174575946,10.791080011773497,37,1346400.2801873432,-543382.7764863787
50,45.67097709481144,10.782467440294552,37,1261060.6891985314,-513936.10180091404
50,45.873792268614594,11.0437127923753,45,1305746.905625792,-497031.3120934108
50,45.66052542765358,10.802771941487315,45,1182097.9005827429,-486453.91738706344
50,45.64670073978645,10.787153329409795,45,1123433.3630114612,-466333.2445187211
50,45.64711776508589,10.825988848977502,57,1077303.4077840853,-449570.91425923177
50,45.63622643746693,10.808392882574832,57,1045218.2782391626,-439075.9328719777
50,45.62524867619439,10.790657274457413,57,1006642.3612470292,-425944.430292773
50,34.33079647892108,10.699204070668273,65,894758.6672471106,-426456.2507296629
50,34.184956049107896,10.560802654470205,65,883396.0355411923,-409680.6735595024
50,34.32054999000983,10.567366996895377,65,814783.4222669607,-385949.5566324569
50,39.925573264970424,14.076999212577551,76,830365.1530254043,-370731.80828739144
50,41.04117018544528,10.96004729063204,76,811422.0982428237,-330064.41004452604
50,40.75400750089629,10.945289926059207,76,756409.5929164129,-319298.8965752669
50,33.60177980203108,10.577735096204337,76,721677.2370532292,-295726.5703395183
50,40.896199312813664,10.999166540735468,76,668246.2263106365,-286423.6440915535
50,48.16221431337848,12.016458082630532,35,620464.8240807033,-270739.893387731
50,48.10291306286928,12.033520036610437,35,580964.5550276401,-256953.8824480254
50,47.13625190604881,11.070049731399557,35,523834.6753516387,-256771.44640764737
50,47.32004955848142,10.974699364103433,34,481776.7742680949,-239773.90977307782
50,47.33962809721082,10.992276414541,34,476595.37269577803,-233733.16142452025
50,47.37552743860884,11.02450581343281,34,442026.5464426385,-210597.66987733982
50,47.2180083209287,10.883089668202949,34,358993.1070932599,-197564.38006490344
50,45.53825315528832,10.938903339728101,48,348414.4280286331,-185407.34145329334
50,45.52407008120283,10.93453849551777,48,312191.3885873888,-173455.73994557705
50,45.50086618176034,10.927397490293641,48,258668.2698579243,-155830.6540802643
50,42.507602110051565,11.708424703402368,110,188923.5154858796,-165235.86316763796
50,42.5729601969705,11.758956559410116,110,183797.76754777995,-144178.11422576223
50,42.60442902375185,11.78328680373964,110,157396.12168278897,-112171.36820293932
50,45.35951456765136,10.88389649955315,110,108328.34041145994,-106719.29336062826
50,34.863731602808826,11.13047256338501,110,91773.34536571543,-78153.1711477209
50,43.12370894079496,12.184770066679764,110,60346.50615945859,-73210.06524274361
50,39.045891942426195,13.669910487463607,69,32013.24874221872,-54670.685495836704
50,36.478220262394,12.650590875015002,69,-13781.208737200242,-43952.03753508373
50,36.03785586703087,11.773268647122823,69,-44538.984181880434,-9433.306557152868
50,35.12750110950774,11.199267245745103,69,-70655.53320413541,-1114.6996410181
50,42.04318090544608,6.4386327851977,135,-99301.311649707,6986.812317586541
50,41.977930693696074,6.527885499326258,135,-137823.3349270569,20052.34122319466
50,41.904788077412846,6.627933864636609,135,-182874.50567114702,35759.37898862943
50,41.84964276585097,6.703364558213827,135,-216972.18378331224,47915.95888927263
50,41.73099718151137,6.8656543062111215,135,-285678.0647852834,73134.31008469136
50,41.66167768930698,6.960473198829595,135,-319514.803390868,86025.71236043976
50,41.57879699825233,7.073841821353301,135,-350271.0216490086,98296.123463702
50,41.50574345924441,7.173768342023229,135,-366208.20797617757,105335.44969740514
50,46.50690848545213,10.518169891517195,58,-430734.436269799,136783.91558414578
50,46.49709790465195,10.507432109314529,58,-474415.2981849045,153983.7748731885
50,44.759748025688225,8.605884689227972,58,-464655.07226864866,185508.31202338234
50,43.52204868952937,9.470383918726105,142,-540677.0421386067,190675.15498569957
50,43.53537241166213,9.432877594609732,142,-573546.9281496529,204368.43055228508
50,43.545996895000116,9.402969637083098,142,-599307.9819372392,215160.57130129775
50,43.850600994303846,8.545508038753253,142,-628421.3562993346,254540.1689867398
50,43.588589126057194,9.28307235860879,142,-695495.3866040598,256045.35119637617
50,43.5622390676591,8.833870268556677,142,-739530.3905929734,281029.08589321026
50,45.52129637969609,8.993986576945549,142,-792054.0346108781,255493.77706298712
50,43.66115953924551,9.078786393232257,142,-812457.9527374477,308487.8767863937
50,43.70754206556855,8.948219420409345,142,-840689.9806746512,324258.4999190688
50,45.378148477397055,8.787685189251546,142,-912894.4147817119,302588.05636912066
50,45.483011297274764,8.971891084772084,7,-943576.1913708436,308125.32665829046
50,45.46158673057327,8.959526311969373,7,-1013860.7733806432,333042.2397650224
50,45.46819241241446,9.063021091012988,7,-1029374.4575068073,350379.6600584712
50,45.428319237734044,8.94032662422754,7,-1102786.1018201811,365332.26269267185
50,45.41145827600008,8.930595647448385,7,-1138690.8261194536,378766.45973993564
50,45.405113349926864,8.96968792477977,16,-1213163.8896769865,407946.9494360537
50,45.387613582927784,8.966925858300414,16,-1259989.9406179253,425763.75088344346
50,45.367172688078305,8.963699580460556,16,-1309237.4177841286,444817.7637183984
50,45.346569574141654,8.960447698856774,16,-1353070.8543914654,462136.99223038246
50,45.37329151243464,9.108024930311835,19,-1366860.0802411132,485462.4265889429
50,45.34456010797034,9.109840928245594,19,-1454519.6654456723,519812.525290945
50,45.340961520360715,9.110068380672141,19,-1464779.1414449099,523883.12365561246
50,45.30788436305785,9.15457030301711,2,-1521542.56294593,558154.4891175982
50,45.27996444885676,9.175266947425051,2,-1568803.8698600093,583612.0541594006
50,45.262968165864706,9.116087579109738,2,-1649190.8001950895,599923.2879111238
50,45.20299486922401,9.064704426468511,2,-1722575.2233791563,624172.7064603998
50,45.17277650364645,9.169477438267588,20,-1768466.2804476805,666975.2279096509
50,45.1472741814507,9.164516930860628,20,-1798735.1849669332,680005.0656516976
51,46.53484297447414,8.63940776865913,5,2715730.15586001,-1017964.7582578708
51,46.4928855169718,8.558713201617591,5,2592903.922948691,-981701.6418783772
51,46.68315194586758,8.297782368650585,14,2497563.3514776863,-946893.2649439841
51,46.47446229345326,8.447422943028231,14,2443577.083412538,-931631.0778268323
51,46.36712749633051,8.524387183978078,14,2323750.903528567,-889950.723432695
51,46.93935345772627,8.11407349306704,14,2309344.95407862,-871770.0821394164
51,46.29584615890195,8.56327706214103,14,2191921.4170661173,-843176.3697938521
51,47.07509712508366,8.016738718120173,14,2128863.1287379144,-801850.8647058234
51,47.105505632982585,7.994934347202308,14,2082906.4769082647,-784103.1319769479
51,46.23795889080494,8.490530679257448,9,1945939.5855812326,-753000.275653346
51,46.21676026586362,8.494643096849169,9,1886305.4924236943,-731023.0652490873
51,46.13937953732156,8.664272014735504,9,1806106.9018180345,-704014.1087901813
51,46.180897203398786,8.501600335320141,9,1780070.50642548,-691653.4008292704
51,46.15472484921937,8.506677629250394,9,1698472.6162787548,-661235.7848074408
51,46.133314955319335,8.510831031867552,9,1629300.280070768,-635335.2768745386
51,46.3217497431843,7.7988082404043455,34,1582683.3637440724,-606586.3644889398
51,46.3934591768087,7.283009344881861,34,1525597.8369307856,-584187.8617215477
51,46.43696689505825,6.970062611299177,34,1469451.665425777,-561720.7885835593
51,46.46507282175815,6.76789944786689,34,1415813.4321048285,-540239.05960116
51,46.47388092514179,6.704543627477556,34,1395895.9757170673,-532272.1725540991
51,46.00039264509632,8.688734620715268,34,1292003.9928124435,-513867.5526729801
51,46.518259268393244,6.385334573978235,34,1273427.508691021,-483392.33492644125
51,45.95842480455538,8.93637035240351,34,1185417.7092517377,-465588.5016922046
51,45.91314652446382,10.73785096143403,34,1174187.1789100228,-442602.29037464457
51,46.55867030627544,6.094661957377625,34,1135454.8593691112,-428475.6299847769
51,34.2896195821656,10.691315322095988,88,918347.3051971812,-435355.001380354
51,34.36443438000366,10.70608580857273,88,870640.0065979798,-418221.66907294455
51,34.25982621821584,10.812170855537772,88,870488.8768310063,-406975.39056579483
51,39.98823628805189,14.161570823960073,102,868350.6221622776,-381924.6806966363
51,34.46630724144848,10.736393865037803,102,770507.1846840598,-377840.56333483715
51,39.93955172433951,13.976724572522976,102,755532.7823926228,-340014.3545031776
51,34.523462792523986,10.758800774483294,102,697272.6436406451,-346871.9436225653
51,35.00547371447132,9.646062297679778,102,658976.8316361842,-328529.2775073126
51,34.59136131249128,10.79035138465498,102,597463.3406174049,-303759.7265953303
51,34.61121915399451,10.800561595148709,102,566325.2114047593,-290169.5530567126
51,47.1900435682026,11.05716511693342,134,543335.4620776587,-269409.64887793566
51,37.957793409920335,13.870972216666964,134,440544.27890768053,-264788.2023848052
51,47.21761166446103,10.93312694229442,134,467528.1888522274,-241370.12780291706
51,37.969064809277455,13.820672925943267,148,388935.4547273312,-251991.19000000865
51,34.721156219535274,10.865672965238335,148,386985.3880428931,-211038.84192928998
51,38.13125462952968,13.96878745580924,148,383172.07470127154,-182746.27299266105
51,37.89313021510489,13.75132815018025,148,271590.768408762,-190487.7988705339
51,34.790924029858175,10.91834017374256,148,273424.270399873,-160280.2326921733
51,42.50720906643723,11.704655127643752,148,187109.9715319884,-164274.54120614938
51,42.5044983999329,11.689190356524318,148,181151.24899813556,-160396.4829894611
51,42.42597142520677,11.741186414230587,148,160278.8072993649,-138899.0370904029
51,34.88475144115751,11.004024977459167,148,131033.68755633611,-95790.53529674931
51,37.483776298111884,13.377499121515413,148,108704.33128484376,-91489.67191386984
51,45.49755225582972,10.71024342537476,93,66605.60686208162,-83116.0327228329
51,45.5286349777652,10.774270921929336,93,10771.14775167119,-64262.74303637157
51,45.53669062016309,10.784882007136096,93,-2356.5065600504604,-58853.8595248932
51,45.54748893645284,10.813108311313005,93,-54883.55989735679,-38468.34993740801
51,46.443670382515585,10.62718575739522,172,-58154.41064123904,-9858.414418057075
51,46.496528219198915,10.636884130175602,172,-103832.1782846431,10023.709926874582
51,45.43416030635241,10.873011198076481,207,-166207.88580544884,-4480.797733875345
51,45.4652879603916,10.881569041384047,207,-213787.0403755298,15463.092875056629
51,45.583274681792716,10.877860016564824,207,-218714.87075042102,28761.75493390508
51,45.501910815194194,10.891637665652416,207,-263340.0374600752,37386.24933149817
51,37.12319806305233,11.97378892683857,207,-314756.44010870095,67649.86575966174
51,45.57781632667408,10.912506166459057,207,-341802.99306824774,76213.33833060629
51,37.11455695646056,12.06143964885167,207,-381776.122130714,77961.37018205324
51,45.660125445279235,10.935135193976521,207,-395009.6516699628,108855.15791975088
51,45.6127712969,10.93954737059921,207,-438056.5856714353,118804.96822129615
51,45.48041679464518,10.972586252102582,207,-477042.39117587334,125886.97594937866
51,45.61831667405286,10.954204704325115,207,-497331.95137033414,143010.72144142425
51,45.88994736715855,10.998319524977212,207,-512179.7883277045,186845.21952560096
51,45.51911061279851,10.99067395122019,238,-582752.0384963037,170244.7946049809
51,45.53470946246381,11.002765797028905,238,-641445.7840131879,195131.82568825452
51,45.541278293870704,11.005636952576344,238,-658646.7149636993,202461.74971209563
51,45.544625113235284,11.01045216639552,238,-679240.8050997234,211185.72851273534
51,45.73477217404473,11.010938901434038,179,-723221.6754132792,247972.38936409072
51,45.70357391916339,11.016766236120391,179,-765740.1894158428,260489.87147955256
51,45.56193309468616,11.043222475183088,179,-816756.9163867196,269456.59419623524
51,45.61438435183811,11.033425419825123,179,-826670.6731042506,275551.71335632185
51,45.58717705795633,11.0488420136391,265,-865493.7964633988,290349.95581328054
51,45.5819265693879,11.06623746371129,265,-925325.0511368284,315525.447539299
51,45.5919292557542,11.077452309046404,265,-979063.204826558,338333.38155454537
51,45.59665541034821,11.07992613998109,265,-993895.563673078,344632.3462745196
51,45.679603108103,11.076973027029444,242,-1046243.5312578753,370316.4038038021
51,45.684875437945784,11.079692042531429,242,-1060303.095638177,376472.2537407846
51,45.61691458017203,11.10474717223357,242,-1110945.3588805737,394327.67826276046
51,45.662404580709165,11.101751921870111,242,-1141875.2172492219,408490.75700104464
51,45.73201980726906,11.104005064448389,242,-1182170.6877470692,429959.2387936046
51,45.750297326823514,11.113431041291308,242,-1227170.2328928325,449773.2609172274
51,45.7681332120028,11.122629261004437,242,-1269599.792129981,468497.32299314457
51,45.64834132093209,11.152350826986098,71,-1323069.0954461235,484600.04258030176
51,45.64577481750335,11.171050943559639,71,-1385196.2837275972,511481.76340136986
51,45.74015321195811,11.155037796534218,265,-1403102.9907406422,520799.8742494495
51,45.698592135010905,11.174027227151546,265,-1451103.4239531653,539233.877709887
51,45.79632770531269,11.184441447353658,265,-1530541.5280552886,576959.2122488712
51,45.75926127678744,11.194505636753501,265,-1561146.0183749704,587499.7531018738
51,45.72170877087225,11.210977998046994,265,-1597096.7214914134,601750.6285276111
51,45.86696011694211,11.221412867015198,265,-1651293.7376792468,631983.4416065742
51,45.749691265270265,11.249348283665489,162,-1734542.8730279428,661302.4514576445
51,45.762484274322865,11.254288154361152,162,-1755604.1157430285,670547.5882235316
51,45.81261683153462,11.27364625449621,162,-1822124.1294766273,700700.8336400861
51,45.76683446642137,11.297923593643869,264,-1869199.82348205,720994.4618827972
51,45.788660962827684,11.325378983080814,264,-1935678.947718138,751219.7758793475
51,45.80315094307533,11.343605822754345,264,-1971930.8005801719,768193.753315882
51,45.8535872797522,11.407049320027495,264,-2046051.8338290795,806833.2262742883
52,44.74842354692681,9.302545045031819,7,2588714.1010433836,-897242.8773130133
52,44.805313016620055,9.250668403363383,7,2470496.243604017,-862617.6654788385
52,44.84998921221866,9.247752387078583,7,2419462.6355609293,-845527.4050675968
52,44.93048360409501,9.242498516322547,7,2277707.1634788057,-796561.9039392051
52,44.8025524453392,9.135461001982687,22,2213688.6715646735,-781129.8402738691
52,44.89586191173852,9.141638915469168,22,2106162.953412363,-743850.1384039816
52,44.91770956560607,9.143085423746246,22,2068804.0239635897,-730655.7055109934
52,33.62731694120619,10.52327230189904,25,1477345.0884682587,-708356.2629072979
52,33.79990271510376,10.50084200175734,25,1429122.013769173,-687795.8711844102
52,33.79325413312483,10.41740048418768,48,1378022.3431486364,-666797.3910032954
52,33.82849838769576,10.375766679619684,48,1319354.517691122,-640411.7190632661
52,33.90735216527934,10.39276762201305,48,1286525.2679406304,-624482.3322398635
52,34.00884296467325,10.41464912581448,48,1221379.586474948,-592542.3942567904
52,33.7495971240362,10.23020899078906,60,1166287.5947366874,-570023.9703323892
52,33.73865799287787,10.20263543163249,60,1129239.1971029942,-552605.1762387065
52,33.733375677675475,10.167713643512112,60,1075385.6395319307,-527216.4000942126
52,33.76219484198199,10.160683599149914,60,1043496.3988299348,-512314.7710445942
52,33.70891130010899,10.127654870479763,60,1024295.1546511926,-502867.67319804744
52,33.82639807858403,10.136860951295494,60,947372.9485543802,-466968.1471779466
52,33.830555791122194,10.120810427483988,60,913345.6484669631,-450829.23520264885
52,33.670625047744764,10.031149194739278,60,887893.2987695071,-437498.3033632704
52,33.659876406268594,10.004055790582585,60,850633.5197223371,-419502.7532784009
52,33.84557952325183,10.061232585734722,25,784313.3520749732,-389478.48880305694
52,34.31563448197932,10.433814354794425,25,777044.5730897392,-376064.2193516565
52,33.85471152035587,10.026127002319328,25,707035.9507391306,-352656.3434468275
52,34.34485696579067,10.417778868896578,25,693822.2052360964,-336009.55854160973
52,33.862769985476056,9.996815405988979,25,642324.3005666845,-321795.7573389205
52,34.376633251221925,10.42588658258304,25,633207.7435760321,-306139.455577925
52,34.397369299189684,10.423191599276098,25,580743.5884940759,-280587.64340565784
52,47.219583537176405,10.998641238540094,100,530239.7881433647,-265370.4225893737
52,47.14929243439392,10.995010722330093,100,495042.4146334981,-247076.94528992346
52,47.11469903287909,10.993223982615007,100,461034.6758324501,-228196.3214543014
52,33.89661597759386,9.891446577134362,122,414450.0509028964,-213115.1227947168
52,46.44965052730654,12.057600565682982,122,379774.5877073127,-195137.08266476035
52,46.44049142001627,12.052023082982732,122,349103.58971878147,-183970.63501287726
52,46.40312835679307,12.128148063031512,140,296246.1276788432,-166448.00632148745
52,42.493302024448084,11.74017560194036,140,200588.69250334494,-170734.93610282257
52,42.54475495926,11.777741875090916,140,210091.70818143216,-157980.02618452738
52,42.475152678584585,11.671541388479415,55,163493.69970225383,-145672.55668618728
52,42.610479850032675,11.692016137372423,55,147463.7850324003,-128772.23068400918
52,37.57041752868716,13.352509732915163,174,95996.19321585797,-102090.76148918943
52,46.34101268640995,12.07830540318778,174,63607.97782860096,-81585.60214068589
52,46.3365019725523,12.073782719692156,174,44402.26653046989,-74566.17193626269
52,46.33532676546663,12.041448085802783,92,7199.491267493034,-60706.139042798124
52,46.32509870267872,12.032352408791668,92,-37528.77001171366,-44347.94523370172
52,46.30255834176017,12.06934350083997,161,-73781.63061362691,-31389.847655161422
52,46.29238134313475,12.058178761024882,161,-120914.97517850244,-14162.167670352675
52,46.284245365649504,12.051976879259529,161,-156165.51309409528,-1269.3504829677727
52,46.300363144136384,11.982120768064698,127,-184593.03356611816,9900.995699333143
52,46.290814027758884,11.977963350505492,127,-224373.6584636786,24357.63099323753
52,46.28576686741585,11.975765958390374,127,-245545.11639045132,32053.782767047247
52,46.25530677188365,12.018060662615632,127,-300257.94827165286,51437.398622165245
52,46.24871002575093,12.011539126233384,127,-332558.13650531333,63256.66699469806
52,46.25811565303765,11.963727394857921,127,-363112.764501476,74822.45202727157
52,46.23862416563933,11.9920232619086,113,-395595.20521376055,86334.91144506389
52,46.22783311788977,11.987157655204761,113,-441870.76830205554,103261.82742324348
52,46.22366711194583,11.985279232745745,113,-459806.9276406182,109825.5190642704
52,46.220597520165256,11.97500544392712,115,-485777.15005542466,119335.66409500134
52,46.210625652885085,11.96862714453964,115,-531870.2052868556,136201.30071632576
52,46.206775900819714,11.96616472997368,115,-549730.9652078951,142738.119801942
52,46.21258666539638,11.913239379952048,122,-606978.7191943217,164047.4396392297
52,46.20664314814051,11.909620046361693,122,-634968.9966250808,174248.32358356568
52,46.186608342697504,11.941749271547945,122,-661326.2827432322,183583.67957069792
52,46.19081033317542,11.912931589749086,92,-689768.7779868515,194102.9926473283
52,46.17968975462636,11.903042210620663,92,-747007.9136921063,215024.88901177494
52,46.18421755850862,11.88220404548156,92,-762238.2613096421,220805.1048503627
52,46.16542520880601,11.89035694419411,92,-820591.6169435653,241924.53981199735
52,46.15714506685688,11.902741924347303,174,-832095.3302442482,246086.70766915567
52,46.14885252710806,11.885635327359495,174,-890186.6288504539,267350.4963701874
52,46.14049341505698,11.877254033554415,174,-934686.5182306885,283635.3158007108
52,46.13726628537512,11.874018340355734,174,-951846.2980370431,289915.6239739042
52,46.129946796366305,11.862934356909745,218,-996681.2770768628,306325.4292311773
52,46.140826103713245,11.826545357709318,218,-1013375.1464549674,312643.3079274398
52,46.13171195757705,11.814983536712178,218,-1065422.472552889,331670.1455124228
52,46.1209566617258,11.804874482993503,218,-1120968.7298262299,351952.0979318113
52,46.10784919083287,11.82780908610092,218,-1133659.9239140262,356463.96154886635
52,46.11009686140615,11.794667204056342,218,-1176535.5358977218,372249.9848683465
52,46.09908898052419,11.784320742117641,218,-1232229.668554136,392605.08345386485
52,46.0905319728185,11.798607234838421,218,-1241580.580769313,395975.9688318019
52,45.97058900110936,12.010313257127684,83,-1280312.6399724486,421280.50976702524
52,45.95053180790409,12.005238985886505,83,-1346368.1817451317,446937.14063718216
52,46.13112080536666,11.470669973858548,12,-1390941.3085837832,458627.28379340423
52,46.12144688566395,11.454392576017588,12,-1420020.1258241436,469177.48937562143
52,46.11165477304688,11.43791630603917,12,-1445617.6463409252,478502.1318139513
52,46.06298051282652,11.356016691139692,12,-1509440.0055029935,502738.3597043021
52,45.99220577876315,11.828898504201216,220,-1523834.9748307294,501943.6990151808
52,46.03497825102346,11.699634966655143,220,-1568917.24801138,516015.02354545554
52,46.0243588209958,11.681461800444886,220,-1623696.8725509031,536172.227361537
52,45.95221988871045,11.820403481007125,220,-1654777.4402752263,551809.5415769989
52,45.92853981698099,11.815372637419193,220,-1726848.1926534425,579603.6735850183
52,45.9929947965023,11.634802307864543,220,-1763026.109756856,587664.6599471518
52,45.89615203809087,11.80849183690396,220,-1818201.355529845,615303.5752481055
52,45.94558113252557,11.673357592153122,220,-1860257.4814163249,624688.1209697516
52,45.85197976539293,11.799107414533719,220,-1928262.0958352177,659290.4514501721
52,45.903719292817705,11.684123534466147,220,-1952430.0331780876,660755.9603999458
52,45.82168866903944,11.792672055316801,220,-1993362.7861259358,686068.6810414508
52,45.842025599166,11.45386446265217,233,-2070771.140612286,708917.5311450888
52,45.8372439533983,11.463116792526574,233,-2085762.442052003,714485.3854968292
52,45.81403802725122,11.508019508910124,233,-2146479.4809935186,737665.126764607
52,45.77963219263775,11.574593685859448,233,-2201814.1542982818,761075.773211338
53,44.7495014589722,9.3381252465932,0,2624190.008599785,-904390.8786418056
53,44.94498013954436,9.632806339923725,0,2655122.4401223124,-860679.0187164142
53,44.98572248798082,9.395357407051643,0,2427810.5929236882,-826377.6604844452
53,44.5108260865922,9.636753785371777,0,2467967.485075767,-798329.6121337113
53,44.45594013981844,9.25906194326017,13,2230216.3411590345,-768573.7829408124
53,45.34079186181936,12.145092636523813,13,1530937.1779898955,-767883.7025037649
53,45.40238619559633,12.132010643189227,13,1479988.371393278,-752903.9601685783
53,45.407308428686704,12.05656779852508,13,1391192.2962974682,-725648.692796278
53,45.491730131372016,12.113034924147675,13,1363368.6389430414,-706829.7871014333
53,45.4322955972112,12.015530367375447,28,1300950.680525525,-692950.8985092727
53,45.494972363713025,12.009478636721349,28,1221804.6527703623,-660751.0370495679
53,45.459297807670545,11.9645746664963,32,1167388.8140999537,-641597.309405521
53,46.830928713044855,12.134794368032905,32,1148726.4330746445,-625689.9737192749
53,45.39900050124391,11.910463865097713,32,1079983.354930428,-602585.2919927153
53,46.84706989114613,12.203525835165205,32,1035317.9875217364,-587667.5404228371
53,46.68842580611709,12.176209974029595,32,978629.3898049092,-567039.9051973429
53,46.673208714387656,12.173589845050357,32,957327.1876952372,-556288.7567896962
53,46.764006396428755,12.24504681471788,46,912260.6738290056,-548698.3338806594
53,46.81341633630982,12.28226844187676,46,846598.2178868024,-520713.0363425749
53,46.8203496791437,12.287491486117423,46,835093.5312310237,-515506.1885005449
53,45.65803053790949,11.941560807922992,42,813911.890474186,-476267.22670122073
53,45.66190529520283,11.941458282510094,42,805955.911296053,-472070.1174115681
53,46.74690327329017,12.319815100847961,24,679619.4359542293,-454783.74927388143
53,46.727225921566955,12.316197025355782,24,663920.656692987,-447575.9059051228
53,46.69418101185659,12.310121056412092,24,628230.2106221726,-430157.4243989647
53,46.67422548054406,12.30645183202708,24,601060.3788027727,-416407.0989366419
53,46.65349460887275,12.30264004577756,24,568443.58015225,-399568.9951350147
53,46.62452980324634,12.297314285744058,24,515618.14156113483,-371777.5779774218
53,46.999221128203594,12.366208795484447,24,547702.2952333924,-363849.250872115
53,45.53928229178619,11.77099243797453,24,467553.6585591679,-352729.45956449106
53,45.54292406944207,11.761025249979,24,425226.03679753275,-334792.5676133349
53,46.754128781315536,12.416318006499642,59,368734.3395226352,-322168.2382446853
53,45.54810389656328,11.74676058064357,59,364015.80598570243,-308801.98587561166
53,46.73855213980398,12.424031721660166,59,320782.1081369348,-301065.2831568827
53,45.55393542964773,11.730601238348333,59,293925.0125954912,-278970.5992340121
53,46.9413907381323,12.467004552117027,59,278751.2865885337,-263870.9601314479
53,46.75236710552495,12.460170074922654,63,212027.46058478564,-253291.2474307147
53,45.56106725853331,11.710737129150083,63,206955.5653028465,-241859.31289324252
53,46.785976876280515,12.489194353933337,63,147220.48798551384,-223854.80404912986
53,46.814325731250214,12.504188746623255,63,119034.67585714746,-209818.87784042067
53,46.848038041157935,12.514000366163602,63,106029.09412878049,-201270.54017230318
53,45.65399587275073,11.70767646110721,63,71458.7558956873,-178020.50818978657
53,45.57470460355509,11.672632492936655,63,38987.60338873586,-169904.94431236325
53,45.57536471282923,11.67078922098452,63,30862.42515009904,-166415.19286217864
53,46.93531117550997,12.546482323252095,63,10573.800534463617,-147397.0808956337
53,46.92936171450679,12.559758014421018,63,-34863.705490259745,-128126.7270956175
53,43.077542526341404,12.23652047208817,63,56866.00792851037,-76810.72299354064
53,46.95549384480135,12.574461541413786,63,-87327.88617125829,-100535.87855241525
53,46.565194888975675,12.44642625988689,63,-117189.17115536878,-85550.23777799
53,46.7491955954403,12.567365444279405,88,-174988.5943404163,-79202.54897554562
53,46.784080513151046,12.583585808421113,88,-192730.8756182652,-70529.54108304241
53,46.80528951546669,12.593447311993932,88,-207614.2246220106,-62850.220176683186
53,46.74879206845884,12.585862383377384,96,-240803.48989639137,-49115.63754232314
53,46.774670963836655,12.607057370353875,96,-285316.127902976,-28385.649808171016
53,46.8891152125274,12.632423563623107,88,-293306.56879576313,-16829.937750700417
53,46.92159511181021,12.647525671589122,88,-336243.34842087567,6660.196100353828
53,47.035808419569896,12.645306935862424,88,-342891.47131293954,28094.405196676325
53,46.9411745656865,12.65662948757638,88,-364210.06884316984,22034.63919945614
53,47.08553800858085,12.647632302879838,63,-374178.04640031344,51951.27492729867
53,47.09549638502673,12.653235491568463,63,-396628.7922012877,63984.15500760707
53,47.11472045545247,12.664052123631345,63,-439682.8059760359,87102.95484584062
53,47.1324656091825,12.674036627149398,63,-478934.75170292926,108233.66034218205
53,46.74744519418621,12.67000910898101,124,-531032.0288101644,85073.52868076191
53,46.7800062461132,12.69049899902424,124,-564570.7159960011,101153.91158904199
53,46.79980240648959,12.702956248571946,124,-587540.6393444969,112533.92545294299
53,46.74713577969812,12.702696862626265,124,-638490.2706109298,135377.2236081985
53,46.92406578608557,12.738892106711585,124,-634504.0110983556,144191.64712981877
53,46.87804403794307,12.75219183312491,124,-693821.8413233802,167276.44467315875
53,46.74700879673122,12.72217109199011,124,-700833.452726901,164718.44834156285
53,46.90836028222663,12.771269119487973,124,-739968.1819618341,191714.67192010983
53,46.9266354468595,12.782769242846676,124,-768651.8409353748,207050.5532810633
53,46.74689307501362,12.754688009727507,139,-801919.4875537909,212546.9466797319
53,46.746881791554515,12.764817224967636,139,-832603.4889762455,227129.02067260921
53,46.746882667286826,12.775345216843679,139,-864076.6383021917,242118.1459449408
53,46.797297277455975,12.807010474362073,139,-912446.7031867258,266035.07087600365
53,46.80508557166821,12.81352857954698,139,-925334.3831823186,272461.96336587786
53,46.80017931047591,12.821969534117237,138,-953285.3672010421,285675.3819875694
53,46.74701823186054,12.818356374634792,138,-988080.6272804303,301505.7234353495
53,46.82558760203427,12.853004607184934,138,-1021970.3898754929,319665.4091024146
53,46.837856215968564,12.867990161369713,138,-1054744.1449615825,336047.9312531181
53,46.85353012718683,12.887135131380708,138,-1096077.4093267769,356857.9424681593
53,46.81899905965176,12.889685598700426,149,-1123976.7625593652,368697.6772264174
53,46.84459548424283,12.919115163041544,149,-1182444.8630693597,398304.0811305659
53,46.65003810318159,12.87245476450732,48,-1222866.8316015096,418430.6425217981
53,46.667156185604156,12.888055719368477,48,-1243528.2205437482,427649.0129577123
53,46.69420379170585,12.912706172116541,48,-1277061.993546027,443106.821283018
53,46.748727787171525,12.955639040828215,164,-1331769.1851585894,469398.90844953357
53,46.778694480647424,12.979764856435082,164,-1364012.3744768947,485686.87941241695
53,46.8036748819368,12.999876269653813,164,-1391005.7464875062,499694.6535813585
53,46.77119167548439,13.016085705114977,170,-1443857.7727322942,525658.6330273893
53,46.750024794749045,13.024983975641588,170,-1474385.0769845978,540998.8469499632
53,46.820964102921806,13.073949067684179,170,-1524302.4430037092,567577.6180540208
53,46.84639886180989,13.103518464862002,170,-1562162.1654080732,587925.5679699699
53,46.91912247928832,13.155090493733516,120,-1608913.5184375772,616024.8911126491
53,46.897468141454766,13.186285208784051,120,-1662372.3082265868,642696.6214184699
53,46.87287832473073,13.22170870368596,120,-1718131.9768297544,671214.273237808
53,46.84741319501731,13.258393153297904,120,-1770054.2368647025,698588.594208536
53,46.835231687023445,13.286192329333543,120,-1802469.5747448083,716402.5112961761
53,46.78533754764938,13.347817828672609,120,-1870699.2454129546,755306.3608963288
53,46.72974084383436,13.384797880358992,120,-1909371.896492871,779491.046821889
54,44.751969751646826,9.28786594314292,7,2558096.512647349,-889337.0804648635
54,44.76917028471436,9.212144586201974,7,2410523.733219592,-845345.3264886965
54,44.83965486445702,9.198953383340436,7,2323548.9873149875,-816899.2746461317
54,44.76552280949753,9.139774430512187,8,2245298.372379636,-791952.2098145913
54,44.76824625498358,9.096600601478865,8,2130660.0927997692,-753417.53328048
54,44.83803861379833,9.06231346171012,26,1970118.47143173,-698542.4042223981
54,44.85438974485115,9.031828609503394,26,1857234.0463069852,-659065.0947127026
54,44.91174869142668,9.034079767533399,26,1767966.8101378866,-627363.7920417467
54,44.932921809415824,9.0173507363657,26,1673296.0129577315,-593601.2171826726
54,44.8662379729587,8.945324799000167,33,1564327.8653495775,-554721.725353369
54,46.07599820899534,10.626708553220295,33,1486240.1885395353,-544847.7635136385
54,46.099954840219375,10.64541523626999,33,1393152.0012152204,-514590.9049388104
54,45.05321370033883,9.01380466523896,47,1342770.2279295956,-473981.43276025954
54,40.89253428436167,10.73547341577648,47,1168092.034702555,-470281.43313928205
54,40.73614249530966,10.74488688051913,47,1025066.3082435526,-423143.2468214819
54,40.89437714475886,10.576149633343016,55,1016851.6865212251,-397351.67824274173
54,40.845879990289426,10.565567041447823,55,951061.0021335321,-375588.294639806
54,46.60467814335587,11.872377292958214,77,806794.4626839132,-345540.63735119917
54,46.5354187195638,11.926925130694887,77,716184.2390794496,-326586.76394267
54,46.539889130344875,11.976208468998252,77,668705.4901108902,-313293.4368916408
54,46.48098454947191,11.963439225295739,77,592734.5797961026,-283661.0943038979
54,46.45303303307485,11.957379938913604,77,534525.9774233736,-256569.35513634115
54,45.70896626089437,11.931653642371504,77,359060.58377156215,-250727.5662893691
54,45.681521562101324,11.894424543449952,77,292196.9889157692,-230738.03074261165
54,45.672594959430754,11.866536078163776,77,234315.21272195474,-210793.77189443354
54,45.66693218674825,11.84756094351697,77,190413.94872119048,-194892.1821994726
54,45.62308691713651,11.835578084338014,77,133841.59364217528,-171952.23833102087
54,45.76928467655581,11.809158030427161,77,101883.31983318689,-147342.87365136223
54,45.65097443956314,11.783510920707126,77,21124.394088541896,-130108.18053660722
54,45.66926988295255,11.763929868399547,72,-26533.773397743767,-110731.86664303901
54,45.64642501657099,11.759842090992532,72,-47608.298360281064,-102824.91834442089
54,45.64197265521708,11.731666972050474,122,-132319.81763947234,-68691.77944793175
54,45.620781808379796,11.728473967504636,122,-151411.99944969048,-60514.52577397204
54,45.638787973920564,11.705822178016984,125,-211927.2494700857,-36209.341336872225
54,45.70981988392216,11.695996111868254,125,-230260.66882361248,-23657.596738869226
54,45.755822496242466,11.680636430644904,132,-285598.9180589595,7688.8515088157155
54,45.63554903483112,11.666874857537609,132,-333530.6859295115,14017.182682932447
54,45.63464996437068,11.648800081450233,139,-389991.3126078587,37552.496157271235
54,45.634133403938904,11.631477084463484,139,-443777.5082940199,60089.00825722406
54,45.78582473832367,11.639001511427887,139,-429989.0038711128,75063.33625166156
54,45.78283956565352,11.61374086333348,60,-510691.1796219763,107824.66908149543
54,45.71146839981849,11.592605177271624,60,-565118.1978347406,116584.06598360819
54,45.77473700689379,11.586502061312876,82,-594869.8699090814,140920.43377649394
54,45.635303933765535,11.561700399664247,82,-652408.3572090258,148564.4684452423
54,45.706720746274414,11.552898505425064,82,-685401.9915876834,166963.41985179228
54,45.63770959069518,11.528197262876233,82,-744913.2006426031,188408.58247650825
54,45.638570906104654,11.519228954320138,82,-768521.1889499318,198655.004198042
54,45.78460595238906,11.511893654516578,155,-813480.5893529173,234796.19710281127
54,45.72041289477176,11.487281589746203,155,-865430.9128459535,245883.8345594151
54,45.6472780797192,11.459241192982828,155,-911118.3599965976,261537.10410000777
54,45.65209241469666,11.437701435112007,166,-954936.4701962918,281387.6784041852
54,45.73194785104012,11.4377585470952,166,-976642.9387160488,296014.1712724603
54,45.80638277365016,11.437811782369387,166,-985858.6577185747,312478.97650403157
54,45.62275751978635,11.358783369166089,174,-1047834.5641305539,327935.9444332373
54,45.697647088830756,11.345760626171097,174,-1092794.7887738105,348994.94810936664
54,45.778130324464236,11.282652691823186,174,-1127296.5734535044,377313.07988235605
54,46.48581418972794,10.354050417625462,43,-1109083.3143701388,423913.36668631685
54,46.44152393168909,10.357303388591257,43,-1166452.7629509647,445421.05956859404
54,46.57094171615086,10.269054309033407,183,-1183718.22728041,475379.38642657263
54,46.56599548490859,10.268993593868672,183,-1207735.7904486256,484377.3043927361
54,46.43202721608405,10.337407969379802,183,-1288048.590407668,496250.007767912
54,47.68295022068877,12.857764771408403,183,-1080781.1670593286,661786.0760158474
54,46.282993780075074,10.265519737858327,183,-1356374.4793764988,542155.6284214664
54,46.51987198753609,10.268427426295016,183,-1412055.641624377,561028.3624251917
54,46.421457058771324,10.305974713024755,183,-1468144.7393711177,572265.8577137254
54,46.582255507515505,10.156949400375604,183,-1465088.903761601,616902.4188620267
54,46.417158217583,10.293020050497674,183,-1537413.4820525309,601855.2528091624
54,46.45156653216901,10.267588974396624,183,-1617226.7233761023,638561.3271249713
54,46.447623833538486,10.267540577630454,183,-1624444.9527827897,641323.3569544102
54,47.6284148484991,12.981462994160541,195,-1401242.4711728645,898896.5401004364
54,46.405603078958436,10.2498126631375,195,-1736432.1844937825,689056.2207151803
54,46.511903453807044,10.152196419330787,195,-1761725.2630744,731185.5563960023
54,46.32423035958052,10.139517234965004,195,-1785385.6333891568,743090.536735204
54,46.35247143648044,10.141425200633595,195,-1870220.9974811235,775360.7317114098
54,46.44498308938058,10.147675283033196,195,-1921573.469279543,793447.6676821451
54,47.653578779133845,13.124816937793149,252,-1664126.2580488948,1108062.2418446017
54,47.57762452157266,13.104380649952205,252,-1709226.7873727302,1142185.8308820399
54,47.56514253750809,13.121720567373352,252,-1757120.962915764,1181224.203326256
54,47.71047404318842,13.244586989264334,252,-1803393.2689474162,1225362.4975567253
54,47.59765808752003,13.191551401039856,277,-1859100.6230797023,1265022.689922634
54,47.650720045172115,13.258472494892157,277,-1911500.6415698244,1310448.7686045535
54,47.51900469843216,13.200595394349701,277,-1960673.1785759446,1350647.950113905
54,47.61465502886974,13.299290414081025,277,-2028289.09134876,1406753.6652972053
54,47.60048797921188,13.315324497726829,277,-2073158.2595325178,1444306.1684319181
54,47.61338158491486,13.365170515821465,210,-2133502.834630504,1496280.2061399708
54,47.593684973487846,13.38871841202276,210,-2195157.9867060673,1548609.3624138718
54,47.59896138336292,13.431536419674298,210,-2247594.7852252615,1594406.0660595465
54,47.60819671910866,13.496143528053143,210,-2315211.152808011,1654581.6390658817
54,47.533580340785235,13.46234216442962,210,-2376973.5783587964,1706079.3391774734
54,47.50237656016857,13.49788038879801,210,-2462425.1306204163,1781668.8045133532
54,47.4736031446581,13.514635162745883,210,-2519173.916767445,1832501.8579397458
54,47.45419774081528,13.555479628212158,210,-2590066.3462255686,1896470.1010612291
54,47.421071181692085,13.595083434106867,210,-2671949.9898566967,1971318.7857704156
54,47.38586453350687,13.635493281534918,284,-2751930.50319128,2045389.8319325123
54,47.294095745224816,13.63745602486003,284,-2856574.001633943,2145765.563270083
54,47.25673340354434,13.664561663950806,284,-2919204.9825015035,2205809.538126188
54,47.19827319771545,13.706973385729965,284,-3010060.4595404165,2293988.9724633237
54,47.12592601066805,13.759459837411981,284,-3109649.7613217793,2392315.6788247256
54,46.98596521660264,13.753443796489332,286,-3215800.2220844054,2504844.0870070886
54,46.85233075423562,13.819280325995473,286,-3328470.6922835787,2622106.125496582
55,45.71666700378705,12.152960659709247,11,6807775.72518117,-2810412.605016425
55,45.71936073882231,12.064189436582348,11,6503171.786100667,-2695846.7473317566
55,45.75096568645993,12.092637441467229,11,6170208.823962156,-2559701.7498456878
55,45.77351125324837,12.133854509857006,11,5833030.095005937,-2417224.310561319
55,45.78006606339051,12.118831051232547,11,5653509.946768573,-2346191.1946281074
55,45.77975655607379,12.040321272438277,11,5218687.231768264,-2174047.962456399
55,45.80834747308151,12.107520349425409,11,4919661.1667796485,-2047400.0692196703
55,45.80126854952855,12.03394942877468,11,4635204.977194615,-1935614.530310164
55,45.80942082587851,12.031626600803024,11,4401421.557827576,-1839908.0338849442
55,45.818761956473146,12.028990719286368,11,4126676.272171767,-1727311.6519583978
55,45.827862998964505,12.026465846023328,11,3853544.9846628807,-1615248.2323391095
55,45.71992470756508,11.89697765223013,70,3688887.7700539175,-1537081.754691796
55,45.69877484031235,11.888361921020197,70,3517897.330392945,-1465780.935598404
55,45.81168144709558,11.93435620383276,70,3128697.9379756968,-1312328.5586632197
55,45.798724228595525,11.906349069222436,70,2912376.460348373,-1220534.2158376996
55,45.65092786544652,11.870293841396933,70,2748194.1189712556,-1148197.9227854013
55,45.64428480377995,11.866164547260215,70,2551037.430529344,-1067087.4406159616
55,45.834599035783455,11.915100802477555,70,2324432.262198081,-979367.7953914981
55,45.50812420043441,11.961113451379365,70,2081509.7957181502,-871457.4750347263
55,45.87436352666497,11.95989073522231,70,1916361.081817537,-814616.0860879628
55,45.88492454135837,11.964192930730928,70,1687125.854374012,-719917.7148494192
55,45.52701442822504,11.911273540095381,89,1448335.493473308,-612975.4916027035
55,45.97278033835843,12.227162323207597,89,1394785.1160619473,-553564.9941150039
55,43.83390632399609,11.785084405458006,89,1084922.8694070645,-439962.0169639922
55,43.73302994598001,11.781803397131114,89,927201.3434534711,-374769.24546794663
55,46.48162564408898,11.871201584795184,89,659780.3041562497,-298500.25952076673
55,46.55247396176682,11.939866818421798,89,459059.551027643,-231201.7730677866
55,42.4657514637094,11.740585112587262,89,186819.28416921417,-162766.4721472546
55,47.14404848118418,10.69241644906047,122,95750.17880740034,-78873.83578692237
55,36.15323496305988,11.671763593873349,122,-82114.71898676013,-5941.974076330749
55,46.544924928525724,10.497255753110373,122,-235060.09742638198,70214.1664034143
55,42.53517265813446,12.181440996784216,96,-401182.53780991584,114385.71655454519
55,42.57670280621403,12.215135025001533,96,-634672.1206616581,194638.54750530058
55,42.61380319369041,12.24523512240806,96,-745126.1350143917,238809.97052848578
55,40.652744108781604,11.875208219596727,139,-906646.4862990709,353761.30771611736
55,40.62741460340925,11.84973733100443,139,-1011325.0536646124,398490.5639305654
55,40.57073457628106,11.792740929567925,139,-1220863.2486258603,490330.66651306354
55,45.459894972201255,11.87542160709224,48,-1358655.6749322913,539888.1779150112
55,45.45756047458512,11.872751186412497,48,-1479068.8092448825,589353.7401086214
55,45.436138800322034,11.894849225270278,63,-1727476.3722173665,691665.1721275491
55,45.44324561469848,11.87541641700931,63,-1859123.573170295,745548.2993599856
55,45.44095262396225,11.872710272295883,63,-1976258.4608634114,793669.4476319257
55,45.37884574397156,11.984963168326821,63,-2206861.9974751966,892020.915165129
55,45.4320384131122,11.871592326806374,63,-2264691.8422248187,912199.5754073826
55,45.43269285519049,11.862962247917695,63,-2385377.795545383,961779.7675511792
55,45.41796294711418,11.874430241450744,21,-2649011.1623957236,1070165.575295645
55,45.415556822785604,11.871824173254797,21,-2763032.1153892865,1117016.5104072348
55,45.416980498188245,11.86262581301939,21,-2856831.4059254304,1155549.6336009277
55,45.409881611039374,11.865677363357465,21,-3025899.165588104,1225046.110844651
55,45.40688952628237,11.862436642654803,21,-3160996.995034519,1280577.390590433
55,45.396183296271445,11.876253850517827,27,-3296852.369230797,1336471.626876487
55,45.260025392086604,12.751023921979113,27,-3133833.8626261638,1600260.0216082013
55,45.368210811362566,11.915806504234448,27,-3650101.2879897165,1482330.5805938034
55,45.38483194848034,11.862420651050128,27,-3822880.321819471,1552696.2546025938
55,45.355158073405704,11.927491468720412,181,-3933802.907551658,1599311.0046609181
55,45.35178104410636,11.92037127511304,181,-4144575.1557596554,1685772.8026845378
55,45.36443734256533,11.87493158620672,181,-4297860.581940641,1748060.3154847
55,45.37291340605399,11.835140673840003,89,-4445487.090843974,1808931.529043487
55,45.368962713646894,11.83501217740764,89,-4556857.524826535,1854747.8620956317
55,45.207386806905106,12.393450606257996,89,-4652722.83028621,2002003.5756526734
55,45.350138906827056,11.864344018458858,89,-4841141.471787017,1971510.2327688225
55,44.47218925041615,11.737551860859556,89,-4974782.409864777,2041744.3665972194
55,44.45572812836147,11.805309185114947,89,-5113579.344215516,2101891.3793089297
55,45.330942772534286,11.878983346317483,89,-5280659.097153654,2152407.646948364
55,44.476671623836175,11.80599037316311,89,-5508104.232885958,2264942.606733681
55,45.324025332252496,11.867586429772798,89,-5584370.096221258,2277374.353653099
55,45.3083929903697,11.888163117275395,89,-5880228.694457649,2399267.571644286
55,44.49804617466306,11.806685581304261,89,-5911382.9818616295,2431628.2129081087
55,44.5079570411827,11.807007932643765,89,-6098115.024944379,2508812.3743626783
55,44.530900330554516,11.766460369919225,199,-6211785.640954219,2554777.0323334923
55,44.51194043027716,11.837535274753035,199,-6387865.422813278,2630522.413013655
55,45.26490708878963,11.96232634675084,199,-6557125.400476268,2680196.006569196
55,45.27997642410154,11.875659153045111,199,-6790746.556763394,2774217.4185136617
55,44.56059853699525,11.780979564751698,199,-6853148.214542311,2820424.3740726374
55,44.567565511022266,11.787644390589215,199,-7031375.254834453,2894203.0594493393
55,45.26215983407431,11.879405215218892,199,-7260177.944953618,2967697.2634716425
55,45.252637228465176,11.881578015436007,199,-7505420.768346052,3068812.5364276567
55,44.59497064172098,11.796515515127517,244,-7585937.37861489,3123611.9191294867
55,44.59934813999433,11.808519067447872,244,-7765621.165325957,3197942.5526647987
55,45.20314794299967,12.023364467790678,244,-7903662.611910086,3239690.361087081
55,45.19286328437149,11.708398713448014,91,-8097042.324055165,3325128.6338313827
55,45.173567138278514,11.704459641941835,91,-8341778.920286153,3427733.102982818
55,44.825599086652026,11.63342623295859,91,-8410608.432489933,3484304.656561404
55,45.20610917694855,11.893300266081754,49,-8640841.06961439,3537329.4370765463
55,44.6905200674819,11.765641057259737,49,-8795799.97219121,3625186.768891422
55,44.66329227029425,11.83856074041581,240,-9099026.401867196,3748477.055062938
55,45.15277474878854,12.034857204196078,240,-9190412.240305016,3771987.6176964515
55,44.669318751646934,11.862440077980171,240,-9397822.219095057,3872148.133026745
55,45.15849852480922,11.902342467885958,240,-9681582.256655635,3967458.6319640423
55,44.83898012635997,12.534706530211654,240,-9743506.781452697,4209199.507893172
55,44.68556192327588,11.926802042407557,240,-10126590.157617552,4175825.596658437
55,45.12959479910036,11.908234264078935,253,-10235390.983040012,4196714.326047498
55,45.097746880265554,12.035040546307663,253,-10424318.578874439,4282357.3792968
55,44.696228516892006,12.012420654914607,255,-10725406.106713595,4432679.073223467
55,45.05838200030843,11.824910526984853,255,-10912979.429888202,4482592.601962317
55,44.81991977872109,11.84391570322436,255,-11107534.068717435,4573472.960106487
55,44.802489321039985,11.908316827715835,255,-11465075.630582243,4721127.931631996
55,44.77269714279732,12.018391377390879,255,-11682502.470423682,4821820.601270887
55,44.79124937764541,12.084503611990216,184,-11931886.523085112,4934369.1453652885
55,44.82230389880862,12.066449063438311,184,-12134698.300666012,5011448.867507389
56,45.07918277879641,12.932593219556715,15,8576994.44998658,-3002654.7635188536
56,45.09868964953103,12.86461397342388,15,8258623.420194841,-2926489.3269236796
56,45.164378243721224,12.839208232026857,15,8092864.094979194,-2875947.1665121173
56,45.181131437788274,12.793630924024265,15,7814210.800621883,-2798854.8052796726
56,45.173262273437544,12.75107265451246,15,7551100.834116314,-2726814.688493496
56,45.14494698523651,12.717603268503364,15,7315363.662177003,-2658634.7241913527
56,45.1780648289138,12.695792967427282,15,7142185.517286918,-2604279.3530930546
56,45.161829018003985,12.668026644569785,15,6915968.244229552,-2534310.563248096
56,45.168767241735694,12.64819824592105,15,6744702.2869588,-2479631.785150286
56,45.269478068171466,12.648461756847007,15,6616112.537040526,-2423408.647841567
56,45.18150992922716,12.612649543449445,15,6421359.120618521,-2374493.5505635594
56,45.250769738204895,12.604178915400604,15,6290119.198051133,-2325513.6760080163
56,45.2325567353682,12.583079726519314,15,6121674.059444012,-2273123.370693417
56,45.199756616115586,12.563592199689156,15,5941530.119623045,-2214503.083961134
56,45.26782554725454,12.557778338938725,15,5829890.2935970565,-2171724.1864872584
56,45.27037776496069,12.550834993567253,15,5758296.091110694,-2147473.1618237053
56,45.24677581108302,12.525082245134843,15,5529784.652637246,-2072941.799945153
56,45.23971621953955,12.512304756337988,15,5398169.608816833,-2028135.421198313
56,45.28652290632124,12.506911901792051,15,5289861.361068017,-1986855.4863053819
56,45.22881848122472,12.490114713898835,60,5154020.204802899,-1943514.477429074
56,45.25031232765362,12.48669601187336,60,5113291.528129373,-1928895.9100345364
56,45.332569259756085,12.483107655695934,60,4935449.726373467,-1857587.2835761313
56,45.32121593226294,12.473094349672506,60,4864576.817361929,-1835423.694995831
56,45.35218643449592,12.470492433953629,60,4744714.912925894,-1787883.9476846776
56,45.24828537923538,12.444598157207833,73,4628849.279518503,-1757999.3004809436
56,45.283317626057226,12.44058774033188,73,4570551.67271091,-1736381.058237508
56,45.339750322113225,12.434127445684801,73,4405385.9654178005,-1672587.113990566
56,45.26057723450204,12.417706345074135,82,4306944.26112881,-1642650.8234316306
56,45.29023038301255,12.414595470488893,82,4261756.496315111,-1625851.6695411452
56,45.35247377963651,12.408065593886143,82,4090318.937656867,-1559574.126076085
56,45.27368839270389,12.39087883075533,82,3978393.210732805,-1523751.8384786495
56,45.28603308787018,11.627998214701536,75,3776945.603305941,-1516360.763473191
56,45.28080955798481,12.377250757962317,75,3809021.990148423,-1462023.9077287577
56,45.29367190324879,11.415507211164108,75,3649399.3322520982,-1450389.1295327593
56,45.304181978419,11.642279571694992,75,3551933.176938825,-1426839.7371560102
56,45.38087629967307,11.466323865395383,75,3453556.283020269,-1374871.2072837034
56,45.314787644177976,11.650625167170906,75,3403452.8101682314,-1367571.240752309
56,45.323663963958836,11.657609940771119,75,3269960.001677827,-1314190.443002634
56,45.098208699533956,11.715579412246877,101,3204612.367205372,-1294823.811257919
56,45.777752388657866,11.977967064848523,101,3036183.841427195,-1280690.6392528769
56,45.73549667153965,11.998951457691454,106,2959421.917452857,-1248576.5516113222
56,45.77510897064432,11.999993041248606,106,2884324.928111835,-1219391.5878520932
56,45.77065135789291,12.009344198420342,106,2825629.2965217684,-1195439.2270372503
56,45.255394034376714,11.325111732716731,106,2838205.851781425,-1121640.9902735082
56,45.68762520655899,11.997692703922862,106,2656904.055679495,-1121594.909906999
56,45.811403076182685,12.000947374736052,106,2576292.324683928,-1093367.3229428472
56,45.818486312396516,12.001133624525599,106,2493603.8539399835,-1059340.2204106797
56,45.82634780059197,12.001340338021766,106,2394492.5160221206,-1018488.3745137656
56,45.73013400233819,12.070994651309555,134,2342320.0743352734,-993336.1024173973
56,45.73874407473817,12.073885121383354,134,2303271.9372670245,-977591.3996871279
56,45.75459393467298,12.08321228719475,134,2155697.3977465676,-916979.7538312174
56,45.602790829194234,12.346511317111124,134,2207359.213490085,-833606.9858040388
56,45.05126364535402,11.798138153780465,134,2102891.7225512117,-861566.7253504863
56,45.781162200888026,12.088125225127785,134,1928376.8870401944,-824130.4127414557
56,45.83366766071894,12.042953441941668,134,1860131.085595983,-799218.5852927171
56,45.10966853404996,11.82789034988741,134,1807986.4358319766,-743946.3953378012
56,45.62686971816481,12.0263298116219,134,1767131.7147107518,-752004.7995289698
56,45.00071041722348,11.82612132783993,134,1656298.6121850219,-685244.7852898847
56,45.033163164324655,11.837015974243686,134,1604074.0727387723,-664600.7150378571
56,45.84113411447072,12.064807060233452,137,1507605.4391595696,-653108.2687719016
56,45.609284188303725,11.99563277005612,137,1464885.424060907,-627261.6911859326
56,45.83215688363737,12.089862674070426,137,1345236.3521217355,-584393.4699062628
56,45.83856068713624,12.091182284416803,137,1243678.2105287658,-542284.336801815
56,45.85564584661256,12.07622633827436,137,1167223.2524015133,-511586.9760042608
56,45.90703459608259,12.003461952807118,137,1107249.4646215714,-482921.960666437
56,45.87386611137567,12.062745585605304,137,1037502.669726424,-457918.98032007314
56,45.87699268104729,12.06420802728903,137,972373.3826720804,-430765.6906453679
56,45.56849606490069,12.035530971918659,137,924522.1659349516,-401216.5792321298
56,45.55931536126862,12.033639135059197,137,793120.2883768956,-346674.227821106
56,44.972332878994834,11.912681620218681,137,775211.0929322175,-335404.29762621043
56,44.78939650359972,11.874984533832032,137,661446.3287962981,-286841.511247854
56,47.25337409848987,10.945484357333655,185,524323.1259641444,-263987.41037061036
56,47.211882953769326,10.946706052572068,185,506123.09407439886,-257584.6941172859
56,47.127402786944984,10.949193547632635,185,430509.30535849964,-219675.10621817736
56,48.13184442545479,12.239864651976,146,345518.24510501156,-183186.55791824282
56,47.97513435786184,12.226437499849242,146,263724.39627530234,-147428.28525140978
56,46.84222892422119,12.504502507868102,133,130866.0563077411,-108664.17423448137
56,46.941918021208,12.52044490562649,133,84218.53817316638,-82033.61717957038
56,48.06997694733261,9.902632695795225,194,11681.178365270594,-46145.43447260674
56,48.03910691507517,9.726965310810943,194,-73400.3511985682,-8746.32060825276
56,37.01855464601448,12.152315343639618,123,-199780.02452655954,33027.18393530113
56,37.22257046306667,12.176619879141695,123,-256457.9126483328,67427.33137605767
56,37.20179883009127,12.025405356150268,123,-366028.15248610644,80813.31531209627
56,42.51401608617956,12.215571545908691,123,-450732.0197175116,124978.7846995877
56,46.54370640611597,10.4336838922918,123,-522932.1621826108,188111.0935092973
56,42.64864834258758,12.255608352853953,123,-726807.0391875014,240110.38042024095
56,42.61616675925492,12.255012426628333,123,-755264.5150253694,243426.87524215895
56,46.59907832092678,8.047091923987235,215,-851468.4774881006,326638.5281403301
56,46.718549284821336,8.079023032222155,215,-920663.5561763055,355153.6597842014
56,46.377849827059144,10.371347776064216,212,-1020932.676979525,391180.94898097235
56,46.37873694462217,10.350856061642565,212,-1164495.1969884166,449429.1088151366
56,40.63121718130556,11.660563670763743,163,-1233665.8198198506,502915.2697869647
56,46.140269129092246,12.185032142933947,163,-1323082.3617902903,578624.9718316301
56,46.08090968130015,12.15775733090974,163,-1449404.6081690053,618835.4535347047
56,46.42561543756186,10.283580429326603,163,-1628185.7924981173,638363.1635658435
56,46.42283011692808,10.27251083378121,163,-1692223.0082863788,665530.2766938054
56,46.054576951816294,12.300730523288886,163,-1787156.3046013492,799151.3197138148
56,47.432645214201266,13.214648890154606,163,-1865644.0622906801,1372917.1811386421
56,46.47362520035625,10.119437027313074,163,-2142722.6883595227,885739.4631428396
56,47.40115853773334,13.435820966638786,163,-2148674.223667838,1686630.2953510142
57,45.18895122631296,11.597542288362545,0,4369303.9317484135,-1747297.9225847332
57,45.2403331858542,11.49434253463413,0,4273084.031888095,-1701550.714362776
57,45.17475927638388,11.459505023165212,0,4174702.4608174697,-1653425.5911950148
57,45.20326252771645,11.664623542965332,0,3924620.5043981755,-1576112.2268912487
57,45.199674516560854,11.677246875126844,0,3816518.523340072,-1533794.5873199783
57,45.219546992331736,11.677508905656007,0,3763026.2847730154,-1512669.7951009471
57,45.13338266838694,11.706057912389763,0,3573033.2124637393,-1437259.1923989211
57,45.22888684650155,11.701547209266137,0,3480329.2633988294,-1401144.358675119
57,45.770142115380345,11.934636460547678,20,3242087.5122907036,-1361261.0591212003
57,45.78782751153608,11.936510094842255,20,3171228.0024315496,-1332422.3026538736
57,45.81030973526146,11.916083029380555,20,3034394.958617083,-1273411.6917729457
57,45.81619640270598,11.940335718650301,20,2938259.950299547,-1236724.9064619415
57,45.7093335774585,11.897249511276813,31,2857299.5537603237,-1198668.5165293477
57,45.7049891610809,11.897073965709184,31,2806754.21638892,-1177812.9730860784
57,45.79678646561818,12.003954272264552,39,2677120.4720865395,-1135375.4071146424
57,45.773759701306744,12.030755135354083,39,2562239.10980326,-1088776.186194678
57,45.774503266199325,12.035417478687153,39,2505252.235441486,-1065485.0616317096
57,45.792386277991135,12.033145491124944,39,2398370.782994184,-1021983.0346460404
57,45.829142519158296,12.003927225323766,39,2320093.203373064,-988380.9351093785
57,45.66078006403553,12.004067962183063,39,2286229.9998725466,-968189.3701990244
57,45.77372356871317,12.064639580547892,39,2160558.3868425665,-923814.9810034268
57,45.65158529272351,12.004075648238931,39,2155240.5217963248,-913758.7992719804
57,45.80944779708924,12.05145084213454,39,2004563.5324164554,-860516.4807076178
57,45.80430102300455,12.061661159891768,39,1930414.3684210514,-829951.140348196
57,45.81363692713762,12.05535623502287,39,1907281.7349753769,-820511.0697632456
57,45.80959744110355,12.06507911192159,39,1828331.7699237026,-787949.8286243322
57,45.821349331145406,12.06212684580783,39,1727462.590397058,-746451.7028262708
57,45.87296504478204,12.00389059337623,39,1666977.7305299102,-717331.4986345714
57,45.87686632293692,12.00388733223565,39,1603189.4222034998,-690733.4702184031
57,45.612521362423855,12.011476060582925,41,1534699.1870106068,-656039.4602916436
57,45.20913926458697,11.847732488395248,41,1508691.8623382035,-618644.8155269366
57,45.93780263910422,11.851173057304171,41,1440414.6928158333,-591979.7265622289
57,45.64699764709816,11.849799947787423,41,1353761.4224839448,-576516.4009133748
57,45.86051082435266,12.053023595340983,49,1295172.799348411,-567179.1885720794
57,45.58716948590995,12.051409477716629,49,1212975.8715718677,-520466.6128637242
57,45.84563992169295,12.0810789937246,99,1156674.7143416805,-510449.0074724993
57,45.84825522887597,12.081518800037374,99,1113970.6009166148,-492735.1460840582
57,45.62287822512528,12.215578152508675,99,1052254.7023223129,-442620.48670468986
57,45.8570909893249,12.080566619695128,99,998665.3057701958,-444835.6786977278
57,45.8607723603074,12.083623758665981,99,905707.4820445018,-406205.8588458564
57,45.86383620780538,12.086880519925117,102,819343.189146702,-370285.07981387444
57,45.86561870080316,12.087291890817179,102,787856.9668577175,-357172.12646845926
57,45.86513897183116,12.094256975032472,125,707225.1809460942,-323613.4693839353
57,34.93016222749162,9.654923062036739,125,613152.225027271,-310459.8490670997
57,34.9346980894936,9.711843888758436,125,585145.2739563583,-296206.05589209683
57,34.937248302074906,9.74384667199594,125,540035.1950036071,-273439.2138145716
57,34.83382799037617,9.575605967467952,126,451381.8197358046,-236410.20717182048
57,35.12133332916054,9.798637217887016,126,410372.6592380533,-199227.58825482408
57,37.535243616112915,12.85131668716059,126,290308.4902121217,-215051.17216093294
57,34.77527640629553,9.504513565383634,126,319767.4642312047,-176421.96138540658
57,37.472436309259486,12.84732395611377,126,199774.30783277267,-177003.14145911764
57,37.55512932682324,13.306296333742601,126,169880.98509854433,-151001.4562462149
57,37.56658162306717,13.335768050704411,126,120892.3342030454,-118757.50650244563
57,37.52962878042411,13.434270496191026,126,88423.39553954042,-91733.95547107546
57,38.43011145487303,12.610862153602206,126,14377.445834314007,-56728.220317659994
57,38.343303321205724,12.537081443972573,126,-49277.23052525199,-24215.25109591158
57,36.41058195697479,13.9573462728988,196,-116180.06608113581,4210.9961132360095
57,36.47564757945933,13.989352072974032,196,-138908.0961000352,10629.64088064638
57,46.24427697644295,10.92564314801958,210,-182968.98268873547,34790.520052450694
57,43.37673147119776,9.459533982920583,210,-262011.38657187164,73783.00857645576
57,43.32672015237041,9.43396436152928,210,-320103.9465036394,93369.86654030955
57,43.28030469819067,9.488191891980174,210,-358373.3025780402,106209.74776395697
57,43.17457811893653,9.356177686755956,210,-438869.830309326,134512.01360262767
57,43.02007027513815,9.277181428297935,210,-477837.75642306544,148849.62938168252
57,45.057307201860056,12.217570320850445,210,-545942.7632224704,189994.67123685885
57,45.053186875753404,12.389106317284487,183,-583110.6966041954,207015.22661558693
57,42.57462114568968,12.247369639687566,183,-709439.0793211949,220022.63808023196
57,42.620491915986534,12.249992757768249,183,-746238.8566981045,240541.2709979228
57,44.93516409649675,12.38235718958951,183,-788154.6370906557,297741.6185862975
57,44.89789116287924,12.380225738439696,183,-824964.0302496557,317343.44432379544
57,46.69217936185434,8.107333795397075,94,-888677.344584911,343853.3446290391
57,46.76532489953205,7.8801840282204285,94,-955525.3687755675,368013.023898658
57,46.561617079894496,10.345805139471373,145,-1001085.2453309185,395111.67766885395
57,40.5264095242693,11.877960744947629,145,-1084784.8976975156,432103.4245530656
57,46.51918486478678,10.343333452057395,145,-1167374.3661094604,458308.26496344124
57,46.53403358324611,10.32429530490805,270,-1228409.6491053586,485970.4316375724
57,46.526975732989115,10.323626087463664,270,-1257122.6720608901,496957.5895107628
57,46.44727552580415,10.339144714616756,270,-1339051.7331134453,523838.4050511241
57,46.4895711828751,10.320079429979543,270,-1388104.894341221,547119.7904242971
57,46.45140528143637,10.316460582016845,270,-1477751.4869139842,581700.8844183133
57,46.57693603133389,10.229652381400296,290,-1529512.766388185,623632.7176305986
57,46.40083314344402,10.294646397613496,290,-1619347.3009827414,640390.3967349067
57,46.54092215273283,10.234197415691796,290,-1669692.1519074868,676164.426153502
57,46.52091460109217,10.236722414715176,290,-1734908.5644614552,700300.4563910728
57,46.49879725164248,10.23642417750464,304,-1808222.4067460469,728152.0063050643
57,46.4099610832674,10.244533187901146,304,-1894559.533089204,757485.9939558329
57,46.34968637627213,10.192586408851358,315,-1989326.1719118366,806565.956718424
57,45.98534590950293,12.257493605251444,315,-2027675.3163582382,853094.1704850037
57,46.41634463742527,10.187125676465394,315,-2106562.586715384,855035.7797125111
57,46.41278011642508,10.139313024733516,315,-2183709.0625544926,900656.9413556084
57,45.96756326335728,12.32651772152064,74,-2317004.752551862,993156.1187722626
57,45.996913876455714,12.308845293139164,74,-2326406.2530537276,995641.1864777018
57,45.99785069370769,12.328217049504342,74,-2414111.93434998,1039348.3649337095
57,45.998320868054755,12.351284838384565,74,-2509459.509291463,1088180.7090085961
57,46.015859231256314,12.370804328642947,74,-2598595.270579589,1136428.6212001785
57,46.05127426135352,12.403279327951749,74,-2673930.7668240517,1187999.1087259578
57,45.99718700529281,12.426985812510443,285,-2766170.5283631375,1229722.4986635493
57,45.99848163450761,12.462520700282468,285,-2862793.5594734815,1289166.464016593
57,46.00912916040289,12.514209921525435,285,-2976649.8054892346,1368942.0225134057
57,45.99427372527787,12.564719553211267,285,-3055750.161168102,1432360.9677866008
58,45.979675012152974,11.553738890480258,0,6364471.89438931,-2608757.9644364966
58,45.920634307333486,11.623226507748699,0,5908764.024362096,-2442411.0986639108
58,46.0085453266033,11.65239484444454,0,5675657.525107386,-2332742.549471056
58,45.88046527601281,11.698671392644066,5,5041456.035044106,-2099121.415213491
58,45.869210703828095,11.716412585203047,5,4771137.482882508,-1989634.9241095728
58,45.9817950233679,11.283190516395672,5,4760869.528631656,-1931758.209201879
58,45.866424646534696,11.738968881649418,5,4509862.133199005,-1882922.4676872503
58,45.940512702948475,11.258193855404569,5,4485297.068105857,-1821100.412877006
58,45.84926834718123,11.742063018226872,5,4304438.668808663,-1798656.9169331884
58,45.94556347876838,11.241464886393265,9,4239759.580794589,-1721662.9119525955
58,46.012140685606596,11.246669663255059,9,4145266.844689401,-1680067.6242469307
58,45.832730193764945,11.232643968560936,9,3997280.9878074736,-1616670.8315888888
58,46.0929633876898,11.260510491292349,10,3932220.724624437,-1582508.793822026
58,46.056316735502826,11.236303659220804,10,3795521.8223290956,-1533464.5194673769
58,46.05640023289251,11.227273058618335,10,3661697.262133521,-1479475.1713539371
58,46.055247688079284,11.22136060608284,10,3579188.356490296,-1446376.5483625317
58,46.15422633489935,11.2480119249143,10,3356008.6169704,-1337615.8793120633
58,46.107028499978306,11.220761925532361,10,3291911.296768385,-1321856.1613799243
58,46.12886247106974,11.219031390694772,12,3137073.407091427,-1255179.0326258852
58,45.7639362350912,11.179999224735832,12,3077060.4366386314,-1237478.9975763957
58,45.746602026569654,11.17814517414403,12,2974824.2172631104,-1193977.007625641
58,46.234240036021156,11.264032625970904,12,2945223.1946029733,-1153415.0234504377
58,46.19636811985219,11.226251731209281,12,2792567.9711751016,-1101577.6085019468
58,45.93772353587223,11.135560864898803,12,2613726.7823459776,-1065821.6763220665
58,46.19952826216804,11.20886583868788,12,2560259.6484988695,-1007813.0579523396
58,46.24566047073508,11.231523994561375,12,2514997.5401076833,-978553.1316500681
58,46.253187006801596,11.232329025759135,12,2471775.1748003,-959463.4275765794
58,45.65266150539887,11.168097384615345,12,2301845.2211241564,-912337.8407400023
58,46.29435804287561,11.236732640940252,12,2235237.1218556813,-855356.8406888356
58,45.88155740512836,12.51525518424648,12,2338510.7552287593,-760006.4195469688
58,45.77264664375315,11.093582533510554,12,2025131.8359284336,-817166.0749761182
58,46.336835748567296,11.241276016271067,12,1996749.3960932659,-751105.7895703611
58,46.350375995441134,11.242724268303942,12,1923098.2616637337,-719080.9722276212
58,45.58982781233547,11.16137675207741,12,1780379.1482846672,-699113.6913484054
58,45.577453769331974,11.160053236110409,12,1675448.9235998564,-656686.8388299006
58,45.83499270554023,11.909549884621754,39,1536883.6676264668,-641569.4274961953
58,45.822086705312906,11.909028766899569,39,1446230.286386716,-601657.4378720009
58,45.98180531929445,11.915477875751467,39,1372590.162221969,-585080.610706594
58,46.13583654782427,11.088122307875354,45,1342309.2441667183,-533778.9023929673
58,46.192640006583154,11.097703067772732,45,1259981.4521016742,-490086.4475181045
58,45.74526020372443,11.022245717678631,45,1169523.5888218652,-469285.05943637993
58,45.711818171308586,11.016605214616726,45,1086192.633159793,-433103.43342675414
58,40.89636258016587,10.584255119666558,22,1033095.495789167,-403923.7532709448
58,40.794982927092,10.604845280404298,22,964242.0903214074,-387656.1428852602
58,39.92921541480251,14.022095828686748,61,775001.8076755602,-341909.1303910085
58,45.01138401446061,12.059095723801363,61,691944.7637369481,-325034.1443554423
58,39.929050546309064,13.883714819766116,61,653139.7091677713,-289476.7079095645
58,39.83273122525303,13.847811049763962,61,569355.3402240826,-254077.04081831215
58,39.799894569920106,13.835570933162359,61,530704.0097872794,-236701.70372908385
58,37.52433130280001,12.812954912282276,67,315311.7976118591,-220171.84733456824
58,37.49789649556675,12.84765884667225,67,249532.33100925552,-204637.29251493167
58,37.45812611416558,12.842651582954122,67,172070.4552243444,-160435.3163768205
58,37.44080457904601,12.800561199145893,67,150277.09531591673,-141617.0406248877
58,45.01578224714859,12.261444992392583,87,69664.82918082293,-100643.21871669056
58,45.02842826263526,12.296711124241444,87,-38687.44797528817,-56947.624136701306
58,45.03765681392187,12.31209021155114,26,-78422.41993651596,-40276.65218445271
58,44.91396975541576,12.26761544807387,26,-172663.72833320545,3213.5621187054694
58,44.873493663441096,12.253061260765998,26,-243168.78597569853,38125.998372482165
58,45.08471332628268,12.476170166778097,91,-366590.5112291077,99236.77048107552
58,43.19287211716769,9.535178638396786,91,-401647.29490887024,121161.77313181998
58,43.022316027886134,9.270037985326049,91,-468291.59335021203,144872.2156352994
58,44.924338519285165,12.400491794604216,110,-583519.5101847954,174884.59552280055
58,47.61561992420674,7.632822553294514,110,-605148.5041187622,241655.67989430454
58,47.51370236765415,7.693107310046776,110,-689859.9659406119,274543.69098462106
58,47.40666039902775,7.756423182789428,110,-773831.4574864206,306982.6426126316
58,47.229159320347506,7.861415980041012,110,-889689.2910138073,351212.7765686574
58,47.10245020451425,7.936365071097377,110,-943070.2128672765,370967.9060373007
58,40.59318392240267,11.870650763033359,110,-1027616.0774350308,406353.89285606786
58,44.830448320937535,12.57817639947541,32,-1139963.0073674375,458724.99767177145
58,44.77563278323232,12.566565566360918,32,-1273165.2468149415,523578.48765535123
58,44.747315147504224,12.520852186636688,32,-1296784.8392288752,528353.7438112495
58,44.70986216467551,12.552634266808468,32,-1416257.8276828516,598662.4383328741
58,44.689273737206214,12.548273298998186,32,-1456380.396093141,621031.9263849409
58,44.60929989245058,12.531333522360846,32,-1585367.813494027,699640.797668441
58,44.57501675344648,12.52407178924134,32,-1625368.2802778156,728085.9463328129
58,44.53857008143189,12.597743557587703,134,-1701274.6941144785,799198.1100210183
58,47.49489926613892,13.04005243328899,134,-1676008.6106905066,1111247.91000827
58,47.43886774787126,13.040205991568907,134,-1748871.9496247978,1159138.0592670932
58,47.35059298732779,13.040447914700895,134,-1849806.8368448408,1226269.4070733225
58,47.2567791681854,13.040705018008914,134,-1941597.7568836946,1288209.7582033463
58,47.49084481010013,13.163668123085431,147,-2062066.4972915077,1383096.1932306744
58,47.43484598287501,13.161748235344687,147,-2155331.874190051,1443468.3898409994
58,47.36765559016451,13.159444651186714,147,-2257386.5363443075,1510316.0546908882
58,47.482421112854915,13.26525328197969,159,-2371205.53984329,1601469.7428812096
58,47.252659271663475,13.17727714608456,159,-2487787.6114280135,1667548.5957191323
58,47.36667529713712,13.272836798449038,159,-2623746.425115004,1768806.0233302668
58,47.26386552769078,13.25213336837881,159,-2733586.7195187067,1841470.196681908
58,47.2345379461088,13.281494267157735,159,-2872774.3840617067,1940476.4023368987
58,47.26212331259389,13.33869053726802,180,-3001102.170990869,2033389.375668
58,47.3956056083462,13.513318430418325,180,-3138845.508883875,2146137.370092092
58,47.33729909053759,13.534827439146321,180,-3300138.5014974275,2259503.594002588
58,47.283374944112836,13.554719811040442,180,-3436140.978982015,2357797.359145828
58,47.20856444869748,13.582317061902113,180,-3599345.110548154,2481318.276836577
58,47.137725927004404,13.638230454229669,180,-3754972.993320387,2609677.3758990294
59,45.88944376323271,11.686169574451894,0,4198931.627542684,-1760660.7846496415
59,45.86569879813778,11.71051107213168,0,4005754.208523473,-1681938.131472074
59,45.89592158309376,11.745551794223365,0,3906845.067060294,-1640250.7697601733
59,45.85667585075155,11.733980857043031,0,3832509.905578682,-1610071.1432688371
59,45.83396872065283,11.715003452434852,0,3724498.4823591304,-1565303.633521845
59,45.8318291642281,11.737349136169936,0,3603182.177450258,-1514527.3672553862
59,46.02328983737487,11.567056794337969,0,3560672.11800865,-1474165.0615914203
59,45.928123994666095,11.787814569210873,0,3442474.7498301035,-1446276.6802332625
59,45.910678790873405,11.804652574711353,0,3266677.8812756888,-1373649.6606194114
59,45.876886267916,11.807739181646985,0,3214759.463849721,-1351181.958862689
59,47.97931614692484,14.018534532446603,33,2065319.9600549077,-1370294.3770575419
59,47.923456727067084,14.012454848759601,33,2054836.9590327535,-1363824.1296790198
59,47.91496705233419,13.870542284207076,33,1975212.063397594,-1316786.211714931
59,48.027165278161895,13.838905500931675,50,1964557.9652228758,-1308179.8503828233
59,47.876679271428785,13.793546550373737,50,1897009.2514144704,-1268629.2142544135
59,48.03525150282918,13.731769986991987,50,1863923.3061543326,-1243662.4581533943
59,48.03750082664474,13.70196838328797,50,1830487.4196585193,-1221995.3335953283
59,48.04019945642125,13.666213862490512,50,1787275.756936434,-1193882.243210842
59,47.80671780449055,13.68530660028644,77,1737267.2935202138,-1168719.3081751587
59,47.81174927394537,13.660670677359846,77,1708132.266186417,-1150426.3989086128
59,48.04464959027966,13.578351832633084,47,1667088.0236197494,-1115345.4197400422
59,48.046020748490825,13.559361954648534,47,1638591.4306576543,-1096628.6320417465
59,48.04817784014549,13.529487278633848,47,1592043.8242221018,-1066009.5553780887
59,48.06361781568733,13.510070052237715,103,1561137.362873404,-1044763.3766667241
59,48.033410275613384,13.48576518741615,103,1518833.0009777537,-1018939.757320239
59,48.01412199128884,13.47024591169888,103,1489421.3933590667,-1000944.040168807
59,47.98512580393308,13.446915696385178,103,1441655.735518281,-971653.2167446656
59,47.74225857973072,13.500205424648279,103,1395111.9167131386,-952165.7884554538
59,47.7219580704136,13.489962181146446,103,1355728.9403986095,-927058.3630999578
59,47.93884391641466,13.409677476488147,103,1356546.4651532238,-919282.9059391796
59,47.91382083259255,13.3895440042416,103,1306010.261444834,-888084.9299088216
59,47.70116406898673,13.449549947329615,137,1256163.5736177631,-863588.7042427042
59,47.71802123002804,13.43472620269777,137,1245740.8259973095,-857040.0425748675
59,47.650843628328715,13.447179367613419,143,1189571.5832196227,-820157.9092296711
59,47.70414366764548,13.39324149474456,143,1146453.57938909,-793693.7188686209
59,47.99713309177725,13.293288015435275,152,1144831.0432666552,-776149.5920837956
59,47.90039410832591,13.289965685923718,152,1092600.7636233056,-750144.2130649283
59,47.69225965096038,13.3542451914231,152,1050782.1170649054,-732587.22905932
59,47.688519270581146,13.34111686469053,152,1018200.6710997018,-711764.7409662732
59,47.75296135669481,13.284902368487053,152,965579.2100122843,-676819.2794179849
59,47.70163695032708,13.304251609536625,152,953309.6834586334,-670165.2943629482
59,47.675563884179816,13.291057092857194,152,893064.577414977,-631746.7470835389
59,47.73494132090971,13.245618271124759,103,859344.165512567,-609123.1558153456
59,47.72373570474945,13.236602277589673,103,827066.621429195,-588727.2620312913
59,47.72034007437658,13.233870167096914,103,817206.955038447,-582490.1109983849
59,47.75446210202865,13.20118133784085,176,778996.0680780825,-556675.784780727
59,49.245826684337565,13.544083634548407,176,752398.5132953705,-534106.738479382
59,47.682205190534425,13.197852567816556,176,692192.192994186,-503069.6008977462
59,47.657087360083835,13.196695426176397,176,658689.9961363773,-481778.37624501594
59,49.43913595596784,13.594747798862103,221,632544.9700542672,-462724.91159068275
59,49.32692253652401,13.444455651293541,221,596841.8236817146,-444052.1061717266
59,49.34737466245713,13.416952341968427,221,556351.7490880195,-420895.069732434
59,49.40822904474145,13.423930515764255,221,517332.5750547201,-398510.7487037355
59,49.39870513439801,13.371293470366325,221,477855.8214273652,-376311.04759957123
59,49.47912473245506,13.389131038757181,221,438099.2599186479,-353383.4295817399
59,49.642186494972776,13.475742943209454,260,401175.9085595483,-328804.74989223084
59,49.60451217419912,13.387749578438013,260,357815.78647377423,-306624.43332552584
59,49.560188695900656,13.296280166224125,274,310427.9261088712,-281835.1194180645
59,49.534284155063574,13.235210885661687,274,273947.5986012554,-262216.44342803035
59,49.50467228681283,13.16540167724699,274,230065.52591337156,-238265.64983197697
59,49.67005889569189,13.200403809053896,292,177757.5102082914,-207913.6319418506
59,49.64398345344232,13.132120898196534,292,136255.71970881132,-186134.69144042218
59,49.61687266647664,13.061126763871536,292,91861.25811425876,-162528.19239489967
59,49.69553220399902,13.049575184465567,299,53285.357932908904,-140823.66319692266
59,49.68273889391482,12.977611194715452,299,4941.435651571849,-115117.79118825083
59,49.67304819372286,12.92309977861635,299,-31090.481686961863,-95841.6754075751
59,49.66007498737312,12.850123849585149,299,-77972.60005313579,-70570.36833734206
59,49.67665683808047,12.773404250958006,329,-131856.68448324606,-41238.86279801088
59,50.0,12.750815411623964,329,-192945.73391625003,-2238.4638837728235
59,50.0,12.67432804069641,329,-228259.9351770251,16766.2343876475
59,50.0,12.574450250425171,329,-269525.6557466741,39493.912305653146
59,50.0,12.448700970442081,329,-312823.2254955446,64412.48558345925
59,49.985649382388154,12.268252138233738,343,-356944.0107991028,92278.58685820663
59,43.161280598182685,9.477292859598885,343,-418318.39927097526,125555.61016243545
59,43.01341793810945,9.266853278057281,343,-464909.1788954939,142558.56427638972
59,46.90549477536884,7.174837380416539,360,-504360.7117727481,189749.8158845752
59,46.87136633946605,7.232310882151036,360,-558993.3335756887,210548.30535767964
59,46.81124381678705,7.333559351940735,360,-652381.4689701817,246130.7292507634
59,46.76770885935656,7.4068737709934815,360,-715549.5555814828,270212.50778336456
59,46.74141353478567,7.451156034225187,360,-750955.1441424084,283711.70105510124
59,46.45048501214156,10.43747014902278,360,-820161.855796371,301225.466930908
59,46.623996966054605,7.648889718412892,360,-869653.2742528422,328909.0664423601
59,46.36011774509418,10.393100586690778,379,-963571.0990590893,368185.2541580254
59,46.6650322733025,7.837283943609888,379,-993042.1966117721,377815.7987838919
59,46.43589164593186,10.396016795295651,379,-1065961.3835193382,403753.85206886585
59,46.51972712782925,10.353173770223227,394,-1138197.8486577466,443988.49191630643
59,46.49911659475404,10.35231554274316,394,-1210593.94485006,470866.33927579067
59,46.42522611194017,10.356116682388931,394,-1304931.8483581457,504165.3884317225
59,46.42324275265532,10.349156137982993,394,-1345786.896493476,521432.28397499927
59,46.39844457571028,10.334296770737733,245,-1419850.696449918,553389.0827972698
59,46.38811975594875,10.323847860470028,245,-1467845.0062379679,574304.3674028157
59,46.5510425007235,10.210089206995354,400,-1572342.4188005463,653130.4826075181
59,46.37132314785065,10.283769143691103,400,-1654946.5446969362,655673.5195220376
59,46.52173005322142,10.214979811379454,400,-1693091.8904168038,696570.3067246111
59,46.49643129464963,10.219200756067703,400,-1777791.1912682592,726455.9238452279
59,46.40117995919414,10.235092864658672,400,-1885081.0802491577,758193.8185015331
59,46.41092631864125,10.20895690540214,400,-1955927.9186216414,794223.8444407097
60,45.91576398596744,11.646888555768259,4,4300918.740445438,-1798776.7252332591
60,45.90501505174009,11.708947449810566,4,4146020.671866247,-1738363.5727640945
60,45.88696788819298,11.737664898971941,7,3948199.061470735,-1657511.5804910606
60,45.84782994052992,11.715786075915293,7,3853325.8086435893,-1618711.8462440588
60,45.843483146657725,11.715834788636176,7,3814711.380001821,-1602680.448072648
60,45.994185589091465,11.73113860270039,7,3634445.693693457,-1516204.4715779263
60,45.81819018577819,11.71335722995903,7,3544889.7388545494,-1490391.2203700251
60,45.912979610970815,11.790148504762987,7,3449441.771350812,-1449512.8084236775
60,45.916683539998346,11.797621887153655,7,3348212.6163026993,-1407370.7504920198
60,45.788073440415225,11.46910546758651,19,3306130.209282622,-1354743.6035834986
60,45.79289908514686,11.712334718382209,19,3177816.0018669036,-1337297.9563290353
60,45.99279560860185,11.472145001964707,19,3121547.082319135,-1292087.8884995745
60,45.92156420343103,11.8242125798585,19,2965180.61998814,-1248154.8065148245
60,45.78978665920918,11.775981935851416,19,2839479.59046093,-1193524.075830042
60,45.768780109799756,11.728911095209863,19,2708936.763896746,-1141412.543995163
60,45.76621721716792,11.717525762891402,19,2686863.8161609513,-1132276.776050972
60,45.98102336252401,11.41093559294664,19,2598219.1714793653,-1074718.2666258041
60,45.91095877575477,11.856092095816056,47,2490245.6592167313,-1050263.6122202375
60,45.93549002384671,11.857095777385371,47,2402207.0770156486,-1014441.0030914632
60,44.68899209816337,9.294341506539435,47,2677869.543735525,-933180.2246655576
60,45.761102786302004,11.788726220631911,47,2299086.5583748557,-966703.9128543177
60,45.94034053575205,11.866844113287307,47,2222474.150289039,-939898.4184019878
60,45.98918028971818,11.379656103801416,47,2183230.9252600344,-903194.4588445238
60,45.95073870119484,11.87214244944771,47,2087381.2584637373,-883790.9128881368
60,45.944757342879136,11.87942241465409,57,1995272.1168470937,-845695.0027896469
60,45.94712485279939,11.879879607051032,57,1976924.729846227,-838082.2494564044
60,45.95621587093531,11.881635183378986,57,1903467.6138604581,-807483.2971021539
60,46.16139702716401,11.54401854334904,66,1906499.5739815067,-762567.7715763755
60,45.949207703756265,11.89329950622685,66,1745854.891963872,-742298.1051075787
60,45.95114668387771,11.894732853427993,66,1713223.0577082857,-728767.3869682609
60,45.95157831730401,11.901177341835439,66,1605898.3416132664,-684277.0817801503
60,45.958592187399496,11.900236773512608,66,1586826.1559872031,-676294.4370702528
60,45.57105053017166,12.555925272209898,80,1577534.5543165235,-622864.1309030851
60,45.54595168105403,12.586359671395414,80,1521884.5209767509,-600703.7515670947
60,45.92631297422773,11.259601325228335,80,1416023.2365481074,-586883.6108721484
60,45.95609963871002,11.91733207839575,80,1325385.9767108085,-567955.469535712
60,45.47933628951712,12.667136260331077,80,1314803.9990865607,-508761.1193878365
60,45.61277722063629,12.388435387297207,86,1239486.9035256172,-487667.86219227867
60,45.95922105035177,11.929159793965574,86,1127161.0555177992,-485704.33694840164
60,46.00069891476951,11.915063816200332,86,1113100.7901634315,-476871.99169261416
60,49.01355123946992,12.941194989283256,86,886308.9802002751,-492820.43649661983
60,49.17682978910071,12.967734178775691,86,823683.1388954095,-462104.86043616367
60,49.142618865364234,12.814631210580593,119,767991.6298794029,-437185.444277302
60,49.08555944277138,12.77334180005966,119,735102.8266349477,-420260.7684911868
60,49.153218645921854,12.750432153417545,119,680165.77209132,-391787.86489628133
60,49.17175026745127,12.744157280507796,119,661626.9394561324,-381872.98634945275
60,49.11022784721546,12.696184702353966,119,604766.1953373543,-352462.74742512364
60,49.24519065821069,12.71929010319542,119,571778.5882396132,-332783.4737911795
60,49.102574836559285,12.649510904937038,134,515612.49534046144,-305326.8646774262
60,49.084108451657464,12.612389754917025,134,443590.2615403377,-266971.8117901641
60,49.16334884538534,12.626545287104236,134,431935.338085164,-260282.94042419834
60,47.398974937619684,13.546266769276253,144,347528.6267013356,-219283.49695994763
60,47.48219750013004,13.568654621130966,144,328889.19763995416,-205293.83273183857
60,37.48245817036396,12.784674951871253,161,244962.42375846524,-181812.1541996029
60,42.509065782010026,11.70537701652393,161,187647.68711993017,-164659.9399798157
60,42.469946435508206,11.674439271450375,161,161961.08421047288,-144078.08525534422
60,46.86438411575149,12.493555981606816,161,111229.83800873191,-100714.95416839603
60,43.11467179785807,12.20859020321145,161,44962.65459144144,-67842.73298162957
60,43.143251649430624,12.232337916755446,161,38756.895989205244,-61276.114834079075
60,41.7057768617907,11.358241239426144,96,-58879.59038318278,-13351.363217853666
60,41.66543857648624,11.320739623743439,96,-61758.490559500424,-3771.736528847693
60,36.12603837758211,11.522364428717264,96,-167604.09169843126,14482.09368591251
60,44.78261183253722,12.233186749480092,58,-224750.84617955599,46053.57537684401
60,37.228818477990444,12.068136143143834,58,-266973.1773575408,60515.5812332783
60,44.69080317231039,12.189648537834668,58,-341739.1738519058,91190.81875382528
60,44.65757345827319,12.17389008629977,58,-381364.35271128686,109381.50095386885
60,44.67812029834596,12.302535098992175,58,-421066.52660994296,114721.60813718416
60,44.55242695455478,12.124026699541288,58,-461206.24549806456,154813.95664645167
60,46.51425176587433,10.482529520845011,233,-513624.5637086939,178148.12324131269
60,46.454431407736486,10.479076377974417,233,-593087.4944017897,207015.20541454974
60,42.60826550213688,12.220934975251929,171,-685866.4556177364,217819.95600677872
60,42.6080132227494,12.233084524165577,171,-716083.8974562301,227262.73061882737
60,42.59863799689669,12.268152159285659,252,-767607.1773473145,247540.04876008
60,46.640143544697295,10.286623368966056,252,-815926.9436514205,343243.24145080155
60,46.442730040113844,10.426068163639203,252,-887335.8459150614,329194.98662807577
60,46.44116358592994,10.418752610199762,252,-930330.6412699204,347120.6654801495
60,46.644794984116515,7.890553961537389,252,-988990.3284942096,376034.47747886786
60,46.858382049608934,7.8783991375037585,252,-1052726.7791052992,404642.67089328787
60,46.43217734125973,10.381532990626306,252,-1153119.6211149185,440312.40906057466
60,46.429656703753686,10.372093110898538,252,-1209810.3203931754,464123.77489452076
60,46.55817735822955,10.284066311766683,252,-1286742.6533608916,521305.43592101673
60,46.28125454853957,10.275427292499058,252,-1346549.3999026625,539381.7180656038
60,46.29137126470626,10.275742898519331,252,-1400743.8862631384,560105.5135491269
60,46.521623311027454,10.282925953850908,252,-1459254.8412729506,585846.6736170121
60,46.48987816042365,10.2915485824831,275,-1536675.4643519018,611454.1536469267
60,46.35657908589263,10.285877883723503,275,-1610822.0970457785,638224.5018839105
60,46.411661350100516,10.288221147759044,275,-1673725.4762494443,662199.4036038051
60,46.40317643098131,10.26744205703342,275,-1765627.9682834982,702920.3861216719
60,46.37591384383863,10.252595009400373,237,-1799487.3956429893,719406.3920546978
60,46.45694544424735,10.210231434411483,237,-1905500.8249029561,776494.9985537172
60,46.3686491481276,10.134899610832756,237,-1955144.3579462226,819684.3789945141
60,49.61639575832296,12.010610205929389,328,-1995678.7602574443,1086077.7281894179
60,50.0,11.26274094523141,328,-2039840.6758206033,1116564.2746014476
60,49.675333106025064,11.991257307776387,328,-2140181.593297536,1167430.1197893978
60,50.0,11.359530479400696,328,-2216706.842155281,1214849.0778497232
60,49.75755198077738,11.964259596284878,328,-2322811.5587872877,1270551.5670989873
60,49.866100836820785,11.59470731376314,328,-2411552.0776218213,1322682.5408196964
60,49.86804674675051,11.927977102489494,328,-2528311.861507562,1387165.4953182586
60,50.0,11.644842911008881,328,-2612081.4258756894,1434732.0739494318
61,45.65613260571644,11.330281268497545,7,2809079.656193662,-1116144.3629148866
61,45.620319478846554,11.225356365991061,7,2683930.4312552963,-1078389.1221486402
61,45.70712340348428,11.29303228580768,7,2631278.598809001,-1051713.3083482105
61,45.67391409991836,11.206067876642033,7,2523030.97588674,-1018690.1051696165
61,45.58754107436956,11.184275490463405,27,2393326.864155377,-965483.0663521003
61,45.71062986131631,11.373907869292308,27,2361311.1647838093,-932092.8140524621
61,45.49630032480019,11.375612315523258,27,2335925.3321756744,-910099.4111800642
61,45.596676700850026,11.152692959854635,27,2182005.082682288,-883876.9272830787
61,45.707601533078886,11.40785732031594,27,2140163.153682959,-840091.1085047831
61,45.733324278566826,11.159424340088819,27,2030198.3140689507,-829039.4672425422
61,45.750244033852674,11.160257822161473,27,1953210.9271694066,-799296.2170566348
61,45.513238384800545,11.14858271479348,27,1838083.7655618545,-745740.0858889478
61,45.51203450706042,11.148523410713894,27,1831131.71239234,-742961.1216628582
61,45.41400319686462,11.344913807642527,27,1801477.7691457851,-688045.933855095
61,45.48440840425594,11.147162524516913,27,1659901.9479191874,-674520.1420109448
61,45.81883982006359,11.163636911108116,27,1553732.9967682748,-643623.4585134011
61,45.46746691340771,11.146327971731282,27,1545617.4823421559,-628810.9279988436
61,45.77639955671265,11.412122802597406,27,1534074.0082524635,-593114.4336996005
61,45.84070215431867,11.16471386898133,27,1406965.6703519747,-585985.93116609
61,45.84012518023139,11.13999026953733,51,1304883.129526476,-546711.7324199758
61,45.85168796627785,11.149835744462843,51,1271718.138226234,-533473.1457077492
61,45.85461294373833,11.133130978927674,51,1180832.1222480426,-498050.667163317
61,45.88352924879601,11.176947942800608,51,1137300.9084613107,-478530.46904726216
61,48.98728825345795,13.02830641352527,60,882255.6963606937,-486534.26187680225
61,49.12407976316455,13.03350312102301,60,830421.0542561973,-463799.1410589766
61,49.196965433399384,12.910226523560494,73,780425.8237782146,-441640.64282655745
61,49.22301505499098,13.018273455474988,73,746463.1612062516,-419634.4674920863
61,49.14277062005085,12.778046582836758,73,698139.9891193024,-401745.6306267496
61,49.160978878333026,12.760963823086295,73,667669.2234858847,-385722.5305004607
61,49.15383564637766,12.731335588602452,73,624396.5878865216,-363171.37058105506
61,49.1530811178426,12.70065748176429,73,570660.851063957,-334858.4324489135
61,49.166113496677184,12.68260473525927,73,529592.0194802304,-312903.98236077477
61,49.13646193975193,12.65927405441501,73,496490.9236975884,-295687.19190813816
61,47.39216493295781,13.614786695492437,73,457493.1301475364,-272623.5071554567
61,49.128353032861725,12.625640456031018,73,428009.4087351967,-259213.52453983278
61,49.03653253888705,12.589588915200354,104,387827.5564156235,-237592.6122810499
61,49.08644117712727,12.58375240319137,104,354291.91769653634,-219864.01211386482
61,47.52956293313193,13.550632770036994,113,316070.88498023903,-191559.45542831294
61,37.4839600721577,12.849100529454304,113,222283.82928105377,-190295.3796825573
61,47.44007323883934,13.446874377645553,113,234307.6361753947,-161031.27496389666
61,47.399482659605134,13.399811827249433,113,183150.9667636086,-134941.59007852583
61,37.56595918824735,13.321181228912323,113,137471.18663906402,-128892.60100847154
61,47.36135099439108,13.35560025279838,113,124735.22560562076,-101377.56175396185
61,47.34001057931965,13.330857211956848,113,87365.40048119766,-78463.90693898524
61,38.94939892935724,13.769217903770626,104,40029.249286330014,-62386.48187473512
61,38.85988359856403,13.779686177832682,104,18931.054146009374,-50044.12878379629
61,46.459131707695555,10.560782653997984,20,-35269.25513614049,-16847.027631782155
61,46.480275003881545,10.577285745030618,20,-86685.94821420407,617.7191390314465
61,36.168238611074784,12.775896846991353,20,-129047.04429762249,17938.487545392603
61,36.13298923088498,12.809611731082427,20,-155993.7006001781,23171.14580748439
61,46.487371591583255,10.644666449023191,20,-231938.08030895956,53210.15957598971
61,37.25737452308498,12.06390890821692,20,-255532.3613392094,57295.47522322906
61,46.57362525881107,10.65014892310228,20,-301626.97691146564,84084.53210363939
61,46.58855581507511,10.66180275072811,20,-326438.2746359987,95195.15353301061
61,43.189460722699174,9.685993667659751,120,-370355.299382927,111995.48654303547
61,43.06191860767373,9.573442286373314,120,-422744.32113912475,132070.78860160836
61,43.063215951014456,9.292970183893104,189,-458903.780349631,141317.72230687033
61,46.17353108637667,8.027801861815412,189,-491402.1837115834,180471.68838922842
61,46.51476914292535,7.453944011775117,189,-547517.6885841867,199469.02503931307
61,46.52248732997718,7.458412679663527,189,-558902.4234023056,203824.318890499
61,42.56175868842054,12.244247489525065,126,-677396.6990775315,207270.3676653651
61,46.29771388850607,7.943027453502872,126,-648773.3962799255,239309.09132531733
61,42.58004789288521,12.274246799067518,126,-755106.1491456716,242682.63809651457
61,42.61100759678992,12.325029201471855,126,-758427.3012108403,271841.2027466523
61,47.577978065293294,8.069519604612484,189,-743931.1237296789,308930.0224335069
61,47.50252692729838,8.025834983439415,189,-805350.2735719793,328739.12411865976
61,46.79786243766147,7.617849072266289,189,-880726.7764263602,329031.82379364804
61,46.864350952724834,7.656344523363377,189,-928319.2891455567,348545.9771006301
61,46.93448688133665,7.69695175015213,189,-964487.5904030238,364160.971565138
61,47.07389469481462,7.777665940583052,189,-994317.5393392567,380307.7646195576
61,46.87688359205688,7.977665762200201,22,-1035671.062271846,396979.54652273783
61,46.23939204351039,10.211805648856341,22,-1073113.6083191386,453910.8872902227
61,40.59383498111065,11.824048425351423,22,-1125765.5328562644,448839.9786075167
61,40.47649208147664,11.857701106382391,22,-1158100.3014818232,467215.9258823328
61,40.49781583570034,11.823272137391234,22,-1230952.47160048,497809.5092956435
61,46.07360668661095,11.51935735786139,228,-1239450.4003461816,568938.2276793498
61,46.087287743115816,11.528345656354023,228,-1274834.9121567777,585603.7414105847
61,46.11777215914826,11.548373570906953,228,-1304244.2147853742,601906.0963903394
61,46.03650830456546,11.683910019762326,236,-1365275.9044044265,623620.1490826552
61,46.02824725423259,11.634450113525595,236,-1422968.8305569286,649604.3657205955
61,49.49782304490726,12.18586084461377,243,-1407086.505165087,757043.1088167799
61,49.583248725506174,12.2346960709607,243,-1481601.1683268328,801226.0696813469
61,49.6076945632465,12.248671002280169,243,-1501090.5708639622,813148.3453098725
61,49.5541679342202,12.172841614726128,245,-1566585.8804646549,846972.1645611894
61,49.57477638756307,12.169060668767099,245,-1622159.1328840104,878373.3860869814
61,50.0,11.080117291735373,245,-1664549.2260165734,908283.5541927796
61,49.61555030907882,12.161580049468602,245,-1730777.080907211,939821.6977392122
61,49.591931827079314,12.111515502690622,245,-1779631.0986401942,966138.23798796
61,49.57379916596712,12.05136144789257,245,-1841638.6588609782,1000557.0137951991
61,49.626938704513016,12.087817492718985,245,-1898974.1517099177,1033246.1465136114
61,49.71204573282503,12.14387644132256,245,-1976611.0183788561,1079278.858911435
61,49.73701318677316,12.139295767919181,245,-2036777.2457256268,1113498.2880657194
61,49.76600527057069,12.133976712662857,245,-2104511.613181983,1152068.8632762777
61,49.72152381387566,12.04229457162778,245,-2163359.0115255085,1182340.5395287941
61,49.827399180230096,12.12271303116411,245,-2239626.652024884,1229175.315727031
61,49.795067008293834,12.032914647318036,290,-2312049.8077708497,1266911.9146559602
61,50.0,11.468888100818631,290,-2379852.8095429083,1306452.476792222
61,49.812723889331195,11.859275988147049,290,-2457460.9051783076,1347458.839926782
61,49.93687603585879,12.02458847180912,290,-2543308.6382625415,1399836.2339533723
61,49.9955070092698,12.021146012726923,290,-2620947.914403315,1444957.1498746579
62,45.668165419675745,11.221839420974076,0,2616968.0501975254,-1054193.9370918407
62,45.72716525338146,11.264605742018013,0,2496232.901622531,-1002820.8891890018
62,44.81446502659213,9.377013559573092,16,2827540.287106206,-981955.9104493271
62,45.05803971715635,9.905568575412001,16,2825927.77282266,-920480.8264487396
62,44.552834501907334,9.320176468111598,16,2592397.3646127996,-899060.1392543879
62,44.50436602451279,9.373998995936429,16,2580665.9379300615,-888422.4241995475
62,44.68649638389682,9.171749681275754,16,2402866.8617740953,-846612.3285700971
62,39.62932858680605,14.7875554401006,16,1818306.0390672015,-849179.4073359988
62,39.670659009471656,14.741659469285926,16,1778774.0028678973,-836737.4834765692
62,39.73821051151964,14.644281903724035,16,1690001.0437918822,-804239.8859397857
62,39.77147243730851,14.585711941710617,16,1632524.5683453155,-781065.2057723514
62,39.50555538480236,14.493938231550219,16,1600316.2259136287,-755108.8979189326
62,39.83878985805613,14.554956115630151,16,1567068.1963574975,-752993.9196677898
62,39.821842667458256,14.450994999833263,16,1496431.6974855093,-722102.6428219388
62,39.91286472720571,14.47269859651171,16,1451737.74281472,-700825.3929788626
62,39.93618280769477,14.44680469384734,16,1412974.2880152415,-682594.6311383789
62,39.96862796850043,14.404934067866854,21,1352685.5879406203,-653708.6392152321
62,39.98317698005786,14.38849334976992,21,1326676.0804825732,-641006.8257528717
62,40.14416884923196,14.737338972013708,21,1289157.8251399403,-617229.6711625262
62,44.15916531024684,9.66953037130758,21,1650741.689785371,-533328.5200312356
62,40.03642686874387,14.3283197493075,21,1227715.6868328687,-591610.485197408
62,50.0,11.205453622131186,62,1040033.2364786615,-578471.5518851236
62,50.0,11.137394626936898,62,1005054.3401631761,-560240.7600957647
62,50.0,11.09645077479236,62,978620.3808626623,-546347.4194632338
62,50.0,11.044103915088707,62,939856.7633872689,-525888.5904077139
62,50.0,11.00328073428074,62,906358.2817383461,-508158.5721613989
62,50.0,10.968259098619829,62,875733.6816604531,-491922.01806090196
62,50.0,10.944937046794925,62,854527.0477878063,-480666.57939611893
62,50.0,10.898820149046458,62,811051.909260244,-457566.8703012852
62,50.0,10.881126330915487,62,793934.5214473655,-448463.72107351525
62,50.0,10.840653288667808,61,754124.7247955801,-427276.71244943765
62,50.0,10.805807527478152,61,719363.1218330609,-408759.2361183471
62,50.0,10.777109404948163,61,690576.9618891863,-393413.05291848886
62,50.0,10.758520740934387,61,671920.8219791508,-383461.4972218589
62,50.0,10.725596211364076,61,638973.2175305968,-365875.0803429489
62,50.0,10.690896790790353,100,604545.8967416168,-347482.16390379425
62,50.0,10.657492268527177,100,571862.9648780213,-330003.90094236884
62,50.0,10.631336567871013,100,546687.9600270796,-316528.00023533433
62,50.0,10.595269046176044,100,512705.03945841815,-298317.4654193213
62,50.0,10.576624380229834,100,495517.2489990432,-289097.28345024964
62,47.385046488025296,13.63129294693789,100,455338.6217094585,-270420.94277757854
62,50.0,10.516860147813487,100,442427.67076190637,-260569.20401664445
62,50.0,10.461538613742775,100,396349.31228781654,-235734.7007042529
62,48.996171956511255,12.63057061450562,167,384421.1331397803,-232195.3115209214
62,48.954458316517645,12.607119247580895,167,344884.5620286081,-210372.95805687795
62,48.88771190490652,12.601015216854734,167,329690.8105489619,-200226.27952606833
62,50.0,10.34185087622331,84,308075.5517121895,-187872.48214612907
62,50.0,10.291280093227925,84,275730.79628853605,-170194.42771825983
62,42.519080244784455,11.700353221594709,175,186747.55575598817,-163951.4291226746
62,42.39504558578228,11.847165469536645,175,166864.82836122334,-149180.1144854002
62,42.45049934150516,11.677603849738546,175,149656.50081166258,-132537.8209228012
62,37.5689303091193,13.335067789485603,58,125834.13505928592,-118952.35639925193
62,46.79906200010729,12.44602054440124,58,126396.34409968814,-100072.93063500973
62,36.85884530763511,12.723282320200882,58,78556.84036251136,-69611.26945894526
62,45.19888572733179,10.847221575181525,199,52989.17095346071,-58874.03824137641
62,45.23974949170924,10.839244931685107,199,20162.392219115107,-46459.72198686863
62,45.299901960379984,10.827503115792078,199,-19450.581149465597,-26949.92481015222
62,41.78927600235248,11.372634675617025,199,-48551.06123861957,-24721.939300299833
62,37.53230794586884,12.492468336135584,199,-108200.11648453693,-15387.756404700447
62,46.45117895953801,10.602772811870823,199,-107731.62806657139,6669.60627074217
62,46.48873593656739,10.59544165623378,199,-131867.2474362955,16210.808488511333
62,46.6081215818243,10.57213747108803,199,-156026.86524966796,33609.034340943996
62,46.41410032182103,10.683510396015144,204,-196073.6916917257,44246.660809143934
62,46.45894171952394,10.676251862464598,204,-254331.32754306198,63634.56742069445
62,43.331303816210614,9.525946017179436,186,-287509.66360678873,80797.49746359211
62,43.21851881305629,9.874822228722941,186,-309664.75944024517,92778.76461330756
62,43.24188978509643,9.642189256660268,232,-350028.0887586153,103351.88081663431
62,43.209791180489276,9.587547205952946,232,-377017.6927414753,112634.1603730698
62,43.162503545308,9.507048586432617,232,-410952.8632591655,124423.83148365689
62,43.091564772638634,9.386288196354792,232,-447069.9303902197,137089.5414073476
62,39.09226906674014,9.687855497877973,176,-455396.01862415334,178165.89080586866
62,38.91900630430075,9.577063047627748,176,-508231.7171305176,209298.1658385533
62,38.051020606236044,10.889550884896751,247,-535164.4926943361,214758.0123240098
62,38.10777091703885,10.835830051371431,247,-567281.5105607327,226907.09399789118
62,42.67719141800909,12.225863178019981,251,-631401.382414629,213791.11322733425
62,42.567322382798295,12.243293641310778,251,-687719.4987079708,211291.78577128807
62,42.609968270436944,12.230072798075344,251,-709235.3295122338,225405.82107055173
62,42.59312411161608,12.261308377942214,251,-755853.9043206621,241030.4234556564
62,40.70879793110667,11.873238452682198,251,-774782.3288168693,299257.7211662509
62,44.328750463316474,11.194561311039523,226,-782963.9034653873,345637.61379785684
62,44.313778447419885,11.172525036044636,226,-811822.5615473415,357681.1936046904
62,44.138838719930476,10.915043346931144,226,-867038.499764124,388345.5910503135
62,46.20579780223964,10.22860948185075,248,-896896.4793797525,376500.2332531725
62,46.22561410399284,10.230934319894692,248,-959879.1869304024,403433.94215435185
62,46.2428360486694,10.232954789338148,248,-1001153.5385273224,421507.28388687765
62,46.252110622210246,10.23404287740209,248,-1017944.3729661026,429098.3820571942
62,44.671871377419244,10.970961468943004,206,-1064918.02157218,479935.581583414
62,44.64136617882572,10.975857238870018,206,-1117449.5604553919,503102.892025653
62,44.599139167895935,10.98263423884869,206,-1172396.3561430795,526980.9356051204
62,44.58232941382702,10.985332031101992,206,-1188491.4311324242,533836.4471425116
62,40.62353547428294,11.62067765119489,206,-1261386.2503771433,518956.39957616536
62,40.609315269214505,11.620948476704958,206,-1295872.8954288464,533971.9293601572
62,40.53647236769521,11.741047633335095,206,-1345730.1978098946,548604.5925297205
62,40.548936974935536,11.632649941379647,206,-1403507.0708066358,581015.578912869
62,40.47178005838414,11.645032831153507,206,-1453850.980418288,605723.9554934653
62,49.97470824037482,14.042099151096773,301,-1489831.764903377,799742.7477954605
62,50.0,14.060692681499509,301,-1522528.4966110396,818274.5801538018
62,49.965093349240455,13.899433544134016,301,-1591615.760950174,859318.0399689573
62,50.0,13.9120380215689,316,-1653844.6744956365,894608.9920663442
62,50.0,13.832185265223885,316,-1708591.6916381,927732.8433117969
63,45.63978982706659,11.255122954370206,20,2820711.6195794977,-1122853.8474633964
63,45.68164898144786,11.267702440301788,20,2749888.254584343,-1094814.657799067
63,45.65005548233991,11.219179942543205,20,2663900.0364311896,-1063695.478165008
63,45.7132368317579,11.251971342075851,20,2574916.373413931,-1027773.917535437
63,45.522273996810355,11.262217678742754,20,2551093.742794028,-1010266.8305215562
63,45.70364968746142,11.19966187242833,20,2421784.8867656174,-970449.400012994
63,45.715974881332315,11.196063083599267,20,2351646.995174192,-943269.9815617208
63,45.73775863636379,11.209768759698958,20,2305103.625146658,-924965.4094545848
63,45.75344362982433,11.214416409827376,20,2229251.746978974,-895237.5576629576
63,45.714485764327115,11.164583565746975,39,2176531.560619137,-874682.6295463349
63,45.774872067121144,11.216455628528129,39,2092505.4061199275,-841781.1389639585
63,45.78091508621708,11.223946655785541,21,2069810.120318917,-832421.7954421907
63,45.77010552989667,11.18276845068517,21,1993562.510391449,-804258.8077690925
63,45.801855605368466,11.229222670487605,21,1920175.8020408216,-773441.1053826038
63,45.63579496752057,11.104986515485098,9,1865299.9425458468,-748741.2780221661
63,45.128780886578326,10.142672688199367,9,2107733.394364003,-688489.3294239829
63,45.77858014289413,11.375993088592576,9,1791857.80399788,-700337.3642326124
63,45.80965465582226,11.173081035118667,9,1689063.7014437937,-685897.8791101289
63,45.834109258712694,11.23734905684933,9,1661837.7356230651,-671281.3653953421
63,45.78465541872049,11.387523975311575,9,1652610.6377283125,-642840.7795861657
63,45.61961311694091,11.074273327924427,9,1595903.3071851614,-640718.8057557776
63,45.85001878333833,11.243495821029308,45,1525638.54540062,-616970.4245450384
63,45.857155113906536,11.248918833741836,45,1461849.2212503671,-591103.5629751106
63,45.835132917089695,11.144998203852245,45,1393730.0969242773,-570565.7869011825
63,45.868508680709034,11.221821813387198,45,1355035.5701200406,-552516.1554170584
63,45.83391620426668,11.353493975065975,45,1379876.144454269,-538896.5549522844
63,45.136357207121165,10.3213306922232,45,1455445.836676751,-498617.9577555364
63,45.87696657317865,11.180542324186039,45,1219702.2753652895,-502529.78656864306
63,45.522552818655875,11.055881123068865,45,1193485.9507949245,-485415.9999631772
63,46.6176330979191,11.826818320807622,45,1095079.7901217851,-473253.2720830994
63,48.88794182153469,13.307614145718144,102,922977.301721595,-490297.311068294
63,48.958145245082484,13.187170814069882,102,885206.0445361739,-481578.39976122696
63,49.00633367290282,13.067211285639841,114,837418.8654987556,-464067.60155981826
63,49.05540957896955,13.016312111489913,114,803280.4719132343,-449787.2165423717
63,49.08174175636776,12.959719023755884,138,767186.8411350793,-433231.95230241254
63,49.15186547453012,12.964297588653032,138,740343.1210731057,-419290.70079488546
63,49.1289450510527,12.890582538598954,138,705100.4563687998,-402757.6800989705
63,49.10640043962659,12.845303003690914,138,666316.2643396917,-383314.29778795416
63,49.108918265399254,12.826173802507308,138,643857.7950320413,-371836.8512049674
63,49.10286030503433,12.806690617479525,138,620523.8833199106,-359856.5921304157
63,49.09800310834237,12.791069243920546,138,600430.5020041259,-349488.0750514902
63,49.0874405362768,12.757098644324941,138,553037.7213918671,-324886.3940578681
63,49.118214061349974,12.742574851371218,168,526204.4686792691,-310724.5244926189
63,49.172165416745386,12.733088097714932,168,496707.0085575925,-294345.65407962893
63,49.193434058944746,12.729348240436645,168,482601.5994088523,-286354.8599497524
63,49.234736178584214,12.722085716045358,168,450874.7283857711,-268193.26615941443
63,49.063711166444115,12.669020321108547,168,413686.3347014382,-251708.013503931
63,49.30239154816303,12.71018926191524,168,385340.9370420635,-230311.81563468464
63,49.32054817590977,12.706996618219826,168,364625.77391584014,-218299.07885678994
63,49.34653892313893,12.702426430603616,168,332499.8732596111,-199661.28098481635
63,49.004892154203226,12.590314138335955,169,287682.22741340287,-184372.5380283227
63,47.25192340235126,10.24465286791419,169,160984.14635674117,-202757.01549294012
63,47.241776177078854,10.2008043487048,179,116395.17218810138,-194257.6262507434
63,47.22246848870695,10.177171267084232,179,76864.6747387763,-184042.00594961375
63,47.20533378185103,10.157368957794082,189,38745.27291799782,-172671.05595350507
63,47.197668017442645,10.14093915891996,189,11478.828101602387,-163836.01358265884
63,47.1790575814022,10.123827936526455,189,-30424.60673065688,-149356.35354138052
63,47.171971155190164,10.114325396483464,189,-50975.40334702673,-141899.54677342318
63,47.16539588761161,10.107772911265158,189,-67554.15780224126,-135731.98564726298
63,47.14643580611296,10.08787891023948,189,-118474.35057227164,-116013.23453067112
63,47.12467514853519,10.094183624027847,110,-140094.7094182309,-107146.48604045452
63,47.11772378930839,10.082515888913559,110,-166068.2827090983,-96506.22746205774
63,47.10204839594691,10.05620501479717,110,-225528.33088660982,-71198.8458437333
63,47.09981602279189,10.05245801542637,110,-234057.2489554702,-67463.69200233289
63,47.08848664536833,10.03344185319461,110,-277396.60609882063,-48083.60258069963
63,47.07195574153028,10.039761991144422,263,-295422.0783509653,-39735.46150704595
63,47.06272206321687,10.014552792120922,263,-344101.9428544941,-17016.401901910773
63,47.14896827134928,9.873029857312646,262,-359210.78332197823,884.8246233693244
63,47.04447495215743,10.00301118362148,262,-389466.6670861383,4933.238381430539
63,47.09538807680161,9.896208361463342,262,-420145.8648236743,26065.433738932516
63,47.01741574964089,9.988626955950421,262,-453649.11828561313,37128.10703906272
63,46.99456026131926,9.99172924721376,262,-489742.7873803242,55904.50681201148
63,46.98010009857612,9.973861904815957,262,-536128.7004124878,80511.76661811065
63,46.98265794879303,9.944974808879484,262,-561931.9541662375,95028.66057901095
63,46.95485489266441,9.96690774493204,262,-588262.0100196197,109146.16346427379
63,46.93929817117615,9.96373201560392,262,-619051.7224875843,126515.55904915466
63,46.92072650522265,9.960946721523216,262,-654603.5229236997,147005.97402546118
63,46.71319073582108,10.157796916276903,204,-667516.698369788,210403.92722560978
63,46.70172495013693,10.15661700330515,204,-687721.1226953266,223493.92800547677
63,46.67178613719315,10.153536081096737,204,-742663.9049087001,258472.85662791508
63,46.65018700380739,10.150937904802525,204,-785836.6368016026,284970.26530199125
63,46.80821937480962,9.96295086705162,204,-847599.6302429407,266641.4600777682
63,46.6238422174632,10.148602302081121,204,-839151.0575081413,317140.4913972398
63,46.597591351490095,10.145900896513755,204,-897137.035982089,350641.6268400682
63,46.585338851417276,10.144640024893569,204,-925456.3948921188,366563.1353068967
63,46.685914001562665,10.032310233257396,250,-985101.3033321236,364119.31514355645
63,46.61103890554296,10.096625526432254,250,-1006827.6669683467,395235.03999870765
63,46.642007215987874,10.031163459295872,250,-1063078.875190866,415544.12807334284
63,46.62212667617626,10.016028446506928,250,-1111047.644743396,446713.52818463533
63,46.53880682313543,10.095107660156867,250,-1154089.4779057056,481186.94432503905
63,46.44789365399261,10.153807330489393,250,-1198881.1617375864,510712.8489184651
63,46.493939402766614,10.094164827803546,250,-1242904.0173515405,530602.8677108631
63,46.47008901451879,10.093663641920907,250,-1285601.611721466,554059.6024036269
63,46.40138838041052,10.09221998458562,250,-1369756.4438138895,602261.8673683737
63,49.83476492900109,13.700773423570938,169,-1360314.4228536736,736442.4898670913
63,46.05282691703938,11.642560873214277,169,-1455678.1696984647,659308.2013653888
63,49.89896295116052,13.786677301810613,169,-1486451.5937577153,804958.4663947164
63,49.94193602537034,13.844179910307453,169,-1551535.1905354331,840395.7699650521
63,49.98645390025519,13.903749628734296,169,-1603694.4382090447,868898.022143615
63,50.0,13.84303236121843,169,-1671629.0067669747,909072.2925536828
64,46.532480129339696,9.45732587828273,11,3340372.8355074855,-1516782.164349954
64,46.58253574351597,9.462281975823677,11,3088589.932037349,-1457014.2936422797
64,46.59099106116251,9.429339870167464,11,2942255.7621610397,-1420011.8139654142
64,46.610859756902514,9.402327498757257,11,2719542.9262041124,-1358664.4045087649
64,46.65844111054923,9.458596577402274,11,2542763.033928489,-1304051.8773011877
64,46.69064565912332,9.472565418905408,11,2307916.510672975,-1229540.7811504041
64,46.66200953064051,9.343066728012694,11,2095166.794571827,-1171537.199367714
64,46.673312971224966,9.340574194825583,11,1987549.7574134509,-1138305.325161222
64,46.73128440921283,9.490192626365863,11,1970050.891952151,-1117024.2146207811
64,46.71238296622624,9.357752316369176,11,1692803.6283802483,-1046069.7198696985
64,46.77243113470288,9.508040170026376,11,1580598.2583242776,-981618.4878266596
64,46.73261955625639,9.346136043712765,11,1444285.5674296964,-965572.9243589656
64,46.79338814483529,9.517130350323292,11,1364135.1535062967,-904314.1057741352
64,46.75291996480205,9.3348942494442,11,1187895.9852725097,-881183.4428987183
64,46.80876061549962,9.523798216066778,11,1197759.733374223,-844070.5967247627
64,46.77543937137877,9.32295117358472,11,896907.9325184008,-783966.6991092662
64,46.81362743452317,9.42995174490793,5,827378.5597608547,-747169.5814886186
64,46.786290825442585,9.31740870780468,5,754756.2791678048,-735974.4388936695
64,46.842565898355026,9.508288062215648,5,713622.6336166235,-681001.3312374513
64,46.865358143580224,9.600816162178258,5,698137.539645787,-626456.8949949469
64,46.8614163671708,9.541315322859942,5,564695.7591251422,-612534.8348246382
64,46.81744152222376,9.302320984142723,5,341881.21698309656,-594914.8728714675
64,46.857990536770004,9.423745250275742,5,235369.67774685912,-541373.4510887846
64,46.86233748749949,9.406735928248427,5,123601.64795894305,-506125.9747184616
64,49.61074368458527,14.201792408485192,5,590038.5606819941,-353402.7041416425
64,46.850151305325,9.287801759951003,5,-95906.48203965674,-442911.71292953833
64,46.90471732644754,9.56541979269933,5,26854.157886927107,-404875.91799499985
64,46.8594228163105,9.283943114827697,5,-220177.9329011437,-399347.16831378185
64,46.87616307707603,9.325610786275702,5,-304775.76268698793,-367595.7287473837
64,46.87023258708085,9.27958744268113,5,-364954.6729491202,-348374.21698359115
64,46.880490558775136,9.27561159169709,5,-502071.35831915936,-299885.44433344936
64,46.88609449293166,9.273482194927322,5,-576888.9485185619,-273342.08377580706
64,46.98128968055468,9.822413220346712,5,-192727.0676946546,-107092.38969074872
64,46.897549299854916,9.26928413189706,5,-729368.3385656854,-219062.8341867632
64,46.93970594341507,9.479953795129461,5,-743676.4910395199,-167792.6604981721
64,46.93496732416734,9.412976030054706,5,-855548.5696953953,-152002.0101674543
64,46.917775933000996,9.279440997274666,175,-956786.7178913074,-137406.67401550198
64,46.9414434014929,9.376297199387439,175,-1037879.8809440602,-95315.46180654473
64,46.92526040523803,9.259876079148642,175,-1095294.3978102463,-87821.09413613274
64,46.932714597203386,9.257526187440765,175,-1192838.1190748147,-52607.29383328861
64,46.93699650787061,9.256217237252605,175,-1248659.6314133715,-32412.54748750566
64,46.9515913108715,9.31454603970301,175,-1313835.9161566338,-5342.016453437796
64,46.94938725409868,9.252563597659568,175,-1409335.2130108736,25889.1737649253
64,46.953443251512866,9.251418631927159,175,-1461621.5513405462,44916.8975364072
64,46.95886983180305,9.249919517471728,175,-1531336.5592271222,70329.46205059449
64,46.96654394155827,9.259494543123559,175,-1609849.964308745,99124.139718139
64,46.969187419502965,9.247193403589856,175,-1663054.9701599183,118475.62209806942
64,46.97647218115144,9.245362180497224,229,-1755374.5103392752,152323.7672781122
64,46.979546534785015,9.244611946687646,229,-1794160.5042347666,166569.76550651385
64,46.98590257743015,9.24311101290907,229,-1873997.0758116895,195941.12675763323
64,46.992220379667806,9.24168370037853,229,-1952876.2331801995,225023.45149465764
64,46.99290837562593,9.241523704947618,229,-1961447.6777145031,228187.4967196062
64,47.003007665796886,9.239377206490937,229,-2086440.83497574,274412.37764002645
64,47.0153181971154,9.325352122130633,229,-2132725.3320909385,298600.36629132717
64,47.01386734377119,9.23723933288216,229,-2219394.7722179107,323757.930426606
64,47.017780215192474,9.23651568361849,229,-2266914.895076539,341439.6359100589
64,47.02857594873778,9.29601164508517,210,-2339100.063976084,371702.6514811418
64,47.02930866742774,9.234527893874061,210,-2405699.4398385617,393216.72699678753
64,47.536917230566445,9.967893767864886,234,-2125507.498201543,584653.9076420417
64,47.038206779215216,9.23314388287632,234,-2511532.8540850207,432839.894538462
64,47.05526136397993,9.3961466318709,234,-2569842.6388752,480069.00702155515
64,47.053983689832435,9.282453768166114,234,-2666265.5902195037,493345.94552548305
64,47.052838624107984,9.2311545447925,234,-2683036.458942449,497312.323839497
64,47.0599988061855,9.230315040198036,234,-2765781.9255275247,528537.7545324309
64,47.77756693058123,9.767368306428747,234,-2530371.9724018103,796776.7667971028
64,47.06941109432577,9.22934523372555,234,-2873340.5796297644,569246.5146255556
64,47.76802618097382,9.760974504126512,234,-2645900.6534395157,834510.2087491968
64,47.083144571713554,9.30199614391003,234,-3007765.5855416073,625204.0110758719
64,47.08751800926515,9.227934174802675,234,-3076267.60894287,646432.4215496891
64,47.093385516597195,9.227604746979196,234,-3140871.9943861994,671114.5213402935
64,47.0993869899852,9.22733516541698,234,-3206354.880118675,696188.037902645
64,47.107389358161505,9.227083884733267,234,-3292719.471111197,729345.4146067594
64,47.11226126475245,9.226991126394557,234,-3344760.603617,749374.9783824953
64,47.119942534846935,9.326656564849799,234,-3434422.4734668266,792978.0942533991
64,47.12635026198129,9.226987222450184,234,-3492928.2351466473,806615.0207203001
64,47.19414396431375,9.741284550808173,234,-3446807.885708731,1035916.2727272178
64,47.13839649305977,9.227303874237684,234,-3616819.7559103156,854731.4334109322
64,47.150599268228646,9.227935393839203,234,-3739641.634630846,902676.8791771898
64,47.149418911651644,9.346410371796908,234,-3766708.438068863,926074.0734586656
64,47.155567394379,9.350530821932907,234,-3834413.259042031,953471.4557108432
64,47.66927714311805,9.694797122729236,234,-3820246.4716754793,1218739.550488922
64,47.66716735540486,9.693383233245404,234,-3844047.725415612,1226498.5464060064
64,47.176176817861204,9.36434237602776,234,-4056207.1559936064,1043936.3073138768
64,47.185274774077506,9.436520438855425,234,-4136673.530497669,1099040.3493369548
64,47.190096429254986,9.373670704203004,234,-4200809.93636853,1103551.1129274922
64,47.20669567354907,9.254519421724083,247,-4289449.2513576625,1121140.8288037558
64,47.21836282198846,9.237610335247144,247,-4370203.307768456,1153436.3198683916
64,47.21783933604162,9.373401619466257,247,-4470835.632116604,1211256.873724291
64,47.239305646345784,9.267513695693715,247,-4577854.491534721,1238704.3925323826
64,47.24750278496686,9.245325411824032,247,-4612852.365006972,1252602.9523939958
64,47.25806012213586,9.248704017103844,247,-4696228.088161277,1287141.0302410969
64,47.27143608856238,9.253455861881804,247,-4798250.284402459,1329789.1140334143
64,47.28045599912477,9.283911101520777,247,-4902391.417675383,1374460.6809739457
64,47.29533327803875,9.26329033531762,247,-4969951.148477509,1402715.4446113694
64,47.31341878295506,9.29704596202994,247,-5125613.266874958,1471011.2488729479
64,47.31803336865889,9.298884761199316,247,-5154016.378813417,1483563.729299285
64,47.34334156091315,9.308969454795292,247,-5296624.301004107,1547890.2153105699
64,47.358907556164695,9.31517212194161,247,-5372879.483603777,1583493.7478174467
64,47.39833037490965,9.348150529998724,5,-5540218.504516624,1668049.123414752
64,47.41041194187341,9.346460292465473,5,-5568400.751345234,1683499.8794689954
65,45.67090687137736,11.299142054447833,0,2836062.1904135454,-1123858.8277632413
65,44.80736999079891,9.485466894676986,0,2909766.9135834198,-992940.4162629122
65,45.7010302706347,11.203980543177039,0,2483115.010704038,-991809.0579906013
65,44.79903169469821,9.315959840486965,22,2635695.6044057044,-917751.7787430789
65,44.95964168180018,9.380114296014916,22,2589411.2352630706,-895700.6170764881
65,44.49334305843174,9.386473668169426,22,2481211.5784189184,-848360.4622716991
65,45.557630394493565,11.148109875655939,30,2080748.09267579,-832812.5700452614
65,45.53506248387497,11.15436328127649,30,2029370.1296767006,-812553.9691851574
65,45.78618537019833,11.184786932276776,50,1929329.767481981,-776803.3758424334
65,45.63064423717121,11.464370976092688,50,1944492.5128989485,-760398.4974125912
65,49.09154121173573,14.541798648589294,50,1378252.6994770162,-751970.5356168665
65,49.1820541154366,14.667356371488157,50,1317862.6846682408,-724818.1502406964
65,49.2351675198631,14.47498983358815,50,1268661.5881303118,-704282.0609808182
65,49.2921264614708,14.465633720557156,5,1210767.502682275,-676812.3921531982
65,49.33511020626663,14.502689407588736,5,1171157.4307799342,-657261.8293467336
65,49.38922202184736,14.549338449276355,5,1116411.131802335,-629448.1712533276
65,49.39332572892662,14.374678247068411,5,1059285.1690413079,-601677.9670836189
65,49.48131366358735,14.628729369512635,5,1014668.9666986874,-576185.2800604844
65,49.385334520836494,14.188292680558165,5,965043.747262337,-552234.7324208117
65,49.519246764832744,14.476201763046973,5,918893.003287289,-528475.2460053087
65,49.504591615838336,14.33271511841124,5,870307.0735004309,-503952.34565185517
65,49.627122719945405,14.754429323866065,5,844792.8949042567,-484377.48950123455
65,49.5369156723454,14.318462325792424,83,807480.295527362,-470823.2675185416
65,49.54722363913326,14.260120084147346,83,748296.6550278438,-439464.08942540374
65,47.7929735867938,8.756556034931535,115,662329.351122692,-426640.454196942
65,47.68378291071249,8.693295605725101,115,636658.363824108,-411766.98323266493
65,47.68729275713139,8.842184039674889,121,580189.8759790492,-392724.2280467383
65,47.74380145024409,8.9200159165328,121,516649.3934671279,-369185.5817645575
65,47.93753616761177,9.003114538760501,126,488116.61293339054,-340045.9052385955
65,47.837825670366875,9.009858795671219,126,418447.272403524,-323725.25295756274
65,47.78371883314422,9.013518494709322,126,381557.9553810968,-312157.896216926
65,47.738237723566066,9.016594763467928,126,352802.0877165888,-301260.5182764314
65,47.49244771007854,10.307476013871295,132,318990.2163463062,-273142.77312858694
65,47.51645123198397,10.321612764060262,132,275229.4730002246,-249768.05562347238
65,47.40546079400072,10.207968500605592,132,169058.60347631347,-235493.14586396317
65,47.455808868401036,10.230847633526631,149,142980.31112875423,-232741.25223190177
65,47.49967344513962,10.243253022092889,149,76329.25897255389,-208412.1539637824
65,47.47181300627403,10.21631925126648,149,17418.16351758127,-192268.38667802233
65,47.551857165709514,10.258011156757231,149,7514.448228135619,-175723.2498197748
65,47.48312554210044,10.204685158570328,165,-78725.7046499549,-160761.91705984587
65,47.49478553816605,10.206563511976748,165,-96438.16634780998,-154728.35886511533
65,47.50279099460739,10.19678605566563,172,-170527.11322968008,-130095.16687226659
65,47.49752465105468,10.187511654805071,172,-214576.8314869651,-115489.73337571633
65,47.54789314862056,10.201173020385182,172,-232171.88846544083,-105689.75061678932
65,47.582631369003806,10.20455191326903,172,-264745.79255439265,-88749.65153207236
65,47.509746399001266,10.169772899154324,183,-348994.2117498674,-69842.35724038533
65,47.52154044642795,10.170392709662904,183,-364317.8778717712,-64412.543694746935
65,47.60164707077648,10.174602539060885,183,-424433.05664119933,-33846.33683071646
65,47.613212184297105,10.175210318445998,183,-426696.80223798193,-30496.727719092967
65,47.54338731690734,10.149558725763264,195,-522096.5807152521,-9217.395069838583
65,47.73627579930286,10.136542222469432,195,-506856.04357036535,33065.084227345345
65,47.43242589009959,10.118716575394613,204,-593537.2540524346,29236.700008460935
65,47.528574854901265,10.130926964357483,204,-631425.2168364861,28699.72187696259
65,47.53110679837334,10.123554698717427,204,-684140.3187978357,47463.024310805245
65,47.53323446790026,10.11660077995424,204,-733777.6042426472,65230.760706022425
65,47.53472372118738,10.111178027625698,204,-772454.8845420382,79140.81425830936
65,47.53588643449664,10.1065476326619,204,-805476.177786061,91061.07965193833
65,47.53641560758801,10.104300276724185,227,-821504.2964155058,96861.50654246885
65,47.64781708255394,10.08737101631948,227,-859411.8127120583,125891.4576545557
65,47.59964467714063,10.085099280533445,227,-928435.107058593,140648.1045171314
65,47.54046459141388,10.08230843964824,227,-978556.410923909,154178.63379602213
65,47.5992452689137,10.07014268253056,223,-1020957.3977050009,174365.36410933704
65,47.54185156653167,10.07068492888272,223,-1061794.5823910644,184894.3951537535
65,47.555478720523,10.066665966812913,223,-1083186.6408740166,193077.05163950846
65,47.59955929410683,10.054270290697563,218,-1119146.5381048142,210680.79168471327
65,47.571322758360914,10.051355555756073,218,-1173995.7828056968,227787.1308505995
65,47.5432567524851,10.048458423872388,218,-1221360.3587649819,244384.37698740562
65,47.54331530749101,10.046022000692828,218,-1238872.1215277999,250959.87446326707
65,47.599920012853886,10.028670537170537,196,-1277481.694166592,270054.73404587276
65,47.59249717761412,10.019781062296893,196,-1346831.7210687697,295215.18874664087
65,47.58423436342499,10.01597969056762,205,-1386615.7119707593,309274.05030008266
65,47.5430427692684,10.02220935752641,205,-1409857.5735744317,315626.17249709315
65,47.55260237445037,10.014113665375996,205,-1453164.5195403406,332282.09515211376
65,47.553601191817236,10.006215299336661,205,-1505652.925977228,352409.7017477169
65,47.558462486551605,9.996133032321788,205,-1564654.1117532433,375314.3008296566
65,47.486731364803106,10.004968300791006,205,-1597415.146347706,392135.78880309436
65,47.54849404083878,9.988121494331818,205,-1636886.6217774989,402842.35669453663
65,47.53917914103154,9.980860890958102,205,-1703196.990808547,428449.064484651
65,47.71475845326126,9.820800259656375,236,-1713741.5400887663,484463.56630555046
65,47.602629822488716,9.939720142964932,236,-1783330.9067566043,466632.4671744729
65,47.54108235379135,9.958207449284899,236,-1846931.6507347447,484644.3190061163
65,47.68543559340668,9.816145905767048,236,-1868811.7548687954,534395.1894147468
65,47.533512581933756,9.949142005346879,236,-1920766.7656431214,513672.1831872159
65,47.53070412499431,9.936973582646685,236,-2001539.6815560465,545672.266506262
65,47.52959329580029,9.932552057432078,236,-2030438.6311226564,557172.9137651249
65,47.52744002654962,9.924544627440344,236,-2082144.847036892,577821.9489809561
65,47.52382964545898,9.912303043102181,236,-2159370.1795380213,608846.4703668611
65,47.624189921131624,9.806424513161708,236,-2174145.873735136,637506.8860143833
65,47.61428216811605,9.804851877033745,236,-2220361.884513144,653771.694330697
65,47.42885361671082,9.916982516905984,236,-2298925.059163305,678955.3448227693
65,47.511147051738845,9.88391985049419,236,-2335649.6496617803,680660.4803509691
65,47.509224505201495,9.873816002564311,236,-2386217.947011477,701567.8228686388
65,47.50167992708761,9.858588857923284,236,-2468418.335350419,735969.7878130438
65,47.45400828049756,9.865540439608957,236,-2542130.5102499626,770780.7446355914
65,47.48469033360838,9.831826846284592,236,-2601371.0780238467,793142.4675022179
65,47.498797945530725,9.786521317081155,236,-2658791.3716011504,821770.8381059541
65,47.4838966983313,9.792223230805307,236,-2688141.6858907235,833586.1011349596
65,47.44523799318972,9.778019862116437,236,-2775670.115065926,876150.311861908
66,47.76835940509647,8.552074084403827,14,1447196.5727027056,-963865.6794262995
66,47.825389037603664,8.546275736491822,14,1296619.17971971,-914005.4575690816
66,47.86480765510109,8.586858085153,14,1061104.7928781644,-841652.0963031604
66,47.888827044447744,8.61158658389241,14,892816.0654659934,-786991.1085631617
66,47.91544514402904,8.638990512961634,14,686158.5742263107,-717702.1459142435
66,47.89840370521206,8.687920254076232,24,538359.9596249651,-669073.6725313425
66,47.92341709498922,8.699075301447607,24,379002.7842093969,-613076.6268374971
66,47.94821870945904,8.711408493558505,28,210858.9096657289,-553376.9043751705
66,47.96280059203627,8.717381416326464,28,117701.17652000036,-520041.6553349095
66,47.99118735031687,8.729008990060162,28,-64205.74035377345,-454467.4975108885
66,48.015798010992974,8.739089826653675,28,-221339.31418987477,-397338.5554049645
66,48.03516841026554,8.747024186173228,28,-343850.6944823249,-352494.17516110843
66,48.04914138369056,8.752747692083,28,-431258.29330227367,-320336.7837435631
66,48.041935383509085,8.779214051773,61,-568220.0697465664,-270806.0371597863
66,48.05595508545532,8.791392193701622,61,-698500.4962521276,-222760.64017459913
66,48.129998076628326,10.820466634863905,61,-788343.19829546,-165536.3546505891
66,48.05954271809495,8.818544240439293,61,-892120.1308574257,-150596.45248686746
66,48.13205945517191,8.808654237653823,26,-1060850.7995565895,-86755.93271313867
66,48.06713885121167,8.848807038367346,26,-1129027.6308598642,-61066.99382929181
66,48.164035645061205,8.82527496355276,26,-1254716.7085644621,-13247.743068606424
66,48.177761952024525,8.832409684306919,26,-1333820.0149596,17000.982405580562
66,48.10974230117393,8.877282016542507,26,-1461472.7006784512,63506.2721179433
66,48.21603288931952,8.852302321950045,26,-1539771.4957225625,96650.93986200148
66,48.20474108982485,8.874526532227653,92,-1658319.8270067032,139208.34938735573
66,48.206250216570574,8.881160430767807,92,-1703314.7293753999,156113.3070406502
66,48.2093843187513,8.894937481595603,92,-1796728.4436585957,191374.16948816364
66,48.21303850414754,8.911000741513494,92,-1905393.0146658577,232668.20842667719
66,48.215283677352126,8.92087019170153,92,-1971904.982376115,258089.26587266166
66,48.20257851022418,8.943532284906778,92,-2104011.5898023015,308638.9017825375
66,48.22342101408073,8.956640723499218,92,-2210128.0033106604,350046.5935619466
66,48.22558358048544,8.966147046381582,92,-2272389.4391935635,374317.1668031726
66,48.22408204165653,8.980449936872018,106,-2362460.189815308,409586.7686065411
66,48.23051950174918,8.993588421234126,106,-2448258.756139251,443421.70490519924
66,48.25926980635008,9.00258981261463,106,-2506947.5292435396,467219.79035823053
66,48.241713543141266,9.020376657867578,106,-2614295.9462169786,509438.1910678434
66,48.30126028469907,9.029009904402661,106,-2637273.949387726,521724.82674291753
66,48.36251819138017,9.067552916554279,106,-2745181.50950797,574074.3189292758
66,48.38499795129267,9.081697011682824,106,-2760946.4808053793,585645.6637697191
66,48.256811493544404,9.076118865811734,126,-2927585.877421008,636407.8127548906
66,48.28697007846283,9.097320267888062,126,-2999593.164315411,666976.7739800405
66,48.26613465490222,9.096701799752834,139,-3025964.354124257,677151.7545797997
66,48.26159269985495,9.105889658143948,139,-3079200.7798878127,699330.2859261404
66,48.24982290024237,9.129698623888157,139,-3217239.066881653,757848.9902288493
66,48.25871973092216,9.148160465380563,139,-3289473.2153274105,788786.1828850155
66,48.239389559184076,9.150804086005737,139,-3339233.2235878226,810827.5219433508
66,48.20900326772695,9.155645870280791,76,-3418031.3253674833,847798.7268562593
66,48.21560117641383,9.174336536458306,76,-3499530.178551606,883184.8740198523
66,48.221764836461674,9.191797055821802,76,-3566778.1889148913,912931.5610248125
66,48.22831809297829,9.210361230583915,76,-3628386.4601182337,940848.5618275458
66,48.228602928679734,9.226139301483578,76,-3687844.6739756376,968706.029606582
66,48.23979346406245,9.242868853889409,76,-3710415.348306509,979965.0506700778
66,48.195764813908,9.239051983171988,139,-3831854.1578988144,1038821.1269348094
66,48.19159724386,9.247482503297697,139,-3876269.346830475,1060728.6250062035
66,48.18648717713276,9.254689894742908,139,-3918515.407013094,1081883.9176035405
66,48.177341443690985,9.276320365372912,139,-4022845.2216025973,1135145.7454479786
66,48.15327904593139,9.268685588387834,209,-4074304.4916733177,1163014.442626268
66,48.16292664032144,9.286235383197443,209,-4104334.659808521,1177984.288566702
66,48.136217069380784,9.280812227870841,209,-4174990.2193836845,1216763.7885794137
66,48.13566358715888,9.302646927852463,224,-4253461.9743939,1258651.5278270121
66,48.12918890241804,9.30621583162437,224,-4288340.545472363,1277919.2965693544
66,48.12533929876314,9.323554227550334,224,-4354279.789019455,1315315.2621183018
66,48.103221589325756,9.319607896810341,224,-4427330.498986258,1356076.996626001
66,48.08965900594069,9.326146040114523,224,-4499788.784615034,1397620.5142630856
66,48.080359218298604,9.330491912860477,224,-4549565.100940593,1426443.111086791
66,48.063823093295035,9.337985989033527,224,-4638401.1766162645,1478399.7013700993
66,48.0748762970577,9.368232779611994,224,-4674255.534967479,1503971.995356141
66,48.03969800960239,9.348504308676679,248,-4769167.331521465,1555910.381926717
66,48.02757334733293,9.353648059623737,248,-4835554.255921068,1595646.1166840007
66,48.0163657021154,9.362846839043886,248,-4913477.255972284,1642636.6667808315
66,48.00348160617445,9.363662133468267,248,-4969045.020196214,1676136.7068231762
66,47.98812615640496,9.369936827214781,248,-5055337.734007656,1728471.812767157
66,47.981094621691675,9.372789711693692,248,-5095189.861547776,1752695.1023525284
66,47.97058046123182,9.377035647259351,248,-5155183.811623793,1789203.2737977374
66,47.953694105821874,9.383816426601646,248,-5252571.801362353,1848518.266693735
66,47.943823216241825,9.38776652890058,248,-5310106.044259598,1883555.8884858023
66,47.920861575271104,9.396924431949296,248,-5445613.415956571,1965940.7106227675
66,47.94629184061998,9.433763849837087,218,-5442818.926219226,1976371.9829477302
66,47.89730681039373,9.406304685941901,218,-5586975.72222086,2051483.3099725505
66,47.89422511532916,9.423533416417637,218,-5676160.734366146,2106632.481600334
66,47.88845253938744,9.422213451090432,218,-5697207.592351798,2118657.6793406303
66,47.86735093001441,9.418252989003992,218,-5769818.1345617855,2161156.4098582063
66,47.31486308059294,9.819395309903761,292,-5876674.276651467,2206745.2771852016
66,47.356303297599595,9.84194889721838,292,-6020427.149015911,2279339.8774987394
66,47.38178184038513,9.847641811016521,292,-6125148.031906587,2339684.716290885
66,47.32658324297122,9.805202224432856,292,-6161670.705563498,2333011.2856718996
66,47.34966899510375,9.819938329701104,292,-6255194.286963843,2378382.9180124043
66,47.353808148664655,9.815668109502308,292,-6346126.3755115885,2419702.230310608
66,47.341382058227346,9.789498219674114,292,-6471997.961976809,2473547.328062955
66,47.34733982330723,9.78364013713309,292,-6584782.585032313,2525519.0079130214
66,47.420280415187136,9.825414313042154,252,-6678284.493755739,2611498.773255878
66,47.36148175756231,9.770505552060516,252,-6828853.055480112,2639884.913680592
66,47.39346889920169,9.800376545476208,252,-6853030.868156553,2663882.422531016
66,47.402749616499804,9.785321385533537,251,-7070128.078651283,2766789.657253615
66,47.44018403982891,9.801754088531968,251,-7071210.328560159,2802546.966228772
66,47.38743282040503,9.748551629259826,251,-7200767.235269792,2820367.965516746
66,47.401485401011904,9.737598983378565,251,-7365469.776207385,2903544.161092923
66,47.41351916892819,9.72868996825739,251,-7487738.930401801,2967120.048859361
66,47.42183563688042,9.722781306351418,251,-7562653.389860529,3007080.2117486256
66,47.440284256457375,9.710413432144355,251,-7702559.309803151,3084609.7153089205
66,47.46280942850797,9.696791716767644,251,-7828222.170436814,3159738.220488615
67,45.67020975364137,11.31250502964555,1,2837246.8152301963,-1122482.709018284
67,45.68075511029017,11.21628148749569,1,2624647.570730924,-1045649.1811739096
67,45.72525124982713,11.232381881993843,2,2498981.0387572288,-996485.7755667054
67,45.764700339948725,11.236108767586938,2,2258287.7763599455,-902447.7519425616
67,45.14724389381368,10.006053796979591,33,2506959.828498602,-805069.4097772437
67,44.40157145537861,9.434020317484757,33,2283004.385352949,-769583.8509643773
67,47.970438896391855,10.990922608829635,33,972934.3316908213,-737571.0819764344
67,48.06377006417172,10.969679667159765,33,770463.6871094209,-691605.2591709987
67,48.09398119271257,10.929842125009461,33,591516.7673642088,-640693.6156360554
67,48.155167949681136,10.907132070175498,33,438427.39623237465,-592773.8964296728
67,48.2010154417939,10.877395783724984,33,290040.9305045102,-541962.1821633677
67,48.194758160779784,10.843077169870778,33,164019.87581287467,-496701.6938437611
67,48.20640069485533,10.812603619839065,33,43767.01145366438,-451123.7771503136
67,48.31632971625,10.784455335858077,72,-59006.91318991668,-405433.2928862959
67,48.23719963021354,10.749516695252312,72,-177573.28308600327,-360976.66286563897
67,48.2807979870147,10.723871575614474,83,-237343.48607409338,-333350.64302105265
67,48.207913539169105,10.702909340326816,83,-341007.31927810167,-288338.51555922173
67,48.1637757158343,10.690214897751233,83,-422580.78819074074,-249737.492994522
67,48.110123166617456,10.674783932796284,83,-544805.0739164788,-189827.79259144654
67,48.01548132130135,10.689903068610919,57,-609598.0186796889,-153401.1570869892
67,48.01206587999521,10.68460645244539,57,-643754.0184935941,-137080.13591803994
67,48.00403524203023,10.672152657151521,57,-725147.8529921054,-97793.70446797543
67,47.9878937040406,10.655804990142737,74,-844716.8027930872,-38799.480123534304
67,47.970076510111916,10.644835545829554,74,-943046.2739761614,10545.927984860293
67,47.957375220519054,10.637015790965117,74,-1016558.4902790325,47598.490030228066
67,47.9432234259973,10.628303009224103,74,-1101807.4410066425,90716.19030319566
67,47.95515424809422,10.620507146230066,74,-1115912.5413405232,97882.39222787828
67,48.00863126398923,10.446674694361278,74,-1005962.7933347365,185478.24511554645
67,47.765720993401494,10.632544169309174,74,-1211407.4004555747,202904.3075335347
67,47.89831664033016,10.599888259545992,74,-1399913.4898914315,242548.6972587529
67,47.887646635173894,10.5940862568846,74,-1469372.9575393065,278142.3490056753
67,47.288268586638786,10.038262571667762,91,-1293640.2259937392,367903.25164331624
67,47.057432107851355,8.453378828000776,91,-1192857.759514221,436520.90754539124
67,47.34192684488377,10.035814094864461,91,-1434778.148851473,417008.02598097775
67,47.138508485245076,9.977833565148975,91,-1417043.1795896152,480216.2646276503
67,47.90159574916167,10.4997102475965,91,-1750788.7008110222,470483.8315704473
67,47.21609617163574,10.00914061397604,91,-1646394.9944582228,530646.0295281346
67,47.86754683954812,10.422915662887306,100,-1791195.128275523,584730.0454092212
67,47.46368210892002,9.281127203813972,100,-1642647.8514662157,642737.1433820738
67,47.31770579376931,10.015000924428277,100,-1935246.7170369271,607366.5200521677
67,47.18160429884664,9.971120459214463,100,-2010426.7270528495,681478.2076046065
67,47.228496848635544,9.990042623350005,100,-2100120.1841884144,694222.9314493901
67,47.341107278920695,10.007639673676358,100,-2188186.4863221413,707866.4301871475
67,47.60574051802144,9.29366686056511,100,-2070705.102131473,855564.5654657239
67,47.112164509984,9.855798875465297,148,-2339919.869611837,796809.4984730568
67,47.248102014032675,9.979998326039295,148,-2441254.528937072,815964.5956932736
67,47.10277449963492,9.799437870276257,148,-2458873.9318446014,837370.1722381891
67,47.1092511711897,9.802615384828679,132,-2567675.5706923585,879812.1301208257
67,47.30757710020998,9.984217363738628,132,-2678979.527753269,896400.8472777082
67,47.343598504199576,9.398623040805946,132,-2590901.2184981597,1033015.6359765541
67,47.30509853988249,9.975981954377499,132,-2868042.5736569595,970674.5865361764
67,47.49444921226754,9.343816237062946,132,-2678658.329788028,1087486.1932244608
67,47.13150302312306,9.809919491778986,132,-2948761.458197587,1028320.5026745631
67,47.856198289114566,9.751167600674522,132,-2610791.7430436155,1316058.1353164085
67,47.63587654186182,9.361756132641789,132,-2969777.4343078905,1258455.3645612355
67,47.14821476961565,9.81540507491489,132,-3227888.5109617603,1136937.2485817026
67,47.28818621484406,9.950819832858414,132,-3345064.526207795,1159820.0916585657
67,47.162294175547196,9.820026599767239,132,-3456091.8268802334,1225639.916853081
67,47.16353917193795,9.820435266282637,132,-3475905.50387104,1233337.8850519375
67,47.55525816872903,9.949015910068928,132,-3364642.8756923527,1451061.7080782535
67,47.50626680704171,9.960232552709513,132,-3470615.868845952,1399478.7992214141
67,47.570598171950465,9.939792380062002,132,-3426563.261755308,1507593.587293529
67,47.29251523858859,9.928251080142472,132,-3854749.376001011,1363345.1311530825
67,47.35655720804263,9.943858385564349,132,-3903467.7041418217,1398376.417617953
67,47.66037021438771,9.421544187512062,132,-3715194.762301928,1596603.8912270386
67,47.29049016388732,9.918401883679998,132,-4034182.9071004274,1435720.704485328
67,47.289173255209946,9.910818365196858,132,-4167462.7587492107,1489705.5341954161
67,47.6648516822978,9.441100762885323,132,-3956726.445060149,1705483.1439387046
67,47.507213877173704,9.933245508354826,132,-4149516.1088880748,1684623.7918246726
67,47.70031034927892,9.475640775670021,132,-4125111.3039117926,1801989.81900244
67,47.52987308899187,9.919916330128247,132,-4308795.863410703,1794355.5578317589
67,47.28718749376553,9.889528889017337,132,-4525800.411986501,1635964.0701324146
67,47.287180283140835,9.88621298492361,132,-4580505.703338722,1658457.7801447394
67,47.322204437491884,9.899577873741046,132,-4665514.437471057,1697726.6857162504
67,47.288255328299584,9.872722826205514,132,-4803806.396286793,1750817.6228570382
67,47.23940049948942,9.80154552289854,132,-4875587.374236955,1791974.4518836774
67,47.44507323972537,9.912848021294328,132,-4854192.945222596,1876820.0212231742
67,47.32676287983978,9.874012983000819,132,-5162938.358068469,1906223.406691452
67,47.47627711020941,9.89375858475025,157,-5222361.031110087,2079505.3571746005
67,47.30092571942635,9.838015543420545,157,-5411460.308931587,2007745.0753029194
67,47.4176215641476,9.883918600353878,140,-5470756.027797214,2100944.0772944917
67,47.30482489779415,9.831709846688007,140,-5527981.155344969,2058170.4401782115
67,47.39267092835286,9.872370017934495,140,-5618902.916213579,2137907.69641817
67,47.3601615568305,9.85286443658175,157,-5765878.3475017,2176547.667260341
67,47.31667726181794,9.815865199995851,157,-5825570.496887053,2189056.5454941015
67,47.40812208418284,9.860495234447988,157,-5886672.110624608,2267190.866681047
67,47.36684833392391,9.84035140510493,157,-5994948.378114242,2279284.5668567917
67,47.33268378315621,9.798529020821768,157,-6149748.530930051,2335770.8044683356
67,47.362771997409745,9.64404969605316,118,-6327865.703188655,2499002.704414299
67,47.35397823607362,9.791631742366812,118,-6411239.820849462,2458768.9325208277
67,47.51302922808857,9.80554054630374,164,-6563751.623092703,2707566.2873481913
67,47.38853159863608,9.796219791044477,164,-6637307.526808461,2577649.0240579583
67,47.38600350894427,9.755288788890725,164,-6870771.784561852,2688139.072811225
67,47.43579737627945,9.775907166620406,164,-6995724.247066757,2783305.71116568
67,47.4304780550445,9.729509530146869,164,-7170744.738405742,2865194.721067812
68,47.874889940322106,10.999870701778486,11,2632275.174955438,-1154140.4422007052
68,47.960027406157096,10.978794972023476,11,2565588.903905581,-1121910.8051439894
68,47.84709971362385,10.927749894137346,11,2430226.241080766,-1076438.674058688
68,48.06232323059738,11.025034279750786,11,2402664.1252548494,-1056297.6302728548
68,48.09389001733443,11.039302959571133,11,2300193.357511214,-1016561.672371674
68,48.10408438952101,11.043910974758472,11,2262694.2757468414,-1002092.9937104237
68,47.74977611878143,10.883758111719349,11,2145182.9471732154,-974107.5510219625
68,48.159059474273555,11.18742483776855,11,2067731.703470916,-938873.752788985
68,48.151857916145524,11.065505353716718,11,2062869.143540318,-925388.9068764758
68,48.18413488772078,11.213732067677537,28,1947470.5867313028,-893707.8615754832
68,48.19675823548332,11.242773315163173,28,1871272.7704289774,-864827.8422110168
68,48.20725673738369,11.230042806772111,31,1840623.0914419799,-853540.2885036313
68,48.22049227765428,11.275658840572616,31,1746748.7950680756,-817520.6011236619
68,48.223217380074615,11.285050853408839,31,1726243.6351148805,-809496.5168835154
68,48.232374037217426,11.316609095323155,31,1655336.1325534934,-781422.4238231642
68,49.007870108720795,14.631423830570117,42,1446049.5166060443,-769628.0416721825
68,49.08968384411599,14.444125953394202,42,1398702.5474502766,-752264.1398464241
68,49.13057863516354,14.352127221403025,42,1349641.9021823467,-730383.1069218246
68,49.17673618453032,14.375021129912593,57,1323049.8241879072,-719111.784905402
68,49.20544311109553,14.30981561230238,57,1274555.6844176538,-696128.044446451
68,49.2249754490032,14.265449448599234,57,1235356.7635865682,-677108.4036038517
68,49.239714660788316,14.231970492521102,57,1202293.8721746209,-660837.0698666401
68,49.25832097239282,14.18970772446641,57,1156134.3560308618,-637838.031830442
68,49.33623260357646,14.272519076138584,87,1111276.2554505737,-616121.6789406533
68,49.442405810024276,14.552649951362165,87,1078433.91505333,-596421.6736328804
68,49.41527203455349,14.351295466309145,87,1043609.0479652141,-581017.2647538657
68,49.404066418971944,14.268140766457188,87,1013634.9194856815,-566048.9524666133
68,49.39213352430002,14.179589069534504,87,970502.176054158,-543870.2775713013
68,49.468839522444036,14.330337102525576,104,951514.6838002707,-533080.83022508
68,49.43172344626886,14.185337384281057,104,912273.9136374015,-513418.5651291311
68,49.34204941678362,13.982950455996862,104,867032.0404823137,-488749.4701570928
68,48.436212220575136,11.3554772817681,54,831235.9483094814,-471539.6463594514
68,48.44826062091295,11.404236228290998,54,805121.2437792576,-460747.4917088261
68,48.46050871571261,11.45380332289276,54,772477.3199243261,-445960.45340791915
68,48.462917442561825,11.363047964553086,54,726160.6569098863,-431207.806516413
68,48.48466008861205,11.551542065517575,54,697043.9211103993,-408911.51487829164
68,48.49506916615107,11.593666799162516,54,661971.9327849357,-390715.42963137425
68,48.513648256116255,11.555553364869791,129,619381.1222471969,-379180.0207790331
68,48.500076509838635,11.370627336520228,129,583793.8500835461,-376299.21018037363
68,48.51706300895447,11.412013176999615,14,556031.5600094491,-365003.2923622903
68,48.53934631567206,11.425992287157676,14,489254.5886469523,-338743.9555526715
68,48.53135007328063,11.374390003096547,140,467104.21475961455,-331050.8032898854
68,48.5455357669706,11.375833012989046,140,415672.32744124165,-311033.7171471302
68,48.58097935896129,11.45728516534529,140,380820.8551625836,-295233.30263421376
68,48.58872315613897,11.47508101819504,140,372705.0562402774,-291028.48925060855
68,48.589188258508656,11.416026647283656,142,311942.98580933735,-269968.00785896304
68,48.604124355097305,11.444773274449826,142,297470.849676644,-263241.9862464428
68,48.655760245734655,11.544153838021796,142,249442.4029547358,-236748.70650144623
68,48.61853982329153,11.403230317646216,83,201244.92927751053,-226770.88154748786
68,48.61120392672604,11.373901883353675,83,181513.83609030832,-219292.9190824673
68,48.62019468335348,11.373424542433638,146,151210.61655169533,-207343.06171702748
68,48.667205880527185,11.4314654718489,146,98709.54665225519,-185281.59807441896
68,48.68831989362238,11.457533239049196,146,79725.75158109968,-176341.00716163267
68,48.65629964412389,11.367511272069793,146,28344.396599426105,-158692.86108479925
68,48.70533142050954,11.438857301906564,130,11823.871016184523,-150176.93206462916
68,48.69380711457585,11.402010915601982,130,-17220.48144178598,-140031.41082893425
68,48.68129889886021,11.362018698205866,130,-53980.95595763185,-125902.1690075961
68,48.69809475156014,11.368692867715783,13,-87091.1051385243,-112631.2104508341
68,48.71144511541557,11.373698005268636,13,-112029.8984424825,-102565.73403426596
68,48.73309087775948,11.381813141241024,13,-148877.0480314201,-87552.17619112796
68,48.729592851741174,11.34681744083601,176,-208590.6443255681,-63831.16982004282
68,48.735216351867344,11.344580783891631,176,-226334.06164376574,-56660.90231247126
68,48.76060766088897,11.356552407765076,176,-257667.19440040548,-43848.464949435765
68,48.78424084011139,11.363970419498196,176,-288917.78305483755,-30884.647310276054
68,48.815592515776345,11.373811122509291,176,-322485.32330509875,-16588.430121822425
68,48.79625637532906,11.334634446474523,206,-370293.99244426785,2053.9621965358383
68,48.81116073008827,11.336240647436222,206,-391361.0664446308,10827.876206318335
68,48.86612232258612,11.353199522370112,195,-428516.67592949676,27366.69755965988
68,48.93354006774463,11.363898116919243,195,-459027.0214998997,42622.277826010526
68,48.956761593792876,11.35073410594304,217,-491720.1511874315,56851.093103915315
68,48.89113576896421,11.307044124807687,217,-545235.500137105,75619.40550100165
68,48.83518172143598,11.269793068728202,217,-572017.7600442931,85843.84661320003
68,48.870601465294456,11.270315990632412,238,-607975.9635981948,101306.29335931301
68,50.0,8.854703048395377,238,-668594.9690309148,122757.53027490797
68,49.77981656621361,7.463777712888647,238,-683815.5696866479,125904.24979536021
68,50.0,7.4069683937135355,238,-745843.0776455342,141679.77171173954
68,49.81183597758649,7.566913615551514,238,-768786.713864284,146647.82104045176
68,50.0,7.534495711725396,238,-830339.4096022848,161737.99661682188
68,50.0,7.6091716697449785,238,-878734.4166754925,173412.6381852748
68,50.0,7.678734382729051,238,-922354.6478804848,184065.61602088835
68,50.0,7.737244802827529,238,-957478.3430191557,192744.40152789108
68,50.0,7.7709447246876495,238,-976886.8935585985,197583.54433349747
68,50.0,7.884378346980562,238,-1036512.2609324924,212686.79679520617
68,50.0,7.973659067207299,238,-1075497.3418436847,222830.74324769148
68,50.0,8.147237288658225,238,-1123485.5110821973,236067.01999688006
68,48.98547541139733,11.005941476341837,278,-1116965.022972584,337936.93758797756
68,48.50609010928088,9.971857921639316,278,-1211919.7817644314,224600.2776529873
68,48.47657020761377,9.817436135222863,278,-1257871.036661186,259221.97799512782
68,48.914901111987824,10.97059241076288,278,-1255658.4881384415,397159.53331653966
68,48.88490724484299,10.955569163128258,278,-1307792.9267679611,420208.01616805966
68,48.86886945166635,10.947536196347341,278,-1333615.7839470005,431855.5300219766
68,48.81812469640041,10.922119299591834,278,-1404383.6224485938,464985.90554725734
68,46.190684887710816,12.848902216966728,278,-1323916.158373132,951188.08488225
68,48.75242116097086,10.406567186136924,278,-1486175.2467393887,519098.05888156116
68,48.51922325958935,10.314186999080034,278,-1580549.5602569794,465095.0499349549
68,48.76252950537889,10.4667576184102,284,-1582455.6267425825,566438.6391509867
68,48.58008036130121,10.3589089024734,284,-1668557.3615266578,533202.1255182603
68,48.705176769148004,10.468148892243248,284,-1712046.3707293344,607417.7532490281
68,48.688611186197264,10.484441686085242,284,-1762899.2871152007,627935.9932888935
68,48.582061042142584,10.471135457500212,284,-1820743.5399410215,636454.9925807229
69,47.914706693852146,11.028091838106159,5,2460169.1629958265,-1122219.1712234134
69,48.038274542872834,11.057635265095366,5,2247073.442813655,-1054667.1140368925
69,48.04700473751528,11.059722538363168,5,2220784.675932493,-1045354.0716972711
69,48.04364192620953,11.1495698897321,9,2029021.582779378,-998093.2842231571
69,48.06124124450308,11.16808303917442,9,1921689.6855380237,-963727.9454150143
69,48.08851286730312,11.166670774441057,9,1857677.3471379445,-942004.7187325518
69,49.009606601659215,14.826415378503576,21,1734064.480631974,-905162.4112504865
69,49.03978367491331,14.961588936593825,21,1693606.400680976,-882265.2578923943
69,48.909210825561736,14.3767079414018,21,1639075.5724050312,-858646.7657355994
69,48.163270366914716,11.188339862560948,10,1552126.499526114,-833804.9358625966
69,48.17378053206585,11.192178719273121,10,1503832.7017876017,-816124.6382012719
69,48.17709548025734,11.213551833782848,10,1409386.0059791016,-786599.0292135697
69,48.20077599117649,11.202038859234294,10,1378796.404016235,-769451.8593443154
69,48.142722505195565,11.270147595586264,10,1239684.0352115503,-734657.8739330729
69,48.184704561843844,11.254629316653707,10,1198014.9973952554,-716818.1950325918
69,48.24033608079642,11.216488253072354,10,1195982.6098889513,-698659.8664670663
69,48.193626908888426,11.269140929736189,10,1097628.2501961924,-681642.4949970094
69,48.179797486562606,11.295539334673707,10,995595.9473689668,-648211.5096405648
69,48.22808167577936,11.275536813140535,28,961522.3176872669,-628324.624066539
69,48.232181958987404,11.277513123894973,28,939037.2005059007,-619674.3964711673
69,48.214255580836486,11.30262167968907,28,854953.0200207499,-594952.3538200635
69,48.25432766118715,11.288187213269106,28,817663.0632369128,-572210.4197112665
69,48.17994156974846,11.337345537249613,28,751888.8035789417,-561251.090317581
69,48.21823325826024,11.321863045450762,28,732422.9791993737,-551330.4615744107
69,48.42550547189529,11.152145779031004,28,858238.9123157578,-480641.4348117424
69,48.18870972373173,11.356770068298072,28,608825.6134262963,-509016.8791504355
69,48.2213211466132,11.350967951607464,28,548723.3293660082,-485135.0731395499
69,48.30652041606309,11.313343793322563,28,535086.223981902,-456080.6847844654
69,48.20468893506747,11.373996427359783,28,455880.41660605266,-452394.9317451375
69,48.32006378622231,11.319871612680133,28,463259.0175799301,-425130.96686325426
69,48.31394127180369,11.330873791211708,33,413314.732735343,-410473.4468649661
69,49.31624663537612,11.145942673376776,33,441209.8416809951,-376318.1284739128
69,48.32731770759587,11.337737191705099,33,338978.669416561,-378225.90109471406
69,48.332023497564904,11.340151715401625,33,313015.52898988774,-366806.5917005198
69,48.22995139776526,11.401169790760106,66,211002.84245833766,-359757.8471158524
69,48.268806898972336,11.386812629255347,66,186980.49918667943,-344512.9305807015
69,48.2291364583907,11.416238366305198,66,119252.7912424894,-325247.26376169955
69,48.22987064891122,11.42141216634107,66,84787.9098838309,-312128.4976197137
69,48.287893694799756,11.40005188009479,66,48536.798580610426,-288231.4874835605
69,48.286905223269585,11.405906489804812,66,13850.02450049006,-275615.27761615627
69,48.2975655363861,11.40676059841497,66,-21333.152344846843,-259284.46896169495
69,49.17289123903921,11.027826944285223,107,-31781.920652233617,-236921.94902829546
69,48.22508300493291,11.45464317935348,107,-104033.83507772059,-239705.91629881703
69,49.13195570596846,11.018746726180543,107,-117347.53207623903,-206261.20368527144
69,49.12199100467639,11.016536380930523,107,-137418.91056846798,-198636.3192736929
69,48.279865038762274,11.442799853146008,88,-199921.07134381737,-196691.53677676694
69,48.23205261096894,11.475742811753891,88,-251476.02125873795,-182033.2620225796
69,48.23430318195398,11.482595064800307,88,-298565.1568116906,-163456.75926283665
69,48.293731190290615,11.45549057108337,88,-319758.03174629045,-147381.44572711634
69,48.29490223658852,11.456562347792856,88,-329819.12837239576,-143200.16021024963
69,48.22956506631104,11.502828443008276,88,-397456.54253613355,-123971.14111335867
69,48.24042060942963,11.501204546050015,88,-424184.57495926716,-113504.24232027186
69,48.241814843248704,11.505420528019206,40,-452154.0674437438,-102300.19654964266
69,48.22002231561468,11.52424005748707,40,-480291.7000781754,-89719.28913539807
69,48.24603603117259,11.518086250530283,40,-535002.0736325663,-68926.99608164784
69,48.24217986197374,11.529761770228534,40,-583610.2210304949,-49111.064686163074
69,48.250320289031215,11.530723073791684,161,-615813.7657881523,-36091.23402413835
69,48.251821257816765,11.53509386544273,161,-643305.2064624625,-24853.225409119532
69,48.19746440978345,11.582395462255905,161,-674544.1273362375,-4053.6041771977602
69,48.25592002728552,11.546795517629471,99,-715761.5163146148,4940.561602180854
69,48.265718361819765,11.543936577560215,99,-734193.7596758535,12755.76860957815
69,48.25869187742475,11.554521202613715,170,-762633.608308626,24357.080840607392
69,48.27927683067271,11.55167532255087,170,-816917.770549483,47772.372464444976
69,48.263177266727745,11.566672338184016,174,-834749.6497008034,54468.08958983587
69,48.27332239734009,11.567793597664732,174,-873783.0682056209,71050.20170601986
69,48.283832242645644,11.56895516611959,174,-913635.8278568996,88414.12128919773
69,48.276842903865806,11.580504045794775,178,-942234.2149007372,100053.8227239801
69,48.28683612152659,11.58395972089615,178,-990019.1444695176,120882.50654712832
69,48.18579401928965,11.717362965384513,159,-1014766.4948278265,160328.7939509712
69,48.2803226675771,11.60843283764566,159,-1067398.415693373,153953.521743989
69,48.19391805904004,11.748445806277928,187,-1082414.7082332685,193420.79690490226
69,48.21559436653388,11.720966388654519,187,-1129556.7709287587,201813.79814677068
69,48.2894111615265,11.627387602793503,187,-1165351.996012772,197210.54816359343
69,48.417044875690706,10.044485138814963,167,-1249459.562031948,207643.5080704718
69,48.42975432668993,9.971668591547534,167,-1271060.2297974546,213670.00395589415
69,48.43052691846636,9.905705228224262,167,-1287587.7489662727,226038.70492759935
69,48.46397510556473,10.07411786538488,129,-1331305.8795565476,253277.40573664766
69,48.474219712606306,10.09620128308972,129,-1359886.7643418463,272265.842535907
69,48.48591594738468,10.121413849773496,129,-1397267.0078741678,297265.794135741
69,48.49508154700854,10.141171344051942,129,-1429625.0247038854,319009.9744190074
69,48.487034808316054,10.182962328021624,129,-1482462.6354987079,352037.3012137597
69,48.52091947684691,10.196867945681804,129,-1531058.1202867788,387717.9145990766
69,48.343449407853484,11.748542091903403,86,-1567893.5609476776,395708.6324593346
69,48.34801699068331,11.758756668715645,86,-1584070.9429096633,406036.884233249
69,48.37694117762425,11.823440406317678,86,-1621908.408735144,446861.3420512481
69,48.401018380068464,11.725655794334497,108,-1680353.5613067278,460594.25601556734
69,48.41571728889376,11.750077463738673,108,-1721403.7503506588,489801.87533488247
69,48.52734304701451,10.325801354868446,102,-1756522.3412570567,535150.4873234635
69,48.56308394502058,10.353038881682949,102,-1808642.460588032,575336.3350890467
69,48.52120295625599,10.415728590793426,215,-1855190.8080063302,615601.9529119248
69,48.564704878699494,10.426992577697277,215,-1885147.8269357088,635027.1636027062
69,47.70318343273225,10.545607200296706,215,-1989333.0683677865,730448.5745092705
69,47.70418774818761,10.530211938407318,215,-2184949.941087662,814141.9010796101
69,47.63873321952063,10.499926497617944,215,-2464576.8763140733,949748.629988065
70,48.28812059362577,12.022025815468627,5,23196797.686131146,-9030986.572680494
70,48.316301100623726,12.067843112203377,5,22722944.371081848,-8847150.95905549
70,48.23626577094636,12.05315688890348,5,22221529.08133952,-8660295.810144715
70,48.478170371774894,11.954613777805895,5,21217686.37065125,-8220767.996818523
70,48.18122397204737,12.078292018640061,5,20733715.570189603,-8088249.109153847
70,48.438643966265296,12.080732960066182,5,20457950.306089647,-7952128.257749555
70,48.43271177030871,12.099661159921634,5,19999455.110845976,-7778123.139807849
70,48.503909325635625,11.872487012892687,5,19300875.246256944,-7463977.14472699
70,48.11675549146025,12.08059707814706,5,18791480.157861464,-7337571.52117216
70,48.15144624282871,12.17087327965032,5,18030857.00334069,-7041857.212294001
70,48.51336648511529,11.84231150857592,5,18132345.935419854,-7007335.9342318475
70,48.40776088644789,12.179273384423887,5,17316040.563803367,-6751464.472064537
70,48.064822520209866,12.058698114961649,5,16956922.511685718,-6626705.139730843
70,48.39992355245299,12.204280418121849,5,16270445.755814807,-6349443.448335406
70,48.13635706691946,12.226150203010336,23,15808560.890192954,-6178715.5303275585
70,48.233602361193086,12.251349707994533,23,15757516.525383502,-6159183.086351255
70,48.258747584422714,12.265888970431305,23,15018176.200503107,-5872368.78130069
70,48.26128661733015,12.267455942085695,23,14929003.35350423,-5837779.161801036
70,48.2774157647612,12.2776796209838,23,14308529.497353796,-5597113.946387791
70,48.283572541771065,12.281669471969652,23,14049300.743095733,-5496571.094073818
70,47.99500884140042,12.002187389097216,23,13526012.422628326,-5294707.660435034
70,48.04765795088189,12.240556234366204,9,13275094.809629539,-5192743.452914962
70,48.04538829327347,12.243957476328719,9,13103374.476301096,-5125810.69459133
70,48.31653536845747,12.303895023458836,9,12459209.573571619,-4879878.309000128
70,48.033953602971394,12.261093166020151,9,12229623.920143368,-4785109.184271357
70,48.02800045913939,12.27001437181575,9,11770077.66228308,-4605830.678881679
70,48.331080389725976,12.313965185940253,19,11667867.096881522,-4572971.632674793
70,47.952184283817616,12.211159291096923,19,11261505.339529471,-4409387.965356056
70,48.00497311155977,11.90210431255481,19,10954446.639275432,-4294647.008069278
70,47.94025923877121,12.226972243941486,19,10532838.925045766,-4124903.587821184
70,48.36077091407365,12.329207000037748,5,10241924.171029031,-4019915.606625855
70,48.3090452216837,12.349983175896053,5,9935025.855142178,-3900035.903262775
70,48.33527178135359,12.349558497935261,5,9556685.443392292,-3753792.2990829176
70,48.32187064398637,12.358372416209379,5,9270708.866857763,-3642375.660691447
70,48.36406223185423,12.347717584308567,5,9109683.78515983,-3580719.271052534
70,47.66774384455606,14.54048845012012,5,8499068.647082914,-3483773.9722184553
70,47.64128076352474,14.624925729370004,5,8368242.76878449,-3437454.8910293863
70,47.32132546463846,14.532045343423706,63,7942909.144729376,-3258488.895973397
70,47.2575026927219,14.613228061021049,63,7690665.52706478,-3152925.321651934
70,48.01706181803146,14.785800181867668,63,7372536.671510983,-3059567.6306716106
70,47.979917946979754,14.886837310548914,76,7140535.211528171,-2973131.0933719925
70,48.0333325085746,14.909112139907005,76,6886334.510793758,-2876695.7410128987
70,48.098937524898744,14.93647060733653,76,6539557.12522628,-2745192.88741267
70,48.143657834991274,14.955119778019753,76,6282593.789359121,-2647761.083383792
70,48.191269503334944,14.974974696905981,76,5991879.20127581,-2537517.3683773265
70,48.23378872303256,14.992705973451645,76,5718291.038866215,-2433732.753908111
70,48.257380604316836,15.002544210706676,76,5561159.619978489,-2374102.647421103
70,48.302162289919124,15.021218976077302,76,5253147.007409183,-2257151.743894614
70,48.345438829777464,15.039266068700938,76,4944293.801204289,-2139780.9123112415
70,48.476614224320926,14.858979470722012,109,4678899.347213908,-2042663.5374178311
70,48.50358660181344,14.885808248026983,109,4400567.141527286,-1937468.5756079268
70,48.52647109542858,14.908570905234638,109,4162915.5098582767,-1847402.5008930014
70,48.539424203048654,14.993466393645988,109,3818657.5896458733,-1715154.6205693749
70,48.576866903300036,14.958698407226724,109,3637752.102095919,-1647582.6887029065
70,48.66474476084469,14.806094076092188,132,3321206.0173130226,-1529722.5837033628
70,48.68536005467929,14.812165108519954,132,3124507.3156463914,-1455238.901630316
70,48.70527123882056,14.841744761081808,132,2876565.43455494,-1361049.4564590235
70,48.71767698031274,14.86017447980208,132,2723326.731890437,-1302649.9559289203
70,48.74499286426705,14.900754404685301,132,2390262.770880769,-1175232.0132605736
70,48.75736938572475,14.919140714713178,132,2241682.0770234163,-1118175.688065553
70,48.784426107570134,14.959335633607562,132,1922819.9235049866,-995278.8114460356
70,48.81323216156,15.002129324964802,132,1593542.0771836936,-867709.876274529
70,48.87523280704783,14.741010903770762,167,1457211.6379997805,-821515.4464079429
70,48.871001877797276,14.935075555435775,167,1182072.6538687055,-712712.058405461
70,48.88971192515831,15.035940838893094,186,874979.5830298639,-590462.7246705098
70,48.93855214400858,14.912478384398822,186,574666.8596367761,-480240.95252247027
70,48.973168662756756,14.774633136777876,186,391046.6402345613,-412854.1388677734
70,49.020849687606,14.704439661998045,186,-37551.45621052944,-248289.48795585317
70,49.00577873630736,15.096952176549975,206,-190102.95405996774,-175942.42082191186
70,49.03881770230322,14.900898663893884,206,-392786.02649228845,-107308.72182596089
70,49.07454060350605,14.957916063510362,214,-764325.2904842789,39166.648217150374
70,49.10137764482871,14.864022121857023,214,-1003722.3201803934,128395.29391664741
70,49.1262634826867,14.745964753755143,214,-1225947.982029918,212043.893690666
70,49.15355311439351,14.681477390634456,214,-1501881.7015550444,319033.9063795219
70,49.17919484310798,14.921352243220163,245,-1778025.9478799223,432651.5887880725
70,49.211436617506706,14.942619172272348,245,-2080063.6754837106,552031.8127349762
70,49.23264895369087,14.671524839550603,245,-2396110.135068662,668637.1428498286
70,49.258349122801484,14.66864086429431,278,-2687278.492807281,783023.3389325776
70,49.31335237956819,15.039624613974919,278,-2915631.6800173447,887149.739039032
70,49.307788349384765,14.675515265065192,278,-3239786.008287589,1000875.7538550721
70,49.33118428392238,14.660812370187479,278,-3508988.9912201934,1107376.3891641216
70,49.37745803053718,14.830611136882776,278,-3814485.722676334,1232167.5281568835
70,49.38791946918706,14.390188734760745,312,-4229991.613162309,1404548.0421321087
70,49.40570975851339,14.43727432886156,312,-4462022.1268985495,1493565.5014354326
70,49.459528105910685,14.775032391161815,312,-4712645.725661902,1589048.584957433
70,49.475902173452404,14.623052732919522,312,-5131421.455195059,1755105.4361529879
70,49.53986991922381,14.792356292726137,312,-5436461.89591265,1881396.709689416
70,49.54000131630364,14.627472954303816,324,-5791728.326595372,2021705.3037049018
70,49.61506375735309,14.811162186530217,324,-6048745.254918673,2131160.4727123547
70,49.604491107151446,14.611659903957205,114,-6464344.951562308,2295395.1166755315
70,49.63168744143729,14.626533787634836,114,-6689810.260081547,2387641.320884005
70,49.66416278897613,14.607666087100291,114,-7036536.439850184,2529996.43588174
70,49.70389307853624,14.597302830697402,114,-7419842.746984416,2688179.0572145977
70,49.742672014489145,14.586075717532498,114,-7784538.06687809,2839506.4587999997
70,49.786317246976694,14.562747781475188,114,-8210349.11031536,3017321.2856567022
70,49.82481727905587,14.558260604860507,114,-8524697.064519754,3149405.834485834
70,49.87176652967562,14.539761505764847,114,-8926552.369228832,3319443.5591025623
70,49.872251720275365,14.39488908438249,114,-9318271.399931349,3491350.191856995
70,49.97009930040104,14.494263951555173,114,-9713533.546613254,3656946.7342965864
70,50.0,14.408119707114267,114,-10143679.350872999,3845779.336523309
71,48.28388502061946,12.024131314493463,0,23100356.26342818,-8993911.545835502
71,48.2425284668199,12.049935791724801,0,22319296.154609863,-8696951.310461843
71,48.263050979955146,12.099812770050617,0,21725682.072015952,-8467543.032516632
71,48.27732465016714,12.122561307718586,33,21175937.32685846,-8254515.623696241
71,48.3137888510626,12.13618915057265,33,20682988.400795862,-8061361.937467156
71,48.16463526870206,12.016061329648585,33,20339904.539750136,-7934332.673047058
71,48.15441143756875,11.995314572032736,33,19760259.82604794,-7709705.1388166025
71,48.176168831999796,11.940476051079822,33,19351760.769828483,-7548274.625682163
71,48.14069311952831,11.96747661035565,33,18717538.609145444,-7305534.380117807
71,48.1214163518994,12.126851253698531,33,18299211.091665313,-7145669.894937414
71,48.117438438909225,12.146218655708292,33,17788409.210371863,-6947390.614710108
71,48.12700076729809,11.939691339921586,33,17392625.765473153,-6791839.3292234
71,48.066771955852175,12.05197408197281,65,16969633.428413633,-6630832.707090788
71,48.05803438166751,12.045913527453964,65,16598202.111170791,-6486789.298998928
71,48.04681257308671,12.052012031120594,65,16189884.762653604,-6328378.429506325
71,48.0457832165505,12.020994539518034,65,15870879.467631964,-6204598.458642497
71,48.031740048030045,12.026151439165114,65,15363867.947545292,-6007849.749808754
71,48.30654425829474,12.258992977419581,65,15015221.916291093,-5869938.769083469
71,48.1684847678636,12.262115427440742,65,14720689.347298415,-5755048.396309101
71,48.01248263465708,12.006735156057017,65,14290252.864960134,-5590968.130312761
71,48.04322628839691,11.943946893982504,65,14015217.164295372,-5483720.710598594
71,48.09606330566064,12.258784361364748,23,13689056.059795914,-5352945.710694461
71,48.092974057676585,12.267316601164305,23,13287389.824808193,-5196487.041736153
71,48.174208175708515,12.29962957161412,23,12989696.08261311,-5082061.695239185
71,47.96309759600434,12.147600214825662,23,12659245.684009122,-4954729.2330539515
71,48.08124166643722,12.286050886096083,23,12294635.121246377,-4809568.670600192
71,48.37096260979438,11.708882640440757,23,12039649.059429519,-4685273.950466874
71,47.99912785389988,12.247420837199677,23,11694026.99528902,-4575759.186962686
71,48.272396126402676,12.328087510464004,77,11512128.597525306,-4510670.19476902
71,48.274677341798025,12.334419427583923,77,11139765.218894633,-4366077.286284923
71,48.1612387514608,12.341687924640702,77,10782153.999369266,-4222405.257317506
71,48.016446689574906,11.881127259909585,77,10496182.70694149,-4115993.0258022994
71,48.28034466646956,12.35015009036355,77,10205535.611982746,-4003239.617212965
71,48.36367401732895,12.333323996440908,110,9899426.81126309,-3886276.1749928812
71,48.367105238880384,12.335792473382527,110,9684669.754927026,-3802979.5006873654
71,48.14322477277981,12.365501345372675,110,9449224.334131543,-3702260.5644822293
71,48.152108139855265,12.37067003397845,110,9248323.517454255,-3624367.1026816713
71,48.28464570651936,12.373249405062712,115,8861706.950936405,-3480959.6289069904
71,48.50816582820482,12.274976634802485,115,8703229.800707817,-3412670.167430077
71,48.35899973723266,12.36262022854271,115,8321773.931034043,-3273975.491548014
71,48.410342150108335,12.34509147300066,115,8100800.7623584615,-3188439.0000007357
71,48.39697999574057,12.357190813780885,115,7766247.648204594,-3058810.475314835
71,48.074609639933676,12.388703823262126,31,7643820.2921157,-2994833.6010175874
71,48.36435056112896,12.378800912276901,31,7297471.910325881,-2876289.3868817594
71,47.843704626903595,12.256250779051554,31,6983121.741495845,-2738799.668493059
71,48.705782002289794,11.718623858340132,31,6927887.056832044,-2580188.2435997454
71,48.23328158913867,11.6884109905496,31,6668509.573789478,-2615431.47548652
71,47.48585928569117,14.073788358534218,125,6071809.9190870235,-2479582.8109765644
71,47.39409220836934,14.029820111361637,125,5822026.311343621,-2390490.7100769975
71,47.35949228727423,14.013242293616324,125,5700161.10098888,-2343598.6863918696
71,47.35251316701014,13.957222867845347,94,5465552.702218802,-2251560.523019215
71,47.37627321179656,13.883155303190565,94,5139641.6871345835,-2123000.9435772016
71,47.35994854976976,13.841581628241787,152,4863819.7489848,-2014253.7032506398
71,47.33659064685607,13.821698603493667,152,4695553.098118807,-1947152.5836505485
71,47.36399316639727,13.762287687678509,152,4320577.490391709,-1798848.8932321446
71,47.36545983146731,13.741509933884592,152,4161735.7379725277,-1735693.7940598754
71,47.366468575924536,13.728550088784614,172,4059223.629836402,-1694896.4082697812
71,47.405054461128024,13.693314087637463,172,3789844.7136259214,-1586420.6540470442
71,47.39880948447803,13.667076609877618,172,3549356.5751412623,-1490899.1337795057
71,47.39211672745847,13.638957839657287,172,3283215.444655756,-1384861.8303900457
71,47.38162358031157,13.594872212067632,172,2851106.7392132105,-1211927.006493114
71,48.81495585722021,10.86724611844824,199,2648029.9334812276,-1195312.7959124697
71,48.913650392417665,10.968971183227861,199,2378045.2267686124,-1144961.0009614094
71,49.13480709399552,11.025694184499182,199,1958954.1384070918,-1023311.6089560153
71,49.08485773775396,11.08441334129835,199,1918770.4775880259,-997206.2724178472
71,49.22405803472478,10.920773112887968,199,1626201.7609698414,-867494.849212099
71,49.304085828451775,10.915478455067976,205,1447020.9789461596,-776581.4247696489
71,49.432034857832605,10.916988649778666,205,1223356.7547129712,-648634.872774712
71,49.56214572397296,10.918524360856734,205,997332.1647297981,-514441.82240968134
71,48.08103183484852,10.097886459618646,213,819794.5781292757,-391260.9479670371
71,47.73966592551016,10.916242522703493,213,382158.8805789227,-297245.7789418412
71,48.16975870730599,10.115164656880477,213,163260.3205634419,-231061.40411981227
71,48.21194928208168,10.123380624077043,213,-117713.59435923577,-154185.71173318467
71,48.254736402918816,10.131712759467527,213,-361791.01862888713,-83254.17661037271
71,48.33866797171267,10.1480571449051,213,-688382.3809227911,21390.23810999626
71,48.53348086292636,10.017927868495855,192,-916831.648235265,115602.424392004
71,48.44611205079899,9.905121314675537,192,-1191470.4806445776,192401.06599722482
71,47.295298942850785,9.944877032744573,242,-1516700.3230691587,442466.1963230613
71,48.4251273374029,11.142554159603222,242,-1657902.403008361,541317.6545574154
71,48.4055282736449,11.130466135396363,242,-2043946.594804198,689582.667336941
71,49.40964815750398,14.095259452595844,242,-2220965.964821522,797114.9079284576
71,48.38106471133529,11.11537785684204,242,-2529554.608168613,876370.4638694304
71,48.358316136317065,11.10134732309373,242,-2965241.057154593,1044119.5992420608
71,47.88583273095516,11.011824519997568,242,-3184055.0070402734,1090243.5035583272
71,47.898149265581345,11.019820749368817,242,-3554394.436124908,1234331.4180025985
71,49.56571625079884,13.963135674567848,242,-3688364.4682080005,1384802.3685256077
71,48.29528794573888,11.075136673761602,128,-4078310.9371039714,1472355.5055527182
71,47.921707017950546,11.039513583354651,128,-4384531.078494896,1557516.1036435487
71,48.281483413722555,11.118199065124122,128,-4716087.004810046,1718508.501600393
71,47.94995937799037,11.05386162993281,68,-5112703.43710933,1841304.3066140357
71,47.96287728298275,11.06276311796011,68,-5492409.6644499805,1989487.747237511
71,47.966044183786735,11.075207181345585,68,-5847823.682200226,2128449.2605188084
71,47.98246447496533,11.077095635158953,68,-6057760.038351701,2210481.8420466334
71,47.983341603450256,11.09816194781342,68,-6573826.438870295,2413089.3040096667
71,47.99668985029834,11.099722880666466,68,-6720658.504828612,2470559.5330452365
71,47.9971994883545,11.116552234798585,68,-7087287.550653154,2615414.242267459
71,48.0113123661265,11.135280913396155,68,-7531067.427791644,2791492.256021122
71,48.03840121011707,11.150895371988351,27,-7866752.719808666,2926039.5002961215
71,48.061197510455486,11.191398580028007,27,-8219998.185259495,3075587.922248817
71,48.80698850245106,12.559369872870988,27,-8644868.125534793,3338168.603563891
72,48.445779882015565,11.901720263757293,3,16424527.572232852,-6341388.525905723
72,48.45860928988023,11.933566474228227,3,15850263.564262848,-6115264.072611891
72,48.33741648767895,11.849673616613323,3,15316616.833543409,-5934973.080307724
72,48.46975335048254,11.961229177229477,3,15072309.837039454,-5811869.153120512
72,48.473312687740524,11.970064456663291,3,14774954.921075549,-5696271.176152081
72,48.47797919935123,11.981648055258601,3,14352511.8591921,-5532269.978995331
72,48.31868661635077,11.799303175324026,3,13808032.529334338,-5359190.396290093
72,48.615787186634975,11.939187266341792,3,13634373.850624843,-5212377.773305487
72,48.30472182047606,11.794473102942987,6,13225628.016628273,-5135690.074393967
72,48.3020790270368,11.790011104462732,6,12992256.59408687,-5046093.470212168
72,48.44109944578701,12.024728236711079,6,12601794.821808457,-4861272.523945119
72,48.44527584591307,12.03177952219506,6,12270565.875853006,-4732942.000241334
72,48.44847502480453,12.037180902090936,6,12009894.183066517,-4632003.360343768
72,48.28865741936877,11.765309933097049,6,11587808.457937954,-4506079.825366923
72,48.28519281412332,11.761501022956585,6,11298546.20617738,-4394714.176727487
72,48.28039099960152,11.758775112385935,5,11000404.05612115,-4279889.61332503
72,48.27964174368892,11.75777667411521,5,10927904.367800344,-4251961.833874131
72,48.6987890544621,11.983754002631011,5,10909495.046344848,-4135924.156363313
72,48.26923644990756,11.751755313137272,2,10254141.518485771,-3992318.7167848325
72,48.268731642498445,11.746559189550348,2,9990327.326712923,-3890602.094856671
72,48.593250037335984,12.063304383844162,2,9944717.161161609,-3814434.561068854
72,48.51141404221613,12.082367988162074,2,9571403.617450776,-3686392.837778152
72,48.253028044823445,11.74440862541662,2,9258631.430678982,-3608387.7287564236
72,48.60897691251262,12.078426260013895,2,9098053.82618558,-3487032.9532923456
72,48.61338856598224,12.082668201068438,2,8860717.849608542,-3395326.6985573866
72,48.409269955709746,12.09670785039277,32,8724405.02839844,-3365265.4359594863
72,48.23660191099074,11.738456764771954,32,8292314.009788322,-3235418.002094285
72,48.52308907523074,12.106838142637747,32,8217579.448534115,-3165114.5340072624
72,48.1084048911909,11.973278861876565,32,7915259.459422981,-3063030.924081623
72,48.23218689516314,11.730585891345234,32,7715059.569046915,-3012474.2135229325
72,48.43803868660437,12.118656879456134,32,7561031.167369356,-2916456.7514059194
72,48.21026286073047,12.086484796630534,32,7342884.477548597,-2825129.261928532
72,48.554495549630644,12.124039461093034,32,7188379.144442248,-2766929.858529749
72,48.50434772172199,12.131514377053422,32,6880339.512712487,-2652950.4325318504
72,48.390477680418456,11.623626580188844,32,6746681.265158389,-2636694.666012234
72,48.10011806909524,11.838141861101212,41,6525604.316076039,-2545669.67608416
72,48.07321209278494,12.032694476611365,41,6342555.9998757485,-2444672.1295488123
72,48.57020349006709,12.144107663756513,41,6072006.028540984,-2337617.7051088247
72,48.53366535192522,12.148712758829449,4,5895641.951227081,-2273303.061972964
72,48.407657978003215,12.14911235402314,4,5710959.494341318,-2202375.345911081
72,48.51855433499861,12.155500317803899,4,5528886.861521324,-2133391.1953396234
72,48.536811099228196,12.15809215654229,4,5377495.3874971345,-2074431.8350277427
72,48.537716084901554,12.160790472629806,4,5229130.239959752,-2017501.4354128477
72,48.53941705179,12.165862095810729,4,4951265.368445406,-1910896.3697837028
72,48.03762872581043,12.904336247059318,55,4761798.731785756,-1854198.954238023
72,48.01368043062203,12.840050966338449,55,4630749.25676112,-1806296.2683858876
72,48.111434786000785,13.102456541673732,55,4384714.818298923,-1680404.7509894078
72,48.12654895491923,12.994063749272172,17,4275102.121399655,-1656363.5946731728
72,48.14018315812588,12.967943258961423,17,4049461.4186052596,-1573067.7622606757
72,48.14990523273322,12.949317648668524,17,3850693.469759572,-1498937.3448237057
72,47.65574222288775,13.080807464958019,17,3647508.8324815542,-1427172.9706481833
72,48.544604031527406,12.19315126378295,17,3481980.739445611,-1347678.139128972
72,48.82036001540386,10.872923958899127,78,3093810.6813180684,-1332275.0356021565
72,48.89619788724715,10.951812128179785,78,2863737.620660713,-1304767.2068155108
72,48.91018811242397,10.878520544930007,78,2798891.3606312773,-1262490.4068024287
72,48.9389300003595,11.012084379152936,78,2491598.5710166693,-1189863.8672198704
72,48.993842013395884,10.883732458230398,78,2404905.9122403744,-1142800.567028012
72,48.97025510730432,11.056267420196907,82,2150683.33448899,-1070166.8033969966
72,48.988344199290445,11.081781494101884,82,1949906.0811879234,-995195.7442750831
72,49.129466557121034,11.003972305797616,103,1757772.045208607,-953019.4223243216
72,49.150999809444215,10.99735336036192,103,1687750.1301309378,-925338.4635512854
72,49.20593039467974,11.039278867053667,103,1507098.699189339,-855060.5625962934
72,49.26647907418249,10.961857052568494,103,1264792.5211969868,-741246.0350571
72,49.3215703150655,11.024784509330857,40,1194460.8144516642,-711654.0544064429
72,49.352823896853934,10.97698729719303,40,1018615.068387386,-627834.8969601411
72,49.38958887668616,10.952060328395588,121,851390.2489060662,-545556.0610520433
72,49.4516362039408,10.951078429683243,121,675105.7030240321,-455957.08327108365
72,49.55909710392483,10.949377861359185,121,412605.81928320933,-313873.582645913
72,49.57467678284041,10.949131313000976,121,379278.0863304027,-294929.22756860073
72,49.560972775437705,10.872518176643178,142,204847.2836933651,-211372.85872016707
72,48.782735407634,9.457927436473563,142,-130147.70521793155,-58597.127904117915
72,48.73410175934456,9.442641674597615,142,-263819.08012299833,-12345.875916465608
72,48.639633875057534,9.412950017999242,142,-499210.9649727874,74642.86437190615
72,48.60979216846577,9.403570643081308,142,-560886.3711541563,99223.79939086406
72,48.46515061898238,9.358109190763091,142,-718184.4931470808,178451.55231234114
72,48.37518686430565,9.849165399654693,41,-955958.291658881,258086.89863343813
72,48.40134658495869,9.660008834014038,41,-1131962.4809835877,288506.83244085434
72,47.366710655098046,9.972100969939838,154,-1474371.5669413812,440387.0657750581
72,47.35256065860573,9.958729530433244,154,-1534318.3822560215,460633.0342475567
72,49.685274275692706,13.921733931480029,163,-1675215.989360745,620884.9355887218
72,49.766103893133895,13.984728306594901,163,-1861643.6415664558,709982.5773717937
72,48.31526438751621,12.6964760416527,174,-2150006.4101265604,796383.2593482285
72,47.30897476492866,13.569686990634247,174,-2385810.377366259,856458.5533819967
72,48.27651367805746,15.203579784807864,174,-2499557.234251999,946595.6509568744
72,47.44540296594594,13.625012677532675,174,-2892310.8368308963,1050256.9372748253
72,47.50939839116125,13.650964722872224,174,-3109827.6658701245,1145657.9368926217
72,47.52734869835733,13.669489602319254,178,-3280261.0507369796,1215975.1444482873
72,47.33095956406428,13.677998555004086,178,-3416690.387641952,1250452.1826372114
72,47.430742860355,13.70353560674473,178,-3672986.489609488,1351930.6691915046
72,48.36568318941239,12.64379769462327,169,-3913884.5891212695,1475370.6791882168
72,48.38528693252305,12.649958147040774,169,-4157325.7322369986,1567875.8764887177
72,48.735024328055616,12.759862698005268,169,-4378541.607283601,1668041.781969254
72,48.437980737426436,12.666517111110654,169,-4688053.2999620335,1769902.760300512
72,48.46993901533232,12.676559961053812,169,-4917727.267012347,1857699.8039896693
72,48.5456424656952,12.700349678209813,169,-5182108.5393745545,1960534.1075731576
72,48.50954106679114,12.424256116141219,21,-5415926.8860688405,2057481.3353499053
72,47.47756448334065,14.965124411864975,21,-5644179.825985329,2138871.979662747
72,47.48029154577622,14.01362768384341,21,-5916911.619815049,2237524.7335960832
72,47.35214483894555,14.103575488746525,21,-6237202.266375223,2354713.3056242024
72,47.516165389796136,14.177483649225275,21,-6498657.205520012,2471725.3675652985
73,48.30722803961808,11.851996246273199,1,11927917.907652661,-4638316.317545699
73,48.31733229180794,11.880031564053708,1,11846160.082381159,-4604307.122112504
73,48.32554618959213,11.902821893339743,1,11541149.11351604,-4484386.212476464
73,48.32977422623273,11.768449859682697,11,11149889.851754498,-4339864.876071076
73,48.31992616060026,11.767528472416927,11,10977051.525549194,-4273769.120383457
73,48.478219366858774,11.782338420882667,11,10699036.155470742,-4140750.7755777356
73,48.29580615537846,11.765271799229419,11,10448917.006642105,-4071051.8431765214
73,48.26254174204998,11.78605837644356,7,10228551.963569915,-3986672.249874246
73,48.257973345341675,11.781661469344442,7,9984578.860122042,-3892627.9311284283
73,48.42852207432029,11.935956627721747,7,9683902.94126824,-3757607.1720882314
73,48.372935525843914,11.966218585984722,7,9499479.9976592,-3689350.9857468368
73,48.187151385931784,11.939732170404563,7,9276078.763398573,-3604279.7246851544
73,48.43394660079813,11.951028997073402,7,9068220.26271968,-3519015.963156256
73,48.37613345687834,11.98228610982869,7,8863311.741013134,-3442518.281294289
73,48.24416171206203,11.753448200892255,7,8638079.361242125,-3372872.180715526
73,48.459615316609614,11.681581207105323,7,8529470.527521584,-3313553.653215817
73,48.22237175055399,11.7620091472342,7,8252480.38200151,-3224038.0125189535
73,48.449147314009764,11.965659102140753,7,8226133.587863981,-3191999.4721507044
73,48.45425537116892,11.97057541178281,7,7932400.189601145,-3077983.7453565137
73,48.18323295684082,12.010479733534964,31,7831693.4524187455,-3034459.02181165
73,48.3973822224326,12.006275278262768,31,7586575.637480771,-2947591.5158465263
73,48.20573777517861,11.75348397934772,31,7368408.610305291,-2882324.44892534
73,48.40204064026265,12.012006928039174,31,7270245.664441744,-2825056.04268265
73,48.36666262009512,12.027051533788672,31,7194725.87945072,-2794818.9800766357
73,48.08056177272243,11.934782499434542,31,6773347.03968556,-2634449.3550221226
73,48.39646586302649,12.029744082965337,31,6620522.162235203,-2573283.6299288315
73,48.40205600448335,12.030249119642445,31,6503058.0331711825,-2527895.9286822113
73,48.439454227532515,11.626432986374214,31,6357370.080753494,-2482629.1609322713
73,48.41623334757251,12.031529959903684,31,6194201.409493544,-2408451.159653109
73,48.18133198055837,11.740575111502165,31,6004338.160301821,-2354560.6207166556
73,48.044151094619494,11.939356090632867,31,5874031.33185593,-2285074.94974226
73,48.05421855525548,11.998824034805585,31,5756838.479979767,-2230750.7665985627
73,48.394038080889615,11.617695647175431,31,5685620.291780914,-2226189.222264136
73,48.40720295562605,11.609260119642562,31,5440328.126233297,-2131426.858077905
73,48.4011158008046,11.607485412144863,31,5300847.466658125,-2077663.7053530044
73,48.45777584471235,12.035283082230945,31,5230700.633307334,-2034854.4225222862
73,48.137919380280145,12.091405856021098,55,5108101.020395012,-1966024.6931673589
73,48.4480311062734,11.591037163430315,55,4899061.812784723,-1921721.173242775
73,48.22468138730956,12.113587685622914,55,4810605.063611605,-1852761.377659901
73,48.637218234536256,11.939519347256102,55,4810451.52817227,-1820948.5500668352
73,48.44138173819149,11.583661777663675,55,4592445.122610532,-1804407.162365705
73,47.98458172334095,11.992532753186708,55,4452005.845195419,-1726805.928553748
73,48.3934715591719,11.585518608724398,55,4265940.108833434,-1677991.9137307403
73,48.150541994933555,11.722067148232657,55,4197604.32315777,-1654500.0931024165
73,48.44524662333007,12.070128404209985,55,4028815.9320174176,-1570975.3009766706
73,47.992455186813885,12.054216052982765,55,3975466.9917503535,-1533534.2080144442
73,47.74980103325323,10.891422733484186,65,3687101.2356859995,-1510318.9467430813
73,47.72756044529514,10.881819428164988,65,3589411.378102499,-1479385.2901408295
73,47.7002013868452,10.870006008841909,65,3443388.6269834484,-1430660.9846729906
73,47.910336211215885,10.960740520017213,65,3406435.4902552124,-1352746.579632369
73,47.65774153973654,10.851672191572355,65,3178721.744750302,-1337967.0608456496
73,47.65192043000962,10.84915868365118,65,3140159.634628032,-1324082.602387116
73,47.73158113338612,10.828652052055036,69,3020975.8433859055,-1269770.5530469003
73,47.66608305167814,10.816594355731377,69,2833674.8278319705,-1209986.7546108207
73,47.62727690850907,10.80945044132009,69,2695026.1507219407,-1159813.0057729068
73,47.66185392122713,10.795768231745999,79,2569105.403536339,-1110152.925963637
73,47.62254045494998,10.79239130562144,79,2497431.6062876456,-1084890.8355252624
73,47.887165992882295,10.81512196198152,79,2439644.4193913154,-1008195.0698285921
73,47.62776535371652,10.774281544319416,88,2275159.013219304,-999346.6814747613
73,47.81339180539819,10.782834977712952,88,2197752.3605626132,-932415.1061095491
73,47.88674996449869,10.7862152294069,88,2013820.060846727,-842046.4926549093
73,47.47995789820784,10.74028624891206,98,1862483.0280414703,-805421.7422438542
73,47.54150140628063,10.735042022163112,98,1823534.279721556,-810727.9365453381
73,47.59225950911984,10.72910599396743,98,1682713.1724953342,-764664.6078470387
73,47.63295647766992,10.72702102125965,98,1571001.004527123,-722792.6972248767
73,47.66059553332892,10.722302759656225,98,1430372.2485370617,-665864.5333022131
73,49.565339387248926,9.909297953285478,118,1263704.3454808802,-597885.5101992029
73,49.65385119026592,9.947011056174768,118,1202100.9286234884,-577830.5221140868
73,49.792996098245936,10.006297908914211,118,1078169.5495577962,-526777.4177660351
73,49.63270375589284,10.166742021785726,127,864936.5479942134,-430777.9962425469
73,49.528721268081874,10.187615819012425,127,830014.934443811,-413646.7613146117
73,50.0,9.483715359940105,136,660183.3008908969,-348909.6894811811
73,50.0,9.430436964677797,136,564638.7950630999,-307737.82186470955
73,50.0,9.370811955109255,136,449257.8644914734,-258251.26053608902
73,47.354168199709534,10.094156225483498,136,251887.3417605232,-214586.36004058615
73,50.0,9.242691153770878,136,181009.4715501942,-144257.23641323
73,47.35539060676612,10.077881947596484,22,-27063.637469953697,-117434.41980032252
73,50.0,9.125367342277652,22,-73580.17637937429,-37494.30057192501
73,47.51049954033386,9.059570833729985,22,-243707.71147243166,24207.83263088423
73,47.485726954417245,9.036113449118535,22,-412993.8550970635,84219.9843604831
73,47.33301324665257,10.04538262429394,22,-561476.8522859216,74370.12020509267
73,47.214784559731584,15.462883653423242,37,-685364.4922825593,175177.3166393965
73,47.3204637186913,15.155716770058772,37,-811123.9527731553,221457.05306066718
73,47.285469266185494,9.8233370098975,78,-973937.5711502421,272901.7038236014
73,47.3300929158413,9.99924864602415,78,-1180196.049971237,308024.7814606623
73,47.30791671902691,9.982942376952487,78,-1323566.4028364948,362986.578929767
73,47.30511147472022,9.90076888889296,78,-1529605.3709040103,462966.24815903313
73,47.85029982094544,10.55069353983597,99,-1534875.2942592592,570925.9648262986
73,47.41363379512153,9.934160050004273,99,-1721939.8296023367,596573.6530586514
73,47.8091146519911,10.531741261701228,99,-1900256.2904363293,706233.9293642719
73,47.74106106251227,10.534170281639982,29,-2108706.8216837086,777357.6439133807
73,47.735570901865024,10.525942797986861,29,-2222362.3258666415,824036.0513931209
73,47.7221243319068,10.505791942368958,29,-2480719.3321932647,931702.2829565114
73,48.24626604237051,11.291263922486452,29,-2578192.563723108,980662.2576359845
73,48.240796531881934,11.283067384893734,29,-2723398.16560396,1037187.7586530023
73,47.679912102636166,10.44253324219597,29,-3050124.110275291,1184902.5327648306
73,48.21736423490085,11.247952048065924,29,-3102343.8530833004,1186473.1667103053
73,48.192297131913776,11.293346845902946,22,-3286017.834136245,1259418.5008857618
73,48.17247414144373,11.264557311621855,22,-3482050.5666353297,1337376.3703698448
74,48.45667631367258,11.683434029843506,6,8374321.604084267,-3272822.70301208
74,48.42458578973448,11.717283849419282,6,8061310.804451512,-3148397.0090320115
74,48.56836849296642,11.765321168355936,6,7994140.3666542815,-3091665.0566051225
74,48.46462639597042,11.628987485993905,6,7417644.47263215,-2908225.8727411395
74,48.601572792915434,11.776414613609543,6,7480606.450434098,-2878361.252192058
74,48.39948972308925,11.637176542381592,14,6918913.225125421,-2714721.3366906187
74,48.389727904029286,11.637484255223397,14,6716788.769381607,-2635627.210220817
74,48.39167477753266,11.622895266103829,18,6413481.7904948145,-2519603.112756142
74,48.38189850559855,11.623061304987258,18,6192507.968334888,-2433045.1272677574
74,48.376007376962995,11.623161359121124,18,6046431.334002197,-2375811.472075164
74,48.4335071402942,11.840681464929165,25,5784900.597357496,-2259633.3619818524
74,48.60672375914189,11.620398373946525,25,5567401.562739508,-2141821.2451710775
74,48.45407963440633,11.562219988896725,25,5239359.263614014,-2071596.8096139103
74,48.537062204872925,11.567099513474572,25,5051643.944400819,-1984509.1299266682
74,48.54939754217725,11.567824853521453,25,4924776.846189969,-1930669.602216105
74,48.53043612667803,11.926764230122,25,4697806.248631878,-1833021.0616023764
74,48.58311872197051,11.569807719618153,25,4494112.652845287,-1747744.327775667
74,48.48864194619864,11.925766404628435,35,4298820.043450161,-1684557.1552452873
74,48.495728833126286,11.936503513677728,35,4076427.483735284,-1598063.3282670707
74,48.59273527338844,11.96125724503199,35,3930659.6253267424,-1522812.6112332307
74,48.46748675906509,11.929296809542327,35,3855249.7244515773,-1514266.8886318912
74,48.63024167209738,11.970827983997337,35,3638051.5794476755,-1398694.1703140554
74,48.649149698993234,11.975652861778176,35,3466441.9890049077,-1326398.420026617
74,48.66874835575229,11.980653971838569,35,3278879.9051775383,-1247554.7163334575
74,48.72857808008557,11.008141150741674,35,3083927.444350806,-1256642.9321613205
74,48.79354068607636,10.9605855553803,41,2783217.067903672,-1144024.5098642635
74,45.630864045770856,11.223059411007133,41,2723963.488834593,-1084156.5026084508
74,48.74783085548758,10.85574423154984,41,2622776.6516211145,-1048879.344505887
74,48.83000686009032,11.044225374417255,41,2362055.2309509516,-1003723.0933901332
74,45.72153952820136,11.195699858207625,55,2353896.162763258,-941109.628685141
74,45.78572343256792,11.225373796014953,55,2061407.1981746634,-826037.5999925539
74,45.802544332896765,11.233150548693796,55,1943580.980259394,-779327.4805507514
74,48.85454891465294,11.123763488238477,42,1711553.3237133075,-761768.5822930301
74,48.862121678501545,11.142457067366028,42,1522444.1606006678,-688828.82962757
74,48.868025876297835,11.157031744577157,42,1374502.1898949635,-630984.1006888791
74,48.85441794339317,11.179542023968594,42,1258375.5207559885,-579352.5954594492
74,48.87853620656703,11.182976788483389,42,1117103.9494259844,-528441.8315332017
74,49.949621479081365,9.822327384698001,80,922314.3142658605,-471971.42566368065
74,49.54924371033724,9.836158393296799,80,788352.677747032,-429285.0452562468
74,49.44503133324355,9.83975839908185,80,708852.9832727979,-391972.5614368781
74,49.366321530059246,9.842477421089656,80,633813.5427256518,-354726.76368980046
74,49.207689358388805,9.847957353048171,80,449959.33154523146,-258964.43261799694
74,49.18342838390608,13.65469193476434,102,334997.8024840596,-197226.94830893655
74,37.49946152563089,12.873092009372716,102,218190.71059905982,-184893.10165503825
74,47.50775551495694,9.131964603510955,102,86364.08456428669,-101166.9990009324
74,46.97725273230272,9.731121239109815,102,-65682.52486449936,-89702.89230976538
74,47.513032870730974,13.221277853063073,102,-222618.09970227396,22260.762404260633
74,48.315633843160875,9.793436578096108,42,-302498.0260941016,50758.93268287896
74,48.281366459268945,9.708846583599568,42,-489131.5242944675,125672.1536688451
74,48.264195615959125,9.6664598771717,42,-547975.4309642703,155548.4374783148
74,47.098510606594054,9.801498754977903,92,-733600.0934454874,165201.57529193358
74,47.14394764779746,9.806689711388094,92,-871561.1737003073,228098.26721155387
74,47.234625112249105,9.817049161583096,92,-950028.0623545073,291872.16128987126
74,47.15263248678746,9.856856951022445,108,-1155720.5622525115,353381.271457961
74,47.16575321435841,9.868916099284542,108,-1238932.4782953116,392887.18066114443
74,47.5833541861097,12.950642692350323,108,-1318729.6772613775,460437.9392415118
74,47.60608780791893,12.950030067386459,108,-1401139.9723734506,490708.96643183596
74,47.726100333287135,13.047762618530243,108,-1524610.6042910994,533503.6780382362
74,47.69081380481786,12.94774687374384,108,-1713858.202681578,609042.5943538051
74,47.73687021951007,12.980897233492641,175,-1793401.69920225,638928.4808620906
74,47.75869629033087,12.963822955462787,175,-1914966.5682801346,687317.3319226344
74,47.803964257762864,12.970325406258281,175,-2048072.3061566674,741079.7289290515
74,47.89430430629811,12.983302170044848,175,-2267791.3038661038,833751.7512451343
74,47.918777400469416,12.98681757176686,175,-2313443.3090359657,854063.1152904113
74,47.93028087003759,12.91021626410479,192,-2410613.481912363,890545.6684157642
74,48.048335779511916,12.21819578359211,192,-2520860.5641960395,1016100.8915729296
74,47.829732484020745,12.155468159357719,192,-2671485.4502833453,1064853.9115823256
74,47.84267026729024,12.15918062126517,192,-2788336.1198607124,1111800.7764046194
74,47.894022655295046,11.64810729744,192,-2964401.836447591,1153433.6454908953
74,48.10215046019483,11.594789198763705,192,-3115716.20874972,1208187.9802660465
74,47.910451489792806,12.178630259687754,192,-3164204.6559427776,1264209.1272965958
74,47.97196006057513,11.601469015549174,192,-3318444.473384417,1287372.762042341
74,48.12234800782559,11.642047861252866,13,-3522581.315643464,1369237.8045433362
74,48.256903081049764,11.97231575082158,13,-3596662.4595708675,1409244.6474500762
74,48.09288385905706,11.627969890747801,13,-3795299.354008314,1474921.360736284
74,48.103826304036154,11.642653715061178,13,-3883867.0089263762,1510641.894724578
74,48.091016440308806,11.643072731843402,13,-4084613.8381575174,1589210.8978809423
74,48.091042251680946,11.646899448265343,14,-4151923.73353204,1615886.4253456467
74,48.078315728894935,11.647300614735311,14,-4316006.322296149,1680102.0463119457
74,48.03359043809478,11.641523723658368,14,-4446016.579749035,1730463.1674369695
74,48.03260583245563,11.64874148574977,14,-4594044.773779523,1788997.3071133993
74,47.85320131216571,11.891227878053066,191,-4760948.3290109895,1876728.8544066919
74,47.86648233073107,12.000157030017533,59,-4892226.363083324,1935361.5159198574
74,48.10185599159851,12.102497581652743,59,-5030123.752090747,1993786.231333952
74,47.88402585301181,12.007784959757927,59,-5221760.226982736,2065973.9340704095
74,47.96531523174743,11.711802262251465,59,-5401028.869989151,2111738.826376542
74,48.072771638594986,12.089851694600792,59,-5513599.266353835,2184820.6161623993
74,48.164934213375545,12.02609166570562,69,-5758967.99133259,2269340.888236954
74,48.02250207590104,11.713776348595282,69,-5901136.125920945,2308109.6210085275
74,48.14654191813438,12.020830110621674,69,-6167021.577765751,2431464.2225854783
74,47.906798091284784,11.926482342035806,191,-6202507.858752183,2446786.3672501897
74,48.08151028487583,12.041403142082704,191,-6527660.85749617,2579713.9002756905
74,48.079802258057114,12.040279649758128,191,-6559340.407321123,2592208.2359403195
74,48.018339422510095,11.759175693439488,191,-6724073.553601578,2636616.21309293
74,48.14570671516345,11.936059334961874,191,-6931790.938289457,2730893.9919233033
74,48.03345029310467,12.009790622137373,191,-7180972.060225682,2836940.586978621
74,48.09525283603935,11.834311584781782,35,-7356841.572487969,2895678.089331774
74,48.02673686420932,11.816827941885773,35,-7585729.446201495,2981929.8325490477
74,48.03169703570109,11.839534607139957,35,-7830362.002723047,3080440.218760592
74,48.04461419662759,11.894664845620003,35,-8119461.277901257,3198651.2758846
75,48.490419294229106,11.720602490941278,6,7123483.788361778,-2757431.535633098
75,48.43788342589128,11.683834578387899,6,6891052.15211203,-2682124.108131235
75,48.44243155833285,11.635962564522046,6,6633571.088257449,-2590841.735554564
75,48.4235243131094,11.644595333995422,6,6540544.812609945,-2554794.63511466
75,48.43652714954983,11.61299373674466,6,6221085.577192953,-2435553.503295785
75,48.45697534925637,11.604053195383628,6,6158486.382408339,-2410829.6137143685
75,48.46721943809237,11.59076707932631,6,5879615.284130141,-2303810.6270976965
75,48.55940779898166,11.627638387194974,13,5810641.398778136,-2239573.1498211096
75,48.438043621785134,11.584301684074267,13,5622444.049603703,-2207794.77480112
75,48.4687027347022,11.573506249382802,14,5459945.090081032,-2144062.074077103
75,48.46375437826633,11.57120470312194,14,5402101.718847316,-2122578.787902893
75,48.44490832394314,11.562439153101105,14,5124317.134651533,-2017380.8695937833
75,48.446840407985576,11.557562397274923,16,5007599.982626776,-1972717.857712431
75,48.65996167851597,11.720274272471777,16,5100040.129188508,-1891491.8619980256
75,48.67335096099373,11.768088468779776,16,5012335.203550777,-1850826.7487183786
75,48.64708732942908,11.67429894439868,16,4890876.857314083,-1821913.0201537483
75,48.45489803879614,11.538467747612785,16,4530338.214532046,-1790045.9590257606
75,48.48666576241021,11.536745285232527,20,4430448.511811594,-1749544.2442483206
75,48.47120497992323,11.874613829713173,20,4307720.137249077,-1669739.2114105788
75,48.46109703163541,11.523711044264891,20,4143718.4213587567,-1642102.5575708847
75,48.376578653280895,11.559109482107415,20,4050141.392665653,-1597579.0072641233
75,48.45437856198676,11.877168142739102,29,3958004.9001088836,-1536416.001117184
75,48.4735061472343,11.89744692358721,29,3841409.0570004596,-1491325.661585037
75,48.46793145393848,11.506287695526181,29,3677710.355888835,-1463902.8889769183
75,48.51585338669089,11.927581813208416,29,3666097.1812265744,-1419449.8079358882
75,48.4537144446639,11.893098458068295,29,3600628.31756844,-1399773.2006685927
75,48.521861130497726,11.509319054347163,29,3389806.253532288,-1345926.3296616336
75,48.46028275366731,11.907940325220245,41,3401674.0041952734,-1323793.7027552978
75,48.44850899436465,11.488391657028933,41,3228365.0362859303,-1290608.1964973016
75,48.44561954658669,11.906489160617358,41,3164365.0549713965,-1232953.4016372678
75,48.75414957696566,11.719150856416585,41,3315823.5401979014,-1140002.6770787945
75,45.62649370008701,11.286035929922582,41,2929355.1923129633,-1160966.4101060193
75,45.66545607868176,11.323446252085406,41,2841421.846786599,-1123493.5818080837
75,45.658329009751256,11.22373338948854,41,2715231.4691331303,-1081648.7000469435
75,48.51073728797976,11.473844555699536,49,2600562.3723980244,-1049927.2421204976
75,48.52620599358068,11.477786681536381,49,2538536.7540175742,-1022537.5460864325
75,48.512588682066685,11.467589395441758,54,2435101.248292267,-986842.7591886168
75,48.52796716061328,11.471870003654782,54,2378370.1804431654,-961469.8477634896
75,48.5430588896433,11.47607079497747,54,2298944.5813070294,-925956.8124305354
75,49.41620901046984,11.34790856885634,42,2196842.6257757638,-867860.1518085498
75,45.529509423148866,11.171975164575809,42,2135617.5612889454,-853799.8912344634
75,45.5191759012684,11.164138290435819,42,2024873.340326952,-810543.6210554525
75,45.77382345305276,11.357261296945596,42,1993701.5997801435,-782011.2026306991
75,49.69451489460313,11.452708735518053,71,1831135.7044904223,-749629.4501355363
75,49.70456890353732,11.510016179466824,71,1744537.8616134583,-718491.052549997
75,49.70730330661625,11.538444221587952,71,1694960.7317871782,-699956.8144371399
75,49.71352688530393,11.580168052766956,71,1600414.691550858,-664385.2355626278
75,49.71724321864055,11.605082924502858,71,1535883.6150544477,-639848.5623645629
75,49.724394412607424,11.653025631549061,71,1396357.1359789304,-586254.5628454657
75,46.616351558598176,11.905002922298728,83,1292550.242690797,-564710.6102481419
75,46.59804609677014,11.895158192846742,83,1272483.5962540086,-558849.0701741298
75,49.526696113143366,10.094335339699766,94,1091847.189657264,-527194.8170542665
75,49.44029843628688,10.070678424925196,94,1001530.6131980199,-493201.82697573374
75,49.392407772717824,10.057565278972985,94,923414.5112976131,-460530.17251455545
75,49.375081818116016,10.052821185771453,94,891136.3669609426,-446650.9035594982
75,49.34635891820937,10.044956446580619,94,833698.2146714153,-421557.98748242337
75,49.29847546219571,9.998533924151792,94,733346.2594507633,-376989.6751171167
75,49.276146508231,10.025731288458202,94,678200.631721288,-351670.9165655097
75,46.72779927151932,7.315618010093592,115,534751.6518735524,-290395.63693559606
75,46.73991861116384,7.376550290016133,115,472190.05722458096,-262417.0703366051
75,49.25920498007837,13.649831397720977,120,422022.4430660797,-234173.33233422265
75,49.28919388481278,13.583477150316803,120,321153.8307314395,-184846.1493931838
75,42.49216075300543,11.745398583568539,129,203354.13080796835,-171840.34761918001
75,47.11257422965653,15.25577060684078,129,142077.58604332936,-139982.44188445283
75,47.18173472652211,15.270118991236503,145,107802.77675188414,-129537.67776477178
75,47.39955054242477,15.27444946695344,145,-13459.927641122307,-83535.79614799068
75,47.48164447511044,15.246615975083772,145,-65231.9270705259,-60943.369299620324
75,47.59135912172373,15.209417833581806,145,-137872.39400120144,-26998.913613469966
75,47.6801762140296,15.179304891788062,145,-197823.83078838815,2684.5072743411392
75,47.801474393018076,15.138179417977366,145,-277857.67741903826,44431.74736397006
75,48.28950407372894,9.731139719129354,169,-389684.37858965865,85397.96600470651
75,47.70630952889597,13.041790152387033,169,-467755.13144371804,119953.8134573957
75,47.99389199122675,12.892627938837961,169,-565563.0344345525,163706.7218990021
75,47.95720469261031,12.891387508343296,169,-617604.6986475205,182747.26387210365
75,47.83992001822881,12.88742200823437,169,-701220.6561486641,214615.2865442917
75,47.100540540127,9.82782848156633,169,-816940.4433848255,264473.23310187244
75,47.30821533104385,10.017870700958586,169,-874538.2979113176,314244.78041464573
75,47.653587173423354,11.95695245997746,34,-962413.5554067345,350029.80200037255
75,47.638811823364385,11.957309517018908,34,-1051182.1593481165,384855.1351444704
75,47.60904033542898,11.958028966599414,34,-1199803.748467462,443260.32440685143
75,47.600716752460656,11.958230112013705,34,-1233329.7013930855,456467.0413001647
75,47.49668855085054,11.960744028891877,34,-1321198.3558964524,492940.0244399279
75,48.2726984395918,11.941991187578266,34,-1457394.1440260112,563902.5836184353
75,47.5792430284378,11.872179578887023,17,-1538443.1551436363,585883.5624947199
75,47.563578435710774,11.872013845520852,17,-1603278.0288913099,611486.773806504
75,47.517120656171905,11.871522316355557,17,-1696915.7170106599,648996.6154086759
75,47.51393113939515,11.825266851621354,17,-1801771.0262473172,697653.0922889028
75,48.19811948379156,11.82512864965377,17,-1893658.2627888059,748368.0149687824
75,48.234919854354956,11.942904134467575,34,-2073449.6987885458,805737.567458768
75,48.08665250157818,11.377647258484181,34,-2127377.8555083177,823589.543221016
75,48.21773286574596,11.94331947050223,34,-2260330.798278799,879005.8284442087
75,48.143866859009606,11.945104496083598,34,-2352114.772453799,913244.3561625195
75,48.17928476012454,11.9356184217399,211,-2467813.5128339287,960528.3369117716
75,48.26293202869314,11.217681346038049,211,-2654882.0944073163,1004367.2501835661
75,48.07742129638164,11.25621919038076,211,-2688498.954084986,1037241.413230341
75,48.1322484300097,11.35042894714767,211,-2877069.808466256,1106216.3459886466
75,48.221898748602094,11.230677820345582,211,-3174032.7290437515,1206555.6425372902
75,48.21437711141549,11.236463382575005,211,-3263756.289830618,1241760.6855244427
75,48.20455019530761,11.244223570610737,211,-3364719.4919204568,1281578.1508509999
76,45.64236138930028,11.248377742179628,6,2831952.8195023714,-1125896.6617038737
76,45.6500303501067,11.217028762429715,6,2692794.797646576,-1072991.9687456563
76,45.69696656937491,11.2222250546527,6,2597074.7525077,-1035932.811963924
76,45.72432159763524,11.2252535201496,6,2482908.440025154,-991348.72443474
76,48.11745968270401,10.895074035436195,15,2376642.273435709,-960702.6227138835
76,48.155601292984954,10.898714176755226,15,2250562.0325737707,-911522.0052053413
76,48.09781153818077,10.85638111226185,21,2143465.022177694,-870315.9403406574
76,48.14418532140113,10.861017671358136,21,2029132.4415085518,-825946.3543462838
76,47.43431996038267,9.491859520946742,29,1897554.8058959197,-773997.8993527414
76,47.4419882990064,9.554941567886162,29,1834865.3887608084,-732197.03387771
76,47.4411063959966,9.415849974281143,29,1693318.2134850824,-705769.6493184987
76,47.37822026386703,9.438504875462744,29,1613217.1633389753,-679767.4396825944
76,47.519647245966574,9.371496269424854,49,1571914.0800804722,-649368.2322500761
76,47.490780319369854,9.350852088531013,49,1438120.372910767,-605918.8666604921
76,47.612392048704834,9.337467797740977,59,1377066.4829379742,-557532.5637065342
76,47.538776222297486,9.31017455266627,59,1255638.450842685,-530927.1872240478
76,47.519285210319616,9.30294821299683,59,1191287.0213983764,-509711.5202194506
76,46.71591887210339,6.648984875982067,69,1031718.1112530647,-484148.1840933327
76,46.824439802606605,6.811906745277758,69,931706.2002339665,-451452.98814974265
76,46.88864319282304,6.922802151055135,69,853585.8496038987,-422063.14089379826
76,46.65107219142352,7.057553178662279,69,782672.3596345144,-393137.00791000517
76,46.96995199662231,7.051699778227742,69,751512.2177624374,-379294.26108988974
76,47.037634898118355,7.158996466843857,69,659699.8106099985,-336876.8714140862
76,47.07657173812439,7.220722455320695,69,604222.2493705704,-309512.6389703012
76,49.27941567414706,13.777772215763548,91,543270.1894335421,-290381.16533517954
76,49.26132941319484,13.730881143054477,91,459676.58513370657,-256056.13157520385
76,49.47600448001329,10.028474767170906,107,371389.6484424589,-237073.75798164794
76,49.50245074375437,9.928914948633178,107,316531.3824010455,-208659.39066749264
76,49.522354721282206,9.853984273727628,107,267027.7317320895,-180533.40423147235
76,37.548657181230766,13.280631943048338,107,209324.48059017461,-172323.44512155766
76,49.58522813158623,10.384094806782656,107,155474.3935189272,-133232.80761618918
76,49.09866950898558,13.689997089725434,101,116913.13120142256,-111540.17065522863
76,49.08618423322386,13.678481698396327,101,71422.68440978121,-91647.87054814213
76,48.27561359914977,9.912125563384576,49,5667.6438284094265,-57007.84980808321
76,48.33764159404282,9.873038233634038,49,-61378.41947220605,-31800.798548776373
76,48.21833291246458,9.87116128359918,49,-128100.74981586476,-8330.606570109625
76,48.29185803255438,9.833845787415893,154,-195211.15147166624,10371.882767472018
76,48.38333331410242,9.782845829070817,154,-223278.84410794347,25674.233503937263
76,48.32336575591696,9.776642499483444,154,-304648.5331187767,51026.91070867264
76,48.29825031298716,9.774044438549488,154,-337930.8737230566,63313.30769179515
76,48.30083700050355,9.749817840334764,158,-386722.82629724883,82828.74629396008
76,48.27632283124329,9.714878299000596,158,-475686.56964508427,121216.63228844282
76,48.26149624919919,9.693746276508847,158,-519457.1609255974,142378.31350478716
76,48.24700452724927,9.673091523223219,158,-553158.7584666586,160691.32863338568
76,48.224998342361644,9.641726560440867,158,-584756.6457047716,182661.75300403492
76,47.12957689791894,9.777893968815194,163,-639005.029489455,199406.20099369093
76,48.91960719330569,13.467696693997924,163,-652308.6437068012,233366.93608795092
76,48.87304773844239,13.461602481830834,163,-739157.7440873423,274283.99026391015
76,48.869973280338236,13.461200063030171,163,-744568.7059328204,276859.51355253306
76,47.12147507421109,9.825089496590785,163,-889402.3155853024,291737.82442174485
76,47.15608353945216,9.812552623173826,163,-898927.909074817,296166.31915072433
76,48.632912578414526,12.084525837007675,95,-944868.0412155618,352840.15200031555
76,48.62101049057093,12.055609676894035,95,-1009351.904624834,375650.4837018862
76,48.57081502076633,11.940629378604054,95,-1063109.8884949132,390169.6364481314
76,48.573278478503454,11.93964460239394,95,-1106076.1844910523,407362.2625816994
76,47.18838965166995,9.854794352501335,19,-1202512.2035051088,417440.2679254084
76,47.165610164431804,9.954706359941728,19,-1221259.352866447,436669.1830668059
76,47.20106801239724,9.871371892953995,19,-1301933.790516334,459265.3415267016
76,47.1896824253612,9.895895864984942,19,-1360845.146593827,482962.5509249291
76,47.19344644863986,9.898232730019672,19,-1373842.6540285223,488823.39461885294
76,47.224897944223606,9.9025306261162,19,-1433761.995503495,517735.68832257326
76,48.594497456831434,11.930272620547559,194,-1485406.6936270515,559893.9495762748
76,48.63495449421615,12.004225879960478,194,-1499303.3075587,569398.4254541063
76,48.69349323512416,12.061239334179817,213,-1573129.995626849,608687.0523512331
76,48.68924981796638,12.054741280826914,213,-1600300.8920867946,618661.9785010669
76,48.60464644342422,11.92518596699143,213,-1671442.7242142002,635209.9393626289
76,48.66433905050562,12.016594784735869,213,-1712855.5579904504,658745.2106047384
76,48.62002767577147,11.942498547782934,222,-1767825.1260118023,674706.9943715596
76,48.64401212264806,11.972513806644164,222,-1848274.658023287,709466.2260713745
76,48.618013885158604,11.917808575926047,226,-1919464.8266342971,736183.9438051329
76,48.63102412303134,11.936656976716105,226,-1961714.8277630778,753820.6372394322
76,48.65284985405097,11.96827670033825,226,-1986669.4082180616,766175.0956760049
76,48.62581191774634,11.913200572735489,219,-2064488.407688048,795546.432435403
76,48.747001043638136,12.038405443079537,219,-2105795.309107351,832126.3274176773
76,48.7334271840699,12.024381797683947,219,-2176658.3060298194,857571.139353585
76,48.66997112955038,11.958823052044043,219,-2258289.1435766043,878172.5852297988
76,48.681850402459304,11.97109595865508,219,-2275465.737884597,886995.2311900312
76,48.66205016842476,11.937800894992629,236,-2344351.2007677313,912135.574137925
76,48.67673966271754,11.950676380395286,236,-2400352.8442379627,936840.5685677921
76,48.7058731819967,11.976212194953003,236,-2447790.083895007,961183.5938162132
76,48.67135214766661,11.925519397921338,246,-2551607.2867566813,998042.5868583714
76,48.67728532850977,11.929328411591952,246,-2585950.8587762485,1012832.4564882118
76,48.692584764797395,11.93915042165919,246,-2659893.6801681374,1045333.4800055702
76,48.67245253314636,11.908033046199177,253,-2703160.513732646,1060807.0010754422
76,48.68463635959746,11.916520898077026,253,-2768691.297244426,1089148.2719439098
76,48.70397775091335,11.929995061161986,253,-2844133.4961434496,1123092.6661115324
76,48.73576530795227,11.95213983454563,253,-2893064.5181670557,1149623.3723979637
76,48.71709229565126,11.926934234343127,266,-2980819.112788884,1182057.1423889499
76,48.68329498193583,11.87318306513692,266,-3075362.826948156,1218095.7797802556
76,48.70800408122831,11.90217554803414,262,-3105746.6674488545,1232843.0520175803
76,48.725067514346826,11.908451205982916,262,-3193583.6434784774,1272531.1503481616
76,48.74929540283682,11.917361836096344,262,-3277720.5245697205,1313054.559129661
76,48.78935362782057,11.932094610930516,262,-3318315.30237386,1341237.141012724
76,48.732723501225465,11.884983941585608,267,-3421395.545056394,1370803.0624686598
76,48.743597305621485,11.88550072507999,267,-3485075.968337375,1400203.0228193812
76,48.771420497195194,11.8868230374596,267,-3605387.910631169,1458809.013858344
76,48.726360100942735,11.840277743598538,267,-3638441.8348479867,1465965.6055285826
76,48.740490536059596,11.829827079227384,267,-3766794.6196677196,1525893.3567301536
76,48.747828102508336,11.824553366897335,267,-3821520.2352802134,1552375.017729578
76,48.844381568226034,11.811497961939203,267,-3915323.5439443053,1634985.9735786172
77,49.06028544099275,12.128826264237484,9,3087125.7269956614,-1181462.294103018
77,45.63819181537222,11.296794667854634,9,2924504.604656991,-1158383.6179727383
77,45.66553554839247,11.319739735889788,9,2843717.9282047194,-1124771.1671330684
77,45.68392391937143,11.335170051233174,9,2731733.14033498,-1079013.6179258141
77,48.14494380429052,10.982572618802633,30,2564019.7101684376,-1022044.4241050055
77,48.115036742225975,10.905554735709423,30,2436028.8485309817,-982147.5962253258
77,48.13127170074903,10.906869094564282,30,2404090.0778186377,-969919.2883835044
77,48.166850614127874,10.909749512138454,30,2244548.151204275,-907297.9628449637
77,48.16896620218012,10.897434860988312,40,2149627.4105477454,-871090.8744922723
77,48.121870299166446,10.853561398971255,40,2062391.1434940316,-838093.3746902364
77,48.19148800207602,10.905741204847388,40,2023381.8559558932,-820439.1700588339
77,45.78761115023799,11.181773941537298,40,1921402.2492414697,-773761.2370289741
77,47.4234316858038,9.482160491661054,40,1779021.4005073556,-745361.8839034113
77,47.42266296519648,9.458840475707774,40,1721175.8753056123,-727330.4409055446
77,48.23029351905018,10.92005320340463,40,1706402.0453551589,-692808.0902397594
77,47.546517058159004,9.452766993516525,64,1603745.5984032971,-663475.7376275035
77,47.51964417855382,9.395074391801328,64,1491956.954029635,-640543.5686879392
77,47.509508521514306,9.37331444521974,64,1399732.2108216016,-609751.8102671554
77,46.632532216010496,11.840111866499317,64,1347569.1580992034,-575488.6057475209
77,48.18614987274036,10.82597603392327,64,1374533.1954534492,-565565.6117390256
77,47.49443667527026,9.340957137955124,64,1222860.0467164898,-545827.7796034288
77,47.48755926459635,9.326192225497985,64,1129445.4896832118,-510673.63533614133
77,46.45503515607896,5.856661709808857,86,1111262.2957960481,-466684.62698159186
77,46.73012348142579,5.771378672774125,86,1050033.080332102,-447210.4720713137
77,46.837028556468894,5.738235901402031,86,1016476.9136236121,-434443.0543382369
77,47.06507221835458,5.667537677340314,86,934387.6648563878,-400839.61635400937
77,49.422975273834375,9.931640220026,94,774448.4662719908,-394970.05904680677
77,49.4849991085511,9.92682939977852,94,722988.2785872904,-372244.55588805815
77,49.53291224049838,9.923113062884084,94,670966.9903540922,-347775.3723373219
77,49.48699064443974,9.685213782834168,98,639864.7050850388,-322577.3316344677
77,49.54813349557674,10.089190646908378,98,590485.6270610514,-319062.280719553
77,49.561437759197865,10.1770932323543,98,496096.216289149,-279413.454989437
77,49.56309136542936,10.210808140801737,105,454754.71302160004,-261635.39345779343
77,49.61622178986035,10.201948916449625,105,412396.2308012255,-241279.6086724884
77,49.656719291692234,10.195196166810018,105,377879.7118473619,-223262.2757783435
77,49.57888520214478,10.29237021333801,98,324742.33308309846,-204441.24073187442
77,37.53252068889964,13.267519580172547,98,236743.8160039442,-185868.97561704332
77,49.586751636911636,10.344344525779539,98,231206.76883290746,-162663.52119724685
77,42.49573058856227,11.664851077116612,98,172014.91597325428,-152657.47173249343
77,49.59562305470509,10.402958860463729,98,115414.32539534305,-110440.46001211515
77,49.6059218610061,10.424448087885409,153,66624.64847895657,-88335.76282693278
77,49.55204442590693,10.449423927172926,153,46435.52626503599,-77579.97107826367
77,49.594919587643254,10.457725264975103,153,3939.8998637906648,-59703.08299211031
77,49.674375787852846,10.473109294602176,153,-57410.39471190431,-30046.302403259506
77,49.72310625306445,10.482544315639917,153,-79760.6167964169,-16034.892422931445
77,48.436663846964855,11.201143299929688,41,-130635.05987346232,14321.090417202466
77,48.47222740992465,11.24041110228737,41,-186232.83449454754,20764.911178724033
77,48.2869334482924,12.950591819001989,162,-220335.67864163575,42137.615023750055
77,48.31809483108622,12.977788687805415,162,-296222.8111054918,75402.86771208601
77,48.33488345174891,12.992441372398222,162,-332825.3636954803,91888.38999077574
77,48.354668620657,13.009709368706584,162,-371741.2674770733,109834.40545961732
77,43.178061818988304,9.383005291343457,32,-417282.4483438587,125623.88361466627
77,43.01274712592596,9.264007881952233,32,-461997.1378530955,142467.27256892112
77,47.778412186462226,11.990855842255337,49,-494959.43023495853,165245.23586743232
77,47.745232953268456,11.982832714009284,49,-548423.1514109359,185805.21764043326
77,47.4567514285363,12.033451754602636,76,-589368.0457617653,204686.19442752353
77,47.49268099996887,12.043491508621756,76,-661511.9988011997,231440.92995813038
77,47.5193301892815,12.050938057379232,76,-699808.0987413193,245655.12025458075
77,47.56513430008445,12.063737041257717,76,-736110.2337960637,259171.0176179787
77,48.42703061104925,12.850090125723131,218,-784242.798063546,277205.227160734
77,47.11490356275559,9.969646768745791,218,-856892.743152406,301110.0183159544
77,48.42791224205264,12.798114206322609,218,-866926.7610423014,312004.657591087
77,47.11056778288445,9.86041672273914,240,-962326.265540107,320766.2582395529
77,48.41655062155403,12.686131843974724,240,-983024.3833867613,364960.17167272343
77,48.65724818161927,12.890303736350846,240,-1009845.1773914526,393960.8730855411
77,48.6379355013356,12.845764347168737,240,-1079965.0671725243,420196.4376622948
77,48.634107817617895,12.836936846673474,240,-1093233.9009241099,425155.68260047096
77,48.60870153507051,12.778344238634224,240,-1174943.0885475923,455765.1434802636
77,48.59479613689706,12.746275259503284,240,-1214013.3158058114,470525.5233529124
77,48.56947716645629,12.687884012841108,240,-1271223.032369795,492540.5212506341
77,48.54572727288706,12.633111410738456,240,-1302438.043738096,505233.64624447457
77,47.882457652705,11.460911421426104,259,-1336868.9630692785,557302.7094312342
77,48.13377744928247,11.478558534525861,259,-1422765.6870027524,562741.3186542275
77,47.29740181400439,9.913534280877814,259,-1481688.4487754733,556329.3465580532
77,48.45714621118593,10.905692225348043,259,-1483412.346742887,601244.0073254288
77,48.11854197462201,11.477488733626277,259,-1571728.9765291056,621453.2206683209
77,48.59178602006363,11.611289815429535,34,-1617444.2265976246,671633.5417396813
77,48.594748171607534,11.615816167198023,34,-1651653.7429808797,685795.6736653676
77,48.683278047921426,11.751095323675118,34,-1716412.3849852574,704864.2603159607
77,48.60362850252205,11.629385865082766,34,-1747379.2538426276,725068.2230414775
77,48.425006867317904,10.783121634631373,34,-1812392.5033166774,733493.1046378668
77,48.16708204855391,11.32395747942783,34,-1924802.685971924,738519.6865303321
77,48.65202056687477,11.703331948804944,34,-1955597.0113928462,805417.9795931493
77,48.441849425180244,10.771417034156892,34,-2001795.2413262962,815613.17371424
77,48.1370380793748,11.427425406273176,167,-2061004.1736263186,806369.0645614562
77,47.91895147710532,11.422187251548364,167,-2115635.618281287,855912.7790306833
77,48.14919957078199,11.330205277335633,167,-2241646.102870682,863959.8246022883
77,48.12075778406617,11.42703437488975,167,-2256081.592753498,883218.4082236567
77,48.102967748045586,11.434736512312334,167,-2308962.2652087817,906056.3794733798
77,48.03640539612428,11.268750311228407,167,-2420243.1689171945,950392.1757380515
77,48.097945377771836,11.426486450750572,167,-2455171.3472250695,962493.6601317461
77,47.86922762119175,11.312435748633343,167,-2535469.9138722355,1027148.2917543313
77,48.063593117253,11.425661354417866,167,-2604803.591957279,1024436.4806929418
77,47.92085200367401,11.299761414906245,50,-2755653.283564552,1104142.3702006657
77,47.913974033471526,11.332098860519196,50,-2777275.9297029115,1113687.2928723292
77,48.09282910525438,11.337838918949974,136,-2900767.6386822984,1128076.2779528652
77,48.08391942955057,11.343582774698358,136,-2987977.6806679843,1163695.1522014237
77,48.033880532976106,11.32034402040556,136,-3045262.558527095,1194071.3041978849
77,48.06873307640683,11.35205376050151,136,-3087175.310485523,1205231.583497095
78,49.07573699393837,12.149220261956211,1,3075010.7849745327,-1178019.9626034405
78,49.09626546904819,12.193215635944663,1,2978026.6274435013,-1140416.3567135693
78,45.682727164101166,11.289429750300412,19,2803476.7086180802,-1111946.1410494158
78,45.55213512683057,11.26282583461066,19,2723896.3282939238,-1079024.1896646372
78,48.09954218888339,10.930754115889794,32,2488679.980254365,-1015436.3749399631
78,48.168741164255664,10.98124369203068,32,2393570.0562210903,-988207.4065921069
78,48.188627847331844,10.995753591837184,32,2282071.6887594764,-946307.6241277788
78,48.1938673175382,10.976367066645858,46,2221903.6045685266,-925907.5986433927
78,49.002344409006156,12.288749146262662,46,2244937.0130704897,-866281.6869816416
78,48.21467442250349,11.010142756734453,46,2082937.4575307907,-870173.1416896895
78,48.22762490501059,11.031164974115839,46,1960950.3014758318,-820259.5576902529
78,48.23543508412856,11.0411659615188,41,1878921.655115066,-786924.451343734
78,48.24350173841488,11.049022754528414,41,1791730.5184909161,-751795.1933348358
78,48.250524374168094,11.057671276112023,45,1709994.9032711962,-718322.8175589658
78,48.25654593912052,11.067186572391941,45,1633711.629685522,-686511.4826318535
78,48.25729182622374,11.06836522558835,45,1624043.6592360109,-682471.6995414795
78,47.44932304781692,9.390492677421559,45,1458302.8543804358,-634200.9579606709
78,47.456050352291285,9.378645161939057,85,1401687.2110762116,-613332.2779397961
78,48.27017448907615,10.979508916749634,85,1356205.6743004946,-593702.071524352
78,48.193824446647575,10.82937700187379,85,1294537.4253319534,-548195.6702709215
78,47.48216258022374,9.337125001804193,115,1184871.118249776,-532213.2730311791
78,46.61353672986181,6.4678864339614925,115,1101341.1992277377,-507357.90825738816
78,46.78532307408999,6.611717317348412,115,1013244.6817394984,-486359.67839609453
78,46.87133839960688,6.699015011147496,115,951955.7145080542,-467506.5830857215
78,46.95342345381013,6.782323838780887,115,886830.2298905213,-444855.6022991465
78,47.02145476400176,6.851369400721979,115,828615.5296193121,-422606.3311011836
78,46.91093843350186,7.009996982249798,129,755164.7689763911,-395147.806738349
78,47.01918957234572,7.050099057048303,129,700587.2548069938,-371445.1269921144
78,47.10602551714253,7.082267786085546,129,653912.8236168883,-349178.870886908
78,46.939707380579435,7.180113115270453,131,614884.5743956242,-335643.28957069496
78,46.95492119058711,7.24902805365116,131,552975.4075129274,-307598.53172427433
78,46.9678965517767,7.307803351646711,131,498691.9080285501,-282125.38791862037
78,47.055988841921334,7.340077722433957,51,455388.9759847539,-258509.94796232
78,46.782888566759645,7.397581260732465,163,421505.4798182296,-248281.09969659866
78,46.76918598162042,7.457792741382099,163,358990.6628230064,-218596.15757113067
78,37.50914110315836,12.842905156937038,186,273316.50160091685,-214648.70191254356
78,37.48799510503638,12.84919279564881,186,230644.7622936651,-194695.02657808698
78,37.55572067456797,13.288605919272387,186,192599.43222985702,-162582.86383570745
78,37.445478497001986,12.846361667990719,186,139900.64137799185,-139106.16913457634
78,37.433803921957534,12.855296353702398,186,103263.64060302507,-113082.29536271757
78,37.55294752014241,13.391644454152956,186,101339.88609492348,-99181.23174350067
78,49.09540841226505,9.938430726366564,215,-24880.594797429014,-86802.55005498725
78,49.118956920734746,9.882403040990171,215,-107829.79133663319,-78989.21486421907
78,49.095305192421,9.715846364727769,215,-179807.3722705257,-68562.95236016026
78,49.12749185090395,9.765323201904314,215,-216324.94716038922,-63029.74326155848
78,49.14074688016139,9.68601027979416,133,-296405.352198156,-43702.30065109892
78,49.17870753724598,9.734459057567225,133,-357738.6667387876,-31496.330067098344
78,49.19900799202725,9.760368309353847,133,-390750.5131820361,-23080.88525057455
78,49.208350991738044,9.646703123677568,200,-470703.9178247885,-1218.3809200554392
78,49.226007427977855,9.65312112404722,200,-509984.1527272805,8211.897603000685
78,49.23472366897829,9.656289421273398,200,-529492.4481573163,13055.766209771442
78,49.28676566350372,9.772450176937202,262,-602482.7127839148,34990.26433195891
78,49.30284735356239,9.68559150820097,262,-679420.5999776392,53723.88275382793
78,49.31173201671161,9.72900618173665,262,-686202.463978352,56803.42996380059
78,49.34090029429267,9.678250410531767,262,-760567.9792960769,78330.60923037512
78,49.375160615538846,9.67595642491991,278,-824076.0414131907,98973.7652965667
78,49.39471166565675,9.687060749871002,278,-856911.1802663355,110424.82677540483
78,49.41184921433893,9.678613725174673,278,-881450.8918997016,119303.66953670506
78,49.438623320983574,9.712001061872092,278,-918548.3483098197,134702.1473884268
78,49.50757076282099,9.751160840712211,278,-971543.7286530928,165453.79914771309
78,47.09202485988043,9.862080115816898,296,-860826.5211792114,281613.2052038093
78,48.40160458139629,10.929879625217325,296,-876546.7845889833,300681.24401515035
78,47.10316161086269,9.871529654684071,296,-945740.6016968415,314504.31475728535
78,47.11771310415134,9.861399573018947,296,-1000893.0433911299,335848.4965963835
78,47.261795347275104,10.006130460633827,296,-1034768.789958726,372755.6646495856
78,47.25694931018915,10.002018595704058,296,-1076876.5022147347,388789.7377612548
78,48.42672031528983,10.940521732527928,296,-1128664.9742660683,406456.86318451166
78,47.15449334090568,9.878370609808389,296,-1202577.3856085367,417425.4483862128
78,47.23246341220822,9.981242298825642,296,-1239678.5074025076,450124.2876963971
78,47.168347398156676,9.926839828324741,296,-1297383.3205995832,462076.5567782889
78,47.17933626288695,9.936163885631965,296,-1321128.037250538,473732.614410712
78,47.22227332892994,9.93883187995881,101,-1415514.5348336464,515328.762920676
78,47.22848411066533,9.917222257482528,101,-1440573.174765881,524487.0172601697
78,47.253455505960865,9.921424611629929,101,-1464227.5739638961,538852.0506246827
78,48.452590698768745,10.914969143942214,101,-1510032.2470053642,568362.3113106457
78,48.47723958980464,10.938060196404837,9,-1596050.0267380008,608635.7613728847
78,48.46156273075646,10.90799604733633,9,-1617906.4894653498,615250.8753155982
78,48.46797760961234,10.900761249562999,361,-1699997.8331814928,651286.7248174951
78,48.46542729066961,10.89036477088583,361,-1726500.514195662,662867.4998017853
78,48.50427689060838,10.932863672529574,370,-1768755.569810221,687752.1530824673
78,48.488176109964186,10.90034969873633,370,-1834154.6490248386,712026.6040165671
78,48.484111555796595,10.884425725904519,383,-1878058.9061862056,731049.8273065366
78,48.53495279019528,10.911434944792244,383,-1954243.7682067752,776150.4213962822
78,48.526951040982155,10.895373369476035,383,-2007665.7051013291,796956.135059569
78,48.51706894505108,10.875537453121776,383,-2061179.5144097582,818450.2252428795
78,48.49941513567365,10.840101702590008,383,-2126800.8898419137,847238.7774795613
78,48.106548175944845,11.440076119044626,397,-2211295.2518944954,866821.4761966028
78,48.507863411698914,10.819531837623662,397,-2227609.0272628423,897096.0520274902
78,48.14229319689897,11.331292023139168,397,-2343744.728945695,904582.2641070731
78,48.5319668043118,10.794456022083507,410,-2356350.050537901,965953.3649975234
78,48.134043313801946,11.336072398086554,410,-2484704.5521008302,960420.4079125952
78,48.13171797479307,11.337291487280588,410,-2521175.844867313,974905.1770306638
78,48.115556462065854,11.323513855053266,410,-2591017.385942134,1003363.0970803169
78,48.09374362654498,11.41038652893622,410,-2679105.9196258485,1046920.4936316233
78,48.11847308047813,11.34334370320808,410,-2704405.701153785,1047993.0529036501
78,48.107108688480274,11.34746747875184,410,-2831353.753023283,1099080.6983882752
78,47.9366881785199,11.350021632089964,410,-2851465.330056832,1142882.1050335036
78,48.08826499666745,11.352103415238398,410,-2987677.054217249,1162978.5866798703
78,47.987199904747925,11.353133672934963,416,-3075320.599657649,1218279.0682852
78,47.99327719149641,11.34641740038482,416,-3101673.261034246,1227098.226718381
79,49.97163024449199,8.044752842181031,2,1871210.2084561356,-1221795.520216446
79,49.90446384556776,8.108195508941368,2,1772297.2585493955,-1179087.8867850783
79,49.88591523422133,8.100137194699856,2,1740713.354232663,-1164671.5546321592
79,49.83870208570051,8.130643749537144,2,1657471.7514649462,-1125993.2197157105
79,49.78866628969503,8.151801232353256,2,1562988.6413838721,-1080540.2081288607
79,49.763763463011294,8.179064989681534,2,1509205.8914729788,-1053954.813127634
79,49.731886784023516,8.199661956544322,2,1440369.068551077,-1019381.4008803541
79,49.71116567241569,8.213050805781421,2,1393863.623893266,-995671.874590552
79,49.68890893707314,8.22743189110402,2,1342425.637360014,-969140.0201792694
79,49.629956023102984,8.103866894783724,2,1278872.365507843,-930245.7882210917
79,49.630258370621746,8.238500194349186,2,1216423.621001363,-903143.386285011
79,49.5983865816244,8.201217364449258,2,1173108.4764687086,-878862.068150522
79,49.60207446289868,8.2835395799823,2,1128262.3906680213,-855560.7705416182
79,49.57702394391862,8.299725855520157,2,1062948.5551678734,-820015.2034117404
79,49.56318102798753,8.308670390828436,2,1026274.4330500984,-799883.9637780647
79,49.53266581920207,8.30206890156405,1,966778.5653073628,-767206.0015984798
79,49.51824863969303,8.312951825330087,1,926952.7668001482,-744989.8729513873
79,49.50620317502105,8.321723000628637,1,893630.3856823806,-726295.9102652093
79,49.486313779982225,8.335509501687328,1,838700.8989452948,-695274.7425027722
79,49.47302157102346,8.346367345601456,1,800056.4125517573,-673298.9394325587
79,49.49284140139582,8.427441275912456,34,757800.1547188805,-645725.0831491605
79,49.48063683319845,8.432748655086826,34,724813.3896284314,-626994.9577324541
79,49.469790411711465,8.437465419382425,34,695513.4975477034,-610280.851122975
79,49.434939184290975,8.433324515306612,34,624697.6497665494,-570729.685840988
79,49.429249492093106,8.455095378018633,34,586401.7973838618,-547397.6152515523
79,49.415785479294904,8.460950449658453,34,550404.4231348525,-526429.3006695221
79,49.373265558859245,8.420457241227567,120,511388.33000093896,-505332.98042513395
79,49.433993229486695,8.547565433934412,120,476951.70559281757,-473556.2664525368
79,49.42532193190628,8.550497541041558,120,453816.30683427583,-460200.9829357914
79,49.33087160272824,8.450784989171957,120,389785.02507283253,-432587.8616848697
79,49.32171562647409,8.457827423235843,120,363104.3513200389,-416466.40942008205
79,49.38156299588093,8.56529416013245,120,339108.0543078467,-393282.9214066097
79,49.292293965053524,8.480595741189555,120,277925.54827714287,-364601.0086738133
79,49.357751200181156,8.573345865746026,120,278388.9257072229,-357374.6500139449
79,49.26973689355847,8.49827794421355,120,213342.16011236206,-324859.83239757264
79,49.31587221326339,8.587506800028692,120,175167.37400393013,-295512.9961978779
79,49.30196381599109,8.592209776730039,120,142027.6388640422,-275421.00265480543
79,49.2612045445262,8.558797380872202,101,115465.19080848126,-262884.06000783993
79,49.24283658208904,8.565411310621213,101,74588.23001753843,-237438.20071554833
79,49.27321838777686,8.631991666487613,108,32036.575557766257,-204577.39921461223
79,49.259444115923344,8.637074081213221,108,761.9940828699046,-185226.3070889902
79,49.24863418119046,8.64106271829354,108,-23243.357721250144,-170291.78050669693
79,49.16930667852601,8.580740383235945,160,-61122.52143826906,-151392.11280761266
79,49.14912685437288,8.598515545192779,160,-112830.70340134787,-117706.75253499424
79,49.16424126083773,8.620914082721617,160,-122773.47725455574,-110773.1251887378
79,49.23911575887566,8.731873071296954,160,-170225.04471938053,-65037.40846291905
79,49.26574391226274,8.771334210201182,160,-186184.8450365173,-44313.573645209886
79,49.26629701381636,8.787657619846758,166,-209229.82872712804,-25884.24582536008
79,49.23463735688508,8.783539206405438,166,-250787.4867138916,-3941.7404751337363
79,49.067569033180845,8.680452810229209,166,-308836.2221094517,14480.48670352443
79,49.17668000710403,8.775999885026192,166,-316439.3063890559,31909.021698326796
79,49.08868425960442,8.73842104273935,166,-359708.09594113665,52120.67049366897
79,49.04393993739674,8.758732531546304,166,-416083.76106167125,92412.37833701093
79,49.74341751467825,9.982964512711272,168,-463917.10894857656,106496.94754309961
79,49.7146369167965,9.974057366799109,168,-513580.50773933576,126260.78470148394
79,49.70066261446296,9.96973253830121,168,-533770.2821347251,134832.6156173799
79,49.647609818875765,9.953313525976139,168,-584223.8178333086,160386.96718801314
79,48.535267582148045,11.419378792188246,210,-585916.2546066532,194840.75220649305
79,48.573804157586444,11.854147523890422,210,-641851.7343762108,221628.123590975
79,47.484770734848915,12.020051664183622,210,-686414.023003958,243339.0271287595
79,48.60639803458829,11.859407410530649,210,-756365.6626291173,269954.539915963
79,48.634972373359446,11.864018638054981,210,-774409.6766882534,281721.539489921
79,47.13391469112131,9.81541872007261,210,-860203.0709655167,283432.41861937894
79,47.37370389194764,10.020074057280496,240,-875465.1947740996,318764.3447427782
79,47.428620596875994,10.02870318676422,240,-904082.7126694102,331188.5186131922
79,47.3083320146044,10.009802093678077,240,-970100.7534320329,352791.06395715236
79,47.32487284927603,10.005282009077957,246,-1020691.2671473523,374802.3582649673
79,47.42648732052066,10.016592909441064,246,-1064008.349612827,399099.3267287415
79,47.20522785685372,9.99196409705561,246,-1125853.7538627742,405425.04581635026
79,47.150564713156214,9.876060854252684,246,-1183829.097786919,409641.3289854244
79,47.17824555053757,9.9577271576917,246,-1252017.0356166144,450404.7195965514
79,47.173898804916334,9.890512729866051,246,-1296636.6556019317,457440.34925806394
79,47.18220593689266,9.895644922611933,246,-1330058.8115996306,472086.29851957987
79,47.194189690276275,9.902662759492419,246,-1370978.4081542147,490471.1824790569
79,47.23646230558756,9.918969107708826,246,-1452172.6059013654,530668.407930036
79,47.24914892378004,9.92089887123106,246,-1463547.1508025466,537725.6135223807
79,48.175027878580316,11.304872297342232,246,-1511185.7075738106,577963.9159306368
79,48.1726265365958,11.308233882274214,246,-1588706.4389160033,608344.1778963953
79,48.17128343081252,11.309961203811751,246,-1629494.2808708556,624335.4477174494
79,47.79989955145561,11.392110907416471,214,-1653975.4203247118,696775.0137256801
79,47.81534544581463,11.39270168028898,214,-1729344.2793409266,724725.619479092
79,48.16515543715435,11.316817148787212,214,-1798033.317968485,690471.3424919143
79,48.163339636195026,11.318601272856592,214,-1843599.093663253,708370.6330474153
79,47.85103114566966,11.394066583021106,214,-1917667.3338476236,793818.1977371776
79,48.15856619638397,11.322900821995935,214,-1956028.0255514237,752577.0941552266
79,47.87122351541414,11.394838898563306,214,-2031947.150710798,835344.0322241097
79,48.14780090972377,11.405417400390967,214,-2122188.4341799165,825449.5710016353
79,48.14856009529918,11.33050468953324,214,-2163406.4761135834,834311.1797715263
79,47.896930631096,11.395822141502967,214,-2182970.2052949453,889845.4309511329
79,48.13625868045746,11.404975934472562,214,-2279821.1073552486,887354.6162411094
79,48.139284699226636,11.337267588566705,214,-2334722.548386505,902090.607440021
79,47.93872572780859,11.397420715775693,214,-2429916.048353459,978045.2899497278
79,48.12980313239405,11.341466391885232,214,-2473911.186714753,957403.6257828114
79,48.12464507410559,11.343896928064469,214,-2544049.614506928,985391.0212918818
79,48.09942976314021,11.403567306084389,214,-2641722.5642859796,1031335.5260014666
79,48.1125277193656,11.348775050162102,214,-2686071.105442089,1042399.6206742879
79,47.94149145175575,11.350026772977841,214,-2750339.579627088,1103055.5672450736
79,48.03428183810256,11.40107553539648,214,-2813170.7528785015,1107992.2610317795
79,48.089141285498215,11.35505573745166,214,-2880456.901140844,1121800.5041357512
79,48.0609927406118,11.357474594931926,214,-3002479.0379455336,1174406.4662229915
80,49.047217529675585,12.087714270402389,7,3073464.1630718536,-1174734.427177247
80,45.66257811153159,11.296506790130175,7,2878025.6318100933,-1140441.263052765
80,45.682140819862774,11.308081159238961,7,2801907.3365807105,-1109448.2183247278
80,48.97711287133154,12.108229718823232,21,2730601.0508392616,-1055652.3944008464
80,49.083013826143244,12.260119858410608,21,2639785.685108432,-1012229.5039873181
80,48.33957657361511,11.679739610417576,31,2498405.676990406,-974497.2097995107
80,48.30024552549263,11.636151413226173,31,2406604.889059733,-946866.4392636374
80,48.351781865156426,11.693265989191527,31,2322067.880648186,-904309.8544962811
80,48.14556531163453,10.965609884715091,31,2135493.9481943753,-885636.1673795637
80,48.090338919705545,10.897590600418708,45,2046763.0225777903,-843413.8287293385
80,48.065912757833594,10.89210436868723,45,2023882.1547788763,-829941.8385402923
80,48.15457400732161,10.912018105558525,45,1915310.6047056054,-802890.2434411283
80,48.17836998514288,10.91736279496528,45,1803006.022213077,-762301.5369888762
80,47.999622128157476,10.87721517905787,45,1766885.964329374,-716692.9954939088
80,48.2311666832829,11.038344458309496,21,1689910.9676718963,-713964.4480261806
80,48.24259800127234,11.054740009116108,21,1575786.2861062596,-666776.4072470561
80,48.24466810595232,11.057709089889382,21,1553461.6453708312,-657515.0823200851
80,48.24545464611405,10.95743409880987,21,1455379.211884906,-632428.9350754933
80,48.257761498187875,11.076488497288175,21,1402020.218287804,-594467.6829434981
80,46.60649809207037,11.854981520671156,7,1289591.5859026725,-559087.0585588396
80,46.67714547282207,11.896780378352092,7,1278144.5907507557,-545063.0934368717
80,46.550541220247865,11.82187437222924,7,1202747.4018905787,-519268.2463309687
80,46.654135469663,6.6929548188517485,88,1054901.584898505,-505868.95672097127
80,46.73388523792259,6.743905445796507,88,999315.149987597,-489702.5925627778
80,46.79798113698704,6.784855110142754,88,948163.5448486459,-473331.58947772515
80,50.0,8.770426284754782,97,723111.8850240796,-455542.24846047483
80,50.0,8.70567288981541,97,655407.7207744819,-436759.8318021582
80,50.0,8.659373280810783,97,601216.1909705794,-417234.38901362184
80,49.953116040044314,8.698553590121891,102,558474.1780932636,-396202.82087089465
80,49.94431175894072,8.673436363632907,102,514401.582808485,-379016.7099659104
80,49.93944690808657,8.65955771081608,102,489799.1683855944,-368958.9062903414
80,49.92289172770873,8.612328390190854,102,405282.5722993265,-332001.1529772944
80,49.83965417626864,8.721813773263474,136,378798.60771942936,-311474.2681154137
80,49.837181684242616,8.683427141874883,136,338336.79453540855,-296846.87055665103
80,49.834525615775355,8.642190397682251,136,291964.7399782548,-277305.75178416434
80,49.83130875513583,8.59224708449931,136,233165.44341730786,-249139.98239928734
80,49.76752035016127,8.682037860013175,88,228453.12483702897,-241387.9967165108
80,49.74725092830075,8.669088107629701,88,187752.74847685202,-221066.37660318462
80,49.77256823320608,8.572088239138354,88,127702.58728152959,-193473.46443059618
80,49.68370327591894,8.628488707777134,88,71384.98411323522,-158196.5195468707
80,47.501594750050565,7.234380613411397,88,107525.77206768967,-114795.03810471972
80,47.52140485706463,7.2470369181786305,88,80858.38169257776,-101786.76071511768
80,49.622205683667985,8.589199052783034,88,-21462.643763270644,-100777.65617224824
80,47.60198137144515,7.2985157376699545,88,-24613.089911336418,-49627.83320570266
80,49.57608996269165,8.559736586031958,88,-75622.37313650105,-61800.570682752965
80,47.65745372420292,7.333955980479298,88,-93154.93858982515,-15102.672234349853
80,47.383085599042815,9.422337714495457,88,-172431.7747635367,-1991.7607434619936
80,49.79738585453345,10.098654242592788,160,-187587.84242109704,11416.710556323618
80,49.78211089915297,10.075478309116837,160,-255299.55615402124,32559.877507306774
80,49.76337424496059,10.053824005864612,160,-324881.264006609,55458.50363637521
80,49.76123629479151,10.043806305502601,160,-346393.8612028059,62855.558893174995
80,47.43777950453503,9.414342274571405,157,-397094.60756966873,83769.8716177818
80,47.444015736538276,9.41554767873407,157,-424523.01708991383,94777.4158863736
80,47.45698201266627,9.418053936232319,157,-483237.6392968913,118597.09373644985
80,47.46842046487194,9.420264879939346,157,-536693.9696483278,140559.9653177356
80,47.485320614675594,9.39263804650874,201,-585951.7208712614,157085.71163139364
80,47.53397374643282,9.305348755701152,201,-633249.3401378125,171343.8075230529
80,47.53982405988225,9.314443978151594,201,-661160.0452498379,182888.39308370245
80,47.5649828372497,9.32017355192103,201,-730620.1372395309,212306.69339572522
80,47.561048018931274,9.34743992452245,201,-776545.790572186,232695.8353609704
80,47.580850168968944,9.335950948181713,214,-800478.2105578629,242926.8961377087
80,47.59108514580877,9.340696681557686,214,-834655.9534232053,258228.92153007755
80,47.615346963915606,9.351946352343779,214,-914793.2499259915,294986.586255511
80,47.548817863253,9.431532132771467,235,-921651.0027058753,304414.78457884886
80,47.60972324759724,9.377949854099366,235,-979884.6673929136,324820.95922706986
80,47.62085583365348,9.379778040054916,235,-1010756.6870022315,339346.4947060322
80,47.64724541735083,9.384111720122117,235,-1075306.108758422,370759.5990996777
80,47.6696752642885,9.387795134824636,235,-1119348.8970538185,393516.4215754747
80,47.71824288704243,9.39577087786984,235,-1175528.1530774422,427867.09518312034
80,47.62027510727229,9.439517647914574,201,-1211645.9920230687,435533.044411692
80,47.6251436404889,9.447086540247476,201,-1253499.3792150994,455777.619315338
80,47.54395298783622,9.572170641347135,168,-1264097.4051595428,491845.21324775356
80,47.55123403845555,9.573492774412376,168,-1319436.9343414614,516780.22943597706
80,47.64850889055315,9.466442802727824,168,-1391880.9435164523,523187.0545537563
80,47.56421100711143,9.57584920348334,168,-1415321.8277187923,560216.1283592384
80,47.706909211391945,9.466362479844896,49,-1479157.007350131,570659.4343072858
80,48.611561613789014,11.760273399092219,49,-1532395.1404675134,610977.0002171622
80,48.619934866500024,11.762162571873855,49,-1564732.8838059618,625437.7897064544
80,47.6684573082512,9.514424375535818,201,-1639966.4075022074,647601.58701236
80,47.672139158429275,9.520148384460864,201,-1672333.3109503677,664126.6382415488
80,47.6753183711368,9.529798569996613,296,-1720310.4466649054,688779.6898732545
80,48.15182578981388,11.428171866076994,296,-1814427.9314303936,708704.8148909522
80,48.162800297805006,11.319066139400363,296,-1856462.5318986631,713421.2486763387
80,48.00644240671231,11.460773978308971,296,-1889469.4701857185,755864.8973956652
80,48.095683061458224,11.457997275002105,296,-1977387.2655714871,778544.8887135502
80,48.07322576400656,11.458696028863502,296,-2039205.7058914998,804883.4100437195
80,48.15188387061632,11.330946386157894,296,-2122578.2265337333,818197.5109782965
80,48.14762173669012,11.331118420254537,296,-2181259.0950398934,841355.8122586642
80,48.047981476062766,11.447328242026783,296,-2229531.1312691765,881407.6325090943
80,48.14170127594053,11.33490821210858,296,-2287802.2060594726,883490.8465871428
80,47.98831085951779,11.428898214470081,68,-2322083.119606115,926532.4057214892
80,48.137036936664046,11.346689975688623,68,-2417220.0921163047,934943.1550829582
80,48.10955911836713,11.412532593762467,68,-2481661.386817381,968932.5427757393
80,48.080717673348545,11.42234736355981,68,-2540156.397931664,995934.9577298191
80,48.069158085230804,11.307244257152242,68,-2654117.091773572,1036118.882947902
80,48.10781219937571,11.350338497724756,68,-2733698.7550831973,1061642.8835924102
80,47.93989501150394,11.345282666290998,68,-2752630.575722951,1104416.391535174
80,48.02567377089591,11.314984989989165,68,-2874860.7374192714,1131782.411168546
80,48.03390661827579,11.319203161476528,68,-2895934.857874003,1138025.7828534371
80,48.02205540041872,11.378121494523691,68,-2962075.087193001,1167377.876758953
81,49.091721248629774,12.115674800501372,13,3157547.1559384405,-1204609.9043001449
81,45.63865801611649,11.306225972931392,13,2926244.120948498,-1158212.606908603
81,45.64648657555696,11.327563079990071,13,2885004.172242968,-1140114.1573617458
81,45.69242222845619,11.272268415789808,13,2756764.245867731,-1095170.9263465751
81,45.66619250523657,11.216715710289881,13,2668459.2753180056,-1063654.8443614158
81,45.70904354572637,11.225382668356875,14,2564176.913169537,-1022978.1678118662
81,48.36339762619841,11.680558920007474,14,2551232.1406703047,-993142.2799561076
81,45.51719952307219,11.37129448028315,14,2487901.4332687445,-970969.6946609829
81,48.92582369723865,12.084151092525792,42,2419279.194711246,-940534.1421326202
81,45.73324884479413,11.193951530378495,42,2310586.2915000706,-924965.7000761033
81,48.90936091237294,12.133576602792335,42,2224284.890389192,-871696.8665534343
81,48.89767932675208,12.049101622411778,42,2178814.4933112697,-847364.5944140074
81,48.89256065576417,12.12781964543163,11,2100836.6900319075,-826001.0069185921
81,48.88762604643478,12.126940320894725,11,2061562.8554272582,-811437.8175728702
81,48.87962231571022,12.125514093134203,11,1996807.431774004,-787399.2246534508
81,48.86572073175846,12.127923888819065,64,1872411.02476827,-741092.8536871253
81,48.863382994657485,12.120137437998386,64,1866172.0815917011,-738818.5243865881
81,48.89575705132809,12.227967783860194,64,1774462.321616794,-697122.1253955064
81,48.84175845431063,12.111910024610218,74,1686642.5916227323,-671907.4761950824
81,48.88467206110171,12.228191346566772,74,1683888.6388773674,-662842.301116146
81,48.829509283763095,12.09158020286564,84,1594552.2613264148,-637288.6547404419
81,46.67311138233555,11.828071022903428,84,1478122.7630199166,-617037.5872600895
81,46.62718983056626,11.793826790166824,84,1429990.9311023233,-598713.8869003222
81,46.607876625838024,11.855823638178375,84,1351207.530402801,-582126.0836861434
81,46.81175676272321,11.931460488000404,84,1371528.295564133,-541217.8123505284
81,46.572803798093375,11.753270496185769,84,1287481.227601667,-533664.453550507
81,46.688773743852245,6.7517477558714765,97,1157739.1379492462,-535519.7398173893
81,46.787398895557786,6.764476873088437,97,1102822.3353320088,-517794.4331528461
81,46.863580093438,6.774309247292949,97,1052461.4432332113,-500091.9097100608
81,46.94391167020044,6.784677292757513,97,992408.1991093165,-477807.356093748
81,47.00452280788109,6.792500107352452,97,942738.000797104,-458666.6915805729
81,47.03725287090057,6.796724433515594,97,914473.3485533018,-447545.0790017464
81,47.13894222873639,6.713931038178191,97,851230.5892087369,-420380.2853290673
81,47.156074755304545,6.812060254737286,97,804316.7708649102,-402953.9756860725
81,47.23235402535384,6.730891581975899,97,759982.3637730804,-383035.94185761345
81,47.232204662892585,6.758068978493791,97,751435.7697255656,-379998.2109037717
81,47.28399194022516,6.828569966638967,97,675040.4493947983,-348731.38541432144
81,47.29614165128552,6.83013807673629,97,662324.8524729995,-343312.6413400025
81,47.352946623918044,6.837469646246111,97,602132.4942545714,-317488.74225721625
81,47.39329912918509,6.842677767710661,97,558783.5068934291,-298730.26716134005
81,47.43313187165557,6.847818805663065,97,515669.3092941937,-279954.5651312489
81,47.4725233750179,6.852902894812541,97,472851.38713220175,-261201.42742818076
81,47.40816827197942,7.039916871881073,97,440607.44650265045,-246282.55476242703
81,47.52489578650179,6.901595729175844,97,395658.49661009456,-227235.7105428339
81,47.571149472542864,6.86563213410228,97,365721.24493087496,-213873.53755459972
81,47.61876107740237,6.871777155820002,97,314491.7808721736,-191058.96357098993
81,47.64258643602944,6.874852190711767,97,289071.5502796553,-179698.30193555215
81,47.67650649389846,6.879230104308391,97,253193.76704547132,-163620.5961676107
81,37.456442982165214,12.84191427374746,147,169812.31865005955,-158538.94976031815
81,37.458084092865946,12.863125177035842,147,151089.6406637556,-144559.36100164114
81,46.540730765304836,8.953262611030741,143,121999.90735089354,-130883.07178995444
81,46.59671965273672,8.956344633248651,143,59038.288707495325,-103805.8977626485
81,46.62125594380495,8.95769528330951,143,35537.35356181599,-92327.49990362614
81,46.631910033014826,8.943896755735837,179,19476.968043487926,-83865.26580858465
81,46.69945833752738,8.970227047243766,179,-18287.397093845582,-59199.9676982078
81,46.65818315831945,8.858142755187652,179,-46181.94899463314,-43581.40417994718
81,47.030362553317566,9.86880981482865,179,-74690.99009194758,-16261.83311618952
81,47.03888851590307,9.89196238494056,179,-119008.77039503602,-272.225582026505
81,48.54469415197683,11.9008426085787,83,-167541.09407216628,25823.43658272855
81,48.5471566966385,11.900891794166526,83,-182677.3870554174,31737.910825638424
81,49.5158801169657,10.649489556791991,193,-239760.12503832002,53957.72517254802
81,49.53948618506382,10.652806265973952,193,-269563.28918311076,63374.38994653906
81,49.51919544695354,10.720859143040256,201,-335642.2376315411,80792.98849351797
81,49.531751903922725,10.738032699777936,201,-365857.62947281566,90170.39567384691
81,49.563861141933266,10.781948736135265,201,-430497.3825221621,111221.26454329953
81,49.61461700859407,10.792099657842106,204,-482211.29561920394,128138.06180432564
81,49.66047757708282,10.826024484222298,204,-518402.8236606577,141845.10869170408
81,48.20118798547677,11.563976487358747,86,-506630.7036721207,190153.9650079306
81,48.19801493689222,11.563954162961625,86,-530394.352168287,199859.76460576558
81,47.768308606867855,11.976784580080126,86,-589855.912209,204593.6346713304
81,48.17733387264081,11.563808658637022,86,-622568.4302645224,238820.97185559123
81,48.604338260539414,11.873043571111603,94,-685546.8570903688,238075.96934326866
81,48.59803815312439,11.863802736762585,94,-743577.5213624276,262044.70767940034
81,48.533367314547576,11.768945226067576,94,-761310.268207772,289247.11465263343
81,47.483622041884246,12.08645468925964,94,-814475.6536207469,293880.0365090933
81,48.54720043870812,11.789235294232457,94,-871594.1747394423,327206.52931084833
81,48.56040980434833,11.808610449558502,94,-911469.8909781389,338171.1278127245
81,47.54201557658298,12.079912131891458,238,-980483.0922285905,357302.7805374612
81,47.53881409029964,12.076683115730079,238,-987705.3251206345,360061.51018962957
81,47.67098175325273,11.942335137160297,83,-1069853.9780270716,394129.15142018284
81,47.653971990496196,11.8830517868388,83,-1079505.023195469,404975.0254819018
81,48.1095644573795,11.892151554100556,83,-1128491.1025819855,445577.4228358272
81,47.646847330691635,11.96753997605186,83,-1177724.5219042536,434847.51196370827
81,48.12644706703556,11.892488758575627,83,-1223632.168330823,485131.7257042906
81,47.61032913390776,11.882180087092953,83,-1304121.85484272,493972.2337706328
81,48.15510727469447,11.893061202674964,83,-1312590.3693974048,523252.542069022
81,47.589031096268556,11.881754691153079,83,-1382263.4999269906,525047.2184243437
81,47.54925387951883,11.92739430390036,83,-1429107.1590316966,538115.9563542064
81,47.53955757543669,11.880766532748552,83,-1475803.7157720001,562772.4973140043
81,48.61496533406825,11.77511613033473,83,-1562274.0839542698,617045.407488076
81,48.711436934897364,11.763318832579325,51,-1587449.170620587,668375.9142898133
81,48.61974141940838,11.767064323507286,51,-1642800.6700623392,653387.3375726794
81,48.601273644656715,11.557672803192663,51,-1723220.401124387,714701.1379859998
81,48.60514580507062,11.566818585279547,51,-1784937.0651460432,742860.802079532
81,48.59008116454338,11.64319008210375,51,-1808997.5859316238,750361.9297834932
81,48.69457784176045,11.73184731829273,51,-1891201.7259235699,794974.3824273312
81,48.640770259481144,11.729161026134054,51,-1954442.3649991404,798870.4634058621
81,48.62936193343971,11.610106286686765,51,-2054367.1648671501,863615.5532141239
81,48.63273169428695,11.616396748207153,51,-2082724.1072117607,876026.8424421152
81,48.64374928391742,11.636963704368032,51,-2152151.3402458625,906049.1458231707
82,49.05623914963949,12.079958926281654,0,2834396.681233103,-1132258.329267897
82,49.02491686529869,12.079231605967546,0,2734772.6819835356,-1095959.2214014647
82,49.084120242137395,12.188217693076888,23,2697312.907742549,-1072620.1481071638
82,48.99145060914131,12.120137273917637,23,2566516.6982940063,-1033103.1685494833
82,48.97009262342322,12.104446474536294,23,2472533.927922573,-997876.4863982224
82,48.953236160156,12.090470484521338,2,2381813.654852042,-963199.2164071751
82,48.94121936363782,12.09024021969472,2,2307860.8678855263,-934846.7030220878
82,48.93131611772537,12.059364272485782,38,2228522.9338791254,-902820.0643238962
82,48.95443688905733,12.201504462254665,38,2172087.557920027,-873020.1032041153
82,48.9179978245908,12.035685688841824,38,2098655.0442409306,-850213.5771121365
82,48.94520057905389,12.221527261119268,55,2042765.9105108955,-819459.5943506664
82,48.92301384660694,12.189745866079555,55,2012833.1266212952,-813090.5376966178
82,49.007399138645944,12.310623616250558,55,1958498.7582386967,-768263.5729669477
82,48.87323288496865,12.107128125706868,64,1821585.0683372272,-746078.3680829369
82,48.86767554929775,12.09110314545671,64,1785522.3990179917,-732198.5003791335
82,48.85754239731918,12.090160780308244,73,1707039.36018971,-701452.0154784613
82,48.87916282106005,12.193310524349767,73,1684043.501110074,-684104.0637382516
82,48.84174780702511,12.08892888630961,73,1583110.2634571025,-652765.9512189465
82,48.88843190459921,12.23753276559826,73,1589039.987817142,-639380.8745457162
82,46.66014745534904,11.835865028581873,79,1454634.3886371367,-612014.3045704111
82,46.74044566315148,11.89491625655585,79,1426912.556658786,-585136.9816077461
82,46.76784479294635,11.915065551341929,79,1395215.66217645,-564264.8675802829
82,46.59507179800792,11.89333841682107,79,1259166.5181794318,-553455.0926259664
82,46.58437092165496,11.904606107257198,79,1211578.5292851534,-537347.5750097148
82,46.58115833533263,11.915742771692091,98,1177769.4219512255,-525594.3054559741
82,46.603203042647365,11.947849668739,98,1129775.5831969774,-504957.86703363364
82,46.55341654842991,11.940268692151312,105,1046830.3571286055,-478719.113290347
82,46.65314395841732,11.995789637195365,105,1034490.6328216464,-451650.87976484234
82,46.53789108300034,11.960038416876365,113,948164.7446298832,-441903.42080624326
82,46.53847479963547,11.961541559094888,113,944817.37252133,-440630.84185060626
82,46.524628438649465,11.97806837779801,129,854860.7825860655,-406081.6888156097
82,46.5720010332033,12.011115964087095,129,834640.3500112996,-391910.8316925302
82,46.51669000114499,11.989429557308728,129,794858.349002521,-382556.93525730097
82,46.61922376953517,12.04269577891058,129,780318.6516040995,-354673.5885626275
82,47.80164872294928,12.833432698708384,129,702152.5144743173,-331381.20821774827
82,47.92007762523267,12.912631048790734,129,679824.1995471255,-323575.33670815796
82,46.49660373954635,12.020522813314487,0,628088.4619512721,-315225.9511450678
82,46.53801591998455,12.056981126105065,160,569646.72040648,-285935.39269510156
82,49.975717975079924,8.974662699459051,160,517700.84375759185,-268639.6001907175
82,46.48277329130608,12.04463260691712,160,498963.29198010825,-261125.14440131455
82,49.91402144775285,8.943482352815408,1,439558.1928277763,-234777.48232235707
82,46.50381627953821,12.07478322560248,1,421689.9629245099,-226201.8141052624
82,46.47731932861678,12.074257553626477,1,366037.08702268905,-203464.78392191022
82,46.468238418229525,12.074077397799442,1,345967.4727510594,-194716.75050555696
82,46.481994871793965,12.094836265577813,1,291037.4621261943,-169590.95902198247
82,42.512813080021054,11.738179420326741,210,201858.44768490767,-170326.6827395124
82,42.4988510734515,11.72854892997948,210,196298.28742929822,-168954.51872902046
82,42.47402228407584,11.676219234628602,237,164944.64225261591,-146806.05725554764
82,37.47277360252216,13.482960647543221,237,145323.09690115397,-107447.05274795742
82,37.49151110969445,13.47865445659305,237,130184.29460746875,-102123.00914143947
82,49.06079151402425,11.207160896282241,242,45298.16760157691,-76234.49793886614
82,48.955655589811506,11.209048093341954,242,-5128.5124244488725,-67972.39604699242
82,48.958512691885026,11.198060176535018,255,-12958.64350413355,-64885.201634883146
82,47.45090823420323,10.095627296808802,255,-34484.0647899133,-32028.181050545703
82,47.45996089193002,10.096365387362221,255,-60604.6073848313,-20911.25510346147
82,47.48080989269082,10.09806526942716,255,-117930.28883640944,7456.611505314572
82,47.48637540515237,10.098519042484398,255,-131216.42313141515,15259.123734674526
82,47.50850168739413,10.100323065170093,255,-166969.53843371445,44129.19808998035
82,47.09531521392263,9.867517146177057,285,-233651.1771534357,40783.17390550141
82,49.61392023238046,10.102690419534637,285,-273089.4955793105,67407.07171260551
82,49.583811830962254,10.09817167288425,285,-300632.73425044835,74057.76138872333
82,49.58850261366062,10.076884279946116,292,-351639.78713817446,88024.37505813036
82,49.57486002328654,10.049666369755668,292,-415278.5948528603,106969.24836587973
82,49.58823076374975,10.031234613172165,288,-446120.49010027,117451.34626535639
82,49.58501801753826,10.009268613867036,288,-482204.87680875655,130795.38843778544
82,49.581182618244505,9.983045447555225,288,-515725.2748638239,145560.3906546239
82,48.517405978953846,11.403121726247555,99,-528546.9070131949,169112.98275179457
82,48.521827747585355,11.414420394081253,99,-595367.6640002936,196752.69428770366
82,48.54007734072521,11.412196396189604,330,-616989.5003759342,206026.8160481429
82,47.77095389296668,12.049824935481922,330,-674762.7968037352,238030.64742970967
82,47.763616249945564,12.046436493374237,330,-698850.1830602086,247124.39331018875
82,47.75027710402173,12.040276623835917,330,-745240.8527434922,264787.562353595
82,47.72558821080069,12.099021911300213,1,-773180.0280812479,278445.819816312
82,47.70117817125685,12.098537641477645,1,-829082.8092696645,299789.7796695924
82,47.72149712083042,12.011543068324505,1,-855503.9820028326,307233.4128612635
82,47.698597204207246,12.048433749016374,0,-917982.8202351632,332187.0763828838
82,47.69984798745863,12.016989017512758,0,-941640.5012728694,341008.1883784865
82,47.67391616462381,12.047860641982831,0,-990006.3687898673,360342.12428091705
82,47.51137831484821,12.044086425560208,0,-1042857.4207212634,383678.89259693463
82,47.63541971734232,12.048368520208093,0,-1072972.7485633977,393036.2023444007
82,47.60122180784916,12.046172639861789,0,-1118604.1519973641,411281.90458699915
82,47.990412771802646,10.462624518109386,352,-1175224.020364954,456357.59936441673
82,48.005150559348266,10.469296194240103,352,-1235622.3589950735,482210.45772786764
82,48.014808872750066,10.47366843388505,352,-1268443.5912017724,496795.6611808007
82,48.02589300069114,10.4786861281343,352,-1299203.5033254263,511076.5335210313
82,48.083682885100245,10.504847137119913,352,-1345353.1373507273,543622.0227920619
82,47.54960442053701,11.92444667956925,352,-1424899.3312909654,538297.1886951105
82,48.14748314651977,10.457881132247767,99,-1457586.1299565968,594495.9894029765
82,48.575756831585856,11.55222199734828,99,-1534007.9470752995,628488.8621125496
82,48.59912358165892,11.753512929644574,99,-1548073.4215933266,624691.0945262818
82,48.60386479631034,11.74882368291192,99,-1616063.2025549759,653610.224327235
82,48.585654182567204,11.577512077063234,99,-1697275.270125635,701565.464448961
82,48.60843509352528,11.739127387369656,99,-1710957.3229005672,694305.0849709999
82,48.653260630938085,11.750262590990184,99,-1820003.590574258,747023.347555462
82,48.65134403752619,11.745365240147581,99,-1853437.3191259243,761010.4988098957
82,48.598751422440515,11.610978632009692,99,-1886820.2539025098,783022.0614801295
82,48.64109720481486,11.7191821517047,99,-1993320.5104669952,820202.3194348613
82,48.63058761421468,11.69232765452148,99,-2065447.1932672767,852137.6521759639
82,48.637326758010055,11.684212348821651,208,-2117275.1280873097,876863.8734857346
82,48.675885945435034,11.688819547493082,208,-2146845.2147950623,901272.7049795898
83,45.65172851959761,11.324500911147398,5,2878726.830706882,-1137948.468466084
83,45.65504455530607,11.230709772541646,5,2751604.050359488,-1095398.0008243627
83,45.58028572186713,11.234607747124702,5,2719540.0317547065,-1080758.5325410878
83,45.689232457189206,11.358017332258505,5,2618598.694312975,-1031872.0650715008
83,45.69196284099989,11.360457414539741,5,2591816.403850094,-1020985.9075604612
83,45.702871601096334,11.370206326805276,5,2474740.3107856815,-973411.0176598068
83,45.728985592729096,11.197227424898193,18,2347135.3250901713,-939022.965383249
83,45.72924146805293,11.19586597551785,18,2339274.488368131,-935971.1990654494
83,45.68952430754168,11.407191173887808,18,2290360.029395347,-897581.8467860299
83,45.588377067735216,11.141918691675349,65,2144017.4196224147,-857502.6579531609
83,49.47508870429617,11.44781373981959,65,606657.3038561129,-950758.549949895
83,49.49321303015689,11.373017587313692,65,485797.83457205753,-942126.4018382763
83,49.49620288621011,11.348967503925147,65,449357.7605778845,-931734.7901756701
83,49.51517179531049,11.318923158007044,65,402927.771041212,-911732.6821385213
83,49.50769021860978,11.301532996710353,83,380702.1272274001,-900918.2052433429
83,49.473641895327624,11.278040611501563,83,352466.9986836572,-880566.7097476418
83,49.50457969436614,11.256679754314378,108,324065.19036788,-862926.2035093859
83,49.51898281338515,11.254613188256862,108,319429.04690400284,-858581.8427110225
83,49.51075698293713,11.226247693443971,108,288310.37418589345,-831277.759430094
83,49.52598493281174,11.223462387232344,108,282481.84881006274,-824822.2216602194
83,49.51895032313725,11.198755613995502,108,257985.8581537799,-798870.0700712625
83,49.52418877270446,11.18663047763264,108,244844.87899098158,-783070.5092719869
83,49.52737238129721,11.180448163362481,108,238108.08104068474,-774546.5768897554
83,49.53718892585124,11.173618427626575,108,228898.19314859813,-762356.998560168
83,49.52674054797433,11.158153312244618,103,217769.35127610844,-746616.7145375789
83,49.53074640386051,11.140305316469192,103,201212.25403894339,-721639.9576582361
83,49.548409050900005,11.13768696440236,172,192708.43246083622,-709792.6106963386
83,49.551502311323794,11.127657351624398,172,182987.21013052942,-694211.1192917494
83,49.574966412755934,11.126446782228856,172,171313.5413632446,-676279.4528994455
83,49.55916201445783,11.102821467830855,172,159486.47069285467,-653989.8093011542
83,49.592853460285205,11.111984567832142,197,149419.21809855298,-640146.004415523
83,49.577499435021394,11.092030400409165,197,141458.39038773367,-624286.7406972944
83,49.63329138907229,11.117107193653498,197,130329.47655071638,-604328.8704888417
83,49.636436429593836,11.099998754258399,220,112499.9314879966,-575565.5362349225
83,49.6416583261512,11.099742427343083,220,108922.73033117784,-568809.7843374428
83,49.659068226709266,11.098887828624596,220,96899.90952832215,-545317.8992663651
83,49.644364798541886,11.069284291148366,241,79954.70345798554,-519556.61331200105
83,49.66230837886069,11.072579591914094,241,70459.40342230858,-501735.3119557163
83,49.653366615657056,11.06081716724307,241,66329.0944869513,-495281.8161821027
83,49.66150755385329,11.052761609217509,257,53568.92678879147,-472442.46145676007
83,49.688760484340705,11.0650554369136,257,45545.25584746177,-454541.66209843446
83,49.69544481272051,11.058030868646886,257,34557.14019508011,-434682.30087333993
83,49.681238242419525,11.03121466335493,277,20712.965854799495,-413312.8010901894
83,49.671050498222094,11.008143267131626,277,9423.700988283223,-390601.16197695164
83,49.7143567094022,11.028370968119246,277,-5079.814835289126,-364008.3849075804
83,49.73091139276153,11.036103419788699,277,-8583.428540346553,-352061.1753795252
83,49.67490661927152,10.968970902760432,295,-23689.860694511208,-324388.83196126274
83,49.70435926190451,10.978186425472302,295,-40368.453906527364,-302262.58099303825
83,49.73971983444903,10.98925049749631,295,-55617.43124627322,-272878.54263486416
83,49.76276395394707,10.996460838831565,295,-62258.55856098111,-252404.1639803615
83,49.73978854354234,10.963158720149012,65,-77311.67740788062,-236248.12355301116
83,49.73080715681078,10.944041892754505,65,-86401.67570572044,-220476.7594253105
83,49.753791540919075,10.940979748503855,65,-103381.20306546694,-189634.39482286418
83,49.7664384247128,10.920948688758987,65,-125471.45265164008,-150265.36084262855
83,49.69123688379503,10.855726496470538,326,-112181.31087543642,-140242.59197005536
83,49.74687287001534,10.86327596542357,326,-153859.87473810755,-100505.88709101985
83,49.75629373997469,10.864554320856815,326,-158882.11450991925,-93877.41962715167
83,49.19182119960103,10.787958789656644,326,-177045.116723768,-67448.04099887825
83,48.709313396603804,10.898383346534803,168,-237276.82235662302,-52193.15742427919
83,48.74837089193462,10.909745134316724,168,-266979.10744068254,-32215.43828385233
83,48.713041531451175,10.88492727040633,168,-301509.0939805584,-29350.21961727855
83,48.796666992152296,10.923794423364061,168,-302326.5431853167,20035.008635160695
83,48.78308929327956,10.9044274935557,341,-352978.0645542591,18993.827632036788
83,48.74933763931952,10.873342022224342,341,-415676.83826958394,16206.286952623432
83,48.724075572020965,10.850075510019938,341,-464080.87270047393,28107.968603121
83,48.72598036559411,10.84312160898061,349,-494627.089935444,38826.19429415027
83,48.72363336095621,10.829770620015235,349,-542445.9204084915,55791.62144973703
83,48.7329020900631,10.830243267943274,349,-555069.0163610592,59949.311015617226
83,48.76072706535118,10.8245105002454,334,-615407.9342508069,83712.47282998521
83,48.75962805143783,10.82041179361762,334,-628343.6441112144,87590.67350369562
83,48.79393117319092,10.814011276527461,357,-686337.2992580943,116473.69097539634
83,48.79115852836839,10.806453322678284,357,-707617.4350582521,121138.19076414275
83,48.75325163412878,10.782388440103045,357,-748268.883132985,126531.61890937659
83,48.77650470847924,10.766508468026736,357,-815558.2988784682,149966.4435309562
83,48.774433814748704,10.760863417815214,357,-830138.7902768479,154534.17842042106
83,48.773311935353,10.743732830950188,363,-875904.7258944394,169759.34670736786
83,48.78492280475865,10.734490260791292,363,-903643.5291534457,179086.83425461838
83,48.76060849211179,10.710770117029385,363,-952683.2882949016,198644.5665597828
83,48.88411231947956,10.64057589650329,277,-980594.839507257,209837.84635197106
83,48.847715959334664,10.62357568637207,277,-1039809.0461291592,230392.7310286761
83,48.80759088135974,10.636979235564132,277,-1067258.1880287335,240179.17457186157
83,48.800072460009936,10.601322101214585,277,-1102719.1556738324,260950.5813594232
83,48.770524512746945,10.574410034644412,331,-1141830.4305096373,288581.49600133067
83,48.73123606205554,10.56387457996097,331,-1175101.0361623755,316259.39515254344
83,48.69286153687455,10.48285844771306,366,-1203705.5214031935,367628.65114620165
83,48.645102250088186,10.480951004482671,366,-1241909.862866488,402986.02289325994
83,48.59908927180387,10.50549215170927,366,-1274996.3270095212,431580.6272789241
83,48.49993950766195,10.47515339507564,366,-1340091.008297209,508723.9589185734
83,48.48251945116062,10.474457660882727,366,-1351361.9503332586,520099.0798143539
83,48.101008497070254,10.469783016474262,342,-1438343.3870297426,579279.6641817836
83,48.13051791369897,10.473200118383605,342,-1460154.7054157008,593657.919652497
83,47.62685371516634,10.423708789576441,342,-1526580.5732998457,655004.149333749
83,45.908346378939335,13.120353575956395,342,-1465622.6525260545,1060280.4013040606
83,47.623506837197276,10.414489756895565,342,-1622886.6879273462,697278.7499051645
83,47.62187537814025,10.408009644046176,441,-1681381.0896279276,723028.2166100633
83,47.60335685607438,10.302620945593171,441,-1755199.1479956072,767822.160189179
83,47.54526536906354,10.356824662353192,441,-1940923.7126992412,857979.5062944982
83,47.58584552926142,10.354026669959834,441,-2034960.378800098,882499.2546480644
84,45.64270516667763,11.249319321227269,0,2837544.751613334,-1127883.793268164
84,45.68028832987074,11.280587549731687,0,2813294.769736443,-1116536.1826330053
84,45.6585984404482,11.224724261199228,12,2719710.4815171924,-1083210.106766658
84,45.70744988043972,11.22665637924916,12,2575210.973552211,-1027126.8917652974
84,45.699989969495995,11.202726063852369,18,2500645.313739914,-998616.4719783728
84,45.69210732783616,11.38379510280422,18,2452548.631308754,-963636.0683767963
84,45.746456593538895,11.217926363831666,18,2336706.1154992036,-934520.2969254664
84,45.53526102580777,11.18601139647602,32,2261903.925115098,-902583.1938503026
84,45.57084554230013,11.152486205120718,32,2174421.1990218377,-869565.7976019797
84,45.78368652607999,11.229671606622876,49,2114315.6013517743,-847018.6684287403
84,45.77198134341476,11.186664420351075,49,2051921.71071686,-824362.8215416443
84,45.707244226051216,11.123461814305813,49,1964173.7630907444,-786604.0505044714
84,45.80921387100721,11.218349356179978,49,1890440.7455422352,-760352.1066968993
84,45.79827961002252,11.180574520642397,49,1850002.4693766083,-745932.968807013
84,45.77662775479461,11.137814783483856,49,1764818.4626536025,-711185.5262214292
84,48.264550627414074,11.625871232958163,49,1717854.0045699736,-681414.9362795774
84,45.824835222708685,11.174054767292537,49,1634424.0267921628,-662181.0068585143
84,45.82623321560009,11.173719417711299,49,1622944.6690547627,-657720.0832225583
84,45.849977499304146,11.25303926391011,49,1572715.3031213218,-632179.678638772
84,45.859657750978556,11.208906127221944,49,1457857.4019583168,-591979.1859899913
84,45.852854402178004,11.166875895809142,49,1401834.485333554,-571749.9942245003
84,46.61369242684004,11.870128325170521,49,1300131.7065073873,-562900.9544223894
84,46.619770947415745,11.908134622245948,49,1233745.0004685912,-539908.0286773249
84,49.41870487103308,11.525361652550348,93,766151.0120823727,-594565.7954667403
84,49.404611079339205,11.476602197299828,93,701927.9613668284,-591954.924990796
84,49.391157998359915,11.430059370909355,93,624766.5933029843,-576072.7792610195
84,49.38296582170316,11.401717383190533,93,572998.4259823172,-560041.4040128789
84,49.389810984483304,11.374972447841209,100,525275.6215035366,-539533.350859773
84,49.38808004983009,11.358190060475202,100,495593.2606079671,-525940.7951972304
84,49.34025982959461,11.346536613248578,100,456460.1370518962,-511005.43670751445
84,49.37099016419232,11.32037620470328,89,425847.6484449722,-491001.29399070813
84,49.32689843264447,11.314199872878802,89,389528.04153265286,-472193.28657880775
84,49.320480788211896,11.300324025838473,89,361117.1430530142,-453165.2257790362
84,49.313664303990315,11.286350425172483,89,332884.529921672,-432536.92670155526
84,49.311800871546275,11.2826482210876,89,325483.43118036876,-426823.464285759
84,49.3057475968888,11.270542255607419,89,301740.61209001334,-407571.21493297885
84,49.35611592291887,11.227096537042666,89,286180.83339250146,-389964.62776309723
84,49.35321453536035,11.208901291837387,89,263891.99859234923,-370339.5882942996
84,49.37691046240021,11.161560637426414,161,235231.16157108973,-340047.43646548566
84,49.31115178312315,11.198468155875071,161,218092.6131866967,-327734.9834264497
84,49.367973693330484,11.107554815441349,161,187508.95901211505,-301569.6928264267
84,49.37291428688073,11.078558140333222,183,171730.5844793649,-290262.0355130469
84,49.353658093024,11.028550913471312,183,126883.6901672227,-265919.0041977822
84,49.33038011353006,10.968099340844788,183,73307.20733125608,-244364.0390827901
84,49.31114559415618,10.918148401367018,183,30052.781741137584,-229251.49181600867
84,49.293577242092454,10.872524402472038,183,-6784.675744735001,-214173.5778116207
84,49.25951871384993,10.97463474553577,93,9706.319067067938,-177222.09992692887
84,49.23853743006246,10.902047042371487,93,-49105.177405983886,-171588.7633794242
84,49.22367424293022,10.850625755354065,93,-82736.98810829772,-167145.05177976558
84,49.210098561664026,10.803658776022166,93,-105042.63048834317,-158122.77217667433
84,49.184356527793334,10.720527814536998,198,-123481.60764863809,-124598.85023360755
84,49.09030308098854,10.697433689894844,198,-157906.1813662343,-94393.38133118868
84,49.042518000635674,10.685700418662424,198,-156889.02759462412,-81613.06334236814
84,48.94154243131501,10.797743586372563,160,-156365.94609059385,-30743.54745037198
84,48.962927074472404,10.82052579626909,160,-170741.83428299424,-14338.948268254706
84,49.009120276695306,10.869737897733156,160,-183003.5904713489,33865.75821430254
84,49.668976226389766,10.099998542136012,215,-229768.25900320715,52369.189331695175
84,49.62480187728291,10.102659793856672,215,-267142.68997240945,60904.500749416286
84,49.6204947943247,10.093694018813475,215,-293821.8932052926,68690.91095055657
84,43.2947746383559,9.449585696244414,213,-329508.9801105832,95088.36541642326
84,43.23748080408128,9.41233167969508,213,-378702.3519763545,112193.06452712163
84,43.196324408988445,9.385570667043176,213,-406522.30002021237,122020.6781063701
84,43.11618158557297,9.333459613425786,213,-443499.26530464384,135359.65414566005
84,47.84988434850716,12.03382201299189,190,-466437.1833163996,160275.69081497382
84,47.41324543303124,10.021826532476108,190,-505504.8303658113,176066.61512602252
84,47.424966613985255,10.027280484553296,190,-561294.6589053259,196662.6599926227
84,48.060274180523216,10.322893788005336,190,-618260.7014110584,214843.00344810745
84,47.45545664995301,10.04146772350579,190,-644475.3041840601,228828.54337547513
84,47.383482744490806,11.958709485793928,276,-686379.7201217774,249677.8665278088
84,47.71396148589696,12.112936385804534,276,-748445.4399558139,269921.2089025046
84,47.70484420478604,12.10868155840995,276,-772740.3168047428,278789.60354931024
84,47.73270880348965,12.004441460364047,276,-800778.0876703897,286337.96232070035
84,47.71841537742843,12.009452629112182,276,-853459.6015080438,306660.16423208266
84,47.65736011285184,12.086521814434679,276,-893515.0203970644,323443.0615516545
84,47.63966878198171,12.078265673342056,276,-933337.2522551151,338357.0352089293
84,47.47894526214241,12.00325966805972,276,-984511.205992561,359437.11477922817
84,47.58330289306949,12.05196099705248,276,-1025250.7248809576,373246.0811482375
84,47.965838315783785,10.461295136423779,299,-1071869.3800361366,414763.19972432946
84,47.97132286601108,10.461392054424087,299,-1096482.3599587798,424519.45917459717
84,47.98426055833973,10.461620677595928,299,-1151416.462197679,446556.9437181032
84,47.599877032438805,11.96352637245318,299,-1202132.1587205396,443659.2122745345
84,47.56529646439212,11.896154025261115,299,-1283399.3314448001,481851.7850605983
84,47.500395904269986,11.864178968466451,299,-1292368.5120859665,490699.0075383931
84,48.04108201093691,10.462624774802089,299,-1334314.096040212,524778.4847107297
84,48.078703949665034,10.463289595601992,299,-1404197.7556247576,560226.8181032093
84,48.10053501711332,10.454643097658366,299,-1424861.6477170878,572099.3179782002
84,46.041015150554905,11.618009399364983,299,-1450733.622482478,655666.2480760139
84,47.56681489476913,10.43979696661044,299,-1524875.1246617378,666405.3290600451
84,47.56964286711794,9.664478632635845,278,-1570945.2074213831,672323.2652411681
84,47.58203223012394,9.668171241540477,278,-1671652.9576346758,719642.3809909176
84,47.81090615081705,9.78967817922214,278,-1702165.7139016073,833483.2937028327
84,47.59712116372399,9.672668448583806,278,-1784251.0852879588,773316.0087512695
84,47.60982402490323,9.666526011084986,278,-1816398.9987593626,789406.2469983168
84,47.614260392555074,9.677776739378865,278,-1897041.1346590575,828191.6071312291
84,47.79269372902291,9.730958208579937,278,-1954555.8616988077,911223.1429561032
84,47.78485980274302,9.728623332612115,278,-1990176.6825930362,925455.3083932593
84,47.764525437555235,9.722562741932343,278,-2070199.776129793,956083.9047684233
84,47.61557350204306,9.732743373096467,278,-2143028.471835664,951172.341920526
84,47.70896999362631,9.706004624549436,278,-2176917.8687593234,985644.831339718
84,47.636974124216614,9.762679609975592,278,-2280685.8930530422,1030743.550793742
85,45.64812953497418,11.319193460168842,17,2896242.878582323,-1145306.0261864671
85,44.79761195153945,9.535451431223997,17,3004165.3773187245,-1018160.2510972496
85,47.84948372688255,11.456521601905727,17,2712136.625514919,-1020148.952152592
85,45.501470617278926,11.326760921658689,17,2509388.187997374,-982552.1492820325
85,48.3196491397523,11.645633926457274,17,2438471.596416749,-948988.0504399963
85,48.327764042253804,11.671609471270155,17,2339079.174561944,-905105.6173202855
85,45.73709573388206,11.17813641898773,27,2208396.8429396087,-884963.7587442524
85,45.760065129629915,11.189894831362624,27,2140573.6523954533,-858796.2853927651
85,45.764796637606416,11.192316968303166,27,2122251.709068587,-851667.875716034
85,48.27993167841853,11.634276217435294,27,2061452.829082672,-811834.3554256826
85,45.48709485586028,11.191106135088557,27,2003247.1577088893,-799005.4841110477
85,45.80582398972228,11.213319546260552,27,1905108.5029635492,-766400.1455865623
85,45.811947335244476,11.216454187787667,27,1864380.6465789357,-750302.3232903073
85,45.583137983392575,11.099322908243298,27,1782100.0911439897,-714110.0495386448
85,45.5727088228959,11.093984049041685,27,1708429.3709024456,-685251.998087852
85,45.57142833588948,11.09332854663198,27,1699131.7635094563,-681614.2084608562
85,48.24994646017788,11.657066657182707,20,1649655.2789863027,-651473.1938974379
85,48.324902300203036,11.571848740092038,20,1563639.9930260356,-613656.984247774
85,47.96704775782625,11.634703309359598,20,1570610.2101685046,-592833.7819396053
85,46.65170913111786,11.834719013537896,20,1396278.7036323831,-588979.3721676676
85,46.621799376161995,11.862153567177355,20,1325086.7635007428,-570233.9941725944
85,46.678569136570225,11.896967508608773,68,1325172.786022844,-561014.9262728848
85,46.59012412909164,11.894951112494107,68,1212525.2593139277,-534942.5985929018
85,46.56572961240071,11.887702453542856,68,1174468.5440934326,-520999.68180933705
85,46.539350836555926,11.88265602111163,68,1115148.8395582847,-496986.61811350787
85,46.521923576122575,11.880864517984701,68,1066217.5149064572,-476328.5046265068
85,46.55141016804011,11.94086325369529,68,1018018.4384553854,-466902.6942232259
85,46.542157177742325,11.952953508431255,68,961416.4604944916,-445997.1209376405
85,46.53684561159023,11.960053442450292,68,927243.9927097902,-433174.77906146867
85,46.47458644039344,11.875998312708036,68,903975.9619272086,-403612.461947461
85,46.541883562472734,11.991580599200471,90,831924.7473035139,-395662.5704938732
85,46.56225014579437,12.006009898698986,90,818114.0255887541,-386966.7292138238
85,46.58703294711584,12.023567996541527,90,790136.6474803732,-369286.121759031
85,46.2402542902756,7.017050377669315,4,758742.0066202463,-327183.0137076627
85,46.4427679695391,11.943851216215204,4,681875.3976354821,-322549.2502720113
85,46.491856366419064,12.015285386365779,4,627887.1325384937,-314966.81866771216
85,46.501918628475345,12.029928140774441,4,596844.7619210548,-302069.40676769515
85,46.49090130716958,12.029998488520237,125,570434.1967382622,-291246.8178442008
85,47.76578862445683,13.008502535587393,125,505155.54458515707,-265885.4060333678
85,47.80178483141948,13.036130415882704,125,472927.9664834991,-250410.44335862435
85,47.659040554040416,13.058127567603531,1,431361.4423160517,-237951.18013348582
85,47.711294952839445,13.103239382426379,1,407213.15446619753,-225663.1209223045
85,48.78321239522843,11.213027642716883,140,368839.74574373156,-210789.14361688407
85,48.7926460067157,11.226845066712766,140,317509.4942380503,-191428.13943606426
85,37.48036163361257,12.796919766619158,159,243175.83457997636,-187820.675008933
85,37.47627094914879,12.797238057517385,159,234289.1545245512,-183912.7590580179
85,42.50377339945503,11.716724509602289,178,191726.71504092382,-166806.3102726965
85,49.093495147526035,11.367217045022251,178,103743.41242042698,-151624.08072570577
85,49.0868029340468,11.355754485942008,178,72610.32728553534,-148200.3919113716
85,49.07548892523223,11.33637562200203,178,23800.76407364712,-139265.16060431753
85,49.05310815185819,11.323102376609826,182,-10390.019356464274,-129291.54345751969
85,49.02239762956934,11.304873793671149,182,-51575.43763335982,-111980.82389227462
85,49.1755835565411,11.266455209974904,197,-48271.49070933617,-81384.33424229905
85,49.140450874683985,11.238902619830455,197,-70420.20274069377,-46446.44975449315
85,48.97549109918158,11.247126547041816,197,-97333.96192393248,-44198.51471019946
85,41.1191706840952,13.185470322299347,197,-86622.7296675698,3734.758437278815
85,48.56569910783611,11.348583483174684,49,-123163.62476680048,19703.395684451134
85,48.526780082735165,11.346150675154338,49,-177689.23126951794,40913.289706626034
85,48.51816317987852,11.34561203703774,49,-186338.43894075404,44633.9862633529
85,41.15399592533455,7.389966840609735,223,-220156.06162829295,63520.71123009231
85,42.52797230287831,9.014274602521551,223,-275472.7744176909,79542.47931984911
85,48.485806751539336,11.4304394259755,10,-333164.9421839913,93246.8562649634
85,48.58910684308382,11.436229658229275,10,-380598.86713312566,115991.27770303364
85,48.5214957787745,11.432439886512496,10,-423224.92996462504,126421.0715677076
85,48.55380297207602,11.43425078667615,10,-428532.68974202545,129228.74657846433
85,47.41344391699318,12.09323248763418,253,-453695.53254748933,157685.4915005577
85,42.53666891888359,12.212738162116132,253,-521503.1304163042,150462.11856779605
85,47.42212374586315,12.072539306780376,253,-551169.5574055965,194181.762722101
85,42.681654875650345,12.209438234369069,280,-590145.301886853,203436.88666566365
85,42.55635471825829,12.237538984361814,280,-649235.4258857903,196353.3746505908
85,47.77574318529561,12.062516295896517,280,-668507.381430757,238277.4547739507
85,47.75467577711932,12.040638490843884,280,-732905.8456792266,261618.03435016403
85,47.746569287349736,12.032220169930563,280,-758833.0937094243,271233.5317052246
85,47.73736251545741,12.02265924250471,280,-788985.7671771655,282557.82227667014
85,47.721797336811115,12.006495320432114,280,-841395.2884591933,302572.8666749907
85,47.40055366301534,11.922717323281317,74,-871523.7047787408,323353.5314767147
85,47.70034432634664,11.982379701691585,74,-914764.3476258714,331286.3119494921
85,47.42169883356901,11.92198755141903,74,-974077.0723953162,362289.76702941937
85,47.430715035408724,11.921676380109691,74,-1014324.5242800531,377588.6838176252
85,48.18920405772616,11.89549905773072,74,-1034250.4718399923,402537.5537996189
85,47.60606984497411,12.022212106791862,74,-1096915.934480396,401216.67485417303
85,47.605759965322456,11.992281701870656,74,-1154992.1128136208,424318.5052054614
85,47.477694225652435,11.920055012664776,74,-1183872.3814879586,442118.43634087156
85,47.58707379985258,11.91628005443695,74,-1251216.109461484,466981.1794409475
85,47.537369777965736,11.917995462526164,74,-1282681.8150083055,479583.3718240824
85,48.28859319185345,10.462754461739491,314,-1319306.124518947,597738.5671634316
85,48.08670983723733,10.455379368170355,314,-1410097.517066095,562323.6346414878
85,48.11907993153919,10.456561894955547,314,-1440272.5695870898,583695.2421604146
85,47.500339972783905,9.949742069856542,314,-1511062.5153223802,645648.7659214326
85,47.59513054138487,10.434243308823952,39,-1560241.0719063357,672905.9655684453
85,47.50656976779627,9.93038405577093,39,-1616680.3147109048,699043.7157212326
85,45.99143755765757,13.112140238818611,347,-1534323.8890982312,1126069.4940318316
85,47.84954728489533,9.72901763092054,347,-1671516.3148947728,782458.6369302936
85,46.080341871521114,13.231347311775579,347,-1658398.9147549334,1256885.3806026648
85,47.61515070772357,10.382148616741095,347,-1865682.4966437789,804877.1762431941
85,47.57864939839024,10.318943684370772,347,-1946487.6837635299,845995.3006389152
85,47.57736731286515,10.352622466876712,347,-2040640.3442401988,886870.5234314995
86,45.659032810551885,11.319140388958724,0,2884899.8225127514,-1139242.6739924077
86,45.70925677153785,11.256423925756327,0,2673176.3926818823,-1061127.0645153648
86,45.705089652211925,11.343768283706657,0,2606943.671937451,-1026213.4484925339
86,45.545199543356865,11.214755499748353,0,2498846.9979090695,-993699.1541469707
86,45.54158072027269,11.205498561859315,15,2428417.9337440594,-966558.1611176552
86,45.63794635993064,11.162997954419309,15,2384596.0399228847,-950847.5469965657
86,45.702089545509025,11.159285869560495,15,2257402.692679956,-901000.5429248782
86,45.705145268264005,11.158406085067533,15,2241805.0321939047,-894890.19799413
86,48.34638201618077,11.679395853606554,22,2191412.928018401,-846999.3659282256
86,48.35344964650789,11.682494016991932,22,2108747.8590655653,-813721.9617671377
86,48.32325216273817,11.601008139899653,22,2058712.4086441945,-806932.9974390129
86,49.13616280599922,11.681662202840428,72,522388.0882815043,-895793.7073358346
86,49.18417600439868,11.659314525586451,72,388562.9225686468,-887648.7115269183
86,49.202112193634825,11.647991587284201,72,337121.6064356537,-872487.1892624467
86,49.21185425049622,11.640416849181312,72,308165.5972744425,-860537.8998067066
86,49.22900044510445,11.641152115493249,72,275695.54877345404,-843264.6010150799
86,49.243987326897255,11.641794785750704,72,248920.73619800436,-825092.1936489352
86,49.24840377033817,11.638484560646237,96,237498.2000912297,-817020.8955797215
86,49.26065174436657,11.639539837904167,96,217911.27068123347,-799889.8134449827
86,49.24928414324474,11.592611558772905,104,178991.27259791445,-771033.8794410815
86,49.2544103292777,11.598419879451253,104,178882.7758744145,-770621.3722911134
86,49.21129491380215,11.549567153925414,104,171804.82093141516,-751138.2808649554
86,49.25685794568139,11.569108058778433,145,136067.63611498987,-725151.1053924042
86,49.257941160792456,11.56548201547277,145,129686.98462101482,-717468.2374912802
86,49.30568517822431,11.606346115622408,145,119155.57229859034,-688975.170245272
86,49.3024349298335,11.591397464593403,145,106943.22026539873,-676202.1819844318
86,49.29859861399839,11.573753352586955,145,91556.34841311809,-657635.5515760956
86,49.28377784891784,11.546600188458495,159,75336.70080594555,-638697.6701995794
86,49.2679529813044,11.520936802688853,159,59665.53854487517,-614317.8276850034
86,49.25665473043973,11.502614287926324,159,47494.48038578165,-590626.9017701434
86,49.248295401226976,11.48905785917112,159,38168.63949801655,-569630.9450836972
86,49.240189927602565,11.475913111199116,159,29021.144887678613,-546412.9289754861
86,49.29741040490392,11.509492537594952,159,22309.99545350602,-534939.5040887216
86,49.274364864810366,11.487629159196318,159,16209.888034840946,-524554.436549899
86,49.275795016055405,11.480713050843965,159,8258.289445239363,-504535.6295820475
86,49.21586100522595,11.436458593438704,159,2509.455689193904,-459676.83987103205
86,49.279326526740746,11.465664673610814,159,-7677.642334038523,-459165.77185946045
86,49.20871314056781,11.424866811906494,159,-4538.439426863035,-429372.66039271257
86,49.37895683006228,11.951380346864925,159,50436.26522265885,-388101.20546675887
86,49.28611783429517,11.44338142352403,159,-27386.32180329581,-387517.52960892406
86,49.335799832625405,11.468894262876459,159,-28403.1945978493,-363857.12802508735
86,49.187873157098466,11.391070350016829,159,-21496.35744044178,-329111.41025983414
86,49.36243967429255,12.012895444465661,223,5354.905764850505,-300242.40292445506
86,49.36966657108705,12.025359100971931,223,-9399.900685321634,-273615.0095701719
86,49.39385205538528,12.02657801473343,222,-21851.51282629229,-252311.55740937358
86,49.40098960379302,12.040179927752586,222,-36911.745346282936,-224571.15956201177
86,49.40866281935467,12.05480265318778,222,-53008.255974792475,-195252.00660192297
86,49.40661340555882,12.070538592008209,145,-65845.38547885434,-172331.76662868907
86,48.76535738041197,10.529763009790177,250,-102573.7586633849,-139253.74097475054
86,48.750083421418125,10.528907171695966,250,-135659.45903579777,-127227.99843937648
86,48.73205534365069,10.527897013443939,250,-177074.7992048892,-110755.70818809197
86,48.721584624270356,10.544039066327036,250,-197767.56568469494,-102399.907507745
86,48.7134207491267,10.542524058898515,250,-217905.4768957168,-93573.35101361146
86,48.697330516209206,10.525951294580132,250,-263366.5237018446,-72447.58690207932
86,48.6821337189483,10.525099780050656,250,-303515.67580293946,-53172.07686527228
86,48.66100439316293,10.555687369399305,54,-346021.6051838917,-30869.187415765606
86,48.6548394245072,10.542012106608219,54,-370255.51867340447,-19257.39957516092
86,48.64778620598008,10.526366509320123,54,-397304.7299503379,-5465.992324436895
86,48.6427956021652,10.47961381318975,316,-423172.995867469,11823.554387611835
86,48.626480246455515,10.526190995202658,316,-458057.6941625496,27102.277732884013
86,48.61564650056434,10.51864788064812,316,-493134.97777425067,46255.60882870998
86,48.604858942738424,10.516255162798414,316,-525973.0833137167,64473.66621409392
86,48.594475734351626,10.514045428244568,316,-557792.4189510187,82325.52479364516
86,48.578515442433215,10.477030217362508,316,-615986.1486725811,117816.43284774387
86,48.572347446642375,10.476782308703692,316,-634821.435461604,128540.93347304955
86,48.55482623662468,10.521821094894316,316,-670830.5439888185,147587.60284618023
86,48.54757647785241,10.505158556154896,316,-702455.3129960689,165444.38731289384
86,48.538452287937915,10.475419969360452,316,-738194.6970704029,188209.39697048644
86,48.5223996399099,10.526604526626699,316,-760995.4390470206,201407.50527033067
86,48.51248816526222,10.515817184460042,316,-798740.7362100349,222748.91197881772
86,48.49759461331223,10.522692794565941,316,-834652.1148011542,245091.77984383752
86,48.48757068300462,10.510219467611508,316,-873917.0232287892,267309.16867371794
86,48.475900758559746,10.472905851925727,316,-923429.1790532429,297344.5155983618
86,48.461221914003545,10.490676541621212,316,-959900.9044535399,318024.84746045026
86,48.44380599531157,10.471615875411201,316,-1012791.4555980726,350347.8168067617
86,47.59290540822274,12.030465647744691,376,-1019368.1613582673,363968.28095101635
86,47.56615598076268,11.981383922849332,376,-1105706.2783092174,397573.2044428917
86,47.55794324955402,11.966314627836393,376,-1125424.5754040894,405792.2217641642
86,48.0585249975275,10.394159447073806,337,-1143493.315141852,432341.16011515236
86,48.06407362250976,10.399588068053927,337,-1188554.9043938045,451870.96835486975
86,48.11023011503015,10.396815602007319,337,-1268443.0990054838,489527.9135370176
86,48.11728250698445,10.39717789198145,337,-1280354.1708672121,495526.4198474799
86,48.24383927522583,10.40367926748488,337,-1322497.6247347323,529845.5892781938
86,48.09557429139038,10.442599831954274,247,-1407144.6593012414,552437.5772935774
86,48.1265620395014,10.447945238906815,247,-1443385.8308151956,572874.1225919178
86,47.61588951522528,10.434801984872843,12,-1479484.3972949293,633944.1882824096
86,47.61491321201411,10.430578839144898,12,-1525108.5491249138,653938.6025804206
86,47.59586172993221,9.637944509952858,406,-1581600.35578815,675524.4840139142
86,47.60531968015459,10.422339723706397,406,-1641892.3975630368,706043.5020473489
86,47.61792000179342,9.64119636246638,406,-1709808.4054618774,736549.0600315523
86,47.522829584188834,9.80395604403732,406,-1734272.6503527458,756598.1468647493
86,47.619445298201654,10.325420960454759,406,-1813248.001857131,790929.4683570717
86,47.687998775453394,9.879974029609805,406,-1831715.5453156366,922933.5884920445
86,47.670491683648464,9.64894653241877,406,-1919933.497777253,841225.4567452528
86,47.59107641505068,10.359718680710866,437,-2020218.8353471209,874459.6480366662
86,47.61311640523779,9.71489161945463,437,-2066087.9501653777,907246.7543366596
86,47.60143040740773,9.759390227041514,437,-2166989.1369124665,961225.7785080603
86,47.62792556213081,9.738811940295113,437,-2205060.9685632684,980471.3014608573
86,47.61609612581933,9.77365110543349,437,-2251582.7527922248,1009111.0236670087
87,45.65271128315417,11.314907069781542,0,2907874.077143182,-1148708.2377004162
87,45.56309890522574,11.351203088481054,0,2784919.569879827,-1094726.4434154087
87,45.710209594110665,11.346521392390853,0,2563591.5203961274,-1008612.2772915588
87,47.88510768630748,11.390958855766,0,2539237.323132785,-961842.193408101
87,45.7253046096515,11.354821091689177,0,2421539.164018394,-950944.670112881
87,45.68066499796571,11.152213901850335,22,2262885.8213083656,-902856.1787173781
87,45.65746686769079,11.140116907483614,22,2204610.466150968,-879607.5044364964
87,45.76639034016924,11.196916598551827,22,2158703.942796938,-862822.943717558
87,45.632860774906575,11.127285711078121,22,2106249.213252473,-840696.7581227832
87,46.82571121433685,10.001111409666827,22,2034955.7303306498,-789725.3108502869
87,45.801175158010935,11.215055635641958,22,1975145.293965858,-790278.5141595711
87,46.758730928950094,9.896074008881978,46,1926930.629824218,-740967.6473176877
87,46.781739637158196,9.903875373331868,46,1879231.5587637566,-728731.6312392305
87,46.810454394430195,9.91361143867473,46,1789227.74447303,-700572.1797132152
87,48.34344963888914,11.71123822719692,20,1773075.3473120732,-681617.2358684869
87,48.34519126975301,11.71646964582065,20,1679013.942272476,-644566.4122141227
87,45.85449292341162,11.242858941341796,22,1564148.7771974052,-626571.503550104
87,45.619867123118794,11.059133095745793,22,1516039.1522142633,-604607.6183348203
87,45.864678974970445,11.248170602534572,22,1471610.4381999343,-589533.8439144444
87,45.52986929081847,11.073579339570193,22,1393919.918035044,-562467.8298583219
87,45.87636568202573,11.254264801840197,22,1361259.6796019068,-545290.0487374895
87,45.52339569284067,11.062648067017161,54,1280622.8674529546,-517978.2354762142
87,45.51695117234874,11.062882875439941,54,1254312.0855307784,-508103.00073735346
87,45.50652293378158,11.063262832064082,54,1209446.8076337194,-491222.2900304132
87,45.45409883707474,11.092776282838138,1,1132838.9402797504,-463726.3782628404
87,45.45248447792647,11.088948820296837,1,1097246.0272013608,-449955.9378788386
87,48.99428365853308,11.673688119972429,78,917062.995015809,-447539.74035072705
87,48.98146043729877,11.632545134733768,78,857926.3931756114,-432667.81915463257
87,48.976082960585494,11.615291634931113,78,818643.6399291225,-418147.16647898796
87,49.07059968083172,11.619325327169566,78,707741.0361553325,-413748.23392839637
87,49.051236283338675,11.58067284625656,78,634013.9342634636,-412972.2757086309
87,49.06257010550186,11.551961018917481,78,531298.8434600036,-396492.19161889836
87,49.063998507029844,11.547978177746348,78,516957.90316544747,-394019.5645011736
87,49.07320920440533,11.519964419077965,78,416913.3478635875,-375064.04393349704
87,49.077899346345454,11.503980135720706,78,361336.5173841549,-362736.2050204735
87,49.07953687866696,11.498109329216884,78,341355.9410985876,-357864.25808130624
87,49.09025975810742,11.477121916143119,78,268163.88046408386,-337014.00217966037
87,49.0865863615797,11.471231263801503,78,253843.0265293472,-332618.45301906706
87,49.09145090903512,11.451631698898394,78,195185.31900918024,-310422.511263976
87,49.09745936566095,11.447949677936066,78,181439.75507979887,-304070.91407929314
87,49.09689079043077,11.429944228994978,78,136616.59275730926,-281102.27976446686
87,48.84256595140054,11.186905643795727,78,90632.0114256975,-273878.4489472795
87,48.8558272616817,11.209021884366747,78,44470.71541412705,-259380.8174819989
87,48.86391320770865,11.211944393972646,78,21229.1343960155,-246074.36860025927
87,48.86045852382641,11.244313515792047,78,22058.993765711613,-223674.42158632277
87,48.86779866486037,11.26786417507584,78,660.9928319603982,-174378.75941592437
87,48.892770483254644,11.221682514473201,78,-41871.423700427295,-188077.18060800078
87,48.90542534112387,11.224437178530243,78,-59289.67596716431,-157244.0836224328
87,48.87618545020674,11.294772966509816,78,-13432.376012142478,-112100.12260856401
87,49.223917523036576,10.927818222733633,78,-38516.40164771762,-67925.70597112896
87,49.31326276773957,12.23920132875369,18,-46382.73945971653,-55949.621503227514
87,49.36835806735919,12.272102864901942,18,-126857.83352097706,-35191.81402088049
87,49.37389475345731,12.275409235482677,18,-135447.02162480395,-32632.31757623419
87,49.413292986976714,12.309619844337588,18,-201547.22542713315,-10804.405087770769
87,49.42342602452181,12.30498807281815,18,-215008.24664112242,-5744.333354344401
87,49.45677633131186,12.324904042637424,18,-270084.59818634996,16336.632005786785
87,49.504535756000635,12.298056893241755,160,-319836.8454466138,36385.71546809344
87,49.518631941707255,12.31739350827061,160,-349978.8819228446,50271.30422514579
87,49.56538919047236,12.300356040958688,167,-390144.7416558833,68761.14159556106
87,49.585822690690705,12.312809120942232,167,-421957.7391507372,85228.23806917189
87,49.596465272826975,12.31929518183039,167,-438128.04883914697,94178.33763757345
87,49.6341084308154,12.321077743721979,167,-473658.86658811854,114921.29536966277
87,49.65060498825212,12.352290322127997,167,-514522.4145343305,142688.4512126675
87,49.66720589328418,12.36240764886861,167,-535469.9193900011,158197.69897422488
87,47.47986148557409,12.09043045280897,22,-595436.4822464946,199807.43327734023
87,47.48426272368144,12.092725540902718,22,-604291.3084509177,203478.15403552435
87,47.53629110528095,12.119856479114556,22,-674823.2122801504,234455.6129699861
87,47.54547829049297,12.12464726727027,22,-680736.380924352,237512.54199891258
87,47.54116539275477,12.106817102412233,202,-727189.4473030459,253856.39020071964
87,47.53502321123033,12.088371941681554,202,-770125.7487494848,268948.0159084322
87,47.477932374558854,12.004258484391475,202,-839922.8451758787,292017.90838376526
87,47.514992016594825,12.028217645816266,202,-895874.8631723786,314656.17047800304
87,47.511054359506645,12.016392740022646,202,-917387.5627906022,322815.2189216761
87,47.50349415316377,11.993689206986947,202,-955173.9326406429,337538.1343756905
87,47.573270576944765,12.027867202778154,218,-1010407.1348062973,361379.228933973
87,47.57970679879538,12.010042203449883,218,-1056914.8052426341,379700.8082498773
87,47.55992530177658,11.983557712145856,218,-1094979.7677631932,394230.6761810644
87,47.55204846590249,11.957404741826654,218,-1133590.1163552464,410241.35088157136
87,47.557076554556225,11.930703062055843,232,-1172097.5357821456,427562.94916164124
87,48.04558789100209,10.522446081285295,232,-1222129.3194561566,486244.25445639127
87,48.10552314640307,10.520585388895551,232,-1267392.348762676,512576.29276089993
87,48.06750772132011,10.510898507323054,232,-1292180.321651609,515325.8673169559
87,48.061775548494815,10.452172368209995,232,-1348165.3698347139,524963.0966899738
87,48.110697072683635,10.451126983541368,232,-1395238.7002940571,550145.1713656236
87,46.14138265333578,11.548180016252084,232,-1430940.7119903793,627461.9169535785
87,47.65058650860886,10.40466093655322,232,-1497932.6874453032,644095.8689176522
87,47.61814412783447,10.42317098843565,232,-1575654.846147414,675934.3921424486
87,47.63850914888563,10.40158345016205,232,-1610173.8157930665,692095.7808237884
87,46.066834921671635,13.061236023354587,232,-1514366.5006557107,1099712.8329381007
87,47.5768024648569,9.69128972281491,232,-1736667.7956738211,747792.2695806134
87,47.615320910412876,10.39567475074674,232,-1794440.6637568686,772314.4864448622
87,47.56510300345631,10.308066949194933,35,-1866052.723857361,812463.6873869558
87,47.6059713059021,10.382152393861924,35,-1907941.9157470479,823031.2131968451
87,47.602395853523376,10.375670867507488,35,-1947136.3661956354,840741.2422697473
87,47.66745426306968,9.8456214601718,49,-2113786.1717198654,1010914.4753850144
87,47.665645369949196,9.840574384598439,49,-2142169.2542777425,1019189.6442434519
87,47.644486402511916,9.78153778011322,49,-2276832.9895504597,1035562.8347161163
88,47.80738230773181,11.455210949298632,3,2628014.0955304387,-977818.3177184324
88,48.32117793635019,11.637580214512678,3,2420644.5274391626,-942021.4703879564
88,48.29994174251935,11.657651304400725,3,2337939.8358346233,-911158.7067287713
88,48.30100939851969,11.632357999767471,3,2293389.965274284,-897811.9186932362
88,48.291744869695144,11.62995914669039,3,2181743.3878253754,-856603.8982865292
88,48.282589106442956,11.64139492058481,23,2143154.650526475,-841522.0140614805
88,48.277651092855514,11.63609401296872,23,2040914.9024913963,-803425.0295034365
88,48.28169032699316,11.620954868379222,13,1950561.5039148617,-769655.4082537646
88,48.27855075966603,11.619849981064537,13,1886937.7613783749,-745534.339103099
88,48.274693686313206,11.618492586565447,13,1804006.6587912869,-713997.2414522924
88,48.2733488820298,11.618019318424121,13,1773914.5628246837,-702530.2360446558
88,48.26582554006188,11.623399401712946,23,1710816.1412994347,-678400.0360292437
88,48.266885237887315,11.617907296821542,23,1654334.0008291013,-656864.0768566178
88,48.35339327375833,11.717402477698041,23,1628003.045105269,-618523.9660923065
88,48.35483277743652,11.718947770329581,23,1594894.4851936363,-605455.8550182198
88,45.644870684851924,11.44712695148183,23,1476379.7933118893,-569754.492992182
88,48.256429329406195,11.613312664658626,23,1373191.9725348104,-548928.6282601766
88,49.02521947495062,11.626480711783941,60,718700.9348330778,-606502.0633937264
88,49.026542807351674,11.601455380781552,60,653058.5472892274,-600566.6339617029
88,49.03943483403624,11.574080299990156,60,558514.715366654,-584880.2093476044
88,49.07353490795693,11.585363510194997,60,549953.081643142,-567220.3921832882
88,49.05341273287578,11.54101099104758,71,441460.95497305103,-557447.8942012147
88,49.066160543228115,11.53256906816385,71,403096.90711294825,-545305.0318432066
88,49.05953195298876,11.525666330890491,71,387719.57798883517,-541556.3966863378
88,49.066150968191074,11.508473154991878,82,328993.5632383537,-521272.52083058475
88,49.07187154980154,11.49331007492623,82,279067.11897872575,-501073.7791342588
88,49.07570919576784,11.482990288229141,82,246370.42935759254,-486017.55408557574
88,49.123373666452565,11.504537357396973,82,271824.66670709517,-458426.0920457359
88,49.082218749723125,11.465255097674406,94,193108.22087038393,-457504.0469001735
88,49.08642560148881,11.453661249638918,94,160591.53461309354,-436953.63183461723
88,49.11593343002008,11.46098751354636,94,163115.3737114851,-424783.1212701977
88,49.122626772271744,11.458374971966757,94,153435.2516958262,-412769.23438566114
88,49.09731994911215,11.435835693692892,94,112634.3816968883,-400208.8609220715
88,49.16294270871256,11.472659073228723,94,168165.57661965932,-352767.7109130249
88,49.1005483239362,11.414147132254659,108,66294.9515941401,-354553.66703703307
88,49.1195210020015,11.414685238492776,108,61333.28475152886,-343736.0864444385
88,49.15876680738736,11.418577863432134,115,59704.528258041835,-300475.01777040417
88,49.14074896925448,11.398906930444738,115,30736.37488185828,-290788.72001888265
88,49.11079941369954,11.384986885732575,115,15877.000010060832,-280950.4772851252
88,49.2220020643798,11.487614808573129,115,173757.95883032246,-195377.5301003983
88,49.11548631844767,11.371326490025645,115,-1558.5449401750311,-242982.60365969778
88,49.20554385449456,11.412205627730136,126,45205.67690622252,-202401.7931508905
88,49.29928699201603,11.042691840885064,126,62720.57909840452,-155157.5391316858
88,49.276442790153006,11.0308845911682,126,41474.584679010586,-138018.96340055138
88,49.26160307786451,10.976875151745968,44,15240.142384569814,-124651.55802394936
88,49.223978661809156,10.959443875408686,44,-34756.241647265066,-99766.36000927696
88,49.21928203364261,10.955299573553113,44,-41456.79770008291,-95905.22985893677
88,49.181272967137744,10.937287777186366,44,-83974.91746635234,-64869.59392755756
88,49.18883196692916,10.902399000464237,44,-87837.80324901818,-58652.24072378595
88,49.15197079103532,10.937303545670476,44,-101997.70304448604,-33430.28591726766
88,49.110160329132555,10.902242853045669,44,-123029.43439187719,2033.5021968399474
88,47.459255565502,10.08866268181473,44,-148246.8121732595,15131.924550559232
88,47.408597593916085,10.06743197074952,166,-171285.64875362132,29861.066465355594
88,43.34102768580043,9.972057711411678,166,-202767.22514787276,55037.29529637636
88,43.31202325796951,9.90490003428392,166,-239642.57710078833,66706.80303792153
88,43.27178541375968,9.811732185377767,166,-285402.69991337205,81471.42032526749
88,43.214966340321816,9.680171686722783,166,-340992.0248140988,99829.65733212598
88,49.431279070786985,10.013071966767935,33,-391750.28669445636,111937.59079383191
88,49.583831846864626,10.042700332768266,33,-440381.87330249586,113674.03755694047
88,49.55956518836074,10.03798733141723,33,-453612.82660829526,117632.090064881
88,42.46964541483776,12.334254150446618,185,-438907.7364546083,161842.22941887262
88,42.52867762888917,12.223518796982491,185,-527354.6261335503,151824.43510997642
88,47.720972826034256,11.868790377899918,197,-537907.9662432576,192331.16572916758
88,47.78244945928364,11.973881445695527,197,-575234.7329720668,199287.64601835224
88,42.55112312806559,12.234898070102043,197,-628811.6475982415,188654.41546891755
88,47.67363061170985,12.174939766009949,197,-644946.5355903859,233004.74202788144
88,47.45399419553307,12.009594180063239,214,-721279.0128210251,243533.12959059406
88,42.59967321292976,12.269841087121613,214,-768914.9163741937,248555.09190394872
88,42.60599876819278,12.277022545263293,214,-775647.5199267631,253915.5907280302
88,47.6969349419294,11.913415998408682,186,-823441.8682525599,296885.60266097856
88,47.703131654087045,11.936057055777752,186,-841655.532874375,302095.6307689859
88,47.51123959179876,12.020208616811779,183,-902320.1638894607,314512.16001333867
88,47.50104649685032,11.990055514515635,183,-950932.3559740108,333191.1086476077
88,47.533218809379576,12.012184103769275,215,-980814.7198532654,345586.5793520396
88,47.533210121360185,12.003341192363298,215,-1003031.0313020167,354214.20839997067
88,47.53318965263013,11.982507541072742,215,-1051671.2215142264,373450.59207956237
88,47.54232827045868,11.965293207010731,21,-1102804.0449641163,394327.2516950605
88,47.59827042701453,11.940600436225095,21,-1148998.9608501706,416442.3874884497
88,47.578289180730195,11.892036685557809,21,-1173653.6744396708,430169.74914008623
88,48.072071468000885,10.403509787035507,206,-1207005.3678436892,458698.0504539281
88,48.090036540258076,10.40963418497218,206,-1266052.400305885,485509.8892464189
88,48.22317162477773,10.455020711965114,206,-1290445.0812759432,521918.8489025637
88,48.13272129122899,10.424185665591414,206,-1347374.928455179,527341.6255469185
88,48.07540483749984,10.46296056080399,81,-1377864.4673198084,540838.2754020175
88,48.11456218426175,10.460314719888954,81,-1402180.9946663838,554886.2516307096
88,45.93055610151179,12.915302390265115,81,-1327785.6108912127,872515.4920364316
88,45.978879363021036,12.908329980212988,81,-1365800.98154256,907670.6990521994
88,47.581124248972,9.653740162867416,33,-1563498.4383101712,668962.3062589027
88,46.19299158577709,12.901591606793497,33,-1435536.145764694,1012912.9401248568
88,47.5901501143907,9.655493140761171,33,-1625870.7008309395,698415.3953833422
88,46.10528133578312,13.001408848877261,33,-1551037.9963906948,1097996.014139152
88,46.08729654726748,13.1056570760092,33,-1612327.217797664,1170175.2532443085
88,47.80366656724902,9.696961698561514,33,-1837084.9793339104,842328.2091797658
88,47.64068998748212,9.665308851075094,33,-1899338.8165966654,832098.6027819595
88,47.59067654801208,10.38015898243682,48,-1966159.0247961895,850849.9126201096
88,47.58182886610277,10.36129738203025,48,-2030858.0508016627,881196.9002782298
88,47.72335282620925,9.800974280188868,131,-2065700.7920115502,989411.4779405826
88,47.649135960555824,9.75131454776201,131,-2241903.832387019,1012366.1066709025
89,45.76049369646095,14.133122077395017,5,1800001.862688757,-1048281.9210080878
89,45.91821559083257,14.10894568924991,5,1685923.1098461521,-1006689.74028931
89,45.86703053174937,13.968326931308658,5,1654210.903803345,-986608.4978335025
89,45.90106689180061,13.915678221482558,5,1590091.5415907262,-954204.9787216403
89,46.109939102608045,14.129453189140106,18,1517697.550202726,-923879.927806717
89,46.14969480275458,14.193798441276343,18,1490988.7117868247,-911054.393361097
89,46.21246044550616,14.198376020557326,18,1422469.0380137,-874046.3920797546
89,46.26451613215452,14.321437423653599,18,1370774.3276806532,-847857.2988586709
89,46.289834281052585,14.420616483270049,18,1333031.7074072275,-826710.0513976555
89,46.32017321684133,14.469720547987222,18,1289694.2483703282,-802238.6063856944
89,46.36282163631449,14.42691411717032,44,1244131.709908512,-778349.0929709888
89,46.40294952900923,14.334246106309623,44,1200203.9774224565,-753723.8454334754
89,46.422392387403036,14.48856704108071,48,1161127.8028141046,-731489.7270675855
89,46.446541664483895,14.465239334644616,48,1133547.5924142238,-716574.0801851214
89,46.49010239228326,14.36370468182221,30,1085150.110416342,-689131.7172180525
89,46.51266565053958,14.367932275565288,30,1054732.1931762935,-671845.2208175187
89,46.55258467249615,14.440379617163792,30,995828.6220555351,-638788.8324487053
89,46.57342360326601,14.379316267091271,30,971566.9655365531,-624275.4255956297
89,46.58500301833329,14.381485859006183,30,955529.8113653295,-615051.6638404442
89,46.62229876684892,14.388473824630516,30,903520.2476512411,-585026.6561083324
89,46.65782208361069,14.422422356000371,30,851939.6024765132,-555464.7327761295
89,46.678084865041924,14.398926258272517,30,824852.6388364817,-539285.2280243409
89,46.7030657087596,14.403606826007815,30,789349.1649661917,-518510.6124065591
89,46.72567266956558,14.405746046799326,54,757215.6856472507,-499600.4355234505
89,46.748610863607794,14.40484469998495,54,724680.5859939393,-480329.408042092
89,46.77149312166178,14.40394555115202,54,692146.2609840026,-460985.2356992894
89,45.77889186249885,13.297567805452076,54,655824.7668688096,-445086.6326529133
89,46.82215026824985,14.401954999602129,54,619944.1291190414,-417787.55105322227
89,46.841031267576994,14.470789434663308,86,589744.0530355823,-400457.69847437995
89,46.8645918413723,14.472465020415227,86,556161.622339627,-380230.749520678
89,46.887391024763595,14.47408645744718,86,523699.04547497944,-360600.85182349826
89,49.70586390239354,11.552770281650048,109,193025.12243253886,-414535.71384995023
89,49.69558036484394,11.532357523952362,109,191144.93465960977,-412391.7359644596
89,49.65850707696492,11.458767279459042,109,166756.87663761684,-376789.71602669044
89,49.693425155774555,11.440381484181184,109,154920.4335273379,-363117.839096793
89,49.636244693688965,11.414576587939376,109,140074.36130416696,-336549.87606468867
89,49.632056105057075,11.406262265710703,109,134277.88397968316,-327731.2597878986
89,49.66184541738087,11.381226977021829,109,119322.07927484067,-307694.33094302745
89,49.61196386544203,11.36637929578057,109,104352.59909947893,-281656.8458542205
89,49.604141399668315,11.35085175016049,109,92254.4647953605,-262675.0609059772
89,49.592065991168006,11.326882139836355,109,73861.84694963176,-233201.31073393067
89,49.75483714841829,11.818562290803085,149,75641.79971176191,-215237.8790993697
89,49.76022148245809,11.845102187351538,149,56255.989006286,-181924.98958969195
89,49.72293496568235,11.867644404759801,149,41696.52312118886,-155623.1958671316
89,49.7685920188852,11.886361360573032,149,27070.347303102622,-130471.54919530655
89,49.69984802442474,11.916571398675483,159,14721.147598895906,-99018.00527796234
89,49.715181540288334,11.933028306714364,159,1640.0542331419717,-78777.00732106877
89,48.812767431915645,10.964499880057934,159,-20102.73503381401,-61777.46867110723
89,47.23402578294921,10.09890750914991,170,-40887.044010864396,-49323.237962036204
89,47.2657400055884,10.083858773677399,170,-102774.48844696136,-34272.88000195162
89,48.564659560945394,9.771138153726218,3,-90216.01936411184,-7958.080045019638
89,47.25243197580572,10.02989711713003,177,-159317.5584288751,-7363.525865748404
89,47.21728470801707,10.02612414944789,177,-224248.5691852614,22649.705876309803
89,47.212124040760784,10.025570165255056,177,-233194.68874022146,27782.583883724998
89,49.569143797247406,10.113781027266622,177,-270106.2304396829,66701.03150648945
89,47.17500323162153,10.021585343047553,177,-286703.77862644824,65030.73042193135
89,47.144997401936294,10.018364295358756,177,-307305.77470487345,88273.42822642247
89,43.18906968177763,9.471550538458116,184,-386662.0763546066,114120.26688725347
89,43.14699495237749,9.387253696298488,184,-413784.59498016123,123685.50711692056
89,43.06494114483218,9.30045530712786,202,-440085.96286576154,133359.02416669164
89,42.74416638312742,12.264366533806742,202,-447167.73256595543,159431.1061363912
89,42.510820266711136,12.24907980492266,202,-522616.3725744486,153600.31224637834
89,47.7894745390395,11.977809995262474,202,-562021.0318115829,197450.5732468162
89,47.619422878494625,12.193760389860843,202,-576300.871675089,209355.28335543672
89,42.69164410485967,12.260925748759258,202,-629863.569430405,215708.22629059223
89,42.57294246325385,12.253149489864567,202,-717350.958047213,223565.6416324663
89,48.05134686661964,10.330101976097362,0,-713431.0897891356,235913.99296729462
89,47.478355749716414,12.034646124525102,208,-747215.6802174527,254341.18593434079
89,47.46945639609933,12.000689418823166,208,-807682.406310487,277439.13010315405
89,48.15173851538529,10.311704943960825,235,-821892.8300740417,286623.97916478117
89,47.50182556676356,12.011536155297508,235,-895723.7648908686,312507.6860161665
89,48.1417056393234,10.327947505999106,235,-924991.2350674619,327086.0934202388
89,47.50301181654254,11.982897146343117,235,-973344.230031969,343100.6874019947
89,48.017982783992444,10.388156640917407,0,-1011800.7641973423,366639.2997772793
89,48.01515162801908,10.393082950833465,0,-1030482.9961464294,375366.2433532677
89,47.55959371331885,11.973677197912567,242,-1109491.2335065103,398973.4330151551
89,47.558205013522155,11.967388765708248,242,-1118982.3215067259,402834.7841462009
89,47.552024044526206,11.939399559847795,242,-1154114.8033230137,417810.4807263799
89,48.06827806422913,10.391145510761865,224,-1198100.236288294,438801.3565782695
89,48.1042065768058,10.391625710150143,224,-1269753.6805261006,470525.8624086953
89,48.12962550333747,10.391965444586551,224,-1294274.9283118094,484372.00445928326
89,47.66819117991878,10.385798184548625,224,-1281869.3461572179,593753.0031209427
89,48.04538016756004,10.483892066794317,224,-1363140.4280651035,529240.8518822531
89,48.12069563797254,10.428778365948126,224,-1418287.75031927,542653.7791077287
89,47.59367586145972,10.291805934421138,224,-1555008.1793145514,714922.3958190519
89,47.62213684655473,10.385182649389417,224,-1685865.2649115392,756859.1564661154
89,47.5473784950583,10.397027587651047,224,-1746393.1406807553,791877.878378804
89,47.58703647229668,10.38471351841131,224,-1853488.0579140673,827590.703295108
89,47.73579718458831,9.808626662294646,224,-2123521.6289929543,985542.3918953274
89,47.61444487118766,9.797863279177493,186,-2238548.8204216524,1016034.4137691235
89,47.633403100756375,9.800927301525517,186,-2293504.5767899742,1043719.0366454673
90,47.82848992737467,11.422191186111755,6,2639855.6539472695,-986680.5144096698
90,48.312926330673626,11.63647289215341,6,2392128.776662666,-932692.6732541121
90,48.310878961499085,11.668654819968472,6,2341193.2924910584,-907864.6391087064
90,48.323922082194734,11.673139743219133,6,2327313.583534052,-899113.7823596176
90,48.29382328956031,11.630364137388167,6,2208006.595372117,-866128.6615407431
90,48.29184641063529,11.629731972672513,6,2180449.6442905315,-855892.2391582846
90,47.94133796121752,11.337710521103835,21,2147618.361176888,-810761.161507868
90,47.95707930224117,11.353456182466,21,2118434.949731667,-800339.4402791518
90,48.298030645524854,11.694501102606916,21,1983015.249898504,-766144.9281983854
90,47.10568477269899,10.358063392190289,31,1875966.171887803,-766611.8083678384
90,47.05897026010312,10.361949401712334,31,1757717.8295054943,-743330.3403350341
90,48.35545273831743,11.700573261423985,31,1870042.7445866033,-712897.6261881698
90,48.256384951024955,11.65284397810891,31,1760676.2241958103,-694311.2654532717
90,45.5563545737134,13.882097959512189,31,1343170.5849330071,-711138.7671059365
90,45.64834292957586,13.808652024370591,31,1268521.0364154293,-699155.7660201179
90,45.696859522245745,13.795696889051309,51,1233782.4203350819,-689965.0105027109
90,45.72981087653717,13.7214957284228,51,1173423.1005969658,-670819.1222639569
90,45.718205441759125,13.65958601347442,51,1134397.9671148686,-655599.3636055182
90,45.760398038219726,13.655240809600969,51,1104488.4413243704,-644322.5692780655
90,45.77014365039233,13.615639966346798,51,1062087.7090558857,-626479.5036673407
90,45.77415502145289,13.589502579663826,51,1032875.120417912,-613708.8273495608
90,45.73850509568905,13.547155642070699,51,1006481.80394947,-601085.7741055539
90,45.76636483690359,13.529497871562274,51,967998.7242423542,-584263.451448661
90,45.778652323065955,13.514662171381184,107,941352.2284507522,-571976.667497761
90,45.778679521733075,13.496214504274235,107,916686.9632549151,-560404.7398139589
90,45.77825931821348,13.471114774846098,107,881681.4772940621,-543805.8033497452
90,45.96489072006608,13.60209220049369,107,896419.7004894428,-533108.5931364596
90,46.00100466773897,13.622626204974758,107,880872.9152333708,-519160.7068409533
90,45.77610315236941,13.418173809569357,120,802316.0217596665,-505558.4321396774
90,45.82419070278543,13.4170893767115,120,770502.5715923154,-488525.67899202625
90,45.79370451445467,13.390412367376536,126,746254.522593567,-477889.479131949
90,45.77294627680523,13.367379415110209,126,719332.9282299137,-464867.98823302105
90,45.79399499309463,13.358010762575725,126,690515.1131198775,-450279.2340369357
90,45.8693656987151,13.3841767391786,126,685833.3543525676,-442146.74068634806
90,45.90263532507428,13.38143481777877,126,656608.0516477881,-422514.5103850477
90,45.911018977805554,13.380743877742823,126,648963.8455800861,-417179.3023186058
90,45.934032292854596,13.37884723182523,126,627378.2028575621,-401725.4185683003
90,45.766439553932905,13.285201042356778,126,572785.9445659723,-391735.2143358487
90,45.97263138725274,13.37566608149304,126,589123.4231929007,-373144.55253463465
90,45.76357615979186,13.25353050913808,170,513141.8868170248,-361594.9990923706
90,45.76249871665627,13.242105200992132,170,491311.6009107587,-350515.24965599657
90,50.0,11.559598115311553,170,321410.7566947022,-390395.18675313215
90,49.69190662063285,11.559962575030921,170,197053.28316381277,-412040.5632245575
90,49.698806086927426,11.574018905208083,170,196549.87019216816,-411238.11918168614
90,49.74960583047393,11.629613543442693,184,183418.4101864122,-389213.7965703636
90,49.70401745608847,11.470564450221083,184,170427.30228782646,-378783.7812011378
90,49.66108045931614,11.44995461377954,184,162677.5829408378,-364632.5879194798
90,49.64632552649135,11.420010029488243,184,144775.49265825955,-337536.2787595352
90,49.63888470239638,11.404909155295567,184,134605.41157666768,-322026.37500187143
90,49.67073979390255,11.392620721516263,184,127989.6978104015,-314191.16098357097
90,49.73783616706417,11.749331750839502,184,125783.05398258868,-295937.3014803266
90,49.61668901222803,11.359863832281047,184,101519.3114005319,-270791.22958043317
90,49.613851394779026,11.354104993803292,184,97164.37361816883,-263925.4069058476
90,49.60428869010407,11.334697842337924,184,82622.9777710992,-240693.137291624
90,49.77394173980399,11.289598737208856,212,83747.68320751806,-204670.22181120084
90,49.646837717599084,11.288799736167844,212,69190.7570383183,-206774.64995361038
90,49.58564723223894,11.288415080665565,212,52605.181925565084,-189387.49053654945
90,49.539320092370716,11.294636239616992,212,36930.72806893307,-169085.40898473968
90,49.51522915631895,11.28797241870263,212,21736.89953325964,-146060.9113879639
90,49.02918319369023,11.397614553557208,212,3476.2105849427107,-129288.00713046182
90,49.472732783107524,11.287705278089405,212,-1384.763833627649,-107095.60892656242
90,47.70231094087914,9.623407522680706,201,-2335.9193559562464,-77553.1416421643
90,49.300228761514,11.07171083627341,201,-45976.28780278439,-57524.61785798133
90,49.30884855470376,11.084783028842565,201,-56302.286591217664,-49506.86552947469
90,45.768326333240914,12.926037483379785,28,-95168.12577253238,-40073.073656141605
90,45.646045398458554,12.84485694177507,28,-126389.13106897609,-20667.329311640082
90,45.86505559120095,12.931436163966762,28,-141629.3348037541,-1134.9721019744309
90,45.79062761390339,12.865104529019721,28,-177420.67598479352,10537.126696665791
90,45.72664834015671,12.804843413160958,263,-194713.49524000759,19323.434060602776
90,47.603251141901886,9.601218058179434,263,-247623.22013180947,36911.4639650987
90,47.60843305854709,9.619694025089222,263,-265390.96615449473,45861.840365642915
90,47.61542648826072,9.645371350157422,263,-292055.76340111514,61374.10191503538
90,47.62532833182298,9.679933610429952,263,-329038.3364874784,86713.07676262528
90,47.62893446097105,9.692791154727566,263,-343465.0893507053,97591.853174113
90,49.680843693661494,10.023683905257052,283,-393867.09752245183,107822.21445389149
90,49.667498252303574,10.023215068654386,283,-414513.6804069751,112555.35669018846
90,49.604972793710424,10.021018496596497,283,-478000.5912548124,127554.5153263624
90,49.585795731028924,10.020344790221744,283,-485495.52799644216,129776.4878457846
90,42.71047826428561,12.193025659865581,297,-491457.75423460756,178570.4281763802
90,49.58762466231924,9.963112564438282,297,-562951.0135679425,163700.10642370183
90,42.55182635575156,12.223002232780903,297,-598791.4256034452,178061.531292451
90,47.774416093363364,11.971166757546467,295,-605194.4127208034,214303.56474919853
90,47.760891625714805,11.969909001995152,295,-657858.7359617313,234374.67005831894
90,48.25217196715067,10.326700345061397,229,-689439.8626010332,242162.23948019504
90,48.09094317283523,10.324720458909242,229,-728785.2609832004,233622.5882341012
90,48.38079524097419,10.503255176432202,229,-740382.1471339791,290343.7649136574
90,47.52037913828423,12.059621615106316,309,-815396.8994215465,284041.020197123
90,47.655841626274324,12.109318145860968,309,-829923.7691257934,301779.1417645332
90,47.5733377310098,12.079050302495418,309,-871984.7333466733,310242.75199623924
90,47.53101131619551,12.027601395701947,324,-935137.7316034099,329909.72682810476
90,47.40365435444255,11.790418244595106,324,-967067.3142052019,364780.44833584334
90,47.50596411146727,11.975696446263735,324,-999883.6421026752,354133.8115873495
90,47.6301276922259,11.88393282104248,324,-1047464.2846289525,386493.2359659358
90,47.52776379013281,11.961803707110722,324,-1083636.413228627,388184.1636068783
90,47.55756947460308,11.925698812061558,324,-1172372.4389344198,426575.1025345179
90,47.5488932090973,11.91125535619328,324,-1179114.4200445004,430045.9337403949
90,48.15258036470762,10.46432490042591,324,-1339435.912576889,516854.89351744734
91,48.333914050395,11.63241925444826,0,2388805.6753408383,-926380.8081191534
91,48.309414537110165,11.630122028235625,0,2336554.455649499,-912408.6706101352
91,48.31101065931996,11.620315168303954,14,2257123.679728126,-882548.3729442902
91,48.29375608791497,11.63145713715219,14,2216155.0737526747,-868864.9211452224
91,48.334427586501626,11.686412832718693,14,2168957.0253595663,-832879.26489397
91,48.29764533050317,11.614346958744616,14,2071560.6604335082,-814104.4376774728
91,48.281066000385955,11.62516775703217,44,1991243.4660329756,-784734.9900962295
91,47.109478066617086,10.359525011884744,44,1884995.5901590926,-767439.7980085618
91,47.08795260909786,10.350836142333963,44,1831716.1800198904,-760714.0703328284
91,47.040631759064716,10.33296327941917,44,1714031.9750166368,-734142.8741588983
91,47.01987518625485,10.332376267025316,44,1666491.718011254,-719298.3137557332
91,47.00761631156296,10.337526231109305,44,1632528.866829323,-707551.2696072712
91,48.31830388653465,11.581903111036683,44,1704575.4691866096,-669927.7596137866
91,47.015398692249896,10.39140954238368,44,1553034.6520684313,-673657.3350512154
91,47.954731282454546,11.634512260946774,2,1672705.309576098,-628078.4136642177
91,46.99327277420471,10.394965151138893,2,1449167.9766039148,-636780.4501340337
91,47.963182040128906,11.635081938800612,2,1595409.2975263798,-598906.6553996314
91,48.242968173175214,11.653942728560436,2,1512219.1987737925,-598956.462559458
91,47.10736630973969,10.51077732791088,63,1430431.0644293458,-572606.0499128454
91,47.08193032761826,10.503393470858773,63,1372219.5887474953,-562956.1204099689
91,48.303990855283246,11.572631694835486,63,1384636.9537163316,-548317.0149211686
91,47.2092438611312,10.540351545753246,63,1429033.2080520876,-523190.80828418076
91,47.22970583849318,10.546291490007139,63,1375338.0995447803,-495903.0503853745
91,47.02629278756047,10.487242349169962,63,1195324.3996785223,-517900.60939236934
91,47.01549859674094,10.484108884080074,63,1155966.3852752403,-506136.5125895867
91,47.003303733103316,10.480568815155653,63,1110436.1022583542,-491944.3384097958
91,46.99237042297788,10.47739496487194,63,1068981.5140049686,-478518.56485135964
91,46.92871220415652,10.42582835040879,63,1008285.9979003762,-465235.5397136974
91,47.058504662277215,10.543566985554403,63,1036528.3707635658,-436650.1860324074
91,48.08642768755173,11.284428308108946,63,1058351.0032285873,-412665.0197931216
91,47.08161460487169,10.569041095292917,63,987087.1653109093,-406724.1532081486
91,46.91817615242104,10.439942165581405,63,880130.3311358915,-413543.3622380355
91,47.005336557335866,10.52410284665605,63,879378.7225594592,-393359.85981625895
91,46.05222442641709,10.658506245866398,63,909262.0205926868,-369341.6817575328
91,46.1163021671273,10.592262085664704,63,860620.2255086259,-361298.9035415024
91,46.90856095633254,10.453065763885393,63,759259.5407485901,-364336.6277534979
91,45.93215686949815,6.173554981927304,106,844014.0139751057,-318604.54055594
91,45.91054830250481,6.144706377848194,106,834436.0664131686,-313645.28894887626
91,46.33713741947183,6.714225890346406,106,760453.3355992056,-313137.81333041814
91,46.38970062057118,6.784400602908895,106,714376.2554222175,-298596.61275297066
91,46.96103178206144,10.524074709202443,121,640718.384931343,-306421.3441340577
91,46.860666847481376,10.438454768391003,121,615993.4616045441,-302206.90676717414
91,48.889841935868844,11.790694130402782,121,580402.9692040217,-277314.7858757146
91,48.912620413860225,11.797707576933595,121,547172.823971464,-278191.0306609486
91,48.942493063257444,11.806905304251478,121,491421.3428075627,-276817.79142322316
91,48.96875544336286,11.81499143707874,121,434885.5919147584,-273819.32849058567
91,49.015521632334874,11.757810598782164,122,387072.6291372804,-281558.3593896785
91,49.04290327796935,11.775011914603443,122,317054.8284194543,-280300.49333474186
91,49.05662263149836,11.791297858040872,141,279537.20072858845,-277254.95525492105
91,50.0,11.51212452505283,141,178964.40597176302,-297195.2663625972
91,49.965801253946815,11.517773221691336,141,153362.56429618702,-288168.21768861834
91,49.92762801835374,11.509666172273885,141,128051.30195226168,-278617.0418149902
91,49.912444118232294,11.504536310181859,141,119814.86893556266,-275258.8365185768
91,49.2019343162865,11.754535979071179,141,96898.40898292024,-265546.51332767523
91,49.22660329826122,11.79558554101869,141,81636.59473795487,-251277.57464766596
91,49.85615837902924,11.41401269179163,199,67548.05256861146,-241697.6358651901
91,49.97262701497795,11.326193990085558,199,65169.294237771755,-203092.70506105715
91,49.851625632895086,11.33649528723479,199,27570.977438117043,-196525.76421782793
91,49.86244958664815,11.335573803843275,199,27257.11020175589,-195781.00913348456
91,46.06230192729387,13.84285780890267,217,-5801.075296854113,-173320.52829578807
91,46.05127938451082,13.837737928462984,217,-18485.655892622202,-169191.5976415337
91,46.02441910863874,13.766669004440157,217,-42772.84694239432,-162977.44969043686
91,46.00336881257732,13.754380367465563,217,-70613.90737274144,-152561.3824863149
91,45.98461813240308,13.752996107431734,217,-96946.58965835728,-142309.78126507511
91,45.968733546053926,13.751738336394471,217,-119530.61796392081,-133252.6496655665
91,45.939490391735774,13.785812861012914,217,-162439.61001865857,-114902.08780218236
91,45.9292965925698,13.781077925165238,217,-176671.41214382363,-108890.55623548021
91,45.920868305189735,13.870434089045162,277,-191141.41785471706,-97708.67629822771
91,45.900523832011885,13.855689194569996,277,-217172.37511779432,-87195.7004665789
91,45.8805005913066,13.763909813906485,223,-246012.22403791035,-78041.927435549
91,45.86649358124864,13.740471828265886,223,-267352.8689678239,-68192.88350730573
91,45.848866465565166,13.73775838770041,223,-292649.73013409367,-56050.59147293503
91,45.823204584450636,13.742151203582134,223,-327971.646421123,-38545.61422326154
91,45.813475304813096,13.731305536311082,223,-342671.4829065067,-31110.28949748237
91,45.785948871564926,13.728003052890339,223,-380154.83972461795,-11546.53842364882
91,45.77454940822247,13.72250456604021,223,-395968.61294546496,-3051.327340455271
91,45.722601453933635,13.95995782691187,333,-412596.2457055032,24469.35782105548
91,45.70855177587858,13.894662624231122,333,-438610.86538908357,31569.034003242436
91,45.68476299451616,13.784105407581729,333,-487178.2753297162,51895.58130793276
91,45.67121685419159,13.721150372272813,333,-515848.8296688922,67711.04201159516
91,45.66344186274793,13.68501647367632,333,-532012.9408469207,77939.76908830128
91,45.64364291952801,13.67616617515332,357,-552798.6226076906,92091.8905678485
91,45.611283304079365,13.660253364084765,357,-583821.7045612623,114722.8228830164
91,45.565676420542445,13.665749097943102,357,-613979.4118069881,139748.9497927991
91,45.534567327862455,13.66949781481838,357,-629557.4997325984,155142.63038926822
91,47.501204838175596,12.090946915398943,59,-662460.0657544754,224411.1119100522
91,47.50605861507783,12.092518800751948,59,-673466.0316858826,229002.95356273773
91,47.472914736239325,12.03468555422707,59,-727075.3485903669,245852.5921301873
91,47.54909520488446,12.106456109063167,59,-747019.7281192825,260827.50066496432
91,47.60297350529877,12.12390448235512,59,-778531.0933341914,277850.9717085593
91,47.50212068414611,12.040191343482705,59,-818040.0342049998,282198.9873141013
91,47.65558504548112,12.097068896687716,380,-863901.7836547291,311839.8007549689
91,47.489236041712296,11.99081649246588,380,-910644.4445482357,317498.3139472765
91,47.640934437982416,12.069937549694602,380,-932820.6218463316,335766.7287172242
91,47.50431031512818,11.982871127124971,380,-979830.7348298394,345056.3094392168
91,47.614546646154096,12.021070201597258,380,-1043449.482372403,375256.28886403586
91,47.602033466012024,11.997897139834992,380,-1087520.2597118376,391580.0302008289
91,47.59662414626013,11.987879662320946,380,-1104501.591376706,398016.55506822554
91,47.57496700462309,11.947772968814501,380,-1157965.4052218634,419291.72078802006
91,46.00720288626337,11.57358817682289,380,-1198821.4885567974,542471.0080849136
92,47.84669504649068,11.406993576358678,12,2624227.614257798,-980769.2649015033
92,47.79366744368485,11.448965625428501,12,2570048.6326164245,-956716.7801598156
92,48.339413303896606,11.64235950648334,12,2401203.1572505436,-928398.0939507677
92,48.35260821677244,11.645761876605745,12,2315976.026577442,-891710.6918655499
92,47.87161924128963,11.579837962392078,26,2353673.8402841645,-879974.5848164906
92,48.293040018916585,11.678091298484077,26,2150236.8591320366,-834881.9184911975
92,48.28471274112157,11.626920059017339,26,2062909.2949344153,-811711.2267718784
92,48.281272209309606,11.676812418795965,26,2044776.9472511776,-796265.6256113934
92,48.36049387403888,11.685421920586386,26,2016587.7852238866,-769523.3281963144
92,47.036708860999596,10.333644114494549,26,1742091.8538103236,-746389.1976372782
92,47.046916264242896,10.38221289915569,20,1731530.9030675506,-735650.6356301995
92,47.01136276606868,10.367014764927726,20,1641255.845403608,-710918.9014113074
92,46.992090006343595,10.358776194764818,20,1595595.9792273198,-695517.137011144
92,46.9716753900243,10.371180557347632,20,1489806.7563411833,-655429.6360212829
92,46.96540915909339,10.37864189580198,20,1439862.3691665381,-636149.7168621108
92,46.88538247232687,10.313161684002067,20,1426677.7768345003,-611417.6802094323
92,46.91231478886724,10.096782400728078,87,1493936.8915923226,-577786.3509093848
92,46.94922100965164,10.398817157492104,87,1288511.0038226265,-576971.4762564069
92,46.95198497252651,10.406030086578594,87,1267747.062520431,-568697.1346188874
92,46.941870909083406,10.408333509844475,87,1210229.8955692286,-546015.2901109294
92,46.937731794847146,10.413754183994198,87,1163966.4484680367,-527624.9019626694
92,46.93354629365757,10.41929783062725,87,1115643.8292613693,-508344.4694204737
92,46.93071037032349,10.423092666574352,87,1082064.1546717335,-494904.66203621
92,46.92325000645059,10.423249856062002,87,1045182.9921306795,-480045.5467389212
92,46.98146643652788,10.482965891737523,87,1017965.2611101187,-459899.70703117724
92,46.91871769307648,10.439364881302373,122,934209.0623910113,-435332.93893560825
92,47.09979793295488,10.581619451813859,122,997282.7746723297,-403966.4134553258
92,47.068669666067635,10.573398231149948,122,921581.1562925267,-385091.8241356729
92,46.91132262698653,10.44960233563717,122,839205.7567578476,-396719.12186835473
92,46.907083332636255,10.455518166967787,122,783944.2991940054,-374135.2785125961
92,47.03254833999512,10.563858304195744,122,810549.1078212573,-353158.12424468325
92,46.901193408563884,10.463979150256518,122,705490.011662705,-341912.9177480891
92,46.89830003247332,10.468173548119582,122,666728.7450052211,-325921.39218507434
92,46.987497336667346,10.551959979087256,122,650281.7596563317,-301624.05296266824
92,48.90387449479739,11.762394218087676,122,608534.518228897,-288415.2284039851
92,46.96913806824359,10.547111151573459,122,581808.4260865956,-278023.899727847
92,48.970711064099504,11.766686225042246,83,485328.34353064816,-286486.496513668
92,49.00609239747086,11.768958288532001,83,403833.64552140824,-283480.8421241198
92,49.02762955279591,11.770341328107522,83,353514.20687053195,-281610.68326419813
92,50.0,11.504096678219021,197,175703.4745733338,-295722.95460778463
92,49.94778994570753,11.514534443365477,197,140478.32035893857,-283394.43372592767
92,49.89286045589371,11.494076845419077,197,109721.91879295021,-270746.4484161602
92,49.21190112562199,11.757122166797972,197,93453.89166455934,-263955.59196241247
92,49.957675646056266,11.386346273654176,197,85572.31769706278,-238389.41494654157
92,49.93619422692844,11.374748062421938,197,67103.02184126506,-227357.86268857165
92,49.88320053602951,11.346135799081027,197,34705.40305397876,-203439.10314709204
92,49.82171783763619,11.312940165270682,197,18914.441584925804,-181219.12344720121
92,49.80399252730671,11.303369945904121,197,18109.78366466284,-175706.70111505254
92,49.13090387099737,11.963099623229981,211,27282.638503285867,-132995.45820442814
92,49.17544717862644,11.964758143994832,211,3791.7270948020587,-122206.9962460047
92,49.2343880763204,11.966952743092374,211,-6684.592923651473,-105223.84539801061
92,49.220353383951135,11.991852203901916,238,-21122.839449729905,-84579.14330814824
92,47.69024110453331,9.621467932862053,238,-35505.90540982293,-62010.89319777113
92,47.67330979346408,9.606913110919272,238,-69909.26130409303,-45764.25981786754
92,47.65696941622517,9.602584396382799,238,-111355.7360877406,-26425.653224865768
92,49.4791249426034,12.485886767258794,238,-112750.46844967618,-234.23088246412294
92,47.3402189660507,9.51867432147706,238,-169612.3547283839,17496.0601458207
92,47.61701027423116,9.591998856264263,238,-201859.95787714233,15868.231442426804
92,47.373567697740334,9.52750870378827,238,-213320.8902065535,31534.532679752832
92,47.59984505290846,9.599699184896785,238,-252854.22012849545,39363.520846921005
92,47.43387269735357,9.543484046623457,238,-283399.59826572036,56917.14967190229
92,47.61039785262648,9.650807449182922,249,-314706.77878425206,73357.08493858125
92,47.586256571768324,9.6417637003775,249,-352228.68055398436,90435.76150820557
92,47.52600961284669,9.61919412894593,249,-385433.8194970268,104865.80319212063
92,50.0,10.053598055680627,249,-417723.7070581667,111737.40383262701
92,50.0,10.091866729280454,223,-456895.68924036215,124527.63233719837
92,50.0,10.140730921482994,223,-492631.4438178318,136351.684495688
92,48.2206616665248,10.284042308805942,208,-518454.1544371875,167899.58449301776
92,48.089391914516085,10.304728052654761,208,-578509.1578124162,173427.27118454844
92,48.23246002490957,10.304217467280669,208,-611466.7117346452,206203.94523646208
92,42.54775222936035,12.241450709393098,208,-634716.5493366652,191100.99506235082
92,48.09115580909211,10.316464671035149,208,-669309.4084535495,209335.13820050156
92,48.24296562665436,10.322182015666225,208,-686379.1677164988,237937.03765509636
92,48.0682862010963,11.923534230257747,211,-715779.562933761,268713.9962100776
92,47.40398147913649,11.898799579101327,211,-771564.1175558103,270788.54377639585
92,47.41688525881652,11.899280037057494,211,-830900.9325645874,293252.52594745555
92,48.060898722884254,10.351669095408841,211,-848433.5296674783,283906.23979252396
92,48.094161927154474,10.348102695298667,211,-899730.2426432194,303203.5639349357
92,48.1639815233056,11.927097339677118,211,-936178.3216358201,360189.33358134807
92,48.06418263968916,10.36996296110372,211,-981449.302610324,339296.8989717853
92,47.46410732033477,11.901038298258912,211,-1018761.3945952642,365469.8324586782
92,47.4734067718478,11.901384553044581,211,-1048971.2214265876,377275.4013003896
92,48.095385323205484,10.380861654055558,211,-1105148.367795865,390969.39802722627
92,47.507201721878836,11.902642870609146,211,-1135603.6098622142,411655.6871978583
92,47.543645378365376,11.903999809827342,211,-1183038.644725422,431483.5166809441
92,48.0958155322283,10.406732802085648,289,-1233180.102343465,448839.10093788366
92,48.14595069761115,10.414341108904381,289,-1264008.8496351237,468457.8395233367
92,48.0963870457637,10.422511897842801,289,-1292743.9707028242,477478.76956899086
92,48.096316007142626,10.445205977647703,61,-1348530.5267438672,507300.78489639406
92,46.02350819031669,11.59810831922597,61,-1348693.4934202724,605313.4127725109
92,47.58008319116889,10.447121215574713,61,-1406824.6833388985,626962.8098325065
92,47.63629150532104,10.316812352581104,302,-1448548.1520353225,697203.3655695525
92,47.61780641744627,10.302141745232229,302,-1500037.6218807,713068.7157950548
92,47.595779122869594,10.424512614196189,335,-1587388.2094120346,708414.139306316
92,47.595124578799236,10.42196106926198,335,-1610831.2171663968,719290.9241537908
92,47.591204337263115,10.407831919939698,335,-1729761.11299857,774646.688184717
92,47.53191359009305,10.369795509530743,335,-1774424.2485813901,817481.8542704226
92,47.542403224845,10.358866037720986,335,-1861315.991206842,849151.4128660063
92,47.57719468390486,10.365433495668457,335,-1940931.3468768606,874814.3809169494
93,44.8047613341847,9.36814665200533,0,2602145.107000862,-889490.0679677763
93,44.76680682686366,9.320518661201287,0,2550499.1497529373,-877746.5518993152
93,44.83219185616689,9.292747370338867,0,2471491.4898210615,-854848.3000914081
93,44.786666541175556,9.21062776307409,11,2343022.5829676515,-817629.0796770267
93,44.87606180628957,9.197071305663409,11,2225265.2456578705,-778946.0700515532
93,47.066016069921076,10.344421901358562,27,1821052.6984665692,-767655.1043357248
93,47.07568494878839,10.3045530999184,27,1762434.036992659,-744939.8257060639
93,47.009890497886275,10.3369830440425,27,1694015.2937468486,-731719.2663633679
93,47.04315642741069,10.410885352881111,27,1662355.057979577,-706280.69316313
93,47.08555682303012,10.272283000183505,27,1633045.491208605,-692947.2566631078
93,46.76516962347732,10.170532945612122,28,1745688.7364093566,-662382.2394449138
93,46.96539449022953,10.378431315864688,28,1458819.994100643,-643380.500275518
93,46.99367838960398,10.414774739583796,28,1440493.4004216637,-632136.0372864647
93,46.954666883920346,10.391491469320357,28,1364184.7551460788,-606469.7806046124
93,46.95147504670386,10.395471786704178,28,1333486.2007797963,-594410.7292614764
93,46.962403465965,10.413567243744758,28,1302545.3377911318,-581469.096873868
93,46.94923645014372,10.413058877457432,28,1243406.4100542825,-558664.5913016088
93,46.93669774728742,10.414391244397533,28,1177862.0450946703,-532746.1695379304
93,46.93326980013783,10.418780786885318,28,1139470.108381014,-517409.914291274
93,47.08089740806387,10.197310054493073,37,1148553.804096489,-495514.60674799205
93,46.84360996609312,10.349616363955096,37,1122652.722013387,-490616.0430380431
93,47.12577347803125,10.201116027455635,37,1063272.4032415813,-458874.8125697594
93,47.14420072030976,10.202678855616336,37,1042407.7975878052,-445177.96478735487
93,47.02545416433608,10.527877005578324,91,1006532.7990350178,-437719.5584645179
93,46.92925992629207,10.457515371297085,91,911994.8724670062,-424996.39532355434
93,46.865350881469965,10.409820133334568,91,871252.953703152,-403677.02672037086
93,46.90780584509129,10.452641931344115,91,830190.4766846881,-392231.96639780054
93,47.26002595110613,10.615442648458986,91,964638.2585507386,-357158.7880324991
93,46.94567807444431,10.498096592963202,91,768575.7404403482,-362438.53010442684
93,46.89954674843302,10.464000855537943,91,724423.6163047896,-348752.19020660373
93,46.896563153039935,10.468120374838016,91,686126.8224558787,-332918.91017939226
93,46.9088826759614,10.48436087151276,91,655980.2616385563,-319912.3266153705
93,46.80829457824684,10.407617242305063,28,644586.3346561876,-300859.0032156111
93,46.80195795459202,10.407372591133885,28,621720.4841009633,-290111.370863845
93,46.86381070959044,10.463777262144324,28,553294.7195690905,-276491.8513223856
93,46.78171657132545,10.406591090070833,28,552414.6387366877,-257037.32194813638
93,39.137002316529774,14.171558013928559,130,526407.8568148365,-243523.9726735246
93,35.05516422619551,9.793066732393813,130,480622.02323154453,-238484.9442371669
93,39.875239120613735,14.006188519898762,130,454795.6754190322,-213917.74188283054
93,46.87582944094928,10.498170280356051,130,417471.1315082918,-220335.45482013814
93,34.80003465391622,9.519395267929863,130,365218.911243425,-197047.50360784473
93,47.86844340712532,9.732728359326309,159,306685.0695683083,-193666.44087789903
93,47.83208696489961,9.721776491480874,159,280732.32631755684,-187625.06115954608
93,47.81635068765809,9.717036158869167,159,257795.18436314366,-179370.8192274013
93,49.304070847795245,11.694600616670522,190,145167.30709248496,-183664.23990517497
93,49.24396514159965,11.6801808636784,190,120587.39824791094,-177909.74452441157
93,50.0,9.010566061790268,190,78228.67218752582,-164164.26644074993
93,50.0,9.016335549491147,190,76897.25946978437,-163493.82898379763
93,50.0,9.096716523472656,190,52455.539623400684,-147227.23824011188
93,50.0,9.143967686693848,190,34810.600984920115,-132806.3437775322
93,50.0,9.206812753376273,190,10890.823699300005,-110318.18574816547
93,50.0,9.23878495164585,190,-412.7549370699512,-98230.11966492546
93,50.0,9.31565267559872,190,-22264.768455205864,-69937.54747852466
93,47.705872851573226,9.683756261646565,159,-50116.760044897965,-47216.424044090956
93,47.67896997440156,9.619431783832473,159,-67331.62520799122,-47239.05198814784
93,49.34734868649474,12.64728557018574,159,-66077.18280980928,-21950.242399489984
93,47.682038174387145,9.676576399737638,159,-129055.26978775456,-11372.537536240712
93,47.67648108685223,9.673023661476526,160,-144193.89096648002,-4937.618106824315
93,49.29439122070781,12.533653282203023,160,-154893.8779392646,14091.874925520417
93,47.62167304363391,9.606023192864997,160,-211221.1493853779,19899.26543492092
93,47.39398393303742,9.551745980461934,160,-243678.4517013,42632.11508439273
93,47.588518888829036,9.596253585882748,160,-271011.7160196217,47840.97244035374
93,47.60367361607906,9.639310794323947,160,-310385.47210857784,69493.7668694771
93,47.54228435663049,9.583109708969086,160,-320960.27476933855,71140.52303013208
93,47.52162534547508,9.60131905504779,160,-362397.7861957174,91802.31746149734
93,48.083864874347086,10.27956574534724,51,-376632.2112493573,95644.78070052712
93,48.0929354114971,10.28310034614694,51,-428104.626353083,115315.5981323496
93,50.0,10.07189316083136,51,-439762.22531788406,121829.10706316977
93,50.0,10.104348578340874,51,-470508.40628793515,132711.61494017436
93,50.0,10.153933913111096,51,-502967.5479269342,144903.44417965956
93,48.249420065857834,10.2964133325862,51,-534531.6411071745,179038.21754913003
93,48.12260963714619,10.294663778386406,51,-571903.2413444169,172649.465887065
93,42.54613952996059,12.232399380652591,51,-608221.9687078889,181015.35773427066
93,48.34457356451678,10.381158531917881,51,-611742.9957839142,222259.21667159506
93,42.56593691601603,12.242548626187483,293,-683207.8400485261,209503.70098287685
93,42.65447149772358,12.26090397429643,293,-721350.6280274758,240226.32420407623
93,47.73480553759665,12.314535073324237,260,-717936.4389076502,286845.2902837705
93,42.601815430697016,12.274030127475013,260,-773005.7477716323,251478.15093419852
93,48.092827719337535,10.336302281566162,260,-814400.8668248662,268044.8801744425
93,47.71631503554564,12.043203919943107,260,-812619.0763135941,311417.5870242896
93,48.14997967788529,10.336736188910955,168,-870748.0522411264,296059.0875204686
93,48.15346363299913,10.344771477600286,168,-919119.8498312546,316771.0878224924
93,47.5225934337555,11.353625313646189,296,-928506.6132243847,356653.32026874804
93,47.66424573567343,11.419645124722743,296,-987383.1773290462,373304.26734446676
93,48.094245465131515,10.371177850443853,318,-1045379.4548493323,365119.2523402675
93,48.07813529253643,10.38323451038125,318,-1090526.7506676333,385263.457370239
93,48.248595438244,10.434628188429215,308,-1092943.3274963892,417919.9909354094
93,48.23446240785525,10.4310771892504,308,-1127397.6302496812,429677.1876359945
93,48.09426874568411,10.395852784748943,308,-1179330.8700374132,424361.2567223443
93,48.11378431555967,10.400756175649267,308,-1214619.8504680747,441307.29619870154
93,48.09430037025464,10.414204531826694,308,-1258478.136727165,461230.8862485384
93,48.094768775338146,10.429139275784369,308,-1307825.6831797585,485711.651625284
93,48.09592558866213,10.441299430278779,308,-1336937.6857452116,501500.08129957854
93,47.82046467439728,10.989511745151924,308,-1370646.5441241849,576119.6813702667
93,47.738116994743905,11.017578707347901,164,-1441426.2149273444,606035.3313297806
93,47.73750636052069,11.028041195980272,164,-1469099.549922218,616496.2167582938
93,47.76869607705835,11.070537517924443,260,-1553917.568297429,645975.8289879514
93,47.60439906210942,10.40093968772015,260,-1721387.4184139138,772756.8617310019
