Pareto_f1,Pareto_f2
8.897494456806237,82.60308229182803
