iterID,x1,x2,x3,Pareto_f1,Pareto_f2
0,3.25,0.0,1.25,2.497835118381836,48.44655805042837
0,5.0,1.25,5.0,6.412657235133448,19.785518899610235
1,-0.7131554300454621,0.0,5.0,0.41117588215506057,25.0
1,5.0,1.25,5.0,6.412657235133448,19.785518899610235
1,-2.0,2.2817084673200387,5.0,12.021824972114196,12.71092170563498
1,-2.0,3.291653236593932,5.0,23.279399972393186,7.554601224113147
1,-2.0,3.7516561192009332,5.0,29.75928518590907,7.239782914844207
1,-2.0,4.158899244590978,5.0,36.202323765752766,3.2056601230847286
