step,intervened_set,relative_hv_improvement,previous_hv,current_hv,cost
0,,,,,0.0
1,ciweightbmiaspirin,0.2795010712705529,0.3195115073152036,0.40881531589307213,20.0
2,ciweightbmiaspirin,0.03310919177649381,0.40881531589307213,0.42235086058814375,20.0
3,ciweightbmiaspirin,0.030706839843594513,0.42235086058814375,0.4353199208220282,20.0
4,ciweightbmiaspirin,0.008254431785003825,0.4353199208220282,0.4389132394131069,20.0
5,ciweightbmiaspirin,0.004997056939166519,0.4389132394131069,0.4411065138618082,20.0
6,ciweightbmiaspirin,0.003373979176446833,0.4411065138618082,0.442594798054173,20.0
