iterID,x1,x2,Pareto_f1,Pareto_f2
0,0.7368421052631577,-0.34210526315789475,3.2236114971819165,93.89453329491293
0,0.5789473684210527,-0.5,3.387457489720179,90.51579412947538
0,0.42105263157894735,0.07894736842105265,3.503504305106392,88.54416819277147
0,0.26315789473684204,-0.1842105263157895,3.802832126596088,85.41140806694884
0,0.10526315789473673,0.18421052631578938,4.09210926467169,82.78393307369042
0,-0.052631578947368474,-0.2368421052631579,4.677465982516359,81.1148710122681
0,-0.21052631578947367,-0.39473684210526316,5.205192417227353,77.47031319931465
0,-0.368421052631579,0.2894736842105263,5.739171738854501,75.716134971629
0,-0.5263157894736843,-0.026315789473684237,6.6315021853093885,72.651258029404
0,-0.6842105263157895,0.13157894736842102,8.124268520455638,69.9248723697447
0,-0.8421052631578947,-0.13157894736842107,9.01414160982561,67.35501341958262
0,-1.0,0.39473684210526305,11.592158073235916,64.16955012035409
1,0.7137885121062544,-0.01594012274401857,3.1430245017546974,88.94963682172622
1,0.42105263157894735,0.07894736842105265,3.503504305106392,88.54416819277147
1,0.15338916566531857,0.48486437571254115,3.7916860039702915,85.06061332921125
1,0.10526315789473673,0.18421052631578938,4.09210926467169,82.78393307369042
1,-0.06731143357502867,0.5,4.232638082632721,80.25578916839066
1,-0.21052631578947367,-0.39473684210526316,5.205192417227353,77.47031319931465
1,-0.4709126217640214,-0.5,5.554629178139915,73.48520960743828
1,-0.5263157894736843,-0.026315789473684237,6.6315021853093885,72.651258029404
1,-0.6641704316512723,-0.5,7.201059782931378,70.94142382297724
1,-0.35189300269614243,-0.5,7.269008280584585,68.22445802579858
1,-0.9512935805640452,0.5,8.707680511261234,61.76449765481809
1,-0.9914022408522103,-0.5,14.368222498937104,59.47890621338336
