iterID,x1,x2,Pareto_f1,Pareto_f2
0,12.5,0.0,12.5,170.57196742494642
0,50.0,1250.0,1300.0,-689.9353392165417
0,37.5,2500.0,2537.5,-1639.0354309607983
0,0.0,3750.0,3750.0,-2510.531066492427
0,25.0,5000.0,5025.0,-3414.989326693727
1,12.5,0.0,12.5,170.57196742494642
1,0.0,732.6604795835332,732.6604795835332,-296.8585782535384
1,50.0,1250.0,1300.0,-689.9353392165417
1,0.0,1975.5901677130205,1975.5901677130205,-1248.4582316490064
1,37.5,2500.0,2537.5,-1639.0354309607983
1,50.0,3080.494665981717,3130.4946659817165,-2072.336115941114
1,0.0,3750.0,3750.0,-2510.531066492427
1,50.0,4250.720581944313,4300.7205819443125,-2897.038578728309
1,50.0,4591.552060361476,4641.552060361477,-3193.898121647696
1,25.0,5000.0,5025.0,-3414.989326693727
2,12.5,0.0,12.5,170.57196742494642
2,0.0,392.75325409004046,392.75325409004046,-110.9121964988412
2,0.0,732.6604795835332,732.6604795835332,-296.8585782535384
2,0.0,1042.4894330126351,1042.4894330126351,-633.5632334748865
2,50.0,1250.0,1300.0,-689.9353392165417
2,0.0,1614.0909776536391,1614.090977653639,-1013.7478990132441
2,0.0,1975.5901677130205,1975.5901677130205,-1248.4582316490064
2,37.5,2500.0,2537.5,-1639.0354309607983
2,0.0,2794.88775802564,2794.88775802564,-1806.943819805386
2,50.0,3080.494665981717,3130.4946659817165,-2072.336115941114
2,0.0,3376.645768389965,3376.645768389965,-2282.906446310185
2,0.0,3750.0,3750.0,-2510.531066492427
2,50.0,4250.720581944313,4300.7205819443125,-2897.038578728309
2,50.0,4591.552060361476,4641.552060361477,-3193.898121647696
2,25.0,5000.0,5025.0,-3414.989326693727
3,12.5,0.0,12.5,170.57196742494642
3,0.0,200.56516608484833,200.56516608484839,-1.815431392867833
3,0.0,392.75325409004046,392.75325409004046,-110.9121964988412
3,0.0,732.6604795835332,732.6604795835332,-296.8585782535384
3,0.0,1042.4894330126351,1042.4894330126351,-633.5632334748865
3,50.0,1250.0,1300.0,-689.9353392165417
3,0.0,1307.0703580053028,1307.070358005303,-702.1258179604398
3,0.0,1614.0909776536391,1614.090977653639,-1013.7478990132441
3,0.0,1975.5901677130205,1975.5901677130205,-1248.4582316490064
3,0.0,2231.2502253662637,2231.250225366264,-1485.1632926650016
3,37.5,2500.0,2537.5,-1639.0354309607983
3,0.0,2794.88775802564,2794.88775802564,-1806.943819805386
3,50.0,3080.494665981717,3130.4946659817165,-2072.336115941114
3,0.0,3376.645768389965,3376.645768389965,-2282.906446310185
3,0.0,3750.0,3750.0,-2510.531066492427
3,0.0,4042.0540317319296,4042.0540317319305,-2773.7850810883083
3,50.0,4250.720581944313,4300.7205819443125,-2897.038578728309
3,0.0,4455.8175421732485,4455.817542173246,-3175.397825818922
3,50.0,4591.552060361476,4641.552060361477,-3193.898121647696
3,25.0,5000.0,5025.0,-3414.989326693727
4,12.5,0.0,12.5,170.57196742494642
4,0.0,200.56516608484833,200.56516608484839,-1.815431392867833
4,0.0,392.75325409004046,392.75325409004046,-110.9121964988412
4,0.0,732.6604795835332,732.6604795835332,-296.8585782535384
4,0.0,903.9012350895033,903.9012350895032,-484.5892202668579
4,0.0,1042.4894330126351,1042.4894330126351,-633.5632334748865
4,50.0,1250.0,1300.0,-689.9353392165417
4,0.0,1307.0703580053028,1307.070358005303,-702.1258179604398
4,0.0,1614.0909776536391,1614.090977653639,-1013.7478990132441
4,0.0,1793.619362828995,1793.6193628289948,-1123.4333247397258
4,0.0,1975.5901677130205,1975.5901677130205,-1248.4582316490064
4,0.0,2231.2502253662637,2231.250225366264,-1485.1632926650016
4,37.5,2500.0,2537.5,-1639.0354309607983
4,0.0,2794.88775802564,2794.88775802564,-1806.943819805386
4,0.0,2952.625975242964,2952.625975242964,-1999.1437857538187
4,50.0,3080.494665981717,3130.4946659817165,-2072.336115941114
4,0.0,3376.645768389965,3376.645768389965,-2282.906446310185
4,0.0,3750.0,3750.0,-2510.531066492427
4,0.0,4042.0540317319296,4042.0540317319305,-2773.7850810883083
4,0.0,4261.729412463621,4261.729412463623,-2911.01814651461
4,0.0,4455.8175421732485,4455.817542173246,-3175.397825818922
4,50.0,4591.552060361476,4641.552060361477,-3193.898121647696
4,0.0,4678.44846055247,4678.44846055247,-3280.2316289556184
4,25.0,5000.0,5025.0,-3414.989326693727
5,12.5,0.0,12.5,170.57196742494642
5,0.0,200.56516608484833,200.56516608484839,-1.815431392867833
5,0.0,392.75325409004046,392.75325409004046,-110.9121964988412
5,0.0,732.6604795835332,732.6604795835332,-296.8585782535384
5,0.0,903.9012350895033,903.9012350895032,-484.5892202668579
5,0.0,1042.4894330126351,1042.4894330126351,-633.5632334748865
5,50.0,1250.0,1300.0,-689.9353392165417
5,0.0,1307.0703580053028,1307.070358005303,-702.1258179604398
5,0.0,1476.2509935225632,1476.2509935225632,-898.0019027902664
5,0.0,1614.0909776536391,1614.090977653639,-1013.7478990132441
5,0.0,1793.619362828995,1793.6193628289948,-1123.4333247397258
5,0.0,1975.5901677130205,1975.5901677130205,-1248.4582316490064
5,0.0,2231.2502253662637,2231.250225366264,-1485.1632926650016
5,0.0,2357.5546687247547,2357.5546687247547,-1543.222551624401
5,37.5,2500.0,2537.5,-1639.0354309607983
5,0.0,2794.88775802564,2794.88775802564,-1806.943819805386
5,0.0,2952.625975242964,2952.625975242964,-1999.1437857538187
5,50.0,3080.494665981717,3130.4946659817165,-2072.336115941114
5,0.0,3198.606379802289,3198.606379802288,-2149.5117410736793
5,0.0,3376.645768389965,3376.645768389965,-2282.906446310185
5,0.0,3567.4931446215296,3567.4931446215287,-2414.8855925000976
5,0.0,3750.0,3750.0,-2510.531066492427
5,0.0,3871.9196674868476,3871.919667486849,-2621.4200383617685
5,0.0,4042.0540317319296,4042.0540317319305,-2773.7850810883083
5,0.0,4261.729412463621,4261.729412463623,-2911.01814651461
5,0.0,4455.8175421732485,4455.817542173246,-3175.397825818922
5,50.0,4591.552060361476,4641.552060361477,-3193.898121647696
5,0.0,4678.44846055247,4678.44846055247,-3280.2316289556184
5,25.0,5000.0,5025.0,-3414.989326693727
6,12.5,0.0,12.5,170.57196742494642
6,0.0,200.56516608484833,200.56516608484839,-1.815431392867833
6,0.0,392.75325409004046,392.75325409004046,-110.9121964988412
6,0.0,595.1399172156772,595.1399172156772,-214.24013014139786
6,0.0,732.6604795835332,732.6604795835332,-296.8585782535384
6,0.0,903.9012350895033,903.9012350895032,-484.5892202668579
6,0.0,1042.4894330126351,1042.4894330126351,-633.5632334748865
6,50.0,1250.0,1300.0,-689.9353392165417
6,0.0,1307.0703580053028,1307.070358005303,-702.1258179604398
6,0.0,1476.2509935225632,1476.2509935225632,-898.0019027902664
6,0.0,1614.0909776536391,1614.090977653639,-1013.7478990132441
6,0.0,1793.619362828995,1793.6193628289948,-1123.4333247397258
6,0.0,1975.5901677130205,1975.5901677130205,-1248.4582316490064
6,0.0,2118.828116481717,2118.8281164817167,-1273.7510660821458
6,0.0,2231.2502253662637,2231.250225366264,-1485.1632926650016
6,0.0,2357.5546687247547,2357.5546687247547,-1543.222551624401
6,37.5,2500.0,2537.5,-1639.0354309607983
6,0.0,2794.88775802564,2794.88775802564,-1806.943819805386
6,0.0,2881.187926988666,2881.1879269886654,-1893.824015994366
6,0.0,2952.625975242964,2952.625975242964,-1999.1437857538187
6,50.0,3080.494665981717,3130.4946659817165,-2072.336115941114
6,0.0,3198.606379802289,3198.606379802288,-2149.5117410736793
6,0.0,3376.645768389965,3376.645768389965,-2282.906446310185
6,0.0,3567.4931446215296,3567.4931446215287,-2414.8855925000976
6,0.0,3750.0,3750.0,-2510.531066492427
6,0.0,3871.9196674868476,3871.919667486849,-2621.4200383617685
6,0.0,4042.0540317319296,4042.0540317319305,-2773.7850810883083
6,0.0,4261.729412463621,4261.729412463623,-2911.01814651461
6,0.0,4374.764258563895,4374.764258563896,-3031.601004473074
6,0.0,4455.8175421732485,4455.817542173246,-3175.397825818922
6,50.0,4591.552060361476,4641.552060361477,-3193.898121647696
6,0.0,4678.44846055247,4678.44846055247,-3280.2316289556184
6,0.0,4852.946441428432,4852.946441428431,-3371.203719230056
6,25.0,5000.0,5025.0,-3414.989326693727
7,12.5,0.0,12.5,170.57196742494642
7,0.0,115.48443440721978,115.48443440721981,92.02717659194096
7,0.0,200.56516608484833,200.56516608484839,-1.815431392867833
7,0.0,392.75325409004046,392.75325409004046,-110.9121964988412
7,0.0,595.1399172156772,595.1399172156772,-214.24013014139786
7,0.0,732.6604795835332,732.6604795835332,-296.8585782535384
7,0.0,903.9012350895033,903.9012350895032,-484.5892202668579
7,0.0,1042.4894330126351,1042.4894330126351,-633.5632334748865
7,50.0,1250.0,1300.0,-689.9353392165417
7,0.0,1307.0703580053028,1307.070358005303,-702.1258179604398
7,0.0,1476.2509935225632,1476.2509935225632,-898.0019027902664
7,0.0,1614.0909776536391,1614.090977653639,-1013.7478990132441
7,0.0,1793.619362828995,1793.6193628289948,-1123.4333247397258
7,0.0,1893.6014978108133,1893.601497810814,-1202.3277750376265
7,0.0,1975.5901677130205,1975.5901677130205,-1248.4582316490064
7,0.0,2118.828116481717,2118.8281164817167,-1273.7510660821458
7,0.0,2231.2502253662637,2231.250225366264,-1485.1632926650016
7,0.0,2357.5546687247547,2357.5546687247547,-1543.222551624401
7,37.5,2500.0,2537.5,-1639.0354309607983
7,0.0,2634.2122198282736,2634.2122198282736,-1702.0963323862218
7,0.0,2794.88775802564,2794.88775802564,-1806.943819805386
7,0.0,2881.187926988666,2881.1879269886654,-1893.824015994366
7,0.0,2952.625975242964,2952.625975242964,-1999.1437857538187
7,0.0,3060.8283066252593,3060.82830662526,-2084.9142520229107
7,0.0,3198.606379802289,3198.606379802288,-2149.5117410736793
7,0.0,3376.645768389965,3376.645768389965,-2282.906446310185
7,0.0,3567.4931446215296,3567.4931446215287,-2414.8855925000976
7,0.0,3750.0,3750.0,-2510.531066492427
7,0.0,3871.9196674868476,3871.919667486849,-2621.4200383617685
7,0.0,4042.0540317319296,4042.0540317319305,-2773.7850810883083
7,0.0,4128.867303171628,4128.86730317163,-2829.9501262725826
7,0.0,4261.729412463621,4261.729412463623,-2911.01814651461
7,0.0,4374.764258563895,4374.764258563896,-3031.601004473074
7,0.0,4455.8175421732485,4455.817542173246,-3175.397825818922
7,50.0,4591.552060361476,4641.552060361477,-3193.898121647696
7,0.0,4678.44846055247,4678.44846055247,-3280.2316289556184
7,0.0,4852.946441428432,4852.946441428431,-3371.203719230056
7,25.0,5000.0,5025.0,-3414.989326693727
8,12.5,0.0,12.5,170.57196742494642
8,0.0,115.48443440721978,115.48443440721981,92.02717659194096
8,0.0,200.56516608484833,200.56516608484839,-1.815431392867833
8,0.0,275.9171700894869,275.91717008948683,-36.74374656304865
8,0.0,392.75325409004046,392.75325409004046,-110.9121964988412
8,0.0,595.1399172156772,595.1399172156772,-214.24013014139786
8,0.0,732.6604795835332,732.6604795835332,-296.8585782535384
8,0.0,847.5083917035641,847.5083917035645,-451.38469445072997
8,0.0,903.9012350895033,903.9012350895032,-484.5892202668579
8,0.0,1042.4894330126351,1042.4894330126351,-633.5632334748865
8,50.0,1250.0,1300.0,-689.9353392165417
8,0.0,1307.0703580053028,1307.070358005303,-702.1258179604398
8,0.0,1383.1977789751065,1383.197778975107,-857.0559719344628
8,0.0,1476.2509935225632,1476.2509935225632,-898.0019027902664
8,0.0,1614.0909776536391,1614.090977653639,-1013.7478990132441
8,0.0,1793.619362828995,1793.6193628289948,-1123.4333247397258
8,0.0,1893.6014978108133,1893.601497810814,-1202.3277750376265
8,0.0,1975.5901677130205,1975.5901677130205,-1248.4582316490064
8,0.0,2118.828116481717,2118.8281164817167,-1273.7510660821458
8,0.0,2231.2502253662637,2231.250225366264,-1485.1632926650016
8,0.0,2357.5546687247547,2357.5546687247547,-1543.222551624401
8,37.5,2500.0,2537.5,-1639.0354309607983
8,0.0,2634.2122198282736,2634.2122198282736,-1702.0963323862218
8,0.0,2794.88775802564,2794.88775802564,-1806.943819805386
8,0.0,2881.187926988666,2881.1879269886654,-1893.824015994366
8,0.0,2952.625975242964,2952.625975242964,-1999.1437857538187
8,0.0,3060.8283066252593,3060.82830662526,-2084.9142520229107
8,0.0,3198.606379802289,3198.606379802288,-2149.5117410736793
8,0.0,3376.645768389965,3376.645768389965,-2282.906446310185
8,0.0,3567.4931446215296,3567.4931446215287,-2414.8855925000976
8,0.0,3750.0,3750.0,-2510.531066492427
8,0.0,3871.9196674868476,3871.919667486849,-2621.4200383617685
8,0.0,3964.0478048484474,3964.0478048484492,-2652.9074662880107
8,0.0,4042.0540317319296,4042.0540317319305,-2773.7850810883083
8,0.0,4128.867303171628,4128.86730317163,-2829.9501262725826
8,0.0,4261.729412463621,4261.729412463623,-2911.01814651461
8,0.0,4374.764258563895,4374.764258563896,-3031.601004473074
8,0.0,4455.8175421732485,4455.817542173246,-3175.397825818922
8,50.0,4591.552060361476,4641.552060361477,-3193.898121647696
8,0.0,4678.44846055247,4678.44846055247,-3280.2316289556184
8,0.0,4852.946441428432,4852.946441428431,-3371.203719230056
8,25.0,5000.0,5025.0,-3414.989326693727
9,12.5,0.0,12.5,170.57196742494642
9,0.0,115.48443440721978,115.48443440721981,92.02717659194096
9,0.0,200.56516608484833,200.56516608484839,-1.815431392867833
9,0.0,275.9171700894869,275.91717008948683,-36.74374656304865
9,0.0,392.75325409004046,392.75325409004046,-110.9121964988412
9,0.0,501.22101053535886,501.22101053535886,-122.80009889544854
9,0.0,595.1399172156772,595.1399172156772,-214.24013014139786
9,0.0,732.6604795835332,732.6604795835332,-296.8585782535384
9,0.0,847.5083917035641,847.5083917035645,-451.38469445072997
9,0.0,903.9012350895033,903.9012350895032,-484.5892202668579
9,0.0,1042.4894330126351,1042.4894330126351,-633.5632334748865
9,50.0,1128.664137757711,1178.664137757711,-639.8303523097345
9,50.0,1250.0,1300.0,-689.9353392165417
9,0.0,1307.0703580053028,1307.070358005303,-702.1258179604398
9,0.0,1383.1977789751065,1383.197778975107,-857.0559719344628
9,0.0,1476.2509935225632,1476.2509935225632,-898.0019027902664
9,0.0,1614.0909776536391,1614.090977653639,-1013.7478990132441
9,0.0,1793.619362828995,1793.6193628289948,-1123.4333247397258
9,0.0,1893.6014978108133,1893.601497810814,-1202.3277750376265
9,0.0,1975.5901677130205,1975.5901677130205,-1248.4582316490064
9,0.0,2118.828116481717,2118.8281164817167,-1273.7510660821458
9,0.0,2185.5158043349106,2185.5158043349106,-1469.1215776801362
9,0.0,2231.2502253662637,2231.250225366264,-1485.1632926650016
9,0.0,2357.5546687247547,2357.5546687247547,-1543.222551624401
9,37.5,2500.0,2537.5,-1639.0354309607983
9,0.0,2634.2122198282736,2634.2122198282736,-1702.0963323862218
9,0.0,2794.88775802564,2794.88775802564,-1806.943819805386
9,0.0,2881.187926988666,2881.1879269886654,-1893.824015994366
9,0.0,2952.625975242964,2952.625975242964,-1999.1437857538187
9,0.0,3060.8283066252593,3060.82830662526,-2084.9142520229107
9,0.0,3198.606379802289,3198.606379802288,-2149.5117410736793
9,0.0,3376.645768389965,3376.645768389965,-2282.906446310185
9,0.0,3448.001193440161,3448.0011934401628,-2327.2314270479296
9,0.0,3567.4931446215296,3567.4931446215287,-2414.8855925000976
9,0.0,3750.0,3750.0,-2510.531066492427
9,0.0,3871.9196674868476,3871.919667486849,-2621.4200383617685
9,0.0,3964.0478048484474,3964.0478048484492,-2652.9074662880107
9,0.0,4042.0540317319296,4042.0540317319305,-2773.7850810883083
9,0.0,4128.867303171628,4128.86730317163,-2829.9501262725826
9,0.0,4261.729412463621,4261.729412463623,-2911.01814651461
9,0.0,4374.764258563895,4374.764258563896,-3031.601004473074
9,0.0,4455.8175421732485,4455.817542173246,-3175.397825818922
9,50.0,4591.552060361476,4641.552060361477,-3193.898121647696
9,0.0,4678.44846055247,4678.44846055247,-3280.2316289556184
9,0.0,4852.946441428432,4852.946441428431,-3371.203719230056
9,25.0,5000.0,5025.0,-3414.989326693727
10,12.5,0.0,12.5,170.57196742494642
10,0.0,115.48443440721978,115.48443440721981,92.02717659194096
10,0.0,200.56516608484833,200.56516608484839,-1.815431392867833
10,0.0,275.9171700894869,275.91717008948683,-36.74374656304865
10,0.0,392.75325409004046,392.75325409004046,-110.9121964988412
10,0.0,501.22101053535886,501.22101053535886,-122.80009889544854
10,0.0,595.1399172156772,595.1399172156772,-214.24013014139786
10,0.0,732.6604795835332,732.6604795835332,-296.8585782535384
10,0.0,847.5083917035641,847.5083917035645,-451.38469445072997
10,0.0,903.9012350895033,903.9012350895032,-484.5892202668579
10,0.0,958.5374817793632,958.5374817793635,-552.3416854679892
10,0.0,1042.4894330126351,1042.4894330126351,-633.5632334748865
10,50.0,1128.664137757711,1178.664137757711,-639.8303523097345
10,50.0,1250.0,1300.0,-689.9353392165417
10,0.0,1307.0703580053028,1307.070358005303,-702.1258179604398
10,0.0,1383.1977789751065,1383.197778975107,-857.0559719344628
10,0.0,1476.2509935225632,1476.2509935225632,-898.0019027902664
10,0.0,1555.5294410616088,1555.5294410616084,-959.9249963695645
10,0.0,1614.0909776536391,1614.090977653639,-1013.7478990132441
10,0.0,1793.619362828995,1793.6193628289948,-1123.4333247397258
10,0.0,1893.6014978108133,1893.601497810814,-1202.3277750376265
10,0.0,1975.5901677130205,1975.5901677130205,-1248.4582316490064
10,0.0,2118.828116481717,2118.8281164817167,-1273.7510660821458
10,0.0,2185.5158043349106,2185.5158043349106,-1469.1215776801362
10,0.0,2231.2502253662637,2231.250225366264,-1485.1632926650016
10,0.0,2357.5546687247547,2357.5546687247547,-1543.222551624401
10,0.0,2420.0208666915664,2420.0208666915664,-1615.965131015678
10,37.5,2500.0,2537.5,-1639.0354309607983
10,0.0,2634.2122198282736,2634.2122198282736,-1702.0963323862218
10,0.0,2794.88775802564,2794.88775802564,-1806.943819805386
10,0.0,2881.187926988666,2881.1879269886654,-1893.824015994366
10,0.0,2952.625975242964,2952.625975242964,-1999.1437857538187
10,0.0,3060.8283066252593,3060.82830662526,-2084.9142520229107
10,0.0,3198.606379802289,3198.606379802288,-2149.5117410736793
10,0.0,3269.005514039852,3269.0055140398526,-2237.5247763826587
10,0.0,3376.645768389965,3376.645768389965,-2282.906446310185
10,0.0,3448.001193440161,3448.0011934401628,-2327.2314270479296
10,0.0,3567.4931446215296,3567.4931446215287,-2414.8855925000976
10,0.0,3750.0,3750.0,-2510.531066492427
10,0.0,3815.7616347812386,3815.7616347812377,-2637.3325318751226
10,0.0,3964.0478048484474,3964.0478048484492,-2652.9074662880107
10,0.0,4042.0540317319296,4042.0540317319305,-2773.7850810883083
10,0.0,4128.867303171628,4128.86730317163,-2829.9501262725826
10,0.0,4261.729412463621,4261.729412463623,-2911.01814651461
10,0.0,4374.764258563895,4374.764258563896,-3031.601004473074
10,0.0,4455.8175421732485,4455.817542173246,-3175.397825818922
10,50.0,4591.552060361476,4641.552060361477,-3193.898121647696
10,0.0,4678.44846055247,4678.44846055247,-3280.2316289556184
10,0.0,4852.946441428432,4852.946441428431,-3371.203719230056
10,25.0,5000.0,5025.0,-3414.989326693727
11,12.5,0.0,12.5,170.57196742494642
11,0.0,115.48443440721978,115.48443440721981,92.02717659194096
11,0.0,200.56516608484833,200.56516608484839,-1.815431392867833
11,0.0,275.9171700894869,275.91717008948683,-36.74374656304865
11,0.0,392.75325409004046,392.75325409004046,-110.9121964988412
11,0.0,501.22101053535886,501.22101053535886,-122.80009889544854
11,0.0,595.1399172156772,595.1399172156772,-214.24013014139786
11,0.0,732.6604795835332,732.6604795835332,-296.8585782535384
11,0.0,783.4536262964223,783.4536262964225,-397.82961346579856
11,0.0,847.5083917035641,847.5083917035645,-451.38469445072997
11,0.0,903.9012350895033,903.9012350895032,-484.5892202668579
11,0.0,958.5374817793632,958.5374817793635,-552.3416854679892
11,0.0,1042.4894330126351,1042.4894330126351,-633.5632334748865
11,50.0,1128.664137757711,1178.664137757711,-639.8303523097345
11,50.0,1250.0,1300.0,-689.9353392165417
11,0.0,1307.0703580053028,1307.070358005303,-702.1258179604398
11,0.0,1383.1977789751065,1383.197778975107,-857.0559719344628
11,0.0,1476.2509935225632,1476.2509935225632,-898.0019027902664
11,0.0,1555.5294410616088,1555.5294410616084,-959.9249963695645
11,0.0,1614.0909776536391,1614.090977653639,-1013.7478990132441
11,0.0,1793.619362828995,1793.6193628289948,-1123.4333247397258
11,0.0,1893.6014978108133,1893.601497810814,-1202.3277750376265
11,0.0,1975.5901677130205,1975.5901677130205,-1248.4582316490064
11,0.0,2118.828116481717,2118.8281164817167,-1273.7510660821458
11,0.0,2159.461594324265,2159.4615943242648,-1339.1151092000223
11,0.0,2185.5158043349106,2185.5158043349106,-1469.1215776801362
11,0.0,2231.2502253662637,2231.250225366264,-1485.1632926650016
11,0.0,2357.5546687247547,2357.5546687247547,-1543.222551624401
11,0.0,2420.0208666915664,2420.0208666915664,-1615.965131015678
11,37.5,2500.0,2537.5,-1639.0354309607983
11,0.0,2634.2122198282736,2634.2122198282736,-1702.0963323862218
11,0.0,2700.158170543723,2700.158170543723,-1774.4956280196175
11,0.0,2794.88775802564,2794.88775802564,-1806.943819805386
11,0.0,2881.187926988666,2881.1879269886654,-1893.824015994366
11,0.0,2952.625975242964,2952.625975242964,-1999.1437857538187
11,0.0,3060.8283066252593,3060.82830662526,-2084.9142520229107
11,0.0,3198.606379802289,3198.606379802288,-2149.5117410736793
11,0.0,3269.005514039852,3269.0055140398526,-2237.5247763826587
11,0.0,3376.645768389965,3376.645768389965,-2282.906446310185
11,0.0,3448.001193440161,3448.0011934401628,-2327.2314270479296
11,0.0,3567.4931446215296,3567.4931446215287,-2414.8855925000976
11,0.0,3750.0,3750.0,-2510.531066492427
11,0.0,3815.7616347812386,3815.7616347812377,-2637.3325318751226
11,0.0,3964.0478048484474,3964.0478048484492,-2652.9074662880107
11,0.0,4042.0540317319296,4042.0540317319305,-2773.7850810883083
11,0.0,4128.867303171628,4128.86730317163,-2829.9501262725826
11,0.0,4261.729412463621,4261.729412463623,-2911.01814651461
11,0.0,4374.764258563895,4374.764258563896,-3031.601004473074
11,0.0,4402.310527392842,4402.310527392844,-3033.917282042072
11,0.0,4455.8175421732485,4455.817542173246,-3175.397825818922
11,50.0,4591.552060361476,4641.552060361477,-3193.898121647696
11,0.0,4678.44846055247,4678.44846055247,-3280.2316289556184
11,0.0,4852.946441428432,4852.946441428431,-3371.203719230056
11,0.0,4913.294049753048,4913.294049753049,-3464.1879443715698
12,12.5,0.0,12.5,170.57196742494642
12,0.0,115.48443440721978,115.48443440721981,92.02717659194096
12,0.0,200.56516608484833,200.56516608484839,-1.815431392867833
12,0.0,275.9171700894869,275.91717008948683,-36.74374656304865
12,0.0,392.75325409004046,392.75325409004046,-110.9121964988412
12,0.0,501.22101053535886,501.22101053535886,-122.80009889544854
12,0.0,595.1399172156772,595.1399172156772,-214.24013014139786
12,0.0,732.6604795835332,732.6604795835332,-296.8585782535384
12,0.0,783.4536262964223,783.4536262964225,-397.82961346579856
12,0.0,847.5083917035641,847.5083917035645,-451.38469445072997
12,0.0,903.9012350895033,903.9012350895032,-484.5892202668579
12,0.0,958.5374817793632,958.5374817793635,-552.3416854679892
12,0.0,1042.4894330126351,1042.4894330126351,-633.5632334748865
12,50.0,1128.664137757711,1178.664137757711,-639.8303523097345
12,0.0,1219.9331718321648,1219.9331718321653,-687.5042336457839
12,50.0,1250.0,1300.0,-689.9353392165417
12,0.0,1307.0703580053028,1307.070358005303,-702.1258179604398
12,0.0,1383.1977789751065,1383.197778975107,-857.0559719344628
12,0.0,1476.2509935225632,1476.2509935225632,-898.0019027902664
12,0.0,1555.5294410616088,1555.5294410616084,-959.9249963695645
12,0.0,1614.0909776536391,1614.090977653639,-1013.7478990132441
12,0.0,1793.619362828995,1793.6193628289948,-1123.4333247397258
12,0.0,1845.317546382649,1845.3175463826485,-1205.748287736574
12,0.0,1975.5901677130205,1975.5901677130205,-1248.4582316490064
12,0.0,2042.1740273826422,2042.1740273826424,-1289.0016892974213
12,0.0,2159.461594324265,2159.4615943242648,-1339.1151092000223
12,0.0,2185.5158043349106,2185.5158043349106,-1469.1215776801362
12,0.0,2231.2502253662637,2231.250225366264,-1485.1632926650016
12,0.0,2357.5546687247547,2357.5546687247547,-1543.222551624401
12,0.0,2420.0208666915664,2420.0208666915664,-1615.965131015678
12,37.5,2500.0,2537.5,-1639.0354309607983
12,0.0,2634.2122198282736,2634.2122198282736,-1702.0963323862218
12,0.0,2700.158170543723,2700.158170543723,-1774.4956280196175
12,0.0,2794.88775802564,2794.88775802564,-1806.943819805386
12,0.0,2881.187926988666,2881.1879269886654,-1893.824015994366
12,0.0,2952.625975242964,2952.625975242964,-1999.1437857538187
12,0.0,3060.8283066252593,3060.82830662526,-2084.9142520229107
12,0.0,3198.606379802289,3198.606379802288,-2149.5117410736793
12,0.0,3269.005514039852,3269.0055140398526,-2237.5247763826587
12,0.0,3376.645768389965,3376.645768389965,-2282.906446310185
12,0.0,3448.001193440161,3448.0011934401628,-2327.2314270479296
12,0.0,3567.4931446215296,3567.4931446215287,-2414.8855925000976
12,0.0,3750.0,3750.0,-2510.531066492427
12,0.0,3815.7616347812386,3815.7616347812377,-2637.3325318751226
12,0.0,3964.0478048484474,3964.0478048484492,-2652.9074662880107
12,0.0,4042.0540317319296,4042.0540317319305,-2773.7850810883083
12,0.0,4128.867303171628,4128.86730317163,-2829.9501262725826
12,0.0,4261.729412463621,4261.729412463623,-2911.01814651461
12,0.0,4374.764258563895,4374.764258563896,-3031.601004473074
12,0.0,4402.310527392842,4402.310527392844,-3033.917282042072
12,0.0,4455.8175421732485,4455.817542173246,-3175.397825818922
12,50.0,4591.552060361476,4641.552060361477,-3193.898121647696
12,0.0,4678.44846055247,4678.44846055247,-3280.2316289556184
12,0.0,4852.946441428432,4852.946441428431,-3371.203719230056
12,0.0,4913.294049753048,4913.294049753049,-3464.1879443715698
13,12.5,0.0,12.5,170.57196742494642
13,0.0,115.48443440721978,115.48443440721981,92.02717659194096
13,0.0,200.56516608484833,200.56516608484839,-1.815431392867833
13,0.0,275.9171700894869,275.91717008948683,-36.74374656304865
13,0.0,392.75325409004046,392.75325409004046,-110.9121964988412
13,0.0,501.22101053535886,501.22101053535886,-122.80009889544854
13,0.0,595.1399172156772,595.1399172156772,-214.24013014139786
13,0.0,732.6604795835332,732.6604795835332,-296.8585782535384
13,0.0,783.4536262964223,783.4536262964225,-397.82961346579856
13,0.0,847.5083917035641,847.5083917035645,-451.38469445072997
13,0.0,903.9012350895033,903.9012350895032,-484.5892202668579
13,0.0,958.5374817793632,958.5374817793635,-552.3416854679892
13,0.0,1042.4894330126351,1042.4894330126351,-633.5632334748865
13,50.0,1128.664137757711,1178.664137757711,-639.8303523097345
13,0.0,1219.9331718321648,1219.9331718321653,-687.5042336457839
13,50.0,1250.0,1300.0,-689.9353392165417
13,0.0,1307.0703580053028,1307.070358005303,-702.1258179604398
13,0.0,1383.1977789751065,1383.197778975107,-857.0559719344628
13,0.0,1476.2509935225632,1476.2509935225632,-898.0019027902664
13,0.0,1555.5294410616088,1555.5294410616084,-959.9249963695645
13,0.0,1614.0909776536391,1614.090977653639,-1013.7478990132441
13,0.0,1793.619362828995,1793.6193628289948,-1123.4333247397258
13,0.0,1845.317546382649,1845.3175463826485,-1205.748287736574
13,0.0,1975.5901677130205,1975.5901677130205,-1248.4582316490064
13,0.0,2042.1740273826422,2042.1740273826424,-1289.0016892974213
13,0.0,2159.461594324265,2159.4615943242648,-1339.1151092000223
13,0.0,2185.5158043349106,2185.5158043349106,-1469.1215776801362
13,0.0,2231.2502253662637,2231.250225366264,-1485.1632926650016
13,0.0,2357.5546687247547,2357.5546687247547,-1543.222551624401
13,0.0,2420.0208666915664,2420.0208666915664,-1615.965131015678
13,37.5,2500.0,2537.5,-1639.0354309607983
13,0.0,2634.2122198282736,2634.2122198282736,-1702.0963323862218
13,0.0,2700.158170543723,2700.158170543723,-1774.4956280196175
13,0.0,2794.88775802564,2794.88775802564,-1806.943819805386
13,0.0,2881.187926988666,2881.1879269886654,-1893.824015994366
13,0.0,2952.625975242964,2952.625975242964,-1999.1437857538187
13,0.0,3060.8283066252593,3060.82830662526,-2084.9142520229107
13,0.0,3198.606379802289,3198.606379802288,-2149.5117410736793
13,0.0,3269.005514039852,3269.0055140398526,-2237.5247763826587
13,0.0,3376.645768389965,3376.645768389965,-2282.906446310185
13,0.0,3448.001193440161,3448.0011934401628,-2327.2314270479296
13,0.0,3495.186972599893,3495.1869725998913,-2386.3253332951767
13,0.0,3567.4931446215296,3567.4931446215287,-2414.8855925000976
13,0.0,3750.0,3750.0,-2510.531066492427
13,0.0,3815.7616347812386,3815.7616347812377,-2637.3325318751226
13,0.0,3964.0478048484474,3964.0478048484492,-2652.9074662880107
13,0.0,4042.0540317319296,4042.0540317319305,-2773.7850810883083
13,0.0,4128.867303171628,4128.86730317163,-2829.9501262725826
13,0.0,4207.262810653835,4207.262810653834,-2859.1414031762824
13,0.0,4261.729412463621,4261.729412463623,-2911.01814651461
13,0.0,4374.764258563895,4374.764258563896,-3031.601004473074
13,0.0,4402.310527392842,4402.310527392844,-3033.917282042072
13,0.0,4455.8175421732485,4455.817542173246,-3175.397825818922
13,50.0,4591.552060361476,4641.552060361477,-3193.898121647696
13,0.0,4678.44846055247,4678.44846055247,-3280.2316289556184
13,0.0,4852.946441428432,4852.946441428431,-3371.203719230056
13,0.0,4913.294049753048,4913.294049753049,-3464.1879443715698
14,12.5,0.0,12.5,170.57196742494642
14,0.0,115.48443440721978,115.48443440721981,92.02717659194096
14,0.0,200.56516608484833,200.56516608484839,-1.815431392867833
14,0.0,275.9171700894869,275.91717008948683,-36.74374656304865
14,0.0,392.75325409004046,392.75325409004046,-110.9121964988412
14,0.0,501.22101053535886,501.22101053535886,-122.80009889544854
14,0.0,595.1399172156772,595.1399172156772,-214.24013014139786
14,0.0,732.6604795835332,732.6604795835332,-296.8585782535384
14,0.0,783.4536262964223,783.4536262964225,-397.82961346579856
14,0.0,847.5083917035641,847.5083917035645,-451.38469445072997
14,0.0,903.9012350895033,903.9012350895032,-484.5892202668579
14,0.0,958.5374817793632,958.5374817793635,-552.3416854679892
14,0.0,1042.4894330126351,1042.4894330126351,-633.5632334748865
14,50.0,1128.664137757711,1178.664137757711,-639.8303523097345
14,0.0,1219.9331718321648,1219.9331718321653,-687.5042336457839
14,50.0,1250.0,1300.0,-689.9353392165417
14,0.0,1307.0703580053028,1307.070358005303,-702.1258179604398
14,0.0,1383.1977789751065,1383.197778975107,-857.0559719344628
14,0.0,1476.2509935225632,1476.2509935225632,-898.0019027902664
14,0.0,1555.5294410616088,1555.5294410616084,-959.9249963695645
14,0.0,1614.0909776536391,1614.090977653639,-1013.7478990132441
14,0.0,1793.619362828995,1793.6193628289948,-1123.4333247397258
14,0.0,1845.317546382649,1845.3175463826485,-1205.748287736574
14,0.0,1975.5901677130205,1975.5901677130205,-1248.4582316490064
14,0.0,2042.1740273826422,2042.1740273826424,-1289.0016892974213
14,0.0,2074.022163426279,2074.022163426278,-1347.1681631119977
14,0.0,2185.5158043349106,2185.5158043349106,-1469.1215776801362
14,0.0,2231.2502253662637,2231.250225366264,-1485.1632926650016
14,0.0,2357.5546687247547,2357.5546687247547,-1543.222551624401
14,0.0,2420.0208666915664,2420.0208666915664,-1615.965131015678
14,37.5,2500.0,2537.5,-1639.0354309607983
14,0.0,2634.2122198282736,2634.2122198282736,-1702.0963323862218
14,0.0,2700.158170543723,2700.158170543723,-1774.4956280196175
14,0.0,2794.88775802564,2794.88775802564,-1806.943819805386
14,0.0,2881.187926988666,2881.1879269886654,-1893.824015994366
14,0.0,2931.1061390244713,2931.1061390244718,-1933.6862080704905
14,0.0,2952.625975242964,2952.625975242964,-1999.1437857538187
14,0.0,3060.8283066252593,3060.82830662526,-2084.9142520229107
14,0.0,3198.606379802289,3198.606379802288,-2149.5117410736793
14,0.0,3269.005514039852,3269.0055140398526,-2237.5247763826587
14,0.0,3376.645768389965,3376.645768389965,-2282.906446310185
14,0.0,3448.001193440161,3448.0011934401628,-2327.2314270479296
14,0.0,3495.186972599893,3495.1869725998913,-2386.3253332951767
14,0.0,3567.4931446215296,3567.4931446215287,-2414.8855925000976
14,0.0,3750.0,3750.0,-2510.531066492427
14,0.0,3783.614236161152,3783.614236161151,-2619.424984654967
14,0.0,3815.7616347812386,3815.7616347812377,-2637.3325318751226
14,0.0,3964.0478048484474,3964.0478048484492,-2652.9074662880107
14,0.0,4042.0540317319296,4042.0540317319305,-2773.7850810883083
14,0.0,4128.867303171628,4128.86730317163,-2829.9501262725826
14,0.0,4207.262810653835,4207.262810653834,-2859.1414031762824
14,0.0,4261.729412463621,4261.729412463623,-2911.01814651461
14,0.0,4374.764258563895,4374.764258563896,-3031.601004473074
14,0.0,4402.310527392842,4402.310527392844,-3033.917282042072
14,0.0,4455.8175421732485,4455.817542173246,-3175.397825818922
14,50.0,4591.552060361476,4641.552060361477,-3193.898121647696
14,0.0,4678.44846055247,4678.44846055247,-3280.2316289556184
14,0.0,4852.946441428432,4852.946441428431,-3371.203719230056
14,0.0,4913.294049753048,4913.294049753049,-3464.1879443715698
15,12.5,0.0,12.5,170.57196742494642
15,0.0,115.48443440721978,115.48443440721981,92.02717659194096
15,0.0,200.56516608484833,200.56516608484839,-1.815431392867833
15,0.0,275.9171700894869,275.91717008948683,-36.74374656304865
15,0.0,392.75325409004046,392.75325409004046,-110.9121964988412
15,0.0,501.22101053535886,501.22101053535886,-122.80009889544854
15,0.0,554.8399159244378,554.8399159244381,-252.22552239077854
15,0.0,732.6604795835332,732.6604795835332,-296.8585782535384
15,0.0,783.4536262964223,783.4536262964225,-397.82961346579856
15,0.0,847.5083917035641,847.5083917035645,-451.38469445072997
15,0.0,903.9012350895033,903.9012350895032,-484.5892202668579
15,0.0,958.5374817793632,958.5374817793635,-552.3416854679892
15,0.0,1042.4894330126351,1042.4894330126351,-633.5632334748865
15,50.0,1128.664137757711,1178.664137757711,-639.8303523097345
15,0.0,1219.9331718321648,1219.9331718321653,-687.5042336457839
15,50.0,1250.0,1300.0,-689.9353392165417
15,0.0,1307.0703580053028,1307.070358005303,-702.1258179604398
15,0.0,1349.384636720376,1349.3846367203764,-786.0817016980438
15,0.0,1383.1977789751065,1383.197778975107,-857.0559719344628
15,0.0,1476.2509935225632,1476.2509935225632,-898.0019027902664
15,0.0,1555.5294410616088,1555.5294410616084,-959.9249963695645
15,0.0,1614.0909776536391,1614.090977653639,-1013.7478990132441
15,0.0,1793.619362828995,1793.6193628289948,-1123.4333247397258
15,0.0,1845.317546382649,1845.3175463826485,-1205.748287736574
15,0.0,1975.5901677130205,1975.5901677130205,-1248.4582316490064
15,0.0,2042.1740273826422,2042.1740273826424,-1289.0016892974213
15,0.0,2074.022163426279,2074.022163426278,-1347.1681631119977
15,0.0,2185.5158043349106,2185.5158043349106,-1469.1215776801362
15,0.0,2231.2502253662637,2231.250225366264,-1485.1632926650016
15,0.0,2246.6470405122545,2246.6470405122536,-1488.9851894759945
15,0.0,2357.5546687247547,2357.5546687247547,-1543.222551624401
15,0.0,2420.0208666915664,2420.0208666915664,-1615.965131015678
15,37.5,2500.0,2537.5,-1639.0354309607983
15,0.0,2634.2122198282736,2634.2122198282736,-1702.0963323862218
15,0.0,2700.158170543723,2700.158170543723,-1774.4956280196175
15,0.0,2794.88775802564,2794.88775802564,-1806.943819805386
15,0.0,2833.7284888087647,2833.7284888087647,-1877.0357461603191
15,0.0,2881.187926988666,2881.1879269886654,-1893.824015994366
15,0.0,2931.1061390244713,2931.1061390244718,-1933.6862080704905
15,0.0,2952.625975242964,2952.625975242964,-1999.1437857538187
15,0.0,3060.8283066252593,3060.82830662526,-2084.9142520229107
15,0.0,3198.606379802289,3198.606379802288,-2149.5117410736793
15,0.0,3269.005514039852,3269.0055140398526,-2237.5247763826587
15,0.0,3376.645768389965,3376.645768389965,-2282.906446310185
15,0.0,3448.001193440161,3448.0011934401628,-2327.2314270479296
15,0.0,3495.186972599893,3495.1869725998913,-2386.3253332951767
15,0.0,3567.4931446215296,3567.4931446215287,-2414.8855925000976
15,0.0,3750.0,3750.0,-2510.531066492427
15,0.0,3783.614236161152,3783.614236161151,-2619.424984654967
15,0.0,3815.7616347812386,3815.7616347812377,-2637.3325318751226
15,0.0,3964.0478048484474,3964.0478048484492,-2652.9074662880107
15,0.0,4042.0540317319296,4042.0540317319305,-2773.7850810883083
15,0.0,4128.867303171628,4128.86730317163,-2829.9501262725826
15,0.0,4207.262810653835,4207.262810653834,-2859.1414031762824
15,0.0,4261.729412463621,4261.729412463623,-2911.01814651461
15,0.0,4350.686351871992,4350.686351871992,-2968.1217137528342
15,0.0,4374.764258563895,4374.764258563896,-3031.601004473074
15,0.0,4402.310527392842,4402.310527392844,-3033.917282042072
15,0.0,4455.8175421732485,4455.817542173246,-3175.397825818922
15,50.0,4591.552060361476,4641.552060361477,-3193.898121647696
15,0.0,4678.44846055247,4678.44846055247,-3280.2316289556184
15,0.0,4852.946441428432,4852.946441428431,-3371.203719230056
15,0.0,4913.294049753048,4913.294049753049,-3464.1879443715698
16,12.5,0.0,12.5,170.57196742494642
16,50.0,0.0,50.0,133.5031712734728
16,0.0,115.48443440721978,115.48443440721981,92.02717659194096
16,0.0,200.56516608484833,200.56516608484839,-1.815431392867833
16,0.0,275.9171700894869,275.91717008948683,-36.74374656304865
16,0.0,392.75325409004046,392.75325409004046,-110.9121964988412
16,0.0,501.22101053535886,501.22101053535886,-122.80009889544854
16,0.0,554.8399159244378,554.8399159244381,-252.22552239077854
16,0.0,732.6604795835332,732.6604795835332,-296.8585782535384
16,0.0,783.4536262964223,783.4536262964225,-397.82961346579856
16,0.0,847.5083917035641,847.5083917035645,-451.38469445072997
16,0.0,903.9012350895033,903.9012350895032,-484.5892202668579
16,0.0,958.5374817793632,958.5374817793635,-552.3416854679892
16,0.0,1042.4894330126351,1042.4894330126351,-633.5632334748865
16,50.0,1128.664137757711,1178.664137757711,-639.8303523097345
16,0.0,1219.9331718321648,1219.9331718321653,-687.5042336457839
16,50.0,1250.0,1300.0,-689.9353392165417
16,0.0,1307.0703580053028,1307.070358005303,-702.1258179604398
16,0.0,1349.384636720376,1349.3846367203764,-786.0817016980438
16,0.0,1383.1977789751065,1383.197778975107,-857.0559719344628
16,0.0,1476.2509935225632,1476.2509935225632,-898.0019027902664
16,0.0,1555.5294410616088,1555.5294410616084,-959.9249963695645
16,0.0,1614.0909776536391,1614.090977653639,-1013.7478990132441
16,0.0,1793.619362828995,1793.6193628289948,-1123.4333247397258
16,0.0,1845.317546382649,1845.3175463826485,-1205.748287736574
16,0.0,1975.5901677130205,1975.5901677130205,-1248.4582316490064
16,0.0,2042.1740273826422,2042.1740273826424,-1289.0016892974213
16,0.0,2074.022163426279,2074.022163426278,-1347.1681631119977
16,0.0,2185.5158043349106,2185.5158043349106,-1469.1215776801362
16,0.0,2231.2502253662637,2231.250225366264,-1485.1632926650016
16,0.0,2246.6470405122545,2246.6470405122536,-1488.9851894759945
16,0.0,2357.5546687247547,2357.5546687247547,-1543.222551624401
16,0.0,2420.0208666915664,2420.0208666915664,-1615.965131015678
16,37.5,2500.0,2537.5,-1639.0354309607983
16,0.0,2634.2122198282736,2634.2122198282736,-1702.0963323862218
16,0.0,2700.158170543723,2700.158170543723,-1774.4956280196175
16,0.0,2794.88775802564,2794.88775802564,-1806.943819805386
16,0.0,2833.7284888087647,2833.7284888087647,-1877.0357461603191
16,0.0,2881.187926988666,2881.1879269886654,-1893.824015994366
16,0.0,2931.1061390244713,2931.1061390244718,-1933.6862080704905
16,0.0,2952.625975242964,2952.625975242964,-1999.1437857538187
16,0.0,3060.8283066252593,3060.82830662526,-2084.9142520229107
16,0.0,3198.606379802289,3198.606379802288,-2149.5117410736793
16,0.0,3227.6055909406746,3227.6055909406737,-2157.7494584188016
16,0.0,3269.005514039852,3269.0055140398526,-2237.5247763826587
16,0.0,3376.645768389965,3376.645768389965,-2282.906446310185
16,0.0,3448.001193440161,3448.0011934401628,-2327.2314270479296
16,0.0,3495.186972599893,3495.1869725998913,-2386.3253332951767
16,0.0,3567.4931446215296,3567.4931446215287,-2414.8855925000976
16,0.0,3750.0,3750.0,-2510.531066492427
16,0.0,3783.614236161152,3783.614236161151,-2619.424984654967
16,0.0,3815.7616347812386,3815.7616347812377,-2637.3325318751226
16,0.0,3964.0478048484474,3964.0478048484492,-2652.9074662880107
16,0.0,4012.769364157892,4012.7693641578935,-2682.3826558727997
16,0.0,4042.0540317319296,4042.0540317319305,-2773.7850810883083
16,0.0,4128.867303171628,4128.86730317163,-2829.9501262725826
16,0.0,4207.262810653835,4207.262810653834,-2859.1414031762824
16,0.0,4261.729412463621,4261.729412463623,-2911.01814651461
16,0.0,4350.686351871992,4350.686351871992,-2968.1217137528342
16,0.0,4374.764258563895,4374.764258563896,-3031.601004473074
16,0.0,4402.310527392842,4402.310527392844,-3033.917282042072
16,0.0,4455.8175421732485,4455.817542173246,-3175.397825818922
16,50.0,4591.552060361476,4641.552060361477,-3193.898121647696
16,0.0,4678.44846055247,4678.44846055247,-3280.2316289556184
16,0.0,4852.946441428432,4852.946441428431,-3371.203719230056
16,0.0,4882.37154333871,4882.371543338711,-3376.6049842131583
16,0.0,4913.294049753048,4913.294049753049,-3464.1879443715698
17,12.5,0.0,12.5,170.57196742494642
17,50.0,0.0,50.0,133.5031712734728
17,0.0,115.48443440721978,115.48443440721981,92.02717659194096
17,0.0,200.56516608484833,200.56516608484839,-1.815431392867833
17,0.0,275.9171700894869,275.91717008948683,-36.74374656304865
17,0.0,392.75325409004046,392.75325409004046,-110.9121964988412
17,0.0,501.22101053535886,501.22101053535886,-122.80009889544854
17,0.0,554.8399159244378,554.8399159244381,-252.22552239077854
17,0.0,732.6604795835332,732.6604795835332,-296.8585782535384
17,0.0,783.4536262964223,783.4536262964225,-397.82961346579856
17,0.0,847.5083917035641,847.5083917035645,-451.38469445072997
17,0.0,903.9012350895033,903.9012350895032,-484.5892202668579
17,0.0,958.5374817793632,958.5374817793635,-552.3416854679892
17,0.0,1042.4894330126351,1042.4894330126351,-633.5632334748865
17,50.0,1128.664137757711,1178.664137757711,-639.8303523097345
17,0.0,1219.9331718321648,1219.9331718321653,-687.5042336457839
17,50.0,1250.0,1300.0,-689.9353392165417
17,0.0,1307.0703580053028,1307.070358005303,-702.1258179604398
17,0.0,1349.384636720376,1349.3846367203764,-786.0817016980438
17,0.0,1383.1977789751065,1383.197778975107,-857.0559719344628
17,0.0,1415.2417193926003,1415.241719392601,-863.0782397593903
17,0.0,1476.2509935225632,1476.2509935225632,-898.0019027902664
17,0.0,1555.5294410616088,1555.5294410616084,-959.9249963695645
17,0.0,1614.0909776536391,1614.090977653639,-1013.7478990132441
17,0.0,1793.619362828995,1793.6193628289948,-1123.4333247397258
17,0.0,1845.317546382649,1845.3175463826485,-1205.748287736574
17,0.0,1975.5901677130205,1975.5901677130205,-1248.4582316490064
17,0.0,2042.1740273826422,2042.1740273826424,-1289.0016892974213
17,0.0,2074.022163426279,2074.022163426278,-1347.1681631119977
17,0.0,2185.5158043349106,2185.5158043349106,-1469.1215776801362
17,0.0,2231.2502253662637,2231.250225366264,-1485.1632926650016
17,0.0,2246.6470405122545,2246.6470405122536,-1488.9851894759945
17,0.0,2357.5546687247547,2357.5546687247547,-1543.222551624401
17,0.0,2420.0208666915664,2420.0208666915664,-1615.965131015678
17,37.5,2500.0,2537.5,-1639.0354309607983
17,0.0,2634.2122198282736,2634.2122198282736,-1702.0963323862218
17,0.0,2700.158170543723,2700.158170543723,-1774.4956280196175
17,0.0,2794.88775802564,2794.88775802564,-1806.943819805386
17,0.0,2833.7284888087647,2833.7284888087647,-1877.0357461603191
17,0.0,2881.187926988666,2881.1879269886654,-1893.824015994366
17,0.0,2931.1061390244713,2931.1061390244718,-1933.6862080704905
17,0.0,2952.625975242964,2952.625975242964,-1999.1437857538187
17,0.0,3060.8283066252593,3060.82830662526,-2084.9142520229107
17,0.0,3198.606379802289,3198.606379802288,-2149.5117410736793
17,0.0,3227.6055909406746,3227.6055909406737,-2157.7494584188016
17,0.0,3269.005514039852,3269.0055140398526,-2237.5247763826587
17,0.0,3292.843691376509,3292.84369137651,-2248.7397183852745
17,0.0,3376.645768389965,3376.645768389965,-2282.906446310185
17,0.0,3448.001193440161,3448.0011934401628,-2327.2314270479296
17,0.0,3495.186972599893,3495.1869725998913,-2386.3253332951767
17,0.0,3567.4931446215296,3567.4931446215287,-2414.8855925000976
17,0.0,3750.0,3750.0,-2510.531066492427
17,0.0,3783.614236161152,3783.614236161151,-2619.424984654967
17,0.0,3815.7616347812386,3815.7616347812377,-2637.3325318751226
17,0.0,3964.0478048484474,3964.0478048484492,-2652.9074662880107
17,0.0,4012.769364157892,4012.7693641578935,-2682.3826558727997
17,0.0,4042.0540317319296,4042.0540317319305,-2773.7850810883083
17,0.0,4088.3611105416962,4088.361110541695,-2869.109631027391
17,0.0,4261.729412463621,4261.729412463623,-2911.01814651461
17,0.0,4350.686351871992,4350.686351871992,-2968.1217137528342
17,0.0,4374.764258563895,4374.764258563896,-3031.601004473074
17,0.0,4402.310527392842,4402.310527392844,-3033.917282042072
17,0.0,4455.8175421732485,4455.817542173246,-3175.397825818922
17,50.0,4591.552060361476,4641.552060361477,-3193.898121647696
17,0.0,4678.44846055247,4678.44846055247,-3280.2316289556184
17,0.0,4852.946441428432,4852.946441428431,-3371.203719230056
17,0.0,4882.37154333871,4882.371543338711,-3376.6049842131583
17,0.0,4913.294049753048,4913.294049753049,-3464.1879443715698
18,12.5,0.0,12.5,170.57196742494642
18,50.0,0.0,50.0,133.5031712734728
18,0.0,115.48443440721978,115.48443440721981,92.02717659194096
18,0.0,200.56516608484833,200.56516608484839,-1.815431392867833
18,0.0,275.9171700894869,275.91717008948683,-36.74374656304865
18,0.0,349.0351682094423,349.03516820944236,-58.95599691697317
18,0.0,392.75325409004046,392.75325409004046,-110.9121964988412
18,0.0,501.22101053535886,501.22101053535886,-122.80009889544854
18,0.0,554.8399159244378,554.8399159244381,-252.22552239077854
18,0.0,732.6604795835332,732.6604795835332,-296.8585782535384
18,0.0,783.4536262964223,783.4536262964225,-397.82961346579856
18,0.0,847.5083917035641,847.5083917035645,-451.38469445072997
18,0.0,903.9012350895033,903.9012350895032,-484.5892202668579
18,0.0,958.5374817793632,958.5374817793635,-552.3416854679892
18,0.0,1042.4894330126351,1042.4894330126351,-633.5632334748865
18,50.0,1128.664137757711,1178.664137757711,-639.8303523097345
18,0.0,1219.9331718321648,1219.9331718321653,-687.5042336457839
18,50.0,1250.0,1300.0,-689.9353392165417
18,0.0,1307.0703580053028,1307.070358005303,-702.1258179604398
18,0.0,1349.384636720376,1349.3846367203764,-786.0817016980438
18,0.0,1383.1977789751065,1383.197778975107,-857.0559719344628
18,0.0,1415.2417193926003,1415.241719392601,-863.0782397593903
18,0.0,1476.2509935225632,1476.2509935225632,-898.0019027902664
18,0.0,1555.5294410616088,1555.5294410616084,-959.9249963695645
18,0.0,1614.0909776536391,1614.090977653639,-1013.7478990132441
18,0.0,1793.619362828995,1793.6193628289948,-1123.4333247397258
18,0.0,1845.317546382649,1845.3175463826485,-1205.748287736574
18,0.0,1975.5901677130205,1975.5901677130205,-1248.4582316490064
18,0.0,2042.1740273826422,2042.1740273826424,-1289.0016892974213
18,0.0,2074.022163426279,2074.022163426278,-1347.1681631119977
18,0.0,2185.5158043349106,2185.5158043349106,-1469.1215776801362
18,0.0,2231.2502253662637,2231.250225366264,-1485.1632926650016
18,0.0,2246.6470405122545,2246.6470405122536,-1488.9851894759945
18,0.0,2357.5546687247547,2357.5546687247547,-1543.222551624401
18,0.0,2387.921674211665,2387.921674211665,-1568.307777558107
18,0.0,2420.0208666915664,2420.0208666915664,-1615.965131015678
18,37.5,2500.0,2537.5,-1639.0354309607983
18,0.0,2634.2122198282736,2634.2122198282736,-1702.0963323862218
18,0.0,2700.158170543723,2700.158170543723,-1774.4956280196175
18,0.0,2794.88775802564,2794.88775802564,-1806.943819805386
18,0.0,2833.7284888087647,2833.7284888087647,-1877.0357461603191
18,0.0,2881.187926988666,2881.1879269886654,-1893.824015994366
18,0.0,2931.1061390244713,2931.1061390244718,-1933.6862080704905
18,0.0,2952.625975242964,2952.625975242964,-1999.1437857538187
18,0.0,3060.8283066252593,3060.82830662526,-2084.9142520229107
18,0.0,3198.606379802289,3198.606379802288,-2149.5117410736793
18,0.0,3227.6055909406746,3227.6055909406737,-2157.7494584188016
18,0.0,3269.005514039852,3269.0055140398526,-2237.5247763826587
18,0.0,3292.843691376509,3292.84369137651,-2248.7397183852745
18,0.0,3376.645768389965,3376.645768389965,-2282.906446310185
18,0.0,3448.001193440161,3448.0011934401628,-2327.2314270479296
18,0.0,3495.186972599893,3495.1869725998913,-2386.3253332951767
18,0.0,3527.176305680396,3527.176305680397,-2399.489772894115
18,0.0,3567.4931446215296,3567.4931446215287,-2414.8855925000976
18,0.0,3750.0,3750.0,-2510.531066492427
18,0.0,3783.614236161152,3783.614236161151,-2619.424984654967
18,0.0,3815.7616347812386,3815.7616347812377,-2637.3325318751226
18,0.0,3964.0478048484474,3964.0478048484492,-2652.9074662880107
18,0.0,4012.769364157892,4012.7693641578935,-2682.3826558727997
18,0.0,4042.0540317319296,4042.0540317319305,-2773.7850810883083
18,0.0,4088.3611105416962,4088.361110541695,-2869.109631027391
18,0.0,4261.729412463621,4261.729412463623,-2911.01814651461
18,0.0,4350.686351871992,4350.686351871992,-2968.1217137528342
18,0.0,4374.764258563895,4374.764258563896,-3031.601004473074
18,0.0,4402.310527392842,4402.310527392844,-3033.917282042072
18,0.0,4455.8175421732485,4455.817542173246,-3175.397825818922
18,50.0,4591.552060361476,4641.552060361477,-3193.898121647696
18,0.0,4678.44846055247,4678.44846055247,-3280.2316289556184
18,0.0,4852.946441428432,4852.946441428431,-3371.203719230056
18,0.0,4882.37154333871,4882.371543338711,-3376.6049842131583
18,0.0,4913.294049753048,4913.294049753049,-3464.1879443715698
19,12.5,0.0,12.5,170.57196742494642
19,50.0,0.0,50.0,133.5031712734728
19,0.0,115.48443440721978,115.48443440721981,92.02717659194096
19,0.0,200.56516608484833,200.56516608484839,-1.815431392867833
19,0.0,275.9171700894869,275.91717008948683,-36.74374656304865
19,0.0,349.0351682094423,349.03516820944236,-58.95599691697317
19,0.0,392.75325409004046,392.75325409004046,-110.9121964988412
19,0.0,501.22101053535886,501.22101053535886,-122.80009889544854
19,0.0,554.8399159244378,554.8399159244381,-252.22552239077854
19,0.0,732.6604795835332,732.6604795835332,-296.8585782535384
19,0.0,783.4536262964223,783.4536262964225,-397.82961346579856
19,0.0,847.5083917035641,847.5083917035645,-451.38469445072997
19,0.0,903.9012350895033,903.9012350895032,-484.5892202668579
19,0.0,958.5374817793632,958.5374817793635,-552.3416854679892
19,0.0,1019.0085762751376,1019.0085762751372,-553.6009495200631
19,0.0,1042.4894330126351,1042.4894330126351,-633.5632334748865
19,50.0,1128.664137757711,1178.664137757711,-639.8303523097345
19,0.0,1219.9331718321648,1219.9331718321653,-687.5042336457839
19,50.0,1250.0,1300.0,-689.9353392165417
19,0.0,1307.0703580053028,1307.070358005303,-702.1258179604398
19,0.0,1349.384636720376,1349.3846367203764,-786.0817016980438
19,0.0,1383.1977789751065,1383.197778975107,-857.0559719344628
19,0.0,1415.2417193926003,1415.241719392601,-863.0782397593903
19,0.0,1476.2509935225632,1476.2509935225632,-898.0019027902664
19,0.0,1555.5294410616088,1555.5294410616084,-959.9249963695645
19,0.0,1614.0909776536391,1614.090977653639,-1013.7478990132441
19,0.0,1793.619362828995,1793.6193628289948,-1123.4333247397258
19,0.0,1845.317546382649,1845.3175463826485,-1205.748287736574
19,0.0,1975.5901677130205,1975.5901677130205,-1248.4582316490064
19,0.0,2042.1740273826422,2042.1740273826424,-1289.0016892974213
19,0.0,2074.022163426279,2074.022163426278,-1347.1681631119977
19,0.0,2185.5158043349106,2185.5158043349106,-1469.1215776801362
19,0.0,2231.2502253662637,2231.250225366264,-1485.1632926650016
19,0.0,2246.6470405122545,2246.6470405122536,-1488.9851894759945
19,0.0,2357.5546687247547,2357.5546687247547,-1543.222551624401
19,0.0,2387.921674211665,2387.921674211665,-1568.307777558107
19,0.0,2420.0208666915664,2420.0208666915664,-1615.965131015678
19,37.5,2500.0,2537.5,-1639.0354309607983
19,0.0,2634.2122198282736,2634.2122198282736,-1702.0963323862218
19,0.0,2700.158170543723,2700.158170543723,-1774.4956280196175
19,0.0,2794.88775802564,2794.88775802564,-1806.943819805386
19,0.0,2833.7284888087647,2833.7284888087647,-1877.0357461603191
19,0.0,2881.187926988666,2881.1879269886654,-1893.824015994366
19,0.0,2931.1061390244713,2931.1061390244718,-1933.6862080704905
19,0.0,2952.625975242964,2952.625975242964,-1999.1437857538187
19,0.0,3060.8283066252593,3060.82830662526,-2084.9142520229107
19,0.0,3198.606379802289,3198.606379802288,-2149.5117410736793
19,0.0,3227.6055909406746,3227.6055909406737,-2157.7494584188016
19,0.0,3269.005514039852,3269.0055140398526,-2237.5247763826587
19,0.0,3292.843691376509,3292.84369137651,-2248.7397183852745
19,0.0,3376.645768389965,3376.645768389965,-2282.906446310185
19,0.0,3448.001193440161,3448.0011934401628,-2327.2314270479296
19,0.0,3495.186972599893,3495.1869725998913,-2386.3253332951767
19,0.0,3527.176305680396,3527.176305680397,-2399.489772894115
19,0.0,3567.4931446215296,3567.4931446215287,-2414.8855925000976
19,0.0,3750.0,3750.0,-2510.531066492427
19,0.0,3783.614236161152,3783.614236161151,-2619.424984654967
19,0.0,3815.7616347812386,3815.7616347812377,-2637.3325318751226
19,0.0,3964.0478048484474,3964.0478048484492,-2652.9074662880107
19,0.0,4012.769364157892,4012.7693641578935,-2682.3826558727997
19,0.0,4042.0540317319296,4042.0540317319305,-2773.7850810883083
19,0.0,4088.3611105416962,4088.361110541695,-2869.109631027391
19,0.0,4261.729412463621,4261.729412463623,-2911.01814651461
19,0.0,4350.686351871992,4350.686351871992,-2968.1217137528342
19,0.0,4374.764258563895,4374.764258563896,-3031.601004473074
19,0.0,4380.570474515908,4380.570474515908,-3074.708301953512
19,0.0,4455.8175421732485,4455.817542173246,-3175.397825818922
19,50.0,4591.552060361476,4641.552060361477,-3193.898121647696
19,0.0,4678.44846055247,4678.44846055247,-3280.2316289556184
19,0.0,4852.946441428432,4852.946441428431,-3371.203719230056
19,0.0,4882.37154333871,4882.371543338711,-3376.6049842131583
19,0.0,4913.294049753048,4913.294049753049,-3464.1879443715698
20,12.5,0.0,12.5,170.57196742494642
20,50.0,0.0,50.0,133.5031712734728
20,0.0,115.48443440721978,115.48443440721981,92.02717659194096
20,0.0,200.56516608484833,200.56516608484839,-1.815431392867833
20,0.0,275.9171700894869,275.91717008948683,-36.74374656304865
20,0.0,349.0351682094423,349.03516820944236,-58.95599691697317
20,0.0,392.75325409004046,392.75325409004046,-110.9121964988412
20,0.0,501.22101053535886,501.22101053535886,-122.80009889544854
20,0.0,554.8399159244378,554.8399159244381,-252.22552239077854
20,0.0,732.6604795835332,732.6604795835332,-296.8585782535384
20,0.0,783.4536262964223,783.4536262964225,-397.82961346579856
20,0.0,847.5083917035641,847.5083917035645,-451.38469445072997
20,0.0,903.9012350895033,903.9012350895032,-484.5892202668579
20,0.0,958.5374817793632,958.5374817793635,-552.3416854679892
20,0.0,1019.0085762751376,1019.0085762751372,-553.6009495200631
20,0.0,1042.4894330126351,1042.4894330126351,-633.5632334748865
20,50.0,1128.664137757711,1178.664137757711,-639.8303523097345
20,0.0,1219.9331718321648,1219.9331718321653,-687.5042336457839
20,50.0,1250.0,1300.0,-689.9353392165417
20,0.0,1307.0703580053028,1307.070358005303,-702.1258179604398
20,0.0,1349.384636720376,1349.3846367203764,-786.0817016980438
20,0.0,1383.1977789751065,1383.197778975107,-857.0559719344628
20,0.0,1415.2417193926003,1415.241719392601,-863.0782397593903
20,0.0,1476.2509935225632,1476.2509935225632,-898.0019027902664
20,0.0,1555.5294410616088,1555.5294410616084,-959.9249963695645
20,0.0,1614.0909776536391,1614.090977653639,-1013.7478990132441
20,0.0,1793.619362828995,1793.6193628289948,-1123.4333247397258
20,0.0,1845.317546382649,1845.3175463826485,-1205.748287736574
20,0.0,1975.5901677130205,1975.5901677130205,-1248.4582316490064
20,0.0,2042.1740273826422,2042.1740273826424,-1289.0016892974213
20,0.0,2074.022163426279,2074.022163426278,-1347.1681631119977
20,0.0,2185.5158043349106,2185.5158043349106,-1469.1215776801362
20,0.0,2231.2502253662637,2231.250225366264,-1485.1632926650016
20,0.0,2246.6470405122545,2246.6470405122536,-1488.9851894759945
20,0.0,2357.5546687247547,2357.5546687247547,-1543.222551624401
20,0.0,2387.921674211665,2387.921674211665,-1568.307777558107
20,0.0,2420.0208666915664,2420.0208666915664,-1615.965131015678
20,0.0,2525.370544631351,2525.3705446313515,-1619.6462884270516
20,37.5,2500.0,2537.5,-1639.0354309607983
20,0.0,2546.8830743032204,2546.8830743032204,-1693.1435531376737
20,0.0,2634.2122198282736,2634.2122198282736,-1702.0963323862218
20,0.0,2700.158170543723,2700.158170543723,-1774.4956280196175
20,0.0,2794.88775802564,2794.88775802564,-1806.943819805386
20,0.0,2833.7284888087647,2833.7284888087647,-1877.0357461603191
20,0.0,2881.187926988666,2881.1879269886654,-1893.824015994366
20,0.0,2931.1061390244713,2931.1061390244718,-1933.6862080704905
20,0.0,2952.625975242964,2952.625975242964,-1999.1437857538187
20,0.0,3060.8283066252593,3060.82830662526,-2084.9142520229107
20,0.0,3198.606379802289,3198.606379802288,-2149.5117410736793
20,0.0,3227.6055909406746,3227.6055909406737,-2157.7494584188016
20,0.0,3269.005514039852,3269.0055140398526,-2237.5247763826587
20,0.0,3292.843691376509,3292.84369137651,-2248.7397183852745
20,0.0,3376.645768389965,3376.645768389965,-2282.906446310185
20,0.0,3448.001193440161,3448.0011934401628,-2327.2314270479296
20,0.0,3495.186972599893,3495.1869725998913,-2386.3253332951767
20,0.0,3527.176305680396,3527.176305680397,-2399.489772894115
20,0.0,3567.4931446215296,3567.4931446215287,-2414.8855925000976
20,0.0,3750.0,3750.0,-2510.531066492427
20,0.0,3783.614236161152,3783.614236161151,-2619.424984654967
20,0.0,3815.7616347812386,3815.7616347812377,-2637.3325318751226
20,0.0,3964.0478048484474,3964.0478048484492,-2652.9074662880107
20,0.0,4012.769364157892,4012.7693641578935,-2682.3826558727997
20,0.0,4042.0540317319296,4042.0540317319305,-2773.7850810883083
20,0.0,4065.081546495356,4065.081546495356,-2794.4990194314532
20,0.0,4088.3611105416962,4088.361110541695,-2869.109631027391
20,0.0,4261.729412463621,4261.729412463623,-2911.01814651461
20,0.0,4350.686351871992,4350.686351871992,-2968.1217137528342
20,0.0,4374.764258563895,4374.764258563896,-3031.601004473074
20,0.0,4380.570474515908,4380.570474515908,-3074.708301953512
20,0.0,4455.8175421732485,4455.817542173246,-3175.397825818922
20,50.0,4591.552060361476,4641.552060361477,-3193.898121647696
20,0.0,4678.44846055247,4678.44846055247,-3280.2316289556184
20,0.0,4805.260483003838,4805.260483003838,-3290.917809669764
20,0.0,4852.946441428432,4852.946441428431,-3371.203719230056
20,0.0,4882.37154333871,4882.371543338711,-3376.6049842131583
20,0.0,4913.294049753048,4913.294049753049,-3464.1879443715698
21,12.5,0.0,12.5,170.57196742494642
21,50.0,0.0,50.0,133.5031712734728
21,0.0,115.48443440721978,115.48443440721981,92.02717659194096
21,0.0,200.56516608484833,200.56516608484839,-1.815431392867833
21,0.0,275.9171700894869,275.91717008948683,-36.74374656304865
21,0.0,349.0351682094423,349.03516820944236,-58.95599691697317
21,0.0,392.75325409004046,392.75325409004046,-110.9121964988412
21,0.0,501.22101053535886,501.22101053535886,-122.80009889544854
21,0.0,554.8399159244378,554.8399159244381,-252.22552239077854
21,0.0,732.6604795835332,732.6604795835332,-296.8585782535384
21,0.0,783.4536262964223,783.4536262964225,-397.82961346579856
21,0.0,847.5083917035641,847.5083917035645,-451.38469445072997
21,0.0,903.9012350895033,903.9012350895032,-484.5892202668579
21,0.0,958.5374817793632,958.5374817793635,-552.3416854679892
21,0.0,1019.0085762751376,1019.0085762751372,-553.6009495200631
21,0.0,1042.4894330126351,1042.4894330126351,-633.5632334748865
21,0.0,1171.7195365092687,1171.719536509269,-665.9696680692917
21,0.0,1219.9331718321648,1219.9331718321653,-687.5042336457839
21,50.0,1250.0,1300.0,-689.9353392165417
21,0.0,1307.0703580053028,1307.070358005303,-702.1258179604398
21,0.0,1349.384636720376,1349.3846367203764,-786.0817016980438
21,0.0,1383.1977789751065,1383.197778975107,-857.0559719344628
21,0.0,1415.2417193926003,1415.241719392601,-863.0782397593903
21,0.0,1476.2509935225632,1476.2509935225632,-898.0019027902664
21,0.0,1555.5294410616088,1555.5294410616084,-959.9249963695645
21,0.0,1614.0909776536391,1614.090977653639,-1013.7478990132441
21,0.0,1793.619362828995,1793.6193628289948,-1123.4333247397258
21,0.0,1845.317546382649,1845.3175463826485,-1205.748287736574
21,0.0,1975.5901677130205,1975.5901677130205,-1248.4582316490064
21,0.0,2042.1740273826422,2042.1740273826424,-1289.0016892974213
21,0.0,2074.022163426279,2074.022163426278,-1347.1681631119977
21,0.0,2185.5158043349106,2185.5158043349106,-1469.1215776801362
21,0.0,2231.2502253662637,2231.250225366264,-1485.1632926650016
21,0.0,2246.6470405122545,2246.6470405122536,-1488.9851894759945
21,0.0,2357.5546687247547,2357.5546687247547,-1543.222551624401
21,0.0,2387.921674211665,2387.921674211665,-1568.307777558107
21,0.0,2420.0208666915664,2420.0208666915664,-1615.965131015678
21,0.0,2525.370544631351,2525.3705446313515,-1619.6462884270516
21,37.5,2500.0,2537.5,-1639.0354309607983
21,0.0,2546.8830743032204,2546.8830743032204,-1693.1435531376737
21,50.0,2572.1789008990527,2622.1789008990527,-1699.655194755236
21,0.0,2634.2122198282736,2634.2122198282736,-1702.0963323862218
21,0.0,2700.158170543723,2700.158170543723,-1774.4956280196175
21,0.0,2794.88775802564,2794.88775802564,-1806.943819805386
21,0.0,2833.7284888087647,2833.7284888087647,-1877.0357461603191
21,0.0,2881.187926988666,2881.1879269886654,-1893.824015994366
21,0.0,2931.1061390244713,2931.1061390244718,-1933.6862080704905
21,0.0,2952.625975242964,2952.625975242964,-1999.1437857538187
21,0.0,3060.8283066252593,3060.82830662526,-2084.9142520229107
21,0.0,3198.606379802289,3198.606379802288,-2149.5117410736793
21,0.0,3227.6055909406746,3227.6055909406737,-2157.7494584188016
21,0.0,3269.005514039852,3269.0055140398526,-2237.5247763826587
21,0.0,3292.843691376509,3292.84369137651,-2248.7397183852745
21,0.0,3376.645768389965,3376.645768389965,-2282.906446310185
21,0.0,3448.001193440161,3448.0011934401628,-2327.2314270479296
21,0.0,3495.186972599893,3495.1869725998913,-2386.3253332951767
21,0.0,3527.176305680396,3527.176305680397,-2399.489772894115
21,0.0,3567.4931446215296,3567.4931446215287,-2414.8855925000976
21,0.0,3750.0,3750.0,-2510.531066492427
21,0.0,3783.614236161152,3783.614236161151,-2619.424984654967
21,0.0,3815.7616347812386,3815.7616347812377,-2637.3325318751226
21,0.0,3964.0478048484474,3964.0478048484492,-2652.9074662880107
21,0.0,4012.769364157892,4012.7693641578935,-2682.3826558727997
21,0.0,4042.0540317319296,4042.0540317319305,-2773.7850810883083
21,0.0,4065.081546495356,4065.081546495356,-2794.4990194314532
21,0.0,4088.3611105416962,4088.361110541695,-2869.109631027391
21,0.0,4261.729412463621,4261.729412463623,-2911.01814651461
21,0.0,4350.686351871992,4350.686351871992,-2968.1217137528342
21,0.0,4374.764258563895,4374.764258563896,-3031.601004473074
21,0.0,4380.570474515908,4380.570474515908,-3074.708301953512
21,0.0,4455.8175421732485,4455.817542173246,-3175.397825818922
21,50.0,4591.552060361476,4641.552060361477,-3193.898121647696
21,0.0,4678.44846055247,4678.44846055247,-3280.2316289556184
21,0.0,4805.260483003838,4805.260483003838,-3290.917809669764
21,0.0,4852.946441428432,4852.946441428431,-3371.203719230056
21,0.0,4882.37154333871,4882.371543338711,-3376.6049842131583
21,0.0,4913.294049753048,4913.294049753049,-3464.1879443715698
22,12.5,0.0,12.5,170.57196742494642
22,50.0,0.0,50.0,133.5031712734728
22,0.0,115.48443440721978,115.48443440721981,92.02717659194096
22,0.0,200.56516608484833,200.56516608484839,-1.815431392867833
22,0.0,275.9171700894869,275.91717008948683,-36.74374656304865
22,0.0,349.0351682094423,349.03516820944236,-58.95599691697317
22,0.0,392.75325409004046,392.75325409004046,-110.9121964988412
22,0.0,501.22101053535886,501.22101053535886,-122.80009889544854
22,0.0,554.8399159244378,554.8399159244381,-252.22552239077854
22,0.0,732.6604795835332,732.6604795835332,-296.8585782535384
22,0.0,783.4536262964223,783.4536262964225,-397.82961346579856
22,0.0,847.5083917035641,847.5083917035645,-451.38469445072997
22,0.0,903.9012350895033,903.9012350895032,-484.5892202668579
22,0.0,958.5374817793632,958.5374817793635,-552.3416854679892
22,0.0,1019.0085762751376,1019.0085762751372,-553.6009495200631
22,0.0,1042.4894330126351,1042.4894330126351,-633.5632334748865
22,0.0,1171.7195365092687,1171.719536509269,-665.9696680692917
22,0.0,1219.9331718321648,1219.9331718321653,-687.5042336457839
22,50.0,1250.0,1300.0,-689.9353392165417
22,0.0,1307.0703580053028,1307.070358005303,-702.1258179604398
22,0.0,1349.384636720376,1349.3846367203764,-786.0817016980438
22,0.0,1383.1977789751065,1383.197778975107,-857.0559719344628
22,0.0,1415.2417193926003,1415.241719392601,-863.0782397593903
22,0.0,1476.2509935225632,1476.2509935225632,-898.0019027902664
22,0.0,1555.5294410616088,1555.5294410616084,-959.9249963695645
22,0.0,1614.0909776536391,1614.090977653639,-1013.7478990132441
22,0.0,1793.619362828995,1793.6193628289948,-1123.4333247397258
22,0.0,1845.317546382649,1845.3175463826485,-1205.748287736574
22,0.0,1975.5901677130205,1975.5901677130205,-1248.4582316490064
22,0.0,2042.1740273826422,2042.1740273826424,-1289.0016892974213
22,0.0,2074.022163426279,2074.022163426278,-1347.1681631119977
22,0.0,2185.5158043349106,2185.5158043349106,-1469.1215776801362
22,0.0,2231.2502253662637,2231.250225366264,-1485.1632926650016
22,0.0,2246.6470405122545,2246.6470405122536,-1488.9851894759945
22,0.0,2357.5546687247547,2357.5546687247547,-1543.222551624401
22,0.0,2387.921674211665,2387.921674211665,-1568.307777558107
22,0.0,2420.0208666915664,2420.0208666915664,-1615.965131015678
22,0.0,2525.370544631351,2525.3705446313515,-1619.6462884270516
22,37.5,2500.0,2537.5,-1639.0354309607983
22,0.0,2546.8830743032204,2546.8830743032204,-1693.1435531376737
22,50.0,2572.1789008990527,2622.1789008990527,-1699.655194755236
22,0.0,2634.2122198282736,2634.2122198282736,-1702.0963323862218
22,0.0,2700.158170543723,2700.158170543723,-1774.4956280196175
22,0.0,2794.88775802564,2794.88775802564,-1806.943819805386
22,0.0,2833.7284888087647,2833.7284888087647,-1877.0357461603191
22,0.0,2881.187926988666,2881.1879269886654,-1893.824015994366
22,0.0,2931.1061390244713,2931.1061390244718,-1933.6862080704905
22,0.0,2952.625975242964,2952.625975242964,-1999.1437857538187
22,0.0,3060.8283066252593,3060.82830662526,-2084.9142520229107
22,0.0,3162.910759450516,3162.9107594505163,-2111.740796632113
22,0.0,3198.606379802289,3198.606379802288,-2149.5117410736793
22,0.0,3227.6055909406746,3227.6055909406737,-2157.7494584188016
22,0.0,3269.005514039852,3269.0055140398526,-2237.5247763826587
22,0.0,3292.843691376509,3292.84369137651,-2248.7397183852745
22,0.0,3376.645768389965,3376.645768389965,-2282.906446310185
22,0.0,3448.001193440161,3448.0011934401628,-2327.2314270479296
22,0.0,3495.186972599893,3495.1869725998913,-2386.3253332951767
22,0.0,3527.176305680396,3527.176305680397,-2399.489772894115
22,0.0,3567.4931446215296,3567.4931446215287,-2414.8855925000976
22,0.0,3750.0,3750.0,-2510.531066492427
22,0.0,3783.614236161152,3783.614236161151,-2619.424984654967
22,0.0,3815.7616347812386,3815.7616347812377,-2637.3325318751226
22,0.0,3915.8628018432,3915.8628018432,-2663.8764636772034
22,0.0,4012.769364157892,4012.7693641578935,-2682.3826558727997
22,0.0,4042.0540317319296,4042.0540317319305,-2773.7850810883083
22,0.0,4065.081546495356,4065.081546495356,-2794.4990194314532
22,0.0,4088.3611105416962,4088.361110541695,-2869.109631027391
22,0.0,4261.729412463621,4261.729412463623,-2911.01814651461
22,0.0,4350.686351871992,4350.686351871992,-2968.1217137528342
22,0.0,4374.764258563895,4374.764258563896,-3031.601004473074
22,0.0,4380.570474515908,4380.570474515908,-3074.708301953512
22,0.0,4455.8175421732485,4455.817542173246,-3175.397825818922
22,50.0,4591.552060361476,4641.552060361477,-3193.898121647696
22,0.0,4678.44846055247,4678.44846055247,-3280.2316289556184
22,0.0,4805.260483003838,4805.260483003838,-3290.917809669764
22,0.0,4852.946441428432,4852.946441428431,-3371.203719230056
22,0.0,4882.37154333871,4882.371543338711,-3376.6049842131583
22,0.0,4913.294049753048,4913.294049753049,-3464.1879443715698
23,12.5,0.0,12.5,170.57196742494642
23,34.021634820880365,0.0,34.021634820880365,121.61128095840435
23,0.0,115.48443440721978,115.48443440721981,92.02717659194096
23,0.0,200.56516608484833,200.56516608484839,-1.815431392867833
23,0.0,275.9171700894869,275.91717008948683,-36.74374656304865
23,0.0,349.0351682094423,349.03516820944236,-58.95599691697317
23,0.0,392.75325409004046,392.75325409004046,-110.9121964988412
23,0.0,501.22101053535886,501.22101053535886,-122.80009889544854
23,0.0,554.8399159244378,554.8399159244381,-252.22552239077854
23,0.0,732.6604795835332,732.6604795835332,-296.8585782535384
23,0.0,783.4536262964223,783.4536262964225,-397.82961346579856
23,0.0,847.5083917035641,847.5083917035645,-451.38469445072997
23,0.0,903.9012350895033,903.9012350895032,-484.5892202668579
23,0.0,958.5374817793632,958.5374817793635,-552.3416854679892
23,0.0,1019.0085762751376,1019.0085762751372,-553.6009495200631
23,0.0,1042.4894330126351,1042.4894330126351,-633.5632334748865
23,0.0,1171.7195365092687,1171.719536509269,-665.9696680692917
23,0.0,1219.9331718321648,1219.9331718321653,-687.5042336457839
23,50.0,1250.0,1300.0,-689.9353392165417
23,0.0,1307.0703580053028,1307.070358005303,-702.1258179604398
23,0.0,1349.384636720376,1349.3846367203764,-786.0817016980438
23,0.0,1383.1977789751065,1383.197778975107,-857.0559719344628
23,0.0,1415.2417193926003,1415.241719392601,-863.0782397593903
23,0.0,1476.2509935225632,1476.2509935225632,-898.0019027902664
23,0.0,1555.5294410616088,1555.5294410616084,-959.9249963695645
23,0.0,1614.0909776536391,1614.090977653639,-1013.7478990132441
23,0.0,1793.619362828995,1793.6193628289948,-1123.4333247397258
23,0.0,1845.317546382649,1845.3175463826485,-1205.748287736574
23,0.0,1975.5901677130205,1975.5901677130205,-1248.4582316490064
23,0.0,2042.1740273826422,2042.1740273826424,-1289.0016892974213
23,0.0,2074.022163426279,2074.022163426278,-1347.1681631119977
23,0.0,2185.5158043349106,2185.5158043349106,-1469.1215776801362
23,0.0,2231.2502253662637,2231.250225366264,-1485.1632926650016
23,0.0,2246.6470405122545,2246.6470405122536,-1488.9851894759945
23,0.0,2357.5546687247547,2357.5546687247547,-1543.222551624401
23,0.0,2387.921674211665,2387.921674211665,-1568.307777558107
23,0.0,2420.0208666915664,2420.0208666915664,-1615.965131015678
23,0.0,2525.370544631351,2525.3705446313515,-1619.6462884270516
23,37.5,2500.0,2537.5,-1639.0354309607983
23,0.0,2546.8830743032204,2546.8830743032204,-1693.1435531376737
23,0.0,2567.460659439033,2567.460659439033,-1701.4497799982041
23,0.0,2634.2122198282736,2634.2122198282736,-1702.0963323862218
23,0.0,2700.158170543723,2700.158170543723,-1774.4956280196175
23,0.0,2794.88775802564,2794.88775802564,-1806.943819805386
23,0.0,2833.7284888087647,2833.7284888087647,-1877.0357461603191
23,0.0,2881.187926988666,2881.1879269886654,-1893.824015994366
23,0.0,2931.1061390244713,2931.1061390244718,-1933.6862080704905
23,0.0,2952.625975242964,2952.625975242964,-1999.1437857538187
23,0.0,3060.8283066252593,3060.82830662526,-2084.9142520229107
23,0.0,3162.910759450516,3162.9107594505163,-2111.740796632113
23,0.0,3198.606379802289,3198.606379802288,-2149.5117410736793
23,0.0,3227.6055909406746,3227.6055909406737,-2157.7494584188016
23,0.0,3269.005514039852,3269.0055140398526,-2237.5247763826587
23,0.0,3292.843691376509,3292.84369137651,-2248.7397183852745
23,0.0,3376.645768389965,3376.645768389965,-2282.906446310185
23,0.0,3448.001193440161,3448.0011934401628,-2327.2314270479296
23,0.0,3495.186972599893,3495.1869725998913,-2386.3253332951767
23,0.0,3527.176305680396,3527.176305680397,-2399.489772894115
23,0.0,3567.4931446215296,3567.4931446215287,-2414.8855925000976
23,0.0,3750.0,3750.0,-2510.531066492427
23,0.0,3783.614236161152,3783.614236161151,-2619.424984654967
23,0.0,3815.7616347812386,3815.7616347812377,-2637.3325318751226
23,0.0,3915.8628018432,3915.8628018432,-2663.8764636772034
23,0.0,4012.769364157892,4012.7693641578935,-2682.3826558727997
23,0.0,4042.0540317319296,4042.0540317319305,-2773.7850810883083
23,0.0,4065.081546495356,4065.081546495356,-2794.4990194314532
23,0.0,4088.3611105416962,4088.361110541695,-2869.109631027391
23,0.0,4231.36367863372,4231.363678633722,-2869.4773525547635
23,0.0,4261.729412463621,4261.729412463623,-2911.01814651461
23,0.0,4350.686351871992,4350.686351871992,-2968.1217137528342
23,0.0,4374.764258563895,4374.764258563896,-3031.601004473074
23,0.0,4380.570474515908,4380.570474515908,-3074.708301953512
23,0.0,4455.8175421732485,4455.817542173246,-3175.397825818922
23,50.0,4591.552060361476,4641.552060361477,-3193.898121647696
23,0.0,4678.44846055247,4678.44846055247,-3280.2316289556184
23,0.0,4805.260483003838,4805.260483003838,-3290.917809669764
23,0.0,4852.946441428432,4852.946441428431,-3371.203719230056
23,0.0,4882.37154333871,4882.371543338711,-3376.6049842131583
23,0.0,4913.294049753048,4913.294049753049,-3464.1879443715698
24,0.0,0.0,0.0,209.2518515946815
24,12.5,0.0,12.5,170.57196742494642
24,34.021634820880365,0.0,34.021634820880365,121.61128095840435
24,0.0,115.48443440721978,115.48443440721981,92.02717659194096
24,0.0,200.56516608484833,200.56516608484839,-1.815431392867833
24,0.0,275.9171700894869,275.91717008948683,-36.74374656304865
24,0.0,349.0351682094423,349.03516820944236,-58.95599691697317
24,0.0,392.75325409004046,392.75325409004046,-110.9121964988412
24,0.0,501.22101053535886,501.22101053535886,-122.80009889544854
24,0.0,554.8399159244378,554.8399159244381,-252.22552239077854
24,0.0,732.6604795835332,732.6604795835332,-296.8585782535384
24,0.0,783.4536262964223,783.4536262964225,-397.82961346579856
24,0.0,847.5083917035641,847.5083917035645,-451.38469445072997
24,0.0,903.9012350895033,903.9012350895032,-484.5892202668579
24,0.0,958.5374817793632,958.5374817793635,-552.3416854679892
24,0.0,1019.0085762751376,1019.0085762751372,-553.6009495200631
24,0.0,1042.4894330126351,1042.4894330126351,-633.5632334748865
24,0.0,1171.7195365092687,1171.719536509269,-665.9696680692917
24,0.0,1219.9331718321648,1219.9331718321653,-687.5042336457839
24,50.0,1250.0,1300.0,-689.9353392165417
24,0.0,1307.0703580053028,1307.070358005303,-702.1258179604398
24,0.0,1349.384636720376,1349.3846367203764,-786.0817016980438
24,0.0,1383.1977789751065,1383.197778975107,-857.0559719344628
24,0.0,1415.2417193926003,1415.241719392601,-863.0782397593903
24,0.0,1476.2509935225632,1476.2509935225632,-898.0019027902664
24,0.0,1555.5294410616088,1555.5294410616084,-959.9249963695645
24,0.0,1614.0909776536391,1614.090977653639,-1013.7478990132441
24,0.0,1793.619362828995,1793.6193628289948,-1123.4333247397258
24,0.0,1845.317546382649,1845.3175463826485,-1205.748287736574
24,0.0,1975.5901677130205,1975.5901677130205,-1248.4582316490064
24,0.0,2042.1740273826422,2042.1740273826424,-1289.0016892974213
24,0.0,2074.022163426279,2074.022163426278,-1347.1681631119977
24,0.0,2185.5158043349106,2185.5158043349106,-1469.1215776801362
24,0.0,2231.2502253662637,2231.250225366264,-1485.1632926650016
24,0.0,2246.6470405122545,2246.6470405122536,-1488.9851894759945
24,0.0,2357.5546687247547,2357.5546687247547,-1543.222551624401
24,0.0,2387.921674211665,2387.921674211665,-1568.307777558107
24,0.0,2420.0208666915664,2420.0208666915664,-1615.965131015678
24,0.0,2525.370544631351,2525.3705446313515,-1619.6462884270516
24,37.5,2500.0,2537.5,-1639.0354309607983
24,0.0,2546.8830743032204,2546.8830743032204,-1693.1435531376737
24,0.0,2567.460659439033,2567.460659439033,-1701.4497799982041
24,0.0,2634.2122198282736,2634.2122198282736,-1702.0963323862218
24,0.0,2700.158170543723,2700.158170543723,-1774.4956280196175
24,0.0,2794.88775802564,2794.88775802564,-1806.943819805386
24,0.0,2833.7284888087647,2833.7284888087647,-1877.0357461603191
24,0.0,2881.187926988666,2881.1879269886654,-1893.824015994366
24,0.0,2931.1061390244713,2931.1061390244718,-1933.6862080704905
24,0.0,2952.625975242964,2952.625975242964,-1999.1437857538187
24,0.0,3060.8283066252593,3060.82830662526,-2084.9142520229107
24,0.0,3162.910759450516,3162.9107594505163,-2111.740796632113
24,0.0,3198.606379802289,3198.606379802288,-2149.5117410736793
24,0.0,3227.6055909406746,3227.6055909406737,-2157.7494584188016
24,0.0,3269.005514039852,3269.0055140398526,-2237.5247763826587
24,0.0,3292.843691376509,3292.84369137651,-2248.7397183852745
24,0.0,3376.645768389965,3376.645768389965,-2282.906446310185
24,0.0,3448.001193440161,3448.0011934401628,-2327.2314270479296
24,0.0,3495.186972599893,3495.1869725998913,-2386.3253332951767
24,0.0,3527.176305680396,3527.176305680397,-2399.489772894115
24,0.0,3567.4931446215296,3567.4931446215287,-2414.8855925000976
24,0.0,3750.0,3750.0,-2510.531066492427
24,0.0,3783.614236161152,3783.614236161151,-2619.424984654967
24,0.0,3815.7616347812386,3815.7616347812377,-2637.3325318751226
24,0.0,3915.8628018432,3915.8628018432,-2663.8764636772034
24,0.0,4012.769364157892,4012.7693641578935,-2682.3826558727997
24,0.0,4042.0540317319296,4042.0540317319305,-2773.7850810883083
24,0.0,4065.081546495356,4065.081546495356,-2794.4990194314532
24,0.0,4088.3611105416962,4088.361110541695,-2869.109631027391
24,0.0,4231.36367863372,4231.363678633722,-2869.4773525547635
24,0.0,4261.729412463621,4261.729412463623,-2911.01814651461
24,0.0,4330.01824808059,4330.01824808059,-2964.552492121407
24,0.0,4350.686351871992,4350.686351871992,-2968.1217137528342
24,0.0,4374.764258563895,4374.764258563896,-3031.601004473074
24,0.0,4380.570474515908,4380.570474515908,-3074.708301953512
24,0.0,4455.8175421732485,4455.817542173246,-3175.397825818922
24,50.0,4591.552060361476,4641.552060361477,-3193.898121647696
24,0.0,4678.44846055247,4678.44846055247,-3280.2316289556184
24,0.0,4805.260483003838,4805.260483003838,-3290.917809669764
24,0.0,4852.946441428432,4852.946441428431,-3371.203719230056
24,0.0,4882.37154333871,4882.371543338711,-3376.6049842131583
24,0.0,4913.294049753048,4913.294049753049,-3464.1879443715698
25,0.0,0.0,0.0,209.2518515946815
25,12.5,0.0,12.5,170.57196742494642
25,34.021634820880365,0.0,34.021634820880365,121.61128095840435
25,0.0,115.48443440721978,115.48443440721981,92.02717659194096
25,0.0,200.56516608484833,200.56516608484839,-1.815431392867833
25,0.0,275.9171700894869,275.91717008948683,-36.74374656304865
25,0.0,349.0351682094423,349.03516820944236,-58.95599691697317
25,0.0,392.75325409004046,392.75325409004046,-110.9121964988412
25,0.0,501.22101053535886,501.22101053535886,-122.80009889544854
25,41.955533974284144,460.49181189023227,502.44734586451625,-192.78432357954196
25,0.0,554.8399159244378,554.8399159244381,-252.22552239077854
25,0.0,732.6604795835332,732.6604795835332,-296.8585782535384
25,0.0,783.4536262964223,783.4536262964225,-397.82961346579856
25,0.0,847.5083917035641,847.5083917035645,-451.38469445072997
25,0.0,903.9012350895033,903.9012350895032,-484.5892202668579
25,0.0,958.5374817793632,958.5374817793635,-552.3416854679892
25,0.0,1019.0085762751376,1019.0085762751372,-553.6009495200631
25,0.0,1042.4894330126351,1042.4894330126351,-633.5632334748865
25,0.0,1171.7195365092687,1171.719536509269,-665.9696680692917
25,0.0,1219.9331718321648,1219.9331718321653,-687.5042336457839
25,50.0,1250.0,1300.0,-689.9353392165417
25,0.0,1307.0703580053028,1307.070358005303,-702.1258179604398
25,0.0,1349.384636720376,1349.3846367203764,-786.0817016980438
25,0.0,1383.1977789751065,1383.197778975107,-857.0559719344628
25,0.0,1415.2417193926003,1415.241719392601,-863.0782397593903
25,0.0,1476.2509935225632,1476.2509935225632,-898.0019027902664
25,0.0,1555.5294410616088,1555.5294410616084,-959.9249963695645
25,0.0,1614.0909776536391,1614.090977653639,-1013.7478990132441
25,0.0,1793.619362828995,1793.6193628289948,-1123.4333247397258
25,0.0,1845.317546382649,1845.3175463826485,-1205.748287736574
25,0.0,1975.5901677130205,1975.5901677130205,-1248.4582316490064
25,0.0,2042.1740273826422,2042.1740273826424,-1289.0016892974213
25,0.0,2074.022163426279,2074.022163426278,-1347.1681631119977
25,0.0,2185.5158043349106,2185.5158043349106,-1469.1215776801362
25,0.0,2231.2502253662637,2231.250225366264,-1485.1632926650016
25,0.0,2246.6470405122545,2246.6470405122536,-1488.9851894759945
25,0.0,2357.5546687247547,2357.5546687247547,-1543.222551624401
25,0.0,2387.921674211665,2387.921674211665,-1568.307777558107
25,0.0,2420.0208666915664,2420.0208666915664,-1615.965131015678
25,0.0,2525.370544631351,2525.3705446313515,-1619.6462884270516
25,37.5,2500.0,2537.5,-1639.0354309607983
25,0.0,2546.8830743032204,2546.8830743032204,-1693.1435531376737
25,0.0,2567.460659439033,2567.460659439033,-1701.4497799982041
25,0.0,2634.2122198282736,2634.2122198282736,-1702.0963323862218
25,0.0,2700.158170543723,2700.158170543723,-1774.4956280196175
25,0.0,2794.88775802564,2794.88775802564,-1806.943819805386
25,0.0,2833.7284888087647,2833.7284888087647,-1877.0357461603191
25,0.0,2881.187926988666,2881.1879269886654,-1893.824015994366
25,0.0,2931.1061390244713,2931.1061390244718,-1933.6862080704905
25,0.0,2952.625975242964,2952.625975242964,-1999.1437857538187
25,0.0,3060.8283066252593,3060.82830662526,-2084.9142520229107
25,0.0,3162.910759450516,3162.9107594505163,-2111.740796632113
25,0.0,3198.606379802289,3198.606379802288,-2149.5117410736793
25,0.0,3227.6055909406746,3227.6055909406737,-2157.7494584188016
25,0.0,3269.005514039852,3269.0055140398526,-2237.5247763826587
25,0.0,3292.843691376509,3292.84369137651,-2248.7397183852745
25,0.0,3376.645768389965,3376.645768389965,-2282.906446310185
25,0.0,3448.001193440161,3448.0011934401628,-2327.2314270479296
25,0.0,3495.186972599893,3495.1869725998913,-2386.3253332951767
25,0.0,3527.176305680396,3527.176305680397,-2399.489772894115
25,0.0,3567.4931446215296,3567.4931446215287,-2414.8855925000976
25,0.0,3750.0,3750.0,-2510.531066492427
25,0.0,3783.614236161152,3783.614236161151,-2619.424984654967
25,0.0,3815.7616347812386,3815.7616347812377,-2637.3325318751226
25,0.0,3915.8628018432,3915.8628018432,-2663.8764636772034
25,0.0,3935.269452968389,3935.2694529683877,-2680.5170850900167
25,0.0,4012.769364157892,4012.7693641578935,-2682.3826558727997
25,0.0,4028.2032127962993,4028.203212796301,-2723.7690132983776
25,0.0,4042.0540317319296,4042.0540317319305,-2773.7850810883083
25,0.0,4065.081546495356,4065.081546495356,-2794.4990194314532
25,0.0,4088.3611105416962,4088.361110541695,-2869.109631027391
25,0.0,4231.36367863372,4231.363678633722,-2869.4773525547635
25,0.0,4261.729412463621,4261.729412463623,-2911.01814651461
25,0.0,4330.01824808059,4330.01824808059,-2964.552492121407
25,0.0,4350.686351871992,4350.686351871992,-2968.1217137528342
25,0.0,4374.764258563895,4374.764258563896,-3031.601004473074
25,0.0,4380.570474515908,4380.570474515908,-3074.708301953512
25,0.0,4455.8175421732485,4455.817542173246,-3175.397825818922
25,50.0,4591.552060361476,4641.552060361477,-3193.898121647696
25,0.0,4678.44846055247,4678.44846055247,-3280.2316289556184
25,0.0,4805.260483003838,4805.260483003838,-3290.917809669764
25,0.0,4852.946441428432,4852.946441428431,-3371.203719230056
25,0.0,4882.37154333871,4882.371543338711,-3376.6049842131583
25,0.0,4913.294049753048,4913.294049753049,-3464.1879443715698
26,0.0,0.0,0.0,209.2518515946815
26,12.5,0.0,12.5,170.57196742494642
26,17.88543149842353,0.0,17.88543149842354,164.21177716342095
26,34.021634820880365,0.0,34.021634820880365,121.61128095840435
26,0.0,115.48443440721978,115.48443440721981,92.02717659194096
26,0.0,200.56516608484833,200.56516608484839,-1.815431392867833
26,0.0,275.9171700894869,275.91717008948683,-36.74374656304865
26,0.0,349.0351682094423,349.03516820944236,-58.95599691697317
26,0.0,392.75325409004046,392.75325409004046,-110.9121964988412
26,0.0,501.22101053535886,501.22101053535886,-122.80009889544854
26,41.955533974284144,460.49181189023227,502.44734586451625,-192.78432357954196
26,0.0,554.8399159244378,554.8399159244381,-252.22552239077854
26,29.039299292004173,598.8945331628826,627.9338324548869,-274.3687446902834
26,0.0,732.6604795835332,732.6604795835332,-296.8585782535384
26,0.0,783.4536262964223,783.4536262964225,-397.82961346579856
26,0.0,847.5083917035641,847.5083917035645,-451.38469445072997
26,28.175056491846345,868.3023897877738,896.4774462796199,-466.260150245184
26,0.0,903.9012350895033,903.9012350895032,-484.5892202668579
26,0.0,958.5374817793632,958.5374817793635,-552.3416854679892
26,0.0,1019.0085762751376,1019.0085762751372,-553.6009495200631
26,0.0,1042.4894330126351,1042.4894330126351,-633.5632334748865
26,0.0,1171.7195365092687,1171.719536509269,-665.9696680692917
26,0.0,1219.9331718321648,1219.9331718321653,-687.5042336457839
26,50.0,1250.0,1300.0,-689.9353392165417
26,0.0,1307.0703580053028,1307.070358005303,-702.1258179604398
26,0.0,1349.384636720376,1349.3846367203764,-786.0817016980438
26,0.0,1383.1977789751065,1383.197778975107,-857.0559719344628
26,0.0,1415.2417193926003,1415.241719392601,-863.0782397593903
26,0.0,1476.2509935225632,1476.2509935225632,-898.0019027902664
26,0.0,1555.5294410616088,1555.5294410616084,-959.9249963695645
26,0.0,1614.0909776536391,1614.090977653639,-1013.7478990132441
26,0.0,1793.619362828995,1793.6193628289948,-1123.4333247397258
26,0.0,1845.317546382649,1845.3175463826485,-1205.748287736574
26,0.0,1975.5901677130205,1975.5901677130205,-1248.4582316490064
26,0.0,2042.1740273826422,2042.1740273826424,-1289.0016892974213
26,0.0,2074.022163426279,2074.022163426278,-1347.1681631119977
26,0.0,2185.5158043349106,2185.5158043349106,-1469.1215776801362
26,0.0,2231.2502253662637,2231.250225366264,-1485.1632926650016
26,0.0,2246.6470405122545,2246.6470405122536,-1488.9851894759945
26,0.0,2357.5546687247547,2357.5546687247547,-1543.222551624401
26,0.0,2387.921674211665,2387.921674211665,-1568.307777558107
26,0.0,2420.0208666915664,2420.0208666915664,-1615.965131015678
26,0.0,2525.370544631351,2525.3705446313515,-1619.6462884270516
26,37.5,2500.0,2537.5,-1639.0354309607983
26,0.0,2546.8830743032204,2546.8830743032204,-1693.1435531376737
26,0.0,2567.460659439033,2567.460659439033,-1701.4497799982041
26,0.0,2634.2122198282736,2634.2122198282736,-1702.0963323862218
26,0.0,2700.158170543723,2700.158170543723,-1774.4956280196175
26,0.0,2794.88775802564,2794.88775802564,-1806.943819805386
26,0.0,2833.7284888087647,2833.7284888087647,-1877.0357461603191
26,0.0,2881.187926988666,2881.1879269886654,-1893.824015994366
26,0.0,2931.1061390244713,2931.1061390244718,-1933.6862080704905
26,0.0,2952.625975242964,2952.625975242964,-1999.1437857538187
26,0.0,3060.8283066252593,3060.82830662526,-2084.9142520229107
26,0.0,3162.910759450516,3162.9107594505163,-2111.740796632113
26,0.0,3198.606379802289,3198.606379802288,-2149.5117410736793
26,0.0,3227.6055909406746,3227.6055909406737,-2157.7494584188016
26,0.0,3269.005514039852,3269.0055140398526,-2237.5247763826587
26,0.0,3292.843691376509,3292.84369137651,-2248.7397183852745
26,0.0,3376.645768389965,3376.645768389965,-2282.906446310185
26,0.0,3448.001193440161,3448.0011934401628,-2327.2314270479296
26,0.0,3495.186972599893,3495.1869725998913,-2386.3253332951767
26,0.0,3527.176305680396,3527.176305680397,-2399.489772894115
26,0.0,3567.4931446215296,3567.4931446215287,-2414.8855925000976
26,0.0,3750.0,3750.0,-2510.531066492427
26,0.0,3783.614236161152,3783.614236161151,-2619.424984654967
26,0.0,3815.7616347812386,3815.7616347812377,-2637.3325318751226
26,0.0,3915.8628018432,3915.8628018432,-2663.8764636772034
26,0.0,3935.269452968389,3935.2694529683877,-2680.5170850900167
26,0.0,4012.769364157892,4012.7693641578935,-2682.3826558727997
26,0.0,4028.2032127962993,4028.203212796301,-2723.7690132983776
26,0.0,4042.0540317319296,4042.0540317319305,-2773.7850810883083
26,0.0,4065.081546495356,4065.081546495356,-2794.4990194314532
26,0.0,4088.3611105416962,4088.361110541695,-2869.109631027391
26,0.0,4231.36367863372,4231.363678633722,-2869.4773525547635
26,0.0,4261.729412463621,4261.729412463623,-2911.01814651461
26,0.0,4330.01824808059,4330.01824808059,-2964.552492121407
26,0.0,4350.686351871992,4350.686351871992,-2968.1217137528342
26,0.0,4374.764258563895,4374.764258563896,-3031.601004473074
26,0.0,4380.570474515908,4380.570474515908,-3074.708301953512
26,0.0,4455.8175421732485,4455.817542173246,-3175.397825818922
26,50.0,4591.552060361476,4641.552060361477,-3193.898121647696
26,0.0,4678.44846055247,4678.44846055247,-3280.2316289556184
26,0.0,4805.260483003838,4805.260483003838,-3290.917809669764
26,0.0,4852.946441428432,4852.946441428431,-3371.203719230056
26,0.0,4882.37154333871,4882.371543338711,-3376.6049842131583
26,0.0,4913.294049753048,4913.294049753049,-3464.1879443715698
27,0.0,0.0,0.0,209.2518515946815
27,12.5,0.0,12.5,170.57196742494642
27,17.88543149842353,0.0,17.88543149842354,164.21177716342095
27,34.021634820880365,0.0,34.021634820880365,121.61128095840435
27,0.0,115.48443440721978,115.48443440721981,92.02717659194096
27,0.0,200.56516608484833,200.56516608484839,-1.815431392867833
27,0.0,275.9171700894869,275.91717008948683,-36.74374656304865
27,0.0,349.0351682094423,349.03516820944236,-58.95599691697317
27,8.080303625444563,357.60743686577183,365.68774049121646,-136.31484614222265
27,41.955533974284144,460.49181189023227,502.44734586451625,-192.78432357954196
27,0.0,554.8399159244378,554.8399159244381,-252.22552239077854
27,8.699709753788092,594.2331671987203,602.9328769525084,-275.69668530032203
27,0.0,732.6604795835332,732.6604795835332,-296.8585782535384
27,0.0,783.4536262964223,783.4536262964225,-397.82961346579856
27,0.0,847.5083917035641,847.5083917035645,-451.38469445072997
27,28.175056491846345,868.3023897877738,896.4774462796199,-466.260150245184
27,0.0,903.9012350895033,903.9012350895032,-484.5892202668579
27,0.0,958.5374817793632,958.5374817793635,-552.3416854679892
27,0.0,1019.0085762751376,1019.0085762751372,-553.6009495200631
27,0.0,1042.4894330126351,1042.4894330126351,-633.5632334748865
27,0.0,1171.7195365092687,1171.719536509269,-665.9696680692917
27,0.0,1219.9331718321648,1219.9331718321653,-687.5042336457839
27,50.0,1250.0,1300.0,-689.9353392165417
27,0.0,1307.0703580053028,1307.070358005303,-702.1258179604398
27,0.0,1349.384636720376,1349.3846367203764,-786.0817016980438
27,0.0,1383.1977789751065,1383.197778975107,-857.0559719344628
27,0.0,1415.2417193926003,1415.241719392601,-863.0782397593903
27,0.0,1476.2509935225632,1476.2509935225632,-898.0019027902664
27,0.0,1555.5294410616088,1555.5294410616084,-959.9249963695645
27,0.0,1614.0909776536391,1614.090977653639,-1013.7478990132441
27,0.0,1793.619362828995,1793.6193628289948,-1123.4333247397258
27,0.0,1845.317546382649,1845.3175463826485,-1205.748287736574
27,0.0,1975.5901677130205,1975.5901677130205,-1248.4582316490064
27,0.0,2042.1740273826422,2042.1740273826424,-1289.0016892974213
27,0.0,2074.022163426279,2074.022163426278,-1347.1681631119977
27,0.0,2185.5158043349106,2185.5158043349106,-1469.1215776801362
27,0.0,2231.2502253662637,2231.250225366264,-1485.1632926650016
27,0.0,2246.6470405122545,2246.6470405122536,-1488.9851894759945
27,0.0,2357.5546687247547,2357.5546687247547,-1543.222551624401
27,0.0,2387.921674211665,2387.921674211665,-1568.307777558107
27,0.0,2420.0208666915664,2420.0208666915664,-1615.965131015678
27,0.0,2525.370544631351,2525.3705446313515,-1619.6462884270516
27,37.5,2500.0,2537.5,-1639.0354309607983
27,0.0,2546.8830743032204,2546.8830743032204,-1693.1435531376737
27,0.0,2567.460659439033,2567.460659439033,-1701.4497799982041
27,0.0,2634.2122198282736,2634.2122198282736,-1702.0963323862218
27,0.0,2700.158170543723,2700.158170543723,-1774.4956280196175
27,0.0,2794.88775802564,2794.88775802564,-1806.943819805386
27,0.0,2833.7284888087647,2833.7284888087647,-1877.0357461603191
27,0.0,2881.187926988666,2881.1879269886654,-1893.824015994366
27,0.0,2931.1061390244713,2931.1061390244718,-1933.6862080704905
27,0.0,2952.625975242964,2952.625975242964,-1999.1437857538187
27,0.0,3060.8283066252593,3060.82830662526,-2084.9142520229107
27,0.0,3162.910759450516,3162.9107594505163,-2111.740796632113
27,0.0,3198.606379802289,3198.606379802288,-2149.5117410736793
27,0.0,3227.6055909406746,3227.6055909406737,-2157.7494584188016
27,0.0,3269.005514039852,3269.0055140398526,-2237.5247763826587
27,0.0,3292.843691376509,3292.84369137651,-2248.7397183852745
27,0.0,3376.645768389965,3376.645768389965,-2282.906446310185
27,0.0,3448.001193440161,3448.0011934401628,-2327.2314270479296
27,0.0,3495.186972599893,3495.1869725998913,-2386.3253332951767
27,0.0,3527.176305680396,3527.176305680397,-2399.489772894115
27,0.0,3567.4931446215296,3567.4931446215287,-2414.8855925000976
27,0.0,3750.0,3750.0,-2510.531066492427
27,0.0,3783.614236161152,3783.614236161151,-2619.424984654967
27,0.0,3815.7616347812386,3815.7616347812377,-2637.3325318751226
27,0.0,3915.8628018432,3915.8628018432,-2663.8764636772034
27,0.0,3935.269452968389,3935.2694529683877,-2680.5170850900167
27,0.0,4012.769364157892,4012.7693641578935,-2682.3826558727997
27,0.0,4028.2032127962993,4028.203212796301,-2723.7690132983776
27,0.0,4042.0540317319296,4042.0540317319305,-2773.7850810883083
27,0.0,4065.081546495356,4065.081546495356,-2794.4990194314532
27,0.0,4088.3611105416962,4088.361110541695,-2869.109631027391
27,0.0,4231.36367863372,4231.363678633722,-2869.4773525547635
27,0.0,4261.729412463621,4261.729412463623,-2911.01814651461
27,0.0,4330.01824808059,4330.01824808059,-2964.552492121407
27,0.0,4350.686351871992,4350.686351871992,-2968.1217137528342
27,0.0,4374.764258563895,4374.764258563896,-3031.601004473074
27,0.0,4380.570474515908,4380.570474515908,-3074.708301953512
27,0.0,4455.8175421732485,4455.817542173246,-3175.397825818922
27,50.0,4591.552060361476,4641.552060361477,-3193.898121647696
27,0.0,4678.44846055247,4678.44846055247,-3280.2316289556184
27,0.0,4805.260483003838,4805.260483003838,-3290.917809669764
27,0.0,4852.946441428432,4852.946441428431,-3371.203719230056
27,0.0,4882.37154333871,4882.371543338711,-3376.6049842131583
27,0.0,4913.294049753048,4913.294049753049,-3464.1879443715698
28,0.0,0.0,0.0,209.2518515946815
28,12.5,0.0,12.5,170.57196742494642
28,17.88543149842353,0.0,17.88543149842354,164.21177716342095
28,28.65811746163359,0.0,28.658117461633587,152.42090493559076
28,34.021634820880365,0.0,34.021634820880365,121.61128095840435
28,0.0,115.48443440721978,115.48443440721981,92.02717659194096
28,0.0,200.56516608484833,200.56516608484839,-1.815431392867833
28,0.0,275.9171700894869,275.91717008948683,-36.74374656304865
28,0.0,349.0351682094423,349.03516820944236,-58.95599691697317
28,8.080303625444563,357.60743686577183,365.68774049121646,-136.31484614222265
28,41.955533974284144,460.49181189023227,502.44734586451625,-192.78432357954196
28,0.0,554.8399159244378,554.8399159244381,-252.22552239077854
28,8.699709753788092,594.2331671987203,602.9328769525084,-275.69668530032203
28,35.784904643877184,631.0262593256944,666.8111639695715,-317.25506987847297
28,0.0,783.4536262964223,783.4536262964225,-397.82961346579856
28,0.0,847.5083917035641,847.5083917035645,-451.38469445072997
28,28.175056491846345,868.3023897877738,896.4774462796199,-466.260150245184
28,0.0,903.9012350895033,903.9012350895032,-484.5892202668579
28,0.0,958.5374817793632,958.5374817793635,-552.3416854679892
28,0.0,1019.0085762751376,1019.0085762751372,-553.6009495200631
28,0.0,1042.4894330126351,1042.4894330126351,-633.5632334748865
28,0.0,1171.7195365092687,1171.719536509269,-665.9696680692917
28,0.0,1219.9331718321648,1219.9331718321653,-687.5042336457839
28,18.590962669298253,1241.4404182795638,1260.0313809488619,-709.8643682844366
28,0.0,1349.384636720376,1349.3846367203764,-786.0817016980438
28,0.0,1383.1977789751065,1383.197778975107,-857.0559719344628
28,0.0,1415.2417193926003,1415.241719392601,-863.0782397593903
28,0.0,1476.2509935225632,1476.2509935225632,-898.0019027902664
28,0.0,1555.5294410616088,1555.5294410616084,-959.9249963695645
28,0.0,1614.0909776536391,1614.090977653639,-1013.7478990132441
28,0.0,1793.619362828995,1793.6193628289948,-1123.4333247397258
28,0.0,1845.317546382649,1845.3175463826485,-1205.748287736574
28,0.0,1975.5901677130205,1975.5901677130205,-1248.4582316490064
28,0.0,2042.1740273826422,2042.1740273826424,-1289.0016892974213
28,0.0,2074.022163426279,2074.022163426278,-1347.1681631119977
28,0.0,2185.5158043349106,2185.5158043349106,-1469.1215776801362
28,0.0,2231.2502253662637,2231.250225366264,-1485.1632926650016
28,0.0,2246.6470405122545,2246.6470405122536,-1488.9851894759945
28,0.0,2357.5546687247547,2357.5546687247547,-1543.222551624401
28,0.0,2387.921674211665,2387.921674211665,-1568.307777558107
28,0.0,2420.0208666915664,2420.0208666915664,-1615.965131015678
28,0.0,2525.370544631351,2525.3705446313515,-1619.6462884270516
28,37.5,2500.0,2537.5,-1639.0354309607983
28,0.0,2546.8830743032204,2546.8830743032204,-1693.1435531376737
28,0.0,2567.460659439033,2567.460659439033,-1701.4497799982041
28,0.0,2634.2122198282736,2634.2122198282736,-1702.0963323862218
28,0.0,2700.158170543723,2700.158170543723,-1774.4956280196175
28,0.0,2794.88775802564,2794.88775802564,-1806.943819805386
28,0.0,2833.7284888087647,2833.7284888087647,-1877.0357461603191
28,0.0,2881.187926988666,2881.1879269886654,-1893.824015994366
28,0.0,2931.1061390244713,2931.1061390244718,-1933.6862080704905
28,0.0,2952.625975242964,2952.625975242964,-1999.1437857538187
28,0.0,3060.8283066252593,3060.82830662526,-2084.9142520229107
28,0.0,3162.910759450516,3162.9107594505163,-2111.740796632113
28,0.0,3198.606379802289,3198.606379802288,-2149.5117410736793
28,0.0,3227.6055909406746,3227.6055909406737,-2157.7494584188016
28,0.0,3269.005514039852,3269.0055140398526,-2237.5247763826587
28,0.0,3292.843691376509,3292.84369137651,-2248.7397183852745
28,0.0,3376.645768389965,3376.645768389965,-2282.906446310185
28,0.0,3448.001193440161,3448.0011934401628,-2327.2314270479296
28,0.0,3495.186972599893,3495.1869725998913,-2386.3253332951767
28,0.0,3527.176305680396,3527.176305680397,-2399.489772894115
28,0.0,3567.4931446215296,3567.4931446215287,-2414.8855925000976
28,0.0,3750.0,3750.0,-2510.531066492427
28,0.0,3783.614236161152,3783.614236161151,-2619.424984654967
28,0.0,3815.7616347812386,3815.7616347812377,-2637.3325318751226
28,0.0,3915.8628018432,3915.8628018432,-2663.8764636772034
28,0.0,3935.269452968389,3935.2694529683877,-2680.5170850900167
28,0.0,4012.769364157892,4012.7693641578935,-2682.3826558727997
28,0.0,4028.2032127962993,4028.203212796301,-2723.7690132983776
28,0.0,4042.0540317319296,4042.0540317319305,-2773.7850810883083
28,0.0,4065.081546495356,4065.081546495356,-2794.4990194314532
28,0.0,4088.3611105416962,4088.361110541695,-2869.109631027391
28,0.0,4231.36367863372,4231.363678633722,-2869.4773525547635
28,0.0,4261.729412463621,4261.729412463623,-2911.01814651461
28,0.0,4330.01824808059,4330.01824808059,-2964.552492121407
28,0.0,4350.686351871992,4350.686351871992,-2968.1217137528342
28,0.0,4374.764258563895,4374.764258563896,-3031.601004473074
28,0.0,4380.570474515908,4380.570474515908,-3074.708301953512
28,0.0,4455.8175421732485,4455.817542173246,-3175.397825818922
28,50.0,4591.552060361476,4641.552060361477,-3193.898121647696
28,0.0,4678.44846055247,4678.44846055247,-3280.2316289556184
28,0.0,4805.260483003838,4805.260483003838,-3290.917809669764
28,0.0,4852.946441428432,4852.946441428431,-3371.203719230056
28,0.0,4882.37154333871,4882.371543338711,-3376.6049842131583
28,0.0,4913.294049753048,4913.294049753049,-3464.1879443715698
29,0.0,0.0,0.0,209.2518515946815
29,12.5,0.0,12.5,170.57196742494642
29,17.88543149842353,0.0,17.88543149842354,164.21177716342095
29,28.65811746163359,0.0,28.658117461633587,152.42090493559076
29,34.021634820880365,0.0,34.021634820880365,121.61128095840435
29,0.0,115.48443440721978,115.48443440721981,92.02717659194096
29,0.0,200.56516608484833,200.56516608484839,-1.815431392867833
29,0.0,275.9171700894869,275.91717008948683,-36.74374656304865
29,0.0,349.0351682094423,349.03516820944236,-58.95599691697317
29,8.080303625444563,357.60743686577183,365.68774049121646,-136.31484614222265
29,50.0,384.0215463454828,434.0215463454827,-147.05195949511642
29,41.955533974284144,460.49181189023227,502.44734586451625,-192.78432357954196
29,0.0,554.8399159244378,554.8399159244381,-252.22552239077854
29,8.699709753788092,594.2331671987203,602.9328769525084,-275.69668530032203
29,35.784904643877184,631.0262593256944,666.8111639695715,-317.25506987847297
29,50.0,730.189556117074,780.1895561170737,-330.52417990379337
29,0.0,783.4536262964223,783.4536262964225,-397.82961346579856
29,0.0,847.5083917035641,847.5083917035645,-451.38469445072997
29,28.175056491846345,868.3023897877738,896.4774462796199,-466.260150245184
29,0.0,903.9012350895033,903.9012350895032,-484.5892202668579
29,0.0,958.5374817793632,958.5374817793635,-552.3416854679892
29,0.0,1019.0085762751376,1019.0085762751372,-553.6009495200631
29,0.0,1042.4894330126351,1042.4894330126351,-633.5632334748865
29,0.0,1171.7195365092687,1171.719536509269,-665.9696680692917
29,0.0,1219.9331718321648,1219.9331718321653,-687.5042336457839
29,18.590962669298253,1241.4404182795638,1260.0313809488619,-709.8643682844366
29,0.0,1349.384636720376,1349.3846367203764,-786.0817016980438
29,0.0,1383.1977789751065,1383.197778975107,-857.0559719344628
29,0.0,1415.2417193926003,1415.241719392601,-863.0782397593903
29,0.0,1476.2509935225632,1476.2509935225632,-898.0019027902664
29,0.0,1555.5294410616088,1555.5294410616084,-959.9249963695645
29,0.0,1614.0909776536391,1614.090977653639,-1013.7478990132441
29,0.0,1793.619362828995,1793.6193628289948,-1123.4333247397258
29,0.0,1845.317546382649,1845.3175463826485,-1205.748287736574
29,50.0,1922.5269154847654,1972.5269154847658,-1257.4943958307763
29,0.0,2042.1740273826422,2042.1740273826424,-1289.0016892974213
29,0.0,2074.022163426279,2074.022163426278,-1347.1681631119977
29,0.0,2185.5158043349106,2185.5158043349106,-1469.1215776801362
29,0.0,2231.2502253662637,2231.250225366264,-1485.1632926650016
29,0.0,2246.6470405122545,2246.6470405122536,-1488.9851894759945
29,0.0,2357.5546687247547,2357.5546687247547,-1543.222551624401
29,0.0,2387.921674211665,2387.921674211665,-1568.307777558107
29,0.0,2420.0208666915664,2420.0208666915664,-1615.965131015678
29,0.0,2525.370544631351,2525.3705446313515,-1619.6462884270516
29,37.5,2500.0,2537.5,-1639.0354309607983
29,0.0,2546.8830743032204,2546.8830743032204,-1693.1435531376737
29,0.0,2567.460659439033,2567.460659439033,-1701.4497799982041
29,0.0,2634.2122198282736,2634.2122198282736,-1702.0963323862218
29,0.0,2700.158170543723,2700.158170543723,-1774.4956280196175
29,0.0,2794.88775802564,2794.88775802564,-1806.943819805386
29,0.0,2833.7284888087647,2833.7284888087647,-1877.0357461603191
29,0.0,2881.187926988666,2881.1879269886654,-1893.824015994366
29,0.0,2931.1061390244713,2931.1061390244718,-1933.6862080704905
29,0.0,2952.625975242964,2952.625975242964,-1999.1437857538187
29,0.0,3060.8283066252593,3060.82830662526,-2084.9142520229107
29,0.0,3162.910759450516,3162.9107594505163,-2111.740796632113
29,0.0,3198.606379802289,3198.606379802288,-2149.5117410736793
29,0.0,3227.6055909406746,3227.6055909406737,-2157.7494584188016
29,0.0,3269.005514039852,3269.0055140398526,-2237.5247763826587
29,0.0,3292.843691376509,3292.84369137651,-2248.7397183852745
29,0.0,3376.645768389965,3376.645768389965,-2282.906446310185
29,0.0,3448.001193440161,3448.0011934401628,-2327.2314270479296
29,0.0,3495.186972599893,3495.1869725998913,-2386.3253332951767
29,0.0,3527.176305680396,3527.176305680397,-2399.489772894115
29,0.0,3567.4931446215296,3567.4931446215287,-2414.8855925000976
29,0.0,3750.0,3750.0,-2510.531066492427
29,0.0,3783.614236161152,3783.614236161151,-2619.424984654967
29,0.0,3815.7616347812386,3815.7616347812377,-2637.3325318751226
29,0.0,3915.8628018432,3915.8628018432,-2663.8764636772034
29,0.0,3935.269452968389,3935.2694529683877,-2680.5170850900167
29,0.0,4012.769364157892,4012.7693641578935,-2682.3826558727997
29,0.0,4028.2032127962993,4028.203212796301,-2723.7690132983776
29,0.0,4042.0540317319296,4042.0540317319305,-2773.7850810883083
29,0.0,4065.081546495356,4065.081546495356,-2794.4990194314532
29,0.0,4088.3611105416962,4088.361110541695,-2869.109631027391
29,0.0,4231.36367863372,4231.363678633722,-2869.4773525547635
29,0.0,4261.729412463621,4261.729412463623,-2911.01814651461
29,0.0,4330.01824808059,4330.01824808059,-2964.552492121407
29,0.0,4350.686351871992,4350.686351871992,-2968.1217137528342
29,0.0,4374.764258563895,4374.764258563896,-3031.601004473074
29,0.0,4380.570474515908,4380.570474515908,-3074.708301953512
29,0.0,4455.8175421732485,4455.817542173246,-3175.397825818922
29,50.0,4591.552060361476,4641.552060361477,-3193.898121647696
29,0.0,4678.44846055247,4678.44846055247,-3280.2316289556184
29,0.0,4805.260483003838,4805.260483003838,-3290.917809669764
29,0.0,4852.946441428432,4852.946441428431,-3371.203719230056
29,0.0,4882.37154333871,4882.371543338711,-3376.6049842131583
29,0.0,4913.294049753048,4913.294049753049,-3464.1879443715698
