iterID,x1,x2,ParetoFamily,Pareto_f1,Pareto_f2
1,50.0,4993.890157233315,11,5057.871605123664,-3455.4782238438975
1,50.0,4907.3495603853435,11,4976.08837810894,-3399.1470639350096
1,50.0,4823.946690113711,11,4896.75414857376,-3344.261497471568
1,50.0,4744.128670947578,11,4820.371280279083,-3291.210765308055
1,50.0,4666.07712949405,11,4745.2601161108705,-3238.861029375776
1,50.0,4591.552060361476,11,4673.169887816099,-3188.460436728064
1,50.0,4520.050189108529,11,4603.674355215607,-3139.7404444111485
1,50.0,4450.127566506287,33,4535.413146679739,-3091.7681447939876
1,50.0,4384.6448225563145,10,4471.227025763348,-3046.5612154138967
1,50.0,4318.317136835155,10,4405.967067087612,-3000.5069176698644
1,50.0,4250.720581944313,10,4339.214789995818,-2953.3106541965503
1,50.0,4189.141579738391,10,4278.199782577959,-2910.096778503309
1,50.0,4130.4444974705075,10,4219.8661790435535,-2868.7189854288927
1,50.0,4068.7955475394206,10,4158.424187320747,-2825.0720893663865
1,50.0,4012.215431964687,10,4101.88367250456,-2784.8502365797203
1,50.0,3952.364602338335,10,4041.9258228987474,-2742.1384687005225
1,50.0,3898.932598149087,10,3988.275378806441,-2703.868315162547
1,50.0,3842.837920440019,10,3931.8332173124063,-2663.553327175745
1,50.0,3789.1929909455857,10,3877.7488893703326,-2624.8695789547305
1,50.0,3736.916717304449,4,3824.949463483239,-2587.0529178353772
1,50.0,3695.074231698406,4,3782.624458827543,-2556.699650352983
1,50.0,3641.4172199029863,4,3728.270605928704,-2517.6667404573454
1,50.0,3585.208634134692,4,3671.244043493879,-2476.6463968477915
1,50.0,3536.6283282887016,4,3621.889491349267,-2441.0847093271577
1,50.0,3492.9847356341647,4,3577.501035389382,-2409.0507383792356
1,50.0,3441.3129236543055,4,3524.8916467736813,-2371.0181533556006
1,50.0,3401.5153613174466,4,3484.3340014848823,-2341.6465705452015
1,50.0,3346.8968015592886,27,3428.6234091484603,-2301.22383327187
1,50.0,3302.5082776613176,2,3383.309670148629,-2268.275109249291
1,50.0,3270.8258352821576,2,3350.9481922605687,-2244.7040808649654
1,50.0,3214.030585149144,35,3292.9010303752066,-2202.336514932749
1,50.0,3168.265716052424,35,3246.0990173658456,-2168.090654170008
1,50.0,3130.6761580189573,35,3207.6414048230836,-2139.890622120307
1,50.0,3080.494665981717,35,3156.281971577375,-2102.1425053400876
1,50.0,3042.2090253949814,35,3117.0855556805573,-2073.264441739035
1,50.0,2995.638921064379,35,3069.396737657735,-2038.0458998662994
1,50.0,2955.084719920917,35,3027.861266307853,-2007.294904355194
1,50.0,2918.62502763779,35,2990.5157913035414,-1979.5836682227473
1,50.0,2873.6871065652754,35,2944.484008949603,-1945.344338815316
1,50.0,2834.2076342695964,35,2904.0439061613547,-1915.1878490060285
1,50.0,2787.191242041835,35,2855.8868951672594,-1879.182606640033
1,50.0,2766.477520259512,35,2834.67264801023,-1863.2888102954157
1,50.0,2715.0542318139233,35,2782.014374633535,-1823.7504534410334
1,50.0,2675.6059470580544,35,2741.6281148095936,-1793.3430395691596
1,49.84225187385934,2626.7805774023714,87,2691.3502506357704,-1755.3853810700678
1,47.55597335647915,2588.3931481214863,87,2647.6247277897296,-1722.2939736647877
1,47.33283932486355,2584.646648386791,87,2643.3563339329485,-1719.0632260587877
1,37.58641396314978,2546.55015114067,47,2585.3566799848704,-1675.2155744062638
1,33.62377364694852,2531.1054575048774,47,2561.7997067291726,-1657.4372778838137
1,20.011816427861614,2511.741231349639,47,2515.4052641605754,-1622.4354752450704
1,19.536541871904248,2477.0306098476894,47,2478.838067857649,-1594.9767227338778
1,0.0,2475.37370876158,122,2439.1404676404895,-1564.9789618757238
1,0.0,2435.187796692213,122,2397.7958210131455,-1534.1725566428518
1,0.0,2391.8014906873395,143,2353.183391417411,-1500.8668737348928
1,0.0,2349.942190886831,143,2310.167487160819,-1468.693525497446
1,0.0,2310.412926302147,113,2269.571389830165,-1438.28020919757
1,0.0,2270.3530727040006,113,2228.457058785663,-1407.4333720954044
1,0.0,2223.6509854857054,113,2180.5614884391907,-1371.4471729630577
1,0.0,2189.100101101098,130,2145.153724913476,-1344.812139829475
1,0.0,2143.9070265654004,130,2098.8749385287597,-1309.9651203110507
1,0.0,2105.2313249150575,130,2059.3030198896167,-1280.1426653189762
1,0.0,2057.5170627390567,120,2010.526764769321,-1243.3590465818797
1,0.0,2016.752953322306,120,1968.8950807608194,-1211.9489200063172
1,0.0,1975.5901677130205,143,1926.8947954208802,-1180.254115987725
1,0.0,1930.4327877373073,143,1880.864787368378,-1145.518827523067
1,0.0,1881.9851887817983,143,1831.5365825443305,-1108.3054016545864
1,0.0,1844.9479742722958,143,1793.8662662213208,-1079.901278059221
1,0.0,1793.6181116601979,143,1741.7183543287415,-1040.6122827814984
1,0.0,1755.9357816620113,130,1703.4806767037373,-1011.8340934573274
1,0.0,1711.0405368797599,130,1657.975268578616,-977.6286056630416
1,0.0,1658.2239159433288,125,1604.5146567740712,-937.5146255851328
1,0.0,1613.285994870814,125,1559.0936085145784,-903.5045680219655
1,0.0,1565.6375633407965,125,1511.0000115178632,-867.5760529604458
1,0.0,1506.0764085650508,125,1450.982649399513,-822.8756642431682
1,0.0,1459.9538439801302,125,1404.5857998281701,-788.435508110373
1,0.0,1415.9205222789328,130,1360.3569545631667,-755.7082792736661
1,0.0,1359.107681050754,130,1303.3905066779862,-713.7179993033826
1,0.0,1321.0487415351508,130,1265.2926352485495,-685.7452464235153
1,0.0,1268.8803876210086,130,1213.156854379935,-647.6173652146833
1,0.0,1193.365816005888,130,1137.8715632326791,-592.8911088708037
1,0.0,1160.6523841831038,163,1105.3265709632612,-569.3618854887586
1,0.0,1103.3335113482838,163,1048.407047891731,-528.4066107560307
1,0.0,1023.0451097983514,163,968.9091031851258,-471.6430148130971
1,0.0,989.1945474017955,163,935.4754968294415,-447.92928388864243
1,0.0,917.7626894131283,163,865.0926674206148,-398.3275552955313
1,0.0,853.8248610122315,163,802.2952642893476,-354.4483187819005
1,0.0,807.4866957068328,163,756.9069276862513,-322.9611485955286
1,0.0,732.6604795835332,147,683.8413813114848,-272.6848206991617
1,0.0,670.2211509949782,147,623.0934929667035,-231.27885012061893
1,0.0,603.093890115486,147,558.019053633557,-187.32942342566434
1,0.0,537.1524165903531,147,494.3392699214078,-144.7346119602514
1,0.0,465.9197764540809,163,425.83292095406705,-99.37365904393823
1,0.0,391.1460491086501,163,354.24915706708043,-52.49321125786878
1,0.0,306.7286557404566,163,273.85285204900765,-0.47959270771593765
1,0.0,238.99854173037215,163,209.6826561522198,40.54755877153025
1,0.0,163.8549920644008,163,138.84857634753462,85.3278437255949
1,0.0,86.04452565653924,163,65.91244878870111,130.8773252672254
1,0.0,0.0,163,-14.237698227017972,180.27335991303448
2,50.0,5000.0,24,5049.440792043886,-3420.4241306388076
2,0.0,4887.769170989565,24,4887.4184310519795,-3365.425074868478
2,0.0,4783.694841431007,24,4783.549267771694,-3313.5790869736693
2,0.0,4696.5628150798275,24,4696.5447800642605,-3260.962527789491
2,0.0,4622.222976116811,24,4622.28582052473,-3209.59231986982
2,0.0,4557.867488799275,24,4557.981998893668,-3160.7340649802136
2,0.0,4498.095438155836,24,4498.244396944191,-3112.2725723787285
2,0.0,4440.265391622564,36,4440.436667504126,-3063.2053467009746
2,0.0,4385.361585366749,36,4385.545190115101,-3015.2828475150445
2,0.0,4335.320894232582,36,4335.509116163564,-2971.0116544197895
2,0.0,4281.455005326294,26,4281.642036458645,-2923.2697331400127
2,0.0,4231.326004163036,26,4231.506960926759,-2879.202470630594
2,0.0,4178.217548476003,26,4178.387634901988,-2833.289555969548
2,0.0,4125.2348254950075,26,4125.390280244138,-2788.5770325516833
2,0.0,4076.2142716166472,26,4076.35345172589,-2748.357895826759
2,0.0,4021.2753124489327,30,4021.39380865965,-2704.7122559440095
2,0.0,3968.4962174110437,30,3968.5930389523605,-2664.2432850653336
2,0.0,3914.8156153840714,30,3914.889178485757,-2624.5233051836444
2,0.0,3863.220277324842,30,3863.2708411893464,-2587.637092307211
2,0.0,3807.4770396867975,30,3807.5025615885997,-2549.0746901100556
2,0.0,3752.5253490041973,30,3752.526459092211,-2512.201458127479
2,0.0,3697.9178403005913,36,3697.8953770191224,-2476.492921197937
2,0.0,3644.4984207928937,36,3644.4538999031965,-2442.274258565592
2,0.0,3589.240196268008,26,3589.174204550448,-2407.4217228249327
2,0.0,3537.4239446530696,26,3537.339291622372,-2375.0639760806625
2,0.0,3481.40322556934,29,3481.300203993347,-2340.23998671287
2,0.0,3438.9975192664506,29,3438.881943830426,-2313.8711091198393
2,0.0,3376.645768389965,29,3376.5139731649024,-2274.899377974568
2,0.0,3333.4532460496575,45,3333.3118321395527,-2247.6523346067643
2,0.0,3280.5916920191785,45,3280.4403440107835,-2213.9078873905028
2,0.0,3229.2424108266473,45,3229.0833588400014,-2180.6088625156835
2,0.0,3181.7988316225533,45,3181.634353778765,-2149.3122600952847
2,0.0,3133.302342467582,45,3133.133967779032,-2116.7401070090245
2,0.0,3095.0793978271345,45,3094.9090971614523,-2090.630703491816
2,0.0,3043.9692505666426,45,3043.7978975332035,-2055.1009936201594
2,0.0,2999.8274702344725,45,2999.656552132541,-2023.8503489499324
2,0.0,2957.3208884551527,45,2957.1515056855073,-1993.2792715830012
2,0.0,2919.352571764968,45,2919.1854362171284,-1965.5974052065255
2,0.0,2871.0305616128717,45,2870.8674041843783,-1929.8970277423787
2,0.0,2834.1986412099636,45,2834.0392981884524,-1902.3679702206773
2,0.0,2794.88775802564,39,2794.733173214116,-1872.721944199295
2,0.0,2754.322720426154,39,2754.173726863385,-1841.8869253467956
2,0.0,2718.886211035266,39,2718.742615437837,-1814.7847242961404
2,0.0,2674.9726481193493,39,2674.8363341404424,-1781.034891366473
2,0.0,2647.5623584298323,39,2647.4308854716346,-1759.9011860562605
2,0.0,2590.233864087199,15,2590.113141743094,-1715.6034281928087
2,0.0,2550.6729970504502,15,2550.5601034956353,-1685.0085684799178
2,0.0,2544.7713862327923,76,2544.6596844451337,-1680.4453195477456
2,0.0,2504.4139959620043,76,2504.310582397934,-1649.259457559469
2,0.0,2464.2423650981746,76,2464.147393604071,-1618.2707112673384
2,0.0,2423.3498687935253,36,2423.263619595678,-1586.8042065641678
2,0.0,2379.963421212228,36,2379.886492965658,-1553.5235599064938
2,0.0,2340.760297009013,36,2340.6917855972315,-1523.554648832404
2,0.0,2302.178715015227,36,2302.11842502986,-1494.1600338017852
2,0.0,2258.613314719903,36,2258.562168488075,-1461.085730164106
2,0.0,2206.1124305960693,36,2206.0720077375836,-1421.3841626631956
2,0.0,2157.507301464298,56,2157.4764190211013,-1384.7646381835789
2,0.0,2129.1029350047597,56,2129.077417851912,-1363.4164726922522
2,0.0,2094.767208089558,56,2094.7479392950227,-1337.6529830855045
2,0.0,2038.0823330360379,56,2038.0727369913593,-1295.197752321897
2,0.0,2010.7950475848731,56,2010.7897912396134,-1274.7838132079637
2,0.0,1946.5195372096857,56,1946.5235953133192,-1226.7226559479946
2,0.0,1907.623991224444,56,1907.633013818781,-1197.634754597993
2,0.0,1855.807739609506,56,1855.82252077229,-1158.8523675676772
2,0.0,1816.3396432786103,56,1816.358116872187,-1129.2720347694597
2,0.0,1785.0476718954892,56,1785.0686275182343,-1105.7866019204635
2,0.0,1724.7176131454812,49,1724.7422025092296,-1060.4056152632686
2,0.0,1700.4151766436075,49,1700.4407919533176,-1042.0814822427924
2,0.0,1638.628864081601,49,1638.6559405232586,-995.3660401063435
2,0.0,1614.0909776536391,49,1614.1181779813421,-976.7584908346548
2,0.0,1533.8522570979053,49,1533.878090769213,-915.6774290949074
2,0.0,1517.3013093991906,49,1517.3265344203576,-903.0320731952428
2,0.0,1455.5644065089264,49,1455.5864410580957,-855.7226402938962
2,0.0,1430.396673486969,49,1430.4170177131118,-836.3733314266309
2,0.0,1380.8635616314584,49,1380.8799938868688,-798.1885420116035
2,0.0,1302.8223945118416,49,1302.8313766875797,-737.771216901004
2,0.0,1249.9146377466768,49,1249.917965506211,-696.6596332121364
2,0.0,1234.8272925036413,49,1234.8289599667287,-684.9178008012245
2,0.0,1141.8019131435938,62,1141.793415197517,-612.3995750721481
2,0.0,1096.4379745481908,62,1096.424936028453,-577.0029376913092
2,0.0,1042.4894330126351,62,1042.4718042343561,-534.9320931763841
2,0.0,985.0068368571222,62,984.985796559796,-490.19321693021175
2,0.0,934.0002962417584,62,933.9780185556731,-450.6289241411116
2,0.0,877.3779048425863,62,877.3568634114292,-406.9276666488863
2,0.0,814.508559688428,62,814.4930120331016,-358.7730983618785
2,0.0,799.6352579626076,62,799.6217631892298,-347.450164976746
2,0.0,741.8554235767,62,741.8531096691261,-303.7625200676939
2,0.0,666.2819905732462,62,666.303341916052,-247.47395204681584
2,0.0,612.8347533216844,62,612.8802753718833,-208.36856956357656
2,0.0,525.4138821255887,62,525.5150268298316,-145.91849684489284
2,0.0,444.6610945100451,108,444.83478282683427,-90.19586374230585
2,0.0,392.75325409004046,108,392.98612674490823,-55.52251936880589
2,0.0,285.1317943565781,108,285.52389971479306,13.113584476589494
2,0.0,266.2681561283289,108,266.69380408958204,24.652292586616795
2,0.0,192.88607063828587,108,193.45999569652122,68.02504839857761
2,0.0,118.51791913401595,108,119.27348969224249,109.37359622908639
2,13.945539011961822,29.821189378735347,108,43.595081910892986,156.3057243515259
3,45.58734915226012,4954.010367268003,6,4999.4949236298835,-3407.7416941491356
3,0.0,4878.864120926955,6,4878.0276708515685,-3353.9722069294976
3,0.0,4780.406335333857,6,4779.758494819094,-3300.977055631242
3,0.0,4701.274518339934,6,4700.754225738097,-3249.7475414095193
3,0.0,4631.184128295301,36,4630.760674912977,-3198.561891628129
3,0.0,4569.880656148421,36,4569.53058771764,-3149.9348945754723
3,0.0,4512.597456420992,36,4512.307231750847,-3101.8617710911367
3,0.0,4455.8175421732485,15,4455.579009451199,-3052.359919147708
3,0.0,4405.00859852603,15,4404.810418006083,-3007.081720674638
3,0.0,4350.271786840412,15,4350.111372812389,-2957.8909635997416
3,0.0,4301.422703842673,25,4301.2914245826105,-2914.1405281697307
3,0.0,4250.510732081829,25,4250.40564302298,-2869.1675801399833
3,0.0,4197.864405740031,25,4197.7823346854075,-2823.771968501419
3,0.0,4147.45107689515,25,4147.387556880316,-2781.7029993430688
3,0.0,4095.9038449879604,24,4095.8561310625296,-2740.3669630823547
3,0.0,4042.0540317319296,24,4042.019795161,-2699.184911364777
3,0.0,3985.052807065148,24,3985.0298730320446,-2657.922663901082
3,0.0,3930.0155070064097,24,3930.000981069572,-2620.3426156510277
3,0.0,3870.9110423157313,24,3870.90321255804,-2582.3083055903826
3,50.0,3761.561366537757,24,3811.504969810818,-2547.5592066148342
3,0.0,3753.72614039708,24,3753.7259709512787,-2512.6539272538835
3,0.0,3693.5612892141885,24,3693.562879663614,-2478.7388564146177
3,0.0,3632.741054217431,32,3632.7433767118064,-2444.6623658834365
3,39.68400355002084,3533.3758574783446,32,3573.1156292558617,-2412.429482270382
3,27.749941874965018,3491.19629608881,32,3519.067110832463,-2379.2816829768844
3,0.0,3468.5453116832323,32,3468.546602403452,-2346.341110444861
3,0.0,3421.0908419129883,32,3421.0914911848054,-2314.5187568000556
3,0.0,3374.82434151688,32,3374.8243648973303,-2281.5725395607365
3,0.0,3329.2086266984156,32,3329.208085223083,-2247.191666024254
3,0.0,3285.9414293525197,65,3285.9404334588035,-2212.932771277953
3,0.0,3246.2132875808798,65,3246.211961960285,-2180.2302460562173
3,0.0,3204.1098714633986,68,3204.108297572646,-2144.512136809201
3,0.0,3165.5963256576847,68,3165.59461810186,-2111.1378778166836
3,0.0,3128.212012208633,68,3128.2102582292314,-2078.3551849982277
3,0.0,3089.5780792424152,68,3089.5763572340093,-2044.3466053643144
3,0.0,3048.889667464844,68,3048.888057149993,-2008.6936799091393
3,0.0,3010.3476813159928,68,3010.3462385096796,-1975.3628350464742
3,0.0,2971.380539986158,68,2971.3793139117333,-1942.3654979857697
3,0.0,2934.5433768437333,68,2934.542386647021,-1912.0301389987474
3,0.0,2891.0612065225596,68,2891.060516148158,-1877.5209550274362
3,0.0,2849.7893385029215,68,2849.788937123577,-1846.2301761457545
3,0.0,2809.378422971377,68,2809.378293335948,-1817.0537442343493
3,0.0,2764.5696653794525,13,2764.5698092958605,-1786.3696500724998
3,0.0,2720.071778407573,13,2720.0721529244292,-1757.4685501139502
3,0.0,2677.4572195985297,13,2677.4577690675355,-1730.9819765776122
3,0.0,2627.6288772156013,13,2627.629569002216,-1701.0256953445466
3,0.0,2582.68102277917,9,2582.68178508847,-1674.458699267978
3,0.0,2537.0719953300413,9,2537.0727761684625,-1647.4619418040677
3,0.0,2491.4377158896514,5,2491.4384674004773,-1619.9868603646755
3,0.0,2446.0740241129606,53,2446.0747073937723,-1591.87896120976
3,0.0,2402.6533041986386,53,2402.653894298222,-1564.0216058583094
3,0.0,2379.7667313112975,14,2379.767264668559,-1548.9230748960424
3,0.0,2358.603675877289,14,2358.6041537652472,-1534.698138955204
3,0.0,2315.0336539358777,14,2315.0340132875626,-1504.6189524392503
3,0.0,2271.673789454276,98,2271.6740332758213,-1473.6733038216678
3,0.0,2231.2502253662637,20,2231.2503718953335,-1444.009893274531
3,0.0,2187.8295054519413,20,2187.829566283057,-1411.4211189478106
3,0.0,2150.2822566097975,36,2150.2822642674078,-1382.7805903125786
3,0.0,2109.0173431019593,36,2109.0173182713706,-1350.9923494051397
3,0.0,2064.8682246933176,59,2064.8681976587472,-1316.8492351913278
3,0.0,2020.0765168071368,59,2020.0765208166742,-1282.335686349711
3,0.0,1983.7819999711246,5,1983.7820506233893,-1254.654214135088
3,0.0,1942.8782812852291,5,1942.8784011351977,-1223.9573655854597
3,0.0,1897.790318959299,5,1897.7905235623352,-1190.958522717148
3,0.0,1854.6550239473916,5,1854.6553023867282,-1160.4192741090387
3,0.0,1798.2175206395084,14,1798.2178573376486,-1122.2646060649083
3,0.0,1762.7204355039928,14,1762.7207716824678,-1099.422779346952
3,0.0,1717.2710357782084,14,1717.2713154013688,-1071.5445818841517
3,0.0,1668.8857537397434,14,1668.885893107571,-1043.540880246987
3,0.0,1618.7109071365257,14,1618.7108102659888,-1016.1891583583883
3,0.0,1568.9884858983276,14,1568.988073877419,-990.480008099903
3,0.0,1514.1453548536144,14,1514.144533829371,-963.1605400275929
3,0.0,1457.5424121077917,14,1457.5411569801045,-935.2314168884676
3,0.0,1403.88905458737,14,1403.887440308099,-908.0193159427154
3,0.0,1359.011733438525,111,1359.0099039278227,-883.9511149997575
3,0.0,1307.0703580053028,111,1307.0684224285526,-853.7537192454369
3,0.0,1246.9500093492773,65,1246.9481916883124,-814.5113135532604
3,0.0,1209.7073733604884,65,1209.705772039582,-787.356538386946
3,0.0,1149.0987522340665,65,1149.0977333549877,-737.7865992544644
3,0.0,1105.8054345258404,98,1105.8049801946795,-698.0365474204558
3,0.0,1031.9614031446574,98,1031.9620610958784,-622.186279055433
3,0.0,1017.2623291826924,98,1017.2632072998913,-606.0347638073357
3,0.0,967.6945726745747,98,967.696108189778,-549.7555101390544
3,0.0,922.7581486275061,98,922.7600683860478,-497.4386477295873
3,0.0,868.838972972861,98,868.8409258846116,-435.2067269011061
3,0.0,820.5009535079954,98,820.5024240961995,-381.9696669244322
3,0.0,759.7569237542598,98,759.7570333223812,-321.1807712848574
3,0.0,684.5755108508654,65,684.5729685558902,-258.378936936248
3,0.0,621.2816389437224,65,621.2766099017849,-216.55746828888596
3,0.0,573.8361160581461,65,573.829608055463,-190.7696911616133
3,0.0,487.6217746875604,65,487.61510215542876,-151.58414034816428
3,0.0,441.19232114965433,65,441.1878596296426,-132.01529763723397
3,0.0,357.8135819936061,65,357.819305747475,-94.59640912197983
3,0.0,243.98588599917048,65,244.02358180793317,-32.053569995354565
3,0.0,200.56516608484833,65,200.6220848928856,-4.189042530736515
3,0.0,142.82532353852025,111,142.91496576093914,35.77667367668187
3,0.0,79.00989180586133,111,79.14636548294493,82.73609932269437
3,0.0,2.6089905600596555,111,2.818151632226545,140.6537033739155
4,0.0,4926.274417286769,3,4926.081428785762,-3429.8524149738314
4,0.0,4782.314019661969,3,4782.219457332056,-3376.9666163270604
4,0.0,4678.44846055247,3,4678.400298528533,-3324.6703505462283
4,0.0,4593.09126177993,3,4593.068609525855,-3274.8087976745583
4,0.0,4520.264469312645,3,4520.2561566985505,-3225.8687626989704
4,0.0,4455.9572927320105,10,4455.956981989686,-3175.5156056815554
4,0.0,4401.863518701637,10,4401.867194577057,-3127.3110739990316
4,0.0,4354.155740038574,17,4354.16127135102,-3081.1603924864694
4,0.0,4305.476594054125,17,4305.482773562374,-3032.0109895400396
4,0.0,4261.729412463621,17,4261.735376470454,-2987.353300938289
4,0.0,4214.4589466871275,17,4214.464101361352,-2939.6558126412565
4,0.0,4168.6353603253365,17,4168.639396667895,-2894.46276778271
4,0.0,4122.644578979155,17,4122.647370696184,-2850.1115076630595
4,0.0,4076.9747795018307,17,4076.976380497051,-2806.740086598982
4,0.0,4031.9185784269794,17,4031.9191685749333,-2764.2324419893566
4,0.0,3987.1755204868737,17,3987.175339922006,-2722.0960146213247
4,0.0,3943.630304850594,41,3943.6296211639683,-2681.2321994196627
4,0.0,3899.427652144832,41,3899.426697765097,-2640.1838703523144
4,0.0,3853.153015105629,41,3853.1519972104797,-2598.1375814581097
4,0.0,3811.0439975899753,41,3811.043068471562,-2561.156473106116
4,0.0,3763.04645514444,71,3763.045731978784,-2521.0123767329396
4,0.0,3718.8905086492996,71,3718.8900159473296,-2486.3459118726746
4,0.0,3665.6827266901537,3,3665.682503518897,-2447.7131214508836
4,0.0,3610.2927743146306,3,3610.2927765454424,-2411.096931759875
4,0.0,3554.6715349863243,3,3554.671682969294,-2377.6264356243632
4,0.0,3498.055396414897,3,3498.055608055616,-2346.216115141078
4,0.0,3438.970320191972,3,3438.9705230446607,-2315.199583305642
4,0.0,3383.3574369990356,3,3383.3575851293517,-2286.416694711215
4,0.0,3329.1917271903885,48,3329.1918015121837,-2257.4855296097307
4,0.0,3272.8313992903068,48,3272.831394277807,-2225.0436364107563
4,0.0,3224.645932041571,48,3224.6458675902977,-2194.3921918097712
4,0.0,3179.3580550248303,68,3179.357946627397,-2162.4733979423145
4,0.0,3139.505870031424,31,3139.5057345574974,-2131.593482213363
4,0.0,3099.62402505498,31,3099.6238738009743,-2098.0072806204184
4,0.0,3059.2674517698215,31,3059.2672961849157,-2061.4604792609903
4,0.0,3025.2876964627794,77,3025.2875450878314,-2029.0085462546226
4,0.0,2987.8796058836165,77,2987.8794669094245,-1992.0174699678641
4,0.0,2952.625975242964,77,2952.625854002862,-1956.5301304767254
4,0.0,2918.000306001973,77,2918.000206601744,-1921.7028411320127
4,0.0,2910.2570922609716,77,2910.2569979306195,-1913.981108304596
4,0.0,2849.9678433795707,20,2849.9677932952427,-1855.6987211812807
4,0.0,2809.6439597916747,20,2809.643940546366,-1819.477867200923
4,0.0,2772.299740075657,71,2772.2997479613105,-1788.5870403513231
4,0.0,2728.889611801643,71,2728.889648293656,-1756.2806489679856
4,0.0,2688.588277992348,4,2688.5883365033123,-1729.8308377115382
4,0.0,2633.9223266317713,4,2633.9224071969466,-1699.0340704552077
4,0.0,2584.2113639010327,4,2584.2114558178564,-1675.2418268354136
4,0.0,2530.574334608144,118,2530.5744297607025,-1652.5781491921712
4,0.0,2476.28729330733,118,2476.287383105263,-1630.8021038399884
4,0.0,2426.028219243853,46,2426.028298244539,-1609.5834160612355
4,0.0,2375.741920856085,46,2375.7419849443636,-1585.2843084329638
4,0.0,2330.375359737875,46,2330.375408996184,-1559.2598222562353
4,0.0,2318.3672772157142,46,2318.3673224371705,-1551.5865292118765
4,0.0,2285.8368646702547,46,2285.836899243138,-1529.0048867943756
4,0.0,2246.2533651248905,46,2246.2533878643944,-1497.9326483000846
4,0.0,2209.165531788315,46,2209.165545038887,-1465.4721201551708
4,0.0,2169.5296247052347,46,2169.5296297283357,-1427.9621119887138
4,0.0,2136.622581694795,76,2136.6225814590694,-1395.4898019873178
4,0.0,2100.1179087240766,76,2100.1179043750803,-1359.1809895515094
4,0.0,2062.8147759659428,76,2062.814768831982,-1323.0158735708392
4,0.0,2018.2105751213085,76,2018.210566603982,-1282.6928248642712
4,0.0,1980.8315291214276,76,1980.8315203538698,-1252.4141307043917
4,0.0,1936.3151524588154,76,1936.315144473526,-1221.1036927528053
4,0.0,1887.2678842681726,13,1887.2678778255856,-1191.9789974241642
4,0.0,1838.260976281013,13,1838.2609724552276,-1166.5025430127766
4,0.0,1793.619362828995,13,1793.6193616790167,-1143.970349921816
4,0.0,1746.255379155347,26,1746.2553820795988,-1117.9305538302065
4,0.0,1697.6758051439938,26,1697.6758124694848,-1086.1293508885417
4,0.0,1656.9575895859314,26,1656.9576010678609,-1053.8896967019386
4,0.0,1613.854086940761,26,1613.8541025104482,-1013.5086315686324
4,0.0,1565.9631979429123,26,1565.963217390239,-961.7161644848053
4,0.0,1524.8319743138645,26,1524.8319952480483,-913.257846960723
4,0.0,1488.1685139082665,68,1488.168534164165,-869.0499676699691
4,0.0,1452.508919128894,68,1452.5089359820336,-827.123544448656
4,0.0,1411.1930057911272,68,1411.19301549518,-782.3406956739341
4,0.0,1359.4805148404544,60,1359.4805092773306,-735.7014404484138
4,0.0,1313.9607327429414,60,1313.9607084777897,-705.708867292026
4,0.0,1199.3472775059572,60,1199.3471979201527,-672.3660278228074
4,0.0,1135.9537658457277,60,1135.9536662747087,-664.3702699060233
4,0.0,1112.3256973494235,68,1112.325595584655,-659.811432790699
4,0.0,1067.1354181337908,68,1067.135324544447,-645.4617795739156
4,0.0,1010.8013739390767,68,1010.801319375239,-613.4092857191109
4,0.0,953.2453376742159,68,953.2453659729185,-562.930104217118
4,0.0,903.9012350895033,26,903.9013739138593,-507.78790156655896
4,0.0,856.5049333518705,26,856.5052114744196,-448.51568363358865
4,0.0,787.9972175221594,71,787.9977339577276,-361.10696506459203
4,0.0,737.1712836091132,71,737.1719719601251,-301.7327985488
4,0.0,702.2111137702067,71,702.2118934957814,-265.96643378924523
4,0.0,616.8052451711925,71,616.8060209604748,-199.19745637232586
4,0.0,576.4354612578626,71,576.436062043243,-177.0941900024668
4,0.0,491.4353325529947,71,491.43512480379377,-143.75516022822035
4,0.0,398.0401933587163,71,398.0386713831856,-112.86336246558903
4,0.0,366.45507710215514,71,366.4531795362286,-100.55261193040019
4,0.0,287.4702248990141,71,287.46825483382736,-61.177311134553975
4,0.0,183.77161820467063,71,183.77377287388117,11.408575230967244
4,0.0,153.082894450467,71,153.08775965100676,36.71021339450817
4,0.0,75.63498788586534,71,75.6509050956929,104.4635193541219
4,0.0,0.0,71,0.03393437061458826,170.01864825203506
5,0.0,4966.2539194718265,8,4966.200434224431,-3428.626743899087
5,0.0,4866.170380210113,8,4866.145455595677,-3372.4612037405313
5,0.0,4769.98482414334,8,4769.976186427839,-3318.6274488371064
5,0.0,4642.85675466319,8,4642.857510919424,-3269.0485109516894
5,0.0,4514.578880265944,8,4514.580916621969,-3222.3512773477314
5,0.0,4453.4171459879,8,4453.418580710046,-3172.922632631754
5,0.0,4411.610943376551,8,4411.611863195143,-3123.1151584251083
5,0.0,4378.060465276883,8,4378.060986590316,-3075.8648320343796
5,0.0,4344.5123518600585,8,4344.512520005388,-3025.522716119691
5,0.0,4310.335317400054,8,4310.3351896496415,-2974.883094472614
5,0.0,4274.964850252855,8,4274.964492657604,-2927.064058269124
5,0.0,4232.892618574968,8,4232.892088176157,-2880.179179171249
5,0.0,4178.000090380394,8,4177.999480247198,-2836.883952073476
5,0.0,4099.829748153081,8,4099.829229275166,-2798.9658007086123
5,0.0,4020.9461819339763,44,4020.94586768661,-2762.718492819734
5,0.0,3959.243799826059,44,3959.243645399992,-2721.1858280723372
5,0.0,3915.2255513695527,44,3915.225489855793,-2682.9977132834065
5,0.0,3871.9196674868476,45,3871.9196756964398,-2639.948557770467
5,0.0,3835.030137200117,45,3835.0301873952885,-2600.7117406500656
5,0.0,3797.452605563323,45,3797.4526832025076,-2560.111711160867
5,0.0,3758.0722021942674,41,3758.072295183215,-2518.7177280102774
5,0.0,3715.3910262569425,41,3715.391123445114,-2477.0109121010764
5,0.0,3668.572589094743,79,3668.572680240128,-2436.449568708693
5,0.0,3621.8522228864526,79,3621.8523014180278,-2401.8765438011496
5,0.0,3567.4931446215296,79,3567.4932042167075,-2368.5513377391867
5,0.0,3501.7769685037065,79,3501.7770037601736,-2335.8815888261674
5,0.0,3435.1108874271895,79,3435.110900467904,-2307.3824559058594
5,0.0,3371.480552026731,46,3371.4805487172907,-2280.6817359963925
5,0.0,3309.7246977234645,46,3309.724684234686,-2252.660613275436
5,0.0,3251.697910954241,46,3251.6978918321456,-2223.470931753104
5,0.0,3198.606379802289,46,3198.6063593620665,-2194.1011018865966
5,0.0,3151.9943533932214,46,3151.9943336882507,-2166.0061519507685
5,0.0,3102.5781998699904,46,3102.5781827223345,-2133.267779390147
5,0.0,3059.4747247376104,46,3059.474710781917,-2101.241130094077
5,0.0,3022.9416773600287,46,3022.9416668473295,-2070.514677854092
5,0.0,2984.2921410964996,89,2984.292134102434,-2033.4134551444477
5,0.0,2965.339658244267,89,2965.3396530631003,-2013.3176155210042
5,0.0,2948.1134100375907,89,2948.1134066259647,-1993.9855154152144
5,0.0,2917.601894479068,89,2917.601894258918,-1957.5793101171603
5,0.0,2887.789901906816,98,2887.789904753372,-1920.1852930929767
5,0.0,2855.5902852920262,98,2855.5902913898644,-1879.2816599289451
5,0.0,2827.3689315469387,98,2827.3689404194374,-1844.3966997148868
5,0.0,2796.5327831061204,98,2796.5327953201845,-1808.7490625530388
5,0.0,2726.8405339555225,45,2726.840553189465,-1742.9086676459235
5,0.0,2680.294862790212,45,2680.294886358907,-1711.6426705438907
5,0.0,2631.0682657201055,45,2631.0682928378365,-1688.1007191738822
5,0.0,2570.434873489679,45,2570.434903156646,-1667.7835804559675
5,0.0,2510.6074849437455,45,2510.6075150552397,-1650.4243405078676
5,0.0,2454.814441338594,45,2454.814470106052,-1631.0579204733176
5,0.0,2404.0753532197486,44,2404.075378883512,-1607.9870469535067
5,0.0,2357.5546687247547,44,2357.554690809665,-1581.4038740203077
5,0.0,2337.6759828668837,44,2337.6760028606027,-1568.4526166055655
5,0.0,2313.0095447682247,77,2313.009562468532,-1551.1255701125167
5,0.0,2274.47378936657,77,2274.4738031278484,-1521.509806574068
5,0.0,2234.61656555068,77,2234.6165757520084,-1488.0950829360315
5,0.0,2195.6185262632425,77,2195.618532946658,-1453.2796488374252
5,0.0,2161.568496985685,77,2161.5685007395696,-1421.6700946573148
5,0.0,2124.6251087830997,77,2124.6251103013647,-1386.6214874094087
5,0.0,2087.4805251047965,77,2087.4805244008066,-1351.136650653495
5,0.0,2049.7293726993385,77,2049.72937051017,-1315.4014152769332
5,0.0,2009.4840005557373,77,2009.483996998003,-1278.3350508051963
5,0.0,1969.7346656166321,77,1969.7346616802345,-1243.454729010673
5,0.0,1930.7560699847782,77,1930.7560661646933,-1211.5793845859848
5,0.0,1887.3796362987232,77,1887.3796333060525,-1179.514701245475
5,0.0,1841.5543107581157,77,1841.5543097547165,-1149.9775758051396
5,0.0,1784.2750639325466,77,1784.2750664798687,-1118.6401675590434
5,0.0,1742.8535045240917,77,1742.8535108952742,-1097.90933661517
5,0.0,1691.9845787222532,77,1691.984590419751,-1070.5321786651925
5,0.0,1645.9515569544308,77,1645.951573417958,-1039.8686937592502
5,0.0,1604.0785800518377,77,1604.0786004617676,-1004.6224426597845
5,0.0,1562.3611309914259,77,1562.3611535845155,-962.0968056569748
5,0.0,1515.4102374126082,27,1515.410259635255,-907.4317327796323
5,0.0,1476.2509935225632,27,1476.2510117208355,-859.3851050522962
5,0.0,1435.9309289687722,79,1435.9309388116276,-811.1514125527533
5,0.0,1396.8836790634432,79,1396.8836766680377,-768.9396454349758
5,0.0,1343.7700656622592,79,1343.7700396031541,-723.5170834731474
5,0.0,1301.5572415964277,79,1301.5571917281986,-699.6400595137064
5,0.0,1177.884142531513,79,1177.8840229350355,-678.006661804495
5,0.0,1118.3341614418787,79,1118.3340277649831,-669.6740062532566
5,0.0,1110.6677356339558,79,1110.6676019659265,-667.6020136228943
5,0.0,1053.605485336461,79,1053.6053707056283,-641.2119162524822
5,0.0,992.9266082528522,79,992.9265562333583,-589.6832031651873
5,0.0,937.874368885595,51,937.8744188099104,-526.7985481213298
5,0.0,902.593360769553,51,902.593498604582,-482.95387260333996
5,0.0,826.2911547262844,44,826.2915267431531,-390.9764906911273
5,0.0,800.782774768979,44,800.7832290607189,-362.9351844952946
5,0.0,706.9213022637185,44,706.9219854161458,-275.25941311915585
5,0.0,641.1420560499856,44,641.1427149632486,-227.80016269611974
5,0.0,624.2845693356876,44,624.2851818237741,-217.26525900972933
5,0.0,559.5635785448346,44,559.5638250153852,-181.9168390042712
5,0.0,476.7702082022864,44,476.76956185287827,-145.08820039642364
5,0.0,417.4795182349624,44,417.47808606169656,-121.09495099265973
5,0.0,324.6733800845308,77,324.67123482957777,-79.9967501363044
5,0.0,271.5912896409422,77,271.5896558763202,-50.732194839991735
5,0.0,200.1267988696231,77,200.12793701354758,-1.477649848346573
5,0.0,138.28365773600046,172,138.2900383258534,49.776063579299716
5,0.0,48.86103717879029,172,48.88147420383166,129.15392151994115
6,0.0,4952.867205081049,6,4952.816988420899,-3422.3153917937652
6,0.0,4852.946441428432,6,4852.923826039556,-3366.628507498198
6,0.0,4756.477657933355,6,4756.470482791969,-3313.319668168629
6,0.0,4628.758531847609,6,4628.759764398598,-3264.321578748608
6,0.0,4507.1567528231635,6,4507.158736197893,-3217.616084970478
6,0.0,4451.074909087134,12,4451.076288706153,-3170.4484104677076
6,0.0,4408.583316438024,12,4408.584159982375,-3118.6831518683475
6,0.0,4374.764258563895,7,4374.764699640548,-3070.1852012677136
6,0.0,4343.736163274865,7,4343.7362813591735,-3023.2647568348457
6,0.0,4311.140602675867,7,4311.14044360675,-2975.002539175939
6,0.0,4273.861540552587,52,4273.861148929285,-2925.3157347706333
6,0.0,4227.049290322452,52,4227.048730188682,-2876.004895530958
6,0.0,4165.6414359948785,52,4165.640831101939,-2833.4406146054453
6,0.0,4084.1449923942787,52,4084.144530742215,-2795.9241380825383
6,0.0,4015.85146575625,52,4015.8511902897935,-2756.6806355570025
6,0.0,3965.6509077673313,52,3965.6507594327936,-2715.9019081156816
6,0.0,3924.105995696912,52,3924.1059331655733,-2675.6716433822367
6,0.0,3888.411179965081,32,3888.4111736063824,-2638.6597867457367
6,0.0,3842.4672808429746,32,3842.4673231894303,-2591.2488547851644
6,0.0,3801.2806753634477,32,3801.280741079998,-2552.0112113535224
6,0.0,3751.8956290336864,32,3751.8957026747003,-2511.899434887773
6,0.0,3699.8467968675686,32,3699.846862712934,-2478.7086299062885
6,0.0,3632.2614194729363,32,3632.2614629792097,-2445.3412691608855
6,0.0,3568.8038960487165,35,3568.803916613442,-2415.547701138924
6,0.0,3507.9045745072317,35,3507.9045772628415,-2381.2266413408906
6,0.0,3459.501494943068,54,3459.5014882127984,-2348.276434759716
6,0.0,3420.5750739566797,54,3420.575062747935,-2318.590972825951
6,0.0,3370.8885522136998,54,3370.8885391476247,-2278.1422431487968
6,0.0,3328.12792232623,54,3328.1279099651433,-2242.826801179909
6,0.0,3287.35485166396,58,3287.35484109827,-2210.3751809882374
6,0.0,3239.526399854663,58,3239.5263922658437,-2175.578556683673
6,0.0,3193.317820910842,58,3193.3178167096494,-2146.402794998297
6,0.0,3137.1545640339664,58,3137.154563089469,-2116.459983825269
6,0.0,3083.8158817242656,58,3083.8158834174883,-2090.534235609929
6,0.0,3035.833411125427,41,3035.833414298381,-2064.6108119700793
6,0.0,2989.8557071155474,41,2989.855711273147,-2032.617365642676
6,0.0,2950.464963866581,41,2950.4649687017713,-1996.9748009820428
6,0.0,2939.5919726491684,41,2939.591977702096,-1985.6958122011038
6,0.0,2912.8871874985675,58,2912.887192603274,-1955.6053284976335
6,0.0,2881.187926988666,58,2881.187932456637,-1916.4722729168152
6,0.0,2853.0701993662265,58,2853.0702056181894,-1880.1484128784973
6,0.0,2825.871775846255,58,2825.871782647677,-1845.08441680853
6,0.0,2796.4654288980146,30,2796.4654362628467,-1808.8143949353257
6,0.0,2763.2274988748236,30,2763.227507089622,-1771.479504154639
6,0.0,2689.528524831748,126,2689.5285348237676,-1706.3053627240358
6,50.0,2588.363359507205,126,2638.3838227672345,-1682.673341145329
6,50.0,2531.0186725351537,126,2581.039217591958,-1661.2320701784386
6,50.0,2477.097837710999,126,2527.1179587870565,-1639.298082167976
6,50.0,2427.398336946931,126,2477.4176465801106,-1617.2869641807001
6,50.0,2374.1891752936285,126,2424.2071881600614,-1593.918130870458
6,50.0,2324.791347284907,126,2374.8077841227473,-1573.2937520795263
6,50.0,2271.6205272593106,126,2321.6349011813036,-1549.394304755534
6,50.0,2228.8767277916127,126,2278.8891973429113,-1525.1421388362978
6,50.0,2225.710220873448,41,2275.722541379199,-1523.0858216852687
6,45.473836020818545,2189.2645387224698,41,2234.7381978816147,-1492.9132240355107
6,0.0,2192.742235130176,41,2192.7422369790183,-1458.7113652066168
6,0.0,2154.7751205060213,180,2154.7751218527524,-1426.9206400205467
6,0.0,2118.828116481717,180,2118.828117248333,-1392.5396770849459
6,0.0,2081.9789060591593,69,2081.978906006597,-1354.6538693741752
6,0.0,2049.2208286888795,69,2049.220828050418,-1320.368411153435
6,0.0,2006.5803974786845,69,2006.5803963354092,-1277.3124729971782
6,0.0,1974.3575708160731,69,1974.3575693795442,-1247.3641643448748
6,0.0,1932.793136840338,69,1932.793135282383,-1213.0227124929029
6,0.0,1884.1145403751275,69,1884.1145390611239,-1178.5562072288824
6,0.0,1843.3101850455641,69,1843.3101843686727,-1152.9682968190336
6,0.0,1791.3002551819652,69,1791.3002563200853,-1122.0611025178973
6,0.0,1747.7288592166162,3,1747.728862431149,-1096.0527012570128
6,0.0,1701.522543411644,3,1701.5225494017404,-1067.9706766869099
6,0.0,1654.1995650563617,3,1654.1995746327452,-1038.9035578801213
6,0.0,1604.9526504317303,3,1604.9526630675964,-1007.8333298938951
6,0.0,1549.160625710183,3,1549.1606403680694,-968.0134774221627
6,0.0,1511.319413182786,6,1511.319427104616,-934.8195003406557
6,0.0,1461.5349109568688,6,1461.5349203682417,-880.8482082983564
6,0.0,1430.7581025471961,6,1430.7581064548488,-842.5431400497218
6,0.0,1389.910694667209,12,1389.9106872863658,-789.9676475183782
6,0.0,1353.885933736462,12,1353.8859126626328,-746.7245772722648
6,0.0,1293.2044749524368,12,1293.2044237745588,-692.267654498742
6,0.0,1190.5148598081134,12,1190.5147507039349,-663.4828204435289
6,0.0,1130.3647996988382,44,1130.364668752698,-662.4240686306473
6,5.437542670575418,1103.1860201499876,44,1108.5998756750269,-660.1777488977677
6,0.0,1047.0153327303838,44,1047.0152151024813,-636.4338240890388
6,0.0,992.3376106270093,44,992.3375445133747,-591.0611602152594
6,0.0,949.8526341563166,35,949.8526382395,-542.7834460110134
6,0.0,903.7212278089717,35,903.7213396128332,-484.3583565244171
6,0.0,827.7294898151792,35,827.7298386365255,-391.24910554584267
6,0.0,797.5272452360298,35,797.527697869981,-358.293033221589
6,0.0,742.8057724367552,35,742.8063977460135,-305.6534069789743
6,0.0,694.7646808535559,35,694.7654046403281,-266.44254096382247
6,0.0,595.1399172156772,35,595.1404812358244,-202.08402524148005
6,0.0,554.9765114891246,35,554.9768115125482,-181.16994214370402
6,0.0,459.3668204327782,35,459.3660336981525,-138.51224850718017
6,0.0,430.42707026937586,35,430.42588367751887,-126.57518211604702
6,0.0,337.95566711183875,35,337.9535433422343,-86.4145624270941
6,0.0,266.9863617532159,44,266.9847866500968,-47.955217230872904
6,0.0,202.97793309687668,44,202.9788585830638,-3.675008028301363
6,0.0,135.14954808595044,44,135.15631847672375,52.901355134633604
6,40.83805420257643,13.63798188649068,44,54.956497650373876,160.66756902970542
7,0.0,4943.289428045552,5,4943.28108706916,-3419.0682060050176
7,0.0,4840.402515982963,5,4840.402049142023,-3363.7603121358497
7,0.0,4744.938796687578,5,4744.940485973178,-3310.1944856480272
7,0.0,4612.0625577410365,5,4612.063653655787,-3261.3250520681813
7,0.0,4488.75917740504,31,4488.759245614128,-3216.2913812927745
7,0.0,4449.560488400127,31,4449.560360437491,-3165.7650920993733
7,0.0,4422.165550402694,31,4422.165328773641,-3118.41651681279
7,0.0,4393.453682290188,41,4393.45339784155,-3064.904901387579
7,0.0,4362.6372932904815,41,4362.6369758736055,-3011.670092474548
7,0.0,4327.687111292595,41,4327.686791359793,-2964.1020690174237
7,0.0,4272.070266521403,41,4272.0699945695105,-2917.086576316592
7,0.0,4193.75123034052,41,4193.751071100112,-2876.708518810963
7,0.0,4128.867303171628,41,4128.867234284877,-2838.7642022369037
7,0.0,4070.667640566853,41,4070.6676320673646,-2796.563156481824
7,0.0,4016.83782001015,4,4016.8378460576537,-2752.984286989926
7,0.0,3966.5376766376785,4,3966.5377182951956,-2709.740329597739
7,0.0,3922.62862970653,4,3922.6286738272197,-2669.892745745129
7,0.0,3883.240404038672,4,3883.240444719163,-2632.421121521025
7,0.0,3835.0804251364693,31,3835.0804565663057,-2585.4998186557805
7,0.0,3792.3275777210124,31,3792.3275989671624,-2545.4979131469677
7,0.0,3744.884085121703,31,3744.8840954278494,-2506.725382592435
7,0.0,3693.631560983588,31,3693.6315618225904,-2473.841545072153
7,0.0,3627.233459268428,31,3627.233452212273,-2441.806121553499
7,0.0,3555.8295311275006,31,3555.8295205975924,-2409.107278591925
7,0.0,3500.063622807147,50,3500.0636132920513,-2377.297422522347
7,0.0,3456.4302513279367,50,3456.4302428372494,-2347.1743165148923
7,0.0,3406.970246966042,50,3406.9702407755476,-2308.319960406123
7,0.0,3370.510754072513,50,3370.510750100054,-2277.691943279945
7,0.0,3325.6804494035664,20,3325.6804473273405,-2239.6736282182037
7,0.0,3281.3796929483815,20,3281.3796927794533,-2203.9983215744496
7,0.0,3233.443764500142,20,3233.443765549723,-2170.066603470322
7,0.0,3182.7865722032184,20,3182.786573779065,-2141.4004199804253
7,0.0,3121.966375654356,20,3121.9663778471736,-2116.231866288398
7,0.0,3060.8283066252593,20,3060.8283084857276,-2093.231576526872
7,0.0,3016.2385239978885,20,3016.238526003048,-2067.1447318056444
7,0.0,2979.264507650238,31,2979.264509469867,-2032.516824338608
7,0.0,2970.07865360919,31,2970.07865544293,-2021.7675713891917
7,0.0,2940.5172350659304,31,2940.517237069957,-1982.0116673024672
7,0.0,2915.585571391035,31,2915.5855733130193,-1944.5800478105857
7,0.0,2892.376320406982,49,2892.3763227876652,-1909.7415121498534
7,0.0,2863.2597914035464,49,2863.2597941820122,-1870.298412312912
7,0.0,2793.484099615182,49,2793.4841044828427,-1806.0305823840797
7,0.0,2745.01894267833,101,2745.0189491347714,-1780.3884029409373
7,0.0,2697.5824691494417,101,2697.582477070335,-1760.8129367031224
7,0.0,2634.2122198282736,101,2634.212229451869,-1731.5172015823703
7,0.0,2591.052242292029,101,2591.052252631817,-1704.5623292318403
7,0.0,2568.738900307814,101,2568.738910872739,-1687.8335331486494
7,0.0,2547.85419548923,101,2547.8542056058195,-1670.551577832355
7,0.0,2511.06182375655,101,2511.061834039289,-1637.270654831853
7,0.0,2475.9439686237743,101,2475.9439782464633,-1604.695374714127
7,0.0,2388.8701120844357,101,2388.870119321246,-1548.606931848874
7,0.0,2319.510531381695,101,2319.5105365241643,-1542.2017127041454
7,0.0,2271.5074424630884,101,2271.507445953645,-1527.9118093418685
7,0.0,2262.9575744012236,101,2262.9575775340527,-1521.636800482989
7,0.0,2224.9097549426406,101,2224.909757350651,-1475.3572911911979
7,0.0,2205.3936344415447,101,2205.393636092263,-1440.6774633797168
7,0.0,2171.302315946591,101,2171.3023169537887,-1370.33775398003
7,0.0,2148.737896511854,101,2148.737897146718,-1324.2324683952272
7,0.0,2133.8739909154287,101,2133.873991438325,-1297.104220261252
7,0.0,2054.1391109880938,49,2054.139110090541,-1230.404103938864
7,0.0,1974.5797660636836,49,1974.579764752901,-1248.6168486017627
7,0.0,1919.4689138816827,49,1919.4689129303815,-1240.0732692445486
7,0.0,1893.6014978108133,49,1893.6014972442856,-1223.7198156797538
7,0.0,1856.2302457050569,100,1856.2302461310537,-1189.5739627406438
7,0.0,1814.2916947848273,100,1814.2916968198303,-1144.81294967364
7,0.0,1789.636544810666,100,1789.6365479784508,-1119.4991297383306
7,0.0,1737.0290255932305,100,1737.029031625671,-1075.4048933732438
7,0.0,1696.63781087364,101,1696.6378193345759,-1051.5186949138663
7,0.0,1626.8330933686054,101,1626.8331054445916,-1019.8834459039915
7,0.0,1586.066777776594,101,1586.0667905520281,-998.297217019246
7,0.0,1532.4107516113388,101,1532.410763299945,-957.8837757847261
7,0.0,1497.145584238343,101,1497.1455926294495,-922.2677314744939
7,0.0,1447.4896162409973,101,1447.4896159388954,-861.7051115418824
7,0.0,1406.144725428166,101,1406.144714028505,-807.160649057898
7,0.0,1371.5346080050122,101,1371.534584579712,-763.8017312299875
7,0.0,1321.1924580228101,101,1321.1924134162728,-712.8394812344338
7,0.0,1286.2886645384585,101,1286.288603062404,-689.4784492304157
7,0.0,1222.6574649418667,101,1222.6573742841008,-670.7110122400397
7,0.0,1135.7088882542405,101,1135.7087767381843,-666.2732750438558
7,0.0,1105.4103063916543,101,1105.4101980599985,-661.4009098632621
7,0.0,1049.7924628519702,101,1049.7923803396516,-638.2585377601886
7,0.0,995.6114249070874,101,995.6113975231076,-594.1262732741177
7,0.0,946.4183005536421,101,946.4183510831967,-538.6521140694233
7,0.0,905.4438428282065,101,905.4439768116913,-486.58466314848715
7,0.0,856.585802706489,123,856.5860520511746,-424.242194910772
7,0.0,764.4973619418143,123,764.4978154037572,-323.84449634530665
7,0.0,696.6010857861448,123,696.6015932641567,-270.98824074794993
7,0.0,631.2379181621569,123,631.2383030849903,-233.00008078998667
7,0.0,593.6562700815078,123,593.6564758994732,-213.47588749245324
7,0.0,505.44799347369826,123,505.44743337788304,-167.36464962648324
7,0.0,480.45642878470676,123,480.4555778317176,-154.23643269394393
7,0.0,392.07558586996026,123,392.0736925845463,-110.59886895947216
7,0.0,308.04769039087574,123,308.0455605312677,-71.53768017042808
7,0.0,285.2785163888821,123,285.2766389431026,-59.593303045473476
7,0.0,181.95951880568938,123,181.96194115747812,14.140918813737471
7,0.0,115.48443440721978,123,115.49361907611365,77.37227237006573
7,0.0,34.68224930417596,123,34.7056085240597,148.95191898767348
8,0.0,4937.952629550118,9,4937.944938047447,-3417.7607671670753
8,0.0,4838.655062266492,9,4838.654651854311,-3362.494623937191
8,0.0,4746.164159314524,9,4746.165832487788,-3309.6642319910147
8,0.0,4596.941023060653,9,4596.942000006064,-3261.169022113627
8,0.0,4485.3652642345905,23,4485.3653337240885,-3213.69547826716
8,0.0,4447.912198752395,23,4447.912080572594,-3162.969494899701
8,0.0,4420.244917352828,23,4420.244703439197,-3114.368819648466
8,0.0,4394.207398199543,25,4394.207125370671,-3065.9182841058646
8,0.0,4362.139069031705,25,4362.138759005785,-3011.2208910041572
8,0.0,4325.282723281331,25,4325.282410378111,-2962.689627396958
8,0.0,4270.4699060219245,25,4270.469642437662,-2916.6377643437318
8,0.0,4200.460324900759,25,4200.460166646263,-2874.315884451941
8,0.0,4137.581328559613,35,4137.581264065981,-2835.400451443494
8,0.0,4068.920754249361,35,4068.9207651557635,-2792.0055719106913
8,0.0,4013.3269678296265,35,4013.3270126899088,-2752.592312134111
8,0.0,3964.0478048484474,47,3964.047862043657,-2711.336123845859
8,0.0,3920.023811091348,25,3920.023867760239,-2669.749980198866
8,0.0,3879.8648620022614,25,3879.864911718316,-2629.475102007794
8,0.0,3838.7594647529527,1,3838.7595035363424,-2588.1633455539873
8,0.0,3793.101335529745,1,3793.101360738971,-2545.3213073559455
8,0.0,3744.860198571443,12,3744.860210536538,-2506.8262222229932
8,0.0,3688.276466032344,12,3688.276465515445,-2472.0481134231472
8,0.0,3622.7124419508145,12,3622.7124327077872,-2440.8908697186434
8,0.0,3558.5045803484672,47,3558.504568092351,-2410.237035017991
8,0.0,3504.861166403319,47,3504.8611545028316,-2378.9004589326464
8,0.0,3458.0947725938504,47,3458.0947627068604,-2346.5565040618444
8,0.0,3409.4867665194374,47,3409.486759068256,-2309.2430439133
8,0.0,3373.1506527229353,35,3373.150647598125,-2280.0833122718177
8,0.0,3324.2326230087947,35,3324.232620569529,-2240.7482267569853
8,0.0,3278.523342958391,35,3278.523342601126,-2205.237966316918
8,0.0,3231.988483137795,51,3231.988484368375,-2171.518951116744
8,0.0,3187.4445625998087,51,3187.4445646086356,-2142.6632137951487
8,0.0,3128.966176719847,51,3128.966179162601,-2111.9230083789375
8,0.0,3067.754373258943,64,3067.7543759685423,-2087.639159106652
8,0.0,3015.128260077265,64,3015.1282622611034,-2061.685653713647
8,0.0,2977.9720089426933,64,2977.972010796137,-2029.7885096067994
8,0.0,2973.8690160421756,80,2973.86901788158,-2025.315220773391
8,0.0,2942.3554970819414,80,2942.355498994699,-1984.8833113357625
8,0.0,2917.348955348671,47,2917.3489571695595,-1947.4581938923982
8,0.0,2892.5861792058104,47,2892.5861808314057,-1910.0317801196402
8,0.0,2864.267340914114,47,2864.267342660137,-1871.7638942258618
8,0.0,2791.601269768228,47,2791.6012720935128,-1804.5853531595778
8,0.0,2748.4476133063217,47,2748.447616017011,-1775.595535853649
8,0.0,2704.692656687061,64,2704.6926596601943,-1747.266728066273
8,0.0,2657.7710304745247,64,2657.7710338894,-1717.0260182021477
8,49.31715009829836,2564.697618871795,115,2614.02658250489,-1690.0823142358413
8,48.27568448102951,2519.704117580053,115,2567.9897097399335,-1660.7189308781487
8,47.314114629452824,2478.1622811126413,115,2525.484447644025,-1630.5638063680783
8,46.32716414711042,2435.5239481078424,115,2481.8571654150896,-1601.6528785105766
8,45.168721201202075,2385.4767806172613,115,2430.649091537702,-1580.3795771100124
8,43.52990675130496,2314.676555582722,115,2358.206364208971,-1573.499123213758
8,42.640488501675364,2276.251819806469,115,2318.890119619623,-1559.9790841895033
8,10.553334641593851,2272.656963237996,33,2283.198109628902,-1537.0675596854578
8,0.0,2258.2792307054497,33,2258.2792335205686,-1518.6626361088652
8,0.0,2229.9035714994993,33,2229.9035739431974,-1483.0829625499935
8,0.0,2205.637557171946,33,2205.6375595442228,-1439.8914781963908
8,0.0,2174.632651976018,46,2174.6326538461312,-1375.0890203965369
8,0.0,2159.471956772654,46,2159.471958604487,-1343.3535072247325
8,0.0,2130.5885467245034,46,2130.5885483138504,-1290.5877376599638
8,0.0,2049.0174951868144,46,2049.017495855016,-1238.1623281369825
8,0.0,1966.6664972269416,46,1966.6664969569406,-1246.9133001273758
8,0.0,1945.4542630777432,178,1945.4542627617743,-1239.1669708777338
8,0.0,1914.286689241517,32,1914.2866890469702,-1219.0683630039948
8,0.0,1873.2148829432856,32,1873.214882424485,-1185.039559856651
8,0.0,1833.0559338541993,32,1833.0559337883424,-1152.2619308890662
8,0.0,1788.1564372401792,96,1788.1564378089106,-1119.6815495700448
8,0.0,1741.2275294311369,96,1741.227531219277,-1089.2157514754244
8,0.0,1694.9438339275248,40,1694.9438372315367,-1061.3301734236127
8,0.0,1641.4334758798755,40,1641.4334812191978,-1030.120191801756
8,0.0,1596.945824534618,40,1596.9458319861337,-1002.9793937210459
8,0.0,1549.2230200459062,40,1549.223028636988,-968.9900985942409
8,0.0,1509.7241001392806,40,1509.724109356796,-933.8906650028564
8,0.0,1440.3165566385385,40,1440.3165628263323,-853.9454622051372
8,0.0,1431.4231866593746,40,1431.4231921768494,-842.4619572933715
8,0.0,1383.1977789751065,40,1383.1977785349545,-780.1004806523599
8,0.0,1328.866036073046,40,1328.866024396292,-720.1594469112091
8,0.0,1290.9001339049837,40,1290.900111605507,-691.3953381536967
8,0.0,1183.1105439932587,40,1183.1104847330046,-666.1146587087162
8,0.0,1144.7312262604141,190,1144.731154574465,-665.1514872090136
8,0.0,1101.5325376063672,190,1101.5324551774656,-659.3912366605052
8,0.0,1055.5146569525125,190,1055.5145701533581,-641.4632270872498
8,0.0,1003.1803763583657,190,1003.1802989421064,-601.8861475949357
8,0.0,946.017323713022,190,946.0172806458684,-538.4801500816284
8,0.0,901.9048580876727,190,901.904862702291,-481.98882339832653
8,0.0,847.5083917035641,190,847.5084829968478,-412.65763919920573
8,0.0,803.140157763006,190,803.1403394431852,-361.66040029980127
8,0.0,724.427891296972,190,724.4282517838265,-290.642816956469
8,0.0,635.373983900625,178,635.3744760041425,-235.85688760589937
8,0.0,569.6142350599042,178,569.6146678071809,-200.30341794745914
8,0.0,543.4963021562378,178,543.4966532130325,-185.7622598549574
8,0.0,492.7193910680113,178,492.7194685149784,-157.5651939805166
8,0.0,427.1769154204291,178,427.1764148796369,-125.05475694951883
8,0.0,356.4020142266036,178,356.4007197317974,-97.52245982573095
8,0.0,275.9171700894869,178,275.91521717050955,-61.92651822348557
8,0.0,208.62196438060587,178,208.62032499239376,-9.781931973244582
8,0.0,139.70124275864916,178,139.70161928016887,65.3027642537811
8,0.0,22.690905911092464,178,22.701606374801486,163.90948277036637
9,50.0,4916.018179575246,1,4965.943567253192,-3413.831890185003
9,50.0,4766.211818034437,1,4816.184829823111,-3359.673554254605
9,0.0,4710.287876518023,1,4710.289627282185,-3307.628743420444
9,0.0,4657.738991371652,28,4657.740517576758,-3257.5961037148836
9,0.0,4615.872825182494,28,4615.874004405931,-3202.2815849173903
9,0.0,4431.0952639134475,28,4431.095083017886,-3160.9709610917876
9,0.0,4405.257562281324,28,4405.257303129558,-3110.2274444804116
9,0.0,4385.611433740043,28,4385.611134462033,-3059.4399024568
9,0.0,4366.798914092813,28,4366.798590340141,-3012.5007638086627
9,0.0,4337.720587742756,28,4337.720248760035,-2958.300055515294
9,0.0,4272.399018607982,28,4272.398721434285,-2914.73138753539
9,0.0,4200.141078975797,44,4200.140889246746,-2874.7539818257574
9,0.0,4131.817471718334,44,4131.817386386336,-2831.1815420680045
9,0.0,4059.6594848223203,44,4059.6594800516536,-2793.9079521961303
9,0.0,4025.156206904595,44,4025.1562262736297,-2748.852321476549
9,0.0,3999.3560936410454,60,3999.356125436969,-2705.0863877487072
9,0.0,3967.150397939867,60,3967.1504389023594,-2656.53775510149
9,0.0,3886.6586567543486,46,3886.658698586769,-2623.1880698006903
9,0.0,3817.4616043102506,46,3817.461632554859,-2589.7271674528824
9,0.0,3784.291876236003,46,3784.291896394132,-2552.45430674864
9,0.0,3746.5868791708986,67,3746.5868905576604,-2506.583926538288
9,0.0,3705.15499566653,60,3705.154998721562,-2466.1397529605265
9,0.0,3641.908197476772,60,3641.908191308817,-2433.5468681142916
9,0.0,3554.4894139074145,60,3554.4894023824186,-2410.48802070903
9,0.0,3496.3601118701436,60,3496.3601009361923,-2380.6045251252704
9,0.0,3448.001193440161,60,3448.0011840538514,-2344.2954053023795
9,0.0,3405.927663478636,60,3405.927656233155,-2308.2822835979982
9,0.0,3364.687515744285,60,3364.6875104929495,-2272.7444784596796
9,0.0,3323.2767326024536,60,3323.276729782234,-2239.0268636917885
9,0.0,3277.725321241215,60,3277.7253203869805,-2204.6034685151362
9,0.0,3234.6500233961697,60,3234.650023927464,-2173.950546655926
9,0.0,3186.167414929276,60,3186.1674163482726,-2141.4548987058893
9,0.0,3136.31894346651,67,3136.3189454944495,-2113.0412730616263
9,0.0,3074.411101730042,67,3074.41110393399,-2089.398322709999
9,0.0,3015.436311558605,67,3015.4363138979056,-2063.2281707442767
9,0.0,2983.2692900855327,67,2983.2692923874074,-2036.0980384439115
9,0.0,2976.748860758715,104,2976.7488627662087,-2029.120187322576
9,0.0,2947.6415575059696,104,2947.6415592355247,-1992.227622439503
9,0.0,2918.357214194705,104,2918.3572160299227,-1948.5873436881466
9,0.0,2891.4441028361866,7,2891.44410481367,-1908.183225196438
9,0.0,2866.57222854244,7,2866.572230406993,-1874.9081730373723
9,0.0,2794.7587950754605,7,2794.758797477379,-1806.8452574511884
9,0.0,2752.9194255498287,7,2752.9194283854163,-1776.0218525482883
9,0.0,2711.2674294323424,7,2711.267432654445,-1746.690040730723
9,0.0,2665.344677374144,7,2665.3446810456007,-1717.9219467877554
9,0.0,2615.602591712392,7,2615.6025959994695,-1694.0601847976693
9,0.0,2562.0185011100702,28,2562.0185057124613,-1672.5655201203622
9,0.0,2512.571758662889,28,2512.571763523567,-1645.5472396267867
9,0.0,2498.890624461467,28,2498.8906290947066,-1635.8198970416956
9,0.0,2471.6686138109603,28,2471.6686182650506,-1613.9871736505106
9,0.0,2392.981444874473,28,2392.981449159577,-1555.0509953353949
9,0.0,2328.937807791651,28,2328.937811170257,-1540.415486929404
9,0.0,2269.6319589268064,28,2269.631962137869,-1525.5181389833213
9,0.0,2266.5117215312216,28,2266.5117244154717,-1523.4108862842097
9,0.0,2234.8727686927764,28,2234.872771031428,-1490.3607491033924
9,0.0,2208.8927168500395,28,2208.8927190998083,-1447.2366437952098
9,0.0,2185.5158043349106,28,2185.5158064320076,-1399.7419916760205
9,0.0,2156.8269832843425,28,2156.8269850405068,-1339.110351509511
9,0.0,2138.226244028907,28,2138.2262457087,-1303.7362119145312
9,0.0,2059.2242604808266,28,2059.2242612668188,-1236.4760381843003
9,0.0,1973.3168201222352,28,1973.3168199340823,-1248.224511353281
9,0.0,1944.6329482881206,28,1944.632947991783,-1239.4683364678883
9,0.0,1919.292759505637,47,1919.2927590444442,-1223.5704710962493
9,0.0,1881.0298539452192,47,1881.0298531579774,-1191.0628211958779
9,0.0,1835.3722662266864,47,1835.3722657085705,-1151.5393457259634
9,0.0,1795.033348635935,47,1795.0333486866857,-1124.2235487018647
9,0.0,1719.6471745528618,47,1719.6471760265417,-1091.6684073312913
9,0.0,1685.9609618807226,47,1685.9609646923623,-1075.5869602373527
9,0.0,1648.1478350691998,136,1648.147839363462,-1048.474247192234
9,0.0,1599.4791379363699,136,1599.4791437685071,-996.4253852556227
9,0.0,1567.885959525651,137,1567.8859665529021,-957.765561917459
9,0.0,1530.5548122212076,137,1530.5548207108484,-919.5658081063946
9,0.0,1425.9206779051558,57,1425.920684438674,-895.9891446229905
9,0.0,1404.7153747750945,57,1404.715379487626,-883.549310090031
9,0.0,1370.5924814714176,57,1370.5924821829103,-834.9560770255239
9,0.0,1337.812619568814,57,1337.812614826092,-764.0494870641589
9,0.0,1308.1625848548306,137,1308.1625734830995,-703.9636700305881
9,50.0,1128.664137757711,137,1178.6834185007692,-712.4630302593141
9,0.0,1128.131041891543,137,1128.1309698239947,-683.1775421145361
9,0.0,1112.2093461808372,137,1112.2092687318093,-680.9646345181266
9,0.0,1057.4485870518497,137,1057.4484961899761,-648.6947947020383
9,0.0,985.3895249796202,137,985.3894356735336,-562.6844849927284
9,0.0,968.0032960548235,137,968.0032125302534,-541.2691795472988
9,0.0,905.8789805271359,191,905.8789402724601,-485.75993290578276
9,0.0,831.8580880337022,191,831.8581528510495,-437.2714651511069
9,0.0,805.8040105787471,191,805.8041269554742,-406.1554380463483
9,0.0,736.7481144712366,191,736.7483924976484,-302.4775116034823
9,0.0,648.6140369406667,191,648.6145158750053,-226.22377569831292
9,0.0,623.7247035087199,191,623.7252200390853,-219.19117487026074
9,0.0,560.6227142011464,191,560.6232435444454,-208.14779227023837
9,0.0,501.22101053535886,209,501.2213971057113,-187.60743962575953
9,25.590463029516954,376.73796516174195,209,402.31151731386217,-98.71613692502137
9,9.133911058463346,298.81931585659714,209,307.92444755217593,-46.443017063762
9,10.346044926350533,222.15834508942044,209,232.47602757338882,-15.52253608877868
9,12.24442316274934,213.57976688260172,209,225.79598855633412,-10.694589676139458
9,18.834566561670442,106.4755823878244,209,125.31360816034567,102.95644176371161
9,0.0,0.0,209,0.012704114153621049,170.56835907402728
10,0.0,4923.578850943781,10,4923.572677621829,-3411.960251829978
10,0.0,4827.180974154804,10,4827.180956932132,-3356.8373666144125
10,0.0,4713.88596300628,10,4713.88773348267,-3304.633480218321
10,0.0,4649.112640596423,10,4649.114132429956,-3252.251116409111
10,0.0,4607.292833307519,32,4607.293963936814,-3200.033239434368
10,0.0,4431.833274826362,32,4431.8331025817315,-3162.2107625118797
10,0.0,4407.075629405433,32,4407.07537659389,-3114.8518723536176
10,0.0,4386.143528224698,20,4386.143228136439,-3060.8942278775176
10,0.0,4364.259020678916,20,4364.258689456967,-3006.72996674632
10,0.0,4338.368763375154,34,4338.3684169345415,-2959.341420540276
10,0.0,4266.0813117593525,34,4266.081010041061,-2912.655123242097
10,0.0,4194.796437849474,20,4194.796244454457,-2870.124356178082
10,0.0,4128.736823122511,20,4128.736732869608,-2829.8978398559007
10,0.0,4056.126569820282,20,4056.1265632268687,-2790.4543880968868
10,0.0,4023.1680588544496,20,4023.168076701109,-2745.5419040191628
10,0.0,3995.6003058474244,20,3995.600337670733,-2698.5604274087664
10,0.0,3964.83300414485,20,3964.8330458890186,-2653.797697204701
10,0.0,3880.0967631992767,20,3880.0968066728888,-2622.7986343403013
10,0.0,3815.7616347812386,34,3815.761666082283,-2586.59511872535
10,0.0,3779.257602428072,34,3779.2576248360147,-2544.8773976910315
10,0.0,3743.298106593897,34,3743.2981207921775,-2503.331809478089
10,0.0,3701.7029775719147,34,3701.7029832630665,-2467.7666133757507
10,0.0,3622.861863936585,43,3622.8618590806936,-2436.127190227248
10,0.0,3552.965039145826,43,3552.965030335013,-2406.567549512627
10,0.0,3506.7413583363405,43,3506.7413495626342,-2373.0176915317456
10,0.0,3462.3551507397965,55,3462.3551434301294,-2337.754845665839
10,0.0,3412.328022325604,55,3412.328017059418,-2303.95845976909
10,0.0,3357.3530578550017,55,3357.35305475541,-2271.220989586336
10,0.0,3312.393028667146,55,3312.393027279106,-2240.893859732949
10,0.0,3269.005514039852,23,3269.0055140699005,-2207.2216391351885
10,0.0,3227.7045826065482,23,3227.7045834594437,-2173.033032838358
10,0.0,3187.40611718084,23,3187.406118288716,-2140.957400810023
10,0.0,3134.5942967966866,71,3134.594298471916,-2107.9662093484635
10,0.0,3068.636741238031,71,3068.636742934734,-2086.9532348005396
10,0.0,3013.884802801301,71,3013.884804372953,-2063.6309139105515
10,0.0,2978.7769954868477,4,2978.776996631577,-2031.9853976432448
10,0.0,2971.2794298799326,4,2971.2794308197617,-2023.3078605188161
10,0.0,2943.362995153651,70,2943.362995977059,-1986.0084769610028
10,0.0,2919.32424216518,70,2919.3242430956893,-1949.8980092598536
10,0.0,2891.0164344195287,70,2891.016435389058,-1907.5489127926335
10,0.0,2861.2477235424003,90,2861.2477245158093,-1868.4356532572301
10,0.0,2793.0562412765153,90,2793.0562425044805,-1805.5955939172613
10,0.0,2749.413386817253,90,2749.4133883303343,-1775.5461532763186
10,0.0,2703.8755601129537,90,2703.875561633273,-1745.7786505883694
10,0.0,2658.714540614484,120,2658.7145425494264,-1716.9726598137217
10,0.0,2615.4894818450775,120,2615.4894841153236,-1691.3478382114633
10,0.0,2562.5398585031157,120,2562.539861039048,-1665.0190982114761
10,0.0,2507.7111392105044,120,2507.7111418171294,-1644.3241255618884
10,0.0,2453.803047547055,120,2453.803050438757,-1623.9133475787316
10,0.0,2420.0208666915664,142,2420.0208695400042,-1604.1200630764667
10,0.0,2409.0696489468887,142,2409.0696514775022,-1595.7440881529965
10,0.0,2370.1370271020596,69,2370.137029625626,-1557.6800571436227
10,0.0,2340.891327183528,69,2340.891329644477,-1523.6697214795197
10,0.0,2239.705231448707,69,2239.705233108299,-1481.7144973399804
10,0.0,2200.8066104469417,69,2200.8066118524657,-1485.5917654402856
10,0.0,2174.420773303197,69,2174.4207744085943,-1447.6518184389936
10,0.0,2160.2457395124597,25,2160.2457406587146,-1409.693381752959
10,0.0,2135.906131010846,25,2135.906131858767,-1328.977613128478
10,0.0,2126.1587830347216,25,2126.15878366514,-1296.5095043633446
10,0.0,2105.3990787250264,4,2105.3990794082447,-1237.8932167323
10,0.0,1970.3418552383273,4,1970.3418549075034,-1249.3320845176966
10,0.0,1948.223922715711,4,1948.2239225828691,-1244.6134172905076
10,0.0,1919.364592825082,4,1919.3645925007763,-1223.9119481472644
10,0.0,1872.9431683993791,4,1872.943167843715,-1188.123901048481
10,0.0,1829.0781180518022,4,1829.0781177353979,-1161.5092504519434
10,0.0,1789.8819818940854,120,1789.8819820153562,-1117.9314693077783
10,0.0,1744.8442576613727,66,1744.8442589196302,-1038.115334930069
10,0.0,1734.7343839953278,66,1734.734385347071,-1020.6182704469891
10,0.0,1604.7922053486802,66,1604.792211156335,-1015.3870500684935
10,0.0,1591.565865415705,66,1591.5658718034117,-1013.1808849223167
10,0.0,1555.5294410616088,66,1555.5294484419626,-982.5476533541134
10,0.0,1517.221929515522,66,1517.2219374172582,-932.4553700482531
10,32.50476208331407,1434.9171902430446,203,1467.4059593301643,-907.6065775734094
10,0.0,1411.5772517787955,203,1411.5772558421017,-886.2302664798862
10,0.0,1364.2150395137082,107,1364.2150378635,-822.1276307414505
10,0.0,1329.2645939592778,107,1329.2645859716943,-743.6396574141728
10,0.0,1297.9754076038168,107,1297.9753925148068,-689.5760872540567
10,0.0,1256.2340633210329,107,1256.2340371315931,-661.3745447450399
10,0.0,1201.5609856787014,107,1201.5609420090536,-642.5810734413627
10,33.037814237853894,1080.9502137141196,107,1113.9449299296964,-642.1793995294972
10,0.0,1051.0127063873686,107,1051.0126252675125,-635.93022424234
10,0.0,1008.1753520454015,106,1008.1752721224752,-608.3568299799384
10,0.0,958.5374817793632,106,958.5374175766422,-543.1745377148497
10,0.0,907.7548930851068,106,907.7548642585205,-487.37275974792465
10,0.0,838.6260636068752,106,838.6261198149809,-443.9328901148624
10,0.0,776.9638098647176,106,776.9639748260036,-360.75518395066274
10,0.0,730.7257489780447,106,730.7260060106898,-294.61533762534964
10,0.0,662.7266138332641,106,662.7269914409349,-249.4970823135402
10,0.0,635.6828597725045,106,635.6832690141068,-239.4849655740759
10,0.0,565.5002518303722,106,565.5006565180561,-184.6417418331123
10,0.0,469.2833174261393,106,469.2834052768335,-112.09880538870084
10,0.0,413.0299546214575,106,413.02966643097943,-113.61224348114683
10,0.0,369.16490427388067,106,369.1642591012269,-101.63286471517995
10,30.111192400718235,258.4330726668327,203,288.53741696237967,-28.74929998504672
10,23.36543386341004,193.0758913932551,203,216.42721384962715,3.5633189576574296
10,22.24820736520106,78.31698729774905,203,100.57133577597642,136.93755448643765
10,5.035266104857255,81.14412072036059,203,86.17164620244557,133.9536352202026
10,0.0,0.0,203,0.012500425984399044,170.49209893954298
11,0.0,4913.294049753048,2,4913.288797612012,-3407.3920765457224
11,0.0,4818.297277593585,2,4818.297593229423,-3352.074339427634
11,0.0,4706.587605705222,2,4706.589372501146,-3300.094641469651
11,0.0,4646.489669036539,21,4646.491123109914,-3249.642095897717
11,0.0,4603.242626934788,21,4603.243694848339,-3195.002252773389
11,0.0,4426.460200324331,21,4426.459999187528,-3154.5444673722213
11,0.0,4402.310527392842,21,4402.3102581204785,-3103.234680628498
11,0.0,4382.566075135563,53,4382.565768453591,-3051.575757126625
11,0.0,4363.170302784905,53,4363.169973618111,-3004.1973114462444
11,0.0,4335.030366950865,53,4335.030026998688,-2954.3299054743266
11,0.0,4256.864907635307,21,4256.864632734549,-2909.2203189509764
11,0.0,4189.63814853388,21,4189.637978616165,-2868.79654310195
11,0.0,4119.823823396901,21,4119.823756420373,-2825.721702292135
11,0.0,4054.18083399791,68,4054.1808343176835,-2786.8104341339904
11,0.0,4018.137458234529,68,4018.1374809680287,-2740.9162817616525
11,0.0,3992.528338402601,68,3992.528370824806,-2698.7722123241047
11,0.0,3963.809678151776,68,3963.8097164788633,-2652.5616417480587
11,0.0,3810.87299040609,61,3810.873009162926,-2633.24036694889
11,0.0,3783.0374399675716,61,3783.0374518882,-2589.028969376532
11,0.0,3779.7351903672898,61,3779.7352016145896,-2581.879988144774
11,0.0,3762.393177110658,61,3762.3931847566682,-2540.8825653328413
11,0.0,3743.086677934121,61,3743.086681299267,-2494.1475452970603
11,0.0,3696.3264785463803,61,3696.3264740723916,-2412.4351156842863
11,0.0,3539.516445657514,75,3539.5164344402656,-2408.0385794108424
11,0.0,3493.010033685024,75,3493.0100244363866,-2372.367610651877
11,0.0,3456.252087944592,75,3456.252080630057,-2335.1541298320763
11,0.0,3413.6325468544924,53,3413.6325419508526,-2299.864273020893
11,0.0,3340.9781846513597,53,3340.978183248005,-2274.8954952564372
11,0.0,3284.4047346871625,53,3284.4047351401523,-2250.9847352534975
11,0.0,3244.3762499634654,75,3244.376251170821,-2209.457580850797
11,0.0,3215.4233543741866,75,3215.423356003208,-2171.0907211999606
11,0.0,3184.9875530569093,75,3184.987555184449,-2133.8217112366056
11,0.0,3144.813505988948,75,3144.8135077612314,-2101.2620495916813
11,0.0,3066.731026642925,75,3066.7310280998745,-2085.6872352835244
11,0.0,3009.145796097643,63,3009.145797305371,-2062.547825332928
11,0.0,2981.6546585192373,63,2981.6546594580013,-2036.3679786577882
11,0.0,2970.9229287252792,63,2970.9229295901423,-2023.5935656795618
11,0.0,2943.171666440153,63,2943.1716672704383,-1985.4949769653108
11,0.0,2917.6950685228358,63,2917.695069466113,-1947.0179420782208
11,0.0,2890.7935029126797,63,2890.7935036337108,-1907.12437775778
11,0.0,2858.4160749867515,120,2858.4160758632042,-1865.2353693303987
11,0.0,2789.0901792804707,120,2789.090180309858,-1802.7611651820564
11,0.0,2744.540682430047,120,2744.540683580487,-1773.3023232734636
11,0.0,2700.158170543723,120,2700.158172023441,-1745.2745206641584
11,0.0,2655.28341414593,120,2655.2834157656744,-1716.0016541783893
11,0.0,2613.5480079283097,120,2613.5480098242892,-1688.8207548007858
11,0.0,2563.564682874137,120,2563.5646847179405,-1661.671450619968
11,0.0,2502.9647973676815,120,2502.9647991261004,-1644.6984465157361
11,0.0,2441.6869254953226,120,2441.6869271474084,-1629.7876436615786
11,0.0,2424.6953405861145,120,2424.6953423460877,-1619.5202104542261
11,0.0,2401.8152544162795,120,2401.815256048819,-1599.0733192336359
11,0.0,2370.9790921993444,120,2370.979093773343,-1561.445692716884
11,0.0,2339.163792732664,109,2339.1637942804505,-1518.7753000621085
11,0.0,2240.0290187560463,109,2240.0290200272484,-1481.222823679263
11,0.0,2200.9079302839123,109,2200.9079316609746,-1485.8783287275676
11,0.0,2178.856817807959,109,2178.856819004841,-1457.089039144249
11,0.0,2159.461594324265,59,2159.4615954854066,-1407.0235026633243
11,0.0,2141.685007429527,59,2141.6850085408378,-1348.5004996142322
11,0.0,2128.917291747684,111,2128.917292826318,-1305.3590326549759
11,0.0,2110.144120472439,111,2110.144121566158,-1249.7133060773226
11,0.0,1978.2878258597352,111,1978.2878261327185,-1247.7535947198905
11,0.0,1948.873220739143,111,1948.8732211534516,-1244.4671679977655
11,0.0,1918.5708471541093,111,1918.5708473511036,-1222.7120186694444
11,0.0,1876.6246758181312,111,1876.6246759671012,-1190.9995587379494
11,0.0,1830.0081520231015,111,1830.0081516431808,-1163.814108135242
11,0.0,1788.5135345504304,111,1788.5135346219317,-1115.4304635348144
11,0.0,1757.1337088058824,111,1757.1337088899063,-1057.573978410411
11,0.0,1725.6134545256207,111,1725.6134548005207,-1002.2410518864508
11,0.0,1605.2024745697827,111,1605.2024773204225,-1011.9592123662709
11,0.0,1603.3085613290602,111,1603.3085641930138,-1011.1918985482478
11,0.0,1561.4646574410328,111,1561.4646611434628,-968.08218865314
11,0.0,1524.9954523969684,111,1524.9954570565026,-922.4085461222245
11,0.0,1424.9270789248212,111,1424.927082954361,-896.8604935731404
11,0.0,1411.3056310901698,59,1411.305634982196,-890.0391365080382
11,0.0,1373.342308284765,59,1373.3423097513307,-839.2976070849058
11,0.0,1339.2422271797918,59,1339.2422253014279,-764.2702349441315
11,0.0,1301.434990947707,59,1301.4349837952373,-694.2890660579226
11,0.0,1248.197206069004,91,1248.1971890386922,-660.4285855891054
11,0.0,1197.5007353815795,91,1197.500706421325,-642.8538906957228
11,0.0,1074.1749902325107,91,1074.174933970973,-632.9391849142546
11,0.0,1039.8460723851251,91,1039.8460129149537,-632.9124153139186
11,0.0,1008.518210789113,91,1008.5181523051831,-614.781610838423
11,0.0,942.1919276531768,91,942.1918877311521,-528.6619115375004
11,0.0,911.2824389447691,127,911.2824179943034,-491.1730486488209
11,0.0,853.42445943816,127,853.4244967738123,-455.2395554851141
11,0.0,783.4536262964223,127,783.4537714576838,-373.2621094752674
11,0.0,727.0520672138618,127,727.0523192805365,-290.27133745610854
11,0.0,670.4116730577207,127,670.4120271992745,-250.98573916842088
11,0.0,579.3297110941812,127,579.3301272329718,-199.5753179395906
11,0.0,572.1399188771529,127,572.1403301638998,-192.1137153448044
11,0.0,510.1157490660573,127,510.116034322348,-128.72295112216625
11,9.438692429515182,398.0859761487021,227,407.5085493083834,-112.07545214276456
11,32.336592948659934,341.7455189161639,227,374.0667895550109,-83.9623673917149
11,6.239547556387853,247.9584201800933,227,254.18432964772865,-24.304818555275006
11,2.6351258583121098,214.39843494346133,227,217.02623624623675,-10.011468195158841
11,41.75312038852704,91.83485059514496,227,133.79628516847652,121.47252319173208
11,7.85428632123954,63.84931251056547,227,71.69398308547807,150.99235802124917
11,0.0,0.0,227,0.01257148128161134,170.4933561883745
12,0.0,4919.058446962952,2,4919.056695531415,-3469.613532201487
12,0.0,4877.145445106746,2,4877.14557908311,-3412.5654621055
12,0.0,4844.928860177769,23,4844.929889080975,-3358.100538928861
12,0.0,4798.199841286337,23,4798.201512996971,-3300.0378589090606
12,0.0,4635.5692412089265,23,4635.57016612712,-3254.811605661694
12,0.0,4604.565233931528,23,4604.565884815265,-3209.343635322497
12,0.0,4446.424920076604,23,4446.424744000213,-3160.194107558589
12,0.0,4428.817355948495,23,4428.8171528431785,-3107.341066817692
12,0.0,4412.8986364475495,23,4412.898417232914,-3056.3458810507786
12,0.0,4309.384637591777,23,4309.384449735095,-3016.199697099256
12,0.0,4285.440980342282,23,4285.440818163463,-2965.0008910911133
12,0.0,4265.284667930727,23,4265.284529240444,-2918.6524215524705
12,0.0,4239.9055468127,24,4239.90543790568,-2870.9372203957437
12,0.0,4137.747771189413,24,4137.747761471346,-2829.7137759614902
12,0.0,4057.4699727861657,20,4057.470000403844,-2792.704138655418
12,0.0,4023.9742145869895,20,4023.974247576634,-2747.58581628616
12,0.0,3996.223624975014,2,3996.223658994455,-2702.6898728374103
12,0.0,3966.26919688136,2,3966.269229295778,-2656.0077859138837
12,0.0,3820.462831084894,2,3820.462837895864,-2640.143949282966
12,0.0,3786.4636858625204,2,3786.4636867542454,-2595.8669423427264
12,0.0,3783.0319739469655,2,3783.031974287529,-2588.741040555945
12,0.0,3763.2353689954443,2,3763.2353667020047,-2542.6798465662314
12,0.0,3745.8090024256253,42,3745.80899788132,-2500.657590678154
12,0.0,3700.6095275573,42,3700.609519051365,-2419.6823427748527
12,0.0,3550.8535752178323,93,3550.853566260662,-2411.6007347064215
12,0.0,3498.01646296458,93,3498.016456360664,-2375.746028399086
12,0.0,3464.7873582902744,24,3464.787353332608,-2343.1317110056725
12,0.0,3416.205867546734,24,3416.2058645729844,-2302.1432319591177
12,0.0,3352.0422297256914,24,3352.0422290405695,-2276.218367202975
12,0.0,3283.086877664426,24,3283.0868783209617,-2249.2216992218873
12,0.0,3248.9345512440623,24,3248.9345524332107,-2216.2158080621953
12,0.0,3233.479938377216,24,3233.4799397012507,-2196.8271837857383
12,0.0,3215.370115341556,24,3215.3701167252134,-2172.3080387742575
12,0.0,3159.0012303381304,24,3159.001231466218,-2104.0489913169076
12,0.0,3069.97860916018,52,3069.97861004113,-2083.698685804051
12,0.0,3006.6016430468358,52,3006.6016435119864,-2064.990122423857
12,0.0,2991.6694425364744,52,2991.669443003346,-2050.188822870945
12,0.0,2969.478758742445,4,2969.4787590399646,-2022.7637726498535
12,0.0,2942.4120054227724,4,2942.41200562434,-1984.1981369177672
12,0.0,2917.1316963500094,19,2917.131696632507,-1946.4644478505984
12,0.0,2888.6149428803205,19,2888.614943224233,-1904.4172754583826
12,0.0,2861.159914675144,19,2861.1599151298037,-1866.6743267324994
12,0.0,2781.051467515263,19,2781.051468287342,-1801.9391643905294
12,0.0,2721.474189801824,19,2721.474190725388,-1787.4652144271286
12,0.0,2696.0757524576334,19,2696.075753296424,-1771.1760770501032
12,0.0,2676.1843156261302,19,2676.1843167026523,-1751.5525013566344
12,0.0,2644.836872231292,19,2644.8368734865726,-1714.3928965615619
12,0.0,2564.353386119523,19,2564.3533874227483,-1651.1088221545106
12,0.0,2496.6924938902525,93,2496.6924954359506,-1637.946664581881
12,0.0,2436.3820689697545,93,2436.382070312675,-1623.0624571388748
12,0.0,2407.427210471018,93,2407.4272116420675,-1608.4384615231893
12,0.0,2390.8109221513214,93,2390.8109235742695,-1594.0565011652466
12,0.0,2362.6190890361345,93,2362.619090456176,-1553.006001782018
12,0.0,2340.2589122924273,93,2340.2589134930545,-1505.7617048154264
12,0.0,2205.4466693714444,93,2205.4466704294036,-1515.7967827664118
12,0.0,2194.3525078245943,93,2194.3525086608734,-1498.9546998595933
12,0.0,2179.9646826247285,93,2179.9646837076834,-1444.0500549126778
12,0.0,2167.293117753195,93,2167.293118530837,-1377.997547959805
12,0.0,2153.204916790947,93,2153.20491777623,-1313.0957706280979
12,0.0,2042.1740273826422,93,2042.1740279786504,-1328.0035935736446
12,0.0,2018.1726531104866,93,2018.1726537431148,-1305.7748662346837
12,0.0,1986.166375101386,93,1986.1663755374657,-1262.1514506411531
12,0.0,1905.6074774987308,5,1905.6074771986405,-1204.2728501127679
12,0.0,1858.813961419582,5,1858.8139610081435,-1193.4947896028661
12,0.0,1845.317546382649,42,1845.3175458109818,-1186.1249103579753
12,0.0,1806.9799591505912,42,1806.9799585272085,-1145.1349578847899
12,0.0,1777.9457849582698,42,1777.9457843410337,-1094.2123706522048
12,0.0,1742.4099365401041,18,1742.409936312545,-1025.1790873699265
12,0.0,1631.9275270487444,18,1631.9275285197746,-1009.1912981417811
12,0.0,1605.3700226828516,18,1605.3700250877566,-1011.8898606184792
12,0.0,1567.0171326770649,18,1567.01713635526,-975.5203371446371
12,0.0,1538.7072434042004,18,1538.707247764124,-937.8503889059396
12,0.0,1430.7744144953488,18,1430.7744197319798,-899.7338432824963
12,0.0,1424.4652089039344,18,1424.465213911326,-898.2353528862454
12,0.0,1375.850484189931,18,1375.8504869232595,-843.3589653657824
12,0.0,1347.6910737974101,18,1347.6910743792594,-780.0922515058617
12,0.0,1317.6246154528499,79,1317.6246121690258,-717.3282423139932
12,0.0,1219.9331718321648,79,1219.933149835866,-681.4107965666396
12,0.0,1191.3613644382835,79,1191.361335172817,-669.5096022799877
12,0.0,1092.961947015496,79,1092.9618909984094,-635.1633970911222
12,0.0,1048.2110723262374,79,1048.2110076883653,-635.0931507749372
12,0.0,1013.3069400021409,79,1013.3068727224122,-616.9361276072186
12,0.0,944.9491704293739,95,944.9491147577096,-533.5918694391157
12,0.0,900.9498617102613,95,900.9498312719625,-481.8533976550641
12,0.0,847.8149637482102,95,847.8149862922717,-451.4974580075784
12,0.0,788.9336890171395,95,788.9338013565182,-406.42781776350216
12,0.0,729.3496951648259,95,729.3499216859072,-290.78095025277275
12,0.0,699.6906733986291,95,699.6909578245766,-249.49494771097216
12,0.0,618.7645668122243,95,618.764962654875,-224.256545011988
12,0.0,552.2446134437381,240,552.2449823096238,-174.18072428720416
12,0.0,509.84961450599207,240,509.84987591000004,-129.33258801995134
12,0.0,400.7302415442482,240,400.7298555290249,-112.09162888684068
12,0.0,335.0071418102646,240,335.0062217785485,-80.338925004276
12,0.0,236.48601942069135,240,236.48479707739853,-18.74373296955696
12,0.0,220.71389734941548,240,220.71277639726486,-12.227088996045723
12,0.0,111.85402106113295,240,111.85599683682858,97.42919500178891
12,0.0,67.82219105168019,240,67.82717976222557,158.63251228238187
12,0.0,0.0,240,0.01248201251928549,170.4782724190875
13,0.0,4915.029396890575,4,4915.027876194596,-3465.9558974756483
13,0.0,4874.629137653081,4,4874.629365574831,-3408.2360900599583
13,0.0,4842.175707583915,22,4842.1767979736105,-3353.6626197774613
13,0.0,4795.444786899153,22,4795.446470932914,-3296.303170922556
13,0.0,4630.715070126323,22,4630.715924063135,-3252.4620046224695
13,0.0,4597.1971398255655,22,4597.197705163666,-3198.4281161950494
13,0.0,4446.926119896666,20,4446.925959409592,-3159.583938611548
13,0.0,4429.4616704292075,20,4429.461487816781,-3104.5865007226853
13,0.0,4414.656834645547,20,4414.656641263317,-3057.121607028427
13,0.0,4355.70698980846,20,4355.7068049271975,-3015.7483243823126
13,0.0,4331.0751865483835,58,4331.075022675707,-2954.888419255466
13,0.0,4207.262810653835,58,4207.262781359985,-2920.9372524701644
13,0.0,4166.1585311176705,58,4166.1585349330335,-2874.1698121883765
13,0.0,4130.253160036127,58,4130.253183704623,-2831.246633507831
13,0.0,4059.677277851632,58,4059.6773192251335,-2788.9312811714863
13,0.0,4019.650275907821,58,4019.6503171076133,-2745.2363207567896
13,0.0,3991.9205462737873,58,3991.9205838143566,-2699.329774984856
13,0.0,3964.5436293958387,58,3964.5436620689998,-2653.6550044635505
13,0.0,3815.38967753736,58,3815.389678509763,-2637.056664920263
13,0.0,3786.4121010558506,25,3786.4120977966186,-2595.473967573705
13,0.0,3783.7779675750394,25,3783.7779640567164,-2590.0307109035725
13,0.0,3765.205078465964,25,3765.205072479303,-2547.298447410946
13,0.0,3745.783435152247,25,3745.78342750989,-2500.6547262005615
13,0.0,3696.633576456584,6,3696.6335653398273,-2415.768592258935
13,0.0,3543.733601026976,6,3543.733593100195,-2409.2958562139283
13,0.0,3495.186972599893,51,3495.1869674221334,-2374.12074854159
13,0.0,3460.062369179571,51,3460.0623654799037,-2338.985147312732
13,0.0,3416.1138340841476,51,3416.1138322290913,-2300.9332433518994
13,0.0,3338.6282806753643,51,3338.628281223152,-2277.3313252455027
13,0.0,3280.11914359283,51,3280.119145004174,-2249.5327594192686
13,0.0,3256.608758612411,94,3256.6087600092233,-2221.7432080105136
13,0.0,3246.354930808646,31,3246.354932003753,-2207.445522048175
13,0.0,3173.855856081281,31,3173.855857274955,-2139.343238092437
13,0.0,3086.233573157986,31,3086.2335739631617,-2138.160816342218
13,0.0,3078.775329795176,31,3078.77533042315,-2127.3502137555975
13,0.0,3060.688318353385,31,3060.6883189294313,-2084.488328851808
13,0.0,3047.3943022958892,31,3047.3943026931324,-2038.7945182095311
13,0.0,2927.7985860431254,31,2927.79858642885,-2003.4949846900508
13,0.0,2922.383326405358,31,2922.383326558796,-1996.484654923353
13,0.0,2901.8202502236977,31,2901.820250480618,-1951.1166283180391
13,0.0,2886.1297792162577,31,2886.129779404192,-1907.3201720696966
13,0.0,2867.901225719445,31,2867.9012257814975,-1861.1539440837603
13,0.0,2768.9276185963613,31,2768.9276191041818,-1809.1795775824899
13,0.0,2713.5277967378147,31,2713.527797309727,-1786.519087125919
13,0.0,2710.7374770452107,31,2710.7374777350797,-1784.1881218166527
13,0.0,2676.8697153896887,31,2676.8697163022007,-1749.5996239580147
13,0.0,2643.972455475225,31,2643.972456748119,-1712.2867318333665
13,0.0,2561.148057881088,67,2561.148059562188,-1653.7128476369571
13,0.0,2496.4581524094533,67,2496.4581536929936,-1638.5059271751172
13,0.0,2435.8037704309886,67,2435.8037719782265,-1622.7832219338395
13,0.0,2407.201560327682,67,2407.2015615809973,-1608.3123440178952
13,0.0,2390.9080430853674,67,2390.908044097512,-1594.194208671471
13,0.0,2362.735234017897,67,2362.7352351705067,-1553.2268726863058
13,0.0,2335.808202257565,67,2335.8082034561185,-1495.5494304167778
13,0.0,2204.7811942184003,136,2204.781194753422,-1515.8272372012773
13,0.0,2194.1893921231344,136,2194.1893925733534,-1498.793065825334
13,0.0,2179.644146635246,136,2179.644147336669,-1442.2947673195058
13,0.0,2167.8670683105406,136,2167.8670691826765,-1380.6897791617512
13,0.0,2155.22465808885,32,2155.224658906697,-1321.1985310767286
13,0.0,2043.9120515611385,32,2043.9120518940706,-1289.8260048664652
13,0.0,2033.919982192262,32,2033.9199827655339,-1284.8955303304565
13,0.0,1991.64187751743,32,1991.6418779743244,-1260.5227270781875
13,0.0,1953.1062525550128,32,1953.106252524749,-1228.9189135388092
13,0.0,1847.7683101209605,32,1847.7683096259643,-1206.977925277353
13,0.0,1835.5758228258628,32,1835.5758222265522,-1198.2005035547359
13,0.0,1804.5270259318902,32,1804.5270255201676,-1147.7189395814569
13,0.0,1778.2914619000674,32,1778.2914613729872,-1087.567760646265
13,0.0,1733.8570873775593,85,1733.8570865539155,-999.9499331526388
13,0.0,1644.768411505883,85,1644.7684118561879,-1002.6868764635431
13,0.0,1606.7738790830904,85,1606.7738805222893,-1012.028227603766
13,0.0,1559.3665416683723,85,1559.3665447066014,-965.0539652611623
13,0.0,1539.69182612893,85,1539.6918300422637,-939.4695184448068
13,0.0,1444.1857500272242,85,1444.185756908712,-899.9098628801986
13,0.0,1424.2188130354161,85,1424.2188205341697,-897.7245164641013
13,0.0,1363.5509217221513,85,1363.5509279804323,-817.3059075638788
13,0.0,1319.5959070346985,85,1319.595910377182,-720.7274897584657
13,0.0,1318.4136894640137,85,1318.413692875697,-718.7046389993048
13,0.0,1214.0527160874638,85,1214.0527021891219,-686.3443032090762
13,0.0,1194.5334551668852,85,1194.5334367271562,-678.6379490740992
13,0.0,1096.2481626323013,85,1096.2481168692632,-635.4664068885521
13,0.0,1048.1788970230655,85,1048.1788397891426,-635.0631127938266
13,0.0,1014.8068578750032,85,1014.8067961794698,-618.2499802998918
13,0.0,956.5229325941143,85,956.5228752486232,-549.5494360458399
13,0.0,912.153230767046,85,912.1531917509799,-492.89348203923987
13,0.0,863.8872205805753,85,863.8872208158093,-457.7741859700384
13,0.0,791.5281766224869,85,791.5282777140606,-410.204702155472
13,0.0,756.283279038083,94,756.2834446831307,-345.04956664852944
13,0.0,656.1055333086774,94,656.1058846623698,-229.57830600792772
13,0.0,628.562483149489,94,628.5628676494243,-226.54418629958582
13,0.0,564.250921723899,94,564.2513088440019,-187.34928098849332
13,0.0,499.67428963828604,94,499.6745232978499,-121.77555016811402
13,0.0,416.2927932477445,94,416.2925454270776,-112.50644117166439
13,41.29314448838113,180.2473266498028,263,221.67910926472177,12.01131949840692
13,27.569733845296025,113.10031270861887,263,140.69072403563314,95.57681934070229
13,0.0,0.0,263,0.012525381600880792,170.44072027878428
14,0.0,4927.427348557212,5,4927.425208138563,-3481.2834750448237
14,0.0,4887.513125862981,5,4887.512870218249,-3422.6558742190527
14,0.0,4722.501998883334,5,4722.503335273268,-3372.1261196612004
14,0.0,4692.899299182723,5,4692.900408002779,-3321.546744179437
14,0.0,4673.517936909751,5,4673.518876457387,-3264.6122745584507
14,0.0,4655.32485174351,5,4655.325627782669,-3208.243930193029
14,0.0,4452.290161967002,5,4452.289912453196,-3170.96706952757
14,0.0,4433.650739565801,4,4433.650486029062,-3120.726980598094
14,0.0,4419.634421877857,4,4419.63417135315,-3072.166086135881
14,0.0,4359.891901475136,4,4359.891707908241,-3020.2933473895882
14,0.0,4337.98520247441,4,4337.985039721682,-2969.519536404346
14,0.0,4321.109367607125,4,4321.109230023265,-2924.730195897536
14,0.0,4224.805703967018,2,4224.805694439972,-2882.0034812742124
14,0.0,4180.171910010701,2,4180.171937970395,-2835.338517303688
14,0.0,4068.2438134260847,17,4068.243869178568,-2803.9240233519267
14,0.0,4032.758621763983,17,4032.7586721644225,-2760.630627102483
14,0.0,4004.421477517435,17,4004.421521073141,-2715.6877264353343
14,0.0,3976.17135510236,17,3976.17139089375,-2670.3481185656456
14,0.0,3941.260827025538,78,3941.2608521310503,-2626.4823559897136
14,0.0,3795.9627569525296,8,3795.9627498785276,-2613.779902892805
14,0.0,3783.614236161152,8,3783.614227580585,-2590.456410684421
14,0.0,3770.9620480569884,8,3770.9620380121532,-2561.897583688159
14,0.0,3750.6967575244976,8,3750.696746408321,-2512.231080098923
14,0.0,3730.251384196619,8,3730.2513719523713,-2465.0589014334373
14,0.0,3674.1831077954207,8,3674.183094776959,-2387.838585420001
14,0.0,3499.4397202860855,8,3499.439716408021,-2390.9560493548724
14,0.0,3470.7012847620604,5,3470.7012825278894,-2355.5747004871946
14,0.0,3431.770819448724,5,3431.770818903117,-2311.036468393811
14,0.0,3377.5755712765203,26,3377.57557203068,-2283.1988743439765
14,0.0,3303.6982060298365,26,3303.6982076542513,-2256.6141855551787
14,0.0,3256.8873372925545,26,3256.8873385280185,-2228.4208322640875
14,0.0,3229.6963071609257,26,3229.6963088718376,-2199.903927120272
14,0.0,3217.361368858219,35,3217.361369903122,-2182.2497542197507
14,0.0,3194.6412607565467,35,3194.6412621558225,-2141.837632379516
14,0.0,3175.1024003420007,35,3175.1024011251984,-2102.688849619761
14,0.0,3061.325524204579,35,3061.325524445187,-2085.501473623771
14,0.0,3047.7308313150515,35,3047.730830974307,-2056.5965156904686
14,0.0,2931.1061390244713,35,2931.1061389948454,-2010.5650095740737
14,0.0,2927.134548264939,68,2927.1345483010127,-2007.0671306452332
14,0.0,2905.1702302684835,68,2905.1702301755704,-1962.8750370699413
14,0.0,2890.1671390404977,68,2890.1671387250412,-1919.6155585074157
14,0.0,2874.729747556722,68,2874.7297477123816,-1876.634690966444
14,0.0,2810.8417401951797,68,2810.841740419221,-1805.8661668712857
14,0.0,2729.034093567463,68,2729.0340942523903,-1796.0345398067961
14,0.0,2706.1474625603473,40,2706.1474634223096,-1779.7284555587883
14,0.0,2687.0783354331174,40,2687.0783363597498,-1761.9138255625164
14,0.0,2652.613779908644,40,2652.613780802007,-1723.6293662757164
14,0.0,2620.890781889646,40,2620.8907831253528,-1686.936269376682
14,0.0,2530.9644684015293,40,2530.9644699094915,-1630.7958819555874
14,0.0,2444.322512534684,40,2444.322514118482,-1646.1323112945477
14,0.0,2432.064538023072,40,2432.0645394129047,-1634.0225536510516
14,0.0,2281.2814555436107,78,2281.2814563295774,-1683.9464670040472
14,0.0,2264.3413124285316,78,2264.3413133165127,-1650.3789165014452
14,0.0,2250.41579959065,78,2250.4158003166917,-1590.9443986600775
14,0.0,2239.257284095223,78,2239.2572848050104,-1529.6391052893932
14,0.0,2185.1865824640904,213,2185.186582901312,-1468.9545656435057
14,0.0,2178.837964329068,213,2178.8379647170254,-1455.9358638009455
14,0.0,2166.2073543856004,213,2166.2073547707946,-1385.2851823293288
14,0.0,2159.5466285742086,213,2159.5466290160653,-1339.6738870364045
14,0.0,2074.022163426279,213,2074.022163987607,-1324.0892496385186
14,0.0,2050.167909277785,213,2050.1679097077003,-1299.180204007216
14,0.0,1975.8080219366234,213,1975.8080221797236,-1248.5644782594852
14,0.0,1952.8062780942498,213,1952.8062780942687,-1233.7149162622359
14,0.0,1847.126236990656,213,1847.1262364490508,-1206.636164363812
14,0.0,1838.5311117127123,75,1838.5311112493068,-1201.063276910299
14,0.0,1811.7004895652283,75,1811.7004887965563,-1162.313212556928
14,0.0,1783.5943819168515,75,1783.5943810551817,-1100.2791761656279
14,0.0,1754.185396349064,75,1754.1853953815744,-1036.1275744964205
14,0.0,1672.01008372109,75,1672.0100836256738,-981.7003815934622
14,0.0,1606.759762377408,75,1606.759764016284,-1012.0419617205744
14,0.0,1580.3196928809407,73,1580.3196950295496,-991.3850873608048
14,0.0,1546.197146184444,73,1546.1971496600793,-947.774121678605
14,0.0,1440.520832688358,213,1440.5208394724611,-899.8820787640216
14,0.0,1424.1025634900054,213,1424.1025706527437,-897.6668051465767
14,0.0,1379.447296720672,213,1379.447303425165,-850.2815589914464
14,0.0,1355.9069837968846,213,1355.9069896834617,-799.226436440333
14,0.0,1324.7382752921847,213,1324.7382792048134,-729.4482516348181
14,0.0,1218.480289092451,190,1218.4802760959221,-687.1476433736829
14,0.0,1202.6614941399891,190,1202.661477599885,-681.3393185696235
14,0.0,1148.165895878914,190,1148.1658647299316,-647.9176066716454
14,0.0,1049.924614191928,190,1049.924557377633,-635.5689818302492
14,0.0,1016.2228066155901,190,1016.2227450341929,-619.144391552697
14,0.0,938.18890339279,213,938.1888516699994,-524.5326333881019
14,0.0,908.7389906484708,213,908.738953482597,-489.3632813504307
14,0.0,855.8116261397788,213,855.8116347027612,-454.4103149130858
14,0.0,762.6846596422307,213,762.6848122282165,-357.7260541373482
14,0.0,749.1711487724706,213,749.171327349253,-329.1308014307033
14,0.0,704.8170690141634,213,704.8173349285712,-259.1321623940446
14,0.0,621.4353482479028,213,621.4357385648659,-229.12276268555206
14,0.0,561.0235190427479,213,561.0239030127154,-181.85880217782892
14,0.0,505.48959675636445,213,505.4898530466985,-125.59860031225162
14,0.0,403.45786602785086,213,403.4575213874673,-112.40438561764768
14,0.0,363.9766417923721,213,363.975973554544,-101.51032795805668
14,10.591178725610916,227.40705492327595,270,237.97940488729728,-13.333625732290557
14,26.532897566031817,174.66029279472826,270,201.19208666315808,14.43947482008798
14,10.955466529119207,112.21446365226706,270,123.15559160208568,97.90742079324491
14,0.0,0.0,270,0.012538902660708118,170.49875240709116
15,0.0,4907.18383038001,5,4907.182726261228,-3458.80657022888
15,0.0,4866.064692974061,5,4866.064938602445,-3400.435008030555
15,0.0,4842.6482009430265,19,4842.648905146434,-3344.5483496755655
15,0.0,4823.049827025804,19,4823.050775957169,-3288.3569551604664
15,0.0,4662.095347163061,31,4662.095821576399,-3244.613493611239
15,0.0,4642.846944345402,31,4642.847274038071,-3187.909390025909
15,0.0,4442.983947003537,43,4442.983669470941,-3150.7725108238456
15,0.0,4427.548384050122,43,4427.548120688097,-3099.3155971619503
15,0.0,4411.815069704848,43,4411.8148252435685,-3050.45096929447
15,0.0,4350.686351871992,38,4350.686202576129,-3002.824093776693
15,0.0,4331.404813926206,38,4331.404696373408,-2951.053678863016
15,0.0,4249.875920107241,38,4249.875915143955,-2908.0215275297855
15,0.0,4207.82562421959,38,4207.825655715781,-2859.826764919736
15,0.0,4100.863525848897,38,4100.863584846719,-2826.302475813003
15,0.0,4050.441118230694,38,4050.4411689130075,-2785.3387728149037
15,0.0,4020.0823039287516,28,4020.082346152797,-2738.850313789001
15,0.0,3992.4058445460446,28,3992.405878570723,-2692.2063282436447
15,0.0,3959.0413663485306,28,3959.041390205202,-2647.5732336268975
15,0.0,3796.899539993678,28,3796.8995328931715,-2636.008849442797
15,0.0,3780.6671267616352,28,3780.667118547307,-2613.3870269921554
15,0.0,3771.6090306680585,28,3771.60902187743,-2589.5579611939165
15,0.0,3754.9312240174822,28,3754.931214548442,-2530.094075227831
15,0.0,3745.8785241358173,28,3745.878514152839,-2494.0645939273777
15,0.0,3733.59447735268,28,3733.594467577574,-2446.4168029505345
15,0.0,3518.7551529690854,28,3518.7551502472184,-2410.3190417890405
15,0.0,3485.0154293561086,28,3485.0154278394366,-2373.5398042741363
15,0.0,3453.658958731802,16,3453.658958359937,-2333.5728880597308
15,0.0,3410.1869523614146,16,3410.186952818758,-2296.9996950411905
15,0.0,3348.368106170181,60,3348.368107219917,-2272.737340542428
15,0.0,3279.4890283966633,43,3279.48902976141,-2243.4678802207964
15,0.0,3236.4927669361264,43,3236.4927680270944,-2210.289452755366
15,0.0,3228.751323868424,43,3228.7513249553876,-2200.7924217933996
15,0.0,3208.0093139799524,43,3208.0093147488656,-2167.9065637860563
15,0.0,3184.7595927782545,43,3184.7595932745267,-2119.685818929901
15,0.0,3063.099865259501,55,3063.099865273344,-2088.0024184754748
15,0.0,3057.2295025076883,55,3057.229502600693,-2078.1524374765836
15,0.0,3043.7660089502706,55,3043.7660089920932,-2035.1746713276175
15,0.0,2955.739586981947,0,2955.7395872009884,-2003.4600491388856
15,0.0,2941.409420752754,0,2941.409420780266,-1969.4626281062822
15,0.0,2929.7332490253407,0,2929.7332495965434,-1929.128301077219
15,0.0,2847.750893362887,0,2847.750893813631,-1893.0732148619106
15,0.0,2833.7284888087647,0,2833.728489262888,-1874.9378086398858
15,0.0,2809.2266098769205,32,2809.2266105312415,-1830.8268242213767
15,0.0,2717.6635599234296,32,2717.6635607877047,-1778.9787858810544
15,0.0,2686.9883198756283,32,2686.9883211418573,-1765.7763309229235
15,0.0,2671.630274274554,32,2671.630275671867,-1750.1623066688182
15,0.0,2640.94325473056,32,2640.943255961561,-1710.534573877554
15,0.0,2556.350073817465,32,2556.3500752988325,-1651.718387523019
15,0.0,2493.577671659117,32,2493.5776729276963,-1636.3809907411269
15,0.0,2435.825987700019,32,2435.8259890053496,-1618.109844432343
15,0.0,2395.3691142536454,32,2395.3691155718043,-1607.4936195886096
15,0.0,2381.3774207079646,32,2381.37742172681,-1593.1705113699786
15,0.0,2360.23399609731,32,2360.2339971212123,-1550.440494407956
15,0.0,2246.6470405122545,32,2246.6470410362144,-1521.8068858665795
15,0.0,2243.4779600142974,130,2243.477960800947,-1518.212039867724
15,0.0,2184.6096401244085,130,2184.609640665367,-1468.7471233027236
15,0.0,2174.271160036136,130,2174.2711607341116,-1437.4633322226766
15,0.0,2165.9459410499794,130,2165.9459416930777,-1384.7455762901486
15,0.0,2075.620625489384,130,2075.6206259736446,-1348.1798899029457
15,0.0,2061.991038143809,130,2061.9910388715225,-1331.093955151983
15,0.0,2040.442802988743,49,2040.4428035618716,-1285.4713999274168
15,0.0,1960.501196599391,49,1960.5011968173364,-1244.2398181320907
15,0.0,1944.9872083724226,49,1944.9872088328239,-1234.096640175082
15,0.0,1846.0546131257522,49,1846.0546127980065,-1206.0952823808727
15,0.0,1834.546129670536,49,1834.546129231901,-1197.6735747968955
15,0.0,1804.4626302572367,104,1804.4626298599924,-1147.791486447351
15,0.0,1774.1797238107285,104,1774.179723215617,-1078.1832355261886
15,0.0,1750.383029338717,104,1750.3830286379537,-1028.1995910008304
15,0.0,1636.6832672844237,104,1636.6832679605989,-1007.7524377827565
15,0.0,1606.7150876026044,104,1606.7150890953187,-1012.0061244270267
15,0.0,1572.548927549405,104,1572.5489298128969,-982.1155963393973
15,0.0,1539.7215088022156,104,1539.7215124574934,-939.7631347449646
15,0.0,1431.6871293131014,104,1431.6871364659573,-899.3525047463785
15,0.0,1424.8592067182208,256,1424.8592137818694,-897.8975780370654
15,0.0,1377.1009438667743,256,1377.1009508689917,-845.8066880029543
15,0.0,1349.384636720376,60,1349.38464297926,-783.7410981753359
15,0.0,1309.9050484605018,60,1309.9050518410706,-705.6127862183357
15,0.0,1217.7612540723026,60,1217.761243033116,-686.9607350638933
15,0.0,1193.1651743348418,73,1193.1651574839912,-676.3853502787667
15,0.0,1083.6620731972837,73,1083.6620264030666,-636.8586060486516
15,0.0,1049.221680725521,270,1049.2216261492044,-635.4137179656605
15,0.0,1017.7453066188516,270,1017.7452470562323,-620.3119005056226
15,0.0,955.2406437734603,270,955.2405871621111,-547.7856197968417
15,0.0,916.3884549498977,270,916.3884127396905,-497.56783403974964
15,0.0,813.5180993333244,270,813.5181604360246,-434.58349014856026
15,0.0,803.7792720720935,270,803.779348451307,-425.69384307777545
15,0.0,758.1365554839972,270,758.136711631131,-348.09025482113157
15,0.0,708.452666384038,261,708.4529205180947,-262.77164756463026
15,0.0,596.079245497806,261,596.0796465465828,-214.93791191125206
15,0.0,554.8399159244378,261,554.8402950476552,-174.93215451383867
15,0.0,510.99160120942247,261,510.99188279161854,-129.6820285230708
15,0.0,424.90814701706137,261,424.9079768376855,-112.93512753880395
15,0.0,367.1622353439609,261,367.16160679814675,-103.0110444990139
15,2.289090509952901,292.6836968788976,274,294.96676923237965,-48.986599019252026
15,36.69369849080261,152.74520970048,274,189.52514444025746,35.6613622393113
15,21.592741357601636,101.9246409710356,274,123.51654347220392,116.97753528957719
15,27.000880187308518,56.73297690875489,274,83.77080353287238,194.4288169292738
15,0.0,0.0,274,0.012577046104070178,170.49771309330572
16,0.0,4882.37154333871,0,4882.371341790473,-3442.139908762637
16,0.0,4857.903150502351,0,4857.903575009683,-3385.2268689798893
16,0.0,4838.965149530393,0,4838.965905258483,-3329.6952225588866
16,0.0,4678.130168443134,23,4678.13076780508,-3280.0906245341175
16,0.0,4651.5164264203195,23,4651.516822216954,-3233.4988673181424
16,49.587195570934924,4538.655491394853,23,4588.247287741498,-3175.2854469863673
16,0.0,4441.357517765934,23,4441.357259738254,-3137.8631674627245
16,0.0,4426.223692171781,23,4426.223449477027,-3083.111890609715
16,0.0,4376.641811626954,23,4376.641641172774,-3033.6133087337093
16,0.0,4355.292753521303,23,4355.292618489558,-2983.0659708252197
16,0.0,4340.134198347322,4,4340.134088435668,-2937.5890622504567
16,0.0,4239.734949695683,4,4239.734971388098,-2895.561891633055
16,0.0,4194.907507753841,4,4194.907559411593,-2847.5780954062056
16,0.0,4081.7245886489195,4,4081.7246484461066,-2815.7007246120147
16,0.0,4040.1129926716526,4,4040.113041012028,-2770.9789163803744
16,0.0,4012.769364157892,4,4012.76940376938,-2726.68505546481
16,0.0,3986.8901154709724,4,3986.8901464942683,-2683.7111456246957
16,0.0,3946.70839354272,4,3946.708412425168,-2636.7339076321286
16,0.0,3785.8024795625456,4,3785.8024706022215,-2623.3308098350176
16,0.0,3779.7205521728315,4,3779.7205430576614,-2611.2774542850793
16,0.0,3767.220790337539,11,3767.2207809387783,-2575.553857868793
16,0.0,3752.6659830856984,11,3752.665973053593,-2521.1771650345086
16,0.0,3741.5362909269816,11,3741.536280741546,-2476.717547957768
16,0.0,3728.622152603914,11,3728.622142395735,-2427.9670752913717
16,0.0,3509.8684972671285,11,3509.868495200977,-2402.5625181565483
16,0.0,3475.3113465858546,11,3475.31134539793,-2360.768450180759
16,0.0,3446.438945177413,11,3446.4389449690843,-2325.5641185160875
16,0.0,3394.5077583295365,11,3394.50775919266,-2289.695788353678
16,0.0,3324.603037977446,11,3324.6030391571085,-2263.1247929950364
16,0.0,3270.89893967452,11,3270.8989409303476,-2238.609816722354
16,0.0,3227.6055909406746,11,3227.605592136303,-2200.2898010842046
16,0.0,3219.78697589766,1,3219.786976736588,-2188.8885594980334
16,0.0,3199.544662704601,1,3199.5446639084184,-2151.4952947826896
16,0.0,3182.1411199087497,1,3182.1411207552414,-2112.527012496369
16,0.0,3064.3448802332064,26,3064.3448804045456,-2089.4746230411397
16,0.0,3041.9702789208645,26,3041.9702788910195,-2027.225577995967
16,0.0,3040.6053918709927,26,3040.605392005563,-2021.5602964560812
16,0.0,2956.7455542038124,26,2956.7455541620016,-2004.4297123232132
16,0.0,2932.2549228483463,26,2932.254922900252,-1937.5985374875643
16,0.0,2871.572273169536,60,2871.57227343789,-1899.9160410787156
16,0.0,2840.530039022865,60,2840.53003938398,-1886.8845318138017
16,50.0,2788.5562888200243,60,2838.5764626636355,-1806.7952786673416
16,0.0,2802.267794833001,60,2802.2677955201134,-1819.182132242496
16,0.0,2733.881696002779,60,2733.8816969776217,-1776.25162206268
16,0.0,2692.7573081994565,60,2692.7573095194534,-1770.7053791011947
16,50.0,2553.005368871454,124,2603.0385104025354,-1724.6888601752216
16,50.0,2480.8816249754254,124,2530.9175671199255,-1719.256059294239
16,50.0,2394.6571404269025,103,2444.6955464948387,-1720.8292140243452
16,50.0,2302.264697574452,103,2352.304593230749,-1727.3633285348674
16,50.0,2215.9364562928345,103,2265.9766231689314,-1733.5339436600211
16,50.0,2139.4742905628423,103,2189.5137880507905,-1737.3902393851843
16,50.0,2063.849930202898,103,2113.887945832305,-1739.4395619333875
16,50.0,1994.6219321653848,103,2044.6579129064567,-1739.7610290137932
16,50.0,1926.3719327493513,34,1976.4053250170577,-1738.3440411302893
16,50.0,1863.172756167255,34,1913.2032921798836,-1734.7531159941527
16,50.0,1802.4636683693282,34,1852.4911084641546,-1727.8668722607697
16,32.81155282084546,1759.4853303253203,172,1792.3001549781675,-1731.0831725819073
16,35.741942272666776,1698.95815559943,172,1734.6993606182305,-1722.891309730136
16,30.0114579243948,1647.686354955115,181,1677.6976429931592,-1721.5255620252328
16,32.16985252389289,1594.7683287156897,181,1626.9332760002462,-1712.0741395142866
16,28.904732547018558,1542.948023702687,190,1571.8483675655627,-1709.5333409938232
16,30.664623058579387,1493.4398131317628,190,1524.0948777257556,-1696.6790124182073
16,26.710440775094014,1446.95858921862,200,1473.662414777194,-1698.1694876451527
16,28.30008734878487,1393.275109414525,200,1421.5628749109203,-1687.8551308359783
16,26.607432818502414,1351.6645324818671,213,1378.2601212637906,-1686.8972536015303
16,26.61698643193037,1293.2207074739879,213,1319.8223042476652,-1680.8759028361712
16,27.905769195790153,1238.0912333501944,213,1265.975353279872,-1670.770271459063
16,25.558958982296076,1206.3389843673333,222,1231.8795371389335,-1677.0054894085856
16,26.73069302411255,1133.4455079827246,222,1160.1505236571904,-1674.2778385452405
16,27.404000933817187,1091.5590794382922,222,1118.9330910974854,-1673.390605498986
16,26.367023849140793,1037.914002628221,228,1064.2504457043246,-1678.9646397179242
16,26.94595371295519,988.721691353404,228,1015.632696630865,-1682.2896995510168
16,27.684610401630984,925.9572149880686,228,953.6015875966282,-1688.0798432294184
16,28.1324184777232,887.9064671386409,228,915.9957096800288,-1692.194528393362
16,29.26901719992564,824.1762392195204,228,853.3970282744265,-1699.7289083718854
16,29.34460748190071,784.9054258302449,228,814.2006031780008,-1703.85627912809
16,30.027313074788697,726.8951759994096,228,756.8711209187516,-1709.670419293928
16,30.53277005577744,683.9459368964168,228,714.4269013808378,-1713.2198307641336
16,35.48824723937261,626.8840683360437,243,662.3253263628285,-1722.4697134823
16,38.81800182203995,580.1357009888873,243,618.9246918523347,-1727.0317883352577
16,50.0,521.7678479965007,243,571.8930920894613,-1732.677266085621
16,42.35475080270275,488.0395165661576,243,530.4142823712127,-1734.0202938387308
16,44.114284457821604,442.22163780636595,243,486.39327577354925,-1736.4836523677368
16,45.772565546958376,399.0403541345898,243,444.9146811804003,-1738.2853656504305
16,47.23327497112588,361.00379421708647,243,408.3861191927376,-1739.5288988021039
16,49.09180431718827,312.6080889109269,243,361.92122422755756,-1740.7422375271638
16,49.96297032368825,289.9231130655675,243,340.1463039292885,-1741.195607257863
16,50.0,261.62634648551415,250,311.90885417495156,-1741.3042257522172
16,50.0,209.1331701876022,250,259.45814160834925,-1741.3342317950792
16,50.0,161.93570479781027,250,212.30235222310375,-1741.2746942216036
16,50.0,132.05875214340375,250,182.453572057952,-1741.2227256360984
16,50.0,93.51944136109212,159,143.9527360031425,-1741.160225339768
16,50.0,39.31339020371935,159,89.80504160963028,-1741.1108390180277
16,50.0,0.0,276,50.537218801644485,-1741.1186907581807
16,42.680420824350065,0.0,276,42.98422501283312,-1730.275504433747
16,26.87787494959692,0.0,276,26.93611307827541,-1411.4040182648305
16,20.58376300293117,0.0,276,20.604971317402033,-826.6262137882326
17,0.0,4937.011495780457,11,4937.009017603823,-3527.0918203925858
17,0.0,4915.115141952247,11,4915.113762235465,-3470.284679681645
17,0.0,4898.933942464304,11,4898.933218931696,-3415.9170958579407
17,0.0,4826.752391802451,30,4826.753296717493,-3360.760022860145
17,50.0,4684.590626882077,30,4734.5810691478155,-3307.2233236729103
17,0.0,4668.967570853394,30,4668.96816263149,-3261.9021747283073
17,0.0,4464.683995638654,30,4464.683773749621,-3232.295907324886
17,0.0,4461.199760992081,30,4461.199538800812,-3217.0335570658717
17,0.0,4452.841306928272,23,4452.841085831851,-3144.6897629422074
17,0.0,4448.269585701029,23,4448.269365789963,-3091.611404354966
17,0.0,4370.7240681880385,23,4370.723922286846,-3020.3121043786077
17,0.0,4353.460360812647,26,4353.4602386113675,-2974.6179385785917
17,0.0,4323.31331927548,26,4323.313237816276,-2916.825750858699
17,0.0,4223.157389578664,26,4223.157412055154,-2879.203707235728
17,0.0,4088.3611105416962,26,4088.361160509071,-2850.926247952919
17,0.0,4054.9548690718875,26,4054.954912736303,-2810.400152451123
17,0.0,4051.775874615124,26,4051.775917520895,-2802.3134156542205
17,0.0,4036.9174288310505,26,4036.917467863458,-2757.032686573909
17,0.0,4002.2647921526423,26,4002.264821679415,-2661.7977117876967
17,0.0,3899.552004648534,46,3899.5520085422236,-2636.7774923946554
17,0.0,3782.5799818579003,46,3782.579972738089,-2617.3678235104217
17,0.0,3777.866219669378,46,3777.866210320157,-2606.650731567573
17,0.0,3761.9413818271955,7,3761.9413722378476,-2556.533945407272
17,0.0,3750.3604124074095,7,3750.3604026079834,-2511.9564417400543
17,0.0,3738.637381403771,7,3738.637371607714,-2466.0654752877763
17,0.0,3725.586297703404,7,3725.586287594264,-2419.184928982854
17,0.0,3502.0103676212943,7,3502.010366369133,-2393.7561319499514
17,0.0,3470.7542122809928,13,3470.7542118621677,-2356.2769581064367
17,0.0,3437.15730664325,13,3437.157306869364,-2314.4485154992
17,0.0,3384.2266027370083,13,3384.226603918557,-2282.124299697689
17,0.0,3292.843691376509,133,3292.8436927235734,-2282.3013097683365
17,0.0,3283.85218303579,133,3283.852184345325,-2268.253413842311
17,0.0,3263.564271616572,133,3263.564272598459,-2224.7223687313854
17,0.0,3199.152797100865,133,3199.1527978969834,-2149.634357044314
17,0.0,3177.3098556689324,133,3177.309856285672,-2135.064839699467
17,0.0,3161.5914753133015,133,3161.5914756570924,-2112.1731598876786
17,0.0,3062.831145720123,133,3062.8311459874303,-2087.4638689115486
17,0.0,3050.3735938559757,133,3050.3735941886757,-2060.3506178606776
17,0.0,2955.9023019384954,133,2955.9023018587527,-2003.570950792098
17,0.0,2954.392813003585,133,2954.392812910419,-2001.813135472026
17,0.0,2936.985824292515,133,2936.9858245027276,-1954.2295064135453
17,0.0,2848.653413014104,22,2848.653413200562,-1895.6933729717905
17,0.0,2847.8599551092325,22,2847.8599553067675,-1894.9911094314248
17,0.0,2820.278635844131,22,2820.278636110249,-1853.1286777174128
17,0.0,2797.486520587738,22,2797.4865207405264,-1811.0569281911075
17,0.0,2686.8883571480305,22,2686.888357438756,-1766.3636541169858
17,0.0,2685.42189464672,22,2685.421895043422,-1765.1655424939418
17,0.0,2651.7515297298605,201,2651.7515301236463,-1725.8275216628233
17,0.0,2621.5484105217115,76,2621.5484109633494,-1686.4377544789684
17,0.0,2520.354730594818,76,2520.3547306735422,-1639.2173288639244
17,0.0,2449.6469211574154,76,2449.6469213657106,-1631.6132266806935
17,0.0,2423.360910705277,76,2423.360910564429,-1618.300924050214
17,0.0,2402.996429590048,88,2402.996429592465,-1601.5705819740738
17,0.0,2370.9679067381444,88,2370.9679067526126,-1563.1100506916725
17,0.0,2338.354862112534,88,2338.3548620499305,-1512.9442335253325
17,0.0,2237.064095294331,88,2237.064094924706,-1492.6712097187924
17,0.0,2184.167155451369,88,2184.1671552216653,-1468.7515249229184
17,0.0,2179.0656228149555,88,2179.06562281586,-1459.2668074160235
17,0.0,2165.9096062436383,88,2165.909606048501,-1385.5191092775751
17,0.0,2076.6584946350004,88,2076.658494262527,-1348.769029341139
17,0.0,2068.105560581829,104,2068.1055600138143,-1340.7917026361451
17,0.0,2042.854894390164,104,2042.8548938253632,-1290.4055251315353
17,0.0,1961.1402119637924,156,1961.1402107991055,-1244.3877516843818
17,0.0,1945.1479632868916,156,1945.147962057778,-1234.0076770372298
17,0.0,1846.5770425880175,156,1846.5770410093864,-1206.3277157004109
17,0.0,1835.83592454831,156,1835.8359232316398,-1198.9315942438661
17,0.0,1802.5439009942547,71,1802.5438992822023,-1143.611789086462
17,0.0,1768.9797382595586,71,1768.9797364551164,-1066.4696471418742
17,0.0,1750.1174174280645,71,1750.117415974284,-1027.7089904687082
17,0.0,1636.8685190502872,71,1636.8685190996775,-1007.7125233484917
17,0.0,1607.3989948966275,71,1607.3989956251428,-1012.2169952338652
17,0.0,1567.235271852193,71,1567.2352736479106,-975.2601602385951
17,0.0,1526.228321488127,71,1526.228324557801,-925.15121359413
17,0.0,1424.544458232445,20,1424.5444627472443,-895.8906723041007
17,0.0,1415.2417193926003,20,1415.2417237223115,-891.9110832452685
17,0.0,1361.3917475454164,20,1361.3917504152662,-813.9339914431184
17,0.0,1340.0222794605882,20,1340.0222808969754,-764.0404431023419
17,0.0,1247.0860864979597,70,1247.0860774268392,-688.4176819818463
17,0.0,1220.1559551347107,70,1220.15594165941,-687.5556226158953
17,0.0,1174.1193934401476,70,1174.119371197902,-664.2667545504844
17,0.0,1064.9001956497366,70,1064.9001529154868,-637.2120414041713
17,0.0,1048.7269844060456,70,1048.726939731446,-635.2535355658267
17,0.0,971.676923168053,70,971.6768802508589,-570.4284050807923
17,0.0,937.7443327709594,40,937.7442989087558,-523.662829141053
17,0.0,889.7274443871861,40,889.7274338901566,-472.9883409646427
17,0.0,826.2292259252241,40,826.2292691389921,-441.0736694994505
17,0.0,778.4375371830712,201,778.4376356931812,-389.89974976911276
17,0.0,718.1420372580718,201,718.1422150121696,-265.07019616710363
17,0.0,679.0965872271116,201,679.0968115473652,-193.75904129824335
17,0.0,550.5365841451472,201,550.5368075013694,-248.65668963604116
17,0.0,522.473922284444,201,522.4740894114366,-186.43842181746277
17,42.26802794822003,386.62299168016057,201,428.85295817568067,-116.39198875396391
17,0.0,377.0622810496995,201,377.0617469232784,-118.29465346212305
17,0.0,271.84122357031123,201,271.84018140832814,-33.22234752145255
17,0.0,247.46788660625427,201,247.4668561657404,-17.828419473763688
17,18.062813063583448,149.26284976185644,201,167.3313413470064,31.42132558124422
17,50.0,0.0,201,50.00006650020214,133.50317403421082
17,2.7755575615628914e-15,0.0,201,0.010108323146141629,182.54532450420425
18,0.0,4527.155461803159,11,4527.1552904083255,-3955.7252332899
18,0.0,4520.79745148606,11,4520.797271328045,-3906.641939876938
18,0.0,4518.2354018040805,11,4518.2352184898755,-3876.4733172845604
18,0.0,4515.5483883841225,11,4515.54820195211,-3838.576601971424
18,0.0,4512.533969728239,32,4512.533780477936,-3788.745682658592
18,0.0,4509.668727220904,32,4509.668535478616,-3734.6704599333134
18,0.0,4507.121782356869,32,4507.121588416331,-3681.6141422495384
18,0.0,4504.824787342433,32,4504.824591489809,-3630.2103712807775
18,0.0,4501.016793598156,32,4501.016595345221,-3538.951236739946
18,0.0,4500.407328200539,32,4500.40712946537,-3523.791731456824
18,0.0,4497.905891247759,32,4497.905691403368,-3460.4756452622287
18,0.0,4495.720691432884,32,4495.7204905259705,-3404.3003312643186
18,0.0,4493.4687729208645,32,4493.468571273623,-3346.3898292923222
18,0.0,4491.4205272091485,32,4491.420324961613,-3294.4618777404767
18,0.0,4489.173869028448,32,4489.1736659652015,-3239.2597963289
18,0.0,4452.983926724802,32,4452.983731638058,-3178.2915007891597
18,0.0,4448.493627395886,32,4448.493435101335,-3140.7639913938365
18,0.0,4386.542831536235,32,4386.5427032197185,-3079.6068257497554
18,0.0,4377.2589084717065,32,4377.258791930904,-3043.173895056623
18,0.0,4331.101506813461,32,4331.10144790619,-2940.641329506395
18,0.0,4243.755197608246,32,4243.755218414316,-2907.038209517645
18,0.0,4206.9920395858,32,4206.992077352355,-2858.70482982447
18,0.0,4069.27763228365,32,4069.2776669113855,-2850.1200192673296
18,0.0,4064.256148001216,32,4064.256181239183,-2839.7168207212803
18,0.0,4046.0883444005067,32,4046.0883732522575,-2787.4504825131157
18,0.0,4031.245715516447,126,4031.2457406491735,-2736.516954194747
18,0.0,3944.762221650972,126,3944.7622263160933,-2655.832120019193
18,0.0,3877.2593437925934,126,3877.2593388899318,-2623.1879482798604
18,0.0,3788.273930813523,126,3788.273921565428,-2627.339594202958
18,0.0,3774.882828690653,126,3774.882819511271,-2598.8079876434203
18,0.0,3759.345306452467,126,3759.3452975614427,-2546.9202276322803
18,0.0,3746.0206993247784,126,3746.0206905288724,-2494.7640103033655
18,0.0,3729.9635571847107,126,3729.9635490976793,-2433.9243062986316
18,0.0,3527.176305680396,126,3527.176304570966,-2416.8412376089436
18,0.0,3501.1377086191987,126,3501.1377082604354,-2393.555606886342
18,0.0,3481.64831450872,56,3481.6483141540475,-2368.5011075442308
18,0.0,3400.290432493866,56,3400.290433444965,-2296.8184321941494
18,0.0,3351.738799392791,56,3351.7388002865146,-2263.6727291083553
18,0.0,3274.77709122741,161,3274.777091980484,-2243.7351085908626
18,0.0,3272.7289261360147,161,3272.7289268346863,-2241.846581346706
18,0.0,3247.5128923347047,161,3247.5128926495318,-2194.885305088329
18,0.0,3178.1478399306425,161,3178.1478399321936,-2140.9274025235723
18,0.0,3162.0116403988072,161,3162.011640521397,-2119.992370303808
18,0.0,3063.6872137026426,161,3063.6872140101636,-2088.277916835137
18,0.0,3050.4566410610546,161,3050.4566412516588,-2060.8180612199167
18,0.0,2956.5554150251564,3,2956.5554151574925,-2004.1685495600975
18,0.0,2949.905227628189,3,2949.9052278089057,-1993.8142298008029
18,0.0,2932.669059379581,225,2932.6690593045573,-1939.0388426867048
18,0.0,2850.72100056715,225,2850.721000599357,-1897.3611928340272
18,0.0,2833.9395254439937,225,2833.939525461708,-1877.3698692169357
18,0.0,2806.9318619174587,225,2806.931862265103,-1827.600346832385
18,0.0,2699.2422489225155,225,2699.2422490847425,-1774.0922608652345
18,0.0,2691.787251523493,225,2691.7872521073123,-1769.9260327053512
18,0.0,2654.6158597152494,98,2654.615859881389,-1729.6800162531526
18,0.0,2616.860606571185,98,2616.860606831427,-1681.2392758498208
18,0.0,2500.9109526775037,98,2500.9109527410956,-1639.034527516505
18,0.0,2435.313314916039,98,2435.313314734482,-1625.4109711722467
18,0.0,2431.8301501907804,57,2431.830150197965,-1623.532625161903
18,0.0,2387.921674211665,57,2387.9216738769774,-1585.2701435682357
18,0.0,2352.1265170980914,57,2352.1265170391243,-1534.7660369657044
18,0.0,2242.1309353043243,160,2242.130935265612,-1492.7013857970455
18,0.0,2184.3944613497524,160,2184.3944612426703,-1468.8746518494627
18,0.0,2178.8512213264275,145,2178.851221024872,-1458.5871191244948
18,0.0,2166.220174965652,145,2166.220174754326,-1387.7469183851665
18,0.0,2075.8631261135774,145,2075.863125612047,-1348.3722742216805
18,0.0,2053.7260595835687,145,2053.726058930498,-1313.991339553559
18,0.0,1963.6826014415724,145,1963.6826004193567,-1245.5147929817292
18,0.0,1930.8848124152623,145,1930.884811123542,-1221.9773833400302
18,0.0,1847.8106925599322,145,1847.8106907701685,-1206.8138568862887
18,0.0,1834.9322987209687,145,1834.932296948814,-1198.104108223551
18,0.0,1800.9353866831923,145,1800.9353852971058,-1140.138412028155
18,0.0,1748.6032158963844,124,1748.6032146654666,-1023.8950452945272
18,0.0,1674.115660178755,124,1674.1156594507468,-981.2726332174751
18,0.0,1611.561252020287,124,1611.5612524930464,-1013.049657704888
18,0.0,1583.4224106802033,124,1583.4224120036054,-991.4219449851173
18,0.0,1532.845787340329,124,1532.8457899545128,-939.9456503829377
18,0.0,1475.4684128215313,124,1475.4684162317135,-897.2566530880188
18,0.0,1393.5099643043636,124,1393.509967415558,-864.1148876828994
18,0.0,1353.5658064418144,124,1353.5658074272867,-797.021579532254
18,0.0,1298.0487445883098,204,1298.0487410333783,-694.0985186121225
18,0.0,1222.606157228416,204,1222.6061418793213,-688.08786433979
18,0.0,1188.4733029181807,204,1188.4732810031346,-673.7550252704527
18,0.0,1057.1483772818558,204,1057.1483314767054,-636.7221669436572
18,0.0,1035.7608144427277,204,1035.7607671323058,-631.0337395799795
18,0.0,983.0947603038418,204,983.0947157377293,-585.2771161847843
18,0.0,887.468217661781,204,887.4682112096066,-471.4042350322793
18,0.0,863.7144126556453,204,863.7144247732992,-458.2913104765778
18,0.0,760.5463851506139,204,760.5465141036691,-356.993109280455
18,0.0,734.6998310897868,204,734.6999943304572,-301.3839301059422
18,0.0,624.6224194998401,204,624.6226864575683,-174.30997615786987
18,0.0,579.130382432766,204,579.1306377931942,-240.02612785645874
18,0.0,506.4842293908162,204,506.4843445191841,-137.72413601442827
18,0.0,386.85525392602676,204,386.85476595595446,-114.51876020936402
18,0.0,349.0351682094423,204,349.03444059183903,-112.98220390609708
18,4.455482472362881,270.27855486117414,204,274.74322903365146,-32.381971776183036
18,50.0,0.0,204,50.000068270550855,133.50317161111298
18,0.0,0.0,204,0.010068452078940027,182.5368599834403
19,0.0,4905.713830910077,3,4905.713610192883,-3448.928481309399
19,0.0,4887.811495946684,3,4887.811740003465,-3391.1170511906835
19,0.0,4799.599877268185,22,4799.601016242788,-3338.686732780946
19,0.0,4547.050217770023,22,4547.050137561793,-3297.039864061224
19,0.0,4542.78304401269,22,4542.782953474709,-3265.2891534799296
19,0.0,4539.211782137874,22,4539.211684711833,-3233.6433555216627
19,0.0,4451.41327983026,22,4451.413120443423,-3175.198235793676
19,0.0,4446.931772235758,22,4446.931614598187,-3122.5137781981603
19,0.0,4380.570474515908,1,4380.570370219845,-3059.867724284144
19,0.0,4364.00357674399,1,4364.003489257265,-2990.1152673381075
19,0.0,4330.022562148769,1,4330.022509709955,-2940.2086702004676
19,0.0,4236.460380503319,1,4236.460399241398,-2901.0296576168384
19,0.0,4206.1171858076505,1,4206.1172166635215,-2857.2847089320794
19,0.0,4059.0895411274837,1,4059.089570738371,-2826.927316187047
19,0.0,4054.059748244076,1,4054.0597765421435,-2812.723215152812
19,0.0,4041.976503775367,1,4041.9765294214917,-2773.5189866084716
19,0.0,4027.7566525816587,3,4027.756674852164,-2724.9016575457194
19,0.0,3923.1728742596097,97,3923.1728770028353,-2650.2152848444885
19,0.0,3790.1971926395922,97,3790.197185075827,-2630.096934458509
19,0.0,3781.1369091625156,97,3781.136901877482,-2614.267650991152
19,0.0,3769.8157768703945,97,3769.8157695056307,-2583.3331250763986
19,0.0,3756.156342194125,97,3756.1563345678787,-2534.3874792705546
19,0.0,3743.859586323955,97,3743.859578557899,-2486.845709671079
19,0.0,3730.4368407810903,96,3730.436833489024,-2438.609001282299
19,0.0,3533.302393546524,96,3533.302392774117,-2401.654119314927
19,0.0,3480.815845399175,96,3480.815845838853,-2372.1279617254186
19,0.0,3450.158238458933,96,3450.1582391721204,-2329.962369877778
19,0.0,3403.7329836120334,83,3403.7329841603837,-2294.910186687914
19,0.0,3349.109974068142,83,3349.109975322197,-2263.5718980808447
19,0.0,3275.020987455409,83,3275.020988438476,-2243.8949556460225
19,0.0,3268.3140096123916,83,3268.3140106286073,-2236.5998007008466
19,0.0,3246.6274473793987,83,3246.627448095307,-2192.9166867082827
19,0.0,3171.784183617307,83,3171.784184227785,-2134.082858576159
19,0.0,3164.659652176184,64,3164.659652814953,-2124.2123058274387
19,0.0,3062.1917557344054,64,3062.1917562173367,-2086.6966737685334
19,0.0,3055.6261827039734,64,3055.626182752893,-2075.0924303922366
19,0.0,3042.556643740454,37,3042.5566440793264,-2032.097320378855
19,0.0,2955.691634472689,37,2955.6916346690086,-2003.347629223126
19,0.0,2943.963542007677,37,2943.963542069364,-1977.8024795274928
19,0.0,2928.0412313300153,37,2928.0412319275697,-1923.661279573344
19,0.0,2846.8430172981475,56,2846.843017809018,-1894.0171032105018
19,0.0,2832.219642426682,6,2832.2196432760215,-1874.604710893361
19,0.0,2809.2170903549263,6,2809.2170910416653,-1831.9444402027425
19,0.0,2719.65415569567,6,2719.654156542212,-1777.4084230129165
19,0.0,2683.614514467318,6,2683.614514933743,-1764.373956721037
19,0.0,2668.8116550110462,6,2668.811655565442,-1749.3287997654495
19,0.0,2640.940846869061,59,2640.9408475898945,-1711.6990313060396
19,0.0,2610.899165497409,59,2610.899165984088,-1671.2501653015263
19,0.0,2477.1915923938436,59,2477.1915931153276,-1649.0164528012856
19,0.0,2444.1879049302584,59,2444.1879056820844,-1643.838881734448
19,0.0,2424.9161078929583,59,2424.916108386391,-1623.1196610803227
19,0.0,2400.098040533481,59,2400.0980409750987,-1584.4506385744542
19,0.0,2365.388085704649,59,2365.3880858484854,-1549.2281718275933
19,0.0,2330.758686595194,59,2330.758686846851,-1511.9873854644638
19,0.0,2236.8985775146707,59,2236.89857742213,-1492.6285378426196
19,0.0,2184.3356637272254,59,2184.335663892183,-1468.8425576745058
19,0.0,2175.1620118578826,59,2175.162011993937,-1443.5727561970796
19,0.0,2166.1484645307937,59,2166.1484644623415,-1387.2234276222953
19,0.0,2076.642088714713,59,2076.642088874274,-1348.7606851711023
19,0.0,2067.2662078299786,64,2067.2662071253894,-1339.6090962325932
19,0.0,2039.6876666567643,64,2039.6876662955108,-1284.0202514971893
19,0.0,1960.5322330887275,64,1960.5322322518903,-1244.1230860678857
19,0.0,1947.3231943444205,64,1947.3231934424796,-1235.75287490181
19,0.0,1845.9098511489221,64,1845.909850029016,-1206.0273020470293
19,0.0,1837.7644598142344,64,1837.7644585166943,-1200.7140317719625
19,0.0,1805.896854378277,59,1805.8968531093444,-1150.9584633386587
19,0.0,1774.5445113146413,59,1774.544509786611,-1078.6622654483158
19,0.0,1747.721985665993,59,1747.7219845813038,-1022.3036477751326
19,0.0,1638.4008753292912,59,1638.4008758967836,-1008.6628360726327
19,0.0,1610.5040316912873,59,1610.5040322257946,-1012.6864453035173
19,0.0,1581.9533543108737,59,1581.9533556397716,-989.8014625284192
19,0.0,1540.1696199097503,37,1540.169622334643,-945.6358078782819
19,0.0,1477.4496693821766,37,1477.4496729033774,-899.1350194222424
19,0.0,1393.966809291109,37,1393.9668133013427,-864.2616161639988
19,0.0,1380.308737804401,56,1380.3087416141009,-853.6459638350017
19,0.0,1341.621500009349,56,1341.621502282257,-766.1330491637441
19,0.0,1311.6883086063053,56,1311.6883084616643,-707.6276133721312
19,0.0,1219.7346375722277,82,1219.7346251199504,-687.4569447285776
19,0.0,1182.1995103602599,82,1182.1994908029342,-669.8682666782479
19,0.0,1147.0485201886456,82,1147.0484930079426,-647.63101333797
19,0.0,1049.8852280887095,73,1049.885184017065,-635.5286764252401
19,0.0,1019.0085762751376,73,1019.0085298141212,-621.4136649560933
19,0.0,956.2081770630132,73,956.2081351418663,-549.0881171132669
19,0.0,921.0571868913992,73,921.0571553508003,-502.6302632108184
19,0.0,873.9019994463665,73,873.9019939399845,-463.2705483655352
19,0.0,800.9614651594031,257,800.961529121651,-420.49408997214323
19,0.0,756.0975812848152,257,756.0977032511305,-348.03221972793926
19,0.0,710.811266061574,257,710.8114521173127,-249.23212179722736
19,0.0,664.2734103542563,257,664.2736567545098,-174.95101255856116
19,0.0,541.7985675410846,257,541.7988346506745,-234.4124950908831
19,0.0,480.3494146592878,257,480.3495428868623,-87.05237907734181
19,0.0,400.26566215783754,257,400.2654189150444,-114.28652758004569
19,26.255490244317254,268.7099744196897,279,294.967571413717,-39.3761503183523
19,18.19349257527089,205.59741210921135,279,223.80364630225495,-9.400460837731998
19,2.810783074947282,140.1079169234759,279,142.9210748186215,53.710178917859594
19,50.0,0.0,279,50.00006983584035,133.50317151842637
19,0.0,0.0,279,0.009716528114950052,182.5339614256577
20,0.0,4911.572847365254,0,4911.572436605293,-3461.660099412671
20,0.0,4892.557631679733,0,4892.557751562106,-3406.371531419725
20,0.0,4805.260483003838,0,4805.261617710903,-3350.1810871878133
20,22.321166242030433,4680.298070766316,0,4702.594231967497,-3300.3552228131834
20,0.0,4661.6385577670635,0,4661.639034157161,-3247.134390581184
20,50.0,4538.756580280962,0,4588.759131443272,-3195.2882977145464
20,0.0,4451.392239020657,0,4451.392091664924,-3175.7782725609422
20,0.0,4386.527475622221,0,4386.527371474506,-3105.5752212735624
20,0.0,4383.974378953169,0,4383.974277166691,-3095.2119570104783
20,0.0,4377.06865796327,0,4377.068562466671,-3048.98137685878
20,0.0,4332.557224229076,0,4332.55717295758,-2964.3703868691036
20,0.0,4245.955837902365,44,4245.955853290914,-2913.302800001257
20,0.0,4215.213783367952,44,4215.213812645149,-2873.6213134382206
20,0.0,4065.081546495356,44,4065.0815781716783,-2841.4026092752165
20,0.0,4055.27269903427,44,4055.272728689283,-2816.195919445192
20,0.0,4044.908664440909,44,4044.9086921654944,-2783.478948327311
20,0.0,4031.543208156025,11,4031.5432327370154,-2737.563058793707
20,0.0,3952.5673545903287,11,3952.5673625959107,-2655.4634991717708
20,0.0,3803.7586854681704,43,3803.758678354131,-2639.339609668061
20,0.0,3781.204496316797,43,3781.2044887436064,-2614.4168083986965
20,0.0,3771.7702875524615,43,3771.770280004433,-2589.4576350850903
20,0.0,3757.21639885487,43,3757.2163908085495,-2538.447823780348
20,0.0,3747.5360152069966,43,3747.53600765432,-2500.9696471850466
20,0.0,3732.2113194759054,65,3732.211311885983,-2444.5599345417277
20,0.0,3553.496139628233,65,3553.496137661142,-2410.4366510398945
20,0.0,3488.026440093579,65,3488.0264402569737,-2380.0932086582197
20,0.0,3456.8374712467003,106,3456.837471929929,-2338.9688682543765
20,0.0,3424.150288330743,106,3424.150289538562,-2304.780616787395
20,0.0,3360.651231777624,112,3360.6512331674585,-2272.196032885812
20,0.0,3286.6709753370037,112,3286.6709765886662,-2248.7562036291556
20,0.0,3268.4687689880366,112,3268.468770288518,-2236.810243737438
20,0.0,3252.507878493273,112,3252.5078795302325,-2206.4638566796198
20,0.0,3181.1815265516457,112,3181.1815273022266,-2143.553225986238
20,0.0,3171.9029071579303,112,3171.9029080175483,-2134.2288377236546
20,0.0,3072.300507552561,112,3072.300507954631,-2090.411723872301
20,0.0,3062.396038701327,112,3062.396038870099,-2086.9349766387163
20,0.0,3045.1640643583587,112,3045.1640646650194,-2042.3201225818407
20,0.0,2955.6422693302834,112,2955.64226981801,-2003.2891175106886
20,0.0,2946.866476263029,112,2946.8664767571745,-1986.2944911860895
20,0.0,2932.6144671601132,112,2932.614467665153,-1938.8543908748272
20,0.0,2847.1987121010766,112,2847.198712814279,-1894.7153957484218
20,0.0,2837.1034981778,112,2837.1034985002725,-1882.2817975449304
20,0.0,2813.1219560129016,56,2813.1219571670817,-1838.6797466918722
20,0.0,2727.419467170882,56,2727.419467791438,-1786.0980717386003
20,0.0,2702.3035305358867,56,2702.3035310088044,-1776.3773948944474
20,0.0,2557.8680037248023,56,2557.8680038697275,-1778.450746476638
20,0.0,2546.8830743032204,56,2546.8830746713534,-1774.7470826456877
20,0.0,2525.370544631351,112,2525.3705451962323,-1733.2890905474658
20,0.0,2513.5693127607883,112,2513.569312889833,-1690.8130158890153
20,0.0,2502.28467973561,112,2502.2846802625454,-1640.3356340419948
20,0.0,2411.593599336343,112,2411.59359996131,-1618.6389943258691
20,0.0,2393.553539081929,112,2393.553539121243,-1581.9440981437035
20,0.0,2343.2807719024063,112,2343.2807720409573,-1538.6603157466393
20,0.0,2320.6682769785602,112,2320.668277389846,-1510.151588298706
20,0.0,2236.9277482293946,112,2236.9277482430302,-1492.7245019325812
20,0.0,2184.046690581757,112,2184.046690559001,-1468.6681864036764
20,0.0,2178.0004670779713,112,2178.000467646186,-1455.6426152910713
20,0.0,2165.266129880207,38,2165.26613023384,-1380.8581222677462
20,0.0,2075.9895011018516,38,2075.989500812149,-1348.4387746278985
20,0.0,2059.7129734969935,65,2059.7129731905534,-1326.508192957603
20,0.0,2045.817787460879,65,2045.8177873351729,-1296.6780539489218
20,0.0,1960.9467989606467,65,1960.9467985229448,-1244.3224534589372
20,0.0,1952.9029082092588,65,1952.9029075368844,-1239.7382590810898
20,0.0,1845.994304177185,65,1845.9943033235995,-1206.065724474322
20,0.0,1839.0826334053188,65,1839.0826323897743,-1201.7940354416394
20,0.0,1806.6940983840655,65,1806.6940972463362,-1152.648139689823
20,0.0,1784.4872892313717,205,1784.4872878529202,-1101.9624444782912
20,0.0,1728.2645980498087,205,1728.2645968796132,-992.6363660747483
20,0.0,1685.9684013596695,205,1685.9684004278847,-975.035509695724
20,0.0,1609.9496254175408,205,1609.9496260447654,-1012.4798964469155
20,0.0,1584.3835760665634,205,1584.3835772790899,-992.4714542448463
20,0.0,1529.3754218527592,96,1529.375423821072,-937.4408126867476
20,0.0,1472.513582768614,96,1472.5135866160733,-894.4136058751717
20,0.0,1393.0835928690544,96,1393.083596813651,-863.9504383565866
20,0.0,1369.3196095189883,96,1369.3196130043887,-834.9991221479419
20,0.0,1354.7459917962328,174,1354.7459950564414,-800.1207645542933
20,0.0,1316.2537793136041,174,1316.2537802946624,-713.889071468363
20,0.0,1230.8588785654513,174,1230.8588710269582,-691.8714739447348
20,0.0,1207.5974544694304,174,1207.5974429862913,-678.5872807447072
20,0.0,1077.892031535228,174,1077.891997480275,-701.6660359983007
20,0.0,1065.9297423246323,174,1065.9297068161188,-693.0328848305373
20,0.0,1029.3772439347604,174,1029.377204932575,-586.2043926261103
20,0.0,952.286284009794,174,952.2862513068137,-552.5396054192815
20,0.0,907.779015373406,80,907.7789992945186,-490.89691213698075
20,0.0,846.1915148500941,80,846.1915427665213,-451.1938718495403
20,0.0,807.9661924958399,105,807.9662612869231,-430.618090471841
20,0.0,762.4350471230197,105,762.4351755048117,-359.58753378861525
20,0.0,708.0043314606634,105,708.004536680935,-245.05542457745742
20,35.987418698254,625.0276568714253,291,661.0402201179281,-173.83563458674598
20,21.573508319192158,546.922441423321,291,568.5549877419767,-243.7273946008238
20,16.615884866969,439.0172317742447,291,455.6782280557154,-94.00937834585716
20,0.0,406.39856036338944,291,406.39832195465306,-113.90991578701141
20,36.85559455676492,335.63201468972517,291,372.46866610781626,-45.69074472642001
20,48.08875897853962,253.05365834616845,291,301.10100748397736,-52.898956542305314
20,29.129408216058,195.71374886561244,291,224.83434642723523,2.2457658876908226
20,50.0,0.0,291,50.00007519820883,133.50317153102424
20,0.0,0.0,291,0.009740657997099333,182.53054084534733
21,0.0,4909.066295660516,1,4909.065863783133,-3456.6235423032913
21,0.0,4889.710418118601,1,4889.71046708969,-3396.0567720128065
21,0.0,4824.98869858439,1,4824.989543694601,-3347.969731568408
21,50.0,4665.587123920018,1,4715.5804732935485,-3301.133987122951
21,0.0,4659.0220856818905,1,4659.022402656498,-3237.439633789146
21,50.0,4452.677050369379,1,4502.681354105128,-3194.46733359469
21,0.0,4451.388870971281,1,4451.38873368566,-3175.757447519918
21,0.0,4385.173567813374,51,4385.173482427617,-3100.701237146868
21,0.0,4383.824008504717,51,4383.823924457468,-3094.448257206893
21,0.0,4376.415992355173,51,4376.415915460697,-3044.01909506211
21,0.0,4325.214424110536,72,4325.214394150713,-2948.527465788793
21,0.0,4231.716848250992,72,4231.716873843111,-2906.607822455429
21,0.0,4093.691262365299,72,4093.691291793581,-2881.6426748759695
21,0.0,4086.174239734334,72,4086.17426794486,-2862.47929852283
21,0.0,4054.3062475783586,72,4054.306269208093,-2782.168810657047
21,0.0,4032.890128026229,54,4032.8901448703855,-2755.101838591293
21,0.0,4025.7742102163684,54,4025.774225803051,-2731.799118998416
21,0.0,3908.6575150114077,54,3908.6575117594175,-2658.2387608192457
21,0.0,3793.311347046135,54,3793.311339235961,-2633.9270071783176
21,0.0,3781.374243022383,54,3781.374235006795,-2614.7276537681323
21,0.0,3771.18969519246,54,3771.1896879168758,-2587.429558175323
21,0.0,3754.201592687198,54,3754.2015851500882,-2526.7506727298505
21,0.0,3745.260024738743,54,3745.2600180560025,-2492.3287448793403
21,0.0,3732.6677106905227,77,3732.6677041009816,-2446.6464354094906
21,0.0,3543.8354472636624,77,3543.8354468656416,-2406.091503204875
21,0.0,3483.9399744235598,77,3483.93997473785,-2375.766042308344
21,0.0,3454.391482575125,5,3454.391483726238,-2335.584741123364
21,0.0,3407.9888225965956,5,3407.988823701982,-2296.5924306717297
21,0.0,3353.1320400202717,5,3353.132040918716,-2266.563281231459
21,0.0,3279.164688269989,5,3279.164689503339,-2246.617017027337
21,0.0,3268.3025751918276,5,3268.3025757224596,-2236.5841965460813
21,0.0,3251.3907369519625,5,3251.390737332873,-2203.9088622432064
21,0.0,3176.8070161469095,5,3176.8070165696995,-2139.7117591371148
21,0.0,3171.799934933963,5,3171.799935790025,-2134.1200944170537
21,0.0,3062.3211116615057,5,3062.321111824139,-2086.847149050201
21,0.0,3059.0334134378377,5,3059.0334136606916,-2082.067055181582
21,0.0,3043.0942846252283,5,3043.0942849881417,-2034.2727709893084
21,0.0,2955.5938440450736,5,2955.593844349793,-2003.233175842698
21,0.0,2943.3679013639953,5,2943.36790173699,-1975.9614989787094
21,0.0,2931.1434471092125,5,2931.1434477898433,-1933.8126076694448
21,0.0,2847.427964726239,5,2847.427964865743,-1895.1842968802353
21,0.0,2834.8886699425125,5,2834.8886703497897,-1878.922282807557
21,50.0,2725.954774324066,5,2775.9604496962643,-1803.8796724197275
21,0.0,2711.8199439032437,5,2711.8199440255153,-1786.2915725043956
21,50.0,2572.1789008990527,196,2622.1847821195834,-1812.471460852991
21,0.0,2575.213032344399,196,2575.213032517634,-1764.5681543794367
21,0.0,2571.2705566976756,196,2571.270556991274,-1760.402016101045
21,0.0,2552.6923663221596,196,2552.692367132943,-1714.494253572595
21,50.0,2412.592823216836,196,2462.597789142069,-1665.307635996972
21,42.07074384979007,2411.734707545172,196,2453.810948166561,-1657.5530071932992
21,0.0,2411.2893440361368,196,2411.289344204978,-1619.3833110867217
21,0.0,2395.9760896052176,196,2395.9760900774654,-1588.8692277058633
21,0.0,2342.6227478151363,196,2342.6227479527834,-1538.933649340753
21,0.0,2325.5727262712326,196,2325.572726248087,-1519.3281786887808
21,0.0,2236.896823434002,196,2236.896823295572,-1492.710904230248
21,0.0,2183.9669129621225,196,2183.9669133069683,-1468.6136112139327
21,0.0,2174.898804275587,146,2174.898804371804,-1442.2556667272263
21,0.0,2166.4155908602743,146,2166.4155906966776,-1389.1183016910845
21,0.0,2076.0460859052378,146,2076.0460856168006,-1348.4685429033705
21,0.0,2066.7161760061963,5,2066.716175914359,-1338.801870326502
21,0.0,2043.5593355320289,5,2043.5593355484066,-1291.874757426553
21,0.0,1960.662699812975,5,1960.6626996759958,-1244.188393335906
21,0.0,1948.8261636621578,5,1948.8261635253423,-1236.884085816135
21,0.0,1846.0077779106043,5,1846.0077769937157,-1206.0718338487684
21,0.0,1838.2447157016168,5,1838.2447141959256,-1201.1176457965532
21,0.0,1801.3346814954689,5,1801.3346800530724,-1141.0262699612608
21,0.0,1779.97571864148,106,1779.975717048881,-1091.3286372950606
21,0.0,1751.3649226696043,106,1751.364921143474,-1029.078532333449
21,0.0,1639.6451838801156,106,1639.645183295282,-1007.922490697816
21,0.0,1610.3489465904513,106,1610.348946704564,-1012.6268291262177
21,0.0,1568.5618504733945,106,1568.561850937712,-974.36194358616
21,0.0,1536.3987185287808,93,1536.3987198651612,-942.667287695691
21,0.0,1472.0436348332412,93,1472.0436379640605,-893.9331794280321
21,0.0,1393.8020758313612,93,1393.80208063976,-864.2864497360981
21,0.0,1376.7584395840493,93,1376.758444348602,-848.4886513264614
21,0.0,1354.3044907184094,93,1354.3044952130138,-798.835689912816
21,0.0,1315.9640868500162,93,1315.9640899184972,-714.2253056025102
21,0.0,1213.2961026085736,146,1213.2960974765103,-691.6207445020536
21,0.0,1171.7195365092687,146,1171.7195257252374,-706.8896110078947
21,0.0,1128.8037419946618,146,1128.8037237596761,-621.6836607219973
21,0.0,1045.1481774256977,145,1045.148146180528,-636.5290622607979
21,0.0,1029.421296440018,145,1029.421263848464,-595.7108740730296
21,0.0,943.8892562993829,145,943.889229657804,-555.2169409120118
21,0.0,920.3181187131188,145,920.3180998163477,-518.7958862101195
21,0.0,839.2023538371712,145,839.2023909136169,-450.78071452468384
21,0.0,806.9105797223013,145,806.9106507858808,-430.950608029877
21,11.753307927603391,657.0667128763857,194,668.8758738121232,-172.49189791185563
21,31.593739298824712,555.7424497216862,194,587.3705112130174,-253.16990946775036
21,44.19209515299776,479.4563050861872,194,523.621570510229,-86.74405053273904
21,0.22750868506160593,441.1981929534742,194,441.4263427173596,-91.81278410288746
21,19.834161100028403,245.93444241096995,194,265.7877163438966,-50.17504692207217
21,27.881035211705868,204.21757335049418,194,232.0947549469106,-14.926932342679265
21,17.346160219866675,89.46237360563546,194,106.81214073311821,78.51739297379777
21,49.99999999999999,0.0,194,50.000075278582244,133.50317153907122
21,0.0,0.0,194,0.009736452902416204,182.5287291273146
22,0.0,4908.360494314371,12,4908.3600787992955,-3453.282272086367
22,0.0,4892.538180415189,12,4892.538146383751,-3403.0431234541484
22,0.0,4823.076315775023,12,4823.077129465341,-3340.6748785290274
22,0.0,4803.996530765165,12,4803.997402414034,-3287.17948975704
22,0.0,4651.4787533769095,12,4651.47905366095,-3240.341593358898
22,50.0,4542.625790853511,12,4592.626272394833,-3220.236721227881
22,0.0,4451.131295578659,12,4451.131165755834,-3164.771763654815
22,0.0,4328.987063661343,12,4328.987025436038,-3134.009803437967
22,0.0,4152.041211917,12,4152.041243957285,-3085.4641399194334
22,0.0,4146.822464552418,31,4146.822496284857,-3051.9727774504845
22,0.0,4142.511162042948,31,4142.511193780965,-3011.7453905118396
22,0.0,4138.587771623077,31,4138.5878031357,-2966.315634360957
22,0.0,4079.1977302146333,31,4079.197754548266,-2908.9782352187895
22,0.0,4072.0822393220983,25,4072.0822627831403,-2860.4542962344585
22,0.0,4067.4418148957634,25,4067.4418371981255,-2815.433492315851
22,0.0,4030.0126661417353,25,4030.0126812536582,-2771.840766097179
22,0.0,3915.8628018432,25,3915.8628000430067,-2702.4625032946306
22,0.0,3896.8952314019166,25,3896.8952277529797,-2666.5609183309152
22,0.0,3794.4573308850863,22,3794.4573229954703,-2635.6356506861266
22,0.0,3782.223530843916,22,3782.2235232778753,-2616.4940995993297
22,0.0,3768.368676917432,22,3768.368669273147,-2577.8977118407893
22,0.0,3754.599288676131,22,3754.5992814654755,-2528.0851138074377
22,0.0,3744.0188507530265,22,3744.0188439714075,-2487.908522693418
22,0.0,3728.013575083225,10,3728.013568320028,-2432.4500017231203
22,0.0,3538.538397467732,10,3538.5383965368046,-2403.7508353998946
22,0.0,3479.853372853297,10,3479.853373128444,-2370.940592703101
22,0.0,3458.8228695331672,1,3458.822869693383,-2341.758538949132
22,0.0,3402.443674205987,1,3402.4436751204603,-2294.4353823157817
22,0.0,3349.1781515737684,75,3349.1781523769178,-2263.574626712241
22,0.0,3272.151352333564,75,3272.1513529051667,-2241.2346174579193
22,0.0,3267.9500594729993,75,3267.9500600887413,-2236.094878714539
22,0.0,3239.788385769769,75,3239.788386412214,-2177.812193615845
22,0.0,3174.0245887892834,117,3174.024589117376,-2136.0269287616416
22,0.0,3162.910759450516,117,3162.9107595966416,-2120.3226583104397
22,0.0,3063.9836985602014,117,3063.983698859231,-2088.653293306681
22,0.0,3053.299116882525,117,3053.2991169530155,-2068.9329710817524
22,0.0,3040.8590872012082,74,3040.8590871243296,-2024.660729198713
22,0.0,2954.2823767483387,74,2954.2823772056167,-2001.6652383018368
22,0.0,2939.211296798036,74,2939.211297239506,-1962.0494148808373
22,0.23578535158795266,2928.7304895245725,74,2928.9657402146804,-1926.8217235132986
22,0.0,2851.559738752493,74,2851.5597386781014,-1898.2962196826136
22,0.0,2818.788630925962,133,2818.7886312647183,-1849.755829215831
22,0.0,2801.7896470482933,133,2801.789647382551,-1817.8587466520532
22,0.0,2709.228927166708,133,2709.2289273241718,-1781.0677284852727
22,0.0,2705.8667760146573,133,2705.8667758495003,-1778.9894388339687
22,6.530202311056091,2609.6014661467752,158,2616.1291546782863,-1724.7944102064075
22,9.253634962460852,2516.767509675736,158,2526.0227905257075,-1724.9589180057148
22,12.150479386619736,2430.543083496241,158,2442.7017082186017,-1724.9842011435428
22,18.591495646281096,2343.056528425301,158,2361.6665731615763,-1724.9855215806153
22,10.693684941695366,2273.3886219979213,158,2284.1003330304516,-1724.9722098943503
22,12.493228065785313,2195.457729718965,158,2207.977128603441,-1724.9837314701774
22,12.815900686064824,2123.854238119561,158,2136.702222419132,-1724.9841292048975
22,13.780885280779149,2049.282000635959,158,2063.102544085189,-1724.985041799428
22,10.382690540644587,1983.9635575661673,143,1994.381913752722,-1724.9511645310924
22,11.139310158908607,1917.467652857669,143,1928.6489182957505,-1724.9703265308833
22,11.895396561009965,1851.0186101261606,143,1862.9624661224984,-1724.9789138275316
22,12.64131225352656,1785.4634254430573,143,1798.1597405025595,-1724.9826556330138
22,13.366583591740905,1721.7225804668735,143,1735.150559275358,-1724.9842579789963
22,15.588228813134302,1656.459279319328,165,1672.1201875783452,-1724.9854211381248
22,16.75657707068683,1595.5554737582343,165,1612.391880753967,-1724.9854739533337
22,15.243033464968835,1541.461588983991,165,1556.7827894613315,-1724.9852924566762
22,17.30406758216913,1485.1483271215848,165,1502.5398251731676,-1724.9854199048852
22,20.299569471010553,1424.7944511357005,190,1445.1908460805341,-1724.985481889561
22,20.92185459038579,1364.82472924431,190,1385.846682393701,-1724.9854697852843
22,18.13169035451524,1314.5061757657197,212,1332.7340945863912,-1724.9850253105956
22,18.729954881212972,1260.1207906121253,212,1278.9496306412814,-1724.9848472161113
22,19.20400779625444,1208.496516021389,212,1227.8011048949677,-1724.9846094118404
22,19.651658192242344,1164.2416486510288,212,1183.9949167177867,-1724.9844081635156
22,20.182526568872255,1111.7598239739198,212,1132.0445036391004,-1724.9841738228622
22,20.693911160894395,1061.2041727380004,212,1082.0000152774974,-1724.983977791977
22,26.760374516015993,1001.4300118237101,212,1028.2879504657367,-1724.9855134934385
22,21.687015011730736,963.0255949959532,212,984.8118565663515,-1724.9837728693337
22,22.517365704959474,914.8392182730969,208,937.4533698355592,-1724.984261602514
22,22.98593408308042,868.1043529038564,208,891.1838156882784,-1724.9843349512323
22,23.48111065201789,818.7155947975169,208,842.2859924864126,-1724.98445610455
22,21.84335826637124,772.2005679500097,208,794.1298244985267,-1724.977619652073
22,24.369595208820634,730.0984194103465,208,754.5476684202872,-1724.984736105543
22,24.848838207334843,682.2988706987354,208,707.2211401154323,-1724.9848925564088
22,25.291554314156166,638.142502887358,208,663.5011519886152,-1724.9850266299538
22,25.723736951540825,595.0367400655189,208,620.8208917886241,-1724.9851418101155
22,23.83201451557855,549.6399078038202,227,573.5298449395132,-1724.9811805088157
22,24.25867276432748,507.08740258080064,227,531.3971755861116,-1724.982199813393
22,24.66783477727035,466.27987397010133,227,490.99195602849795,-1724.983026947671
22,26.774385979527192,420.03829504673104,227,446.8444861878975,-1724.9852885890748
22,25.548530883328514,378.44417464207567,227,404.0215325386048,-1724.9842936101336
22,25.766971505550874,356.658129850272,227,382.45003751270633,-1724.9845103061252
22,26.18036986504296,315.4280917505599,227,341.62605586614745,-1724.984834229118
22,29.63257962395823,254.25812043377425,227,283.8885603482436,-1724.9855121847243
22,27.121292766304766,221.58570902901346,227,248.70853478679692,-1724.9852594197444
22,27.588554508520176,174.9836386730763,227,202.5664404247059,-1724.985365604854
22,27.92300907465972,141.62701258123997,227,169.53948669583087,-1724.9854156727306
22,28.29131244731399,104.89449601913962,227,133.17053080400683,-1724.9854534217595
22,29.065762027299286,51.373204434425325,259,80.41733691234913,-1724.9854960597193
22,38.36486572538182,0.0,259,38.323986722560676,-1724.9712047086473
22,23.288013472279438,0.0,259,23.277155908883742,-1724.943422375034
22,6.754991498292743,0.0,259,6.755222866080203,-1628.51828709471
22,10.62682076234441,0.0,259,10.626769177783899,-921.2012745970393
23,0.0,4909.6506596311165,4,4909.650202391316,-3456.512392241598
23,0.0,4889.612673083304,4,4889.612694146106,-3394.1526297839446
23,0.0,4823.287552148939,4,4823.288364969769,-3341.173031025708
23,0.0,4803.228820104956,4,4803.229695532334,-3284.9171499495797
23,0.0,4650.437381424778,4,4650.437688164391,-3237.321509854171
23,49.999449282743456,4548.679354636006,4,4598.679142045537,-3225.160362941092
23,0.0,4451.374123754458,4,4451.373993154819,-3166.872177118704
23,0.0,4328.478805195224,14,4328.478761075928,-3139.498282999053
23,0.0,4322.68053282888,14,4322.680493894424,-3087.719441111402
23,0.0,4231.36367863372,14,4231.363691495504,-3020.0830743305496
23,0.0,4226.442543244239,58,4226.442557736005,-3002.565625321169
23,0.0,4137.598453612143,58,4137.598478959678,-2925.1405420467663
23,0.0,4053.2858503968846,58,4053.2858662490644,-2884.2908010708466
23,0.0,4051.9348266608963,24,4051.934842156714,-2878.2890724815234
23,0.0,4046.0707687711206,24,4046.0707835408225,-2824.0098840002966
23,0.0,4038.494598452001,24,4038.4946118675853,-2730.8924133637456
23,0.0,3984.103580626667,1,3984.1035862356134,-2719.2051556067217
23,0.0,3895.8152019571703,1,3895.8151978428277,-2658.1168529796537
23,0.0,3796.4332078119724,1,3796.433200747007,-2637.7547090606868
23,0.0,3782.212673060934,1,3782.212666633063,-2616.4251705953884
23,0.0,3766.962806670581,1,3766.962800404414,-2572.891856567542
23,0.0,3756.6119837776328,1,3756.6119772849825,-2535.5508848192076
23,0.0,3743.0237632769918,1,3743.0237575455762,-2484.4227734335454
23,0.0,3725.2637035133544,1,3725.263697709025,-2424.8418401971435
23,0.0,3533.974320782453,36,3533.9743201745505,-2401.8911461488
23,0.0,3480.607043519024,36,3480.607044121649,-2371.8483787695004
23,0.0,3448.861332918258,96,3448.861333609036,-2328.305753814687
23,0.0,3406.2214492932912,96,3406.2214500831974,-2296.0164195743273
23,0.0,3358.292603749077,96,3358.292604857705,-2270.2169956137445
23,0.0,3280.4246982962236,96,3280.424699320865,-2247.320667299519
23,0.0,3268.5552468761202,96,3268.555247868271,-2236.9174017089517
23,0.0,3245.975344215276,96,3245.9753451148836,-2190.890644769295
23,0.0,3178.2308497231325,96,3178.23084990318,-2135.8764017204307
23,0.0,3165.424224645642,93,3165.424224897827,-2116.2393873285732
23,0.0,3062.417837426139,93,3062.417837478052,-2087.0789816904867
23,0.0,3042.5921637608194,93,3042.592163710977,-2031.2186551679688
23,0.0,3040.3019329965846,93,3040.301933275313,-2021.7955513379873
23,0.0,2956.5868160148734,127,2956.5868158796225,-2004.2259563663554
23,0.0,2932.4197191464636,127,2932.4197192825645,-1938.1745318663188
23,0.0,2914.824645864572,127,2914.8246458679146,-1891.9487559315467
23,0.0,2848.410059683352,127,2848.4100596845547,-1895.7952567493628
23,0.0,2824.8238974231635,127,2824.823897861608,-1861.3441699443476
23,0.0,2807.0315035848357,127,2807.0315040167875,-1827.1772567117516
23,0.0,2712.389553525712,127,2712.3895538935326,-1782.6314722666236
23,0.0,2684.5737129497365,127,2684.573713145919,-1756.71717988627
23,0.0,2661.4963168809522,127,2661.496317138718,-1724.216755858917
23,0.0,2567.460659439033,127,2567.460659543217,-1726.362273815566
23,15.757188491178272,2468.6761792935836,147,2484.437559712571,-1694.9644359354315
23,13.528419417454064,2389.182882248262,147,2402.7221423434494,-1694.9642061835634
23,11.039779358178201,2313.2267700265097,147,2324.2814754079936,-1694.9575882040483
23,21.925376692753222,2225.5630034459427,147,2247.5199524501,-1694.9644430379435
23,18.9146194065397,2155.4295761359795,147,2174.381796484629,-1694.9644445225836
23,19.627095267431084,2084.745323894638,147,2104.4180754411127,-1694.9644447183978
23,11.883379340786039,2020.3910111842931,138,2032.3122010728448,-1694.959536619507
23,12.928770567015334,1946.959352924616,138,1959.9341678369306,-1694.9629171912154
23,18.407975616424192,1874.4281464405628,205,1892.9010935739927,-1694.9644423292716
23,9.809500493514518,1821.5764330612737,205,1831.4295458407137,-1694.8836273994227
23,10.803669005852278,1755.022179788392,205,1765.8771900905194,-1694.9377685366117
23,11.684409277050703,1696.061339297548,205,1707.804112841135,-1694.954631603109
23,10.102820967255331,1632.587447354849,204,1642.7447411838095,-1694.8934508313928
23,10.913611672963645,1573.911758026303,204,1584.8864874700046,-1694.9359341685215
23,11.770719428895116,1511.8841742688064,204,1523.722990698248,-1694.9536120995253
23,12.515397663178856,1457.9929438724355,204,1470.5823638559336,-1694.9595965077617
23,13.323761396991818,1399.4928908060447,204,1412.8968466152542,-1694.9619804436188
23,28.956567321509137,1326.1314908955087,221,1355.194746705836,-1694.9640131745314
23,8.720950485511276,1297.9451860029778,221,1306.723546917742,-1694.4691862074483
23,10.023759055732189,1240.4916747584316,221,1250.5816833343129,-1694.848374421194
23,11.219607492654434,1187.7550769282261,221,1199.048541730135,-1694.9264192904684
23,12.35573396461625,1137.6522018596224,221,1150.0883834297974,-1694.9368222213348
23,13.564031031177331,1084.366622775162,221,1098.0172333581595,-1694.9258727527179
23,14.65714500924283,1036.1605872409414,221,1050.9089161037778,-1694.9090142922244
23,15.794954079371538,985.9835100409492,221,1001.8733373163689,-1694.8911286255602
23,16.803423677947638,941.510269116728,221,958.410788346747,-1694.874336267139
23,31.244803198767652,873.7088076626757,172,905.0437968930337,-1694.9528490856642
23,31.709085749611337,827.5558653092475,172,859.3494505352251,-1694.9526943869523
23,32.22646360080871,776.1248776534304,172,808.4287699589729,-1694.9531434722135
23,33.30641513024805,729.4036242875853,172,762.7778055729036,-1694.9588263690375
23,33.08907543155261,690.3752107203035,172,723.5283852851342,-1694.9550931424856
23,33.56611698844452,642.9539336651702,172,676.5760815781227,-1694.9565515927281
23,33.814338724569396,618.2789518950794,172,652.1449662970231,-1694.9573432748884
23,34.44003410129383,556.0804423876825,172,590.5608184778553,-1694.9592660190237
23,34.927432589086514,507.62961375032194,172,542.5883471074567,-1694.9605595182538
23,35.306582961782595,469.93940708086103,172,505.2702342740113,-1694.9613809029322
23,35.175177816499684,445.83092447515037,156,481.0275429750077,-1694.9605043941606
23,35.81378280018499,382.24889161263735,156,418.0725237595034,-1694.9618363497214
23,36.26093900294629,337.7282550611136,156,373.9913379425461,-1694.9622875899092
23,33.745262381014165,295.2398495804431,181,328.9918176944043,-1694.9262227618844
23,34.02641089073973,267.14318761809295,181,301.17170812917993,-1694.9346345818055
23,35.131098893644726,211.12379682781116,181,246.24676276007358,-1694.9553830858044
23,34.78377983452195,191.45529151292698,181,226.23016744876531,-1694.950080963066
23,36.204910888042974,132.243435337959,181,168.43030907985394,-1694.9609552733314
23,35.762854161522476,93.61120040036612,181,129.35510392139986,-1694.9591136180907
23,36.277883997581554,45.29552888970668,181,81.55178574672573,-1694.9608531570168
23,36.640011564491644,5.9522081366196495,181,42.56994214349788,-1694.9612029922346
23,34.021634820880365,0.0,256,34.00400394068993,-1694.9193450728906
23,7.123419313139895,0.0,256,7.122366071591841,-1615.301546690346
23,3.630315021044689,0.0,256,3.6317550685225797,-834.4087361470391
24,27.1645521730993,4927.167568431408,2,4954.330056782075,-3539.649825187144
24,29.565979290211597,4891.809590578185,2,4921.3743045717,-3474.78440256082
24,32.47988319944751,4848.906039954057,2,4881.386648406595,-3418.4465233580786
24,44.77262151660938,4667.911011590951,2,4712.691294679935,-3372.204139483406
24,20.685954974048,4654.309816955022,20,4674.957415188875,-3316.7136564560324
24,18.724186514745305,4638.26561434752,20,4656.949686384021,-3263.8781983837835
24,0.0,4644.677888675511,32,4644.678176277061,-3217.518254831126
24,0.0,4452.470502075946,32,4452.4703703430105,-3174.352170458311
24,0.0,4330.01824808059,32,4330.018198679511,-3132.5242928313664
24,0.0,4328.984181261715,32,4328.984132171914,-3127.095521959305
24,0.0,4322.588045610584,32,4322.588001898102,-3070.6022176911883
24,0.0,4318.45317932032,32,4318.453138801414,-3019.913092339046
24,0.0,4313.392019836049,32,4313.391983174756,-2953.4548979848523
24,0.0,4138.075501949852,93,4138.0755246177,-2925.6259145060585
24,0.0,4087.8296112597945,93,4087.829630812865,-2868.680264677052
24,0.0,4028.7358818939274,93,4028.7358929149705,-2828.2865041525974
24,0.0,4024.5936606959067,93,4024.5936705695613,-2807.3356865954097
24,0.0,4019.653902255268,93,4019.653911630616,-2762.5100724501826
24,0.0,3929.8472335967194,37,3929.8472318755394,-2701.007647405731
24,0.0,3921.715352646633,37,3921.7153500287686,-2679.8951217311424
24,0.0,3781.9711764720264,37,3781.9711694085086,-2616.1932664631395
24,0.0,3780.6636698603534,37,3780.663662769357,-2613.4208635557493
24,0.0,3761.535799697864,37,3761.535793070527,-2555.2329902397587
24,0.0,3751.4157509013057,93,3751.415743757298,-2516.1278097917952
24,0.0,3738.7376196849077,93,3738.737613354295,-2466.8525623022597
24,0.0,3724.416307911434,36,3724.416301547571,-2417.64687369861
24,0.0,3512.1375932129804,36,3512.1375931156567,-2394.9244958313748
24,0.0,3468.1939510598727,36,3468.1939515028134,-2355.2124403003454
24,0.0,3442.868972531716,36,3442.868973013891,-2321.177819995248
24,0.0,3383.136035765752,36,3383.136036729749,-2286.4424958347126
24,0.0,3332.438334192914,29,3332.438335111112,-2252.4625837527474
24,0.0,3269.4631892400926,29,3269.46318958227,-2238.1243531223363
24,0.0,3258.874955745089,29,3258.874956105065,-2220.050169651452
24,0.0,3203.267734233097,13,3203.2677349048377,-2149.8197190724236
24,0.0,3179.643400390242,13,3179.6434008572137,-2137.575232794708
24,0.0,3163.763882838274,13,3163.7638829011853,-2113.281915497141
24,0.0,3063.1399964995126,13,3063.1399965068513,-2087.9137286798837
24,0.0,3049.050076118751,13,3049.050075712375,-2055.4635569194643
24,0.0,2955.9230031603956,177,2955.923003024304,-2003.6143712983173
24,0.0,2950.285503282128,177,2950.2855029968923,-1994.6277863509715
24,0.0,2935.116084040642,177,2935.116084235196,-1947.5999422762645
24,0.0,2851.61158352434,177,2851.6115836053264,-1897.9610988138102
24,0.0,2848.1287321764607,177,2848.128732167364,-1895.2082835528975
24,0.0,2820.490148448338,138,2820.490148472576,-1853.5567667944053
24,0.0,2797.2402840848226,138,2797.2402839640213,-1810.6665150108222
24,0.0,2686.472467142397,138,2686.472467210071,-1766.2189391287084
24,0.0,2686.195925229227,232,2686.195924956178,-1765.9967308589366
24,50.0,2531.3625937084726,232,2581.3623407997516,-1722.205327705178
24,7.452646853917917,2552.070974449353,232,2559.5166121652455,-1706.9443085687867
24,50.0,2410.8786893763745,232,2460.877647468477,-1725.998827661111
24,50.0,2390.792910119222,232,2440.7917355781833,-1698.5906489343297
24,50.0,2365.538233017092,232,2415.5368944695188,-1655.4962719687028
24,50.0,2336.204246175595,232,2386.2027229922355,-1611.225426633771
24,50.0,2312.1646165933407,260,2362.162947035066,-1570.138286038724
24,50.0,2239.2787956983757,260,2289.276726496098,-1518.3679123000843
24,0.0,2237.5478771964986,260,2237.547877010532,-1493.047454775327
24,0.0,2183.760576050303,260,2183.7605756442117,-1468.4601066994524
24,0.0,2203.797027035599,56,2203.797026681888,-1432.1515998060086
24,0.0,2167.477421724414,56,2167.477421338391,-1396.6360113234907
24,0.0,2076.1303794093155,56,2076.1303788228397,-1348.512549566682
24,0.0,2061.6851135138677,56,2061.6851128623357,-1330.2947043000884
24,0.0,2044.2859475350922,56,2044.2859467076496,-1293.40524616607
24,50.0,1944.8833797094835,56,1994.8807953348814,-1265.826072384994
24,50.0,1850.4804905178776,56,1900.4782081959897,-1234.2755604732672
24,0.0,1850.6282068043295,56,1850.6282054045987,-1207.6864043665944
24,0.0,1835.038150444066,56,1835.038148801716,-1198.2064885966856
24,0.0,1798.4841170189798,56,1798.484115286178,-1134.6186706888598
24,0.0,1773.8608247370491,56,1773.8608231918843,-1077.1021645073351
24,50.0,1625.39808624006,56,1675.3972766634076,-1049.8353190022926
24,50.0,1608.624338707069,56,1658.6236624724854,-1047.180180553845
24,0.0,1613.1895479691143,56,1613.1895484764163,-1013.5254071150633
24,0.0,1572.2908404121652,56,1572.2908420527056,-978.6698875854545
24,0.0,1516.4072824756531,56,1516.4072856640184,-929.012679078713
24,0.0,1480.3786407097216,56,1480.378644774041,-901.8995071280729
24,0.0,1395.4556168159443,56,1395.455622003575,-864.8501975572161
24,0.0,1364.3230230062434,93,1364.3230280207135,-823.493611294131
24,0.0,1328.639949282632,93,1328.639952282038,-737.8711185551128
24,50.0,1188.1483753023383,93,1238.1485473169328,-717.8507442099283
24,0.0,1192.5229128400392,93,1192.522900110485,-692.5443350423993
24,50.0,1063.1426012624422,18,1113.1403364029227,-681.6042248981873
24,50.0,1021.9778296399135,18,1071.974305931946,-654.1679193306004
24,0.0,1047.3342911305597,18,1047.3342565882772,-638.8707819939707
24,50.0,927.5749404483074,18,977.5676629433656,-602.9076347823602
24,50.0,887.4933712446873,282,937.4841612532268,-550.9667559540806
24,50.0,830.2953395172891,282,880.2830771417316,-521.6439584421969
24,50.0,773.0188863431539,282,823.0032960306348,-456.60995163960206
24,50.0,705.4051525354135,282,755.3854321797764,-331.4153685297472
24,50.0,631.3299775923256,282,681.3057315492388,-268.87253442080464
24,0.0,673.5610585057714,307,673.5613314323318,-188.35310071658046
24,0.0,561.1739483627574,307,561.1742218678537,-254.42300434116805
24,0.0,525.6192332913404,307,525.619441539051,-193.25868661894265
24,0.0,437.6110747176918,307,437.6109443354908,-96.49340248570411
24,0.0,387.4648974308779,307,387.4644830601842,-107.05926713296435
24,5.744441252886978,264.9075434648573,319,270.6595916532201,-19.712954511202497
24,25.9636587612052,193.6951723696656,319,219.6757451158569,148.0830366499365
24,13.54407835790436,133.90785143692796,319,147.45980520415742,209.14786770988871
24,40.955889211882145,0.0,319,40.95056317384069,93.86295762565896
24,0.0,0.0,319,0.00963559799720315,-24.662454009230714
25,0.0,4909.148576090545,9,4909.14810510791,-3455.279633795106
25,0.0,4891.807810661904,9,4891.807759029382,-3400.7412791520883
25,0.0,4823.9490817181295,9,4823.949887156501,-3342.7305730153917
25,0.0,4804.1085697829985,9,4804.109448287581,-3287.510700226396
25,0.0,4652.828206792692,9,4652.828571555574,-3244.1072765192084
25,0.0,4637.97816623678,15,4637.978457443678,-3193.9460692972816
25,0.0,4453.971587796945,15,4453.971457235537,-3178.9445428829636
25,0.0,4410.16969329306,15,4410.169576438027,-3137.8097363185025
25,0.0,4378.362046898876,15,4378.361950837616,-3077.8340803842784
25,0.0,4336.897344895081,15,4336.89728161673,-3005.5096955092126
25,0.0,4334.547143256667,15,4334.547081317265,-2993.2145931718237
25,0.0,4164.460496377359,15,4164.460516035238,-2916.2445212353773
25,0.0,4164.224761100116,15,4164.2247812262885,-2915.39124632319
25,0.0,4087.071544181322,15,4087.0715628287244,-2865.8083569384717
25,0.0,4028.2032127962993,68,4028.203225215011,-2827.0550304299163
25,0.0,4020.82070400953,68,4020.820714604477,-2774.9131219824308
25,0.0,3935.269452968389,4,3935.2694532109317,-2711.6990244066656
25,0.0,3927.793138537034,4,3927.793137970006,-2696.2208642134447
25,0.0,3798.1867058565113,4,3798.1866990798376,-2636.350400837242
25,0.0,3780.680604085008,4,3780.680596610832,-2613.4680049379776
25,0.0,3767.728469753673,4,3767.7284625474085,-2577.2047105252173
25,0.0,3752.8088315708214,8,3752.8088239524595,-2521.650110458053
25,0.0,3739.310924343273,8,3739.310917362256,-2468.8549986175913
25,0.0,3726.8660909790324,8,3726.8660844148926,-2424.909742010785
25,0.0,3540.543439883153,22,3540.5434384673554,-2404.725259777525
25,0.0,3500.033046260347,22,3500.0330455750495,-2389.5566533231495
25,0.0,3450.024719449172,22,3450.024719948982,-2329.7896524343337
25,0.0,3406.88994155613,22,3406.889942408996,-2296.2421075710868
25,0.0,3351.277943151249,91,3351.2779434791773,-2264.8832172604375
25,0.0,3274.210372659107,91,3274.21037352034,-2243.293429858282
25,0.0,3267.390300421386,91,3267.390301008196,-2235.2668485631766
25,0.0,3247.7102178324235,91,3247.7102186387956,-2194.8912232599455
25,0.0,3177.87034246239,91,3177.870342780379,-2135.4247377250167
25,0.0,3166.1950978586956,68,3166.1950979405074,-2117.589653401255
25,0.0,3062.7227717602814,68,3062.7227714477344,-2087.4436685500873
25,0.0,3049.7358303948276,68,3049.7358304047375,-2057.754598169792
25,0.0,3033.45687641339,68,3033.4568762604185,-1992.7325158145118
25,0.0,2955.601336667616,68,2955.6013366977068,-2003.2794870855519
25,0.0,2939.187573373135,68,2939.1875732095323,-1961.9370754172523
25,0.0,2914.4165301043586,68,2914.4165299226124,-1891.4109757311567
25,0.0,2850.2954050714325,68,2850.2954051345127,-1897.0093943826519
25,0.0,2826.9538889601886,121,2826.953888916236,-1865.543900185701
25,0.0,2796.800777918245,121,2796.8007776347345,-1809.9543780112438
25,0.0,2723.416863457605,121,2723.4168637652065,-1777.7662998604046
25,0.0,2685.3164091478093,121,2685.316409618616,-1765.019475108764
25,0.0,2649.0738209775955,121,2649.0738205273783,-1721.4614301464942
25,0.0,2571.738770774426,121,2571.738771151274,-1698.4715304995423
25,14.90026978878679,2480.019558199518,158,2494.9169731596826,-1689.8766366046943
25,16.438894187349582,2396.6359542580376,158,2413.0800721743653,-1689.8766551732374
25,18.026575867788456,2315.036289962169,158,2333.077044017115,-1689.8766598852994
25,17.623426161594445,2241.0444022944794,158,2258.689277226462,-1689.8766587173966
25,18.202951018441528,2164.9222090241965,158,2183.1548886491755,-1689.876659640126
25,18.20418901194519,2089.8259291267195,158,2108.0673845752067,-1689.8766593804003
25,20.61254597884362,2020.3019502335248,163,2040.961893124704,-1689.876660487133
25,21.601300548708956,1949.874687414704,163,1971.5317625056323,-1689.8766598803663
25,22.573189994497934,1880.6486979573403,163,1903.2856863304917,-1689.8766583160918
25,23.24969579783794,1815.6058909665362,200,1838.9263913871214,-1689.8766556524845
25,28.17622819694263,1742.7105852662662,200,1770.9654751790786,-1689.8764116385153
25,28.64711603901896,1679.4979548394456,200,1708.2289250461583,-1689.8764221114084
25,25.5047055154334,1623.1594367466514,200,1648.7533496962642,-1689.8766186162795
25,26.21724303300018,1562.3502448019783,200,1588.661405397349,-1689.8765822460382
25,36.18206053512874,1493.15049188686,215,1529.4119231149475,-1689.873628351004
25,10.800312110562011,1462.6815312901829,215,1473.5394029403876,-1689.8403156357112
25,15.031992645799086,1402.5042399825481,215,1417.6153304952525,-1689.8759009120736
25,19.017071141412334,1345.8337925049068,215,1364.9461688590927,-1689.875832029986
25,23.45740125642962,1282.689366405528,215,1306.2532362351278,-1689.873400569279
25,27.475858610963478,1225.5442495146226,215,1253.1290382739494,-1689.8731143909392
25,30.574919439441395,1181.473558283923,215,1212.1539005109669,-1689.8698431985695
25,34.66922560218421,1123.2498212587898,215,1158.0125223634125,-1689.853943012539
25,26.527324305515442,1078.500563997599,148,1105.137178968044,-1689.8513092165738
25,27.00793329904202,1024.4296498098765,148,1051.545487255767,-1689.8348807616355
25,27.464656363719985,973.046022016007,148,1000.6165099674627,-1689.8105614087135
25,27.822088937949374,932.8330707201104,148,960.7588500089437,-1689.7822034127269
25,28.22645260063136,887.3401373792739,148,915.6673116886213,-1689.7336038971096
25,28.699879994676706,834.0771890317883,148,862.8735884039804,-1689.6351069628988
25,29.06687964601924,792.7878937377985,148,821.9475111234881,-1689.4978937252995
25,35.28616019401427,735.515695701824,210,770.8722782143429,-1687.575915135521
25,39.22921305587296,694.2692369556485,163,733.5467335799176,-1689.3282765191036
25,39.696342640487124,660.99641169776,163,700.7354073797492,-1689.3426332843444
25,40.30657907992591,617.5303348655386,163,657.872062105801,-1689.3851140375812
25,40.25092472965375,582.3225852124972,177,622.6054271336566,-1689.1985578719932
25,41.181171322376976,515.8365784465032,177,557.0381342160435,-1689.3223236951019
25,41.955533974284144,460.49181189023227,177,502.4584511457747,-1689.2883324093464
25,38.160978857316394,460.4509153840716,210,498.6407419327156,-1679.7986895382867
25,41.98801976620937,386.540064527623,210,428.53242760136936,-1689.0099365722554
25,39.20674504652604,360.3912313522891,210,399.6118952334273,-1681.1032603624442
25,41.39741094899148,293.866337627743,210,335.2632780374829,-1688.2379204885106
25,40.25590756170461,260.0065843346808,210,300.2637709601054,-1684.508370664561
25,42.00445266405716,210.83576343691612,210,252.83285572436625,-1688.0926680238576
25,41.20375769311532,169.31558128158198,210,210.51273539635486,-1686.950010397503
25,41.64683957275332,126.92117865675239,210,168.559331327388,-1687.4852806185006
25,42.00676663110553,92.4830909610418,210,134.48039396460535,-1687.5575215129847
25,42.00739341383813,45.749791842720434,265,87.7487468251561,-1687.4436559307921
25,41.991298471748486,0.0,265,41.98510542439362,-1687.4050973169606
25,39.874548656416344,0.0,265,39.86991850041568,-1674.9946847720316
25,36.47421572927805,0.0,265,36.47241507393619,-1211.2335718831523
25,35.12370257390343,0.0,265,35.12283913590909,-405.88943132167856
26,0.0,4914.410132571737,5,4914.40949769207,-3466.0602920282718
26,0.0,4894.782848783739,5,4894.7827131298545,-3410.2593084994824
26,0.0,4836.305214530696,5,4836.305932846947,-3364.9522384706247
26,0.0,4804.340653030256,5,4804.341532906236,-3288.1967534615214
26,0.0,4655.30623650155,5,4655.306643879742,-3250.549968048659
26,0.0,4637.919844713466,5,4637.920164653985,-3193.7175463958724
26,0.0,4538.6308136932075,5,4538.630773826446,-3148.3279092647326
26,0.0,4409.8360244747055,16,4409.835902387724,-3135.9716487264577
26,0.0,4378.356741456139,16,4378.356637089369,-3077.809591139154
26,0.0,4337.293567798034,16,4337.29349385654,-3007.5519694262753
26,0.0,4330.142631532051,16,4330.142563007307,-2965.365314338783
26,0.0,4263.145132542878,8,4263.145110721365,-2913.896337916357
26,0.0,4221.62577240466,8,4221.62577109688,-2871.773730103242
26,0.0,4087.383265130685,8,4087.3832832176136,-2867.4005516828374
26,0.0,4092.6026676790166,8,4092.6026856956764,-2818.751853236733
26,0.0,4036.822582830475,66,4036.8225961476646,-2777.26898654715
26,0.0,3986.1874548898486,66,3986.187461931825,-2692.0362263660168
26,0.0,3985.02698301313,66,3985.0269907483653,-2689.823239804636
26,0.0,3910.354029169019,66,3910.3540287432197,-2654.4608385487927
26,0.0,3780.7811669466814,66,3780.7811597177906,-2613.584802137215
26,0.0,3767.8814427017555,12,3767.8814354603846,-2577.3833347736368
26,0.0,3754.4802219380326,12,3754.4802155736506,-2528.100187619298
26,0.0,3742.7407615928,12,3742.7407549422587,-2482.237677229055
26,0.0,3727.430879703955,13,3727.430873092217,-2427.5233193802237
26,50.0,4104.502698962026,13,4154.500027483315,-2248.272049849982
26,0.0,3526.6925685493716,13,3526.692567161309,-2399.33111979339
26,0.0,3478.9551574473985,70,3478.955156717695,-2369.846533079427
26,0.0,3449.7217807356524,70,3449.72178015611,-2329.4009767409752
26,0.0,3397.5604064502572,70,3397.5604074344174,-2292.6661604186343
26,0.0,3348.5646287399186,16,3348.564629570185,-2262.8345358537163
26,0.0,3268.2847020812287,16,3268.2847027451576,-2236.544168949027
26,0.0,3241.078349051907,16,3241.078349355747,-2180.048099649983
26,0.0,3178.2580393338917,16,3178.2580395928944,-2135.912135270991
26,0.0,3170.3016495384422,16,3170.301649959247,-2124.4830116498883
26,0.0,3063.2148565321068,16,3063.214856839444,-2087.997362247851
26,0.1347340219853388,3056.8283213529644,128,3056.9625818306945,-2071.9127145664797
26,0.30347693564798384,3044.216716256602,128,3044.519141905601,-2021.812534457174
26,0.0,2956.995995786272,70,2956.995995020341,-2004.5678579058324
26,0.0,2941.3927479406893,70,2941.3927487454575,-1969.4640677586174
26,0.0,2918.4287723196117,70,2918.4287724320134,-1898.4933337154735
26,0.0,2850.628528398158,55,2850.628528282337,-1897.2582352621607
26,0.0,2821.0095954163744,55,2821.009595300898,-1854.5397320390866
26,0.0,2807.883309617251,55,2807.883309490293,-1829.4057204257429
26,0.0,2715.1880264697897,70,2715.188026172703,-1777.8983974228295
26,0.0,2691.591594529981,70,2691.59159493159,-1769.8042081011915
26,0.0,2649.742815235671,70,2649.742814825486,-1722.3821389984118
26,0.0,2562.0481306966685,70,2562.048130461089,-1703.8091034176364
26,0.0,2553.9179062120465,70,2553.9179060408856,-1702.0867991981977
26,42.41884365219363,2449.8691128890837,158,2492.2921777602455,-1632.8615741572423
26,41.57173029472593,2369.888664067761,158,2411.4686903592537,-1632.9817158735084
26,11.827777487252328,2322.59247184457,118,2334.4261570800613,-1632.6919409241957
26,12.780678979530224,2246.9878267880044,118,2259.780179118004,-1632.6929707295867
26,13.77291314339289,2168.2624681021803,118,2182.0536093855867,-1632.693446675531
26,14.66949124949517,2097.1266056581926,118,2111.820627895696,-1632.6936202382597
26,31.7636839381635,2007.2118034191042,175,2039.016852212616,-1632.7008897417375
26,31.95945978406077,1936.976550648656,175,1968.9828859376626,-1632.6985261616871
26,32.14945330184417,1868.8157278203587,175,1901.0170801607408,-1632.6967835483395
26,32.644474897950246,1798.598948316571,175,1831.29973682006,-1632.6959493177364
26,32.49792026388831,1743.8020160973972,175,1776.360093136671,-1632.6948541387053
26,12.962136210042955,1694.209291196042,151,1707.2171110394697,-1632.6918700189378
26,13.801336857685909,1638.745414429493,151,1652.5975850782331,-1632.693005414614
26,14.749667723855342,1576.0689777002474,151,1590.875168978788,-1632.6934414166058
26,15.650009503255937,1516.5642029593016,151,1532.2758999639327,-1632.6935372612534
26,24.58150663094095,1439.5492504398176,162,1464.2110541963182,-1632.6933288497323
26,25.280845545808422,1389.4081238688977,162,1414.7711904624098,-1632.6930324198854
26,26.043365740415503,1334.737032674264,162,1360.8640840851808,-1632.6925123119806
26,26.76051509948011,1283.3189347840198,162,1310.163866696895,-1632.6917425654026
26,27.611804245457055,1222.283296827323,162,1249.979530728137,-1632.6902152925552
26,25.312101269289826,1175.1077430067,128,1200.504693039491,-1632.6836204534998
26,25.964795437553207,1126.3263102332123,128,1152.3754203497936,-1632.6777342213427
26,26.68075724419697,1072.8163442531206,128,1099.5800983218192,-1632.6684932009355
26,27.420416474533166,1017.5352665687019,128,1045.0365008471188,-1632.654472219552
26,28.027299310543054,972.1777075376953,128,1000.2834176952485,-1632.6365533010014
26,21.705118206528358,917.3392767107549,169,939.1210322751551,-1632.4383988819495
26,28.175056491846345,868.3023897877738,169,896.5499222419962,-1632.522298868528
26,21.675358714208116,841.0488072403926,169,862.7968694934673,-1632.0635925597585
26,21.647831721256892,770.4815007568872,169,792.1975539233501,-1631.2607005087634
26,21.636232619731125,740.7464202214844,169,762.4487529827243,-1630.6772065458304
26,18.79458506930383,698.2922962412796,214,717.14796921886,-1631.6168706207263
26,20.158177766414305,647.2253593434644,214,667.4416961396591,-1629.3786172230484
26,29.039299292004173,598.8945331628826,221,627.9821480379569,-1630.3262869425253
26,29.67783695272021,545.0518761695386,221,574.7714534204338,-1627.9538966809391
26,28.725624394574865,498.858713860177,224,527.6227010082166,-1627.346965942573
26,29.222546590928246,449.537743397354,224,478.79266039003005,-1624.038722981867
26,18.19795831216201,418.7137252717286,224,436.9479646679588,-1622.6185736489706
26,29.702520486542028,401.8989409807703,224,431.6280998356742,-1617.059709052459
26,30.132173449303046,359.2546372223389,224,389.40846724974017,-1604.3152928233196
26,17.927712194379968,303.6015943805177,250,321.5540572567911,-1612.4143266737108
26,17.879850254297054,277.1489285509246,250,295.0509139209844,-1609.323796965605
26,17.881184591684466,231.9608310144927,250,249.8597842786089,-1603.6271408731984
26,17.8827707359251,171.93512428906922,250,189.83017328581673,-1595.883414440216
26,18.32088236629774,128.08863430373992,250,146.4180897441056,-1586.2191218220019
26,17.884933335813518,74.10681731680158,258,91.99639796793554,-1585.8281223721788
26,17.928310869924488,69.5535586926088,258,87.48621350902022,-1585.466165417957
26,17.88543149842353,0.0,272,17.885986820056587,-1583.1210673561266
26,7.295797578172017,0.0,272,7.2940434948864095,-1559.000836339347
26,24.79578965988242,0.0,272,24.7956985527303,-622.365169959693
27,0.0,4911.536181531768,3,4911.535595047606,-3460.7525080153177
27,0.0,4894.424504338892,3,4894.424342099648,-3409.038471747365
27,0.0,4824.146691575324,3,4824.14747950464,-3343.181172787429
27,0.0,4803.954105399875,3,4803.954985665892,-3287.0526304319847
27,0.0,4651.656041189353,3,4651.656486030257,-3240.417006692672
27,0.0,4635.5842303795125,3,4635.5845956075045,-3184.1277184880664
27,0.0,4451.563128371929,9,4451.563009556515,-3174.4376765377447
27,0.0,4448.29764927395,9,4448.297529245263,-3140.405032636502
27,0.0,4378.613313167336,9,4378.613204249572,-3079.4738397040755
27,0.0,4337.849517474457,9,4337.849433685357,-3011.098756409635
27,0.0,4334.492717474472,9,4334.492635441955,-2993.9221269689724
27,0.0,4259.571194950832,7,4259.57116380427,-2906.398820798572
27,0.0,4211.887390151925,7,4211.887383840357,-2867.318802165658
27,0.0,4087.628320806418,62,4087.6283391588486,-2868.32946057318
27,0.0,4063.9809240080153,62,4063.9809417526426,-2798.1143117176493
27,0.0,4037.196134727845,62,4037.1961512695652,-2778.2437885038103
27,0.0,3987.520577576592,62,3987.520589038887,-2694.373579361477
27,0.0,3912.215142553992,62,3912.2151457655614,-2657.6429650150094
27,0.0,3795.0995267276367,62,3795.0995218356484,-2634.8073123622044
27,0.0,3780.571180627091,62,3780.571175119965,-2613.125174636008
27,0.0,3767.685951564378,19,3767.6859458400127,-2576.760548208419
27,0.0,3752.0544114271283,19,3752.0544052062232,-2518.6143833295932
27,0.0,3742.4101441059156,19,3742.4101374158595,-2480.9108148129544
27,0.0,3732.081495685007,19,3732.0814890480697,-2442.9245131657126
27,0.0,3538.24237511295,19,3538.242372597256,-2403.7368428436735
27,0.0,3483.116063599589,6,3483.1160623758105,-2374.860656033402
27,0.0,3451.7295681226406,6,3451.729567810748,-2332.0137094664374
27,0.0,3421.158785472508,7,3421.1587861073904,-2302.9861156974275
27,0.0,3349.171836349358,7,3349.1718375228393,-2263.2710131975523
27,0.0,3280.0174214034296,7,3280.017423250109,-2247.1447341723274
27,0.0,3268.279743201408,7,3268.2797449563154,-2236.537134019234
27,0.0,3248.8922180120235,7,3248.8922198073847,-2197.6341963746336
27,0.0,3178.7363860389014,102,3178.7363874831326,-2136.503111340581
27,0.0,3167.7877817026497,102,3167.7877833872367,-2120.329087180752
27,0.0,3062.0836387587465,102,3062.0836402263167,-2086.661944005219
27,0.0,3048.1060938291125,102,3048.106095296484,-2052.1831341866955
27,0.0,3041.9454506859297,102,3041.945452395682,-2028.5732129276855
27,0.0,2954.9040669997644,102,2954.9040687099746,-2002.4777081146099
27,0.0,2941.7201827474983,19,2941.7201837959205,-1970.5546241858497
27,0.0,2920.8332294724055,19,2920.8332308657054,-1903.7510115409875
27,0.0,2845.8023660608073,19,2845.8023683665424,-1892.9802205619094
27,0.0,2814.8091206228314,19,2814.8091221647064,-1842.6373538557264
27,0.0,2805.0459075428003,19,2805.045908408916,-1824.1667902562608
27,0.0,2720.4666964785783,19,2720.466698071751,-1777.8793482129374
27,0.0,2682.8433360577687,59,2682.8433380312017,-1762.8605203594395
27,0.0,2646.6233384439884,59,2646.6233407802415,-1718.1275044336508
27,0.0,2556.818356128332,59,2556.8183575580197,-1703.6176576259386
27,0.0,2548.100039774993,59,2548.10004153936,-1695.261732721313
27,37.49559612958044,2455.916114167404,147,2493.4130608402,-1632.7342349539808
27,37.029339607968446,2406.1872830228926,147,2443.2188770307066,-1610.7396530499263
27,37.078008674693386,2348.988101790651,147,2386.0700286051883,-1589.7381257495927
27,37.12134902017991,2298.051594416011,147,2335.17818383449,-1572.8775953464938
27,36.92073796051521,2251.9522566005508,157,2288.879035710753,-1559.876479310189
27,36.998128019275924,2186.4691855713036,157,2223.4747424011775,-1548.7430824245666
27,37.08544728880965,2112.5845804855503,157,2149.6787908790448,-1541.452532064865
27,40.54099593936256,2025.0840573798123,126,2065.637112892528,-1535.4985842139815
27,40.04695988446483,1962.3573437312473,126,2002.4169417878413,-1535.1779640408422
27,39.4587963765235,1887.679466326512,126,1927.1514376614778,-1534.8547098260133
27,38.984215706090104,1827.4229617206224,126,1866.420664047225,-1534.6719113862025
27,36.43254219589172,1761.858473839597,162,1798.3027595226317,-1534.542837448058
27,36.5548407463676,1701.0323719672601,162,1737.599514125919,-1534.4728333870316
27,33.951983069511115,1636.5785930341854,162,1670.5394978557285,-1534.335225982829
27,36.80853730497053,1574.854484672629,162,1611.6763901289876,-1534.408710822985
27,36.945002237765564,1506.98262624182,162,1543.9415300334713,-1534.386281058435
27,35.97048475859564,1457.7373389528511,181,1493.720645296769,-1534.3213394119334
27,36.189163559761845,1396.3438744726232,181,1432.5464136757435,-1534.2818500231187
27,36.3795393423509,1342.8964036435077,181,1379.28976737615,-1534.235010948638
27,36.571414029677854,1289.028119483176,181,1325.6137658399396,-1534.1660066312472
27,36.534537338260115,1220.5028330770192,187,1257.051634987579,-1533.9872846179082
27,36.67059431189899,1188.5627497110565,187,1225.2478018847432,-1533.8870626930716
27,36.6769546081531,1112.5772442772272,206,1149.2685374702771,-1533.4692187194769
27,7.339192957571242,1113.1664635549291,206,1120.5067690891792,-1532.0420526484318
27,8.057498990473686,1064.0556253871941,206,1072.114730125806,-1533.2910248646047
27,9.270102189854214,981.1495146786089,206,990.4220783599833,-1534.011120521221
27,6.424430325443675,936.2300292545839,207,942.6578227598454,-1526.7554249901946
27,7.23373090846651,896.9542914607887,207,904.1918986540454,-1530.9478720235975
27,8.524388566282148,834.3180685130898,207,842.8470397030442,-1533.1379275247764
27,9.517485153508689,786.1226242220011,207,795.6450844069886,-1533.1871739066214
27,7.82629629487732,742.7751281415136,213,750.6069228958918,-1531.1693674192836
27,9.094300641780336,694.6002726927933,213,703.7004276061725,-1531.7788264508406
27,8.119781985717406,638.0322597813472,219,646.1582008302944,-1529.4701144875987
27,8.699709753788092,594.2331671987203,219,602.9391554924932,-1528.449807315243
27,1.3136788245840956,867.388260563533,219,868.7031304388463,-800.1658563534456
27,8.486871326907758,502.8884393563747,236,511.3814031054894,-1522.4330756354748
27,8.356423674112417,454.43782147789955,236,462.79999623177673,-1517.5582603968637
27,8.190640155773016,409.8607410679117,236,418.056665432292,-1511.8649640085287
27,8.249671590159986,406.79595172412706,236,415.0508737089335,-1511.3994781625267
27,8.080303625444563,357.60743686577183,255,365.6923081841164,-1503.6660481262368
27,8.15392676361293,318.2596629690566,255,326.41752024660445,-1496.231098166579
27,7.918109985936245,249.92442699054442,255,257.8451873025374,-1483.3680146374406
27,8.045374600176814,227.37092194147385,255,235.41851867523064,-1477.990479225266
27,7.738495345868475,171.65813805644345,259,179.39777903652748,-1469.934282223508
27,7.887934983162712,140.40337804142416,259,148.29194100794666,-1464.5653128675763
27,8.187414007305575,77.76842255978111,259,85.95570429715053,-1447.3423099116596
27,28.667349692393447,0.0,266,28.66706336901825,-1479.3299106810168
27,7.443905073535922,0.0,266,7.443640239986053,-1466.0564367895017
27,4.07856876216269,0.0,266,4.078332177453831,-890.1037007023158
28,0.0,4911.0633287913715,4,4911.062721857322,-3459.76980004775
28,0.0,4894.659014703577,4,4894.658812312677,-3409.906753965488
28,0.0,4825.530678742437,4,4825.531444397022,-3346.3629611588676
28,0.0,4806.4381832272,4,4806.439052284685,-3294.4130614405267
28,0.0,4652.045718094192,4,4652.046215593489,-3241.5071402602894
28,0.0,4637.240894536485,30,4637.241318125747,-3190.7594063000397
28,0.0,4451.242027595473,30,4451.241913842725,-3172.2870490116557
28,0.0,4448.870496158895,30,4448.87038049233,-3148.183969856023
28,0.0,4378.28529449196,30,4378.285174882715,-3078.046864026961
28,0.0,4337.482914016171,30,4337.482813851708,-3009.596088466133
28,0.0,4335.256394615424,30,4335.256296209232,-2998.411852500131
28,0.0,4263.571271117665,30,4263.571220193591,-2914.839350899945
28,0.0,4210.660222959135,30,4210.660203661875,-2865.5796057666375
28,0.0,4087.569434759257,30,4087.569451286591,-2868.1363694494003
28,0.0,4062.9682300950353,30,4062.9682484830214,-2798.649962174658
28,0.0,4036.807643074675,30,4036.8076620208108,-2777.2263139920105
28,0.0,3987.277703990205,30,3987.2777195119734,-2693.9674558131205
28,0.0,3914.8312531874217,30,3914.8312612070986,-2662.1292385899806
28,0.0,3800.779467323923,20,3800.7794654838935,-2638.045212075557
28,0.0,3780.6833746545926,20,3780.683371011928,-2613.3621414536424
28,0.0,3770.862089601339,10,3770.8620857401665,-2586.9753951749967
28,0.0,3757.0002324906045,10,3757.0002285622577,-2537.8373596760102
28,0.0,3742.8528917392678,10,3742.8528869853426,-2482.7316855757604
28,0.0,3733.037776298946,90,3733.037770982732,-2446.650269405709
28,0.0,3545.495290879972,90,3545.4952868023743,-2406.9193660294113
28,0.0,3481.6457068799473,90,3481.6457054504212,-2373.124089300003
28,0.0,3454.7559543589505,90,3454.7559528426714,-2336.07858073455
28,0.0,3409.3304103938626,90,3409.3304107082295,-2297.2486904711286
28,0.0,3352.7092703015487,90,3352.709272075927,-2265.974006508462
28,0.0,3274.539733744592,20,3274.539735838003,-2243.5813681425466
28,0.0,3267.368261791072,20,3267.3682635290006,-2235.2346837691057
28,0.0,3248.918244793074,20,3248.9182473797446,-2197.6987516604545
28,0.0,3181.795031121873,98,3181.7950326233745,-2139.9661079171105
28,0.0,3172.079648437424,98,3172.079650969728,-2127.2790695569465
28,0.0,3062.7088949709873,98,3062.708897191452,-2087.427147912357
28,0.0,3049.3905920660536,98,3049.3905932471257,-2056.6059080825166
28,0.0,3040.5625017455923,98,3040.562503673884,-2022.8755388194102
28,0.0,2955.7393358715512,98,2955.739337722489,-2003.4258607120348
28,0.1694587361376121,2939.62309290539,134,2939.7920447855277,-1960.1630017826458
28,0.5006844596350507,2913.103366334573,134,2913.6025761309897,-1900.0185656162957
28,0.0,2842.9977715655937,92,2842.9977734899485,-1889.9133573976455
28,0.0,2812.162693631506,92,2812.1626953061655,-1837.522134367024
28,0.0,2800.778138882625,92,2800.778140604433,-1816.5754993942994
28,0.0,2715.436384224761,92,2715.4363859896825,-1777.9428217093498
28,0.0,2692.5422515358505,92,2692.5422528276144,-1770.419692921516
28,9.552230688549,2600.3177731710844,154,2609.8502696916075,-1746.3983741222564
28,10.736042135595158,2487.59357171088,154,2498.310372780375,-1746.4035779196192
28,11.617087835087823,2403.6991532432526,154,2415.2975741144483,-1746.4068595507558
28,18.082708387386187,2317.1944581011426,144,2335.256634735458,-1746.410321229122
28,7.972312775404182,2252.2855551689017,144,2260.2459924030913,-1746.0344889988444
28,8.942783805043383,2175.831361860702,144,2184.762080315636,-1746.2613336952697
28,9.885944672549781,2101.528676790472,144,2111.4025260352405,-1746.3416095798739
28,14.817096170796281,2023.8597062592467,144,2038.661959924761,-1746.4031479210046
28,11.630902482289484,1964.0600274170952,144,1975.6790892780905,-1746.34320894618
28,12.512448520785593,1894.6113894064213,144,1907.1122427008431,-1746.308804272321
28,13.340924550470856,1829.3436332444312,144,1842.6732477552573,-1746.2693370004124
28,14.177139488740275,1763.4662019918746,144,1777.632368231899,-1746.2367056493513
28,11.51424765452838,1703.1060834594305,190,1714.6119285561228,-1745.1018910051564
28,12.493549756730877,1639.2190743765784,190,1651.7043425354777,-1744.699214795453
28,13.356545629324593,1582.9195677923908,190,1596.267990384211,-1744.5864714133022
28,16.521092276564094,1520.320887810901,190,1536.8329490604756,-1746.180878457808
28,15.175407390856979,1464.2619670192191,190,1479.429727795481,-1745.1950610951442
28,16.074125717738937,1405.632024549678,190,1421.6988108611229,-1745.6238616848505
28,16.77823558689658,1359.6978092497923,190,1376.4689810802454,-1745.8821750401148
28,17.670494513258674,1301.4892605245861,190,1319.1530910424542,-1746.0638898056854
28,18.590962669298253,1241.4404182795638,190,1260.0251913297727,-1746.0686582995177
28,15.790102703921235,1200.4561721859018,206,1216.24161604381,-1743.1567989775572
28,17.056504997476722,1141.6193403747136,206,1158.671371986563,-1744.9059180193974
28,18.0946349666112,1093.388001326335,206,1111.478391830477,-1744.921441833164
28,19.200808833796327,1041.9953545278386,206,1061.1922429804001,-1744.2467800009629
28,20.147964864811247,997.9906489304417,206,1018.1350357323045,-1743.2668851820065
28,20.58386001221411,943.6833626047184,213,964.2641811855017,-1741.351876668649
28,19.809332614481495,909.1009863141902,213,928.9077282885207,-1738.5575952527806
28,20.644350414377126,863.7798324187547,213,884.4219245581396,-1736.3462806408922
28,21.47962393929539,818.4447988753556,213,839.9224933112928,-1733.4979814328708
28,35.40740030508427,775.9028394908303,232,811.3181987266694,-1736.4974516797074
28,35.835517185662354,730.6023913873939,232,766.4456522166734,-1735.3908532924615
28,36.04796382351746,677.4447824269475,243,713.4997406280584,-1731.6583753825657
28,35.784904643877184,631.0262593256944,243,666.8170383117574,-1728.1427610424962
28,36.25768065088332,588.8800850831468,243,625.1429928917337,-1721.4051111358115
28,35.88183778178921,538.2705856431901,250,574.1562445996137,-1714.5200326029762
28,35.94927495238058,534.1749265434537,250,570.1279541446074,-1713.6170579497075
28,36.12076766650094,480.3184170251527,263,516.4416432532935,-1699.3944226069748
28,36.734367708345886,451.1204262477793,263,487.85662318985123,-1686.8980981663854
28,36.55328347828692,416.43178987587396,274,452.985960261155,-1675.5869394843241
28,37.01413122866792,349.4490454210675,274,386.4623881592047,-1644.7119073567305
28,37.255015674581706,337.40998991267463,274,374.66390888925844,-1637.972958470274
28,37.90187883896372,305.0807064141601,274,342.98063272603076,-1606.15334115443
28,28.739756769628727,231.16984065933033,280,259.90642407950463,-1604.9923822003136
28,29.60680502303744,184.95044755548014,280,214.55395862415207,-1623.7910910941873
28,29.697096871466496,180.1372962456088,280,209.83109932046682,-1622.7404812197478
28,30.497079972480005,137.49291829222702,280,167.98684659651963,-1569.9711444196437
28,28.732001370168845,49.51417344170417,284,78.24434158444501,-1678.4966955392654
28,28.914781008548086,32.43781274030758,284,61.35118460654667,-1678.665072347309
28,28.65811746163359,0.0,298,28.657721484001286,-1684.1365241410685
28,25.78790060505095,0.0,298,25.787597751278554,-1254.141923747699
28,4.266044508099798,0.0,298,4.266006158485652,-855.0921568141312
29,22.325474513710226,4924.266488367921,2,4946.5903213617485,-3560.5663434198373
29,21.325829191157734,4898.672296971838,2,4919.995622080061,-3503.8762732898053
29,20.575270370850607,4879.4555351188355,2,4900.027581519752,-3447.3622480358918
29,18.880069163255136,4836.052836998581,2,4854.927936821248,-3382.454873976723
29,0.0,4817.5551552223815,2,4817.555964870588,-3327.0084219405126
29,11.857349445051174,4656.2482317713875,2,4668.094846548223,-3280.4619664851707
29,11.121601945862412,4637.410688206091,2,4648.5213317357875,-3230.941325647038
29,37.374341750526355,4561.238835683784,44,4598.59488352635,-3177.8713921622298
29,0.0,4451.766699060061,44,4451.766589890174,-3175.654445560722
29,0.0,4447.4524491757065,21,4447.452336525193,-3127.7514467406236
29,0.0,4378.475273314324,21,4378.4751460482075,-3078.9479112471536
29,0.0,4337.485696458753,21,4337.485586187049,-3009.608369568304
29,3.3607525621923475,4284.758957024992,17,4288.110661953333,-2947.519557317834
29,3.3439483113316606,4249.56628911508,17,4252.900672433175,-2896.9986620641057
29,3.2979993677217436,4153.336714427041,17,4156.624000893423,-2862.873359989281
29,0.0,4087.661613626812,48,4087.6616285199043,-2868.43014588973
29,0.0,4037.185230222132,48,4037.18524940235,-2778.2179090999884
29,0.0,4036.4703647212914,48,4036.4703836685017,-2776.1883038765404
29,0.0,3982.7514024979,48,3982.7514206334376,-2685.1081722642584
29,0.0,3913.6018341052954,48,3913.601846013085,-2660.0259064948323
29,0.0,3791.688705203328,48,3791.688704659693,-2631.5896565879216
29,0.0,3782.910108633769,48,3782.910107228946,-2618.0493468722716
29,0.0,3768.92762545422,48,3768.9276234314057,-2580.813645858382
29,0.0,3754.9645717145095,16,3754.9645685886953,-2529.971404939054
29,0.0,3743.3548523756062,16,3743.354848838375,-2484.6351092453156
29,0.0,3729.184775049362,98,3729.184770826856,-2433.4494624996905
29,0.0,3532.0635820809966,98,3532.063577991425,-2401.204825724577
29,0.0,3481.790999823088,98,3481.790997115126,-2373.3007843964374
29,0.0,3446.2833226936923,98,3446.283321080151,-2325.132980852345
29,0.0,3398.6264790691357,98,3398.626478531176,-2293.0795851288512
29,0.0,3344.1891407482303,98,3344.1891411114507,-2259.6757200165375
29,0.0,3269.5635541913657,98,3269.5635552954554,-2238.2536344050486
29,0.0,3268.991731510912,98,3268.99173282702,-2237.5064397643973
29,0.0,3244.242082616231,98,3244.2420843014716,-2186.9574753316297
29,0.0,3179.503646548146,98,3179.5036487705675,-2137.408410954851
29,0.0,3166.372885241121,98,3166.372887027824,-2117.8942276441917
29,0.0,3062.817231789753,149,3062.817233700535,-2087.5509378342713
29,0.0,3052.700766678954,16,3052.7007687459513,-2066.9605177187163
29,0.0,3035.90217565984,16,3035.9021773212917,-2003.1543426273229
29,0.0,2955.958174309015,16,2955.9581758893078,-2003.6486835556893
29,0.0,2939.7992851835784,16,2939.7992865634465,-1964.053144582031
29,0.0,2862.219371114086,16,2862.219372647718,-1901.865706078247
29,0.0,2848.5443588078742,98,2848.5443605390547,-1895.576121834477
29,0.0,2819.7214402959407,10,2819.721441519872,-1852.0860330544238
29,0.0,2795.6402146677424,10,2795.6402160018292,-1808.1141192986768
29,0.0,2692.5772176640235,10,2692.57721924855,-1770.487004252469
29,0.0,2688.1326045328447,73,2688.132606274672,-1767.365079498053
29,34.90007016127946,2562.134525564404,73,2597.0305194044804,-1712.3480579389325
29,8.214043784523408,2552.7904857451285,73,2560.9926607790862,-1710.253391239923
29,0.0,2544.2582338949223,73,2544.2582349721615,-1687.712371200755
29,50.0,2476.6084413779226,73,2526.6084730613215,-1637.6680023995316
29,0.0,2412.0555334686037,73,2412.055534104644,-1617.0446087589485
29,0.0,2403.6155373438855,67,2403.6155383261757,-1604.579039992165
29,0.0,2345.3400171144485,67,2345.34001792195,-1538.6398238332722
29,0.0,2332.5503400195257,67,2332.5503408612108,-1526.2955618394471
29,0.0,2236.211126306576,67,2236.211126722307,-1492.209805355522
29,0.0,2183.7104332448985,96,2183.7104330044895,-1468.4194564214104
29,0.0,2201.9603384003785,96,2201.960338740489,-1435.2556421863908
29,0.0,2167.083983315972,187,2167.0839835109427,-1393.8679142137155
29,0.0,2075.917078683941,187,2075.9170787268167,-1348.4000069813433
29,50.0,1978.3166698628222,187,2028.3153043517107,-1314.269501712288
29,50.0,1922.5269154847654,187,1972.525555432663,-1292.6992256802396
29,50.0,1866.5721231817654,240,1916.5708148929702,-1274.6997192465715
29,50.0,1859.3674923212513,240,1909.3661943467064,-1271.676510749445
29,50.0,1818.8628613476642,240,1868.861633090297,-1239.4230706743235
29,50.0,1781.7066398700279,240,1831.705495493156,-1187.4245102110401
29,50.0,1749.0739323690266,240,1799.0728751330466,-1140.1767812436665
29,50.0,1656.60248694582,240,1706.6017328384091,-1097.5470771117987
29,50.0,1609.3921265329552,240,1659.3915478502138,-1093.8637482668437
29,50.0,1581.5596483936881,240,1631.5591772089224,-1077.8646733150977
29,50.0,1539.1920569523559,186,1589.1917466720352,-1040.772144383057
29,50.0,1495.4730121313253,186,1545.4728620618944,-997.9130205638768
29,50.0,1456.5270406888287,186,1506.527020488261,-956.3440377884284
29,50.0,1398.229541824495,186,1448.2296812422226,-888.181981519923
29,0.0,1393.8360692380072,186,1393.836077481758,-864.2861938001452
29,0.0,1346.4439386196302,149,1346.443945329688,-778.4997001700889
29,0.0,1330.7273387909806,149,1330.727344582809,-741.1892997576257
29,13.856432215687963,1218.5466671962017,280,1232.40303693461,-710.3593275112275
29,13.392707231347487,1200.6242703224548,280,1214.0169278135465,-708.7431694250996
29,11.852652397377986,1158.1367007322974,280,1169.9892966674947,-638.17365878643
29,9.582491649411917,1053.364152493985,280,1062.9465863600242,-615.475591326579
29,9.147427372557997,1036.5494565024476,280,1045.6968300608492,-599.5435393451651
29,50.0,934.8308906451156,280,984.8283468661125,-583.2352985590574
29,50.0,806.663255865408,273,856.6581288120556,-552.0130157425224
29,50.0,761.3323628236091,273,811.3261484390302,-558.447439191842
29,50.0,730.189556117074,273,780.1825546464647,-544.2355334245599
29,50.0,663.1396260767186,273,713.1308531083375,-432.17102635572087
29,50.0,639.0593524909605,273,689.0499308011088,-357.27069359910615
29,9.973602438115764,570.0477367972525,295,580.0217960386035,-298.19864412800484
29,10.280766006130277,528.0911002346578,295,538.3723223775146,-228.59702593940688
29,50.0,384.0215463454828,295,434.00651417778454,-387.75456345084285
29,41.44583095537128,322.3946922563331,295,363.837219429799,-171.4448333768521
29,39.815399929665986,318.9057035785214,295,358.7184149038035,-146.88859820498328
29,46.859887181686275,83.2834532997867,295,130.13687754098828,210.89038460636243
29,33.7994692871319,0.0,295,33.79952906699509,121.65214122578004
