iterID,x1,x2,x3,ParetoFamily,Pareto_f1,Pareto_f2
1,0.0,100.0,0.0,16,99.9999999998667,10.314435952142873
1,0.0,0.5259172958637429,1.1010778384551556,16,99.99999999869677,12.057699143737523
1,1.9163188906478144,32.661150156000836,2.2880987418721994,16,99.99999999901586,14.154011692315379
1,0.1436491418811237,28.840741657881395,7.8815205973078575,16,99.99999999898247,16.813517413555644
1,0.8999095465777783,0.00013603081160752526,10.047278355966425,16,99.99999992732315,19.367742416371996
1,5.37080257448212,43.632768868112215,9.073676144761897,19,99.99999999901625,22.012376258985356
1,7.234297140972311,40.45934978830279,10.457260230568782,19,99.99999999901577,24.73011915689038
1,9.24590984127675,37.03369444209137,11.950817211628479,19,99.9999999990107,27.707305831186318
1,10.83144087346879,34.33363053009142,13.128022416914176,19,99.99999999898222,30.08507011015277
1,0.003834112440024434,28.77662850018049,28.611893012316052,19,99.99999976814343,32.661620083027074
1,14.302520828019706,28.42259029772705,15.705186349688763,19,99.99999999740531,35.383897327610484
1,0.0,0.8578896531310668,35.18216909971876,35,99.8635172434683,38.23647754876015
1,0.0,1.554313935829194,40.631831589378244,35,97.94883707443896,42.677469765481064
1,0.0,1.798263684742512,41.74544932265245,35,96.65470866711703,43.590283894691474
1,0.0,1.890015597430704,43.25876577073434,35,93.60924344004606,44.83645950058938
1,0.0,2.0540627052905283,44.54246795121721,35,89.60258850184235,45.89539182517267
1,0.0,2.166491729192922,45.42224806447827,35,86.00296399777959,46.62252277162734
1,0.0,0.04738468577068258,45.58293700883683,35,81.58663434675131,46.77806438077426
1,0.0,2.3416613514952203,46.79298619596648,35,79.41182427621192,47.757589334635675
1,0.0,0.039270640029347194,46.333651335730224,56,76.17267640442486,47.40062624098703
1,0.0,0.0376926804867649,46.801334397938724,56,72.40031258712003,47.788823385671655
1,0.0,0.03663875011843385,47.11370323168523,56,69.75752432094811,48.04826543316856
1,0.0,0.03567236623533843,47.40012462685952,56,67.28500788293744,48.28626913527352
1,0.0,0.034693566288666315,47.69022595328517,56,64.77324520624249,48.52743917790255
1,0.0,0.02151215966279557,47.97466627822839,66,62.34890753221431,48.76413667953404
1,0.0,0.021322970270683562,47.989932183333515,66,62.22102543044208,48.7768376648244
1,0.0,0.014912298086202378,48.50721654127694,66,58.118342414923525,49.207382732472475
1,0.0,0.014712424157353927,48.52334459368372,66,57.999926516536874,49.22081175554085
1,0.0,0.008528967002335096,49.10167936355637,66,54.334446718328714,49.702562333488544
1,0.0,0.0072574590038846365,49.12489412732518,66,54.215542793012766,49.72191938463144
1,0.0,0.0004653480572412222,49.94914079176761,89,51.89734431886468,50.40920756228409
1,1.0115346494133655,0.0001995815040287206,49.98042007684803,89,51.74641618299818,51.38385884316064
1,2.789832271550987,0.0002040188094632578,49.98207212114371,89,51.50560849003058,53.06619927339299
1,4.528868854566576,0.00017520559308178795,49.983099092751495,89,51.28584410041275,54.72711058300615
1,6.2406962875223595,0.0001468431913271557,49.98410999625303,89,51.08508725301766,56.37734269728573
1,8.06924865728467,0.00011654683321176199,49.98518983056212,89,50.8881838615042,58.156478766510105
1,9.913949620431024,0.00011319191026182277,49.98793152070205,99,50.708248646188075,59.96943989745881
1,11.876008502648737,8.178460454644763e-05,49.98920227851787,99,50.538332721812274,61.914220140907254
1,13.8485840308929,5.020895550567768e-05,49.99047984760233,99,50.390177030009326,63.88741366442194
1,15.821673233722072,1.8625083911101648e-05,49.99175774937609,99,50.26521164194611,65.8785362354276
1,17.898655797165162,3.172637759383813e-05,49.99448411250667,107,50.15917951283761,67.9937979622739
1,20.055244371562654,1.664624002081054e-06,49.99611635211013,107,50.07735378998017,70.20790508371496
1,22.20683818620798,1.0218856459091196e-06,49.99794137604973,130,50.024717037772184,72.4352474589889
1,24.729725461077397,3.060680536576337e-06,49.99979443966049,130,50.000231606576556,75.06857403665191
1,27.027505057847435,0.0,50.00162777850403,130,50.01302937576,77.48634459536764
1,29.698015944681146,0.0,50.003984336234566,130,50.069849164596285,80.31792110731777
1,32.11074120076289,0.0,50.00611341437534,130,50.159623046330076,82.89437610911243
1,37.83969531681003,0.0,50.011168855705534,130,50.515606994564166,89.07221080253339
1,37.88721636032493,0.0,50.010722340250005,130,50.51934411432544,89.123329159756
1,44.50717394077036,0.0,50.01615600543822,143,51.170847961281765,96.34455717513457
1,44.66419585945156,0.0,50.01542243294349,143,51.18915335357284,96.515870671184
1,48.480820748636994,0.0,50.01807797230511,143,51.67592723528492,100.70661962517143
1,57.219992165324044,0.0,50.027312597365935,143,53.057163320146415,110.33597202260461
1,57.44604794014223,0.0,50.028118695763936,143,53.09749729499026,110.58558918529693
1,62.88515060553266,0.0,50.032284261383076,143,54.126703325630636,116.56856329874017
1,76.75604247122625,0.0,50.04445716258292,143,57.198952025301324,131.637307931744
1,86.43545912681094,0.0,50.052951683610225,143,59.619303118295285,141.85605504759243
2,0.0,73.47430734418005,0.0,0,87.18028422897436,3.9890856266278263
2,0.0,54.4594525139272,0.0,0,73.21501326545149,4.356477351702708
2,0.0,43.30408317884211,0.0,0,63.73805178573883,4.870306578675738
2,0.0,36.82259648081553,0.0,4,58.00693491782417,5.270633228029652
2,0.0,30.082056440479874,0.0,4,52.01869067066572,5.765663093430689
2,0.0,25.221141388904645,0.0,4,47.76231773606867,6.17184930029002
2,0.0,21.18323903688546,0.0,4,44.31324862017938,6.540154829564031
2,0.0,17.86498068891183,0.0,6,41.56347988154525,6.863508952186464
2,0.0,14.426838595523483,0.0,6,38.816475054348366,7.217948298450736
2,0.0,11.44007999830125,0.0,6,36.53019916543248,7.54164723665005
2,0.0,8.788300881314543,0.0,6,34.58928274588154,7.841162199251251
2,0.0,6.329327611552476,0.0,6,32.87200105144528,8.128939239700742
2,0.0,3.9388097850499597,0.0,6,31.28481670797541,8.41783266357529
2,0.0,1.8468721727943727,0.0,6,29.96668566511368,8.677922151054815
2,0.0,0.0,0.0,29,28.86063775269674,8.913114035779572
2,0.0,0.0,0.20637029595229656,29,28.837523765772012,9.061464408768622
2,0.0,0.0,1.5321883207507607,29,28.704362949959695,10.018061105516388
2,0.0,0.0,2.4925959260810746,29,28.624898465383268,10.71481211595561
2,0.0,0.0,4.063754862810832,29,28.526874241184252,11.861514887560546
2,0.0,0.0,4.4716782915010365,29,28.508098014013584,12.160626107486301
2,0.0,0.0,5.575561331688874,45,28.471484287805367,12.972917717794033
2,0.0,0.0,6.949424113911099,45,28.45563898957529,13.989702321949828
2,0.0,0.0,7.5919611568164544,45,28.459855965263316,14.467449890821719
2,0.0,0.0,8.79604447797832,75,28.488269933423723,15.36650686363295
2,2.301613503637469,0.0,6.597884057173001,75,28.456063625377396,16.112098669258884
2,3.5590194551131216,0.0,6.304548270380956,75,28.458261403078758,17.196624406494067
2,3.9201477907546085,0.0,6.903109292310481,75,28.454919486034242,18.016879964015637
2,5.059125199660673,0.0,6.522700221978106,75,28.45609018569865,18.913993236417795
2,7.412321249152336,0.0,4.215525780870457,75,28.51839499435082,19.637161715739296
2,6.578336210861516,0.0,6.904423473763203,75,28.4545326162786,20.775228842475833
2,7.4896217357961685,0.0,6.9048552804916286,75,28.454417003784613,21.721387855375937
2,11.221901319166294,0.0,2.7316418294594422,75,28.60587057631581,22.4831120274906
2,9.147473024474953,0.0,6.905586078307671,132,28.454228958201007,23.44330718760846
2,10.359756331369232,0.0,6.570269344052046,132,28.45514720891321,24.45044947985128
2,11.680677755883359,0.0,6.697296308148417,132,28.4544043608024,25.91820634427023
2,12.599911887713597,0.0,5.944633348357957,132,28.46226790070287,26.30707313045876
2,15.483195293188063,0.0,3.471890896362669,132,28.55726781744668,27.448390880029017
2,14.5842231960348,0.0,6.166059002562909,132,28.458776289268563,28.535342914127867
2,15.17364894817679,0.0,6.908488195110536,132,28.453787617130175,29.708869299308397
2,17.304093855818024,0.0,5.183963925419587,132,28.480205848012957,30.621834463616885
2,19.276872307253615,0.0,4.158043633212304,132,28.52041863712025,31.899361730080273
2,20.701560508420503,0.0,3.6675426081213582,132,28.54592914584746,33.01030975331493
2,20.38224750108938,0.0,5.668611547772921,132,28.467470493581686,34.1876626856
2,22.40063723044222,0.0,4.558461674458377,132,28.502644213131504,35.44664572317259
2,21.925285563120926,0.0,6.911394506024451,132,28.453744440835713,36.73758859211209
2,23.25275164554315,0.0,6.668664622985291,132,28.45431685886893,37.934759198809736
2,24.354199752561474,0.0,6.912344760094576,132,28.453845552151776,39.267825061597094
2,25.725465908319844,0.0,6.912845561524633,132,28.453929892568567,40.69657154130763
2,27.29230878852388,0.0,6.5701131258298755,132,28.455089388958,42.06641096753391
2,29.336444809957513,0.0,6.914236571551004,132,28.454246099584623,44.45980885539064
2,30.274827138734945,0.0,6.91440063293816,132,28.454350586649056,45.43776677439557
2,32.17897902948252,0.0,5.91380130079607,132,28.463462931363296,46.65329173532304
2,33.08940680011947,0.0,6.915633782961611,132,28.454719300163497,48.37189802968007
2,35.10978515009691,0.0,6.916363222098179,132,28.455035054938847,50.47814980915703
2,36.56166129429966,0.0,6.573512726296133,132,28.456302741333253,51.72660938007772
2,38.22964065230743,0.0,6.72174336156402,132,28.45592257629533,53.57930009750375
2,40.48166280030144,0.0,6.918213405195103,132,28.45608229056247,56.0784161968214
2,42.49475468806308,0.0,6.918826866975525,132,28.456552479657518,58.17688410342649
2,47.64957163041374,0.0,6.577109185279924,132,28.458933901796208,63.28183970534484
2,48.87394562698983,0.0,6.920900025292366,132,28.458322437295763,64.82510610980651
2,50.62278717185281,0.0,6.921289832953906,132,28.458881956153142,66.64691595146085
2,54.46464108741116,0.0,4.797438183337415,132,28.499636991893574,68.98899144836481
2,56.19226843238471,0.0,6.922812094452249,132,28.460877005667513,72.44624613175951
2,58.6122995542857,0.0,6.923441151960389,132,28.461844956031655,74.96449733963988
2,62.606770177003845,0.0,6.924416694213222,132,28.46357654853589,79.1183214777826
2,73.13891256019873,0.0,0.2072615886227952,132,28.849914104290512,84.77122500517022
2,67.13274652166888,0.0,6.925429432333889,132,28.46574004820375,83.81986103348301
2,70.48154559784737,0.0,6.926113491198915,143,28.467478598857383,87.29448845767566
2,75.85766447323012,0.0,6.927107750349299,143,28.470514626375063,92.86398352085769
2,78.22277563128414,0.0,6.927466224536399,143,28.47194584591709,95.31028742143602
2,82.3414697460391,0.0,6.928173866294079,143,28.474577698242726,99.56408692633408
2,86.86571627866132,0.0,6.928822634144319,143,28.477672751234152,104.22622198110238
2,95.9054591491301,0.8449337397920975,5.857492700291293,143,29.029845106659216,112.59149471463257
2,100.0,0.0,7.8837461761015595,143,28.496773409565158,118.45137809501085
2,100.0,0.0,10.97977599948802,143,28.64368072423874,120.94931906744185
3,0.0,88.18824313355154,0.0,1,88.19834151853588,4.612813850332891
3,0.0,73.09928314605139,0.0,1,73.09898413577261,4.644606397035901
3,0.0,61.87772772237412,0.0,16,61.8712767933322,4.601979530570688
3,0.0,53.15492927634231,0.0,16,53.148431897109035,4.550839403739253
3,0.0,46.61531975948635,0.0,16,46.61098473452956,4.514580281602889
3,0.0,41.413969007916016,0.0,16,41.411974698700675,4.492372426600433
3,0.0,37.21697869964819,0.0,23,37.2168217377138,4.480702435922929
3,0.0,33.65257778835555,0.0,23,33.65368306091062,4.475780818301153
3,0.0,30.847466480181406,0.0,23,30.849246746832627,4.475183632164374
3,0.0,28.408147260287254,0.0,23,28.410226455267278,4.476926895047136
3,0.0,26.019325846593272,0.0,23,26.02140779624753,4.480555443514362
3,0.0,24.13277260364541,0.0,23,24.134647057460825,4.4846749049032795
3,0.0,22.625318380202728,0.0,23,22.62689706046836,4.488709264850684
3,0.0,21.067638419334475,0.0,23,21.068798236320156,4.4935292935953015
3,0.0,19.765350417189264,0.0,30,19.766080987183052,4.498039878047884
3,0.0,18.533863938009198,0.0,30,18.53413252033345,4.502688723393085
3,0.0,17.30426164297129,0.0,30,17.30402627231402,4.507687484107478
3,0.0,16.321431326141845,0.0,30,16.320771838315572,4.511931527306935
3,0.0,15.35465264579593,0.0,30,15.353566230889527,4.516316617260436
3,0.0,14.552624210301667,0.0,30,14.551182666904026,4.5201102688712
3,0.0,13.861648148625244,0.0,52,13.859904459415084,4.523490742828557
3,0.0,13.053714503357142,0.0,14,13.051627299403883,4.527574083962115
3,0.0,12.354642098743899,0.0,14,12.35227082321974,4.531220429680232
3,0.0,11.746917150663808,0.0,14,11.744312378750664,4.534475471694755
3,0.0,10.986260861340183,0.0,14,10.983386202490827,4.53866126589535
3,0.0,10.51376450203398,0.0,26,10.510737159060639,4.541323938603739
3,0.0,9.902040876468309,0.0,26,9.898835757874501,4.54484265553031
3,0.0,9.430751806670923,0.0,26,9.427426946618212,4.547608750224619
3,0.0,8.978911936870038,0.0,26,8.975487922550478,4.550305973659285
3,0.0,8.6357822699078,0.0,26,8.632294052860864,4.55238398799699
3,0.0,8.27105360306379,0.0,4,8.267508402148714,4.554621065989345
3,0.0,7.7876280628767685,0.0,4,7.784026470990071,4.5576312512746355
3,0.0,7.469145753663097,0.0,53,7.465519707401569,4.559642587687009
3,0.0,7.0178926716601975,0.0,13,7.014250386026376,4.5625310058412225
3,0.0,6.631983732112589,0.0,13,6.628345675326251,4.56503724717728
3,0.0,6.256533635737722,0.0,79,6.252916651662588,4.567507682093506
3,0.0,5.958793956131951,0.0,79,5.955206149324255,4.569489425537512
3,0.0,5.679445941545376,0.0,79,5.675895954844933,4.571367058876945
3,0.0,5.378716996741229,0.0,13,5.375219446756063,4.573408298227378
3,0.0,5.094990082362349,0.0,13,5.0915535423951965,4.575353141220198
3,0.0,4.783138634850276,0.0,13,4.7797825355099945,4.577512153239645
3,0.0,4.523592044825218,0.0,13,4.5203139334916855,4.579326211513646
3,0.0,4.30957199498736,0.0,13,4.306365958125916,4.580833853850315
3,0.0,4.084244227895728,0.0,13,4.081121853661209,4.582432704593785
3,0.0,3.7828690455329808,0.0,54,3.779871373784161,4.584589771746693
3,0.0,3.6402652185939592,0.0,54,3.6373317790846755,4.585617896589483
3,0.0,3.3950684754412483,0.0,54,3.392253513188514,4.587396916690537
3,0.0,3.156839678406938,0.0,54,3.1541497589794147,4.589139038449041
3,0.0,2.9476759064548395,0.0,54,2.945104029423426,4.590679757223022
3,0.0,2.770228920122797,0.0,53,2.767763358428489,4.591995046143914
3,0.0,2.685250885289925,0.0,53,2.6828382743716475,4.592627600103945
3,0.0,2.316740716468814,0.0,53,2.3145732843989677,4.595390799990575
3,0.0,2.1778174070461676,0.0,53,2.1757490860152515,4.596440997697975
3,0.0,1.9599405875611449,0.0,79,1.9580352325044572,4.598097475040838
3,0.0,1.7730296358869542,0.0,79,1.7712715289824033,4.5995277272228705
3,0.0,1.6235790125206595,0.0,79,1.6219436668128822,4.600677463509022
3,0.0,1.4280794669373467,0.0,79,1.426611549185445,4.602189713921234
3,0.0,1.2762809271333737,0.0,79,1.274948434253318,4.6033703944608675
3,0.0,1.2253839631383534,0.0,52,1.2240979508185532,4.6037675383871175
3,0.0,0.9409086391248446,0.0,52,0.939892465003858,4.605999037627861
3,0.0,0.8135639001793636,0.0,52,0.8126741127840091,4.607004450688919
3,0.0,0.6197856266273808,0.0,52,0.6190949031858395,4.6085420954210505
3,0.0,0.5636279331109261,0.0,52,0.5629964355132131,4.6089894572492724
3,0.0,0.4520881261230113,0.0,52,0.4515763277267766,4.609880333345373
3,0.0,0.19168955292305495,0.0,186,0.19146801354027332,4.611972258715284
3,0.0,0.09672891399022855,0.0,186,0.09661703603993743,4.612739356040251
3,0.0,0.0,0.0,186,1.943174389396063e-06,4.613523066616224
3,0.4792982212989627,0.0,0.0,186,-0.0010482246891356795,5.110749788772566
3,0.6760860760239407,0.0,0.0,186,-0.001478915202667963,5.31494093136083
3,1.1230951784141463,0.0,0.0,186,-0.00245619988534429,5.7788575331468905
3,1.5433815916174431,0.0,0.0,186,-0.00337373761659876,6.215154681053306
3,1.939085010897268,0.0,0.0,186,-0.004236433669490225,6.626032354760767
3,2.514668925610053,0.0,0.0,186,-0.005489260191481549,7.223859816725216
3,2.9349198041293434,0.0,0.0,186,-0.006402456920454824,7.6604782566542085
3,3.5596173798923214,0.0,0.0,186,-0.007757522732717348,8.309701492779652
3,4.130546481174669,0.0,0.0,186,-0.008993451597959279,8.903247228086123
3,4.887634230503323,0.0,0.0,186,-0.01062866935031792,9.690619113370964
3,5.519707138302909,0.0,0.0,186,-0.011990628703678397,10.348227656692373
3,6.37658102660067,0.0,0.0,186,-0.013832253788351068,11.240079455159332
3,7.32457281175567,0.0,0.0,186,-0.015863351280060556,12.227243207221008
3,8.289982861586886,0.0,0.0,186,-0.017924872064313035,13.233046875787757
3,9.56103183106356,0.0,0.0,186,-0.020628385764680957,14.558031766443598
3,11.104598305268077,0.0,0.0,189,-0.023895147274295425,16.16821764088914
3,12.366715073787503,0.0,0.0,189,-0.02655280497547352,17.485689591177692
3,14.429120124728135,0.0,0.0,189,-0.030869384336355665,19.640189407089245
3,16.37818105822427,0.0,0.0,189,-0.03491851592689699,21.67806345837595
3,18.642570722494266,0.0,0.0,189,-0.039585431913394586,24.0476684016609
3,21.61717225735473,0.0,0.0,189,-0.04565430642782076,27.163531581690812
3,25.548877743262,0.0,0.0,188,-0.053566146134599535,31.286605594647444
3,30.510507950415434,0.0,0.0,188,-0.06336733531052374,36.49583965873272
3,36.50539607672761,0.0,0.0,209,-0.07492682043726973,42.79613603181722
3,45.174725388426175,0.0,0.0,209,-0.09106666422663778,51.911768698912866
3,58.636152129770615,0.0,0.0,209,-0.11466514872839184,66.05205581456022
3,80.44446584357802,0.0,0.0,209,-0.14860894948474623,88.82241108495245
4,0.0,96.82788908247207,0.0,7,96.83094225825265,4.566744474078028
4,0.0,92.64833963705613,0.0,7,92.65334206671488,4.631724435028737
4,0.0,68.42913896987197,0.0,7,68.42766878520766,4.579407975606941
4,0.0,58.03867446475554,0.0,7,58.03643395878858,4.433700315276603
4,0.0,51.384469356039,0.0,7,51.382932344678636,4.385938605082188
4,0.0,45.9293270220756,0.0,7,45.92855497618084,4.393551392178594
4,0.0,41.020856308554166,0.0,7,41.02062124266057,4.433660270133444
4,0.0,38.381640838084586,0.0,7,38.381578098747205,4.462656772951313
4,0.0,35.464753500134286,0.0,7,35.46477855144161,4.493893931481438
4,0.0,32.67790935413414,0.0,7,32.677936388149384,4.515508337818282
4,0.0,29.726012451997754,0.0,7,29.72599354957281,4.522700744736845
4,0.0,27.762818423221997,0.0,7,27.76276361422681,4.518325957920979
4,0.0,25.063090685891922,0.0,7,25.06300326484262,4.505580964404196
4,0.0,23.755281260360672,0.0,7,23.755190457455978,4.499284046772225
4,0.0,22.07124740298768,0.0,7,22.071166732784217,4.493715195139316
4,0.0,20.663390405417903,0.0,7,20.663330643336955,4.492855656216356
4,0.0,19.433924201347274,0.0,7,19.433890698749583,4.495845289480869
4,0.0,18.10400012037582,0.0,7,18.104000907536427,4.503505438012894
4,0.0,17.140157130860057,0.0,7,17.140184440800912,4.511967959679566
4,0.0,16.50457978678882,0.0,22,16.504624294391853,4.518804805991522
4,0.0,15.598593026807261,0.0,22,15.598660215889524,4.530078852519743
4,0.0,14.851426437348037,0.0,22,14.85150948501829,4.54051083716611
4,0.0,14.055975035808999,0.0,22,14.056070862428491,4.552466575267118
4,0.0,13.311973866956073,0.0,22,13.312076776788665,4.564168899854856
4,0.0,12.499998839479831,0.0,22,12.500103091065498,4.577181132057525
4,0.0,12.092601457853192,0.0,22,12.092703602744322,4.5836915672385246
4,0.0,11.452345861290755,0.0,22,11.45244070001025,4.593753136339544
4,0.0,11.078034667510138,0.0,22,11.078122913011548,4.5994769680264085
4,0.0,10.498688290966196,0.0,22,10.498762926886975,4.608006979988197
4,0.0,10.018402985708175,0.0,22,10.01846325837586,4.614697081835146
4,0.0,9.545642030047762,0.0,22,9.545685553698277,4.620874885977223
4,0.0,9.176381762977437,0.0,22,9.176410518624067,4.625380434504862
4,0.0,8.620265161921958,0.0,33,8.620269171035794,4.631575485518034
4,0.0,8.332222344513408,0.0,33,8.332212500890357,4.634482825174835
4,0.0,7.862257091142622,0.0,33,7.862223425140101,4.638753948461883
4,0.0,7.579895284359739,0.0,33,7.5798467412425765,4.641026102680804
4,0.0,7.128961548396018,0.0,33,7.128888704106643,4.644178787571953
4,0.0,6.780785322278504,0.0,33,6.780693547462128,4.646201521147127
4,0.0,6.243500545290765,0.0,34,6.2433799386269015,4.6486016900917875
4,0.0,6.174358182873036,0.0,34,6.174233945918587,4.648846197578308
4,0.0,5.862944195497838,0.0,34,5.862803961486151,4.649764029164501
4,0.0,5.3328822228214054,0.0,34,5.332716625710589,4.650633094536616
4,0.0,5.290979438630733,0.0,34,5.290811967222773,4.650664490142049
4,0.0,4.768245168643376,0.0,34,4.768056325131646,4.65059763854498
4,0.0,4.515132964834873,0.0,34,4.514935366058765,4.650261506241371
4,0.0,4.250256081045885,0.0,41,4.2500506468617445,4.64969921036765
4,0.0,4.0261514879860645,0.0,41,4.02594061156708,4.649056601988022
4,0.0,3.8389827110470467,0.0,41,3.838768205583527,4.648403666685489
4,0.0,3.624051033958321,0.0,41,3.6238334828026524,4.647524518406627
4,0.0,3.378495935472804,0.0,41,3.3782764793704416,4.64635256864122
4,0.0,3.1736993610840383,0.0,41,3.173479713815965,4.645240049947226
4,0.0,2.9902957692381062,0.0,41,2.990077101018059,4.64414068505878
4,0.0,2.780884292882736,0.0,41,2.7806681603353525,4.642767773450636
4,0.0,2.5455549578989447,0.0,41,2.5453435904119814,4.641077250398759
4,0.0,2.436839684437314,0.0,34,2.436631238151108,4.640244152767629
4,0.0,2.1768431083838466,0.0,34,2.1766436008340335,4.6381200566823395
4,0.0,1.9983152940920623,0.0,34,1.9981235903781993,4.63655542011989
4,0.0,1.8191065201039358,0.0,34,1.8189240893088083,4.634899283789196
4,0.0,1.5000709238207928,0.0,34,1.4999087605326196,4.63174268201189
4,0.0,1.3210984996708475,0.0,34,1.3209499190562894,4.629857281527258
4,0.0,1.1521442757862128,0.0,34,1.1520100548995913,4.628003253922223
4,0.0,1.0220252543105268,0.0,34,1.0219031395712008,4.626526971371298
4,0.0,0.8750940158822662,0.0,34,0.8749867002280922,4.624809965881539
4,0.0,0.6999491501509969,0.0,34,0.6998610892088237,4.622694944847012
4,0.0,0.5304060137751976,0.0,34,0.530338315413843,4.6205778494428955
4,0.0,0.3749741797983888,0.0,34,0.37492668367624304,4.618577629070522
4,0.0,0.2948291326593966,0.0,34,0.29479264435405383,4.6175243595070725
4,0.0,0.14215346196090883,0.0,34,0.14213907171832574,4.6154771586381
4,0.0,0.0,0.0,89,7.5450872927262935e-06,4.613523588096861
4,0.6731889876420427,0.0,0.0,89,3.5941462073196817e-06,5.321778430901787
4,0.8454591797893929,0.0,0.0,89,2.667549978241368e-06,5.503038395883898
4,1.229925859283748,0.0,0.0,89,7.268003798799327e-07,5.90759196176014
4,1.612121171542763,0.0,0.0,89,-1.0367214713369322e-06,6.309787852638607
4,2.018760565124078,0.0,0.0,89,-2.7401609941080096e-06,6.737742096307606
4,3.013484561532537,0.0,0.0,89,-6.171797579668237e-06,7.784756989381933
4,3.1545748671608917,0.0,0.0,89,-6.576975856376066e-06,7.933281242124217
4,3.7210178463435826,0.0,0.0,89,-8.018649687357993e-06,8.529611829446168
4,4.465181262667101,0.0,0.0,89,-9.467569618948346e-06,9.313141453730012
4,5.172903422603786,0.0,0.0,89,-1.0405336929864006e-05,10.058407335710577
4,5.977225366142139,0.0,0.0,89,-1.0992875623117015e-05,10.905520080400663
4,7.212173485287293,0.0,0.0,89,-1.1002537107174248e-05,12.206418045642458
4,7.927894156253467,0.0,0.0,89,-1.0565959023267624e-05,12.960496179703803
4,9.353356754771475,0.0,0.0,89,-8.880634766228468e-06,14.462644985377416
4,10.484697202727089,0.0,0.0,89,-6.8997296409634146e-06,15.655120967189255
4,12.153544017304624,0.0,0.0,89,-3.2144792285748736e-06,17.414582327529363
4,14.033011503415599,0.0,0.0,89,1.599352707160051e-06,19.39671119869655
4,16.513465888979344,0.0,0.0,89,8.144098991635929e-06,22.013635638068507
4,19.55218899867776,0.0,0.0,89,1.4807802244831691e-05,25.221060308177815
4,23.700337889277474,0.0,0.0,89,1.787562376165397e-05,29.602199668761905
4,28.74999491653013,0.0,0.0,120,6.202443628922083e-06,34.93964582088931
4,36.10113589651982,0.0,0.0,120,-5.010193896026749e-05,42.71739985050046
4,47.532584318862625,0.0,0.0,120,-0.0002165157828457609,54.82561796191227
4,54.60443157458641,0.0,0.0,129,-0.0003288144749262756,62.31922100668611
4,73.91531859012557,0.0,0.0,129,-0.0002781137501841613,82.7539832174385
5,0.0,97.45517565967458,0.0,11,97.45698973923984,4.50741081427411
5,0.0,81.62559782679293,0.0,11,81.62753325398813,4.600934932128723
5,0.0,69.82472548113385,0.0,11,69.82424116952089,4.653511341390583
5,0.0,60.52239105932898,0.0,11,60.52185082876345,4.635665633367218
5,0.0,52.936431487609795,0.0,11,52.93635839925753,4.587594336998194
5,0.0,47.08498341198924,0.0,11,47.08507577460625,4.541125237208192
5,0.0,41.96458866146976,0.0,21,41.96465308114924,4.501892636084513
5,0.0,37.92487356514124,0.0,21,37.92488824127027,4.481720521922249
5,0.0,34.73770458069447,0.0,24,34.73770046240984,4.483466870631176
5,0.0,32.02801295469283,0.0,24,32.02800736912708,4.505766045654887
5,0.0,29.750060462127255,0.0,24,29.75005628841015,4.540022065159597
5,0.0,27.643073248492094,0.0,24,27.64306842334794,4.576938402716976
5,0.0,25.874345947329896,0.0,24,25.874338788349846,4.602679633253132
5,0.0,24.21583831555279,0.0,31,24.215828411029598,4.61496497446646
5,0.0,22.576602922067885,0.0,31,22.57659103998211,4.6106276587509285
5,0.0,21.20476591983666,0.0,31,21.204753911554675,4.592646840705797
5,0.0,19.84355752642461,0.0,31,19.843547445110186,4.562683667695616
5,0.0,18.528111288122556,0.0,31,18.52810536748478,4.525456609517029
5,0.0,17.35332522618775,0.0,31,17.353324932107896,4.490094699169184
5,0.0,16.407954700042186,0.0,31,16.407960055149633,4.464492297079374
5,0.0,15.449902390918362,0.0,31,15.44991410544753,4.445320087455663
5,0.0,14.557932800390299,0.0,31,14.557950473641792,4.436785960065031
5,0.0,14.04878975284342,0.0,31,14.048810556534278,4.4368107267396795
5,0.0,13.189551890566491,0.0,31,13.18957689291009,4.44553716465137
5,0.0,12.590561381103349,0.0,27,12.590588008285529,4.457943140546277
5,0.0,11.971783922624002,0.0,27,11.971810620685154,4.475708823391805
5,0.0,11.373152670834475,0.0,27,11.373177470463755,4.496984566469699
5,0.0,10.840775020844562,0.0,27,10.840796207038302,4.518584335954273
5,0.0,10.488009138268328,0.0,27,10.488026829287914,4.533937790126757
5,0.0,9.921252855632334,0.0,27,9.921262960605233,4.559733149447219
5,0.0,9.431029259479097,0.0,27,9.431030778804438,4.582563637798742
5,0.0,9.016225747655287,0.0,27,9.016218525787991,4.601803792388637
5,0.0,8.65491222443724,0.0,27,8.654896331607205,4.618223500765865
5,0.0,8.260454004386663,0.0,27,8.260427578258252,4.635529090500896
5,0.0,7.925003333370961,0.0,27,7.924967166343542,4.649554000242524
5,0.0,7.5391147248488615,0.0,27,7.539066583622834,4.664711403684144
5,0.0,7.171349226395407,0.0,27,7.171289070847813,4.678022442505409
5,0.0,6.811819071352732,0.0,27,6.811746780429651,4.689828026030398
5,0.0,6.49160938494019,0.0,27,6.49152612760701,4.699244272783822
5,0.0,6.23233309943243,0.0,27,6.232240969391583,4.706060473698869
5,0.0,5.886907487266522,0.0,27,5.886803710258519,4.713958705047247
5,0.0,5.651750849988146,0.0,27,5.651639373880336,4.718532181182354
5,0.0,5.3224097249801705,0.0,27,5.322287934673078,4.723805236515872
5,0.0,5.054334945321702,0.0,63,5.054205312605944,4.727096945428805
5,0.0,4.780699503330875,0.0,63,4.780562521442157,4.729510850318363
5,0.0,4.501562020803829,0.0,63,4.5014183747235705,4.730972723363017
5,0.0,4.263347684367464,0.0,42,4.263199135684921,4.731411615726969
5,0.0,4.0114961774715265,0.0,42,4.011343350788778,4.73105886894075
5,0.0,3.7701513660507904,0.0,42,3.7699954239021025,4.729928772236583
5,0.0,3.582895243368972,0.0,42,3.5827376226326137,4.728516182322501
5,0.0,3.3118612460834083,0.0,42,3.311702452512556,4.725641332209406
5,0.0,3.0886185014579457,0.0,42,3.088459963826473,4.722536155134257
5,0.0,2.878618551371054,0.0,42,2.8784613578776046,4.71900857212168
5,0.0,2.6615345439986102,0.0,42,2.6613799447894095,4.714745944829325
5,0.0,2.462155420101614,0.0,42,2.462004362808834,4.71028174830051
5,0.0,2.250988756749313,0.0,42,2.2508427367760646,4.704983509261133
5,0.0,2.0947611067686998,0.0,42,2.094619720419196,4.700688604997659
5,0.0,1.8626753105034297,0.0,42,1.862542299090677,4.693723804657154
5,0.0,1.6877214513644045,0.0,42,1.6875959991444773,4.688015454009516
5,0.0,1.4889477056538813,0.0,42,1.4888322080432772,4.681056774691349
5,0.0,1.307109640926024,0.0,42,1.3070045827592836,4.674254569219364
5,0.0,1.133012625699975,0.0,42,1.1329188095657017,4.667355435734237
5,0.0,0.9628115281464119,0.0,42,0.9627299256268316,4.660249239404465
5,0.0,0.7911028054764124,0.0,42,0.7910348095654314,4.65272219011171
5,0.0,0.6212174991608033,0.0,42,0.6211642694075437,4.644925607943279
5,0.0,0.47406636256188545,0.0,63,0.4740270084297151,4.637894876835105
5,0.0,0.3152272499487449,0.0,63,0.3152040433905583,4.630020186587558
5,0.0,0.141600101502469,0.0,63,0.14159597832887982,4.621077606377
5,0.0,0.0,0.0,112,1.2578482746050668e-05,4.613529062548544
5,0.37900279045996316,0.0,0.0,112,1.101866489960912e-05,5.01858616908217
5,0.4562716539368598,0.0,0.0,112,1.0709543822429168e-05,5.101125356730655
5,0.7983640221918357,0.0,0.0,112,9.41502529627769e-06,5.466380071770153
5,1.2161501364829546,0.0,0.0,112,7.95351031968039e-06,5.912070254895994
5,1.977995771794533,0.0,0.0,129,5.5977945265794915e-06,6.723690017247165
5,2.366593105955234,0.0,0.0,129,4.542519128847289e-06,7.137112262654206
5,2.812189160422146,0.0,0.0,129,3.4505281973906676e-06,7.6106976300890565
5,3.7888149995327547,0.0,0.0,131,1.448939613624134e-06,8.64686209035974
5,4.158175224698703,0.0,0.0,131,8.212224855697059e-07,9.038088711460865
5,4.6543999678260555,0.0,0.0,131,8.454313871197883e-08,9.56312823475242
5,5.502942844216842,0.0,0.0,131,-9.316479818721746e-07,10.459467919398097
5,6.671417729473486,0.0,0.0,131,-1.885067398177398e-06,11.690823429931626
5,7.16197347618975,0.0,0.0,131,-2.1515510866265686e-06,12.206826732076859
5,8.382171438672117,0.0,0.0,131,-2.5483156846917154e-06,13.488153615975296
5,9.577678458626334,0.0,0.0,131,-2.637143580841439e-06,14.741035909306557
5,11.322326612612002,0.0,0.0,131,-2.3990848205812654e-06,16.566378555061036
5,13.070105485665465,0.0,0.0,131,-1.928889162172709e-06,18.393468958094044
5,15.048042689827183,0.0,0.0,131,-1.2999876588537518e-06,20.462140220474943
5,17.825283013139927,0.0,0.0,131,-5.100115743061906e-07,23.373181144490687
5,21.211374042439182,0.0,0.0,131,1.295492779718188e-07,26.93737297518347
5,25.12116976022762,0.0,0.0,119,6.376448382638955e-07,31.074067214963776
5,30.852821230731436,0.0,0.0,119,1.957035181021638e-06,37.16578636390862
5,38.436984931014976,0.0,0.0,119,5.673594330346532e-06,45.228866677469796
5,49.96185324409454,0.0,0.0,119,3.0869260143617794e-06,57.399699565178985
5,69.32791055699349,0.0,0.0,119,-7.244876328371674e-05,77.82003506756043
6,0.0,90.62225903142588,0.0,4,90.62576981273548,4.031699507699145
6,0.0,79.18168635301632,0.0,4,79.1829665147031,4.476567503518297
6,0.0,69.0096242633624,0.0,4,69.00907297202633,4.672824082654678
6,0.0,58.95378759517946,0.0,4,58.95334027755325,4.524509639602371
6,0.0,52.24886232345529,0.0,4,52.24882183481094,4.552764011579804
6,0.0,47.389528778928444,0.0,27,47.389620598298094,4.703819653318796
6,0.0,42.756237642440816,0.0,27,42.75631421912382,4.745339382098422
6,0.0,37.80692421433061,0.0,27,37.80693768502486,4.535575128903915
6,0.0,33.85843453909284,0.0,27,33.85842746770838,4.380139269582379
6,0.0,31.487099870781098,0.0,27,31.487095048504678,4.466000006816444
6,0.0,29.730616382500312,0.0,33,29.730615828283344,4.6503337656136665
6,0.0,28.341047801655545,0.0,33,28.34105046256614,4.847132130428186
6,0.0,27.107814517004208,0.0,33,27.107819290185336,5.030045904692713
6,0.0,25.791404512953648,0.0,33,25.791410479704336,5.199925234444464
6,0.0,24.45480476709449,0.0,37,24.454810748059188,5.3105225113240095
6,0.0,23.172540737599927,0.0,37,23.172545727392187,5.3303418789534405
6,0.0,21.216496928234573,0.0,41,21.216499118367945,5.16768096258042
6,0.0,18.77452856364739,0.0,41,18.774526988713056,4.697766738218135
6,0.0,16.863529052210282,0.0,41,16.86352625171911,4.338998807093034
6,0.0,15.743559181829694,0.0,41,15.743557025675212,4.2695197596382
6,0.0,14.956133696641835,0.0,41,14.95613273232853,4.313868806410518
6,0.0,14.500932963786298,0.0,41,14.500932959793673,4.369850404654606
6,0.0,13.781556466384195,0.0,41,13.781558353238513,4.478802529275107
6,0.0,13.276178111861261,0.0,41,13.276181536925105,4.543664440808371
6,0.0,12.668033313094876,0.0,41,12.668038732472333,4.579622360508438
6,0.0,11.989185843468222,0.0,41,11.989193496102736,4.565932903893959
6,0.0,11.410396684390593,0.0,41,11.41040605250263,4.535514255078368
6,0.0,10.78285467868948,0.0,40,10.782865480784022,4.514257037257245
6,0.0,10.249195962253065,0.0,40,10.249207432854849,4.517747541418991
6,0.0,9.77916773642385,0.0,40,9.779179222170566,4.537181739298084
6,0.0,9.404202216218405,0.0,40,9.404213247792033,4.560519543791635
6,0.0,8.962993219857369,0.0,40,8.963003118400717,4.591810397133457
6,0.0,8.782418969378947,0.0,40,8.782428198127338,4.604450020034953
6,0.0,8.251490102951331,0.0,34,8.251496607528267,4.636025117463099
6,0.0,7.876117016149198,0.0,34,7.876120890761722,4.64992853836069
6,0.0,7.449001345430084,0.0,34,7.449001484371898,4.654723379450111
6,0.0,7.111729755131457,0.0,34,7.111726398228448,4.649732255211042
6,0.0,6.791760697851385,0.0,37,6.791753583781272,4.63811372602099
6,0.0,6.407187526733088,0.0,37,6.407175379276879,4.616279756479656
6,0.0,6.181870867129896,0.0,37,6.181855532307839,4.6001492180028904
6,0.0,5.705340409960759,0.0,52,5.705317856932123,4.560218137776026
6,0.0,5.396625555611703,0.0,52,5.396598076634689,4.531873132106135
6,0.0,5.108230268652815,0.0,52,5.108198101791508,4.5049936159588455
6,0.0,4.808177741848536,0.0,59,4.80814070670052,4.477752018968516
6,0.0,4.530738308849431,0.0,59,4.530696845935839,4.454137689706521
6,0.0,4.23179344415336,0.0,59,4.231747451144457,4.431258021542618
6,0.0,3.9828344488153817,0.0,59,3.982784958734978,4.414786223456119
6,0.0,3.733258818396252,0.0,59,3.7332061688454594,4.401034938729673
6,0.0,3.488266689715553,0.0,59,3.4882113723528576,4.390526186460441
6,0.0,3.265277537347808,0.0,80,3.2652202494498113,4.383736824328963
6,0.0,3.066514702816176,0.0,80,3.066456097243808,4.380030885559393
6,0.0,2.8886527293632454,0.0,80,2.888593330937418,4.3786517061936365
6,0.0,2.648249642599427,0.0,80,2.648189856533733,4.379761762013338
6,0.0,2.4707361629552844,0.0,80,2.4706766444679644,4.382804393625598
6,0.0,2.269035212362997,0.0,80,2.2689766315809266,4.388565929879036
6,0.0,2.110808305945295,0.0,80,2.110750978241761,4.394799026694187
6,0.0,1.8976570780768198,0.0,80,1.897602222025391,4.405561161155383
6,0.0,1.724033628780492,0.0,80,1.7239815040253959,4.416312527557096
6,0.0,1.5633686890467458,0.0,84,1.563319704271322,4.427826556353331
6,0.0,1.398561633338996,0.0,84,1.398516529174664,4.441176555346324
6,0.0,1.2362622077152385,0.0,84,1.2362216104084212,4.455821526295004
6,0.0,1.068800929946917,0.0,84,1.0687657453585473,4.472462917662462
6,0.0,0.9213026076339614,0.0,84,0.9212728580023963,4.488385644666842
6,0.0,0.7687914750451108,0.0,84,0.7687680418661813,4.506074355436233
6,0.0,0.6293530027179639,0.0,84,0.6293359869762369,4.52331964623901
6,0.0,0.4964217258654875,0.0,80,0.4964114289733459,4.54070044013622
6,0.0,0.3580357009258912,0.0,80,0.35803304367200184,4.5597564104349075
6,0.0,0.18305191035475413,0.0,59,0.18305989464381867,4.585236984894337
6,0.0,0.05126608552926196,0.0,59,0.05128283095826447,4.605434049744041
6,0.0,0.0,0.0,118,2.0336171139945236e-05,4.613521930369615
6,0.2617905609371048,0.0,0.0,118,1.9062615500331503e-05,4.909926899873177
6,0.6299101868840529,0.0,0.0,118,1.7363775043577334e-05,5.324350837719237
6,1.1493926337706073,0.0,0.0,118,1.512700675476708e-05,5.904137744604853
6,1.4448575789123508,0.0,0.0,118,1.3950002262674843e-05,6.231098826903658
6,1.9119741273833202,0.0,0.0,118,1.2205185065283786e-05,6.743606947308628
6,2.3244756889661335,0.0,0.0,119,1.0782205031034664e-05,7.191500012289353
6,3.139684676710508,0.0,0.0,119,8.281070499549514e-06,8.063082735144306
6,3.8123048793438863,0.0,0.0,119,6.5063684218102935e-06,8.76831644394241
6,4.154250010334881,0.0,0.0,119,5.697177840602308e-06,9.122058713499168
6,5.235835911683884,0.0,0.0,119,3.5086851184473744e-06,10.221130940065855
6,5.948991217333754,0.0,0.0,119,2.350071333978576e-06,10.931733415146553
6,6.8561012299688695,0.0,0.0,119,1.1661703354093333e-06,11.825163758813677
6,8.528040588010876,0.0,0.0,119,-3.2577480624240707e-07,13.4718660674109
6,9.336435938694665,0.0,0.0,119,-7.740479972540015e-07,14.283683345338574
6,10.832386367298897,0.0,0.0,119,-1.254504908843046e-06,15.835601137550345
6,12.68250479786528,0.0,0.0,119,-1.3763432633595585e-06,17.848915350730266
6,14.44647389582261,0.0,0.0,119,-1.1970339883760062e-06,19.834223343640115
6,16.84219577115459,0.0,0.0,119,-7.372666104288328e-07,22.550145003495103
6,19.91420027225783,0.0,0.0,119,-1.3727018455256257e-07,25.950817979124693
6,23.81720602614877,0.0,0.0,119,2.5812975934513815e-07,30.060441964812934
6,29.744856615119286,0.0,0.0,119,-1.0738530420439929e-07,36.03018504893784
6,37.36405387056415,0.0,0.0,119,-1.0200235465163132e-06,43.90833340430992
6,48.38964056159474,0.0,0.0,119,1.1661703354093333e-06,55.75441968808843
6,67.00369520865401,0.0,0.0,119,-5.010804386529344e-06,75.3666111653173
7,0.0,95.10405692232686,0.0,0,95.10431617499957,4.341791331755562
7,0.0,82.79385633402097,0.0,0,82.79355764884545,4.751709550218138
7,0.0,70.828819792301,0.0,0,70.82891331639375,4.731909978110625
7,0.0,64.45318769806272,0.0,0,64.45338030740919,5.0598022489773875
7,0.0,55.192408026060356,0.0,7,55.19247069614709,4.883237066116848
7,0.0,44.46681899164497,0.0,7,44.46678898349809,4.172752479516014
7,0.0,40.57877872343354,0.0,7,40.57876279368902,4.193681326725294
7,0.0,38.548425787948794,0.0,7,38.54841827387363,4.32246568859523
7,0.0,35.367711542063354,0.0,7,35.367712398673994,4.612563013844941
7,0.0,33.45052614607407,0.0,7,33.450528470895456,4.7066333322732135
7,0.0,24.476292123520516,0.0,7,24.47628974168218,3.1552226991726826
7,0.0,22.626891568883988,0.0,7,22.626888691587062,3.1602952710606473
7,0.0,21.50603281177067,0.0,7,21.506029758163077,3.346691487850297
7,0.0,20.9711573497964,0.0,7,20.971154238363113,3.4813058506904824
7,0.0,20.2043445568041,0.0,7,20.20434140546929,3.7158338650498024
7,0.0,19.424127133923584,0.0,7,19.424123991334817,3.9871792173223284
7,0.0,18.825603905418976,0.0,7,18.825600822198385,4.200477526009639
7,0.0,18.595602684516944,0.0,7,18.59559964799439,4.279820604534695
7,0.0,17.669562632284467,0.0,16,17.669559867595837,4.555151785532228
7,0.0,17.150378519530754,0.0,16,17.15037600544397,4.655281360738286
7,0.0,15.999776834273986,0.0,16,15.9997752355746,4.662201279547197
7,0.0,14.640810364924576,0.0,16,14.640810680132965,4.442783733217336
7,0.0,13.906177337544005,0.0,16,13.90617909540152,4.450187397859608
7,0.0,13.45243165607927,0.0,16,13.452434448380899,4.513100686695104
7,0.0,12.843144861900349,0.0,16,12.843149159683431,4.590047484561012
7,0.0,12.250433970514798,0.0,16,12.25043981058348,4.602171895547773
7,0.0,11.51124819281172,0.0,16,11.511255913163644,4.546646601358368
7,0.0,11.100282786836928,0.0,28,11.100291448541505,4.510196690339633
7,0.0,10.539638003709166,0.0,28,10.539647744710553,4.481105161484351
7,0.0,9.895608993378739,0.0,28,9.89561950509314,4.489888151411634
7,0.0,9.61199353136472,0.0,28,9.612004168933712,4.507165980223707
7,0.0,9.111564554451183,0.0,28,9.111575045874858,4.551305719426583
7,0.0,8.940679837425995,0.0,28,8.940690145226661,4.568657314603236
7,0.0,8.635772257636857,0.0,28,8.63578207073023,4.600091577881905
7,0.0,8.194544262800301,0.0,28,8.194552955190176,4.641675959852261
7,0.0,7.816569543332778,0.0,28,7.816576851853153,4.668715886614052
7,0.0,7.265272761902619,0.0,28,7.265277318867927,4.68724641390612
7,0.0,6.917272794549327,0.0,28,6.917275157564859,4.684264939896146
7,0.0,6.801272276889707,0.0,28,6.8012738376422845,4.6806861960161505
7,0.0,6.263336391162981,0.0,28,6.263333753432885,4.648155257688508
7,0.0,5.891081005588114,0.0,28,5.891075047824653,4.612340701778795
7,0.0,5.595621285616286,0.0,28,5.595612510835696,4.578247769460695
7,0.0,5.291857812340998,0.0,28,5.291846012633318,4.540054966295802
7,0.0,4.949988315056313,0.0,28,4.949973015457797,4.496224153845247
7,0.0,4.680026151980762,0.0,20,4.680008082979921,4.463454994473736
7,0.0,4.325120161449436,0.0,20,4.325098551983839,4.426772036551128
7,0.0,4.091056023473646,0.0,20,4.091032202991222,4.408802113627168
7,0.0,3.896338170649627,0.0,20,3.896312632969753,4.398780377408599
7,0.0,3.6357347144978043,0.0,20,3.635707101907183,4.393560068606707
7,0.0,3.443801889847013,0.0,20,3.4437729527120773,4.396293685860503
7,0.0,3.2343860832026756,0.0,20,3.234355951384721,4.405917487688374
7,0.0,3.103771901514005,0.0,20,3.1037411755850677,4.4154022810455835
7,0.0,2.901146559065912,0.0,20,2.9011151733783294,4.435124135249559
7,0.0,2.7162996762310905,0.0,20,2.7162679977369493,4.457856755042673
7,0.0,2.425083692739958,0.0,20,2.4250522554090104,4.500499845511332
7,0.0,2.253368956937693,0.0,20,2.253338120181116,4.527701301908831
7,0.0,2.205922567464866,0.0,20,2.20589196076126,4.5352471788771425
7,0.0,2.0254327152340768,0.0,14,2.025403275939773,4.563235921292293
7,0.0,1.7714575672163058,0.0,14,1.7714305759222917,4.597990795488592
7,0.0,1.5748405840153579,0.0,14,1.574816211196218,4.618602446389154
7,0.0,1.4300073179691508,0.0,14,1.429985309224449,4.629241199093379
7,0.0,1.2467285074488397,0.0,28,1.2467100657259351,4.636630826707041
7,0.0,1.1648654795306566,0.0,28,1.1648488602550486,4.637748588521184
7,0.0,0.9245281639775047,0.0,28,0.9245177105525784,4.6342426144469115
7,0.0,0.8231608161735224,0.0,28,0.8231533620873677,4.6304734607125155
7,0.0,0.639341784696637,0.0,13,0.6393404027147582,4.622115269297922
7,0.0,0.4740193539578469,0.0,13,0.4740241728050236,4.615010635996544
7,0.0,0.25224767711288787,0.0,13,0.2522619679261169,4.609757238829111
7,0.0,0.16537470361616402,0.0,13,0.16539308853928247,4.609757287121472
7,0.0,0.0,0.0,86,2.6806868426376695e-05,4.61349553410874
7,0.15201721406987723,0.0,0.0,86,2.5949209224052083e-05,4.7851338226579045
7,0.44711456824139684,0.0,0.0,86,2.433526088907456e-05,5.117211727239088
7,1.0244103641567914,0.0,0.0,86,2.1368192854254175e-05,5.76225164804837
7,1.19057855718106,0.0,0.0,86,2.0568622119299107e-05,5.946690023824928
7,1.9154841851139248,0.0,0.0,86,1.726896910980713e-05,6.744110329394122
7,2.0891633937705434,0.0,0.0,86,1.6534320785410728e-05,6.933301442141328
7,2.9993410081091243,0.0,0.0,86,1.298295106266778e-05,7.91190655061159
7,3.200195383924165,0.0,0.0,86,1.2255136674355072e-05,8.124829413537913
7,3.9044065356045876,0.0,0.0,86,9.932736780626783e-06,8.862470005745415
7,5.18377091886375,0.0,0.0,86,6.3836450365784e-06,10.168493254107037
7,5.7888452830801125,0.0,0.0,86,4.9826877699388206e-06,10.772889723156872
7,7.335276587717132,0.0,0.0,86,2.0999049681336146e-06,12.295448170404498
7,8.058889463908148,0.0,0.0,86,1.0634243921003872e-06,13.00716122765579
7,8.9382236409151,0.0,0.0,86,3.605573084541902e-08,13.881889072557044
7,10.701071670238171,0.0,0.0,86,-1.3705964860832864e-06,15.696395847933296
7,12.556759803641594,0.0,0.0,86,-2.128024604530765e-06,17.709099213347084
7,14.383124340534692,0.0,0.0,86,-2.351266573441535e-06,19.762356677540488
7,16.253838441017244,0.0,0.0,86,-2.2328116529024555e-06,21.88593042838314
7,20.842743654327066,0.0,0.0,86,-1.3592065926104624e-06,26.951151345458282
7,23.709148826993008,0.0,0.0,86,-8.261594359737501e-07,29.950787003485814
7,29.00354315527259,0.0,0.0,86,-3.9903832060872446e-07,35.28629456448108
7,36.76225672327196,0.0,0.0,86,-7.03148558045541e-07,43.26799735977095
7,47.383180479963286,0.0,0.0,86,9.620543082178301e-07,54.683846182598515
7,65.16001269051526,0.0,0.0,86,-2.1359975335144554e-06,73.39309723298246
8,0.0,52.80740274140889,0.0,9,52.807424255310075,-1.808676702583444
8,0.0,52.449275664528535,0.0,9,52.44929176607796,-1.0261836239607867
8,0.0,52.14675713228322,0.0,20,52.146768864811975,0.0549662998239242
8,0.0,51.93874126524839,0.0,20,51.938750106000725,1.0326234402409646
8,0.0,51.91945405928373,0.0,20,51.91946263886244,1.133087625264146
8,0.0,51.647844644941124,0.0,20,51.64784960020424,2.724530390885022
8,0.0,34.6140896003063,8.650223058498405,41,43.27326276629948,2.3232351951897634
8,0.0,34.26237456743852,9.006001567331763,41,43.277678419079066,2.358600018896592
8,0.0,34.63510864285181,0.0,51,34.63511015345212,2.1459553673416174
8,0.0,33.406550443137384,0.0,51,33.40655262282982,2.485223126777502
8,0.0,32.555957125381894,0.0,60,32.55595935556795,2.990316012833169
8,0.0,32.03593709891337,0.0,60,32.03593924435746,3.377564234125785
8,0.0,31.42935553051618,0.0,60,31.42935749752773,3.9127006394157817
8,0.0,31.06719786661153,0.0,60,31.067199703291035,4.280649222584763
8,0.0,20.81474947048097,7.794434647497117,60,28.614935289671312,4.156537066053232
8,0.0,19.82022327660093,7.009757606467357,60,26.834892964490436,4.253607327486339
8,0.0,19.819451205131188,5.46618539150646,60,25.289307115827597,4.222429508197777
8,0.0,19.886759419595652,3.6857720997466705,60,23.574844716764296,4.181575307904918
8,0.0,21.008702969433937,0.9298445309738834,60,21.939068179042994,4.044294818459946
8,0.0,20.62856357223112,0.0,60,20.62856256654139,4.050431066624494
8,0.0,19.874356431596073,0.0,60,19.8743551286154,4.142320997029888
8,0.0,19.117040968266352,0.0,60,19.11703937867189,4.271750676830436
8,0.0,18.420792227757154,0.0,60,18.42079040962515,4.400186674472344
8,0.0,17.74833524231198,0.0,9,17.748333269437556,4.527097333795236
8,0.0,17.167861759567636,0.0,9,17.167859747757188,4.62332005786039
8,0.0,14.451256133639506,1.5878536988935303,9,16.039732116425633,4.480713558777474
8,0.0,15.607473016712603,0.0,9,15.607471532795016,4.603551421534249
8,0.0,14.510827410491967,0.0,9,14.510827099591886,4.435462591885862
8,0.0,14.07037490054229,0.0,96,14.070375290603744,4.435790962742875
8,0.0,13.42341656213882,0.0,96,13.423418226747515,4.5183792013905375
8,0.0,12.916276798822187,0.0,96,12.916279652725883,4.580884849355652
8,0.0,12.289227998035454,0.0,96,12.289232519616522,4.590265595514129
8,0.0,11.680361387565807,0.0,96,11.680367670039065,4.551216109216384
8,0.0,11.126878428518488,0.0,96,11.126886358388841,4.5270321745741775
8,0.0,10.671254547918416,0.0,96,10.671263799586612,4.536094494830884
8,0.0,10.253520428582638,0.0,96,10.253530801975849,4.564658930806541
8,0.0,9.883278145894723,0.0,96,9.883289397338174,4.597881962669117
8,0.0,9.448442236567612,0.0,108,9.448454344522975,4.634394977204575
8,0.0,9.059756109000885,0.0,108,9.059768751560746,4.654795150251793
8,0.0,8.676165812371229,0.0,108,8.676178735827861,4.656612407670565
8,0.0,8.26387776302865,0.0,108,8.263890670616131,4.634479257452359
8,0.0,7.859936919387053,0.0,96,7.859949435367845,4.58927378777242
8,0.0,7.413374510106893,0.0,96,7.413386124418302,4.518992948268341
8,0.0,7.039358110319058,0.0,96,7.039368543268193,4.453153028394343
8,0.0,6.608127137784023,0.0,96,6.608135722808342,4.383732916855493
8,0.0,6.257675012121863,0.0,130,6.257681713031772,4.343966353485506
8,0.0,5.9424328346568815,0.0,130,5.942437561879373,4.328747730196525
8,0.0,5.673310688632545,0.0,130,5.673313518040697,4.334833012582699
8,0.0,5.413912710662312,0.0,130,5.413913564672985,4.358502449778868
8,0.0,5.170603825869898,0.0,130,5.170602694223874,4.395567368088855
8,0.0,4.939025119186731,0.0,130,4.939022021552759,4.4411349469919585
8,0.0,4.72100633500065,0.0,130,4.721001317215059,4.488278492537326
8,0.0,4.524983216760877,0.0,130,4.524976450736563,4.5282781051102035
8,0.0,4.279724146558945,0.0,130,4.279715180427818,4.564922047015145
8,0.0,4.063636199206524,0.0,134,4.063625317508883,4.576009523042625
8,0.0,3.8079190807046936,0.0,134,3.8079060087953707,4.556663899167646
8,0.0,3.5153577429507554,0.0,134,3.5153423423229917,4.49639369050098
8,0.0,3.2542419794827104,0.0,134,3.2542247309051326,4.433143813546128
8,0.0,2.99301897015001,0.0,134,2.9930001878142853,4.398109509282943
8,0.0,2.788525055825106,0.0,134,2.7885053460417275,4.409418534256982
8,0.0,2.6246747566133455,0.0,134,2.6246545148411045,4.445177536345284
8,0.0,2.441729677186124,0.0,134,2.4417090821035394,4.503015338959827
8,0.0,2.2619772465482657,0.0,134,2.261956612502061,4.553539723469992
8,0.0,2.0558802613114047,0.0,134,2.0558599865504092,4.560621718069502
8,0.0,1.8225551165081864,0.0,134,1.822535854160268,4.480109134720468
8,0.0,1.5624741917796134,0.0,134,1.5624569175108007,4.366629026017204
8,0.0,1.381587065870151,0.0,134,1.3815717709562172,4.364789057871015
8,0.0,1.3254908287787373,0.0,130,1.325476264784406,4.386893479308405
8,0.0,1.2312682856392028,0.0,130,1.2312550590311062,4.451426188315711
8,0.0,1.0667919165398956,0.0,130,1.0667814236821975,4.640248948503778
8,0.0,0.9799616671605161,0.0,140,0.979952815951254,4.766172800343011
8,0.0,0.8779065780793062,0.0,140,0.877899845994385,4.915534863734649
8,0.0,0.7426341645221092,0.0,140,0.7426305985898267,5.072421779719335
8,0.0,0.32754762195123416,0.0,140,0.32755635759903967,4.843147924350628
8,0.0,0.0717932234335486,0.0,108,0.0718116924530321,4.551855303579096
8,0.0,0.03637336958721843,0.0,108,0.03639332434020659,4.572303457313641
8,0.7652207556318534,0.0,0.0,159,1.8241321999568072e-05,5.039875128756776
8,1.4321373915184807,0.0,0.0,159,1.5673498296564503e-05,5.550013221445337
8,2.0530187113586362,0.0,0.0,159,1.3510134380112504e-05,6.116863503700536
8,2.759964733812322,0.0,0.0,159,1.1298279375182574e-05,6.85156733065482
8,3.54656758520114,0.0,0.0,159,9.127200964798021e-06,7.763427675337436
8,4.009343075117041,0.0,0.0,159,7.979945827685242e-06,8.338735754441398
8,4.802682790461895,0.0,0.0,159,6.2287561881646525e-06,9.375057400772501
8,5.520559273402056,0.0,0.0,159,4.856678717857221e-06,10.343526025852373
8,6.513310859667093,0.0,0.0,163,3.24986028132912e-06,11.66657099131525
8,7.894250812216025,0.0,0.0,163,1.5394472399066217e-06,13.272467939826864
8,9.962847405009828,0.0,0.0,163,-1.2357677903196418e-07,14.711827342369723
8,12.946014360179065,0.0,0.0,163,-1.1363793461782734e-06,16.831486752841073
8,14.320022998896803,0.0,0.0,170,-1.2366677388797598e-06,19.541360548467434
8,15.71515262857171,0.0,0.0,170,-1.2124221946407943e-06,23.436017108409775
8,16.70533918349932,0.0,0.0,170,-1.1341752070848088e-06,26.44877883770468
8,18.953554711297844,0.0,0.0,170,-8.718824844322626e-07,32.77173048552969
8,26.70341015018976,0.0,0.0,170,-2.4149829513930854e-07,38.955498725235365
8,44.64382987584898,0.0,0.0,170,-1.667596549737027e-08,50.45892869302338
8,61.79617719397118,0.0,0.0,170,1.8359041398241516e-06,68.68317557238518
9,0.0,90.97260245042126,0.0,1,90.97263406447568,4.19946333869801
9,0.0,73.53802801535,6.510547688715786,1,80.05709986970257,4.721596204526751
9,0.0,72.72774182667462,0.0,1,72.72776554770113,5.2415490455712295
9,0.0,72.20725269977821,0.0,1,72.20729464316511,6.224325897263853
9,0.0,51.37137007148592,0.0,1,51.37136485499481,4.589779184101154
9,0.0,50.97233391173573,0.0,1,50.97232627622493,5.276833538089214
9,0.0,36.25298412536794,4.507858283712032,1,40.76556518567372,4.230342929255748
9,0.0,35.41875419433956,0.0,1,35.41875425323502,4.189130533477297
9,0.0,31.489949104904625,2.489551983442805,1,33.9817425767638,4.516489938521364
9,0.0,31.05400934670632,0.0,1,31.054009990690734,4.491189601521
9,0.0,18.500671101457872,11.480543694178232,61,29.989840240323932,4.820087436590054
9,0.0,18.049417853992647,9.565714247445655,61,27.622106465348203,4.739144311693387
9,0.0,17.28917635080377,8.879281878056435,61,26.174673258586786,4.784350797606798
9,0.0,16.399097494489194,8.075617600691315,61,24.4800660037348,4.871560389913899
9,0.0,21.658510705214756,0.0,72,21.658510655084044,4.501877275443928
9,0.0,20.781916865322366,0.0,72,20.781916499628352,4.613739617124274
9,0.0,19.724563875963348,0.0,72,19.724563054521653,4.638337343305306
9,0.0,18.0122126604,0.0,72,18.01221113438031,4.501637797380077
9,0.0,17.17944846494043,0.0,72,17.179446744431186,4.566917693491103
9,0.0,14.094486294020417,2.1247694436070055,72,16.220153654640875,4.517134535709442
9,0.0,15.562493892761426,0.0,72,15.56249248265053,4.60211896132758
9,0.0,14.329180551552218,0.0,72,14.329180328492932,4.4322793999567125
9,0.0,13.78344637045684,0.0,82,13.783446996898967,4.462829550403082
9,0.0,13.142147328188845,0.0,82,13.142149219163027,4.558437249507854
9,0.0,12.631657162241957,0.0,82,12.631660266322204,4.601276926166754
9,0.0,12.233878084150316,0.0,82,12.233882217329107,4.597562364884251
9,0.0,11.35008546491821,0.0,82,11.350092107060508,4.532052439181758
9,0.0,10.74615855543419,0.0,82,10.74616695604319,4.508439442917364
9,0.0,10.202440775278983,0.0,82,10.202450673869805,4.5197476352410355
9,0.0,9.897088862300171,0.0,82,9.8970995181709,4.5362408956954745
9,0.0,9.35542897497703,0.0,82,9.355440757171156,4.57369303220873
9,0.0,9.019323643745766,0.0,82,9.019335939280992,4.597077969227147
9,0.0,8.579633893435949,0.0,82,8.579646589406202,4.622623941075631
9,0.0,8.217399608936335,0.0,82,8.217412365768904,4.636684453158978
9,0.0,7.8438941302467065,0.0,107,7.843906658544363,4.642516570679771
9,0.0,7.559032828619369,0.0,107,7.559044965385198,4.640013119722841
9,0.0,7.153741411158385,0.0,107,7.1537526207634485,4.625362159930006
9,0.0,6.795203159731342,0.0,107,6.795213189283356,4.602294938914337
9,0.0,6.41599133729702,0.0,107,6.415999729913452,4.5703221448449085
9,0.0,6.03463234743372,0.0,107,6.034638699455247,4.535091135908754
9,0.0,5.760620617951326,0.0,107,5.76062527641297,4.5113865716961
9,0.0,5.423918455143836,0.0,107,5.423920772996567,4.488273444610293
9,0.0,5.148453895787239,0.0,107,5.1484541340661245,4.477029972438583
9,0.0,4.890119503809706,0.0,107,4.890117674343848,4.474203866103462
9,0.0,4.6721890938753425,0.0,114,4.672185464049036,4.477729462842433
9,0.0,4.383582055813355,0.0,114,4.383575981970356,4.489149260185577
9,0.0,4.157808512085967,0.0,114,4.15780052763855,4.501103772299526
9,0.0,3.95989428523542,0.0,114,3.959884647025312,4.511712570610936
9,0.0,3.733526293143183,0.0,114,3.73351483578962,4.521753001920981
9,0.0,3.513392237053034,0.0,114,3.513379115492487,4.5272492271651075
9,0.0,3.32363883286326,0.0,114,3.3236243887094012,4.527229139023266
9,0.0,3.114631875571991,0.0,114,3.114616136578153,4.5214976942279215
9,0.0,2.8826418246311687,0.0,114,2.8826249065983838,4.509537546622166
9,0.0,2.676016159402376,0.0,115,2.6759984588634893,4.498108955119488
9,0.0,2.4894032707413563,0.0,115,2.4893851356079004,4.493310635533891
9,0.0,2.313348084169035,0.0,115,2.31332980143506,4.500979734118307
9,0.0,2.1422473973800678,0.0,107,2.142229257812968,4.526672538153875
9,0.0,1.9884909536236366,0.0,107,1.988473205646084,4.565374543576002
9,0.0,1.836021062010757,0.0,107,1.8360039724644075,4.608267270950876
9,0.0,1.713656104073788,0.0,107,1.7136397557964749,4.633613685429292
9,0.0,1.5091615775637182,0.0,107,1.509146941696521,4.635315179967559
9,0.0,1.3319073055662352,0.0,107,1.3318946673118113,4.602450839215987
9,0.0,1.1579227603862605,0.0,107,1.1579125940319699,4.600104900972106
9,0.0,1.0765620246002958,0.0,107,1.0765531954914742,4.632922060849449
9,0.0,1.0273844387756554,0.0,107,1.0273764860006516,4.665913417166141
9,0.0,0.9233104252969783,0.0,107,0.9233044727540509,4.76359090280075
9,0.0,0.7998996149110329,0.0,111,0.7998963130456538,4.901575329866137
9,0.0,0.7082104136259495,0.0,111,0.7082092953736101,4.990176337526641
9,0.0,0.38534807681216005,0.0,111,0.3853561559473597,4.917290158251603
9,0.0,0.07753160877954218,0.0,111,0.07755086328984362,4.549923897132697
9,0.0,0.06375379068494827,0.0,168,0.0637736003222642,4.5542905628844075
9,0.29521445255116935,0.0,0.0,168,2.1161693652516078e-05,4.7499753876496165
9,0.9139944683724546,0.0,0.0,168,1.8586122418895457e-05,5.132589661292908
9,1.4362225284989052,0.0,0.0,168,1.65873608217737e-05,5.541081648473465
9,1.9469415627312483,0.0,0.0,168,1.4772417678443617e-05,6.001752402128627
9,2.4347909243752146,0.0,0.0,168,1.3158195841356246e-05,6.490245789615219
9,2.931458600404303,0.0,0.0,164,1.164222179639296e-05,7.030697038953644
9,3.4061595488858463,0.0,0.0,164,1.030055835471444e-05,7.583585321669535
9,3.9205401306752217,0.0,0.0,164,8.949387066081727e-06,8.217648381837293
9,4.505055120427859,0.0,0.0,164,7.561240796150059e-06,8.974049298915471
9,5.251986209627193,0.0,0.0,173,5.975542510583409e-06,9.97695938084911
9,6.019703261671541,0.0,0.0,173,4.55675983346282e-06,11.016697312728319
9,6.495814899644106,0.0,0.0,173,3.7771160386057545e-06,11.645401541580775
9,7.487873701045192,0.0,0.0,173,2.3773490660516927e-06,12.847020599347163
9,9.083971549388695,0.0,0.0,173,7.007979796469499e-07,14.247551744155771
9,12.148959231995962,0.0,0.0,173,-1.004276661831227e-06,15.89713160832992
9,13.538469464778727,0.0,0.0,173,-1.3064150401476127e-06,17.823240442110567
9,14.573052006558743,0.0,0.0,173,-1.3993806966539069e-06,20.185502061856152
9,15.621742977074108,0.0,0.0,173,-1.4141706863313175e-06,23.15277855500747
9,17.002975993526405,0.0,0.0,190,-1.343390017893853e-06,27.33166492972817
9,19.506063612320837,0.0,0.0,190,-1.0539287700339628e-06,34.001398179824406
9,37.179925374250786,0.0,0.0,190,-7.539032473857787e-07,39.18672921813113
9,44.51173062218445,0.0,0.0,190,1.728912479848077e-08,50.28835520477746
9,60.9382390729832,0.0,0.0,190,2.3868569165585996e-06,67.84239225604806
10,0.0,99.25514143151004,0.0,14,99.2552508039669,4.951050607258207
10,0.0,73.48715539199601,6.2364241139894405,14,79.73183099223994,4.716710994334289
10,0.0,73.08022761315598,0.0,14,73.08023930066679,4.9341028952350605
10,0.0,32.27597079763967,27.987434292497777,14,60.28860485559201,4.871660802777697
10,0.0,51.5128484684192,0.0,14,51.51284415360507,4.360638565247964
10,0.0,32.081664046435506,8.59703139974834,14,40.6881330975477,3.7933161722386437
10,0.0,32.05370423922599,4.088580217309956,14,36.1463518430925,3.69713613014736
10,0.0,36.04694194816519,0.0,14,36.04694162545305,4.332004481300203
10,0.0,31.20660144448385,0.0,15,31.206601945199733,4.043760573806988
10,0.0,30.946807278609747,0.0,15,30.946807749050397,4.36778116008804
10,0.0,22.072866661338175,6.747389428549716,15,28.825902625984998,4.22445279578616
10,0.0,16.662131472366728,10.23913070295415,15,26.908681147476848,4.6214875105310895
10,0.0,17.22566714975514,7.48027796776809,15,24.71124799151845,4.513602554446408
10,0.0,21.69045711410429,0.0,15,21.690457178680205,4.110148020784493
10,0.0,21.16209116529295,0.0,65,21.162091106873245,4.323422367713668
10,0.0,20.652261237721213,0.0,65,20.65226103033416,4.61611677901805
10,0.0,17.148411049689834,1.6419245618360545,65,18.791191193143135,4.4246945621415925
10,0.0,18.013648499411858,0.0,65,18.013647330007338,4.546549163216547
10,0.0,16.731867932924196,0.0,65,16.731866463777155,4.443967118531539
10,0.0,16.265877651061743,0.0,65,16.265876175573446,4.518517760897353
10,0.0,15.584259497873695,0.0,65,15.584258155141478,4.653599009641649
10,0.0,14.454273155213412,0.0,65,14.454272556674464,4.559621581572031
10,0.0,13.508274027908932,0.0,80,13.508274670534226,4.457694739387819
10,0.0,13.139056739431748,0.0,80,13.139058034505513,4.567392358856168
10,0.0,10.638635199119191,1.824229276210737,80,12.463386308825266,4.5447798418041145
10,0.0,11.973628101813189,0.0,80,11.973632052216647,4.638080446403528
10,0.0,11.266023115783803,0.0,80,11.266029032843672,4.519845644092065
10,0.0,10.667902747658026,0.0,80,10.667910417228097,4.494288135937591
10,0.0,10.178496213288108,0.0,80,10.178505303633234,4.519820408428632
10,0.0,9.759462648377365,0.0,80,9.759472884970531,4.549316468164015
10,0.0,9.308107799862949,0.0,100,9.308119136223429,4.574310561275642
10,0.0,8.919910244453767,0.0,100,8.919922363655072,4.59113106116633
10,0.0,8.525242935407553,0.0,100,8.52525564982001,4.613315218090936
10,0.0,8.283045783396693,0.0,100,8.283058743023386,4.633896832467535
10,0.0,8.029134130684103,0.0,100,8.029147233340623,4.661852768965545
10,0.0,7.552211722482995,0.0,100,7.552224735407091,4.719373792628204
10,0.0,7.23491623260011,0.0,100,7.234928896967691,4.7460085580361415
10,0.0,6.978053164711334,0.0,103,6.9780653594959645,4.752418953876983
10,0.0,6.567940777768294,0.0,103,6.56795186345909,4.726619368313049
10,0.0,6.186274478700343,0.0,103,6.186284110141887,4.66418654338576
10,0.0,5.859252286661071,0.0,103,5.859260352931127,4.5920732322350695
10,0.0,5.495208320548101,0.0,103,5.495214311684737,4.512964878905148
10,0.0,5.197345996391517,0.0,103,5.197350046579359,4.469406403093998
10,0.0,4.872234294352242,0.0,121,4.872236013594197,4.465573162608258
10,0.0,4.66223063916599,0.0,121,4.66223075779158,4.495485727511088
10,0.0,4.448571045625553,0.0,121,4.4485694675173875,4.547069659338845
10,0.0,4.284079521467579,0.0,121,4.284076615700421,4.588031983928893
10,0.0,4.055000350758344,0.0,121,4.054995577768242,4.620278831892989
10,0.0,3.7996314876306907,0.0,121,3.7996246414319153,4.589127733259446
10,0.0,3.439120464032166,0.0,121,3.4391108050745984,4.415050767620915
10,0.0,3.089332150790627,0.0,121,3.0893200524040445,4.246390242769728
10,0.0,2.8871020302555377,0.0,121,2.8870887128267704,4.242082994179256
10,0.0,2.7858291292122495,0.0,121,2.785815282730603,4.27645553238326
10,0.0,2.665801811616555,0.0,121,2.6657874007448186,4.346003766957903
10,0.0,2.5673663862083904,0.0,116,2.567351577154529,4.419033867672102
10,0.0,2.3918516086818484,0.0,116,2.391836255246595,4.5453498115267585
10,0.0,2.2169407943551365,0.0,116,2.216925135349424,4.589081814608139
10,0.0,2.0376115530231353,0.0,121,2.0375958627095976,4.557050701678374
10,0.0,1.8480733701459549,0.0,121,1.8480579910551285,4.559468332732656
10,0.0,1.7123134394816992,0.0,121,1.712298542757587,4.596507758519014
10,0.0,1.5637378172379999,0.0,121,1.5637236990674523,4.6301544055981445
10,0.0,1.374879861752756,0.0,139,1.3748671795241947,4.610485405334451
10,0.0,1.2069934170362642,0.0,139,1.2069824629434756,4.576331878744998
10,0.0,1.1158305492442677,0.0,139,1.1158207304685916,4.6024287700496345
10,0.0,1.0601115385748952,0.0,139,1.060102483486439,4.645702289769197
10,0.0,0.966717948426471,0.0,137,0.9667102988817042,4.766650383593227
10,0.0,0.8781339381191355,0.0,137,0.878127763742981,4.922407147791766
10,0.0,0.8074135609512492,0.0,137,0.8074086828378526,5.055483637788289
10,0.0,0.7078785483092209,0.0,137,0.7078756592797788,5.21742093958245
10,0.0,0.15336712674620112,0.0,137,0.15337938472474733,4.580452684562356
10,0.0,0.03488967747590013,0.0,182,0.03490615672217956,4.606948244845196
10,0.0,0.0,0.0,182,1.7796687092896946e-05,4.613533526488897
10,0.5249416947959745,0.0,0.0,182,1.59722951202923e-05,4.949306461960269
10,1.0511020275601985,0.0,0.0,182,1.4282891790173835e-05,5.329879219055677
10,1.6017572793361774,0.0,0.0,182,1.2645643167275011e-05,5.784291247367108
10,2.156846162937451,0.0,0.0,182,1.1136224696173258e-05,6.299540590125684
10,2.636867444240851,0.0,0.0,182,9.929508031802925e-06,6.788144582305517
10,3.088298680785015,0.0,0.0,182,8.875164912325317e-06,7.281192164885425
10,3.7039570275910068,0.0,0.0,182,7.558002995011748e-06,8.000897401938257
10,4.272079732499987,0.0,0.0,182,6.457641021029303e-06,8.706698502063375
10,4.808744371266258,0.0,0.0,182,5.514765796021948e-06,9.401996384577327
10,5.449097467306493,0.0,0.0,182,4.493147198303404e-06,10.253808066394631
10,6.236270327269919,0.0,0.0,182,3.4009663529843692e-06,11.301976384232091
10,7.110419052897707,0.0,0.0,182,2.3650307774403245e-06,12.403270415976936
10,8.463327824269548,0.0,0.0,182,1.1092273339841086e-06,13.78812845094209
10,11.30267705929808,0.0,0.0,182,-4.697307396384076e-07,15.303257243267257
10,13.406363931898499,0.0,0.0,182,-9.810513610375438e-07,17.57838670925618
10,14.363399811090094,0.0,0.0,191,-1.0792249192093095e-06,19.649094244854794
10,15.450379976866902,0.0,0.0,191,-1.1221758526858139e-06,22.643845708512952
10,16.87148033301803,0.0,0.0,191,-1.0955871800888417e-06,26.92824926756097
10,18.441989401990476,0.0,0.0,209,-1.0045721090534698e-06,31.38940431647057
10,28.22745185174832,0.0,0.0,209,-4.727986642194537e-07,37.94630804866425
10,43.41651830576666,0.0,0.0,209,-2.6008928699639e-07,48.511042316630764
10,58.8115192916225,0.0,0.0,209,3.25166073267269e-06,65.81794126189297
11,0.0,90.79100941905612,39.24609180072809,3,130.03755499192562,5.388501073938233
11,0.0,73.46525412216394,25.636071660487875,3,99.11684048498242,5.016865636586626
11,0.0,73.47005819004733,10.13799355289511,3,83.6076278793353,4.705465554652243
11,0.0,29.965320979698824,36.77920541085315,16,66.75876612681711,4.692508445524286
11,0.0,51.68589232596352,0.0,16,51.68588914785724,3.909880421213405
11,0.0,30.413371121865985,16.756869063539327,16,47.177073879561156,4.049992695680498
11,0.0,30.213187921222396,10.005794963364531,16,40.22157451955768,3.7140833860986397
11,0.0,30.21205328281112,7.266204213900532,16,37.4794247301662,3.656786364850962
11,0.0,30.101988565248135,2.8340939178110585,16,32.935941954429936,3.561964250434958
11,0.0,29.780768887325333,0.0,16,29.78076835135426,3.6936529108551497
11,0.0,29.397293635628767,0.0,16,29.39729305405891,4.264571457412618
11,0.0,29.327648660143506,0.0,16,29.327648071206163,4.402985186019848
11,0.0,13.725682585765991,13.719780535147303,60,27.450086701476426,4.536391457571465
11,0.0,16.77868627022571,8.505237458817842,60,25.286098877936283,4.549645989776256
11,0.0,12.960858400223355,10.50662683954337,60,23.470512562592038,4.69943740662595
11,0.0,14.134885529275525,7.288416106440637,60,21.424850140010793,4.493656606270992
11,0.0,13.844954782762795,6.026255489356702,72,19.87221734178019,4.44269294787135
11,0.0,13.349572722103353,5.812827576833596,72,19.163311111646486,4.532578287661707
11,0.0,13.567196727279496,4.091586265470019,72,17.65912584305593,4.46079142796572
11,0.0,16.79545418912883,0.0,72,16.79545304693869,4.505965117163711
11,0.0,11.179371503057505,4.8778290116464005,72,16.05770851346199,4.564158000948744
11,0.0,10.555273140043338,4.608945615566437,72,15.164618653362865,4.539228366076376
11,0.0,14.299973945624819,0.0,16,14.29997337993027,4.506724616815866
11,0.0,13.524481400610796,0.0,16,13.524481653001104,4.452854808277419
11,0.0,10.325639220187616,2.684600082161835,16,13.010212113093713,4.508193909224321
11,0.0,9.564817532168554,2.836058845037679,16,12.400847471491002,4.539692184189864
11,0.0,11.87250775596049,0.0,9,11.872511046622009,4.627183499166161
11,0.0,11.164495123085128,0.0,9,11.164500198432497,4.503708199298821
11,0.0,10.54001550565477,0.0,9,10.54002229992065,4.463386521506781
11,0.0,10.219514846411334,0.0,9,10.21952253583456,4.460409951015752
11,0.0,9.557307665986567,0.0,9,9.557317155980272,4.462682678830898
11,0.0,9.294110727396196,0.0,9,9.294120882446862,4.468372594486976
11,0.0,8.790810048655112,0.0,94,8.790821326113825,4.510114886273087
11,0.0,8.492338492777435,0.0,94,8.492350314979053,4.5693819241933475
11,0.0,8.188451704316973,0.0,94,8.188463966800825,4.664350206991152
11,0.0,8.000832176156875,0.0,94,8.000844640993737,4.7390037459920045
11,0.0,7.769269945970975,0.0,94,7.7692825857218395,4.841705459194856
11,0.0,7.509052537745991,0.0,94,7.509065258213067,4.9593914769778635
11,0.0,7.280796073149766,0.0,99,7.280808747295811,5.052663322852229
11,0.0,7.093176544989667,0.0,99,7.093189098241847,5.114684783939545
11,0.0,6.783952554994245,0.0,99,6.78396473446583,5.174125075076258
11,0.0,5.144795815784402,0.8968911433874552,99,6.0415063691570055,4.790168914640702
11,0.0,4.937718970390502,0.7339683946601714,99,5.671527894103335,4.705852129030067
11,0.0,5.241184037163806,0.0,99,5.241190777517417,4.5715416471177335
11,0.0,4.9236250834258435,0.0,102,4.923629987897648,4.466158643952003
11,0.0,4.704953344021791,0.0,102,4.704956870280061,4.500020322852503
11,0.0,4.526784050804624,0.0,102,4.526786389731502,4.608147372674974
11,0.0,4.415308132591823,0.0,131,4.415309709546296,4.6974237331221715
11,0.0,3.233429443736665,1.0056964221685794,131,4.238868796105109,4.689713834898541
11,0.0,3.2239075247065188,0.38299087084400985,131,3.6067793617899646,4.2837447184342885
11,0.0,3.150311595197265,0.0,131,3.150304203468199,4.060859354241057
11,0.0,3.1304474155199964,0.0,131,3.130439897707941,4.076681006929743
11,0.0,3.0373716494335192,0.0,131,3.037363544136916,4.196071181499182
11,0.0,2.9666926505667948,0.0,131,2.966684115758138,4.327528606560303
11,0.0,2.897694613623171,0.0,131,2.8976856702831526,4.472931548194509
11,0.0,2.814294109267426,0.0,122,2.8142847064689533,4.636358650422441
11,0.0,2.3935251680234164,0.0,122,2.3935138907605413,4.49674152443659
11,0.0,2.3362131328529627,0.0,122,2.3362016844409013,4.553141288893325
11,0.0,2.101898294518213,0.0,131,2.1018863411926425,4.617822433117816
11,0.0,1.8655549593063827,0.0,131,1.8655429470526634,4.472668214500963
11,0.0,1.6991767171608336,0.0,131,1.6991649844723788,4.524569321444513
11,0.0,1.580714446196522,0.0,131,1.5807030860755447,4.593507996503956
11,0.0,1.4307085667218513,0.0,131,1.430697920775561,4.623947305370887
11,0.0,1.2594037112459933,0.0,131,1.2593942271297038,4.562387288541085
11,0.0,1.1391480669365475,0.0,131,1.1391396451943265,4.56764401583553
11,0.0,1.0889722655505265,0.0,131,1.0889643491104763,4.611249188918663
11,0.0,0.9741268404988623,0.0,100,0.9741202376674529,4.827170858294611
11,0.0,0.9215803320572313,0.0,100,0.9215743997210666,4.972380985482371
11,0.0,0.8826180418027657,0.0,121,0.8826126329089838,5.0917183373042185
11,0.0,0.8016462353571369,0.0,121,0.8016420096460273,5.347980993034003
11,0.0,0.7513789292571987,0.0,121,0.7513754964671193,5.495068780051035
11,0.0,0.08617350656009715,0.0,122,0.08618534421200863,4.588786779794262
11,0.0,0.0306196814310572,0.0,122,0.030633242905405922,4.598604855113223
11,0.26458398367781855,0.0,0.0,182,1.3541900948155217e-05,4.7739561565815904
11,0.8190768736824838,0.0,0.0,182,1.1580605494998508e-05,5.148829498212002
11,1.347655687238064,0.0,0.0,182,9.904877831701242e-06,5.5567283232712406
11,1.86700825507779,0.0,0.0,182,8.417545586780761e-06,6.008395504277068
11,2.432245201684707,0.0,0.0,182,6.975824863530988e-06,6.556969876551673
11,2.887654819735724,0.0,0.0,182,5.928742961458511e-06,7.03974468259953
11,3.5346405499615816,0.0,0.0,182,4.619890585644271e-06,7.781992164500002
11,4.068451565994518,0.0,0.0,182,3.6739472761837533e-06,8.437393876011672
11,4.66954573093204,0.0,0.0,182,2.751801286393629e-06,9.211839703276032
11,5.231460511050784,0.0,0.0,182,2.0140844902982735e-06,9.958971099747957
11,5.909066343315788,0.0,0.0,182,1.260502820343845e-06,10.868734498786802
11,6.826776036071619,0.0,0.0,182,4.6527584629529883e-07,12.06010635032482
11,7.896068204594103,0.0,0.0,182,-1.891503416118212e-07,13.269576157485968
11,10.12572784138493,0.0,0.0,182,-8.316778696837446e-07,14.783719121589455
11,12.829762384332454,0.0,0.0,184,-7.801170198717955e-07,16.67014535658114
11,14.085166611974941,0.0,0.0,184,-5.897384909303582e-07,18.97938369751284
11,15.222358597074216,0.0,0.0,184,-3.795288670005448e-07,21.982654236358165
11,16.424228552880393,0.0,0.0,184,-1.3758948824715844e-07,25.6029580911899
11,18.063810692688758,0.0,0.0,203,1.697925071653117e-07,30.47294849826795
11,20.77596912755462,0.0,0.0,203,5.465833439188827e-07,36.64667851303457
11,42.81907791418304,0.0,0.0,203,-6.135358070480379e-07,47.32317066190154
11,55.72952189222923,0.0,0.0,203,3.531163383030389e-06,63.209549152354484
12,0.0,99.91520811168567,27.620767048282502,4,127.51379073150673,4.759540807136609
12,0.0,73.05256560128561,26.21827364946486,4,99.28213720662464,5.1120363682195915
12,0.0,73.41259987363303,5.527966624290655,4,78.9395791998424,4.6601995053908745
12,0.0,35.100063615714575,35.018440155774385,21,70.12925102316112,5.0365806402566236
12,0.0,51.77254937360388,0.0,21,51.772546685730056,3.7262999773745875
12,0.0,51.363349917849874,0.0,21,51.363344289407,4.707659664071851
12,0.0,34.956026594809195,9.463054524761203,21,44.4195621494665,4.529622813399637
12,0.0,34.941476683541225,5.035480800162863,21,39.97700063766522,4.475481915065878
12,0.0,36.66692290001157,0.0,21,36.666920462396575,4.444642001030964
12,0.0,34.43445334285119,0.0,21,34.434454564536864,4.783681597655836
12,0.0,30.77157912760201,0.0,21,30.77158621718052,4.585672417455559
12,0.0,30.652008791438323,0.0,21,30.652016042739795,4.790187270225427
12,0.0,22.135448592316195,4.941031627493636,29,27.076517205824324,4.5587654658729875
12,0.0,21.515440367908685,4.35842009026359,29,25.873881281172068,4.725974613356531
12,0.0,20.341278947582413,3.2550799035971636,29,23.59635265617623,4.7876099726387835
12,0.0,21.563710253698975,0.0,20,21.563710937477847,4.601502834332479
12,0.0,21.11886599697499,0.0,20,21.11886615811496,4.6455711404554805
12,0.0,19.401558247423466,0.0,20,19.401556958303445,4.718203651522881
12,0.0,17.01231039857435,0.0,20,17.012308398425226,4.2271243323473335
12,0.0,16.415001639562576,0.0,20,16.414999667108034,4.243939052104931
12,0.0,15.996696458603054,0.0,77,15.996694567441594,4.442265550825294
12,0.0,15.589108125177997,0.0,77,15.5891063613432,4.74329114547033
12,0.0,15.546585028265369,0.0,77,15.546583282939034,4.774897843936451
12,0.0,12.069671908102551,0.0,77,12.069674496596994,3.8525952786363433
12,0.0,12.044514282689844,0.0,77,12.044516931780642,3.8664883843650237
12,0.0,11.648612707637152,0.0,77,11.648616294044066,4.212327178978686
12,0.0,11.461721295066676,0.0,77,11.461725349948544,4.4276536362822405
12,0.0,11.311913871946167,0.0,77,11.311918313227538,4.6071397896846875
12,0.0,11.206892166815107,0.0,77,11.206896889209547,4.731804530225187
12,0.0,6.930528289644289,3.596127167433888,109,10.52664111845387,4.543875195336863
12,0.0,6.5744450919378306,3.332926416884388,109,9.907344153489086,4.509516564995977
12,0.0,6.374760527971918,3.185328531200651,109,9.56005456958989,4.522882760449207
12,0.0,6.793698853232735,1.4534936020747014,109,8.24715006309627,4.190209899895638
12,0.0,7.142089847426686,0.6474640731946646,109,7.789533805329128,4.133236430292058
12,0.0,7.483617921114938,0.0,20,7.483630904538366,4.166776606539496
12,0.0,6.862385116283059,0.0,20,6.862397898219356,3.9674023387860373
12,0.0,6.5129734846613445,0.0,20,6.512985766377611,3.93155840935831
12,0.0,6.223562378851087,0.0,20,6.223574019154324,3.950249438123212
12,0.0,6.0409219163812224,0.0,130,6.0409330400345524,3.9863656593578547
12,0.0,5.913140905595035,0.0,130,5.9131516218700035,4.022899602262662
12,0.0,5.593660147106791,0.0,130,5.593669651601083,4.150963253031545
12,0.0,5.415787362720112,0.0,130,5.4157960842725785,4.238883069465199
12,0.0,5.402314374831559,0.0,130,5.402323036932131,4.245783840577477
12,0.0,5.079093124006008,0.0,130,5.079100152788509,4.403527836218089
12,0.0,4.893280525323266,0.0,130,4.893286516186869,4.463631649106773
12,0.0,4.65245214568771,0.0,130,4.652456683373547,4.457235791122436
12,0.0,4.205729201548625,0.0,130,4.205730794011441,4.254599270772751
12,0.0,4.012059200675363,0.0,130,4.012059450500011,4.241219863680509
12,0.0,3.862401332110313,0.0,130,3.8624005204225647,4.310899438416676
12,0.0,3.7739564320708627,0.0,130,3.773954996803049,4.38383742090144
12,0.0,3.719912290219992,0.0,130,3.719910467308278,4.436818191407937
12,0.0,2.30770619780532,4.128233010523838,130,6.4358221588569435,8.013405445460958
12,0.0,3.373069805729597,0.0,130,3.3730655538834746,4.680604534809763
12,0.0,2.9618065237693907,0.0,130,2.961799620377146,4.388326602819319
12,0.0,2.912943243196131,0.0,130,2.9129360518004113,4.448368152661626
12,0.0,2.8340286299340343,0.0,130,2.8340209873016313,4.613023049231035
12,0.0,2.466775087021108,0.0,130,2.46676568561978,4.496131745102787
12,0.0,2.2510265262196794,0.0,20,2.251016411644393,4.489180295673215
12,0.0,2.119382099072026,0.0,20,2.119371709033306,4.435421987931008
12,0.0,2.0350789851566007,0.0,128,2.0350684795407545,4.538980227781309
12,0.0,1.9591684719840061,0.0,128,1.9591579136244306,4.67425249376339
12,0.0,1.874874122328149,0.0,128,1.874863561362428,4.817497813108886
12,0.0,1.3358697224345517,0.3216331353772972,128,1.6574541586017872,4.838504704058419
12,0.0,1.2656834932552306,0.0,128,1.2656751618042463,4.491298359912815
12,0.0,1.1761542229693223,0.0,128,1.1761466045015645,4.48955465159397
12,0.0,1.1187323428459393,0.0,128,1.1187252547047812,4.547056479564134
12,0.0,1.0488341840494166,0.0,152,1.0488277942486128,4.683896671582843
12,0.0,0.9795461398623986,0.0,152,0.9795405206059762,4.885042330460621
12,0.0,0.9144469027876814,0.0,152,0.9144420805829725,5.11607291070289
12,0.0,0.8613222889928953,0.0,152,0.8613181674697508,5.318054989359293
12,0.0,0.16974775020955185,0.29322735010180107,152,0.4629420150916346,4.847126732230006
12,0.0,0.7132802231715654,0.0,152,0.7132783121161346,5.809839048715361
12,0.0,0.027263700527685664,0.0,207,0.02727778866673347,4.59815628298152
12,0.23538351726494489,0.0,0.0,207,1.4037824410451094e-05,4.919735951251528
12,0.2728450321062198,0.0,0.0,207,1.390107384224848e-05,4.96861982441548
12,0.6374029026224952,0.0,0.0,207,1.2587497963068017e-05,5.445114882991813
12,1.1550879660346207,0.0,0.0,207,1.0873300698932553e-05,6.119518541809441
12,1.4144867475024108,0.0,0.0,207,1.0073983997216374e-05,6.454562471804067
12,1.7918186554667175,0.0,0.0,207,8.985757645518788e-06,6.935837809800169
12,2.1621166503368787,0.0,0.0,207,7.995760572754307e-06,7.397666433744261
12,2.783720776888923,0.0,0.0,207,6.499208581089988e-06,8.138473315303045
12,4.050219174698835,0.0,0.0,207,4.033846224160698e-06,9.458516600377937
12,4.148848846483114,0.0,0.0,207,3.873982883817462e-06,9.549118423869931
12,5.357664892403405,0.0,0.0,207,2.1828983918226186e-06,10.5265777769485
12,8.089454064021364,0.0,0.0,207,1.2223878798067744e-08,12.673904894092113
12,8.219128212538655,0.0,0.0,207,-4.170592049490551e-08,12.814429154694098
12,9.378854617313193,0.0,0.0,207,-4.307709176032404e-07,14.263836392571449
12,11.168676961546334,0.0,0.0,207,-6.42637996151052e-07,16.157726773200874
12,14.102655991072094,0.0,0.0,239,-3.961017611686657e-07,19.039507370469803
12,15.074409219289123,0.0,0.0,239,-2.38164485466541e-07,21.64228447864646
12,16.85455050874313,0.0,0.0,239,7.385794020819958e-08,27.777504616774078
12,18.22688225357106,0.0,0.0,239,2.934292737677424e-07,32.5934747820957
12,27.843676039365757,0.0,0.0,239,2.645383077037877e-07,39.94077184544995
12,47.38477030230755,0.0,0.0,239,6.805682062349661e-07,54.61809236978624
12,90.07775671179184,0.0,0.0,239,0.00017568855241734127,82.71569301650356
13,0.0,73.4391403446261,64.46516026659398,2,137.8877373389876,5.976852101932796
13,0.0,73.46219552424775,22.835084475961057,2,96.30590221514333,4.827082734709409
13,0.0,73.4718660175613,5.373352397414962,2,78.84418382796186,4.655634790431648
13,0.0,72.78506106115263,0.0,12,72.78508634826352,5.265010761070217
13,0.0,72.31358537605168,0.0,12,72.3136293190785,6.291046551328666
13,0.0,51.32526160757259,0.0,12,51.32525662719111,4.709529056223072
13,0.0,35.257151628345795,9.134387469426942,12,44.39198325063577,4.60217194372628
13,0.0,34.94733968640394,5.420341336242925,12,40.36774743070061,4.486976804211249
13,0.0,36.23907658095611,0.0,12,36.2390750027864,4.528312717427848
13,0.0,30.925000128070035,3.0457140711956403,12,33.97069765826575,4.595643260661106
13,0.0,30.74790552758566,0.0,12,30.747912302920685,4.617033629064608
13,0.0,22.959883010708893,7.039275648747771,57,29.99925626661558,4.984747315445075
13,0.0,23.11740075961071,6.796008334330655,57,29.91350276728224,5.218892824098409
13,0.0,23.309636633615103,6.499123030104874,57,29.808847954988703,5.581772084990863
13,0.0,22.506943385132317,0.0,66,22.506945258535175,4.492280194368728
13,0.0,21.506925803020916,0.0,66,21.50692639994139,4.611239437971271
13,0.0,20.25830598973144,0.0,66,20.25830544844873,4.627097026444343
13,0.0,19.28259761280127,0.0,75,19.28259651722167,4.693620967082589
13,0.0,17.115220855637343,0.0,75,17.115219261320508,4.309301558141129
13,0.0,16.434765047743554,0.0,75,16.43476345617647,4.3107723269018905
13,0.0,15.990880526759938,0.0,75,15.990878973624746,4.480777184507204
13,0.0,15.718390172663204,0.0,75,15.718388656661023,4.640288525116539
13,0.0,14.061374635366525,0.0,75,14.061373752096973,4.43560367680276
13,0.0,13.815557817466834,0.0,75,13.815557102648237,4.575081784301947
13,0.0,12.698537782997837,0.0,75,12.698538172260172,4.375759675025531
13,0.0,12.247513118951375,0.0,75,12.247514129171563,4.484337262225793
13,0.0,11.793663167612161,0.0,75,11.793664905119416,4.573904771614558
13,0.0,11.116152006209962,0.0,75,11.116155012577813,4.494589094494753
13,0.0,10.594083783266045,0.0,75,10.594087877841817,4.464415217983408
13,0.0,10.088811095462919,0.0,83,10.088816308570497,4.505752729830572
13,0.0,9.851101545229051,0.0,83,9.851107282710165,4.537762312174813
13,0.0,9.35845374426712,0.0,83,9.358460568041586,4.601617652361853
13,0.0,9.135636822759057,0.0,83,9.135644115588882,4.622390785012037
13,0.0,8.636022241501212,0.0,83,8.636030486796457,4.642047862492294
13,0.0,8.180376765501036,0.0,83,8.180385727624856,4.631215990000317
13,0.0,7.771484304267877,0.0,91,7.77149373042468,4.6055163706209505
13,0.0,7.466745571328707,0.0,91,7.466755203420362,4.57933770215422
13,0.0,7.087289919541266,0.0,91,7.087299606001071,4.543223258611139
13,0.0,6.795061753851566,0.0,91,6.795071310356192,4.518121181696486
13,0.0,6.304509374411342,0.0,91,6.304518340985812,4.494447714543867
13,0.0,6.046563436318935,0.0,91,6.046571895573003,4.49266221414948
13,0.0,5.786573917931697,0.0,92,5.78658170711536,4.492542193912648
13,0.0,5.5030097942509055,0.0,92,5.503016686346481,4.485993686588284
13,0.0,5.199204575123206,0.0,84,5.199210304274629,4.469640738699109
13,0.0,4.957069115078438,0.0,84,4.957073775872313,4.462074319378591
13,0.0,4.7217159419685295,0.0,84,4.72171945462901,4.486006191889068
13,0.0,4.51875484729564,0.0,91,4.518757283203655,4.541770265451898
13,0.0,4.353304068372603,0.0,91,4.353305586973079,4.583609074048734
13,0.0,4.100734040091829,0.0,91,4.100734079788932,4.575388449363523
13,0.0,3.8497973913785772,0.0,91,3.849795908644186,4.498883563922945
13,0.0,3.6306549832376365,0.0,91,3.6306521492782693,4.527209881810723
13,0.0,3.508463022049561,0.0,91,3.508459431097961,4.5948434904134245
13,0.0,3.307049291330226,0.0,91,3.307044479569747,4.623994541354801
13,0.0,2.958745584940106,0.0,72,2.9587388139576483,4.3941265466667225
13,0.0,2.890325907476013,0.0,72,2.890318770910504,4.489118854814954
13,0.0,2.8266652580869716,0.0,72,2.8266578005183582,4.628513352936999
13,0.0,2.467107746776351,0.0,72,2.46709876288298,4.4958849311011555
13,0.0,2.458257638812025,0.0,72,2.4582486294562678,4.504030660207036
13,0.0,2.1196095636571433,0.0,72,2.1195997273801055,4.441817663857481
13,0.0,2.0819724636684493,0.0,72,2.081962581567044,4.476867451651497
13,0.0,1.969138589878365,0.0,123,1.9691286332201976,4.644520660139875
13,0.0,1.9167700300236554,0.0,91,1.9167600739934656,4.722938971067816
13,0.0,1.6701242262294012,0.0,91,1.6701146046767192,4.843406931534215
13,0.0,1.3762637747609705,0.0,91,1.3762553768202217,4.608650954481085
13,0.0,1.1924346691307237,0.0,125,1.1924275785888092,4.5537848199780555
13,0.0,1.1397602086245413,0.0,125,1.1397535769935452,4.571867131106465
13,0.0,1.0580583192424915,0.0,125,1.0580524814174552,4.652559240415421
13,0.0,0.9890873065806466,0.0,125,0.9890822178134613,4.7847098290227255
13,0.0,0.9126122796375008,0.0,125,0.9126081092892981,4.995732608823658
13,0.0,0.05865206723600913,0.6801734376908543,125,0.7387440266490302,5.17753663745283
13,0.0,0.7979458722404992,0.0,125,0.7979432630126304,5.377388701390904
13,0.0,0.7085074127242172,0.0,123,0.7085061771301611,5.646472403605381
13,0.0,0.05389849661520535,0.0,123,0.053912172548574944,4.5909378330557225
13,0.0,0.029481101044155633,0.0,189,0.02949550920435584,4.597388248645583
13,0.20681864046886989,0.0,0.0,189,1.453601845824437e-05,4.881036268009112
13,0.6059831327644705,0.0,0.0,189,1.3092215862542389e-05,5.400463214869005
13,0.8359096090716112,0.0,0.0,189,1.2309136490529227e-05,5.699909980376907
13,1.170863177366549,0.0,0.0,189,1.1222990337955707e-05,6.134822042362444
13,1.697230531724242,0.0,0.0,189,9.647419581426675e-06,6.810813743057869
13,2.05321973605232,0.0,0.0,189,8.679864777150215e-06,7.258340116406227
13,2.656207374339786,0.0,0.0,189,7.181472515327414e-06,7.986862836666003
13,3.2470778465691517,0.0,0.0,189,5.888262109010611e-06,8.651161631772323
13,3.941715785547345,0.0,0.0,189,4.563050858052975e-06,9.354892433822005
13,4.9325881269195735,0.0,0.0,189,3.0175985372693503e-06,10.207487112151489
13,6.330444128736917,0.0,0.0,189,1.4194389521549056e-06,11.201912861178325
13,8.130791731421766,0.0,0.0,189,1.4317016550080552e-07,12.718259616751205
13,9.123142020124414,0.0,0.0,189,-2.709583490911882e-07,13.92313501512826
13,10.436943932420922,0.0,0.0,189,-5.646131135961241e-07,15.56179704193659
13,13.386675614583993,0.0,0.0,189,-5.646131135961241e-07,17.761190145256784
13,14.647217022558396,0.0,0.0,189,-4.083737223936623e-07,20.392755023499976
13,15.811462519571059,0.0,0.0,193,-2.3331030263307184e-07,24.061136991404716
13,17.431796717851153,0.0,0.0,193,2.6461218993745206e-08,29.830859250740346
13,18.748857504482995,0.0,0.0,193,2.1470145483704073e-07,34.24795419022873
13,41.38231260086982,0.0,0.0,193,-9.222695602773001e-07,43.71642777267232
13,51.02253927444049,0.0,0.0,193,2.1799294955826554e-06,59.19790072985366
14,0.0,90.80467607723311,70.57356991106599,0,161.21521457836803,4.865516606390372
14,0.0,90.66251700913043,41.29467381149004,0,131.94413650293606,4.659662859149671
14,0.0,99.51093802217125,0.0,9,99.51102120644154,4.758222999321347
14,0.0,31.155031001545197,57.93346356358676,9,89.10871695184963,5.407225425217366
14,0.0,36.633527178098745,30.0109843167133,9,66.65317688671676,4.528651966278948
14,0.0,52.40171908618012,0.0,9,52.401722056597535,4.1163690877099395
14,0.0,34.791889195445954,14.187640039448521,9,48.9808002681996,4.487772607470896
14,0.0,34.933685021944434,8.885985696985585,9,43.82006994781667,4.445755998754128
14,0.0,34.93122922117635,5.202917866832026,9,40.13419559144643,4.4359133036081015
14,0.0,36.216175334606206,0.0,9,36.21617388096378,4.536184607770446
14,0.0,34.49985527803576,0.0,9,34.49985619987739,4.691031995040984
14,0.0,30.775101037272375,0.0,9,30.775107443891756,4.57910918046691
14,0.0,21.884117741725955,7.63886502714513,9,29.52308687628639,4.649985970562998
14,0.0,30.431287478934475,0.0,9,30.431294324877612,5.474005538346793
14,0.0,22.537555097573854,1.6642581410519022,9,24.201793642687925,4.50690614152775
14,0.0,22.388390376821263,0.0,9,22.388391995190204,4.418409033943988
14,0.0,21.771271279158768,0.0,8,21.771272189872782,4.541116581365925
14,0.0,19.739797662466987,0.0,8,19.73979712197319,4.42429065325404
14,0.0,18.35503855059581,0.0,65,18.355037652344315,4.397093645989965
14,0.0,16.48602497843031,0.0,65,16.48602391938634,4.056204895286733
14,0.0,15.97742198642043,0.0,65,15.977420924914956,4.250264406711773
14,0.0,15.827838298656923,0.0,65,15.82783723771497,4.471061220979431
14,0.0,12.634982873926612,0.0,65,12.634983096317832,3.4426842771183033
14,0.0,12.47481084163495,0.0,65,12.474811226154765,3.665579373594369
14,0.0,10.132727783614495,1.9872277261089248,65,12.119932549936719,3.7690581716155105
14,0.0,10.240988104706988,0.0,65,10.240992169785297,3.3018181978093857
14,0.0,9.827968695630515,0.0,65,9.827973647868525,3.3390862648350996
14,0.0,9.59064892527119,0.0,90,9.590654393897736,3.468893842884558
14,0.0,9.494840012524358,0.0,90,9.49484568326949,3.5381357675529728
14,0.0,9.275854578921999,0.0,90,9.27586072790096,3.7227921015189285
14,0.0,9.095810783916619,0.0,90,9.095817312893544,3.8926929290006864
14,0.0,8.89978307420694,0.0,90,8.899790011964571,4.08492080485639
14,0.0,8.74493520486653,0.0,105,8.744942457492957,4.2351344428275155
14,0.0,8.598358620064083,0.0,105,8.598366155207389,4.371154868283558
14,0.0,8.426987517153671,0.0,105,8.426995369746193,4.517589285032738
14,0.0,8.252070497699803,0.0,105,8.25207865421152,4.648202266641947
14,0.0,8.030772001080775,0.0,105,8.030780507732501,4.780069832697825
14,0.0,7.799432916995378,0.0,99,7.799441749150352,4.873154726447812
14,0.0,7.528216433723214,0.0,99,7.5282255604086,4.921559139727076
14,0.0,5.794229785208884,0.9628368480827768,99,6.757022395673147,4.55070912424109
14,0.0,6.5127278872042975,0.0,99,6.512737189806259,4.633405191317003
14,0.0,5.882770513994698,0.0,99,5.882778980207117,4.364123310396138
14,0.0,5.574191187796912,0.0,96,5.574198920395514,4.320402896557173
14,0.0,5.351873447270278,0.0,96,5.351880523212326,4.3425443617277075
14,0.0,5.225378815587469,0.0,94,5.225385470936537,4.372284237002843
14,0.0,4.944940433229074,0.0,94,4.94494601854278,4.452543614272328
14,0.0,4.724229725453203,0.0,94,4.724234349094825,4.472620930552292
14,0.0,4.409231929118093,0.0,94,4.409235008810263,4.397611329057652
14,0.0,4.20565686215917,0.0,94,4.20565885089783,4.418250846431391
14,0.0,4.084503537260821,0.0,94,4.084504844206677,4.490806315487259
14,0.0,3.4025627331355857,0.3481173007069544,94,3.7506437906912495,4.381254251262725
14,0.0,3.3645220279809775,0.0,94,3.3645190171773685,4.15647234069467
14,0.0,3.309139023752096,0.0,94,3.3091356761903086,4.176651490645773
14,0.0,3.2386864890681046,0.0,96,3.23868271757782,4.276518829014536
14,0.0,3.156880454823213,0.0,96,3.156876193986985,4.467856063358953
14,0.0,2.870125858049449,0.0,96,2.870119948995157,4.475132272360735
14,0.0,2.8113212571591384,0.0,100,2.811315025072826,4.475384645002039
14,0.0,2.5245666603853745,0.0,100,2.52455900678331,4.534154189789698
14,0.0,2.465653686925065,0.0,100,2.4656457744503797,4.4964375017728315
14,0.0,2.1276026505931744,0.0,100,2.1275935831874335,4.425960148771129
14,0.0,2.10957441725286,0.0,99,2.109565301369898,4.4392060075411965
14,0.0,2.0080342789836307,0.0,99,2.008024957352273,4.585911109465714
14,0.0,1.9339386838521015,0.0,99,1.9339292557215835,4.721064648922132
14,0.0,1.8478387280535107,0.0,99,1.847829229996595,4.852454772976042
14,0.0,1.5075731471764358,0.0,99,1.5075639707902226,4.772241410379435
14,0.0,1.2266580974387926,0.0,175,1.2266501060305295,4.5372190520661775
14,0.0,1.165869519457174,0.0,175,1.1658619128958598,4.562915815556696
14,0.0,1.0906836488066003,0.0,175,1.0906765822819189,4.6161656649260525
14,0.0,0.984297235415349,0.0,96,0.9842910680406547,4.764441945396301
14,0.0,0.9151204047557593,0.0,96,0.9151149189514669,4.927771140795638
14,0.0,0.8579660198250915,0.0,176,0.8579611490445593,5.095337596059402
14,0.0,0.19915011847528014,0.3625947350555051,176,0.5616965705407644,4.96289268402249
14,0.0,0.7454458902440518,0.0,176,0.7454423862927833,5.45052875859435
14,0.0,0.1522207809704867,0.0,176,0.15222834502080929,4.586076835852692
14,0.0,0.039260988082191424,0.0,203,0.03927149387961393,4.54612366737452
14,0.10534608757721206,0.0,0.0,203,1.1270894187731528e-05,4.756277209981143
14,0.4221375549520783,0.0,0.0,203,1.032353657137719e-05,5.188443346759886
14,0.6518811113817184,0.0,0.0,203,9.663703831819248e-06,5.503663126215535
14,0.964986738178391,0.0,0.0,203,8.819560274986316e-06,5.931706874291637
14,1.3189755403665286,0.0,0.0,203,7.927495904169746e-06,6.408226315170744
14,1.747032847168406,0.0,0.0,203,6.9340605790557674e-06,6.968325137945245
14,2.3308403372733926,0.0,0.0,203,5.721295380567426e-06,7.695450495775502
14,2.8808098792576113,0.0,0.0,203,4.711272083568474e-06,8.33311865082423
14,3.5957216316911227,0.0,0.0,203,3.585132969163851e-06,9.08215324961492
14,4.522333153415963,0.0,0.0,203,2.392641960113906e-06,9.911085019209697
14,5.965559662139689,0.0,0.0,202,1.0434867547814974e-06,10.951880874460473
14,7.471038871805039,0.0,0.0,202,1.6985346462661255e-07,12.066356214740381
14,8.82655036193483,0.0,0.0,202,-2.6327696289740743e-07,13.53630779151143
14,10.081054392208458,0.0,0.0,202,-4.5127400127853434e-07,15.169544678704828
14,13.056516126029164,0.0,0.0,204,-3.738634539729446e-07,17.360335935426615
14,14.407659741477344,0.0,0.0,204,-2.0798371735963883e-07,19.76011113078371
14,15.601523477519855,0.0,0.0,204,-4.394708597033059e-08,23.354445150672053
14,16.93803922584737,0.0,0.0,204,1.366775173039514e-07,28.112424580137763
14,18.530416117102124,0.0,0.0,204,3.35733204792632e-07,33.67539141702868
14,25.367936985653984,0.0,0.0,221,4.094575309920856e-07,42.527975323206014
14,50.3924839553367,0.0,0.0,221,1.8784147712835875e-06,58.55109800759698
14,90.44725685852345,0.0,0.0,221,0.00017872649021910547,88.02342614992205
15,0.0,90.81537728217522,69.28782549416186,1,159.94687736256526,4.847017475821707
15,0.0,99.92836343888305,22.872665507135835,1,122.78168626617696,4.536161035370908
15,0.0,99.25797905439542,0.0,9,99.25810526705885,5.1222503346967425
15,0.0,35.998860493431366,43.222430546783755,9,79.2389477190267,4.72507302583497
15,0.0,34.96907648864458,36.69970638958595,9,71.681291645649,4.565375078090641
15,0.0,52.43786330988364,0.0,17,52.43786653461914,4.111352536481235
15,0.0,34.93939141538899,14.293159117595106,17,49.23386347986411,4.461874865059679
15,0.0,36.65591898979559,6.5242030732589456,17,43.18027536024991,4.466840594684179
15,0.0,34.93227704319731,4.922548597950634,17,39.85485277686048,4.434165843351739
15,0.0,36.16625577584385,0.0,17,36.16625448346669,4.559860866670656
15,0.0,34.38490780808711,0.0,17,34.384908793891974,4.872514960089497
15,0.0,30.71453012478711,0.0,51,30.714536293898128,4.664853313725084
15,0.0,30.535181728475504,0.0,51,30.535188129302988,5.105055083049539
15,0.0,21.355783404441965,5.614201367039119,51,26.970057956874314,4.812628395449648
15,0.0,21.96810559112915,2.1043734255749627,51,24.072466401257348,4.50782409962078
15,0.0,22.149081102374804,0.0,51,22.149082310287678,4.418560147529243
15,0.0,21.631505648486772,0.0,51,21.631506345983784,4.593229195509258
15,0.0,19.280673534054095,0.0,51,19.28067304538505,4.358818227001478
15,0.0,18.384398882278237,0.0,70,18.384398289814392,4.393947355378614
15,0.0,16.321384605922535,0.0,70,16.32138387837746,4.040560126384944
15,0.0,16.007101476202372,0.0,70,16.007100721813558,4.221465524444154
15,0.0,15.800805139792512,0.0,70,15.80080435517404,4.519962949007214
15,0.0,12.629232838415977,0.0,70,12.629232089226738,3.519230331473997
15,0.0,12.495128233912101,0.0,70,12.495127545779724,3.7004000304993294
15,0.0,12.366019200651152,0.0,70,12.366018576378462,3.9555228552062918
15,0.0,12.22885416422349,0.0,70,12.228853617840608,4.248612236624444
15,0.0,12.103447140158533,0.0,70,12.103446676630979,4.484028275993399
15,0.0,11.97169545417403,0.0,70,11.971695091362761,4.658728529838317
15,0.0,10.746667519726358,0.0,70,10.746668540368864,4.354495154573913
15,0.0,10.55440725685543,0.0,70,10.554408578811572,4.413526391524648
15,0.0,10.159919383427379,0.0,70,10.159921392389966,4.539724091927916
15,0.0,9.640512027833658,0.0,70,9.640515071295754,4.535800213716071
15,0.0,9.415004901667928,0.0,70,9.415008425765123,4.50555946087494
15,0.0,8.771607127830173,0.0,70,8.771612078934353,4.519699476579266
15,0.0,8.514770104085972,0.0,70,8.514775628937983,4.572883234963397
15,0.0,8.335557077257643,0.0,70,8.335562978858992,4.618196265452882
15,0.0,7.933795220716994,0.0,70,7.933801945840456,4.7178287841092175
15,0.0,7.657144269921806,0.0,70,7.657151500179529,4.765440921841201
15,0.0,7.4053225638196105,0.0,70,7.405330185307584,4.782555562782093
15,0.0,5.9051091840507,0.8074901021003382,70,6.712560585073234,4.550556082646354
15,0.0,6.4997412645762696,0.0,70,6.499749628616417,4.5999270198050475
15,0.0,5.82167995198819,0.0893267527244947,70,5.911007803226145,4.382333660951181
15,0.0,5.586653809391123,0.0,70,5.586661388806153,4.3326320098551445
15,0.0,5.355705012502108,0.0,159,5.355712103089701,4.348645786073302
15,0.0,5.21184976126837,0.0,159,5.211856476225762,4.379601514481127
15,0.0,4.980223250118663,0.0,159,4.980229268720013,4.443983528447889
15,0.0,4.731335720492944,0.0,159,4.731340844818291,4.473409940341925
15,0.0,4.439632278835137,0.0,172,4.439636178968378,4.405041824249123
15,0.0,4.232741681532825,0.0,172,4.232744606163685,4.410889264038458
15,0.0,4.089750943414523,0.0,180,4.0897531534467895,4.488838007761245
15,0.0,3.967359448873115,0.0,180,3.967361012411768,4.583404444842138
15,0.0,3.843436255104566,0.0,180,3.843437138293993,4.6446139543453135
15,0.0,3.4586205862055843,0.0,180,3.4586192808887155,4.452425363855607
15,0.0,3.4207808735934715,0.0,180,3.4207793453147843,4.494692384445036
15,0.0,3.1073425756146364,0.0,180,3.1073392141803957,4.482565953242899
15,0.0,2.8375831196306662,0.0,180,2.8375782463105814,4.434956417293819
15,0.0,2.8058218442686895,0.0,180,2.8058167894819555,4.441079740490206
15,0.0,2.726203745533668,0.0,180,2.7261982725522316,4.576055716241726
15,0.0,2.464493745866534,0.0,163,2.4644870116652804,4.497514202760751
15,0.0,2.209161461656759,0.0,163,2.209153740652919,4.536739008952104
15,0.0,2.075753948166368,0.0,163,2.0757458430533937,4.5740059919099725
15,0.0,1.8641958962691072,0.0,163,1.864187398646564,4.50706556629018
15,0.0,1.7538659942068693,0.0,163,1.7538574211824738,4.552148674269809
15,0.0,1.7302784514418974,0.0,163,1.730269874376063,4.568042550214079
15,0.0,1.4834490043918327,0.0,163,1.4834407062659984,4.66900733786183
15,0.0,1.2576555333746444,0.0,163,1.2576480319360108,4.5386961036818985
15,0.0,1.1707719444812505,0.0,163,1.1707649098355013,4.560180542884469
15,0.0,1.1303870153799411,0.0,163,1.1303802231894444,4.585777234158119
15,0.0,1.0315217899786928,0.0,163,1.0315157126946382,4.682775400664978
15,0.0,0.9416707229553657,0.0,163,0.9416654051846933,4.8544652272870685
15,0.0,0.8755545353795281,0.0,163,0.875549857483584,5.034330432380612
15,0.0,0.8127145775522516,0.0,159,0.8127105681551754,5.230451628079781
15,0.0,0.044811061638423924,0.3748578585189694,159,0.41961947789717513,4.871705886389009
15,0.0,0.15098274236975198,0.0,159,0.15099014731944393,4.586288991889752
15,0.0,0.0385210863972231,0.0,159,0.03853133516104279,4.546422260288086
15,0.07518763147949109,0.0,0.0,238,1.1058538611052882e-05,4.715311570167605
15,0.3461964177322266,0.0,0.0,238,1.0273719404096937e-05,5.084270020701721
15,0.5715830557549109,0.0,0.0,238,9.64730407559955e-06,5.393164954864851
15,0.8334417206174574,0.0,0.0,238,8.952487075220006e-06,5.752008026080331
15,1.2383512004974686,0.0,0.0,238,7.949862538936259e-06,6.30016208568707
15,1.6054209102121937,0.0,0.0,238,7.111042013008273e-06,6.7847748946146
15,2.0972197657214378,0.0,0.0,238,6.083216860020002e-06,7.4096459208177325
15,2.6464086373154574,0.0,0.0,238,5.0643919280446426e-06,8.0670151734739
15,3.392342534126326,0.0,0.0,238,3.8637625472404125e-06,8.87841125571897
15,4.283208744552781,0.0,0.0,238,2.6865337403592093e-06,9.711873927685838
15,5.676297718483293,0.0,0.0,238,1.320300306417721e-06,10.757435930712909
15,7.084380238161849,0.0,0.0,238,4.202782832862795e-07,11.744054613505405
15,8.481494858752527,0.0,0.0,238,-1.1253475307171357e-07,13.111057101972712
15,9.915289201841615,0.0,0.0,237,-3.8434140492427105e-07,14.967078199941414
15,12.230175791900777,0.0,0.0,237,-4.293425064361145e-07,16.724636003089906
15,14.183057542951582,0.0,0.0,237,-2.547382358386585e-07,19.219683763871725
15,15.398345819145787,0.0,0.0,237,-1.1073471029021675e-07,22.677200513335592
15,16.603920547974393,0.0,0.0,237,4.946921094983736e-08,26.898697241591666
15,18.558558285615344,0.0,0.0,249,2.654744939434295e-07,33.767650806802536
15,26.78914300010823,0.0,0.0,249,2.114731749713883e-07,41.28826447729922
15,48.6548222211094,0.0,0.0,249,1.1276955937944422e-06,56.45143278628743
15,75.33474984730452,0.0,0.0,249,-1.2680442303292239e-05,85.43864159050247
16,0.0,99.97301152317714,15.276696480253857,14,115.2350016673738,4.518482961700181
16,0.0,90.62623540774915,0.0,14,90.62624146717934,4.563904690360012
16,0.0,35.12150239062988,41.97457264675974,14,77.11264298864008,4.619381991804975
16,0.0,30.972915561657615,39.238112735776184,14,70.22288528366053,4.9248513868605635
16,0.0,52.49059140869108,0.0,20,52.490595029130176,4.121332685505097
16,0.0,34.889703162158185,13.177319137955838,20,48.06809608002445,4.461630478638842
16,0.0,34.93619693515344,8.496579296835016,20,43.43312290382913,4.44370383338685
16,1.9449361023979144,36.621822264638546,3.5396335637742795,20,40.161673392483124,4.532563876739321
16,0.0,34.95018752015036,0.0,20,34.95018772833623,4.422662628154141
16,0.0,34.50637526987256,0.0,20,34.50637601458069,4.6835354698086515
16,0.0,30.714760632039095,0.0,20,30.714766563508263,4.665766128847471
16,0.0,22.30127967908103,5.453976974342554,20,27.755335875561816,4.506771481001202
16,0.0,21.910193709336998,4.077243151987467,20,25.98747708011821,4.574224474725639
16,0.0,22.53639803023495,1.4216867397594146,20,23.95806764584118,4.50780301494742
16,0.0,22.08049067029364,0.0,20,22.080491716098635,4.439492505039944
16,0.0,19.504624799879117,1.671752397097348,20,21.1763606428223,4.545698286201079
16,0.0,19.413926403622735,0.0,20,19.413925913990663,4.414159289922807
16,0.0,18.382385207017744,0.0,20,18.382384638503737,4.425036382034747
16,0.0,16.428452365867884,0.0,20,16.42845182390773,4.126605656471581
16,0.0,16.132868426741876,0.0,7,16.132867881740708,4.18692701374912
16,0.0,15.876250704821345,0.0,7,15.87625015024349,4.4313884002041775
16,0.0,15.627184256751692,0.0,7,15.627183685942216,4.820109005711272
16,0.0,14.031759596244541,0.0,7,14.031758918607208,4.480098836246574
16,0.0,12.872822421448257,0.0,7,12.872821803743197,4.276726924171051
16,0.0,12.726429851026571,0.0,7,12.726429257681474,4.375919441345152
16,0.0,12.293095836593459,0.0,7,12.293095374403908,4.589036158409318
16,0.0,11.593406700163031,0.0,7,11.593406608560324,4.493583350110633
16,0.0,11.334003736809754,0.0,105,11.334003840753166,4.5413767525113045
16,0.0,10.625622770287432,0.0,105,10.625623594790005,4.569970399021507
16,0.0,10.096363535113909,0.0,105,10.096365064907296,4.507238517328567
16,0.0,9.628569183387784,0.0,105,9.628571451207526,4.504951831740318
16,0.0,9.293357821516594,0.0,105,9.2933606678672,4.5377246052023565
16,0.0,9.018733650112578,0.0,105,9.018736985367571,4.573577514355465
16,0.0,8.677001359739348,0.0,105,8.677005329540496,4.613572826915398
16,0.0,8.170513428620932,0.0,105,8.170518318050524,4.634474099055021
16,0.0,7.93201741774501,0.0,105,7.932022717936929,4.623381255697115
16,0.0,7.5884668550135785,0.0,105,7.58847269676501,4.587515027678469
16,0.0,7.010831185676639,0.0,105,7.010837732519647,4.509674515270012
16,0.0,6.617906166110036,0.0,105,6.617912974699477,4.480723789762216
16,0.0,6.345057194273143,0.0,105,6.345064060422816,4.484882546987393
16,0.0,6.116620657011354,0.0,105,6.116627482459307,4.503258537149025
16,0.0,5.884867102081684,0.0,105,5.884873790410044,4.528379235701406
16,0.0,5.636356624174221,0.0,116,5.636363052137723,4.54851479996057
16,0.0,5.401293077972802,0.0,116,5.401299148469681,4.546717637403891
16,0.0,5.024757341501507,0.0,116,5.024762600152879,4.484654008423226
16,0.0,4.788493501739888,0.0,116,4.788498094894855,4.473243155294099
16,0.0,4.609192772472787,0.0,116,4.609196780917859,4.562959812314199
16,0.0,4.4602977077851875,0.0,116,4.460301177169811,4.626233894416423
16,0.0,4.137570057143492,0.0,116,4.13757221356796,4.529798834473574
16,0.0,3.990312412519026,0.0,116,3.9903139094820155,4.559780366046933
16,0.0,3.8247102688763523,0.0,116,3.824710977688408,4.644128628552588
16,0.0,3.461534258044026,0.0,116,3.461533135206391,4.42296243167165
16,0.0,3.4325580244142255,0.0,105,3.432556747783277,4.456884441945503
16,0.0,3.135003226178015,0.0,105,3.135000384318591,4.491868758306698
16,0.0,2.921009268863342,0.0,105,2.9210053160179186,4.5011028993649305
16,0.0,2.89547724802331,0.0,105,2.8954731663406363,4.481613591141489
16,0.0,2.8319686331066545,0.0,105,2.831964236444364,4.802642216553414
16,0.0,2.4841545261971367,0.0,116,2.4841485082789134,4.482632430067925
16,0.0,2.323269293697361,0.0,116,2.3232626418135602,4.586809690515677
16,0.0,2.1874464492692516,0.0,116,2.187439347838609,4.551998443099318
16,0.0,2.0374432830026157,0.0,116,2.037435781984726,4.5598646379037575
16,0.0,1.8592436307947047,0.0,116,1.8592358285955548,4.52488959438573
16,0.0,1.7599128408904985,0.0,116,1.7599049746905102,4.5695147679679025
16,0.0,1.5572262539239379,0.0,116,1.557218484495408,4.679512359137675
16,0.0,1.303385955708737,0.0,171,1.303378853402375,4.555482204841157
16,0.0,1.1791930582643286,0.0,171,1.1791865453946038,4.555543356943899
16,0.0,1.1540911847634185,0.0,171,1.1540848108197537,4.5701452009559045
16,0.0,1.0428367164096133,0.0,171,1.0428310698076437,4.667615511527957
16,0.0,0.9099978118514498,0.0,171,0.9099932599948843,4.93628787578805
16,0.0,0.8725278467984112,0.0,171,0.8725236474248348,5.043876486429957
16,0.0,0.16874800537577947,0.4910576276424662,171,0.6597358121510624,5.024837576934308
16,0.0,0.7511637522544148,0.0,171,0.7511608598563662,5.424460619011317
16,0.0,0.6750202057673849,0.0,116,0.6750182577080182,5.6273604895500196
16,0.0,0.07204079325788815,0.0,116,0.07205017664949764,4.579282070909668
16,0.0,0.039378671931603396,0.0,206,0.0393888908623623,4.546077403527342
16,0.3104691266683064,0.0,0.0,206,1.0374826292292028e-05,5.034166988541928
16,0.6352609707684649,0.0,0.0,206,9.494858549174978e-06,5.478318448496838
16,0.9707476504999653,0.0,0.0,206,8.639529902154663e-06,5.936192254728043
16,1.2938832267549167,0.0,0.0,206,7.879237770680447e-06,6.370891276786324
16,1.8748426470954453,0.0,0.0,209,6.6226438342198435e-06,7.127057486221389
16,1.9082706386332053,0.0,0.0,209,6.550486478573703e-06,7.169369786151293
16,2.489521275637521,0.0,0.0,209,5.450526799677391e-06,7.880314175199755
16,3.8847544041410025,0.0,0.0,209,3.328044602568525e-06,9.355308612441727
16,4.0359641327980675,0.0,0.0,209,3.1309318266892205e-06,9.493441047552757
16,6.563308636732737,0.0,0.0,209,8.412557583881153e-07,11.358437465029954
16,6.752777928412248,0.0,0.0,209,7.180602743517284e-07,11.493712563300322
16,8.186214974448584,0.0,0.0,209,7.216395303544232e-08,12.773628587024302
16,9.80199638502637,0.0,0.0,222,-3.115019850952194e-07,14.823190663253545
16,11.965314258445774,0.0,0.0,208,-4.364574017756695e-07,16.58532917153634
16,14.243488731035464,0.0,0.0,208,-2.921426940361016e-07,19.359723498936834
16,15.564429755850966,0.0,0.0,208,-1.4782798274382003e-07,23.22934747167596
16,17.02258093517019,0.0,0.0,208,1.9365888448419355e-08,28.419358038220505
16,31.447509097339534,0.0,0.0,222,-4.223779193068822e-07,35.92561805682485
16,44.810440774008676,0.0,0.0,222,-1.7070714619649152e-07,50.157818600939535
16,66.82038534025199,0.0,0.0,222,-4.148161345085555e-06,74.522093828736
17,0.0,91.14810429655688,76.04560776261447,2,166.9383417191449,6.256078030165034
17,0.0,90.94624417101485,51.54543061540362,2,142.4462886341761,5.3805933613763255
17,0.0,90.79452385356642,33.13082473751169,2,123.91939322251322,4.901721217423001
17,0.0,90.68885509653563,20.305591129696047,2,110.9904416810081,4.6869989145166215
17,0.0,90.65581825305465,16.29584172774887,2,106.94696868077496,4.642460385309656
17,0.0,90.32889567441806,6.734339481244363,8,97.05869780177316,4.680861377856839
17,0.0,73.27943162641697,12.751124564107874,8,86.03189486354378,4.7251077478056605
17,0.0,73.43057187853732,10.370364747327153,8,83.80099305951217,4.68244168359608
17,0.0,72.73895659697374,5.125505398518743,8,77.86333144516551,5.152081028630038
17,0.0,74.90556864054348,5.323670911451563,8,80.22779396205144,6.723449530039531
17,0.0,75.3878669975534,5.3677835164687755,8,80.75412885655345,7.947321792791593
17,0.0,64.94210628369956,36.952263634096774,8,101.91924672199136,16.537231186530338
17,0.0,70.89150667940451,4.956531510637273,8,75.84713719666291,9.276699868665407
17,13.19059376320971,0.8757230804079424,0.0,17,0.8757472476201116,-13.63586675993339
17,13.30076062464661,0.8518308408886203,0.0,17,0.8518542393793958,-13.586311428757334
17,13.010864003363345,0.8232828946421309,0.0,29,0.8233050264043236,-13.525143064203814
17,13.077714011982469,0.8120618224198436,0.0,29,0.812083611605761,-13.486822667644091
17,13.149181348454468,0.8000657111155676,0.0,29,0.8000871503339404,-13.434219895301165
17,13.198900281188356,0.7917201664171272,0.0,29,0.7917413534162243,-13.39034562869033
17,12.813848187208068,0.7645754262351677,0.0,40,0.7645953489696886,-13.289251690232906
17,12.881247460749687,0.7573522662441078,0.0,40,0.7573720015269423,-13.2486727198524
17,12.953301999853956,0.7496302028347622,0.0,40,0.7496497381345897,-13.197625466721437
17,12.917617761074855,0.7372852635377988,0.0,40,0.7373043545332116,-13.122525818091471
17,13.099870610254078,0.7339224886865725,0.0,40,0.7339416071079263,-13.068733864161128
17,13.173846454670487,0.7259945195614522,0.0,40,0.7260134274744772,-12.99061334582101
17,12.739646783693093,0.7094217594876077,0.0,48,0.7094397802815458,-12.936767377781937
17,12.937392583463792,0.6963357387212116,0.0,48,0.6963534843245185,-12.801262096085473
17,13.011629659943486,0.6914230279300024,0.0,48,0.6914406628797884,-12.739282213108012
17,12.52700246441979,0.6780166203466709,0.0,55,0.6780334394562715,-12.677782358742032
17,12.594717644040298,0.6749359445836635,0.0,55,0.6749527191985081,-12.647579760007606
17,12.814365498682964,0.6649431508557815,0.0,55,0.6649597799020945,-12.5216463010957
17,12.449177613182792,0.6545085536947528,0.0,59,0.6545245596233684,-12.44781772641155
17,12.540079419847086,0.6512398735070996,0.0,59,0.6512558522254963,-12.410437785180484
17,12.931239585400803,0.6507410250080627,0.0,59,0.6507572855664421,-12.336114371564722
17,12.88449356483277,0.6388553045598634,0.0,59,0.6388711502088782,-12.207728062279656
17,12.94149797009474,0.6368055194463851,0.0,59,0.636821336051792,-12.164641356221953
17,13.063003190587446,0.6324363905864087,0.0,59,0.6324521569531356,-12.063551338143387
17,13.45123549751669,0.6359689979318875,0.0,55,0.6359851207167004,-11.904167464410694
17,13.46440149379528,0.6353700160513311,0.0,55,0.6353861321650065,-11.88729415379894
17,13.589076831744965,0.6296979600364341,0.0,55,0.6297139651152115,-11.719007970871381
17,12.675579485240235,0.596288560682623,0.0,68,0.5963029236740098,-11.688988323150404
17,12.87770904286109,0.591689693200854,0.0,68,0.5917040593706169,-11.555595690061615
17,12.921367449594337,0.590696373721038,0.0,68,0.5907107338356603,-11.522738123643933
17,12.183392441941432,0.5753567260013419,0.0,74,0.5753700977600609,-11.433708497730478
17,12.504416852422064,0.5699626025328806,0.0,74,0.569976048576688,-11.31675009282117
17,12.815729679896727,0.5647316612901259,0.0,74,0.5647451610949261,-11.135896482062659
17,12.863993203050658,0.5639206967827058,0.0,74,0.5639342013590998,-11.101686820536063
17,11.673866233619744,0.5491157657116325,0.0,80,0.5491279746587594,-10.959265554933594
17,11.02149210135683,0.5574034414590072,0.0,80,0.5574153402577977,-10.839087212187597
17,10.661315864006648,0.5619790733233693,0.0,80,0.5619907676816673,-10.680666444861416
17,11.612081653455663,0.5255662284115526,0.0,84,0.5255777271246984,-10.53772376887062
17,10.832926877042336,0.5336196790992723,0.0,84,0.5336307600620103,-10.376606216486682
17,10.499042674838266,0.5370707520301693,0.0,84,0.5370816216199152,-10.220495423504115
17,10.34896177693305,0.5386220087856142,0.0,84,0.538632777923862,-10.134307636666222
17,10.095991377732528,0.5412367455453533,0.0,84,0.5412473381145162,-9.967036396265652
17,11.542005821062883,0.49256974728225256,0.0,84,0.49258028010422095,-9.876143283600925
17,10.781006473443776,0.49614938457238267,0.0,95,0.49615943109023775,-9.698791006761695
17,10.380951615783705,0.49923073311580457,0.0,95,0.49924052300690747,-9.532625748797184
17,10.76155146984177,0.47998081575177187,0.0,95,0.47999042581203355,-9.371909381849878
17,9.730971739066598,0.5042370828901588,0.0,95,0.5042464088744225,-9.127949432588245
17,9.46949665462158,0.5062510463633393,0.0,95,0.5062601721174964,-8.918514953150236
17,8.993689554495319,0.5099158625425485,0.0,95,0.5099246033369624,-8.46786958122648
17,8.758267687785898,0.5117291559251553,0.0,95,0.5117376931384321,-8.211346995708059
17,12.85258908134986,0.4416483248465139,7.177435815730942e-08,118,0.4416583279282804,-8.320367940219612
17,11.536630512423315,0.4141173016647225,0.0,118,0.4141257552020292,-7.916942660464539
17,12.042390266677735,0.41175676017095075,0.0,118,0.4117654406755733,-7.791572864913114
17,12.896915574753537,0.40776841900654814,0.0,118,0.407777435640547,-7.263695158259768
17,11.400437135892707,0.39104085625531165,0.0,118,0.3910486415015164,-7.218613850557826
17,11.891720684054421,0.3759929510786984,0.0,137,0.37600062143101454,-6.673141919180207
17,11.357822430588167,0.3659595989947898,0.0,137,0.36596673771164134,-6.3945976944120595
17,11.05168512068856,0.3602064739446485,0.0,137,0.3602133046887239,-6.198710301922251
17,10.24680722339984,0.3450807018043128,0.0,137,0.34508672521668515,-5.616372870139479
17,9.878700981951418,0.3381630175812275,0.0,137,0.3381686800805319,-5.332296555202774
17,14.06953913043941,0.37474546778110335,0.0,137,0.37475403271906416,-4.684747105871615
17,12.562417522036013,0.3198783215618647,0.0,137,0.3198848891621786,-4.252961805446137
17,7.594459541049718,0.29523611442613024,0.0,137,0.29523973792836955,-3.1874699134427757
17,7.042802994251712,0.2848690373145595,0.0,137,0.2848722628093654,-2.5054076266198813
17,8.881143544110564,0.26124587199123334,0.0,137,0.2612495400677268,-2.521301278114386
17,6.376400915216379,0.2723455899254723,0.0,137,0.2723484020622351,-1.6090387006317854
17,8.042539021276394,0.20697203887731858,0.0,170,0.20697455865867198,-0.3571105783738311
17,10.863584358093838,0.21233411838383406,0.0,170,0.21233759152971388,0.31770815510946093
17,7.300316485564321,0.15730646451734806,0.0,177,0.15730822685025814,1.8448085407186436
17,7.1618915457187615,0.13473963947004033,0.0,177,0.1347411599394981,2.9362768630457694
17,0.0945186051451552,0.0,0.0,180,9.554624675445211e-06,4.6006632535489835
17,2.440841327104837,0.0,0.0,180,4.707573094009376e-06,6.7986715769301735
17,4.356904407081574,0.0,0.0,180,2.2763044071894e-06,9.362405074561835
17,8.560750472518187,0.0,0.0,180,-8.441790910751479e-08,13.234002224422694
17,16.82698105773605,0.09033887889936462,0.0,180,0.0903407840396575,20.099906775273077
17,17.112555559515027,0.013750996093469213,0.0,180,0.013751339890529124,27.473846688575374
17,26.171667923744245,0.0,0.0,180,1.8228176656975847e-07,41.340082096590905
17,99.79284261442137,0.0,0.0,195,0.000578278785066999,74.23851014669165
17,96.9663555887676,0.0,0.0,195,0.0004195924761347669,78.48945652241116
18,0.0,98.92792013116282,0.0,4,98.92810405206913,5.292737170311163
18,0.0,89.54551602693928,0.0,4,89.54542873683206,5.7818300107590925
18,0.0,72.95194159707185,0.0,4,72.95196319636676,4.921682559042649
18,0.0,72.28648009514959,0.0,4,72.28653124277277,5.94460999875594
18,0.0,71.76148591019881,0.0,4,71.7615586887698,7.087543479159837
18,0.0,52.679957294778646,0.0,4,52.67996248446484,4.390269045822455
18,0.0,50.965541265575176,0.0,4,50.96553453893311,4.688425635249946
18,0.0,53.76506660337073,0.0,4,53.76508296200038,6.016800708917929
18,0.0,54.51220234890617,0.0,4,54.51222815362074,7.804961187197742
18,0.0,54.632910830907186,0.0,4,54.63293829228681,8.10987708528126
18,0.0,54.95595559613851,0.0,4,54.95598766847961,8.925541333368884
18,4.31584663212352,2.231256274087723,0.07743667087847868,4,2.3087009179871956,-4.178608389958736
18,4.368780575655025,2.1867368309907302,0.008713920831612224,4,2.195468621215074,-4.135278651553854
18,4.428226845326107,2.119268421507286,0.0,43,2.119286642261443,-4.083695014679069
18,4.308235929107227,2.073081506378463,0.0,43,2.073098336262113,-4.006218203686981
18,4.418352819392135,2.0176479645868377,0.0,52,2.017664241474513,-3.945931210152338
18,4.380273343112219,2.0067271619885254,0.0,52,2.0067430908765544,-3.9136387083347834
18,4.306005016532917,1.9854277689003041,0.0,52,1.985443001421956,-3.8354145646010487
18,4.689306024695677,1.9016857552046278,0.0,64,1.901700959858207,-3.758704986995859
18,4.583176556934673,1.8795778825750997,0.0,64,1.8795923040443476,-3.6898071536308485
18,4.54439453692887,1.8714991842013842,0.0,64,1.8715133203134258,-3.6537734363617105
18,4.087004069266834,1.9400045238894288,0.0,47,1.9400180706971248,-3.5567096269961134
18,4.018646360023478,1.919108110481425,0.0,47,1.9191210181919374,-3.4239356975556063
18,4.837058663685031,1.769624099281153,0.0,47,1.7696374420564318,-3.4337088197518817
18,3.953164852352937,1.8990909292445333,0.0,47,1.8991032471448612,-3.284792503091701
18,3.916618958367489,1.8879191372471409,0.0,47,1.8879311250832593,-3.2024345295807706
18,4.905602595377161,1.7061427242043796,0.0,78,1.706155170484454,-3.243443302306691
18,4.787595560762041,1.685833434275609,0.0,78,1.685845163530118,-3.1457275351003275
18,4.961457677649844,1.6528790700064313,0.0,83,1.6528907489669677,-3.0667232437311824
18,4.854527480422673,1.6350421734042866,0.0,83,1.6350532458401368,-2.9758434540210104
18,4.815452856422604,1.6285241827325194,0.0,83,1.6285350435481512,-2.9285487237600343
18,4.739243642964196,1.615811816199607,0.0,83,1.6158222439761794,-2.815612985412006
18,4.510370031853821,1.6381222646778226,0.0,78,1.6381323657740694,-2.6766668920196253
18,4.478907670721379,1.632707517869156,0.0,78,1.6327174328103382,-2.6047015012154766
18,4.598821451666639,1.5894018098897515,0.0,78,1.5894114100998067,-2.5236787763168955
18,4.414066423930003,1.6215481858452299,0.0,78,1.6215577273332684,-2.445945162317553
18,4.379957660503604,1.6156779869388855,0.0,78,1.6156873429411682,-2.357118632265994
18,4.340982329111301,1.6089702401685522,0.0,78,1.6089793665397174,-2.251431598094001
18,4.30332068532246,1.6024885821437038,0.0,78,1.6024975030341295,-2.145315006377306
18,4.249893494871233,1.5932936362280423,0.0,78,1.5933022509132506,-1.9885538130196991
18,4.415597274341505,1.5406607408662514,0.0,87,1.5406690788680422,-1.9201301019422061
18,4.377896501632464,1.534410697604814,0.0,87,1.5344188346994585,-1.8036706791318409
18,4.36065170000788,1.5315518502008,0.0,87,1.5315598928286072,-1.7489953499928284
18,4.3244138024975625,1.5255443227453032,0.0,87,1.525552184364198,-1.6313774555784093
18,4.441966138901048,1.4834569807531324,0.0,91,1.4834645599648937,-1.549985721906829
18,4.379433225475247,1.473300427320854,0.0,91,1.4733076989951286,-1.3344327297703629
18,5.307706046213606,1.2892508749017073,0.0,91,1.2892576925721464,-1.4374365641781353
18,3.5347550061013533,1.6158720269512934,0.0,67,1.615878635893715,-1.024749685624517
18,3.4824686548047734,1.6056682970376486,0.0,67,1.6056745959665157,-0.8766243137583309
18,3.9884141230321246,1.5048506535373776,0.0,61,1.504857259902849,-0.7469411238915811
18,3.9967870465913284,1.4882155925405607,0.0,61,1.4882219998120476,-0.6064258434507224
18,4.176692914578595,1.4403714833825252,0.0,91,1.4403777738717842,-0.5629865456424987
18,4.136157023778062,1.4337876714619575,0.0,91,1.433793761819203,-0.3982164011186953
18,5.423144154870841,1.1522902077513324,0.0,91,1.152295380921661,-0.6275902855233966
18,4.0505225472242685,1.419878977797847,0.0,91,1.4198846692832099,-0.04197495058594214
18,4.001713870375562,1.4119515055721863,0.0,91,1.4119569670644232,0.164907711493413
18,2.603489392083692,1.4865057695514408,0.0,47,1.4865077898230368,0.32805553001175625
18,2.1817233182691256,1.39964980816721,0.0,59,1.3996497798714387,0.5394668591383258
18,1.5630645226530915,1.2566667065059136,0.0,59,1.2566641327745955,0.5346081377726293
18,1.418481866107002,1.2232510712221631,0.0,59,1.223248027165731,0.5656290095299212
18,1.1956108802983387,1.1717416042153908,0.0,59,1.1717379100467973,0.7355936458806802
18,1.2409503762024265,1.1225617116252113,0.0,71,1.1225581367679638,0.9333188355124058
18,1.0836194830238843,1.0942525242332448,0.0,71,1.0942486034188263,1.0484216271022309
18,1.1896960787129465,1.0550248120702364,0.0,79,1.0550211789733304,1.222904980177585
18,0.954416378016023,1.0148765668821411,0.0,79,1.0148725279405717,1.3949566437711773
18,1.007253507870088,0.9454825696677277,0.0,48,0.9454788581335123,1.6222821378240795
18,0.8914879177281898,0.9074199299683071,0.0,48,0.9074161831427965,1.7819128348588347
18,0.7260951500808139,0.8530403400043496,0.0,48,0.8530366514167014,2.1486868077420613
18,0.6304359479403727,0.8215884920023423,0.0,48,0.8215848891029331,2.443667720940601
18,0.9339368953161578,0.7742459944578031,0.0,43,0.7742430632668018,2.4527436854263236
18,0.6389386113103968,0.6606952263174167,0.0,43,0.6606929913341091,2.784642412644466
18,0.5451993801850817,0.6246131123653208,0.0,43,0.6246112009741331,3.021690430444565
18,0.49561152126411795,0.6055257488916993,0.0,43,0.605524033719437,3.175399203555955
18,0.5864266486116703,0.48551098721916697,0.0,46,0.4855107527897893,3.4440469054973892
18,0.335913848180338,0.37679785411091765,0.0,46,0.3767993440976021,3.752042840686231
18,0.1663330614956028,0.3032061709565364,0.0,46,0.3032091176258227,4.19983572770618
18,0.15125696701528135,0.2966637129936309,0.0,46,0.2966667967152503,4.244823465081668
18,0.11166954612835046,0.07305615102475733,0.0,172,0.07306410822512888,4.264828694568813
18,0.014262307474798702,0.0,0.0,172,1.0026588576295126e-05,4.577399237656129
18,0.14793851571647185,0.0,0.0,172,9.691325555394315e-06,5.555305936133362
18,0.18958406854121465,0.0,0.0,172,9.58973070197544e-06,6.196567391792501
18,0.22617344471569442,0.0,0.0,189,9.499988578909324e-06,6.869442927804428
18,0.2746330199149716,0.0,0.0,189,9.381461246960043e-06,7.902095877932981
18,0.36285429306349704,0.0,0.0,189,9.157952565175265e-06,10.134582017878467
18,6.614568755018846,0.0,0.0,189,5.748805627092679e-07,10.960215012646373
18,7.204811569101832,0.0,0.0,189,2.2776480790298592e-07,12.893467270380896
18,10.6076898287758,0.0,0.0,195,-9.829072133982208e-07,15.825161859879646
18,13.223902790215647,0.0,0.0,195,-1.2826120361353333e-06,17.731866395528904
18,25.29817630891077,0.0,0.0,195,-6.764294013805738e-07,21.828130528979273
18,42.85904059481401,0.0,0.0,195,-4.2074901429600686e-07,27.390580745113652
18,85.3169341427879,0.0,0.0,195,5.597286176595162e-05,36.42065615297195
18,3.3691490725119344,0.0,0.0,195,3.661670909593795e-06,48.74618716539807
18,69.08469493599362,0.0,0.0,195,-7.579799799373177e-06,77.47218805205436
19,0.0,90.49055232597505,0.0,6,90.49054574730187,4.604916552515391
19,0.0,89.6565221089454,0.0,6,89.6564421317209,5.552840821491291
19,0.0,73.10651084984865,0.0,6,73.10652570540054,4.781026023815279
19,0.0,71.94940560066524,0.0,6,71.94947220736535,6.6075933241098195
19,0.0,51.269361653696244,0.0,0,51.26935663725262,4.594030661729663
19,0.0,50.09015639887949,0.0,0,50.09014606239211,5.555745289126682
19,0.0,49.68320187056061,0.0,0,49.683190251739944,6.261589730560976
19,0.0,32.01982075588447,0.3738870768016732,34,32.393691292973514,3.971934318617098
19,0.0,31.352235918171147,0.0,34,31.352240496780578,4.233767734260878
19,0.0,31.01658192346659,0.0,34,31.01658694830153,4.4011065059161805
19,0.0,30.303595985752153,0.0,34,30.303601898119123,5.076918996094799
19,0.0,29.918812811131843,0.0,34,29.918819142021153,5.592830305037326
19,0.0,29.630788773483886,0.0,35,29.63079537478125,6.01942068851095
19,0.0,22.332853066929175,0.0,35,22.332854246474472,4.507501008737394
19,0.0,21.25457958183719,0.0,35,21.25457980540412,4.612550245037184
19,0.0,20.18891504876735,0.0,35,20.188914766918195,4.656121729746758
19,0.0,19.917500037736485,0.0,35,19.917499683230098,4.681319027373183
19,0.0,17.728505647532337,0.0,35,17.728505256996772,4.474513268143195
19,0.0,16.68930817482635,0.0,35,16.689307859880547,4.520219708503422
19,0.0,16.461720871515556,0.0,35,16.461720562049994,4.565906371440381
19,0.0,15.29673525493126,0.0,35,15.296734919762907,4.678633074275993
19,0.0,14.08850545099049,0.0,35,14.08850499414899,4.441291213630903
19,0.0,13.662997494514368,0.0,35,13.662996991241954,4.501891685690552
19,0.0,12.951912954997107,0.0,35,12.951912433568484,4.481906158793214
19,0.0,12.364086600312312,0.0,59,12.364086145321714,4.501172016379883
19,0.0,12.19207235878324,0.0,59,12.1920719518995,4.525312540679042
19,0.0,11.355726492250689,0.0,59,11.355726450727675,4.533073707144258
19,0.0,10.634893261348548,0.0,59,10.63489381391679,4.5253562569847094
19,0.0,10.12544539470274,0.0,59,10.125446540185594,4.518237411251084
19,0.0,9.700789771411426,0.0,59,9.70079151230474,4.510553820969966
19,0.0,9.510952219689443,0.0,59,9.510954243045253,4.514834022116576
19,0.0,8.95780448949343,0.0,59,8.95780745970156,4.5672391186769214
19,0.0,8.828586498209349,0.0,59,8.828589693815708,4.58409180778054
19,0.0,8.350844726835941,0.0,59,8.350848779077172,4.631805477424351
19,0.0,7.990510140116462,0.0,59,7.990514837773752,4.632188034647319
19,0.0,7.756589870321289,0.0,59,7.75659496626114,4.6132893927368706
19,0.0,6.838976570620829,0.1662388867959448,59,7.005210003913531,4.472385602309998
19,0.0,6.704268780167837,0.0,59,6.704275221374239,4.479406090391425
19,0.0,6.2444396800314035,0.143060500765601,81,6.387495718429999,4.465257930021487
19,0.0,6.147496693190963,0.1930051381204913,81,6.3404935811313194,4.470432215334057
19,0.0,5.543415670487672,0.3621375188533251,81,5.90553087076259,4.4953809795803075
19,0.0,5.060311487766731,0.49739844825635965,81,5.557675156204455,4.430002229111983
19,0.0,4.691603485140458,0.600630398832068,81,5.292188740397885,4.432170397742409
19,0.0,3.1509623420308386,1.7561537923305437,81,4.906987690387243,4.296176212205408
19,0.0,2.8941764243616173,1.6452297273938463,81,4.539273361634423,4.17553194153367
19,0.0,3.519393495283554,0.9288291980860031,81,4.44813901105967,4.2627554016110984
19,0.0,3.134709134724746,1.0365342563261064,81,4.171145234837846,4.227433892181198
19,0.0,2.8498540433281714,1.1162888222884204,81,3.9660335214270486,4.196469175407813
19,0.0,2.4400750512956613,1.2310199492266707,81,3.670969012073524,4.028376238358961
19,0.0,2.133186378720127,1.2654798951655488,110,3.3985306929225594,3.9261967847479404
19,0.0,1.9014290919489436,1.1786214932754264,110,3.079915299160767,3.8951078892594584
19,0.0,2.105861370957548,0.9110135688117739,110,3.0167643952137215,3.9553029531980126
19,0.0,2.098420359441345,0.8144870448516716,110,2.912805035095518,3.9857761206149593
19,0.007535657553296864,1.648839616210323,0.8953134407161288,110,2.5440355686867147,3.8955116250486466
19,0.0,1.6841913198937144,0.7573220199740147,71,2.441409585747568,3.9362025725305685
19,0.0,1.4859440962202264,0.773564909996331,71,2.2594007894317265,3.946723670987831
19,0.0,1.3657069559036215,0.78341623911243,71,2.1490123667276464,3.9798643046475757
19,0.12401271644066063,1.3033715116687854,0.6821944674375914,136,1.9854652843451,4.007078245688543
19,0.17624001242319492,1.1899518844087413,0.6865584862881242,136,1.8764079634210376,4.053362400853851
19,0.17715286395103852,1.1769622281681869,0.5722203408661382,145,1.749093556347816,4.082698744160195
19,0.21640314040356148,1.1380428951963424,0.5493525156018291,145,1.6873089204979124,4.108487832589983
19,0.3175649267424878,1.037734066765194,0.4904140758631388,145,1.528068550960139,4.194817453862893
19,0.27073047036453607,1.047862763778304,0.4328956356039301,157,1.4806865568479957,4.214824070544349
19,0.319947375403296,1.0074798681135655,0.38324834233654703,157,1.3906630787217935,4.2729744213970235
19,0.42232537244042656,0.9980956497755596,0.2902965005182371,157,1.2883403979855572,4.353124860217793
19,0.5028848754544013,0.9716487579896219,0.21451746510598307,157,1.1861259809686509,4.443641845617469
19,0.5731993348953713,0.9485652131532112,0.14837552389953793,157,1.0969110068838894,4.538523475239671
19,0.4332793795106459,0.7557861656626172,0.21978377825562098,168,0.9755294289925587,4.597280049636604
19,0.4638888663644192,0.7682581653028953,0.09929205450040215,168,0.8675294096006709,4.6996818265378835
19,0.48176784190135885,0.775543049807183,0.028912939956125403,168,0.8044472403485301,4.770994707950679
19,0.0,0.7936246426440294,0.0,171,0.7936207202730898,5.065643318398337
19,0.10071036335881148,0.17058069724893907,0.10512105934419201,171,0.2756881123356649,4.443157527966568
19,0.16022698031996524,0.16998504869338923,0.054312338379391395,171,0.2242929734678505,4.48321332508208
19,0.204169052587646,0.16954527181744222,0.01679944530079236,171,0.18634728721170646,4.601295919032035
19,0.007118550295659963,0.01483036370598774,0.0030236260185115054,198,0.01786342283807585,4.495313414788564
19,0.05418299293166867,0.0,0.0,198,1.027910889206396e-05,4.818350808496906
19,0.10270291981349638,0.0,0.0,198,1.0129302076222757e-05,5.307071121728461
19,0.1293904004666167,0.0,0.0,198,1.0046076070580057e-05,5.6727135920646
19,0.1701652152156617,0.0,0.0,198,9.926230617907095e-06,6.352173238168058
19,0.18924619714790272,0.0,0.0,198,9.88295309412024e-06,6.716918150536831
19,0.2211203995213162,0.0,0.0,198,9.779752847549616e-06,7.387952653068151
19,0.24833917124074661,0.0,0.0,198,9.696526838354202e-06,8.018199096643178
19,0.2765726073495954,0.0,0.0,198,9.621623433986315e-06,8.723462294587499
19,6.0685040447273355,0.0,0.0,191,3.752140216306543e-07,10.549112349685945
19,6.79279836910644,0.0,0.0,191,5.690548476877666e-09,10.658978899663893
19,7.213787296173396,0.0,0.0,191,-1.524388650864239e-07,12.060704154947452
19,7.7686090519071325,0.0,0.0,191,-3.1056827864972547e-07,13.463084396132611
19,10.735562468604826,0.0,0.0,224,-3.838071656048214e-07,15.856466687470233
19,90.58710799092191,0.0,0.0,224,0.00016940224127992565,18.22353814764212
19,88.4178285106007,0.0,0.0,224,0.00011373236500133999,21.258499415702254
19,60.40925721022808,0.0,0.0,224,2.5906903360350952e-06,26.68346329381266
19,64.36318515880441,0.0,0.0,224,-7.466725548965769e-07,33.40112649015582
19,84.42177263939006,0.0,0.0,224,4.257412876285116e-05,44.85509819594964
19,70.64357106601098,0.0,0.0,224,-9.653519857266701e-06,71.19667089196338
20,0.0,90.47495028297668,0.0,10,90.47494190531309,4.609181280204329
20,0.0,89.40727264350498,0.0,10,89.40716907028042,5.93587205618925
20,0.0,72.59282108060404,0.0,10,72.59286070585614,5.336695141613708
20,0.0,72.03451380921967,0.0,10,72.03457825629295,6.321618516766721
20,0.0,50.797020455320606,0.0,33,50.79701317736873,4.76145941395294
20,0.0,50.02759634088162,0.0,33,50.02758610057196,5.579116068075939
20,0.0,49.713807253754915,0.0,33,49.71379609150458,6.094259460853932
20,0.0,35.75700795373903,0.0,33,35.75700766727375,4.503963783784634
20,0.0,31.36449767830648,0.0,33,31.36449945032405,4.245688348699709
20,0.0,30.81394568821928,0.0,33,30.813947725173918,4.54760559591441
20,0.0,30.374067692285678,0.0,33,30.37406991957505,4.966528035248814
20,0.0,30.01199716058755,0.0,33,30.01199954320886,5.410222454072317
20,0.0,29.59236037542381,0.0,33,29.592362896964662,5.993882065778672
20,0.0,22.319309867449423,0.0,33,22.319310269120876,4.509972444845804
20,0.0,21.34061320440045,0.0,33,21.340613293779032,4.606343228898082
20,0.0,20.24510884482803,0.0,33,20.245108764364673,4.652022550584475
20,0.0,19.154525336139976,0.0,25,19.154525203032478,4.72411822874939
20,0.0,17.409206411980854,0.0,25,17.40920631072934,4.428656391850563
20,0.05294741486945411,1.241505191576329,7.798462722423551,71,9.040004893028044,1.773705467054242
20,0.06904563864889185,1.0897243387832076,7.767012007201419,71,8.856766543548915,1.9054887911774703
20,0.11234698966140601,1.5053518874365315,8.594658415777054,71,10.1000298841976,2.5101778367990377
20,0.05711013933337502,1.0576462134551141,7.610164396714167,71,8.667843860840678,2.1206997798045055
20,0.19100619142673733,0.6405059756814283,8.121753763105419,90,8.762255366464425,2.472989730282242
20,0.26085075352152587,0.6201063765972992,8.6406599664009,90,9.260741134786512,2.8328353631551053
20,0.14635589660049192,0.6535470498341653,7.7900269361426115,90,8.443581174369104,2.718441798383303
20,0.14042174906792512,0.6552802446161177,7.745939524416263,90,8.401228391288496,2.784824079980842
20,0.12919203977105456,0.658560121540202,7.662509037624138,90,8.321080427891166,2.933928338717136
20,0.3352427721608538,0.598378595510465,9.193351239563032,90,9.79167900357331,3.8945479435803154
20,0.4216090024203029,1.636979983984959,6.766618177642643,90,8.403669105817452,3.5644659138199746
20,0.10178320496775546,0.6665654583134732,7.458876657694102,90,8.12545943880693,3.4332180224023787
20,0.0928344255836345,0.6691791408429827,7.392392210013821,90,8.06159053751958,3.6396622609374205
20,0.07980731532025724,0.6729839871850213,7.29560803492648,90,7.968613807735915,3.9797872935766794
20,0.0,8.65984992015428,0.0,101,8.659852623626373,4.605070366560447
20,0.0,8.358282743341123,0.0,101,8.358285906807344,4.631456793092555
20,0.0,8.001459124426031,0.0,101,8.001462818608378,4.63251916599112
20,0.0,7.6102555261544484,0.0,101,7.610259785470616,4.594828105574711
20,0.0,7.277633336139496,0.0,101,7.277638019710235,4.544834300915756
20,0.0,6.7252862479887625,0.0,101,6.7252915013653105,4.480104874602967
20,0.0,6.578079615881645,0.0,101,6.578084963393399,4.475586706193152
20,0.0,6.1907597358226,0.0,101,6.190765240721387,4.496686000148156
20,0.0,6.092651184360038,0.0,101,6.09265670133194,4.507963399858538
20,0.0,5.731785467133295,0.0,101,5.731790916038168,4.548154266774436
20,0.0,5.445401804094459,0.0,101,5.44540704216821,4.551072658103893
20,0.0,5.158544767965874,0.0,101,5.158549663814972,4.510462877778668
20,0.0,4.856771285940682,0.0,101,4.856775672706226,4.464220337302077
20,0.0,4.681888769224303,0.0,101,4.681892771750469,4.515575168222972
20,0.0,4.554625693892311,0.0,101,4.554629396558099,4.587257738209702
20,0.0,4.421323783234528,0.0,101,4.421327124722556,4.630172528024302
20,0.0,4.155263242334637,0.0,115,4.155265782412611,4.56300423404573
20,0.0,3.900634004594515,0.0,115,3.9006356591528615,4.572935014435362
20,0.0,3.696681294643743,0.0,115,3.696682169659148,4.559502487974676
20,0.0,3.4434472778319667,0.0,115,3.4434471113989193,4.519943757197744
20,0.0,3.048452046599777,0.0,115,3.04845019082223,4.110778134833007
20,0.0,3.0096868259951,0.0,115,3.0096848030641397,4.237351757369206
20,0.0,2.862549284794079,0.0,115,2.8625466299845854,4.470587093194171
20,0.0,2.9210169296573927,0.0,115,2.9210145280502946,4.730764116757516
20,0.0,2.5022212671092046,0.0,115,2.5022171570360197,4.441780894512194
20,0.0,2.4816969293037436,0.0,115,2.4816927429457927,4.47189938860941
20,0.0,2.3003935923220573,0.0,115,2.3003887833240597,4.572943304745383
20,0.0,2.134254438855153,0.0,115,2.134249143216623,4.571581267470027
20,0.0,1.8917369959593922,0.0,115,1.8917312108688726,4.522549947584036
20,0.0,1.7645669092138272,0.0,115,1.7645609977535397,4.558762021748079
20,0.0,1.7480560678557509,0.0,115,1.748050142347953,4.568205291468045
20,0.0,1.5231600896167552,0.0,115,1.523154232585842,4.673603844593636
20,0.0,1.3401517730893584,0.0,115,1.3401462675085618,4.581071043807173
20,0.0,1.1904312784742452,0.0,115,1.1904263121625434,4.5499116102958315
20,0.0,1.1634098143927045,0.0,125,1.1634049653229788,4.5646202378914325
20,0.0,1.0603715408260799,0.0,125,1.0603672303045464,4.645576935053468
20,0.0,0.9749361627755901,0.0,125,0.9749324020797907,4.748503358171856
20,0.0,0.871670253739934,0.0,125,0.8716672804450667,4.920147150026315
20,0.0,0.7504819887422159,0.0,125,0.7504801285805556,5.141441001977954
20,0.0,0.6601169389753442,0.0,125,0.6601160507274031,5.268214400765348
20,0.2672369776792957,0.42399698287701365,1.6721732804901826e-09,163,0.42399888472100855,4.913461520502505
20,0.11243065810334213,0.13549001122062415,0.0,163,0.13549730607955368,4.530532100713781
20,0.006044408532838005,0.015127485300799623,0.0,163,0.015137765571900275,4.499446268979197
20,0.038848670077223924,0.0,0.0,163,1.0540381186530112e-05,4.722433770606962
20,1.1424292027343903,0.7634930296614211,1.6721732804901826e-09,163,0.7634908140780006,7.615117455301439
20,1.2760749938020084,0.815335603713053,1.6721732804901826e-09,163,0.8153330971584403,8.29447398692203
20,1.4445049396139025,0.8806713084031288,1.6721732804901826e-09,163,0.880668543940125,9.099142800739795
20,1.6760877180263338,0.9705046450388839,1.6721732804901826e-09,163,0.9705017306618018,10.036712563462588
20,5.425155578342772,0.8144668459079706,0.0,159,0.8144651973309429,10.456226818062195
20,6.99082060507798,0.8019755400419323,0.0,159,0.8019741972687449,11.782564299752751
20,0.2747785742209963,0.0,0.0,212,9.858024977660307e-06,8.695452018230693
20,0.3094193233987121,0.0,0.0,212,9.754935188510672e-06,9.619870114020035
20,6.694997880004365,0.0,0.0,212,3.917643596196285e-07,10.40230512517693
20,5.844291239424897,0.0,0.0,212,8.532138835448677e-07,11.763957204421274
20,7.57412235346094,0.0,0.0,212,9.231307274149003e-08,13.084994751577334
20,10.060297268716438,0.0,0.0,212,-6.150343168087602e-08,15.14141713398321
20,12.336585802534,0.0,0.0,212,3.5085571425952367e-07,17.089119117551743
20,18.959991971547836,0.0,0.0,212,1.7253862125699015e-06,19.717543662136976
20,34.74258120853988,0.0,0.0,212,-8.011317476075419e-07,23.512242682438618
20,86.29210652699449,0.0,0.0,212,7.334824311300281e-05,28.7892276971417
20,30.023313082835752,0.0,0.0,212,3.001289954340791e-07,36.403262929794174
20,83.93592096378568,0.0,0.0,212,3.745336102412011e-05,50.16366798482174
20,68.78717673110764,0.0,0.0,212,-7.164880674537244e-06,76.22941048935601
21,0.0,90.29800191934731,0.0,4,90.29797706999395,4.717112836032255
21,0.0,89.43072851358099,0.0,4,89.43062604725418,5.924754392929788
21,0.0,72.42162848288174,0.0,15,72.42167628769768,5.62927544067051
21,0.0,52.12086565134898,0.0,15,52.1208661806424,4.350333952338083
21,0.0,50.65510147818433,0.0,15,50.655093578979894,4.868015611529907
21,0.0,49.9557427685722,0.0,15,49.95573233072418,5.722670749111362
21,0.0,49.79639717215314,0.0,15,49.79638627245924,5.991002563870664
21,0.0,32.004533103732314,0.5357787421919961,15,32.54028796150144,3.989333920114623
21,0.0,31.11657556279308,0.0,15,31.11657790011059,4.347344217441204
21,0.0,30.683954638202255,0.0,11,30.68395724137566,4.65860398609124
21,0.0,30.337514949271345,0.0,11,30.33751776847147,5.019095385786725
21,0.0,29.92056729905961,0.0,13,29.920570346193745,5.556061543834431
21,0.0,29.499534626106243,0.0,13,29.49953786873798,6.165338002083484
21,0.0,21.962901771262246,0.0,13,21.962902146057566,4.535167232892034
21,0.0,21.054961541852837,0.0,13,21.054961584617637,4.619012729957015
21,0.0,20.45174694053422,0.0,23,20.45174685808327,4.637447129592635
21,0.0,18.69246250163338,0.0,23,18.69246232416041,4.688126861670725
21,0.0,17.043862950936216,0.0,23,17.04386282630548,4.446262358890223
21,0.0,16.502593529437984,0.0,63,16.50259340716591,4.558832525517115
21,0.0,15.665355763613167,0.0,63,15.665355599932834,4.632326998479277
21,0.0,15.263412945067136,0.0,63,15.263412748005821,4.682313188075275
21,0.0,13.77795708391623,0.0,63,13.777956689873548,4.466199745415876
21,0.0,13.426311992878862,0.0,63,13.426311569964545,4.563349389661997
21,0.0,12.469617715179654,0.0,63,12.469617263618709,4.483710312464927
21,0.0,12.010828643006668,0.0,63,12.010828250903463,4.54076740953483
21,0.0,11.468131174038826,0.0,71,11.468130939796286,4.537081876282528
21,0.0,10.925014198314537,0.0,71,10.925014238844902,4.525573631522917
21,0.0,10.57144020224396,0.0,71,10.57144049221323,4.525443337220235
21,0.0,10.036393707430175,0.0,71,10.03639449889023,4.515618605831712
21,0.0,9.498316322308547,0.0,71,9.4983177448165,4.515377274102235
21,0.0,9.196459300026854,0.0,71,9.196461127775976,4.539479560034646
21,0.0,8.778319110648617,0.0,71,8.778321545024744,4.592531404285628
21,0.0,8.456345746820542,0.0,71,8.456348674245241,4.626269159455967
21,0.0,8.109850510764021,0.0,71,8.109853980548431,4.634447668666942
21,0.0,7.692657184864666,0.0,71,7.692661284236829,4.598141591019912
21,0.0,7.295404149539336,0.0,71,7.295408807868434,4.5356231806029434
21,0.0,6.900283163835256,0.0,78,6.900288279939431,4.481538242967517
21,0.0,6.576993498952836,0.0,78,6.576998902509935,4.467401669025527
21,0.0,6.297609806934005,0.0,78,6.297615373849853,4.484679039424989
21,0.0,6.0686339187183025,0.0,79,6.068639537690311,4.51448123393053
21,0.0,5.8803006732272785,0.0,79,5.880306296462926,4.54037261032299
21,0.0,5.62426596485861,0.0,79,5.624271492837254,4.5597547065811135
21,0.0,5.393511538275952,0.0,79,5.393516887426113,4.547953991684443
21,0.0,5.019324606749498,0.0,79,5.019329471025621,4.478763327151931
21,0.0,4.76969001843745,0.0,79,4.769694409730416,4.478153289594168
21,0.0,4.613568368184106,0.0,79,4.613572415109497,4.54735763664376
21,0.0,4.469712502017831,0.0,79,4.4697161718887095,4.6183619948290655
21,0.0,4.280823292403291,0.0,79,4.280826426544101,4.6337937457025475
21,0.0,3.9724725730822543,0.0,87,3.972474669083363,4.539758163954167
21,0.0,3.7804226191734305,0.0,87,3.780423988962987,4.525786591032952
21,0.0,3.577935086885854,0.0,87,3.577935628879212,4.518831007461898
21,0.0,3.4052936611425846,0.0,87,3.4052934634618577,4.533811235271775
21,0.0,3.1581964961491633,0.0,100,3.158195200546409,4.486238035556159
21,0.0,2.9926696080668176,0.0,100,2.992667564369098,4.501076167892371
21,0.0,2.8881835107844873,0.0,100,2.8881809841641157,4.50455578401351
21,0.0,2.918577202039291,0.0,86,2.918574822304816,4.709980027837567
21,0.0,2.5099648835765933,0.0,86,2.5099607319077,4.435719141941419
21,0.0,2.4284265749513088,0.0,86,2.428422098098345,4.56939753650647
21,0.0,2.2375702172268976,0.0,86,2.2375650635247872,4.558189223923328
21,0.0,2.0594776907361725,0.0,86,2.059472002770388,4.565180077982852
21,0.0,1.8781262177650138,0.0,71,1.8781201450050276,4.5227581939194845
21,0.0,1.7456275115210917,0.0,71,1.7456212726316096,4.569440509745295
21,0.0,1.7134377775674003,0.0,71,1.7134315093896646,4.589570634279722
21,0.0,1.4981514786746115,0.0,74,1.498145251721688,4.671205193363592
21,0.0,1.2723112894981154,0.0,74,1.2723055185306418,4.543176968888288
21,0.0,1.1893129437225398,0.0,74,1.1893074648640827,4.550432554315297
21,0.0,1.137749774386937,0.0,86,1.1377445194557083,4.5815962606221685
21,0.0,1.0242639232184103,0.0,86,1.0242592760523745,4.6836763515971285
21,0.0,0.949710060946779,0.0,86,0.9497058946061525,4.78305480423686
21,0.0,0.1626835042294059,0.18710187682760562,86,0.3497844623157995,3.963225543197897
21,0.0,0.7669117288843508,0.0,86,0.7669090701443686,5.098676621686879
21,0.0,0.7181833971694807,0.0,79,0.7181812212545751,5.176391291655603
21,0.0,0.46574847769468297,0.0,79,0.4657494343940094,5.23688666590847
21,0.0,0.1404505056872951,0.0,79,0.14045724323979059,4.6102160322721435
21,0.0,0.01421033701978791,0.017267232947554396,138,0.03148636328506882,4.446214747412716
21,0.02950346233306098,0.0,0.0,138,9.83200303750209e-06,4.918150099459417
21,0.21044590407771369,0.10270511105798723,0.2137380768349073,138,0.31644168060299194,6.507167497436701
21,0.25024446639638287,0.10718934561704664,0.18648382015398005,138,0.29367244719908214,6.878231025490251
21,0.09526667378955751,0.0,0.0,138,9.639240680314742e-06,5.984065612633522
21,0.3120231159072707,0.11415014869657872,0.1441774886415737,138,0.2583282165591889,7.617510042214095
21,0.3795880365794334,0.12176290992730529,0.09790868938492792,138,0.21967368581885083,8.635764990267234
21,0.4100515503980799,0.12519533395212684,0.07704712111096801,138,0.20224525735565635,9.161763109204097
21,0.4271254656486031,0.12711910798727416,0.06535481762874218,138,0.19247713502464237,9.473747606854646
21,6.392819047655421,0.0,0.0,127,4.0833338132983954e-07,9.922990149594028
21,6.049202817357238,0.0,0.0,127,5.890480885284433e-07,10.612275427350777
21,7.168183824249433,0.0,0.0,127,1.3364702411422513e-07,11.908371165203793
21,7.6188019066328465,0.0,0.0,127,2.9234080045625888e-08,13.219696811465381
21,9.966698368814365,0.0,0.0,132,-2.779145091835744e-08,15.022157193752802
21,92.04989336667053,0.0,0.0,132,0.00021082611431566534,17.026837556085326
21,36.703493145327,0.0,0.0,132,-1.4815408810875397e-06,19.87346162686686
21,41.98825398341759,0.0,0.0,170,-1.4976044084846762e-06,23.634291618348172
21,63.24997042563834,0.0,0.0,170,3.2250732999727916e-06,28.834771859485002
21,58.21045575339421,0.0,0.0,170,4.996880619501098e-06,36.64396704201582
21,56.56246343029958,0.0,0.0,170,4.685248143232457e-06,50.08100237298057
21,68.51242761380149,0.0,0.0,170,-3.411573963774117e-06,76.02827137618368
22,4.802754871899259,0.733365124307032,3.251068008473068,1,3.984380278917776,-21.40022731605626
22,4.706425762230266,0.7059893244024843,2.9843741132363637,1,3.6903119854357858,-21.321474248366066
22,4.877097122530737,0.6601041832532802,3.3676312285395325,1,4.027677270087631,-21.21042510387214
22,4.9073784378382665,0.6302633103051084,3.415110119615762,1,4.045313061866469,-21.021482563794862
22,4.408174317171933,0.6599969256189139,2.8142709727423387,14,3.4742192925864277,-21.066666374576286
22,4.785908767919425,0.6189277197836992,2.7563024548470425,14,3.3751747955781326,-20.97738211947666
22,4.272792950661309,0.676359449346699,2.712040528514079,14,3.3883541010958957,-20.96121285460302
22,4.168246176015857,0.6889952287371026,2.633094189810979,14,3.322045520707732,-20.828057156159524
22,5.208877869607817,0.5632219320334718,3.418905731353983,14,3.9820588158326053,-20.477823637504045
22,4.073871694711021,0.7004015598257064,2.5618292484362897,14,3.2621886063761387,-20.666126117817072
22,4.427837301517372,0.6315645860108816,2.306973891467526,24,2.9384900103844185,-20.61830083590396
22,4.501416588614996,0.5857780241334768,2.4025750873252125,24,2.9883016791676145,-20.57202386182619
22,4.57107922428877,0.553386800494452,2.5089249926707136,24,3.0622577940166007,-20.419683923114427
22,4.563152727071174,0.5473611593472566,2.4827885400081082,24,3.030095692978314,-20.351786154729595
22,4.360345008255958,0.6132061578940333,2.14969979878022,24,2.762858226979512,-20.342160357981584
22,4.6157946031444395,0.5146034280447865,2.551185863539106,24,3.0657330223438386,-20.034650420388687
22,4.644874622642939,0.688397018189288,2.1420419013974676,34,2.830390868483473,-20.02974547260343
22,4.583205291993391,0.6824179398588143,2.1040247239424166,34,2.7863952521436754,-20.014532623563753
22,4.447304095609233,0.6692417971988014,2.0202459664162364,34,2.6894417100922645,-19.945947444054553
22,4.317082173878991,0.6566162820169591,1.9399683007627875,34,2.5965398051288027,-19.831009773212237
22,4.386013835660902,0.5934067759677306,1.93054568779454,41,2.5239050074693985,-19.8481525983778
22,4.14759617170513,0.6153604909859427,1.8757631960844616,41,2.4910795130531174,-19.748252658183034
22,3.991811177080799,0.6297053147685071,1.8399676512621401,41,2.469630833845258,-19.56864160165859
22,4.885697773152243,0.5473954252110271,2.0453607174743738,41,2.5927012279833335,-19.45367780592794
22,4.950182421410046,0.5414576202371304,2.0601776972652077,41,2.601579389571116,-19.35152377771135
22,3.8405615152447496,0.643632520989123,1.8052142139194163,41,2.448806512683486,-19.30262206875848
22,4.252214207245067,0.5266149213643482,1.7638848244667282,49,2.2904527161676445,-19.233206199440446
22,4.193875735580708,0.5274568929442192,1.7437223317897308,49,2.271132897578223,-19.18811913238614
22,4.104347115254981,0.5287490171934282,1.7127801404672602,49,2.2414838890564504,-19.098905087923924
22,4.3680812148756205,0.47865510488128654,1.8005121302675797,56,2.2791174297931995,-18.885217788376423
22,4.299783530763133,0.4929224933583375,1.726413905916125,56,2.2192883031372848,-18.879931580502003
22,4.192286645887073,0.5153785961754334,1.6097872823909458,56,2.125120444324631,-18.75664292582225
22,4.143506641636933,0.52556874068169,1.556864379575698,56,2.082388880064043,-18.651199610883488
22,4.1414553873725435,0.5259972477655768,1.5546389117482047,56,2.0805919684909338,-18.646057906297685
22,4.097560407077831,0.5351669106054717,1.5070159192551749,56,2.042139712613322,-18.522103475166716
22,4.439086854394282,0.6841927102647605,1.5796299682621764,38,2.2637802877706275,-18.088818120085485
22,4.427711116851355,0.683814513822596,1.5672770392388986,38,2.251049356960232,-18.04593166667219
22,4.386163320529006,0.682433220637025,1.5221602301435055,38,2.204551970122207,-17.883069112779978
22,4.846918638495232,0.4516957940872376,1.7026159520053823,74,2.154257879886046,-17.83124427374304
22,4.7383818637039745,0.4344843376933862,1.6770899772876977,74,2.1115212748274903,-17.742033494891864
22,4.618625006799457,0.41549363224409513,1.6489252330570605,74,2.0643667157092747,-17.549602465818843
22,4.50011276578847,0.4065974346333832,1.6156270676170759,74,2.022173564364074,-17.41493805507389
22,4.5298117394364805,0.40140987416898005,1.6280378866100855,74,2.0293962779026327,-17.339674292782192
22,5.339255769968717,0.38291795450348204,1.97800313506564,78,2.360856628470332,-16.708754973835106
22,5.234611332227137,0.40759585139332416,1.7977726906570894,78,2.2053084426415825,-16.758669430412404
22,5.1913419804558325,0.41779989686910474,1.723249336455785,78,2.14099094264291,-16.72676685973925
22,5.677989376937262,0.30303570556314907,2.5614083292415195,78,2.8643650446252273,-15.59804554935883
22,4.0871697839162415,0.6790924521531922,1.2327579875100703,75,1.9118141182120585,-16.545360941745784
22,4.058244123702086,0.6760647485430009,1.2105975915726308,75,1.8866264089166496,-16.45349154730495
22,4.103989280749099,0.44301846141456314,1.1839285854458264,75,1.626906334290899,-16.51304894508823
22,3.9648884155737765,0.666293029853112,1.1390763388224199,75,1.805334721081321,-16.12596300582252
22,3.9474646610909008,0.48109851026556427,1.062857013278518,87,1.5439186077999878,-16.19257902187332
22,3.892701166606622,0.48050784952582876,1.0343750348538117,87,1.5148467738098645,-16.01254792612859
22,3.858409766242528,0.4801379939478317,1.016540400038762,87,1.4966427958148998,-15.892950228329177
22,3.8086588534380317,0.47960139723799133,0.9906654182018393,87,1.4702319652134843,-15.709941711716795
22,3.7521200428377344,0.4789915885322572,0.9612601145622308,87,1.4402177045213254,-15.488236928859529
22,3.912005773592585,0.46590934893893055,0.9335396999773111,94,1.3994146505192724,-15.267003618596462
22,3.786742227215885,0.4612229413340294,0.902929392552187,94,1.3641191144693092,-14.993500121590593
22,3.681640806046044,0.45729084685240706,0.8772460480686183,94,1.3345046574057964,-14.716635902621011
22,3.744070094186563,0.4534367424418586,0.8635186368322233,94,1.3169231198652245,-14.63116384021167
22,3.5457037046010247,0.4522051161316404,0.8440274734228164,94,1.2962016208560971,-14.296470139901466
22,3.8787737289008333,0.45002634240743045,0.7939281634938727,94,1.2439232947037695,-14.117399542004492
22,3.7609940200523035,0.43946020037486777,0.767121811787006,94,1.2065518232496864,-13.785391398575044
22,3.311175114575731,0.4434308430118612,0.7867163685698049,94,1.2301183970462564,-13.416176923938671
22,3.473296584429612,0.4078329184137571,0.7635011518812896,112,1.171304785498565,-13.083286657326472
22,3.69462703886195,0.4220736618055155,0.6824720452262475,112,1.1045178387626446,-12.865862682344034
22,3.505836696096517,0.39482577082327963,0.7003253499127475,120,1.095123204229786,-12.442872574274443
22,3.626022951528486,0.4040974531900012,0.6290685339646003,120,1.0331397155173772,-12.11693805918194
22,3.7153466308824905,0.392064067986672,0.5873249672920265,126,0.9793636395000824,-11.625235004571131
22,3.7449078909952513,0.3968928881964111,0.5310711207673737,126,0.9279403551431482,-11.166815874104284
22,3.770920105589897,0.4011419732169944,0.4815709600167196,126,0.8826908854007556,-10.726318825237932
22,3.8174823675649208,0.40874790039257874,0.3929649151799169,126,0.8016938611603788,-9.85358835624729
22,3.9167566241247322,0.42186775038202107,0.34796087422187705,132,0.7698112079750281,-9.440401612526117
22,4.073519242340627,0.4371530176419981,0.3051063715592134,132,0.74224343987796,-8.914737835882864
22,3.6709786193403837,0.39064153556230463,0.28404267568285674,132,0.674669752102286,-8.294395831101173
22,4.100281281042964,0.43967270557123606,0.18167193740822968,132,0.6213339785540573,-7.294578801788795
22,4.3062549610894205,0.4566177534933013,0.1284358516209081,130,0.5850452012043412,-6.283172935290725
22,4.397389527158578,0.46430951105595863,0.06380216002529297,130,0.528106386779525,-5.166604188202136
22,3.8240096731161133,0.3667663003330709,0.0,153,0.36676495867194525,-4.095198025423201
22,2.6276144369401817,0.3388863226267882,0.0,153,0.33888589677671277,-1.9098176435286334
22,4.096089153151994,0.2595256226418441,0.0,164,0.2595248598777733,-1.5613993964111934
22,4.399333879270275,0.18409285922584898,0.0,164,0.18409251902306423,1.1435556221372298
22,3.0232132323565204,0.15767269349153654,0.0,164,0.15767374592139838,4.349697846165519
22,0.32742472721919524,0.0,0.0,174,8.36798802694716e-06,7.534002929155205
22,4.199617336099116,0.0,0.0,174,1.7782442931491005e-06,12.444212838400489
22,15.27627204926264,0.0,0.0,174,1.290935511377711e-06,22.290068297197376
22,21.441603731637425,0.0,0.0,174,2.094678563935304e-06,35.691158218643984
22,58.50498679809849,0.0,0.0,174,5.404581060020064e-06,65.66480385496416
23,0.0,0.7488983974680938,4.044089284661396,0,4.7930264666329805,-4.243162653795249
23,0.0,0.7448533912640848,3.9657297508987446,0,4.710621045954541,-4.1976967591172745
23,0.0,0.850977893955145,3.9885455799736658,0,4.839565061317973,-4.039926898538347
23,0.0,0.8837970813493795,3.9706879365148953,0,4.854527510540777,-3.892924876416224
23,1.0121651969354571e-07,0.6258415091186273,4.164937418082215,0,4.790814815956201,-3.820212784615425
23,0.04004331679345521,0.9412630281885721,4.45602024194709,22,5.397331364894939,-3.5665233740469873
23,0.059241624508863396,0.9535216870125502,4.303986765033052,22,5.257555954150488,-3.4918005075417895
23,0.06958726745075094,0.9601276706762829,4.222058498714872,22,5.182233263517967,-3.4258359040582036
23,0.08391173894473197,0.9692742481497537,4.108621458405423,22,5.077942115888256,-3.305641146528991
23,0.0,0.9769310868480485,3.8329523299285753,6,4.809927507727865,-3.230105975013984
23,0.0,0.9948124158269869,3.822721976945414,6,4.817578959913648,-3.094608542398408
23,0.02533816980375258,1.054793277011897,4.134323962951202,41,5.189167050274651,-2.837280948811131
23,0.04010591950783047,1.0456060659930968,4.083876880877731,41,5.129531922470475,-2.847391187985881
23,0.16273593050929597,0.969316325790012,3.664969034142398,41,4.634326675004244,-2.7561827671994195
23,0.19430087274172667,0.9496793607210883,3.5571422315927776,41,4.506860744339578,-2.685407095412163
23,0.21971004544660225,0.9338719807119068,3.470343724945018,41,4.4042530558440465,-2.6159378275481657
23,0.2346202473357038,0.9245961483181422,3.4194100218755623,41,4.3440424552116585,-2.5703304191037155
23,0.0,0.6760518989940589,2.96055595839218,41,3.636630178952986,-2.6613477563297963
23,0.2810931836040776,0.8956847243898971,3.260657058350018,41,4.15637466742608,-2.407418891676283
23,0.3187037340867736,0.8722867070384545,3.1321782741717437,41,4.004495020258242,-2.2557125362099484
23,1.0121651969354571e-07,0.5144336707329986,3.5805050638343037,41,4.09496537434063,-2.1012278737464776
23,0.17225453320587927,1.0256836041439354,3.409025308009092,41,4.434748494880623,-1.895617965215333
23,0.0,0.5309919791953159,3.3108017816923776,41,3.8418173824070703,-2.07981172399721
23,0.3840838899197831,0.8316128535322529,2.9088376736486037,41,3.740475547617816,-1.9608973862250956
23,0.4091543375266786,0.8160161988546126,2.8231962622361064,41,3.639235533635274,-1.8408477402699788
23,0.41273741504839556,0.8137871192759111,2.810956360461244,41,3.6247662723281984,-1.8234911167877463
23,0.0,0.48011063897679795,3.536482245942765,41,4.016618025027576,-1.4392388666357583
23,0.44837012931973785,0.7916195398042027,2.6892339249265613,41,3.4808734943889323,-1.649295265631526
23,0.4771073511886447,0.7737417367066306,2.5910667011291544,41,3.3648262378536398,-1.5082152348555198
23,0.2888544501464073,1.0464343683877582,3.154349243474061,41,4.200819580335921,-0.9841805632099287
23,0.5074946999402851,0.754837368006089,2.487262593720299,41,3.2421154151502947,-1.3604224945693204
23,1.2305938696469363,0.5844039102479744,3.2301036101441265,47,3.814526922963175,-0.8564248130844909
23,1.272047002153338,0.5857391306519484,3.1632585428650746,47,3.7490161320939617,-0.7626807374371971
23,1.3234408112824616,0.5873945438484436,3.0803836810332816,47,3.667795482130762,-0.6423724490896845
23,1.3306334910238005,0.5876262226666463,3.068785156816753,47,3.6564284797254576,-0.6251517427842899
23,0.590057043725106,0.7034742497411279,2.205227116646842,41,2.9087106504232523,-0.9791824089099066
23,1.4183794951317625,0.5904525532228245,2.9272907221764055,41,3.517758271562167,-0.4067296415541364
23,1.3199896103639506,0.5482172388250962,2.798172157687283,41,3.346401756651103,-0.32901579764569533
23,0.6440242649294577,0.6699005327403753,2.0208734478802772,41,2.690779450488961,-0.7545800736976425
23,0.6621523353006038,0.6586228221073603,1.9589474082214156,41,2.6175744753898993,-0.6841258060579669
23,0.6753937568009487,0.6503851599076172,1.9137143097072342,41,2.5641028381431106,-0.6341994294412849
23,1.0201459218794555,0.5438919101121983,1.813233036935455,41,2.3571242579548723,-0.6503847666642955
23,1.613671404284486,0.8139183263088404,2.678931761064284,80,3.4928679075752314,0.5884259455247385
23,1.666332567097723,0.7701865957768995,2.600489271854591,80,3.3706909777569045,0.5244185493876206
23,1.370472165267368,1.0158797532524249,3.0411940557664203,80,4.057104641621251,1.374961858118306
23,1.7839396632490394,0.6725214178207324,2.425305267590367,80,3.09783593922433,0.638958752603962
23,1.8232532217938118,0.63987401968733,2.3667449695035234,80,3.00662636764209,0.781456319583107
23,1.8414615937527727,0.6247531303374564,2.3396223245672085,80,2.96438196583912,0.8691057091184202
23,0.0,1.805769681028737,3.3587531585737516,6,5.164588497717794,3.5496063060423904
23,0.0,1.8459487913028265,3.335765690408637,6,5.181781099734609,3.774707137488532
23,0.0,1.9424517535800576,3.2805539458464947,6,5.223074610412954,4.264796893975191
23,1.4296689625127597,0.44136312315077575,1.9699998444785802,84,2.4113612685050754,0.9525452639793706
23,1.548316282410154,0.4644633395224563,1.58388402311355,84,2.0483416683715863,0.7910300856657475
23,0.00238157934974656,0.9122176255288814,1.7822339110128445,85,2.6944584277334,1.710026081728964
23,0.06737136682747162,0.9040699510163203,1.7371076660202527,85,2.6411835646447113,1.8303891367036123
23,0.14582747517818545,0.8942340235702895,1.6826309596944609,85,2.5768698081374417,1.9619581631521648
23,0.9756548961972599,0.4635887621045295,0.8880131266477043,85,1.3515930151399225,0.5809740864263837
23,0.36525760714032873,0.8667243891667505,1.5302676688147308,85,2.39699391830451,2.249820749785341
23,0.5540356536846995,0.8430575618381054,1.399187929855683,85,2.242245029306755,2.408019948740515
23,1.0098750697818992,0.7324328881819183,1.1061179959081304,85,1.8385454604724583,1.9080781957151007
23,0.85297861755239,0.8055795201034848,1.1916141871206625,85,1.9971901069486897,2.5291701240716176
23,0.9512848935804709,0.7932550061959214,1.1233543378655313,85,1.9166048686399648,2.548951270134804
23,1.1844295628103376,0.7640260003328883,0.9614682343605802,85,1.72548808474032,2.5948457036762225
23,1.3248454509916567,0.7464222659971558,0.8639691961756287,85,1.6103845685197857,2.6416827628146553
23,2.145849040504139,0.6608532340137534,1.0039942139341826,85,1.664839760507789,2.9427381102419883
23,1.5358411258734703,0.719970047129931,0.7174624466289031,85,1.437424931713796,2.769098719997997
23,0.0,2.041864995554769,0.0,88,2.0418589555731117,4.559936646158844
23,1.0684622062554838,0.3937961634481536,0.3925090510093514,88,0.7862988362076333,1.8915798492289593
23,0.0,1.6990185123464439,0.0,88,1.6990118025268721,4.556726602247048
23,0.0,1.6097039572927783,0.0,88,1.6096971955591322,4.593207172266814
23,0.0,1.3685210118412103,0.0,88,1.3685144203961492,4.60446511207304
23,0.0,1.1862618657904167,0.0,92,1.1862557617692229,4.551941917865943
23,1.0990174880078973,0.3744069107576097,0.08384016574136706,92,0.4582460081723507,2.940532654169587
23,0.0,1.0279955776653305,0.0,92,1.0279901845036505,4.7025621351867795
23,1.0789608493471428,0.3605217572003895,0.0,128,0.36052283191935963,3.2750352200347805
23,0.9089401849570651,0.30298648369435144,0.0,128,0.3029884183763283,3.603606200400195
23,1.7507801798493594,0.34629897788320096,0.0,128,0.3462999769645325,4.426963275468431
23,0.0,0.25869200668392806,0.0,32,0.2586953539181902,4.79329724439272
23,0.0,0.01062402898307818,0.0,32,0.010632562414448543,4.5135541100500145
23,0.05333852637435521,0.0,0.0,150,8.685310600498042e-06,5.077480872854009
23,0.06137948440359392,0.0,0.0,150,8.680639920655153e-06,5.151532548359466
23,0.13917260516762286,0.0,0.0,150,8.534291971784569e-06,5.894748458643491
23,0.2705359684257641,0.0,0.0,150,8.31477004936687e-06,7.191043341994215
23,0.3984299183221379,0.0,0.0,150,8.089020555601678e-06,8.475108877480723
23,0.4713929852219717,0.0,0.0,150,7.970696682235712e-06,9.214358404739489
23,6.128111637147546,0.0,0.0,150,2.7831289752811017e-06,10.878267676771598
23,7.005492318438519,0.0,0.0,150,2.4452831794974372e-06,12.494179796585321
23,9.051971816051438,0.0,0.0,150,1.8661189571389514e-06,14.26120023628729
23,11.679550963677773,0.0,0.0,150,1.4582129743700989e-06,16.954791056488187
23,4.245408139480886,0.0,0.0,150,3.8449300490128735e-06,20.86501650220776
23,16.530420425195167,0.0,0.0,150,1.0985706744293111e-06,26.1917205955062
23,20.38881203178798,0.0,0.0,150,8.401264253166119e-07,33.7388027182877
23,90.65981213736714,0.009585426518841532,0.0,132,0.009738813936136737,46.73841874266482
23,84.9169989468256,0.027870188961127626,0.0,132,0.02789460030524893,73.76835200964291
24,0.0,98.80995391001086,0.0,6,98.81018190886613,5.398886218701126
24,0.0,3.6423869110396523,8.166031394804603,6,11.808475687589905,-4.055189706392662
24,0.0,3.8683244074766114,8.007881971194411,6,11.876275553550439,-3.9642774491280814
24,0.0,3.5702862256778936,7.492826304585858,13,11.063188249201833,-3.707161420998167
24,0.0,3.9606314495075727,7.235166324020076,13,11.195892466749264,-3.4908398223018953
24,0.0,3.541834548386263,7.11335382173379,13,10.65527272628415,-3.3990912019345902
24,0.0,3.528397470063328,6.864435417270574,23,10.392922242027037,-3.1593265200791354
24,0.0,3.310788794501387,7.018535250949327,23,10.329403073035648,-2.9890684579827944
24,0.0,3.1822859583866983,7.109534682021572,23,10.291893550186895,-2.7773991413073755
24,0.0,3.5158198215286376,6.445873472733364,32,9.961789869973003,-2.700723106379874
24,0.0,3.3558725330826182,6.576625251362911,32,9.932586813387148,-2.6116870255993074
24,0.0,3.5142215687113803,6.134941313141447,35,9.649263820572083,-2.324240033519585
24,0.0,3.3625602235982264,6.275219604742439,35,9.637873738876284,-2.2619130308714706
24,0.0,3.202876138133211,6.422918484032919,35,9.625880970487074,-2.0835591387413697
24,0.0,3.520738969046086,5.7598656822468515,45,9.280709711562908,-1.8419225966083896
24,0.0,3.5248710226472824,5.632193429626809,45,9.157170614958805,-1.6728177464092564
24,0.0,3.3262243119050585,5.843975385458043,45,9.170297295446124,-1.6132338891757083
24,0.0,3.5343413294483366,5.4011420104754775,50,8.935591094092537,-1.3623718480562435
24,0.0,3.2286234680894186,5.733248181422571,50,8.961966755266774,-1.2164277618737156
24,0.0,3.5462882986654267,5.1751559135083305,59,8.721553020516023,-1.0559427684142708
24,0.0,3.5545931310005274,5.033176407293353,59,8.587878739186088,-0.8623903360913854
24,0.0,3.3818264365855852,5.212225354183822,59,8.594154823572525,-0.8172665553587013
24,0.0,3.1752837244266177,5.4262785038675485,59,8.601657313566538,-0.6078971881679731
24,0.0,3.5602165429644743,4.69998970913166,65,8.26031496909115,-0.38455096341187733
24,0.0,3.374871624010537,4.867857795134562,65,8.242832242583447,-0.28590641841458186
24,0.0,3.5941015242702337,4.441232854159422,82,8.0354428182515,-0.05798638811924128
24,0.0,3.60058382270647,4.326352763236184,82,7.927044360416902,0.09869504646792748
24,0.0,3.592017410365036,4.2293776431630965,82,7.821501686704064,0.25085937477381215
24,0.0,3.617376838183111,4.1016224844303135,82,7.719105479946702,0.39640519281218545
24,0.0,3.625071053304141,3.9838592729287234,82,7.609035363893093,0.5520925265686003
24,0.0,3.386769620338592,4.235490350244526,82,7.622359832288394,0.629590602640933
24,0.0,3.2505908515233597,4.3145423474929085,82,7.565229101339443,0.863173103466611
24,0.0,3.6431523413317777,3.652078234179957,98,7.295331484849571,0.9866634987318115
24,0.0,3.499474661460843,3.6951478251984886,98,7.194719585666992,1.1600392352511868
24,0.0,3.654522229512156,3.455342812988683,110,7.109962921287612,1.2360038808729232
24,0.0,3.660321994059961,3.317086895487025,110,6.97750431917097,1.4103588076915479
24,0.0,3.4095641665941367,3.498959363667341,110,6.9086147053286435,1.606761702017593
24,0.0,3.665808548749715,3.158696777388786,110,6.824597655788194,1.6073967729449965
24,0.0,3.6692159598670315,3.0234538918075637,110,6.692759299262503,1.7734637985411297
24,0.0,3.210116536975499,3.534472453301426,110,6.7446744554343745,2.072877473109866
24,0.0,3.1883217834701183,3.4598660779662427,116,6.648271457163325,2.23338188949851
24,0.0,3.116504146916319,3.469948265150396,116,6.586533891549331,2.446333511883381
24,0.0,3.6718410372048016,2.5414389930283234,116,6.213357537014248,2.3453315333786193
24,0.0,2.981812295419904,3.4888571087733653,116,6.470746839458689,2.8933023948020313
24,0.0,2.9303971699591687,3.4960750700411882,116,6.426548124322151,3.0785751659329943
24,0.0,4.7724438191068925,1.4658333772178542,168,6.238338326446076,3.176450347123737
24,0.0,4.307873529543986,1.5107310941817338,168,5.818661186561227,3.1984456372928776
24,0.0,3.6500007584578267,1.9408767340163522,168,5.590937014494314,3.0069479154496648
24,0.0,3.850620622053668,1.5549216334448595,168,5.405593081344369,3.242214913953031
24,0.0,3.727006996991331,1.5668680916571347,168,5.293924153399798,3.3012362910046633
24,0.0,3.620177079647839,1.5771925129555255,168,5.197417071873595,3.3751532890300737
24,0.0,3.597319467123958,1.376407562970308,194,4.973767672527771,3.566425979562281
24,0.0,3.477962115546402,1.3462091994605472,194,4.824208997026547,3.7019736976527486
24,0.0,3.5724971285401095,1.1919782174910167,194,4.764509695296642,3.733175946739598
24,0.0,3.332578077229394,1.3094258762752866,194,4.6420380518840805,3.893501240558974
24,0.0,4.68596154695412,0.0,208,4.685965475503753,4.5097560581580645
24,0.0,4.54493822248514,0.0,208,4.544941863638151,4.5845632737717015
24,0.0,4.322678306792516,0.0,208,4.322681408250206,4.639491808020734
24,0.0,4.089357876790912,0.0,208,4.089360307523538,4.572934138249202
24,0.0,3.8757499112687555,0.0,208,3.8757516451709826,4.527347738657445
24,0.0,3.559893357306583,0.0,209,3.559893919637796,4.516049675791722
24,0.0,3.420669715177134,0.0,209,3.4206697098244074,4.521370969818273
24,0.0,3.146816652612551,0.044400312964956064,209,3.191216578132078,4.473877591723472
24,0.0,2.8837964963722227,0.0,233,2.8837941796127815,4.4760678703251155
24,0.0,2.8519920886817838,0.0,233,2.8519896307494452,4.557473486607853
24,0.0,2.514799675947373,0.0,233,2.5147957855279532,4.435149055668125
24,0.0,2.463609481750563,0.0,233,2.4636053917930436,4.508033695578
24,0.0,2.113922048180727,0.0,233,2.1139167152099816,4.572317313103772
24,0.0,1.90865989423162,0.0,233,1.908654038705265,4.526523147026962
24,0.0,1.7255653261472013,0.0,233,1.7255591826924856,4.548549925884348
24,0.0,1.709826282801071,0.0,233,1.7098201264907757,4.553931058228123
24,0.0,1.383654507718431,0.0,231,1.3836484549953134,4.613450368555551
24,0.0,0.3516964243780819,0.6776314510746105,231,1.029317915581327,4.055156122167972
24,0.0,1.166459171620678,0.0,231,1.1664537013302994,4.56261291138828
24,0.0,0.2639605973706861,0.5330411383065798,231,0.7969940876124646,4.3503940631504125
24,0.0,0.9262836205944887,0.0,231,0.9262794190449029,4.949259080999056
24,0.3228989757176445,0.3801547438008609,0.15290952915417047,231,0.5330622875448814,4.287202445866196
24,0.388752805117174,0.2889051848983073,0.0,231,0.2889082594135157,4.383268646060301
24,0.0,0.1577387189152863,0.0,231,0.1577445511081521,4.585186278940059
24,0.0,0.022129044258819078,0.0,231,0.022137846494553415,4.520779060955753
24,0.08653788281619557,0.0,0.0,263,9.178644059915086e-06,5.4172990954203275
24,0.12457808564416695,0.0,0.0,263,9.123487625828375e-06,5.809767827583917
24,0.21535093004209932,0.0,0.0,263,8.972573493082336e-06,6.796340409457066
24,0.35835397975684247,0.0,0.0,263,8.744287141482232e-06,8.467468048974919
24,0.4427228660461524,0.0,0.0,263,8.614822734287486e-06,9.512908978760567
24,6.035450827624084,0.0,0.0,264,3.3795578762152445e-06,10.889174187260469
24,5.400317808584326,0.0,0.0,264,3.7472674367933223e-06,12.994281478652624
24,10.530453723677985,0.0,0.0,264,1.7394200266807047e-06,15.801979096501146
24,14.246806000254503,0.0,0.0,264,1.1020567907138457e-06,19.36984543155212
24,15.957329589891048,0.0,0.0,282,9.335232427076789e-07,24.369187534207796
24,94.24269066622134,0.0,0.0,282,0.0002783903037268942,32.152321563231354
24,38.378147457856535,0.0,0.0,282,-8.567626768041237e-07,44.72778372612678
24,63.349431403029484,0.0,0.0,282,3.8284699641621955e-06,69.91705755652964
25,0.0,90.13262313534426,0.0,0,90.13257850798006,4.853482709939247
25,0.0,89.4693253322929,0.0,0,89.4692161641676,5.801155747683017
25,0.0,73.33424040642005,0.0,0,73.33424544700105,4.663886797736701
25,0.0,74.51665946412682,0.0,0,74.51659727247059,5.568770854938666
25,0.0,87.42587636461012,0.0,0,87.42559595259297,10.135911902139021
25,0.0,75.8483714909842,0.0,0,75.84822884860074,8.298622240015725
25,0.2683596017287579,1.5059794318930646,2.8557593110121875,26,4.361737522242377,-5.306503750948108
25,0.2764110707257361,1.4433168970685197,2.7591459941152063,26,4.20246091997501,-5.233828284862662
25,0.2649161614686532,1.4040182455342958,2.722003044867579,26,4.126018843707248,-5.151546121226451
25,0.281295482699352,1.3964705652543996,2.6675289429401032,26,4.063996866696497,-5.090086748926064
25,0.2955957353554312,1.3898809310778915,2.619969376227663,26,4.0098475124915005,-5.017527587617538
25,0.15244847019177157,1.3617196864652577,2.5787697941000127,47,3.9404856019650385,-4.843551045947825
25,0.16810527416975357,1.3479566244413275,2.54339287437108,47,3.8913454660392475,-4.762627183464614
25,0.18504451282282275,1.333066242435638,2.505118263093989,47,3.83818029357087,-4.664373909219963
25,0.17247246998090648,1.3327370807893946,2.4876869238862396,60,3.8204196517195825,-4.6196119747110505
25,0.18964122783397594,1.3174631273109911,2.4496665707874636,60,3.7671251583221643,-4.507657843698878
25,0.32383210514924526,1.2948360891815858,2.4033818383191523,60,3.6982136594528576,-4.378246442693682
25,0.21976726513685368,1.2906619052196369,2.3829522175695605,60,3.6736092626998147,-4.287209071115241
25,0.34251586559985997,1.2799111862338513,2.3553234572998587,60,3.6352301408746452,-4.2102468882353445
25,0.3319364937784084,1.2704065793705726,2.344066325216496,60,3.614468230292186,-4.15357295685561
25,0.25441075565416843,1.25984179190571,2.3062339276784294,60,3.566070472598101,-3.999188763600303
25,0.3388150314383383,1.2504572825594875,2.29438594785008,60,3.544838221564312,-3.9523271812643
25,0.2942988527747807,1.2414414887762144,2.271807046005607,60,3.513243179571411,-3.8515325321093474
25,0.2848166448662086,1.2327916033440978,2.2388998401446965,60,3.4716858441570118,-3.719656394109771
25,0.29771006218009005,1.2213211488176128,2.210347263241994,60,3.4316626588619084,-3.594473557510563
25,0.3661073496478619,1.2109255771747711,2.1902647455133795,93,3.401184690577228,-3.500971834052896
25,0.3552348774948105,1.2042694298624768,2.1760550511528822,93,3.380318687262994,-3.432479873900254
25,0.3877408326887718,1.1929381212846797,2.140253534125215,93,3.3331857630603086,-3.2718945564131428
25,0.3623624101499262,1.1845100286254704,2.124156189909369,109,3.3086601037343186,-3.1900691393512073
25,0.3572745904888739,1.1780011467183338,2.105832923618085,109,3.2838278018115545,-3.1041168282842992
25,0.3805639124235609,1.168650404263958,2.0827470714061396,109,3.251391126459584,-2.9905348155103706
25,0.40167046659226974,1.159362703607023,2.0569030727145545,109,3.216259339106852,-2.8645944574005444
25,0.42008147881931024,1.150499279501983,2.031036989270158,109,3.181529714474596,-2.7378626876464285
25,0.4228908271629096,1.1431976873917704,2.013055825019541,109,3.15624684370262,-2.6468773066139644
25,0.3629256517327707,1.1374299798353689,1.9890065833778492,109,3.126429521300212,-2.5429509010155247
25,0.43660440093437125,1.1198203086237468,1.9552528022608702,109,3.0750660857142655,-2.350490757463719
25,0.37157255456360344,1.1170399224744565,1.9321181233658213,75,3.04915067184125,-2.2606345340668046
25,0.37991106229182103,1.1096612374341956,1.916259887526966,75,3.0259136609796258,-2.1756418443847085
25,0.39219965464660567,1.0987871511432792,1.8928893514500773,75,2.9916689174401974,-2.0497832162702014
25,0.48124922452391994,1.0866354354785688,1.8660127540391618,107,2.952640715006865,-1.890381742770705
25,0.3936770184062313,1.0826592493327922,1.8453889712264895,107,2.928040342069682,-1.8152399992302524
25,0.4940723765786018,1.0709356499777478,1.8277935943004828,107,2.898721556914227,-1.6889561184018351
25,0.5157188271162287,1.05680757621234,1.787329373926307,107,2.844129085064452,-1.4813447744073738
25,0.5234586155858465,1.0501100426215797,1.7696618444989753,107,2.8197639304882998,-1.3896887085703984
25,0.5338679044042725,1.041102488759998,1.745900676188104,107,2.7869950861286465,-1.2667081597486156
25,0.5524978150119694,1.0335729535795142,1.7193018119792,123,2.7528666007829603,-1.134237789064299
25,2.726977793045087,1.01569574309072,0.0,123,1.0156953238602107,-2.764760670558248
25,2.677109426809227,1.0109021077844975,0.0,123,1.010901631688066,-2.746332140143375
25,2.5541704308528512,0.9990845016343233,0.0,123,0.9990838996128861,-2.642243601064523
25,2.4177410823283445,0.9859701249010075,0.0,123,0.985969376675115,-2.429725889990623
25,2.3523408152259346,0.9796834736011487,0.0,123,0.9796826517648416,-2.291965192416958
25,2.314629184024117,0.9760584138602847,0.0,123,0.976057558451032,-2.2020280948374147
25,2.256241476252025,0.9704458502542918,0.0,123,0.9704449460441449,-2.047702824200881
25,0.6458561878705756,0.9374916915737916,1.4791969299494327,109,2.416679372976377,0.06356777827763693
25,0.6623718987351978,0.9231009579717817,1.4416230518114257,109,2.364714621356807,0.2385575579211352
25,0.4617089702682653,0.8978389125216603,1.3949145707440669,147,2.2927433858315975,0.34908637774327467
25,2.5124762057595915,0.8124863902994153,0.0,147,0.8124857877203997,-1.5540941826026557
25,2.3389337999032103,0.8078656609045616,0.0,147,0.8078649496522079,-1.4465769632955254
25,2.1650791591686747,0.8032366179630999,0.0,147,0.8032358270360369,-1.2095455172367178
25,2.04816810253903,0.8001237513799371,0.0,147,0.8001229030556196,-0.9724097049708025
25,2.00251598248452,0.798908220847026,0.0,147,0.7989073451380282,-0.8619409631128985
25,1.9062551128496457,0.796345184869156,0.0,147,0.796344266945523,-0.5948019844374013
25,2.3491223735014928,0.7167955466667388,0.0,153,0.7167950662569886,-0.4060766876623969
25,2.1892792790839013,0.7144471666088057,0.0,153,0.7144466341968609,-0.33244960202802254
25,1.8826809212581095,0.7099426900661275,0.0,153,0.7099420716210592,0.06105644234945373
25,1.7209758067193055,0.7075669536126238,0.0,153,0.7075662828778899,0.4271326597855456
25,2.198020253690926,0.6596469279364018,0.0,157,0.6596466169335002,0.4747852686506828
25,1.8904837889452877,0.6565616517505023,0.0,157,0.6565612805354633,0.6564444725549183
25,1.6472224390068575,0.6541211982240056,0.0,157,0.6541207760473124,1.030746749709758
25,1.4807528589155114,0.6524511373043768,0.0,157,0.6524506886423183,1.4396111864834804
25,1.8428032510968615,0.582521028411755,0.0,165,0.5825210763630242,1.84587185969173
25,1.5221282474502182,0.5802006466561805,0.0,165,0.5802006891712654,2.035241454121673
25,1.274241316886117,0.5784069542742195,0.0,165,0.5784069976642101,2.4628883421380543
25,1.0993814779762876,0.5771416807874337,0.0,165,0.5771417286981606,2.954708894069885
25,0.9615048047205267,0.5761440148842487,0.0,165,0.5761440743235049,3.4391387010549685
25,1.1311740256319291,0.46521996877901,0.0,178,0.46522103245766466,3.783274137859193
25,0.6210390956490879,0.4627402067257634,0.0,178,0.46274146912741365,4.32150414693462
25,0.38949905497517523,0.3089976349739499,0.0,187,0.3090010711403899,4.665556783980438
25,0.0,0.015047611616233412,0.0,187,0.01505704981928524,4.5031321565112705
25,0.02008157459616189,0.0,0.0,187,9.73544470461718e-06,4.800957110766829
25,0.0867673487821665,0.0,0.0,187,9.598559755019664e-06,5.719516064063518
25,1.4908541537327367,0.32037845738934634,0.0,187,0.3203809233004442,8.649268055103075
25,1.872093766767843,0.32431798637374165,0.0,187,0.32432016607197944,9.827552520334347
25,0.28186704394754747,0.0,0.0,208,9.21573316148283e-06,9.493739325039567
25,5.672755287408522,0.0,0.0,208,2.9942369383917367e-06,11.362377655475907
25,8.724343561718634,0.0,0.0,208,1.585525330582982e-06,13.622331423076874
25,91.76564018038803,0.0,0.0,208,0.00019374868060495487,16.67318535841511
25,25.436863066521394,0.0,0.0,208,2.45256197572985e-07,20.59387900873354
25,27.451859771781955,0.0,0.0,208,1.0461067034839289e-07,26.12553792320023
25,44.020814429067464,0.0,0.0,208,-3.428978221364787e-07,34.65414732808561
25,56.80823689425948,0.0,0.0,208,4.983581415984872e-06,47.983356083064
25,70.2717069538461,0.0,0.0,208,-4.9428338595447485e-06,75.64677287425624
26,0.0,90.02986460773934,0.0,0,90.0298081917212,4.94778215724202
26,0.0,73.35016586992617,0.0,0,73.35017026731664,4.659362072962699
26,0.0,72.30714802691413,0.0,16,72.30720730653603,5.741682062839038
26,0.0,51.73833062175154,0.0,16,51.738328560415454,4.505524959841582
26,0.0,50.290940339985,0.0,16,50.29093185289308,5.177708946041745
26,0.0,49.79019143636225,0.0,16,49.790181653546796,5.873497259419182
26,0.0,36.91538608671816,0.0,16,36.91538496194872,4.519796620770803
26,0.0,34.207986336981165,0.0,33,34.20798667886122,4.567511354512185
26,0.0,30.92193845688521,0.0,33,30.921942912804543,4.496475084140837
26,0.0,30.32768970232692,0.0,33,30.327694997788303,4.8885037715711235
26,0.0,30.109651705157205,0.0,33,30.10965729409362,5.128573807299826
26,0.0,29.58448364900298,0.0,33,29.584489857106114,5.839118583932992
26,0.0,29.27369340989398,0.0,33,29.273699935136435,6.300686243774452
26,0.0,22.09728686131721,0.0,33,22.097287647797994,4.521891016838458
26,0.0,20.375618906826297,0.0,33,20.3756185351034,4.642507633462463
26,0.0,19.49598042904277,0.0,33,19.495979902612664,4.715424419119961
26,0.0,17.39628774060968,0.0,34,17.396287424787456,4.427929252788676
26,0.0,16.95809936231884,0.0,34,16.95809913610095,4.461164016221256
26,0.0005268188338024951,16.00015316045554,0.0,34,16.00015309330199,4.608146897295468
26,0.0,15.845893002937588,0.0,34,15.845892929952855,4.616832692754922
26,0.0,14.464102154746067,0.0,34,14.46410210186105,4.572131851856149
26,0.0,13.549049717258871,0.0,34,13.549049592793365,4.537109116505249
26,0.0,12.676048360072462,0.0,34,12.676048109154394,4.455716441295774
26,0.0,12.368805196932337,0.0,34,12.368804923067707,4.500417315455545
26,0.0,11.767034246398172,0.0,34,11.767033928935806,4.545624343654614
26,0.07694085674270777,11.42063659508175,0.0,63,11.420638459531773,4.535663218797685
26,0.09236780378731463,10.607287041055669,0.0,63,10.607289289136128,4.525902901671834
26,0.07750816696587957,10.177247081102816,0.0,76,10.177248994977528,4.5196673130981235
26,0.26163577410865424,9.731450112978662,0.0,76,9.731456646940138,4.514496301152446
26,0.4061030928354846,9.381675879332603,0.0,76,9.381685774095052,4.533777663176876
26,0.06451132667524427,8.955864914040495,0.0,80,8.955867019994114,4.568951857285896
26,0.13033011138905243,8.69294200524506,0.0,80,8.692945740854888,4.603221979038155
26,0.18310327929943743,8.482131749879809,0.0,80,8.482136744200066,4.625088959383682
26,0.29589032302509427,8.031587156269797,0.0,80,8.031594681162442,4.63452965458103
26,0.4188913660391846,7.540241225852573,0.0,80,7.540251222729672,4.584250000467954
26,0.5272612197422557,7.107341753684568,0.0,80,7.107353664231517,4.523291585164657
26,0.6098779596513674,6.777316918577844,0.0,80,6.777330061361962,4.497337245053329
26,0.09799780251480181,6.47552847220692,0.0,85,6.475533016149276,4.4691629506400385
26,0.11369722695340999,6.197921536762514,0.0,85,6.197926426724683,4.49506842517158
26,0.12559042602122142,5.9876186330633185,0.0,85,5.987623729916686,4.524490376571256
26,0.13741859384530436,5.778465652047607,0.0,85,5.778470906363323,4.54951428387632
26,0.1504582852051604,5.547889762357763,0.0,85,5.54789511114949,4.557320666682825
26,0.0696343334905419,5.204251362356134,0.0,85,5.204255391088957,4.514784054610198
26,0.18271157340095634,4.977567166835022,0.0,85,4.977572421942346,4.470637763980877
26,0.046072957624893135,4.737129790280801,0.0,59,4.73713304202988,4.487065397432659
26,0.04659487064742453,4.600073404612159,0.0,59,4.600076460450465,4.553313216094814
26,0.04706855982912784,4.475680786739343,0.0,59,4.475683642533715,4.614514303638497
26,0.2220830966905625,4.281375534654738,0.0,85,4.281379915377546,4.631066348004939
26,0.2393143613861185,3.9766816521069783,0.0,85,3.9766853535449016,4.541344980713431
26,0.25192834473446296,3.753633394842896,0.0,85,3.753636485815761,4.52656742388721
26,0.26383398899907085,3.5431104274746668,0.0,85,3.5431128597281933,4.515605828910388
26,0.05273453037076376,3.408434388411103,0.0,87,3.4084345413147137,4.529635406503671
26,0.04254769030820956,3.1658313688886506,0.0,87,3.165830616825195,4.49129148955967
26,0.04213750679103284,3.134962786289637,0.0,87,3.13496191080387,4.49023640931609
26,0.0024256061028485967,2.8702960518323843,0.0,87,2.8702939603940756,4.442314838733418
26,0.03915064579584727,2.9101849454434983,0.0,87,2.9101832508366865,4.664354735187835
26,0.003787960259900224,2.5117992914341145,0.0,87,2.511795998688182,4.4352096982839235
26,0.03316029539515396,2.4593778837322153,0.0,87,2.4593745841434806,4.5166548541740905
26,0.03112463355021668,2.3061830497793077,0.0,87,2.306179266876585,4.576696034635072
26,0.028759740480876574,2.1282117418359197,0.0,87,2.1282074584950283,4.5741616471202775
26,0.0,1.9121359913055165,0.0,56,1.912131134536775,4.527070933307613
26,0.0,1.8124594160625147,0.0,56,1.8124544459849137,4.527331675878569
26,0.0,1.639656884882155,0.0,56,1.6396518011184984,4.580656748347158
26,0.0,1.5212657221218708,0.0,56,1.5212606695613395,4.62639909382845
26,0.0,1.37207761938066,0.0,56,1.3720727529173224,4.606713975811868
26,0.0,1.2022215394530216,0.0,56,1.202217105183136,4.544930096455017
26,0.0,1.1817537030369003,0.0,56,1.1817493396156262,4.554215408096498
26,0.0,1.0801788311113643,0.0,56,1.0801748961146913,4.62472148596626
26,0.0524264876520751,1.0092469898173861,0.0,142,1.0092434822433844,4.713950696924636
26,0.4081069643886657,0.32971873225379017,0.315627221300428,142,0.6453428053294488,4.47468968082736
26,0.44258699702825566,0.3407203884929923,0.2905339606580873,142,0.6312514649459242,4.483702518374374
26,0.5910473608585225,0.3880901199859987,0.18249013588594482,142,0.570578647070711,4.613559887435374
26,0.3779941111577124,0.301551902511908,0.04858587403988926,153,0.3501400693749428,4.468533280037354
26,0.07147053103753652,0.31380564626143925,0.0,153,0.31380916217019283,4.903084805237139
26,0.0,0.05876070045737203,0.0,153,0.058769004947189174,4.5423154804568515
26,0.0,0.014990525677181682,0.0,153,0.014999766470117137,4.503777804156783
26,0.12651620822860432,0.09685604696862626,0.0,153,0.09686334687059528,5.135801144959791
26,0.14147395317559947,0.03790361077076126,0.0,153,0.037912108810949974,5.491855154160815
26,0.12974660756206735,0.0,0.0,172,9.336238104395989e-06,5.836338096816766
26,0.16889222187494382,0.0,0.0,172,9.24954977499226e-06,6.242959513588616
26,0.2075363830254911,0.0,0.0,172,9.182866445911486e-06,6.654205421241576
26,0.27083158150034425,0.0,0.0,172,9.067282007890753e-06,7.346690763607022
26,0.33374702509484655,0.0,0.0,172,8.951697571646378e-06,8.056351056393764
26,0.4513755266238234,0.0,0.0,172,8.726456103502755e-06,9.433764369365592
26,0.4759214720970878,0.0,0.0,172,8.697559993109394e-06,9.728666109298192
26,6.150383259037809,0.00046289377942898167,0.0,172,0.0004655865415834626,10.857567910665558
26,5.466551960143487,0.0,0.0,172,3.100605878714191e-06,12.352325976782433
26,7.788381154798765,0.0,0.0,163,1.9358703919891695e-06,13.83936394355605
26,10.588175771338785,0.0,0.0,163,1.1475252534864921e-06,15.870785850828268
26,13.792198692256145,0.0,0.0,163,7.503889811744102e-07,18.46182318969797
26,4.007493326619995,0.0,0.0,167,4.198658036358438e-06,22.16380704398209
26,97.60682101680499,0.0,0.0,167,0.00042627227334435247,27.538406163274267
26,21.088979870026662,0.0,0.0,167,4.658734411577825e-07,34.573160197805805
26,39.86439350832695,0.0,0.0,167,-8.322287037287879e-07,46.301590559515425
26,63.2798990676115,0.0,0.0,167,3.844495465088471e-06,70.72961670180366
27,0.0,100.0,95.05301597980954,12,194.16326632411892,15.401089196680475
27,14.357668598975076,93.96511948407883,80.44704583849138,12,174.03038676760008,15.400968664132202
27,0.0,99.4787479701976,0.0,12,99.47886657404959,4.639604508938014
27,0.0,90.73209196793188,0.0,12,90.73210797568348,4.55614100097468
27,0.0,89.21357821527882,0.0,12,89.2134384401537,6.205908382662081
27,0.0,88.6758491423093,0.0,12,88.67565883267947,7.2909717564324605
27,0.0,72.60697659405312,0.0,17,72.6070217316035,5.274348833169791
27,0.0,71.97578525694479,0.0,17,71.97586211113983,6.328957100455991
27,0.0,71.41058137424616,0.0,17,71.41068426069104,7.479952384901722
27,0.0,71.00246446401826,0.0,17,71.00258467185438,8.346950641007505
27,0.0,70.76672451679305,0.0,17,70.76685414853469,8.842861812701205
27,0.0,51.0983105530887,0.0,17,51.09830520042949,4.626524304393383
27,8.42500325048561,3.7513307868386843,0.0,35,3.751378158727025,-10.56439140562097
27,8.304888600564054,3.6352119515039942,0.0,35,3.6352568068749296,-10.458221068626429
27,8.25128457821869,3.5833215264054448,0.0,35,3.5833652542035797,-10.376214350088727
27,8.163907948540846,3.5419243656992156,0.0,35,3.541967138962189,-10.292387640325394
27,8.177115722120396,3.5141767786686353,0.0,35,3.514219022051771,-10.231088073731236
27,8.076351460970685,3.4839878103652127,0.0,35,3.484029301389251,-10.149207194693858
27,8.120220555308375,3.4616367905794414,0.0,35,3.4616778964363544,-10.091905466630006
27,8.087515904206837,3.431818373771485,0.0,35,3.431858860407921,-10.001295034041298
27,7.955178068265694,3.403806784763472,0.0,35,3.403846485862829,-9.89696004368761
27,7.882588221121245,3.3557737284762243,0.0,35,3.355812377278916,-9.714287155466309
27,7.870057818435451,3.3474822998373,0.0,35,3.3475207667372757,-9.680278468720914
27,7.833886813766639,3.3235477694371185,0.0,35,3.3235857203281434,-9.577940244129021
27,7.809066512343993,3.307124054796585,0.0,35,3.3071616585485746,-9.504093243429136
27,7.573198230019224,3.2978529759336745,0.0,51,3.297889952551836,-9.33039765527542
27,7.553887412324362,3.287326606038924,0.0,51,3.287363356781599,-9.275164039475783
27,7.520774578672926,3.269276726391875,0.0,51,3.2693130763252274,-9.177341617786059
27,7.459067199436628,3.2356398960234887,0.0,51,3.235675492412728,-8.9844304128377
27,7.821765240214078,3.195669944007077,0.0,35,3.195705423599188,-8.959249966275578
27,7.80712024336602,3.179167353179863,0.0,35,3.1792024902801916,-8.863309893778162
27,7.596121419776833,3.1662172473057573,0.0,35,3.1662517896350657,-8.74436534941169
27,7.547963554490066,3.1343509527068734,0.0,35,3.1343848136671593,-8.539978593244271
27,7.541789008985629,3.1302652257983627,0.0,35,3.130299001315537,-8.512873663728573
27,7.718511663419606,3.1055683242490786,0.0,35,3.105601931811883,-8.39612382017128
27,7.485289193772718,3.092879022202418,0.0,35,3.0929120004083206,-8.25525829701441
27,7.439945019673547,3.0628745608006733,0.0,35,3.062906905559595,-8.035837653042947
27,7.654232423961043,3.049781277046784,0.0,35,3.049813725835584,-7.997939551979577
27,7.630449690699516,3.0291457074194135,0.0,35,3.029177733269453,-7.840792794423955
27,7.618936114661904,3.019153280607647,0.0,35,3.019185092939873,-7.762760881293733
27,7.599496529099089,3.0011194773246674,0.0,35,3.001150920673144,-7.618713791008197
27,7.486921665043633,2.9838400690971882,0.0,35,2.98387101838126,-7.4677474008165845
27,7.302859522984491,2.972164418299234,0.0,35,2.9721948493298633,-7.302301415858057
27,7.535541249050147,2.94671973545953,0.0,35,2.946750065637204,-7.158875283583036
27,7.2354971823628125,2.9275904286022567,0.0,35,2.927619936713306,-6.902449774287096
27,7.464131629061986,2.9022926298479446,0.0,152,2.902322035457077,-6.754377130819396
27,7.433859842580742,2.8882593826729646,0.0,152,2.8882884875375474,-6.620549631144797
27,7.41166365619809,2.877969782815927,0.0,152,2.877998663987123,-6.520512471701643
27,7.347305294840684,2.8481348474623513,0.0,152,2.8481630805277476,-6.221274941211469
27,7.418460596199322,2.8442650961624407,0.0,152,2.8442933588433963,-6.188092263448095
27,7.29691453180637,2.824774943234878,0.0,152,2.824802684317131,-5.977454167936575
27,7.2556476273251596,2.805644632868494,0.0,152,2.8056719636578613,-5.771547974707239
27,7.20530446101831,2.78824656655361,0.0,146,2.788273496130257,-5.5755488332108065
27,7.164524180871637,2.7686770320319396,0.0,146,2.7687035473050994,-5.353891541930057
27,7.133964526302695,2.754012144667109,0.0,146,2.754038359452556,-5.184039301848664
27,7.067461405005118,2.722098800193973,0.0,146,2.7221243489134235,-4.803383989172737
27,7.096585636963343,2.713901868442696,0.0,146,2.713927311693208,-4.722306273255715
27,6.993462702829975,2.6865884959104607,0.0,146,2.6866133016286113,-4.362222909964952
27,6.935097251785932,2.6585802354235,0.0,146,2.6586044541473743,-4.001372150435621
27,6.932219894292692,2.654057984632556,0.0,146,2.6540821110967787,-3.945822063273571
27,6.876221490937631,2.630327088798061,0.0,146,2.6303507216157467,-3.6260532190702115
27,6.816533900570796,2.6020062631827594,0.0,148,2.602029324034918,-3.2382063287598335
27,6.745941956071337,2.568489477541907,0.0,148,2.5685118463508694,-2.7650866979993936
27,7.117530228307416,2.5555023420304908,0.0,148,2.555525028688603,-2.722446957073462
27,7.075435662629815,2.524163044406092,0.0,148,2.5241851240389988,-2.286135380157088
27,6.6317093119177635,2.5142522543795334,0.0,148,2.5142735186216925,-1.9684237870705914
27,6.571075180074007,2.488775588071904,0.0,148,2.488796339059114,-1.5753249702334031
27,6.477244137821489,2.4409127796580035,0.0,148,2.4409325984580477,-0.8350977044979331
27,6.424369605546626,2.415808153674362,0.0,148,2.4158274657612946,-0.43387755836097064
27,6.8033698736035,2.385259196835563,0.0,152,2.3852785661059652,-0.22111816841545995
27,6.311355390064073,2.367894241787013,0.0,152,2.367912603893787,0.36171609133742066
27,6.773556763813959,2.314283756460999,0.0,152,2.3143019220662726,0.8760387953951234
27,6.091440474380276,2.26594715745594,0.0,152,2.2659635783227134,2.08768049175721
27,5.999267680648479,2.2232181431624434,0.0,152,2.2232337702884664,2.8237696603526388
27,6.0878726215487164,2.168201653247517,0.0,35,2.16821658236805,3.52029204367731
27,5.507767293230683,2.1735804741661915,0.0,35,2.1735945390139424,4.377681876569341
27,5.992815333421852,2.1053017815612614,0.0,35,2.105315637693357,4.537454971910691
27,0.0,1.6867721725574407,0.0,162,1.6867673140790291,4.567966930993132
27,0.0,1.309471566045897,0.0,162,1.309466972008483,4.564781618641241
27,0.0,1.2123497681134687,0.0,162,1.212345430126808,4.541704302180479
27,0.0,1.0133954557240448,0.0,162,1.013391924858153,4.725034102555247
27,0.0,0.8473935006067811,0.0,162,0.8473909782398348,5.306891608091345
27,0.0,0.26431419585824234,0.0,162,0.26431840077376023,4.890279718071296
27,0.0,0.015883693377378647,0.0,208,0.01589266129183109,4.503837099208706
27,0.2573508066620267,0.0,0.0,208,8.829828624712377e-06,7.27758012962762
27,0.3484887631771154,0.0,0.0,208,8.659823270917855e-06,8.34774920214825
27,5.747618496300555,0.0,0.0,208,2.884019075111155e-06,11.442467974954411
27,11.154793212353987,0.0,0.0,208,1.1226760587845774e-06,16.489805878069866
27,16.459912518036234,0.0,0.0,208,7.075127701483552e-07,25.741294767809997
27,45.501282997080125,0.0,0.0,217,2.63893650043201e-07,52.34736975770663
27,51.839641353977214,0.0,0.0,217,2.7592511973040246e-06,59.96823076418369
28,0.0,89.97523289659448,0.0,0,89.97516824848877,5.00860912276336
28,0.0,73.10063915945886,0.0,0,73.10065807588887,4.769769712537187
28,0.0,72.8044397439609,0.0,13,72.80447500869171,5.0328998209903375
28,0.0,52.21301965029102,0.0,13,52.21302068432117,4.321503761898089
28,0.0,50.951022814940764,0.0,13,50.95101691845148,4.674639132884085
28,0.0,50.09724580635668,0.0,23,50.0972371690875,5.41427281506828
28,0.0,36.902186868907485,0.0,23,36.90218588399243,4.517318301635926
28,0.0,31.838401667373518,0.0,23,31.838404611963476,4.175908449768686
28,0.0,31.045288589587784,0.0,23,31.045292736002892,4.396979226022312
28,0.0,30.576921668508618,0.0,23,30.57692651915918,4.743771203466839
28,0.0,30.023746827144315,0.0,33,30.02375244794574,5.354520855609264
28,0.0,29.909664439498982,0.0,33,29.90967020311126,5.500322411090297
28,0.0,29.470911514622276,0.0,33,29.470917792759813,6.094780986369406
28,0.0,21.840675533589714,0.0,33,21.840676056350397,4.544551975072004
28,0.0,18.791029459054865,0.0,33,18.791028944742287,4.208899760372802
28,0.0,18.16539931345136,0.0,33,18.16539889229012,4.380134870531707
28,0.0,17.845423138939577,0.0,33,17.84542277910475,4.512351124835581
28,0.0,16.784521743458537,0.0,33,16.7845215997837,4.439772892937331
28,0.0,16.255912817521423,0.0,33,16.255912764101357,4.615929002229111
28,0.0,15.455909685096337,0.0,33,15.455909731436837,4.631040481216761
28,0.0,13.96544402914326,0.0,33,13.965444084471144,4.432841091627553
28,0.0,13.668888201223318,0.0,33,13.668888224265933,4.498229069682216
28,0.0,12.646584363864143,0.0,33,12.64658424834961,4.458314307659409
28,0.0,12.265284613826644,0.0,33,12.26528442580414,4.515939612223448
28,0.0,5.404350864573244,2.2782829743422353,61,7.682649235158049,2.530735185903115
28,0.0,5.335644595614856,1.9233810353537668,61,7.259038547808066,2.6005451294770943
28,0.0,5.324800007428123,1.8673633613721645,61,7.19217586425947,2.630349007916834
28,0.09915547047011737,5.637491379149999,1.8451260717731874,54,7.4826308339852865,3.0516213126057394
28,0.09997151420175565,5.4823727125946675,1.8769053755544471,54,7.359291658867918,3.1289909759092414
28,1.0137762410079139,7.4345158835680465,0.3498384750374211,76,7.784363528715353,3.6909652659233494
28,1.0009510068171728,7.336638007851755,0.42348612387702567,76,7.760133572674644,3.6941194102480353
28,0.0,5.094139020963944,1.3420620005523682,84,6.436209415982031,3.201383332470959
28,0.0,5.108532976839091,1.2764358448769244,84,6.384976730725165,3.2515480842518674
28,0.0,5.158270434727798,1.0496685695970953,84,6.207945259060483,3.4434962297881615
28,0.0,5.169080215901124,1.0003836900093335,84,6.169469818946815,3.4884860393034014
28,0.0,5.092198764566743,0.8995087541693904,84,5.991712720740643,3.651399144454709
28,0.0,5.234670003973951,0.7013411140751605,84,5.936015128905511,3.7816051798131145
28,0.0,5.263622061238249,0.5693404164468052,84,5.832965772661631,3.9206703263933385
28,0.0,4.924383501376582,0.7625349955020776,94,5.686922741178547,3.9184055649176965
28,0.0,4.5924269555475306,1.006750061800553,94,5.599182501099431,4.15107913578731
28,0.0,1.2655532516342618,3.4542772829876216,94,4.71982945274493,3.630592510581078
28,0.0,1.3902809564674274,3.3625171261604248,94,4.752797590425386,3.772230321723942
28,0.0,1.123123813143241,3.559060319204211,94,4.68218246813726,3.965321240187075
28,0.0,1.074401532865684,3.5544681788151995,96,4.628867809968224,4.091540169681151
28,0.0,1.524533745568058,3.135744124669509,96,4.6602778404931975,4.339042014784765
28,0.0,1.0229320844270238,3.602346325516796,96,4.625276334571323,4.451522654330118
28,0.0,4.180741374380774,0.6648744654821374,96,4.8456186188642665,4.873581270665932
28,0.0,0.9646022517449587,3.6566061703558126,96,4.621206182605707,4.960937091885153
28,0.0,1.655115096271418,3.01427414091946,96,4.669389820159926,5.2526598164829785
28,0.0,3.749963177694932,0.0,96,3.7499638555437524,4.526360578063128
28,0.0,1.7263134758468037,2.9480436572901505,96,4.67435804711867,5.822713872517292
28,0.0,3.7670014056357024,1.0497455593213947,96,4.8167508476991525,6.017935649560407
28,0.0,0.8624102332670593,3.7516676991042344,96,4.614075452537886,6.10072479345345
28,0.0,3.6082964577094074,1.197376804838626,96,4.80567750458057,6.689729603942146
28,0.46371392938144407,0.5481277134991479,0.5690267657046648,96,1.117146859014154,2.0835064118678446
28,0.0,1.8951910498481754,2.7909495848272705,96,4.686142344077513,7.230575171197782
28,0.0,1.9195729117039195,2.7682689773173883,96,4.687843698061711,7.429482404724891
28,0.0,1.9494301216346792,2.740495066375465,96,4.689927137525105,7.668823530495177
28,0.0,0.7203853705373255,3.88378271916613,96,4.604165400136939,8.148216129539925
28,0.0,2.147780794778319,0.0,102,2.1477775267389614,4.5702663811009305
28,0.0,1.9967421117871968,0.0,102,1.9967385411333058,4.546328295580844
28,0.0,1.853069684645458,0.0,102,1.8530658913631832,4.524014702333385
28,0.4243155150327345,0.41770673687349946,0.35517470704017695,102,0.7728768503113521,3.0164174504266494
28,0.0,1.620852626999613,0.0,102,1.6208486434574905,4.58936630485254
28,0.0,1.4110729395616188,0.0,102,1.4110690218284123,4.625583359477707
28,0.0,1.2760318408582931,0.0,102,1.2760281266507452,4.548424390909068
28,0.0,1.175910961606274,0.0,102,1.175907496208259,4.5573160581920575
28,0.0,1.0657107330463316,0.0,102,1.065707635897537,4.6404075871956305
28,0.0,0.9598761089307566,0.0,102,0.9598734778825726,4.775018623169656
28,0.0,0.925922918140154,0.0,102,0.9259204611922058,4.8327182637859725
28,0.0,0.8090069778454605,0.0,102,0.809005221844254,5.064173833316213
28,0.8225051788660765,0.4308064822511172,0.0,102,0.43080795024083507,4.2534410940154
28,0.0,0.665567044144421,0.0,102,0.6655663834732835,5.311593276637881
28,0.0,0.5869166653129525,0.0,102,0.5869167186019855,5.367760391256063
28,0.0,0.2539441379607481,0.0,102,0.25394828936556735,4.760170852085462
28,0.03342998718961279,0.12163979900711225,0.0,142,0.12164609179401786,4.828080393532467
28,0.09585401062325652,0.1281425006645372,0.0,142,0.12814863093489137,5.011862680654934
28,3.6496748144704063,0.49834350919026116,0.0,142,0.4983437556403665,7.134064107352876
28,0.34136239062599116,0.15371707374940966,0.0,142,0.1537225435045695,6.191272616616718
28,0.10729791484580115,0.0,0.0,142,8.494058292285445e-06,6.088226392817431
28,0.14456094984016676,0.0,0.0,142,8.450205536192357e-06,6.770229155465437
28,0.5735548367344787,0.1779045278912629,0.0,142,0.17790942787036101,7.9630045136101755
28,0.7303129283698327,0.19423399603865904,0.0,142,0.19423853760121013,8.915303514292297
28,0.8757600679288439,0.2093852039143175,0.0,142,0.20938942511003766,9.530659421411205
28,1.2510868508199848,0.24848294159501347,0.0,142,0.24848641695104412,10.882614789693069
28,6.001387376675119,0.0,0.0,157,5.248954257908167e-06,10.96089896563012
28,7.008746019719618,0.0,0.0,157,5.074981023867053e-06,11.995112924783104
28,9.516954201928932,0.0,0.0,157,4.793892040666492e-06,14.46351265501032
28,91.0450973673605,0.0,0.0,157,0.00016792471111592988,16.576216818842823
28,18.19931373580516,0.0,0.0,157,3.620651058966473e-06,20.23284394592357
28,27.541992039212122,0.0,0.0,157,1.0771911416185276e-06,26.553503057550728
28,33.247808225316724,0.0,0.0,157,-1.9453881883180202e-07,35.77450897727253
28,48.82999002356139,0.0,0.0,157,1.358280124819089e-06,53.525932781230075
29,0.0,90.0758985075634,0.0,4,90.07584303206647,4.893803512854246
29,0.0,72.949819910689,0.0,4,72.94984789009351,4.884049487465182
29,0.0,72.15266888514054,0.0,4,72.15273964088055,5.991246530979836
29,0.0,51.79519716917038,0.0,4,51.79519549742746,4.485794520708891
29,0.0,50.240721860295544,0.0,4,50.240713817418154,5.223102248253516
29,0.0,49.7195526849421,0.0,20,49.71954353966381,5.963098847725345
29,0.0,36.163196844296785,0.0,20,36.16319610842025,4.425509838172847
29,0.0,31.8821070500793,0.0,20,31.882109915587833,4.178175104182722
29,0.0,30.776390839714463,0.0,20,30.776395414089983,4.574129243492763
29,0.0,30.301673337960324,0.0,34,30.301678641260864,5.019009831295822
29,0.0,30.054725684622476,0.0,34,30.05473134108466,5.3069818823744885
29,0.0,29.710683475041023,0.0,34,29.710689585741427,5.751118436026719
29,0.0,22.292796011740034,0.0,34,22.29279700691969,4.499850654338154
29,0.0,21.47919024413212,0.0,34,21.47919045461368,4.6097000526123715
29,0.0,18.733704071999778,0.0,34,18.73370355684892,4.223362210350745
29,0.0,18.2142103343096,0.0,34,18.21420989686029,4.363767246575716
29,0.0,17.661667620608313,0.0,34,17.66166729446625,4.557592777676433
29,0.058226999733735144,16.52015924345159,0.0,34,16.520160055087082,4.533543957134359
29,0.0,15.897780151059838,0.0,34,15.897780177435138,4.640168572783654
29,0.0,15.160058818030265,0.0,34,15.160058910168443,4.636093778562184
29,0.0,13.843455306696029,0.0,34,13.84345540299551,4.447414028019022
29,0.0,13.619734783999181,0.0,34,13.619734860242358,4.513142620081261
29,0.0,12.654843500035739,0.0,34,12.65484343398772,4.45750644736208
29,0.0,12.218937731193268,0.0,34,12.218937581433218,4.52203030299588
29,0.0,11.564924097519336,0.0,34,11.56492382063902,4.541232952830217
29,0.0,11.03478205305718,0.0,34,11.034781661491232,4.523420918238468
29,0.7954067207323523,9.72165587727504,0.12471779872883257,55,9.846380248417322,4.154258614629169
29,0.899542497270833,9.002463870345018,0.06895637272344082,55,9.071427431278057,3.9018249171938564
29,1.004045254311275,8.280737389169133,0.012998440226373066,55,8.293743578340141,3.7001043455389624
29,1.2697956284440082,7.730658222048824,0.0,55,7.730667573951266,3.672532799090419
29,1.171224025961597,7.511296936011526,0.0,55,7.511305519683697,3.731236653214065
29,1.1229974954945976,7.389356514175882,0.0,81,7.389364723795551,3.7869833065572127
29,1.05308602975145,7.248719604494952,0.0,81,7.2487273066043665,3.871856102820466
29,0.9608218953576702,7.005855353994105,0.0,81,7.005862405855688,4.065153232011792
29,0.8828203767406552,6.906205897913272,0.0,81,6.906212437339246,4.160899250830875
29,0.8091583966298865,6.758024292312019,0.0,81,6.758030345434614,4.315538835623773
29,0.7951421986477922,6.729828705955413,0.0,81,6.729834661004103,4.34653555692806
29,0.7495959795226846,6.638205973728069,0.0,81,6.638211639208018,4.4501382230986515
29,0.0,6.134020483566322,0.0,43,6.134021435548883,4.465950043443341
29,0.0,5.89570236748223,0.0,43,5.895703462729197,4.43637567247719
29,0.0,5.6261569616400555,0.0,43,5.626158200126312,4.489805655324229
29,0.0,5.480393920785081,0.0,43,5.480395226389439,4.528151489678269
29,0.0,5.2085975752652,0.0,43,5.208598960709013,4.529571204182819
29,0.0,4.950544722253264,0.0,43,4.9505461309364485,4.470173148749497
29,0.0,0.9562361767136907,1.5254377959664982,104,2.481665456409404,2.3346120508878467
29,0.0,0.9078293763338525,1.332047232118434,104,2.2398674088162096,2.196468921491208
29,0.0,0.8739837470002256,1.1968301698614348,104,2.0708044012802223,2.2010101900895016
29,1.4186205693069907,0.755595313193945,1.0437546647915992,112,1.7993420613000346,2.033756914555905
29,1.5239869905180528,0.7658338037081998,0.9715686245867537,112,1.7373946055611391,2.0237083897950203
29,1.509789282774122,0.7556290207197421,0.9133714931924305,118,1.668992668566954,2.113287103364952
29,1.588451677298461,0.7633332430655896,0.880729624768055,118,1.644055130805647,2.185979030940688
29,1.6795400247480576,0.7722544675733226,0.842931463773559,118,1.6151783201199326,2.3565672721977755
29,1.1028662704713768,0.7249133619963448,1.2600764516438168,112,1.9849817440976203,3.013278848089916
29,1.08991140066565,0.723654532949151,1.2689517720912247,112,1.9925982474463417,3.0772965200026388
29,1.043236658264892,0.7191191325641633,1.3009284188517982,112,2.020039483892962,3.317142106780537
29,1.8721793940203977,0.7894467825996402,0.7696126785948966,121,1.5590521237986827,2.92946515702924
29,1.9160759013881818,0.7937305635905532,0.7536714141530341,121,1.5473946952883022,3.0847321156612963
29,1.9347356244354692,0.7955515323117307,0.7468950303962019,121,1.5424393166685828,3.1524043253972565
29,1.8072490308975897,0.6670141185307031,0.8022843651052304,132,1.4692908605169723,3.2029014434790692
29,1.8696208556141445,0.6573900562122994,0.8242792367458953,132,1.4816616354872565,3.4298299914267076
29,1.935830552239267,0.6471738047349932,0.8476274999281077,132,1.4947936280291714,3.6937769133993896
29,1.9888010687811684,0.639000377798167,0.8663070834960644,132,1.505299775931622,3.919151592001972
29,1.1979685677753276,0.6300258132465558,0.06991506307880861,133,0.6999394857139603,2.8639110668076224
29,1.1952446583930112,0.627825772763069,0.06282570204810611,133,0.6906502252416296,2.869563021145071
29,1.1737442150682322,0.6094076620160255,0.005855624282516845,133,0.6152631756241771,2.9439182506051385
29,1.1896325939055283,0.5335683838770269,0.16949891153029178,133,0.7030649419439694,3.316087773345659
29,1.3681310479887239,0.5966761581856754,0.0,133,0.5966762446023353,3.4167573475239923
29,1.1857335651455356,0.48845184475382697,0.2160777870411446,133,0.7045268830647444,3.8754218403190563
29,0.0,0.6316051598734382,0.2285006942229266,133,0.8601018126413909,4.38319318531491
29,1.1827783321760836,0.4542561790915136,0.25138181711193924,133,0.7056349702589149,4.465508995771552
29,0.0,0.8796180335839142,0.0,102,0.8796161204931803,4.934484505996462
29,0.0,0.7865662869445976,0.0,102,0.7865649658314862,5.137015414697792
29,0.976674361731087,0.4160774229805616,0.0,166,0.4160792116281584,4.447838367403012
29,0.7318655311403215,0.40837019936084623,0.0,166,0.4083721525536941,4.771073730488114
29,0.0,0.1531235270058477,0.0,187,0.15312949465656445,4.586855502860839
29,0.0,0.01504652983797231,0.0,187,0.015055020141486963,4.503167604685842
29,0.03108898186326703,0.0,0.0,187,8.745077714422678e-06,4.9332578435794705
29,0.031927159476539374,0.0,0.0,187,8.747912254136736e-06,4.943735009416121
29,0.06862972462331864,0.0,0.0,187,8.68342649162912e-06,5.453079129046209
29,0.09705773841653664,0.0,0.0,187,8.663584718959783e-06,5.901775808122643
29,0.13703473025688365,0.0,0.0,187,8.611854381612716e-06,6.601237332729768
29,0.16994019183574627,0.0,0.0,187,8.575005375988098e-06,7.230673666224892
29,0.22519323193574692,0.0,0.0,187,8.512645518266027e-06,8.382552576243809
29,0.2466120758944007,0.0,0.0,187,8.482882858373841e-06,8.856908095492619
29,0.274968316543886,0.0,0.0,187,8.445325216044353e-06,9.505019219062188
29,5.959392627848395,0.0,0.0,203,5.24158752313042e-06,10.957501316078435
29,6.811562756877934,0.0,0.0,203,5.072223819624355e-06,11.711280372324977
29,8.17750392386164,0.0,0.0,208,4.8589247594321705e-06,13.513331695946757
29,10.137506175433275,0.0,0.0,208,4.677514263917715e-06,15.237009950342918
29,20.48546949946113,0.0,0.0,208,3.028521206260848e-06,17.721594627434005
29,15.133467822271541,0.0,0.0,208,4.1453295693827386e-06,21.389272703846324
29,86.63809779277801,0.0,0.0,208,6.922988795032836e-05,26.248927130491527
29,63.420830878176474,0.0,0.0,208,3.6556629581241395e-06,34.15657090610178
29,37.2746453520162,0.0,0.0,208,-6.117354907075878e-07,44.40409200450798
29,78.07293032606105,0.0,0.0,208,-4.979051439590876e-06,68.05931345073354
30,0.0,89.93955949713745,0.0,2,89.9394877394723,5.025666925059674
30,0.0,72.8978720524891,0.0,2,72.89790364549876,4.9201936542292195
30,0.0,72.61622106778177,0.0,2,72.61626845766426,5.2326503837766545
30,0.0,52.11888947244996,0.0,2,52.11888981543914,4.350895628485741
30,0.0,50.37918011725757,0.0,20,50.379172625924994,5.04458970630786
30,0.0,49.91346847243672,0.0,20,49.9134599453165,5.6050060080704665
30,0.0,35.960145789798624,0.0,20,35.96014513002056,4.467516833675804
30,0.0,31.51933090222727,0.0,20,31.519334240475768,4.233220030736918
30,0.0,30.885294635025858,0.0,39,30.88529896880412,4.49703624686202
30,0.0,30.30584318272477,0.0,39,30.305848411587213,4.995536957054339
30,0.0,29.961159953672194,0.0,39,29.961165674374556,5.389213276574438
30,0.0,29.539840569380743,0.0,39,29.539846841347607,5.926957445557669
30,0.0,22.35447123179442,0.0,39,22.354472262641224,4.503908206671248
30,0.0,21.283486416381724,0.0,39,21.283486470383544,4.6362308714203415
30,0.0,18.6883799458257,0.0,39,18.68837942729014,4.228688733758359
30,0.0,18.183037148759723,0.0,39,18.183036722042928,4.376255428269918
30,0.0,17.21760835382849,0.0,39,17.217608133976853,4.471270630641246
30,0.0,16.493090021081553,0.0,59,16.493089953117217,4.544424464731785
30,0.07338413952599193,15.88153187891866,0.0,59,15.881532956110846,4.639300381494797
30,0.17061807879136995,15.131767001434765,0.0,59,15.131769421396177,4.646933470601409
30,0.3247062337838568,13.943602791257614,0.0,59,13.943606990388307,4.482299305538541
30,0.19275450429459412,13.559505609593517,0.0,62,13.559508079606502,4.5258169734413585
30,0.3514474770896748,12.577894516083282,0.0,62,12.577898519350878,4.468480351636169
30,0.42039426433362875,12.151417337992047,0.0,62,12.151421906946338,4.509106882076562
30,0.5390351413612007,11.41755244792895,0.0,62,11.417557839616485,4.477729989706022
30,0.6429369528472826,10.774857506910687,0.0,62,10.77486350416439,4.387155883912227
30,0.8615016953221548,9.301593211157531,0.27298393153125927,62,9.574583734478672,4.048299915768538
30,0.9318533323609076,8.987736639286616,0.0,62,8.987743910531309,3.891436031805098
30,1.044825863981066,8.28893386089591,0.0,62,8.288941574071494,3.725197743722866
30,1.1117485812038455,7.8749767682995255,0.0,62,7.874984727140261,3.71362835728549
30,1.1317487543107625,7.751263717569634,0.0,62,7.751271744862433,3.7308783159567085
30,1.0702235524668775,7.3748013230771345,0.0,83,7.374808807588423,3.8597397007313727
30,0.9703843380567326,7.195995663201632,0.0,83,7.196002455409736,3.967286780985088
30,0.9485473939669387,7.035133875039698,0.0,83,7.035140498728843,4.086845571533091
30,0.8228313238525079,6.931737633656031,0.0,83,6.931743445024356,4.177764015499994
30,0.7891942222725679,6.771295479217223,0.0,83,6.771301072762034,4.3282144050627185
30,0.6919805070106465,6.697392173418915,0.0,83,6.697397168550691,4.3972215841955595
30,0.6322599806002873,6.590436522816042,0.0,83,6.590441144390211,4.501067958340169
30,0.0,6.150920392059006,0.0,39,6.150921130856205,4.46729917183583
30,0.0,5.8444815210482,0.0,39,5.844482443091342,4.429660219520597
30,0.0,5.644034915314439,0.0,39,5.644035957950077,4.477005755483692
30,0.0,5.4386390626794014,0.0,39,5.438640210118654,4.533923077604587
30,0.0,5.190854132081363,0.0,39,5.190855362830695,4.5272138348236926
30,0.0,4.915521380888293,0.0,39,4.915522657923833,4.46594824124278
30,0.0,4.724179242758049,0.0,110,4.724180516134961,4.493896194470464
30,0.0,0.0,2.6763553139814458,110,2.676350991855575,2.6707414220535206
30,0.0,4.488949373988977,0.0,110,4.488950577991041,4.611348248033488
30,0.0,4.274703164218425,0.0,110,4.274704247787161,4.631684666178057
30,0.0,3.997240375377982,0.0,110,3.9972412226722653,4.545284938603782
30,0.0,3.800044561404388,0.0,110,3.8000451688358883,4.525796714632532
30,0.0,3.5534009081064473,0.0,119,3.5534011404587282,4.514954876375715
30,0.3495003068018625,0.0037886512097375963,1.094366182296303,119,1.09814858552126,1.7227723857534354
30,0.0,3.388854873249709,0.0,119,3.3888548147601725,4.551821139025346
30,0.0,3.043348591334522,0.0,119,3.043347802159749,4.524245423916387
30,0.0,2.8666503181429666,0.0,119,2.8666491256529927,4.4502968643672745
30,0.0,2.9018154981126427,0.0,119,2.9018143760016404,4.6131669841352245
30,0.0,2.5046998579609263,0.0,119,2.5046977536462833,4.439361877014337
30,0.0,2.451600260380803,0.0,119,2.45159803490027,4.531515710868526
30,0.0,2.3648490281655894,0.0,119,2.364846586185209,4.599814777737981
30,0.0,2.112598030331276,0.0,119,2.1125950250863,4.572322180284019
30,0.0,1.9810841523568663,0.0,119,1.9810808909696416,4.541722702208714
30,0.0,1.8283395581222779,0.0,119,1.8283360545113005,4.525596444075877
30,0.6748951265977914,0.0,0.4007377307451891,147,0.40073727036515017,2.2470169317778534
30,0.7420065818094796,0.0,0.0,147,7.305198691298642e-06,1.6392162134710908
30,0.8946548423637242,0.0,0.0,147,7.208642456291159e-06,1.7973016940902777
30,1.0000684322035442,0.0,0.0,147,7.11628431915301e-06,2.0144931423234187
30,0.46206958477128035,0.0,0.0,147,7.555685154869707e-06,2.1379450724738103
30,1.1159757790428937,0.0,0.0,141,7.040718569939486e-06,2.296331496326614
30,0.3651740306911899,0.0,0.0,141,7.63404963599612e-06,2.5468552738089105
30,0.3477275989295092,0.0,0.0,141,7.6494426579643e-06,2.629512199047946
30,1.3688379984697907,0.0,0.0,141,6.871395317631368e-06,2.8936056502403495
30,1.4879288995302609,0.0,0.0,141,6.7888327386356195e-06,3.134476315238615
30,0.19645457387718612,0.0,0.0,141,7.790778596472592e-06,3.420070727409959
30,1.7987387719641978,0.0,0.0,141,6.613912024278079e-06,3.6645713410308556
30,1.9374147096848142,0.0,0.0,154,6.535547543151665e-06,3.880025200355611
30,2.115974467167213,0.0,0.0,154,6.4529849659322736e-06,4.159861565323743
30,2.3253387564286623,0.0,0.0,154,6.335438245130831e-06,4.50893780303214
30,2.537360453157377,0.0,0.0,154,6.23468391403037e-06,4.898080333107632
30,2.761156976772127,0.0,0.0,154,6.146523872985199e-06,5.35081575110401
30,3.0138368372175752,0.0,0.0,154,6.044370175928293e-06,5.902960959276545
30,3.254879554939593,0.0,0.0,154,5.94781394092081e-06,6.44763525167453
30,3.5586943230067005,0.0,0.0,163,5.837264048125235e-06,7.118611836564167
30,3.874405324263236,0.0,0.0,163,5.747704642899976e-06,7.762954587012916
30,4.1864506073298555,0.0,0.0,163,5.656745869941915e-06,8.343050972804924
30,4.699723170597886,0.0,0.0,163,5.509812469384201e-06,9.203696672416132
30,5.403183730423916,0.0,0.0,163,5.35308350890773e-06,10.234991695251423
30,6.506629596280006,0.0,0.0,163,5.141779285011694e-06,11.524030983581298
30,8.538100630885397,0.0,0.0,163,4.850711215809156e-06,13.533652601841384
30,95.72954533576156,0.0,0.0,163,0.00032556574346465084,14.968168647002974
30,13.03251929892641,0.0,0.0,163,4.372128138641074e-06,17.46438855091065
30,14.977913212827959,0.0,0.0,163,4.079660703482091e-06,21.087776490694864
30,61.08847683600824,0.0,0.0,169,4.826921998102307e-06,26.513979410965646
30,58.880533733676124,0.0,0.0,169,5.108194507386088e-06,32.234453265079964
30,74.9795900325936,0.0,0.0,169,-8.672759117089868e-06,43.74343426891515
30,78.04895619904713,0.0,0.0,169,-4.977034247843903e-06,67.56264730936121
31,0.0013735085790793139,99.51359582327888,72.82130610516195,11,171.93467152538386,6.207165351258215
31,0.0,99.90318838650317,4.851522217648398,11,104.74259843118544,4.506025948351256
31,0.0,89.84370032952963,0.0,11,89.84361660314863,5.151104815589873
31,0.0,72.89141511754238,0.0,11,72.89144765212522,4.930860879759381
31,1.4634981403949214e-05,36.595920100500535,23.598679486498167,11,60.2007149045608,4.843957830143015
31,0.0,52.59570392557651,0.0,11,52.59570772404288,4.3049929008128505
31,1.7269200585922872e-05,36.53307727039722,7.846284499356725,11,44.379664246987275,4.590490760376236
31,1.5008023393877904e-05,34.77454847220547,4.68189957791048,11,39.456434037123,4.541791764057914
31,0.0,35.13792892268018,0.0,11,35.13792849443035,4.457327524713076
31,0.0,34.5422688945627,0.0,42,34.54226874483825,4.6367277781998535
31,0.0,30.699039443301473,0.0,42,30.699044003888798,4.702179128187977
31,9.714678369367695e-05,22.144075677230262,5.368021415523036,42,27.51219382573033,4.5789070288025115
31,0.00011295810867912761,22.628017412466146,3.0218032229394383,42,25.649848975654315,4.593010926644208
31,3.7173787740081245e-05,21.930616834849573,1.542409906031228,42,23.473024969058244,4.5452210878538075
31,0.0,22.028227791588193,0.0,56,22.028228459119866,4.49611465033259
31,4.341533753904987e-05,19.225168135151055,0.3322643989362467,56,19.557428281640334,4.25683569497137
31,0.0,18.48876635631441,0.0,56,18.48876586362977,4.264574936916381
31,0.0,17.936970120006563,0.0,56,17.93696973630932,4.478122102033701
31,0.0,16.96424928205221,0.0,56,16.96424911222624,4.410726086467188
31,0.0,16.33630907178809,0.0,56,16.336309019635614,4.604641089933903
31,0.0,15.772562628878692,0.0,56,15.772562679467857,4.626554574816852
31,0.0,15.038084961216267,0.0,56,15.038085088471071,4.70235706419361
31,0.0,13.894592375846413,0.0,56,13.894592504759437,4.47380213488869
31,0.0,13.418249568682002,0.0,56,13.418249659017324,4.606847167174637
31,0.0,12.560346074630765,0.0,56,12.56034604039813,4.467570135371032
31,0.0,12.000945859425213,0.0,56,12.00094570951093,4.543045655198535
31,0.0,11.443131133035985,0.0,56,11.443130838853554,4.538693172783763
31,0.0,10.983600726896512,0.0,56,10.983600330540705,4.506560429276174
31,0.0,10.579386963249368,0.0,56,10.579386462803068,4.501289516660943
31,0.8358583592437043,9.779620629556119,0.0,56,9.779627203467285,4.498418797542536
31,0.0,9.39891445646229,0.0,56,9.398913753160123,4.497368460370087
31,0.0,8.794375528577133,0.0,56,8.794374835957797,4.395877542942333
31,0.0,8.485287648364507,0.0,56,8.485286982468782,4.479247667843817
31,0.0,8.399876402929582,0.0,56,8.399875757005244,4.531243721157335
31,0.0,8.187926192336677,0.0,56,8.187925584443665,4.717568263350909
31,0.0,8.04111456929335,0.0,56,8.041114018776957,4.888385106113143
31,0.0,7.932543906280618,0.0,56,7.9325433905352725,5.029820523686864
31,0.0,7.895043784856112,0.0,56,7.895043279713143,5.080491704688356
31,0.0,7.775455895045694,0.0,99,7.775455438244702,5.244137903575508
31,0.0,5.819744877433633,0.0,99,5.819745640790296,3.9829986340749226
31,0.0,5.637897929373467,0.0,91,5.637898813955952,4.126740990010228
31,0.0,5.561133856452447,0.0,91,5.5611347881113335,4.239657256650695
31,0.0,5.49752081466168,0.0,91,5.497521790690696,4.341390296301114
31,0.0,5.407196028761627,0.0,91,5.4071970507281995,4.478296836059638
31,0.0,5.1883545599498095,0.0,91,5.188355675827223,4.630845169526728
31,0.0,4.805539559879632,0.0,91,4.805540792385299,4.4678501756065465
31,0.0,4.644910635809471,0.0,91,4.644911865781024,4.539311454840378
31,0.0,4.507014904320308,0.0,99,4.507016114768561,4.604968872639377
31,0.0,4.348034192900912,0.0,99,4.348035356756457,4.645647944681258
31,0.0,4.094308915271442,0.0,99,4.094309952647663,4.592111053830333
31,0.0,3.808047664326633,0.0,99,3.8080484283068294,4.479537140124819
31,0.0,3.713291457841375,0.0,99,3.71329210846487,4.4989587786051235
31,0.0,3.4830556177439047,0.0,99,3.4830559457376697,4.5077029222646505
31,0.0,3.4122547579529012,0.0,99,3.4122549613267754,4.525994505930013
31,0.0,3.2052309935516137,0.0,99,3.205230818945811,4.562960644340512
31,0.0,2.999134084626201,0.0,99,2.9991334729529218,4.491821227638214
31,0.0,2.8837354773036976,0.0,99,2.883734617554751,4.475735716963641
31,0.0,2.844515529365793,0.0,99,2.8445145661738884,4.653326587363152
31,0.0,2.505354782745367,0.0,99,2.505353002012539,4.444942448580466
31,0.0,2.4576594450524683,0.0,99,2.457657554423264,4.518071791717162
31,0.0,2.2784778058307005,0.0,99,2.27847547146753,4.564377202141271
31,0.0,2.043221593714259,0.0,99,2.0432187369834214,4.557563508346938
31,0.0,2.000291720463901,0.0,99,2.0002887820749837,4.553015001450593
31,0.0,1.851807136113917,0.0,99,1.8518039238259618,4.5199815698479355
31,0.0,1.6465582718140594,0.0,89,1.646554805933917,4.545283047453616
31,0.0,1.5811124168985793,0.0,89,1.5811088977870131,4.587242316381486
31,0.0,1.4235830846826127,0.0,89,1.4235795482477158,4.633398310058562
31,0.0,1.2512149327236002,0.0,89,1.2512115246913016,4.538071876099211
31,0.0,1.1501662609149323,0.0,89,1.1501630188221323,4.573926818119151
31,0.0,1.058343883418035,0.0,89,1.0583408818581255,4.644994065081983
31,0.0,0.9255947096498851,0.0,88,0.9255921686371504,4.7016926433130966
31,0.0,0.7589208315565366,0.0,88,0.7589191272401017,4.617755972356985
31,0.0,0.47505904345627736,0.0,88,0.47505955064281835,4.228864797973582
31,0.0,0.3919297884990139,0.0,89,0.3919311631173592,4.341822408082887
31,0.0,0.3405985345429477,0.0,89,0.34060049687342975,4.4773825651390755
31,0.2278593447953281,0.0,0.0,119,6.779559512892774e-06,3.8464420631535035
31,0.08807772164240446,0.0,0.0,119,6.930250918912861e-06,4.138898508483056
31,0.4881943102804709,0.0,0.0,119,6.511356458460682e-06,4.38987512405847
31,0.6253723554365986,0.0,0.0,119,6.3938448118250335e-06,4.905705979583047
31,0.6988058414850562,0.0,0.0,119,6.335780232902266e-06,5.1693097609308225
31,0.7568408443583807,0.0,0.0,119,6.28048063511244e-06,5.355148653363788
31,0.9780828797446073,0.0,0.0,119,6.080019590015695e-06,5.818020701277176
31,1.904812914200743,0.0,0.0,119,5.439926734851497e-06,6.482812075030001
31,2.3755372929052,0.0,0.0,119,5.1786361314754e-06,7.3077593431783665
31,2.5560044772220736,0.0,0.0,125,5.086009304378081e-06,7.663210904510867
31,3.125197991629425,0.0,0.0,125,4.8523684998968974e-06,8.60011556095223
31,4.4313743938756645,0.0,0.0,125,4.477713719808207e-06,9.344052840543903
31,5.559593131562945,0.0,0.0,125,4.293842554403682e-06,10.508229798435426
31,6.834882167529644,0.0,0.0,125,4.192920785683896e-06,11.837475632936236
31,9.084561230321786,0.0,0.0,125,4.1652709867889826e-06,13.95002171864588
31,10.89557284347178,0.0,0.0,125,4.21504062586564e-06,15.986519394721562
31,13.967111178097602,0.0,0.0,125,4.162506007432398e-06,18.793803306780013
31,15.513623287678357,0.0,0.0,125,4.043611870230279e-06,23.42217291042178
31,16.76594016440809,0.0,0.0,125,3.883243033797612e-06,29.370224180773427
31,33.11140796301729,0.0,0.0,116,-1.5378669004917356e-08,39.377480734152826
31,51.66019371910705,0.0,0.0,116,2.097065998185599e-06,60.21517585740574
32,0.0,89.86030381156627,0.0,2,89.86022381043364,5.136917312594525
32,0.0,72.98733917286533,0.0,2,72.98736558050997,4.849167773190169
32,0.0,72.12135964242043,0.0,13,72.12143336022014,6.028925480735454
32,0.0,50.99925655801969,0.0,13,50.99924997245113,4.654064351299526
32,0.0,50.45649599342382,0.0,13,50.45648695289238,4.988190193164602
32,0.0,50.03098703932006,0.0,13,50.03097642327146,5.475552920069429
32,0.0,36.369342789060546,0.0,13,36.36934181891698,4.406885889356282
32,0.0,31.662217679950942,0.0,13,31.66222205729003,4.211576399269733
32,0.0,30.83112049219287,0.0,33,30.831125341413504,4.533267830268327
32,0.0,30.18921082083387,0.0,33,30.189215908080484,5.125972588744368
32,0.0,29.901222727551417,0.0,33,29.901227881338826,5.46971702329367
32,0.0,29.44054453536429,0.0,33,29.440549737520058,6.070854670417221
32,0.0,21.914323679327868,0.0,33,21.914323404888513,4.533550944257559
32,0.0,23.517203078227162,0.0,33,23.517203833707477,5.167282911847559
32,0.0,18.564784309759702,0.0,33,18.564783858945948,4.250973846413096
32,0.0,18.13790477238354,0.0,18,18.137904401108138,4.394867960006145
32,0.0,16.983544662180062,0.0,18,16.983544527744204,4.4121170667636225
32,0.0,16.35881295101686,0.0,18,16.358812929401523,4.597024785576082
32,0.0,15.52523683153726,0.0,18,15.525236916444758,4.613544881119093
32,0.0,15.162622775306211,0.0,18,15.162622887226055,4.635855565047427
32,0.04357800767885115,13.729663271188414,0.0,57,13.729663907587632,4.473029092745037
32,0.2012175959978298,12.896564017759149,0.0,57,12.896566347528355,4.456271949864568
32,0.2867304186957926,12.444642837883007,0.0,57,12.44464596939485,4.461426877898042
32,0.3847927192089753,11.92639973525716,0.0,57,11.926403686766163,4.492204726616951
32,0.5412751406410237,11.099415918184171,0.0,57,11.099420968926246,4.405148242480605
32,0.8722269408783986,9.675312944168537,0.30103413144489477,57,9.976352254018428,4.114161008029669
32,1.1182393824006567,8.524756577012326,0.14791117534860654,57,8.672675183179253,3.6519965243500536
32,1.0968552094123842,8.163266785537163,0.0,57,8.163274434256252,3.5692238596981305
32,1.168818885950527,7.78295061091839,0.0,57,7.782958534046505,3.5791602394991227
32,1.1410101241227035,7.542185901859054,0.0,80,7.542193546337894,3.647034764617729
32,1.1088386422827732,7.401864100396958,0.0,80,7.401871485782496,3.7120777304547907
32,1.0187383164633217,7.221982367619148,0.0,80,7.221989156458879,3.8266386820203646
32,0.9385819841591647,7.06195342414031,0.0,80,7.061959694776781,3.956797922092594
32,0.8872149793473338,6.959401233023112,0.0,80,6.959407175121396,4.052433118753946
32,0.8007003219514005,6.799059565703914,0.0,80,6.799064986366279,4.217915625090711
32,0.7510198473840054,6.68749304500436,0.0,80,6.687498168290039,4.34240296393113
32,0.7166282697398241,6.618831622047969,0.0,80,6.618836547793498,4.421872404143535
32,0.16070436230176782,6.414864319205034,0.0,56,6.414865893112327,4.574943834528879
32,0.0,5.955482276634968,0.0,56,5.9554831408192435,4.417232018391164
32,0.0,5.776459813529408,0.0,56,5.7764607954891725,4.4302778662053885
32,0.0,5.592079874592789,0.0,56,5.592080963313096,4.487302838023634
32,0.0,5.354978875872293,0.0,56,5.354980096056764,4.543088915837732
32,0.0,5.074156085885137,0.0,56,5.074157409981517,4.49895493008319
32,0.0,4.943304528257916,0.0,56,4.943305878019856,4.469391570975816
32,0.0,4.66403122948554,0.0,56,4.6640325757200545,4.521732512555289
32,0.0,4.539743888272171,0.0,56,4.5397452180927145,4.588241870402106
32,0.0,4.395065174580634,0.0,56,4.395066458604401,4.637039632485919
32,0.0,4.1730224679220465,0.0,56,4.173023626551636,4.602197889476901
32,0.0,3.856713345192132,0.0,56,3.8567142150154705,4.526672674092083
32,0.0,3.752954845178988,0.0,56,3.752955582881679,4.526359365828302
32,0.0,3.479835762352786,0.0,114,3.4798360901990684,4.505229340313111
32,0.0,3.4266659613703747,0.0,114,3.4266662004613053,4.517634053310664
32,0.0,3.153735335591053,0.0,114,3.1537350451636197,4.484793683341332
32,0.0,2.999924093933979,0.0,114,2.9999234699495005,4.4911265252039705
32,0.0,2.8527045059520155,0.0,114,2.852703539017334,4.549681473761135
32,0.0,2.8437073014990966,0.0,114,2.8437063088415897,4.664928728153951
32,0.0,2.517837968492283,0.0,114,2.5178361656640167,4.4368736504152615
32,0.0,2.5802331214417955,0.0,114,2.5802314800112125,4.736594229492859
32,0.0,2.252978796766865,0.0,114,2.2529763365058884,4.562229935744702
32,0.0,2.113780406021211,0.0,114,2.113777635778419,4.570761671074193
32,0.0,1.9758294352218277,0.0,114,1.9758263802307834,4.5512698821327735
32,0.0,1.77384003738172,0.0,114,1.7738366456734127,4.511614519711804
32,0.0,1.641212954678213,0.0,114,1.6412094171658644,4.560548682018007
32,0.0,1.620961731647648,0.0,114,1.6209581755156162,4.572521789581243
32,0.0,1.4229981572900077,0.0,114,1.4229945352998286,4.630293825955231
32,0.0,1.2397667695839811,0.0,109,1.2397632912537588,4.539407902214585
32,0.0,1.1858829628787344,0.0,109,1.1858795737743613,4.552059246888888
32,0.0,1.120853772809314,0.0,109,1.1208505175710766,4.594383106696107
32,0.0,1.0295653224909198,0.0,109,1.029562315601229,4.676111395532249
32,0.0,0.0,0.37523308119254245,109,0.3752324985759081,3.5647811736110615
32,0.0,0.8498989173813177,0.0,109,0.8498966186841237,4.924891062119842
32,0.0,0.7553716502125308,0.0,109,0.7553698667966842,5.0703506969147405
32,0.15522753127317265,0.4496705382396288,0.0,109,0.44967111789594405,4.5755430276214515
32,0.0,0.512584809015535,0.0,109,0.5125848369938897,5.223610775439461
32,0.0,0.19351384614758396,0.0,109,0.19351756046532742,4.626522655549087
32,0.08854255329680745,0.0,0.0,142,6.7200318643045875e-06,4.3291457943531775
32,0.003615742751960499,0.0,0.0,142,6.81827131110424e-06,4.592526199594982
32,0.2683199094710591,0.0,0.0,142,6.522178992440786e-06,4.957047100881443
32,1.1714682754335286,0.0,0.0,142,5.70122697318709e-06,5.300260172420634
32,1.4647734634588905,0.0,0.0,155,5.485512385661195e-06,6.021424817341025
32,1.6139611963981948,0.0,0.0,155,5.387959927105612e-06,6.317901186135771
32,2.9809645689026776,0.0,0.0,155,4.683109072090019e-06,7.034241098879705
32,3.518961169059709,0.0,0.0,155,4.4900651250401324e-06,7.728363010615801
32,4.027217492339075,0.0,0.0,155,4.349919342061526e-06,8.423762531793674
32,4.588906252182601,0.0,0.0,155,4.228322264765438e-06,9.192209121871795
32,5.431980594808639,0.0,0.0,155,4.076497665650436e-06,10.306622060514242
32,6.634343452720115,0.0,0.0,155,3.9390998374244646e-06,11.646166254782724
32,8.084118782480324,0.0,0.0,144,3.8621570546126804e-06,13.108919461497297
32,99.75805654296873,0.0,0.0,144,0.0005128324859864364,15.197079549091788
32,89.4532286075708,0.0,0.0,144,0.00012104464211226684,17.576095316995943
32,14.900473627249426,0.0,0.0,131,3.3077568204475938e-06,20.75435205981558
32,27.59077038591523,0.0,0.0,131,6.43612947826e-07,26.007255131456304
32,63.16408299165563,0.0,0.0,131,3.6230848348139943e-06,32.25359061070577
32,84.16941544297278,0.0,0.0,131,3.537778371409672e-05,44.2671194496295
32,67.24209659267709,0.0,0.0,131,3.9698384668440667e-07,71.07543016302103
33,0.042036424648919095,99.80599422731117,4.617588325433286,3,104.4115911304541,4.593435678649836
33,0.0,89.84830529858951,0.0,3,89.84822300176043,5.13443374879224
33,0.0,72.84697953705835,0.0,3,72.84701433885894,4.968190128092759
33,0.0,72.06725558150693,0.0,3,72.06733287191821,6.081134933097845
33,0.0,51.09781492255223,0.0,3,51.09780900685724,4.69614996730564
33,0.0,50.50818840879769,0.0,3,50.508179859954325,5.479796489469617
33,0.0,50.21773020109863,0.0,3,50.21772059841342,6.146614204640315
33,0.0,35.16989071121166,0.0,3,35.1698910287476,4.475919653887763
33,0.0,31.318817898423585,0.0,36,31.318820612746215,4.273709686026081
33,0.0,30.880519602736783,0.0,36,30.880522549708864,4.482093738748423
33,0.0,30.425844852228217,0.0,36,30.4258480178065,5.233566443065948
33,0.0,30.244857090257554,0.0,36,30.244860339450742,5.61451518970768
33,0.0,30.07372232633816,0.0,28,30.07372564992255,5.9927256821352
33,0.0,22.23588515425449,0.0,28,22.23588499914142,4.636602019648153
33,0.0,20.752825182815297,0.0,28,20.7528246167967,4.6106800397185435
33,0.0,18.609813783483634,0.0,28,18.609813321402356,4.3011129306323195
33,0.0,17.974299796192696,0.0,28,17.974299463407476,4.4662215782706
33,0.0,17.21697843716781,0.0,28,17.21697828660951,4.471229031666319
33,0.0,16.495670556161514,0.0,28,16.495670554931465,4.543256084915221
33,0.0,15.48584555555061,0.0,28,15.48584572314872,4.615356281340286
33,0.07260500927896456,14.708307842692802,0.0,81,14.708308872768562,4.632043781553328
33,0.18582246399651722,13.682984415767782,0.0,81,13.682986508823912,4.497317661679329
33,0.13436569538333248,12.834590479252505,0.0,81,12.834591806768362,4.438933962949259
33,0.3275348191392743,12.399604587321065,0.0,81,12.399607533361698,4.4676977947881475
33,0.4035518130983103,11.711177127570608,0.0,81,11.711180299684312,4.46558292825101
33,0.46650002296147497,11.141103595916755,0.0,81,11.141106844824352,4.3675683056429
33,0.5627008262487911,10.269886895757196,0.0,81,10.269890161291157,4.220444046704051
33,0.6773059293661003,9.231996604330986,0.0,81,9.231999851643936,3.966689140749912
33,0.698748057025631,9.037811742400635,0.0,81,9.037815005043758,3.927782569113175
33,0.7381459527954051,8.681015296083453,0.0,81,8.681018613933519,4.005585470205894
33,0.8183021781787706,8.480572096001977,0.0,118,8.480575833044297,4.189265111961397
33,0.8756372827367755,8.364093384946475,0.0,118,8.364097429530197,4.3581093420171335
33,0.8940253140110216,8.326737314905552,0.0,118,8.326741463443001,4.421902112268436
33,0.5431671852787241,8.206646634285013,0.0,19,8.206648535357377,4.582453051687132
33,0.0,8.1460318121099,0.0,19,8.146030046113044,4.816646155585987
33,0.0,5.759114933683328,0.41303931349306583,19,6.172154404317895,3.6928242659173716
33,0.0,5.680651213597105,0.0,19,5.680651524454397,3.612010053076057
33,0.0,5.6709912156404085,0.0,19,5.670991533237541,3.6262103610836682
33,0.0,5.57268696602018,0.0,146,5.57268738416971,3.8333209711756187
33,0.0,5.52040563159173,0.0,146,5.520406103879602,3.983568055541646
33,0.0,5.459997628492511,0.0,153,5.459998156742238,4.1813422210534235
33,0.0,5.436736450337368,0.0,153,5.436737001398904,4.261783025663334
33,0.0,5.374950091916034,0.0,153,5.374950688556595,4.477565201318686
33,0.0,5.3513509774011965,0.0,153,5.351351601005684,4.55760923756139
33,0.0,4.802030993995802,0.0,153,4.802031991113207,4.451486972137923
33,0.0,4.793622409587076,0.0,153,4.793623407209491,4.460138893950763
33,0.0,4.612989929731163,0.0,153,4.612990985457409,4.667190218849576
33,0.0,4.303483804311443,0.0,153,4.30348485962776,4.55560044285302
33,0.0,4.147249635476916,0.0,153,4.147250643893505,4.535986423372957
33,0.0,3.9692225883274515,0.0,153,3.969223504261434,4.551453664806456
33,0.0,3.7467389671827758,0.0,153,3.746739684096246,4.537241499760217
33,0.0,3.607278586364641,0.0,153,3.6072791494047394,4.521395894914994
33,0.0,3.407185739195239,0.0,148,3.407186014263411,4.532211991733442
33,0.0,3.1348531395296737,0.0,148,3.1348529298891847,4.49089074302875
33,0.0,2.993896066589451,0.0,148,2.993895558543528,4.498922028506266
33,0.0,2.8825023160609855,0.0,148,2.882501561797673,4.469009020668496
33,0.0,2.5328314412486166,0.5294730387216691,148,3.06230253039927,4.908000833340344
33,0.0,2.531720652784263,0.0,148,2.531719057375364,4.454423447390852
33,0.0,2.456766238736784,0.0,148,2.456764453565521,4.521480486921918
33,0.0,2.2547167498879257,0.0,158,2.2547144727748325,4.5622141928170095
33,0.0,2.1788297706550837,0.0,158,2.1788273154552584,4.569300808560293
33,0.0,1.9488957898148924,0.0,158,1.948892839251748,4.547418024375684
33,0.0,1.7938352752684024,0.0,158,1.7938320443848195,4.513609536921962
33,0.0,1.6664321557258894,0.0,158,1.6664287571299798,4.553042154041091
33,0.0,1.555608623824071,0.0,153,1.5556051275317397,4.612312481637673
33,0.0,1.4228106333030233,0.0,153,1.4228070841308789,4.629629421097061
33,0.0,1.2497587353946717,0.0,153,1.2497552868824116,4.541488797179026
33,0.042031892737796284,1.1361383186307195,0.0,153,1.1361350690639398,4.5510190247039315
33,0.0,1.0956769110291789,0.0,153,1.095673711514431,4.617119714432862
33,0.0,0.9589355000990153,0.0,153,0.95893268990711,4.6783338884814505
33,0.08086181506734874,0.541269384192667,0.0,158,0.5412689557519368,4.049185969130638
33,0.0,0.5066518716207842,0.0,158,0.5066517414729628,4.232193520312295
33,0.0,0.4377695879430994,0.0,158,0.4377700978074781,4.312066071921716
33,0.0,0.3786254365297288,0.0,158,0.37862655578083526,4.446363492655758
33,0.0,0.3544772481184739,0.0,158,0.35447862945940045,4.509034489719001
33,0.03555799474942513,0.15921200314399547,0.0,208,0.15921582568114268,4.498041068233315
33,0.4335451764078135,0.0,0.0,208,5.927788720327953e-06,4.397596023692989
33,0.49010646473968134,0.0,0.0,208,5.881934519891274e-06,4.441703499504422
33,0.6212692328843278,0.0,0.0,208,5.763732582764192e-06,4.828969246619847
33,0.7532725398120027,0.0,0.0,208,5.654361823204113e-06,5.350129629097433
33,0.886464509487031,0.0,0.0,208,5.537858189796907e-06,5.684379194065475
33,1.6010892335159648,0.0,0.0,208,5.038217238961806e-06,6.227358651266387
33,2.3474859198483604,0.0,0.0,208,4.6462487439669076e-06,6.871113734323389
33,2.8237277466309134,0.0,0.0,208,4.455019746885114e-06,7.5947420768727145
33,3.177802023303769,0.0,0.0,208,4.344290344349133e-06,8.194848746180966
33,4.18899152666852,0.0,0.0,208,4.0888654684323456e-06,9.090306814929999
33,4.924816136153526,0.0,0.0,208,3.970323868784931e-06,10.118075277103975
33,6.509991064912479,0.0,0.0,203,3.85789616430543e-06,11.432864418773185
33,8.066015927052273,0.0,0.0,203,3.829025001067521e-06,13.289969908333797
33,100.0,0.0,0.0,203,0.0005219288381166365,14.871401864616416
33,13.650126105824656,0.0,0.0,203,3.556277425431631e-06,18.036743660796034
33,18.098491272936844,0.0,0.0,203,2.7444882544358506e-06,20.82849272598616
33,61.081935848175284,0.0,0.0,203,4.320514092270855e-06,26.38223845706649
33,58.80284500458178,0.0,0.0,203,4.433281459270688e-06,32.592246571135284
33,57.31548547949373,0.0,0.0,203,4.205369101839551e-06,43.22715285353082
33,82.47170435057114,0.0,0.0,203,1.9429303177886936e-05,66.78982737561888
34,0.0,89.79859880758116,0.0,0,89.79850925262272,5.181760524655562
34,0.0,72.84218212109343,0.0,0,72.84221790211853,4.964264751377534
34,0.0,72.24169631628705,0.0,0,72.24176573086905,5.75299673994909
34,0.0,71.88165375703052,0.0,0,71.88174207830787,6.372244384472656
34,0.07149973161837918,50.80211650501059,4.403117696298616e-07,23,50.80211425575594,4.729610143554799
34,0.0,49.54569011466562,0.0,23,49.545678861268016,6.120992063361234
34,0.0,50.64760968402682,1.8819145810116413,23,52.52900390783688,6.86016477808432
34,0.06223547693063175,34.714797907902444,4.403117696298616e-07,23,34.71480076648467,4.547460931578385
34,0.05973388057971538,30.370791956535392,4.403117696298616e-07,23,30.3707968920138,4.699985209238333
34,0.0,29.88222482452515,0.0,23,29.88222815389191,5.074193853005928
34,0.05936298996552905,29.726742793791217,4.403117696298616e-07,23,29.726747939542776,5.229223273691543
34,0.05905763847488697,29.196501896964637,4.403117696298616e-07,23,29.19650714663149,5.820965780393532
34,0.0,21.856650461789272,0.0,23,21.856650165723455,4.5442135105489285
34,0.0,21.51686952519919,0.0,23,21.516869125535738,4.601746455615004
34,0.052881737073651625,18.472088890767672,4.403117696298616e-07,23,18.472089590151928,4.276243017034426
34,0.05266826589481497,18.1013975636189,4.403117696298616e-07,23,18.10139832786178,4.411896549258945
34,0.012514103795569761,16.767309245187473,0.0,58,16.767309338051582,4.436826503675579
34,0.05630362897465101,16.32702528701711,0.0,58,16.3270259729121,4.6088347062853146
34,0.0756918964241848,16.132084987942477,0.0,58,16.132085929159963,4.6481433333964315
34,0.0,15.142316210391998,0.0,58,15.142316419029967,4.63762553533814
34,0.2811653301775156,14.066142131932954,0.0,58,14.066145229391356,4.499442331667105
34,0.33220470262890167,13.552964223893827,0.0,58,13.552967685096224,4.591369251116445
34,0.04934453903782975,12.329767283548607,4.403117696298616e-07,23,12.329768044735694,4.506132391878232
34,0.0492780301877241,12.214275093702845,4.403117696298616e-07,23,12.214275799882135,4.522088912840058
34,0.04880518946921628,11.393190231433103,4.403117696298616e-07,23,11.393190513238478,4.53440524735371
34,0.05087707072471442,10.694187868167486,0.00811607529007918,23,10.702303281837645,4.493605900378466
34,0.04814646999834779,10.24932811287593,4.403117696298616e-07,23,10.249327691794306,4.517329516986166
34,0.047939955228843735,9.89071654572914,4.403117696298616e-07,23,9.890715917975701,4.5464664677177105
34,0.0,9.669502512838232,0.0,23,9.669500947300776,4.544314969730847
34,0.04735161043416981,8.869059599122565,4.403117696298616e-07,23,8.869058538593608,4.337597889452784
34,0.13871411776041218,8.455619451017554,0.0,23,8.455618533569067,4.441672597753268
34,0.1341341253934611,8.354429902168778,0.0,95,8.354428953606408,4.5255219139542415
34,0.11665921187951045,8.181410601384638,0.0,95,8.181409535372774,4.725072898840363
34,0.11367823046814654,8.151895873369936,0.0,95,8.151894793387374,4.765628346375157
34,0.09440714413009318,7.96109264673886,0.0,95,7.961091471354115,5.062875279029523
34,0.09371903637747415,7.954279684710336,0.0,95,7.954278506154849,5.0743430593721985
34,0.0802327010391966,7.820751338003132,0.0,95,7.820750104380861,5.304540342988538
34,0.0,5.888573884626134,0.0,116,5.888573786161703,4.15970598771284
34,0.0,5.815274045305566,0.0,116,5.8152740280193465,4.22959400153524
34,0.0,5.715472670224966,0.0,116,5.715472764225538,4.381774404350407
34,0.0,5.668539981158332,0.0,116,5.668540122298941,4.457721267243862
34,0.0,5.359106877402311,0.0,116,5.359107324042244,4.541373798893273
34,0.0,5.313355786654344,0.0,126,5.313356274372135,4.5774674855696365
34,0.0,4.81663102115502,0.0,126,4.8166318795182,4.441217235766306
34,0.0,4.699757131863563,0.0,126,4.699758043376259,4.560769947098004
34,0.0,4.541309607647708,0.0,126,4.541310563485002,4.620327798931337
34,0.0,4.398596211729804,0.0,126,4.398597190226176,4.6275836993984445
34,0.0,4.110966074407356,0.0,126,4.110967009403591,4.571328926300479
34,0.0,3.92013656190551,0.0,126,3.920137397142957,4.535805447225449
34,0.0,3.7622569096317053,0.0,126,3.762257621739039,4.528960159160405
34,0.0,3.546564494976528,0.0,126,3.546564972031705,4.513512812216893
34,0.0,3.414697586601381,0.0,126,3.414697884406584,4.525745880382571
34,0.0,3.1363716451883787,0.0,126,3.136371474246575,4.489753229878362
34,0.0,3.0094536603131083,0.0,126,3.0094532353485963,4.487399681397571
34,0.0,2.853783586381991,0.0,126,2.853782827198172,4.538300236583577
34,0.0,2.9298791503007675,0.0,126,2.92987856483297,4.725818827223804
34,0.0,2.5039370980587083,0.0,126,2.5039355112025063,4.440011619020018
34,0.0,2.4232902208359435,0.0,126,2.423288436419295,4.575598665990897
34,0.0,2.2613214737216496,0.0,126,2.261319291692523,4.5630093491766885
34,0.0,2.113725059519927,0.0,126,2.11372253171697,4.5707566210623565
34,0.0,1.1135373007316844,0.5150312041013173,137,1.6285615372984736,3.9861039935670544
34,0.0,1.0137576754383268,0.517114673394486,137,1.5308652389091826,3.9722211340643536
34,0.0,0.8588167608936135,0.5203499495018106,137,1.3791594989818652,4.008129179884612
34,0.0,0.7851649649120452,0.5218878512013126,137,1.3070456286808998,4.048073078892964
34,0.0,1.4388222384674436,0.0,137,1.4388187217705628,4.634038827020149
34,0.0,0.6574695456756025,0.5245542220568379,137,1.1820167108883446,4.161146889385979
34,0.0,0.5713979031600469,0.526351458954316,137,1.0977425081446786,4.279869635760251
34,0.0,1.1094645242395833,0.0,126,1.109461260396344,4.602962337944472
34,0.0,1.0327296098442122,0.0,126,1.0327265135438122,4.673615639589874
34,0.0,0.9413838153635661,0.0,126,0.9413809948391911,4.79305927380838
34,0.45276034128332004,0.7802431509020099,6.344492883271717e-12,146,0.7802411341359186,4.771260632264376
34,0.4768120116055603,0.5884717979289512,6.344492883271717e-12,146,0.5884708315479052,4.670086715293216
34,0.48110852537209664,0.5542143743472658,6.344492883271717e-12,146,0.5542136575009522,4.672916427325825
34,0.49396232348374364,0.45172709501541225,6.344492883271717e-12,146,0.4517271657743738,4.744977243258758
34,0.07628083624465382,0.18445819135842403,0.0,176,0.18446136532523205,4.326474230795938
34,0.04034496610810094,0.06100083482511845,0.0,176,0.061005850028388764,4.422243936178258
34,0.0978547913031147,0.0,0.0,176,5.949246613567993e-06,4.610952236485765
34,0.4439344646295529,0.0,0.0,176,5.618184863109832e-06,4.9939017037462
34,0.5264661825293289,0.0,0.0,176,5.549255593706448e-06,5.161110625358715
34,1.4394927573910643,0.0,0.0,176,4.87488918210488e-06,5.9743098711180025
34,2.105200794622414,0.0,0.0,176,4.518167630251924e-06,6.571514757177518
34,2.9760627649737135,0.0,0.0,176,4.184422502717666e-06,7.211456196027998
34,3.1051428626762414,0.0,0.0,176,4.147190635350739e-06,7.367706713432198
34,3.797240080775505,0.0,0.0,176,3.983504582194541e-06,8.283498927452532
34,4.382885150550386,0.0,0.0,179,3.88623213254391e-06,9.05937072649554
34,5.139670513116523,0.0,0.0,179,3.803885972430976e-06,10.010022692349256
34,6.367164345583509,0.0,0.0,179,3.746025637241246e-06,11.365882673874092
34,8.16219451748158,0.0,0.0,179,3.742671415452037e-06,13.193724568271437
34,10.132860857276626,0.0,0.0,179,3.7406588813126973e-06,15.2306328306029
34,17.81613054593073,0.0,0.0,189,2.8162351899396754e-06,18.30362147077672
34,26.6371049069939,0.0,0.0,189,8.353991596266042e-07,22.396131521696304
34,59.78778712990754,0.0,0.0,189,4.409490825807438e-06,28.149092008323272
34,84.72609760135074,0.0,0.0,189,4.072079301131737e-05,38.04707842887587
34,66.05147329557326,0.0,0.0,189,1.5277106601985224e-06,58.441312734395424
35,1.3756296592478913e-05,99.93527315303207,7.044437409846081,1,106.9614862337173,4.697714125189398
35,0.0,89.72857857154162,0.0,1,89.72847966037604,5.255989324923108
35,0.0,73.64054936503896,0.0,1,73.64053669797984,4.667144577168701
35,0.0,72.13893758935279,0.0,1,72.13901357703709,5.88895038818467
35,0.0,51.299812372168695,0.0,7,51.299807667841954,4.597569164468682
35,0.0,50.49516253818409,0.0,7,50.49515430152273,5.456931542563677
35,0.0,50.162360854177024,0.0,7,50.16235149560742,6.203074109088144
35,0.0,34.906878962847216,0.0,7,34.90687941319683,4.4544738264875505
35,0.0,31.118749203931994,0.0,29,31.118751857198866,4.292586958307371
35,0.0,30.6561659946613,0.0,29,30.65616887971349,4.800664107309347
35,0.0,30.404992331597313,0.0,29,30.404995351833996,5.267444947895735
35,0.0,30.226191314476615,0.0,29,30.22619441670536,5.643172087314895
35,0.0,23.421664092095106,0.0,29,23.42166461844247,4.549221866801407
35,0.0,22.42811084324391,0.0,29,22.428110782753578,4.608253034906495
35,0.0,20.708985571662332,0.0,29,20.708984969642657,4.606809615731432
35,0.0,20.09109567087264,0.0,29,20.091095028217318,4.762559456010351
35,0.0,18.496823316858922,0.0,29,18.496822833332644,4.522152932612377
35,0.0,17.059676922905442,0.0,29,17.05967675981909,4.421847476937282
35,0.0,16.41019309703424,0.0,29,16.410193076972742,4.578398147327999
35,0.0,15.4811490022294,0.0,29,15.481149159773873,4.616041760078353
35,0.0,14.746752003249675,0.0,29,14.746752220174065,4.641814477902466
35,0.0,13.84964594832624,0.0,29,13.849646164645213,4.448380024353421
35,0.0,12.937811327647196,0.0,29,12.937811391834364,4.47807513040533
35,0.0,12.44467302059423,0.0,65,12.444672933527032,4.48723844818856
35,0.0,11.983112770306878,0.0,65,11.983112497363122,4.543198774599416
35,0.0,11.259821334965967,0.0,53,11.259820703296738,4.525116549413923
35,0.0,10.678744419354643,0.0,53,10.678743443827004,4.494769602327109
35,0.0,10.285135105555362,0.0,53,10.285133898282373,4.516649529061951
35,0.0,9.883096273387878,0.0,53,9.883094828107133,4.551699597133107
35,0.0,9.317592630417524,0.0,53,9.317590912888953,4.465471623359546
35,0.0,8.708899238512267,0.0,65,8.708897340729319,4.346048202463788
35,0.0,8.477053047376003,0.0,29,8.477051121325214,4.442388865462526
35,0.0,8.37993479597201,0.0,29,8.379932873073443,4.520337926460966
35,0.0,8.268005157114267,0.0,29,8.268003241050096,4.638697479520603
35,0.0,8.14940687650888,0.0,29,8.149404971208323,4.795119907557316
35,0.26709669518727375,7.968697894608569,0.0,29,7.968697770430059,5.015460459448221
35,0.0,7.9638411259867485,0.0,29,7.963839256678487,5.089253783340229
35,0.04617178387836909,5.971214576850436,1.2941982298037498,29,7.265415878285252,4.950378798254329
35,0.0,5.887627234032711,0.0,29,5.887627019483777,4.1592793991614005
35,0.0,5.812384127710879,0.0,29,5.812383996651766,4.232677756481957
35,0.0,7.502901969271825,0.0,29,7.502900292756032,5.845141731331632
35,0.0,5.648029325968257,0.0,99,5.648029370042336,4.4877966427227385
35,0.0,5.417035987083768,0.0,99,5.417036271805921,4.535508708129385
35,0.0,5.31042140689891,0.0,99,5.3104217890522625,4.580862194748546
35,0.0,4.802413194191758,0.0,99,4.80241396819035,4.452870584315379
35,0.0,4.704278055889649,0.0,99,4.704278882938007,4.556563637217462
35,0.0,4.5912264429488205,0.0,99,4.5912273154638745,4.612105983953258
35,0.0,4.352813827158069,0.0,99,4.352814748498167,4.617183928300223
35,0.0,4.140179469672817,0.0,99,4.140180375637683,4.557283657134214
35,0.0,3.981725451610946,0.0,99,3.9817263013959137,4.552384207295503
35,0.0,3.8372254048112566,0.0,99,3.837226178044805,4.574506823553351
35,0.0,3.6830654704190167,0.0,99,3.683066112460301,4.546405159144786
35,0.0,3.4055028777504535,0.0,99,3.40550320526026,4.536614545479351
35,0.0,3.3537385972020886,0.0,99,3.3537388504516255,4.6033300615059165
35,0.0,3.0195867273902346,0.0,93,3.019586408926793,4.492988347109296
35,0.0,2.889785200250751,0.0,93,2.8897846239043012,4.516379758952887
35,0.0,2.8413635058804467,0.0,93,2.841362825062065,4.700221161691674
35,0.0,2.4984697816016297,0.0,92,2.4984683225402655,4.445851296409604
35,0.0,2.469349110627593,0.0,92,2.469347577648552,4.496217820281821
35,0.0,2.325639891195011,0.0,92,2.3256380230106384,4.584696546796234
35,0.0,2.1935529819899533,0.0,92,2.193550799160917,4.567070127793656
35,0.0,1.9845223748751737,0.0,92,1.9845197300670812,4.552038611545482
35,0.0,1.81745807351997,0.0,92,1.8174551125244758,4.516934231255119
35,0.0,1.686242765078315,0.0,92,1.68623960342976,4.5538138896140214
35,0.0,1.6745755112323888,0.0,92,1.674572337486218,4.559749436201798
35,0.0,1.5530798028620618,0.0,86,1.5530764955131442,4.617210167338186
35,0.0,1.3137236297704413,0.0,86,1.3137202582940262,4.570215359844298
35,0.0,1.1992844292319338,0.0,86,1.1992811492303979,4.5463067627524225
35,0.0,1.0808333868621955,0.0,86,1.080830289972111,4.628672483922305
35,0.0,1.0236073827759373,0.0,13,1.0236044102764605,4.666027897469549
35,0.0,0.8569578139295542,0.0,13,0.8569553847193863,4.72018043831952
35,0.0,0.7636269661154271,0.0,13,0.7636249556732935,4.699308664621439
35,0.0,0.5954579688004391,0.0,13,0.5954569729161996,4.523430464654117
35,0.0,0.44918922783082316,0.0,109,0.4491894078291132,4.440892808735475
35,0.0,0.3821475380471475,0.0,109,0.3821483612816916,4.517173144600788
35,0.0,0.31908936947685174,0.0,109,0.31909085890513467,4.627181001764372
35,0.0,0.15144596955399514,0.0,109,0.15144953920314208,4.5880917402085295
35,0.03731028398443397,0.025583320241916414,0.0,122,0.025588750242393488,4.467052439084229
35,0.42247967704524686,0.0,0.0,122,5.4476967417116384e-06,4.944810080322295
35,0.9073064127976662,0.0,0.0,122,4.993128815300452e-06,5.208856281354459
35,1.465500482488198,0.0,0.0,122,4.574343686059024e-06,6.019612172387152
35,1.524660946359431,0.0,0.0,122,4.5388302432058936e-06,6.1617421360262306
35,2.762308311062707,0.0,0.0,122,3.890430193109751e-06,7.116447460830483
35,2.8643268134953397,0.0,0.0,122,3.842381374852266e-06,7.313261651088796
35,3.3748265976056917,0.0,0.0,122,3.6660780562414175e-06,8.286272847878685
35,4.348871778609616,0.0,0.0,122,3.4397368366967385e-06,9.418974829715323
35,5.148989149962824,0.0,0.0,120,3.320101701120848e-06,10.428105443264169
35,6.384806887670447,0.0,0.0,120,3.2324991128263036e-06,11.312081197109165
35,7.568975716042514,0.0,0.0,120,3.2314009725809e-06,12.580075801692354
35,11.911953895291049,0.0,0.0,120,3.3319740495585393e-06,16.61260103731144
35,12.42866279571011,0.0,0.0,120,3.3266491037409196e-06,16.94973280950067
35,16.864848611231732,0.0,0.0,120,2.9340950256084852e-06,20.399324665966237
35,61.46178744538368,0.0,0.0,120,4.128995994889806e-06,26.171617023656246
35,22.170286984714103,0.0,0.0,120,1.9140677203211e-06,33.28769721986784
35,50.790679002887515,0.0,0.0,120,1.7677871433363634e-06,50.42985185846526
35,71.92975806529272,0.0,0.0,120,-4.39213765623947e-06,75.4658443348971
36,0.0,99.9617006266485,0.0,3,99.96170912392837,4.5005394526027125
36,0.0,89.68578423802802,0.0,3,89.68568067344373,5.327420231157234
36,0.0,72.70117901177626,0.0,3,72.70122304574146,5.110699072739244
36,0.0,71.94872117429254,0.0,3,71.94880616359092,6.240175700976648
36,0.0,50.57021972927635,0.0,2,50.570214353506955,4.663934661597317
36,0.0,49.84185615622077,0.0,2,49.84184924471191,5.4182609708535825
36,0.0,49.44000401287185,0.0,0,49.439996530160485,6.107329268379351
36,0.0,35.046308984137795,0.0,0,35.04630925821643,4.5163503575184905
36,0.0,31.513291651989938,0.0,0,31.513294044842326,4.474637060698088
36,0.0,30.57534510203204,0.0,0,30.575348030694897,4.836520652975471
36,0.0,30.355406534106276,0.0,0,30.35540958238844,5.187644685513568
36,0.0,30.173483763723397,0.0,0,30.173486912869613,5.522944096733875
36,0.0,29.97315161586185,0.0,21,29.97315485317126,5.919435906969603
36,0.0,21.89159879729228,0.0,21,21.89159851125749,4.571239186803654
36,0.0,20.66041922318918,0.0,54,20.660418634077644,4.625366405437671
36,0.0,19.538561162714757,0.0,54,19.538560535385372,4.7200380556518
36,0.0,18.19171980133694,0.0,54,18.191719382534536,4.472307838558111
36,0.0,16.819789277693236,0.0,54,16.819789168515456,4.420734567766818
36,0.0,16.214765832258898,0.0,54,16.21476585467084,4.634767034663016
36,0.0,15.394764327919924,0.0,54,15.394764492967763,4.619413194560131
36,0.0,13.989552806340228,0.0,54,13.98955302656249,4.432419263515296
36,0.0,13.541419444876832,0.0,67,13.54141962819157,4.537790393664903
36,0.0,12.682954655725927,0.0,67,12.682954649117818,4.455119514885272
36,0.0,12.345005428403475,0.0,67,12.34500530826951,4.50535668379772
36,0.0,11.70338278550583,0.0,67,11.703382388030704,4.539015185755439
36,0.0,7.143935351292405,0.0,67,7.143933911467623,2.5016172496939664
36,0.0,6.928688056675866,0.0,67,6.928686786180046,2.58780173030142
36,0.08106855941953359,6.840569767660212,0.0,79,6.840569056805978,2.70108936325515
36,0.10431931627910092,6.8042323560430065,0.0,79,6.804231805453131,2.768397108394753
36,0.15901611474937138,6.718749543928023,0.0,79,6.718749388399193,2.967145445236561
36,0.2583642178407036,0.06853636386268518,2.5311990386923333,79,2.599730485052765,0.6412969839744438
36,0.5308900002737831,0.01619545216084825,2.350098236693062,79,2.36628845464994,0.6648556719067731
36,0.0,6.581976947703335,0.0,79,6.581976000466974,3.35397731781684
36,0.2851580956234131,6.521608732172317,0.0,79,6.521609437637959,3.607855612211379
36,0.30374228976119577,6.492564451332883,0.0,79,6.4925652808994645,3.7175836875288315
36,0.0,6.424752914527993,0.0,102,6.424752134911207,3.8720340275396534
36,0.0,6.375200190110713,0.0,102,6.375199460822928,4.038203164139199
36,0.4579978874429673,0.08040006905904024,2.363532294814292,91,2.4439271442172448,1.2906391654612914
36,0.0,6.273176598238764,0.0,91,6.273175972280622,4.3585258364584245
36,0.47995115341188355,0.08170469405577196,2.3450943598215113,91,2.4267937974030573,1.4885673208977401
36,0.3146055297306497,0.19253285181440655,2.3838418947870337,111,2.576369577857866,1.784249304456079
36,0.35223842572531977,0.19196065056610867,2.3573340009792365,111,2.5492894354829936,1.880821499033221
36,0.3860100546824681,0.19144715917153013,2.3335459099899274,111,2.5249878194680786,2.0412277292684475
36,0.3929722909168194,0.19134129965264524,2.3286418436435286,111,2.5199778937675887,2.0817731846030725
36,0.5434126772359984,0.08547604590969904,2.291794798267955,91,2.377265480548907,2.1253994021742706
36,0.0,4.669239982787871,0.0,102,4.669240842509989,4.582208176589873
36,0.0,4.5304108802411145,0.0,102,4.53041179135798,4.622860593141706
36,0.0,4.311412983787571,0.0,102,4.311413925635723,4.606937330827309
36,0.0,4.036727938687563,0.0,104,4.036728829518153,4.54741943329133
36,0.0,3.904602918895557,0.0,104,3.9046037528892032,4.56632312717363
36,0.0,3.676977585650672,0.0,104,3.676978249625577,4.543980621433695
36,0.0,3.468219832982318,0.0,104,3.468220267143977,4.504261890808907
36,0.24750264542597408,0.4349032094759815,2.1593169199853457,126,2.594214766632202,3.525190556972733
36,0.2001467538645701,0.450108231846053,2.13759013433772,126,2.5876929178441745,3.7875725298674663
36,0.6063646725079406,0.14965807043934254,2.2005636231904733,126,2.350216200353083,3.566826214077528
36,0.15437457483074213,0.4648047560416506,2.1165899527403944,126,2.5813891612593522,4.1639119956064015
36,0.45604620549416774,0.17272171197968275,1.7342184340090567,127,1.9069332787913407,3.339460516989071
36,0.4904427560107366,0.17314452077682008,1.736603106961581,127,1.9097407994037443,3.5886155924788845
36,0.510482084717929,0.1733908479328541,1.737992410378264,127,1.9113764415239647,3.739964493410982
36,0.5437285041690696,0.17379951910499647,1.740297346078,127,1.9140900800297889,3.99470179281745
36,0.0,2.0789956355880603,0.0,62,2.0789932006892897,4.564344780875587
36,0.0,1.9557907873988978,0.0,62,1.955788087075101,4.548503353489199
36,0.0,1.774510767250853,0.0,62,1.774507729026146,4.518919939769351
36,0.0,1.6701155564676051,0.0,62,1.6701123547224377,4.558605517651449
36,0.0,1.5524799677653882,0.0,55,1.5524766396581136,4.615980701080884
36,0.0,1.4196036700404062,0.0,55,1.4196002674189874,4.628508948055623
36,0.18319979963174743,0.0,0.8174793055484217,55,0.8174736771413542,3.5827562814285834
36,0.26251915351418453,0.35665820317281827,0.5339709065950083,55,0.8906232733049801,4.0178912638890765
36,0.0,1.1107951033156342,0.0,55,1.110791882223209,4.602474622684886
36,0.0,1.0170529310290806,0.0,61,1.0170498917831754,4.688558685379611
36,0.23773508188505146,0.013122802002426721,0.6045585768011993,61,0.6176772310618581,4.056236075061509
36,0.0,0.8774055623955918,0.0,61,0.8774029514962436,4.881388297966451
36,0.004583725096477778,0.00048632605824578713,0.690535007479043,61,0.6910166161686355,4.9110373192192025
36,0.0,0.45172808479594095,0.0,61,0.4517280759675355,4.645138363789334
36,0.0,0.39050057634065216,0.0,62,0.3905011420157791,4.6281899837733125
36,0.0,0.1984226078653395,0.0,62,0.1984253365607067,4.632164823133822
36,0.0,0.07515030308561932,0.0,62,0.07515475430848362,4.574698207929806
36,0.03245189473283713,0.0,0.0,160,5.612198760829301e-06,4.461306754545019
36,0.18137563396216014,0.0,0.0,160,5.450438466780838e-06,4.746264698283477
36,0.8242451738853678,0.0,0.0,160,4.86651519260306e-06,5.204272281390722
36,1.4043824183765423,0.0,0.0,160,4.447326357848169e-06,5.7809624956162065
36,1.5476566299237797,0.0,0.0,170,4.360415310600274e-06,6.252761619682827
36,2.7504159066707112,0.0,0.0,170,3.7842578528568538e-06,6.6932966604632975
36,3.2008533001337907,0.0,0.0,170,3.63555073690236e-06,7.631689579017844
36,3.4506305247771456,0.0,0.0,170,3.5709457577581816e-06,8.104051950733972
36,4.1165874022809135,0.0,0.0,170,3.4308306080532702e-06,8.947899179730381
36,4.817447021547563,0.0,0.0,170,3.3201264226789817e-06,10.030170639360069
36,6.280591174712017,0.0,0.0,170,3.2241277185818262e-06,11.212559019713023
36,7.757076335715466,0.0,0.0,170,3.236024287645023e-06,12.751872619685171
36,9.656743794572511,0.0,0.0,170,3.296168053168458e-06,14.627341813067112
36,12.667527999018949,0.0,0.0,170,3.3336752931489855e-06,17.049648653577723
36,87.81571378094168,0.0,0.0,185,8.242785062329006e-05,20.191076671412812
36,86.61203543332743,0.0,0.0,185,6.326396465716755e-05,24.730077453897156
36,63.216403317884115,0.0,0.0,185,3.790867058484082e-06,31.92293254909397
36,36.34905871841727,0.0,0.0,185,-4.200227614603591e-07,42.78065034447127
36,82.46313168020778,0.0,0.0,185,1.8512871486464633e-05,67.07642602820941
37,0.0,99.82765356396878,0.0,8,99.82769921780071,4.501925783467046
37,0.0,90.04874197112488,0.0,8,90.04867820799159,4.888158219386128
37,0.0,73.44675426458733,0.0,8,73.44675388520328,4.645871338150368
37,0.0,72.14479106593917,0.0,8,72.14486694862603,5.875643987943697
37,0.0,50.76925356291342,0.0,8,50.76924884816628,4.5561568667062335
37,0.0,53.74339222457309,0.0,8,53.74340661548576,5.739972687198099
37,0.0,49.40114008112355,0.0,14,49.40113279683641,5.722102738462219
37,0.0,35.38893216262142,0.0,14,35.388932209571834,4.565591136425654
37,0.0,32.81556701872428,0.0,14,32.81556857390859,4.711179816839866
37,0.0,30.355709658679576,0.0,14,30.355712680366523,4.699004279284388
37,0.0,30.14698676067352,0.0,14,30.14698988580505,4.835521122185739
37,0.0,29.539908630147394,0.0,14,29.539912028185725,5.392336006285614
37,0.0,39.710823117730065,0.0,14,39.71081983266425,8.634868753448682
37,0.0,21.702230249594834,0.0,14,21.70222990765469,4.571028244085543
37,0.0,20.52785453256778,0.0,14,20.527853927929257,4.6350751384762905
37,0.0,19.318042874745,0.0,14,19.318042277786176,4.678150336558753
37,0.0,17.840275341617907,0.0,14,17.840275003270353,4.510708045978621
37,0.0,16.663288596538383,0.0,14,16.663288529685637,4.470353529443896
37,0.0,16.23979523622836,0.0,14,16.239795247768328,4.630005788798741
37,0.0,15.306559195528969,0.0,14,15.306559365446482,4.624092827550744
37,0.0,14.094302962006278,0.0,14,14.094303199097533,4.442732349217307
37,0.0,13.676403051898644,0.0,14,13.676403259835194,4.494528455312093
37,0.0,12.934391464281392,0.0,14,12.934391535000184,4.477422035219174
37,0.0,12.284890161341478,0.0,14,12.284890035939616,4.514564392816094
37,0.0,11.635957724961688,0.0,14,11.635957309001101,4.536950880888419
37,0.0,11.603657468074758,0.0,14,11.603657040489576,4.5360452094514
37,0.0,6.984510090520285,0.0,72,6.984508803900986,2.528728342464561
37,0.0,6.865122709163801,0.0,72,6.865121525256952,2.6677875008983687
37,0.0,6.807647238674296,0.0,72,6.807646108912171,2.7688188883129836
37,0.0,6.730449928400067,0.0,72,6.730448874038935,2.9373326453193442
37,0.0,6.658995359479131,0.0,72,6.658994371023967,3.123709871782969
37,0.0,6.629067703832675,0.0,72,6.629066745076533,3.209392983478473
37,0.0,6.548125460132642,0.0,61,6.548124581096264,3.459399155509592
37,0.0,6.498619195571126,0.0,61,6.49861836551997,3.622095584262107
37,0.0,6.4520547243987645,0.0,61,6.452053940834068,3.778840482483597
37,0.0,6.41606326422899,0.0,61,6.416062520321678,3.9006802044820237
37,0.0,6.351767642022366,0.0,79,6.351766973160935,4.114870572763824
37,0.0,6.317028811113161,0.0,79,6.317028174863093,4.226003590544915
37,0.0,6.278890638369439,0.0,79,6.278890038126219,4.34178998824909
37,0.0,6.202305989872626,0.0,79,6.202305467395915,4.5447950233828145
37,0.0,5.668804216327645,0.0,80,5.668804282097437,4.449437366923538
37,0.0,5.550058976899247,0.0,72,5.550059166127672,4.578318959084516
37,0.0,5.327503259013228,0.0,72,5.327503671492594,4.554519732388922
37,0.0,5.288392465852793,0.0,72,5.288392912766665,4.589854321421813
37,0.0,4.783729273466066,0.0,72,4.783730095199172,4.471948699961084
37,0.0,4.664955655302454,0.0,72,4.664956527925186,4.584678268018447
37,0.0,4.491608364770617,0.0,72,4.491609286440613,4.626843123751801
37,0.0,4.265305542870163,0.0,72,4.265306484375123,4.592826768262357
37,0.0,4.052256993610187,0.0,72,4.052257882227272,4.547088356708988
37,0.0,3.882058857765648,0.0,72,3.882059648920354,4.570469030894644
37,0.0,3.69259611600023,0.0,72,3.692596752250303,4.550728453414026
37,0.0,3.4768245673297447,0.0,72,3.4768249526739083,4.502134989690319
37,0.0,3.4065358833553563,0.0,61,3.406536170653343,4.535686420913164
37,0.0,3.158848204539005,0.0,61,3.158848084533723,4.486650615451195
37,0.0,3.0335077757903948,0.0,61,3.0335074078238975,4.510181609978147
37,0.0,2.8713921216844724,0.0,61,2.871391410770812,4.4414903855775325
37,0.0,2.843590479001426,0.0,61,2.8435897080004864,4.66663681400979
37,0.0,2.5028412089671823,0.0,61,2.5028396193626286,4.440856006155553
37,0.0,0.9174184515367917,3.82130984763313,61,4.738728435542399,7.832279080720183
37,0.0,2.3100396073654608,0.0,61,2.310037538364906,4.577477889193254
37,0.0,2.169191942073963,0.0,80,2.1691895153374663,4.570647277721365
37,0.0,2.026833177084782,0.0,80,2.026830429870678,4.5552284100529885
37,0.12243716966319758,0.7410334862762576,0.9540537445346097,167,1.6950809778536637,4.319632994043577
37,0.9947029680069772,0.7704047839877296,0.7395365081951014,167,1.5099357423627993,4.253014880221423
37,0.6895112555753492,0.7601282413766086,0.8145926239213678,167,1.5747150793612796,4.583072839877984
37,0.9234320984799659,0.82754517271735,0.4062408419173813,170,1.2337809240519455,4.0857669515019115
37,0.8022483864912056,0.7107092838583516,0.49015298403814156,170,1.2008568646093885,4.418788566327681
37,0.7993890370553692,0.7079525220179039,0.4921329047081328,170,1.200080005289033,4.433850250799768
37,0.0,1.140150264074008,0.0,183,1.1401468045930887,4.578843184036213
37,0.0716402784664963,0.6858640377126776,0.2826701102066389,183,0.9685294747697668,4.654704619762333
37,0.1496072288320573,0.3983601122174106,0.1399540545365246,183,0.5383125602237335,3.7944392346429616
37,0.14139885554430362,0.3671019908320205,0.06119506995846755,183,0.4282968245381422,3.8572931340470813
37,0.13744067591203757,0.3412143259258514,0.02202887107268531,183,0.36324383245149683,3.9697858441354743
37,1.2102434740037062,0.9995758868608894,2.00955824895958e-07,203,0.9995735170561968,5.991785437927803
37,0.09022976133030577,0.25667327685841995,0.0,203,0.2566752675649191,4.325820262036437
37,1.3416447102346833,0.8302626821367515,2.00955824895958e-07,203,0.8302606750534771,6.132849356005069
37,0.08150776227288652,0.018629402130216494,0.15752216161383747,224,0.176154039040485,4.561796995241886
37,0.03528669868140116,0.0,0.0,224,5.778797758537735e-06,4.460250777896906
37,1.0612262167147195,0.0,0.0,224,4.794816099717991e-06,5.017581371363633
37,1.3113264982784893,0.0,0.0,224,4.60426260140423e-06,5.480648009524007
37,1.3667611810575908,0.0,0.0,224,4.564713762533756e-06,5.669122825337267
37,2.2642145486257563,0.0,0.0,224,4.031621557487597e-06,6.429881660861894
37,3.0688094349303556,0.0,0.0,224,3.7016665714872943e-06,7.09711469670107
37,3.7186827244606513,0.0,0.0,224,3.5104593738566336e-06,7.867107890072613
37,4.501027133172866,0.0,0.0,224,3.3509566179645844e-06,8.789714154715718
37,4.549162451017011,0.0,0.0,224,3.3481783940914056e-06,8.85472701278312
37,5.293333440137318,0.0,0.0,224,3.2574775428173552e-06,9.965184746503105
37,6.154022395706341,0.0,0.0,224,3.2071426563362593e-06,11.177246446781755
37,8.474833241826758,0.0,0.0,247,3.227243926318124e-06,13.434571457461299
37,95.2304470535505,0.0,0.0,247,0.00027845497043976764,14.40742828826935
37,19.05645646375375,0.0,0.0,247,2.601980046534891e-06,16.8060521343091
37,25.895180302397907,0.0,0.0,247,1.1494590399507842e-06,20.161507433651217
37,86.64563712340204,0.0,0.0,247,6.32896738856914e-05,24.383733821572676
37,63.30823571422396,0.0,0.0,247,3.7274877158210984e-06,32.301550415716775
37,36.09278019942611,0.0,0.0,247,-4.019340629213275e-07,42.43263267713898
37,67.23408809901278,0.0,0.0,247,1.058594765623866e-06,70.75645245653816
38,0.0,99.8852469824955,0.0,0,99.88527763074256,4.498234767381643
38,0.0,90.167023953015,0.0,0,90.16697287453607,4.779259477371397
38,0.0,72.64893516361313,0.0,0,72.64898381621234,5.149472565602899
38,0.0,71.85537440608041,0.0,0,71.85546713540404,6.333057865829921
38,0.0,50.352252160789355,0.0,0,50.35224658375647,4.690865902568412
38,0.0,49.54956675162655,0.0,0,49.54955992454015,5.481185135374558
38,0.0,49.040821127745524,0.0,0,49.0408138638515,6.257398885790712
38,0.0,35.05635753416221,0.0,0,35.05635775969607,4.5576110444643945
38,0.0,33.389039280458135,0.0,0,33.38904043751684,4.797387677345755
38,0.0,30.487796146289526,0.0,0,30.487799021029808,4.741127076569493
38,0.0,30.291534288026057,0.0,0,30.291537272697543,4.929151695793037
38,0.0,29.762326567074503,0.0,0,29.762329810561088,5.600484939985192
38,0.0,29.571968117089963,0.0,0,29.571971432861904,5.8744570601071535
38,0.0,22.278326950801713,0.0,34,22.27832685531989,4.515213304453514
38,0.0,21.275808055656448,0.0,34,21.275807597009184,4.606780553337138
38,0.0,20.05081333203386,0.0,34,20.050812717919527,4.668736999871603
38,0.0,18.326243260247693,0.0,34,18.326242831979457,4.485244897774908
38,0.0,16.91266312238816,0.0,55,16.91266299774266,4.408539404716247
38,0.0,16.559760121691113,0.0,55,16.559760066927478,4.514653639517434
38,0.0,15.908404168706735,0.0,55,15.908404244488683,4.640726544136603
38,0.0,14.887175462764777,0.0,57,14.887175658683507,4.649632922887406
38,0.0,13.847308605164097,0.0,57,13.847308809113656,4.446698957514137
38,0.0,13.209413543042958,0.0,59,13.209413669776993,4.556173438688218
38,0.0,12.541924050095298,0.0,59,12.541924018090393,4.47215341053551
38,0.0,11.957542343476835,0.0,59,11.957542115444715,4.5427529870829595
38,0.0,11.353605038568693,0.0,59,11.353604545975855,4.533264541642607
38,0.0,10.88103029580254,0.0,59,10.881029552022289,4.534399187359417
38,0.0,10.418712880693601,0.0,57,10.418711892741296,4.530805179245087
38,0.0,9.87239081044707,0.0,57,9.872389550414777,4.49804533868436
38,0.0,9.460668741245822,0.0,57,9.46066729722566,4.520651099205438
38,0.0,9.158696713368327,0.0,57,9.158695162883323,4.586425572054843
38,0.0,8.898122321587191,0.0,63,8.898120701591893,4.649949750445241
38,0.0,8.623630632459971,0.0,63,8.623628970003004,4.6843335499912335
38,0.0,7.5747398713727705,0.0,63,7.5747384092606715,4.414585353702504
38,0.2247158598544208,7.3174536032701365,0.0,63,7.317453615592545,4.403764941193767
38,0.0,7.259505913441027,0.0,63,7.259504623659404,4.4725258918773605
38,0.0,7.09665620295346,0.0,63,7.09665502235737,4.552145568653939
38,0.0,6.519505222108579,0.0,63,6.519504536422987,4.525137943817642
38,0.0,6.343160319259781,0.0,63,6.3431598049581845,4.431939873118539
38,0.0,6.1908802968594845,0.0,63,6.190879937712155,4.5283394934014485
38,0.0,6.082475318295513,0.0,60,6.0824750669782315,4.653858204836515
38,0.0,5.548515266285378,0.0,60,5.548515557398047,4.580059678403412
38,0.0,5.305781347258323,0.0,60,5.305781857098568,4.570180654951898
38,0.0,5.28173487197258,0.0,60,5.281735403520853,4.596069386750559
38,0.0,4.785743892777672,0.0,60,4.785744769666344,4.469729170699301
38,0.0,4.677734074427778,0.0,60,4.677734998155219,4.576939870148401
38,0.0,4.521338148804757,0.0,60,4.5213391168738095,4.623983155556012
38,0.0,4.322747324231282,0.0,60,4.322748309959023,4.609949047332755
38,0.0,4.045360413784113,0.0,57,4.045361344735074,4.547148863568827
38,0.0,3.8805322505829327,0.0,57,3.880533091495457,4.570686615877577
38,0.0,3.6992596749584106,0.0,59,3.6992603732396336,4.553411664272209
38,0.0,3.480488727097164,0.0,59,3.480489177989929,4.501320532176486
38,0.0,3.4015792919449783,0.0,59,3.4015796350086465,4.540243724331763
38,0.0,3.1433192678300137,0.0,59,3.1433191808022602,4.485808943042558
38,0.0,3.020855673628453,0.0,59,3.0208553509523473,4.494203666703003
38,0.0,2.8715111047506543,0.0,59,2.8715104668838585,4.4414381473357185
38,0.0,2.8484386655918237,0.0,59,2.8484379797266666,4.60000575593347
38,0.0,2.4961163776320183,0.0,59,2.4961148454334765,4.448501825542081
38,0.0,2.469100786320308,0.0,60,2.46909918206946,4.496731766611303
38,0.0,2.310761592102453,0.0,60,2.3107595878872917,4.57778779792614
38,0.0,2.1866045758774293,0.0,60,2.1866022680394543,4.5681520380328955
38,0.0,2.0350024532339277,0.0,60,2.0349997802425417,4.55622377054917
38,0.0,1.8948309456098849,0.0,60,1.8948279615548778,4.533192320110121
38,0.0,1.6744023954828129,0.0,60,1.674399021835919,4.546163194407006
38,0.0,1.570767365393941,0.0,61,1.570763850211696,4.603863196575752
38,0.0,1.4494818956420241,0.0,61,1.449478277469515,4.634922514909727
38,0.0,1.3453310801608804,0.0,61,1.345327429788643,4.590008595379027
38,0.0,1.172003436318822,0.0,61,1.1719998887180747,4.559598434459133
38,0.0,1.1489822199754418,0.0,61,1.1489786996140232,4.574887728092019
38,0.0,1.0430757127289692,0.0,61,1.0430723764913772,4.655909665004856
38,0.0,0.8532683440242633,0.0,61,0.853265567129931,4.709647897661201
38,0.0,0.757364396055546,0.0,61,0.7573620475913341,4.68743266720603
38,0.0,0.6036329299470927,0.0,61,0.6036314825349862,4.6243293842083215
38,0.0,0.4796185272236478,0.0,76,0.4796180308114941,4.623693182667001
38,0.0,0.39020495859384413,0.0,76,0.390205283048056,4.696803172651714
38,0.0,0.3678204143190769,0.0,76,0.36782096552203747,4.717143210996884
38,0.0,0.1456893573568721,0.0,76,0.14569260235253623,4.596296284995869
38,0.126457770400408,0.0,0.0,97,5.36760961367122e-06,4.4906336418695805
38,0.5852366689709856,0.0,0.0,97,4.9296150450572895e-06,4.8805365412537185
38,0.7815967489628262,0.0,0.0,97,4.767346947431861e-06,5.448290843006816
38,0.7929037366116678,0.0,0.0,97,4.756679921058549e-06,5.486773876432274
38,1.0210928498572593,0.0,0.0,97,4.5798658767637335e-06,5.987123545431342
38,2.3253828328554564,0.0,0.0,97,3.836406461843467e-06,7.073166626739836
38,2.42393086133937,0.0,0.0,97,3.7898594378305006e-06,7.221572739765503
38,3.391313852092788,0.0,0.0,97,3.475667023522533e-06,8.66388868421336
38,3.564804031299336,0.0,0.0,97,3.433968648991481e-06,8.79702561930332
38,4.891167615975093,0.0,0.0,108,3.226769742070701e-06,9.761765250568018
38,6.135594527341381,0.0,0.0,108,3.1672929878823197e-06,11.12653722805106
38,7.706111547110128,0.0,0.0,108,3.1815156908976405e-06,12.692912217348358
38,9.993817143021221,0.0,0.0,108,3.3030551431778576e-06,15.061611867827912
38,24.570353541515246,0.0,0.0,108,1.4149914715488876e-06,17.65726908454752
38,87.27227800941183,0.0,0.0,108,7.188007481495617e-05,21.567081678266156
38,28.195460574173847,0.0,0.0,108,6.725017875908179e-07,28.097667867095975
38,58.00755861370849,0.0,0.0,108,4.146073470323586e-06,37.301876693032376
38,52.65200070972842,0.0,0.0,108,2.357568712696434e-06,56.44021756902825
39,0.0,99.72842615755582,0.0,6,99.72850003943707,4.519730267818263
39,0.0,89.63200501300948,0.0,6,89.63189048490294,5.371494198353078
39,0.0,72.5610468885255,0.0,6,72.56110106973892,5.257432049554916
39,0.0,71.89285163811945,0.0,6,71.89294304920685,6.275303869936361
39,0.0,50.37907383249481,0.0,21,50.379068329268044,4.689400512714702
39,0.0,49.64074705579799,0.0,21,49.640740360984736,5.405219343280983
39,0.0,49.051162665015504,0.0,21,49.051155428591855,6.317326648733773
39,0.0,34.449852835539204,0.0,21,34.449853455394546,4.545597665873075
39,0.0,31.43314078028048,0.0,21,31.433142289945042,4.553330294388594
39,0.0,29.306580144256365,0.0,21,29.306581862777893,4.623625624586126
39,0.0,28.656102878755362,0.0,21,28.65610457209679,4.959317200631219
39,0.0,28.059175536636282,0.0,21,28.05917716121539,5.4141322611814395
39,0.0,27.820322055569335,0.0,21,27.8203236262664,5.605343875995514
39,0.0,21.545447194298887,0.0,44,21.545446753198554,4.5803534430138
39,0.0,20.46809892908516,0.0,44,20.468098418422933,4.643225150507073
39,0.0,19.00730197953094,0.0,45,19.007301540578354,4.639745266855346
39,0.0,17.94670286392005,0.0,45,17.94670258108159,4.489539138448908
39,0.0,16.6539420744723,0.0,45,16.653942015984235,4.474108606700005
39,0.0,15.997292343539524,0.0,45,15.997292390815765,4.646788321298455
39,0.0,15.298078953997548,0.0,45,15.298079088630429,4.625996738613802
39,0.0,13.895411960716727,0.0,45,13.895412143931544,4.438574930419344
39,0.0,13.488651535367676,0.0,45,13.488651697070319,4.55057797998138
39,0.0,12.66657363715594,0.0,46,12.666573638867423,4.456443382315204
39,0.0,12.25682154494173,0.0,46,12.25682143227619,4.517458496353571
39,0.0,11.520497157271322,0.0,46,11.520496746536617,4.538148876552752
39,0.0,11.021182757624178,0.0,46,11.021182109471564,4.530284880193284
39,0.0,10.455361466083387,0.0,46,10.455360525298047,4.529593925474714
39,0.0,10.214084469006062,0.0,48,10.214083393103829,4.519707028150799
39,0.0,9.55070659044735,0.0,48,9.550705195752046,4.510129511684072
39,0.0,9.232791015245418,0.0,48,9.232789501970242,4.556759904702092
39,0.0,8.945076209648612,0.0,48,8.945074605293065,4.616143061779489
39,0.0,8.859641349371799,0.0,48,8.859639729855541,4.631909234440705
39,0.0,8.402072228466945,0.0,48,8.402070559186686,4.65440722989959
39,0.0,7.578911108050354,0.0,46,7.578909629413338,4.47072631573756
39,0.0,7.47591048674506,0.0,46,7.475909057763675,4.467782234575486
39,0.0,7.123950675353094,0.0,46,7.123949464071782,4.550590688165693
39,0.0,6.947098817417427,0.0,46,6.947097732129909,4.625288283760957
39,0.0,6.456114641854812,0.0,46,6.456114000783499,4.476869354468674
39,0.0,6.215201075440399,0.0,46,6.2152006681561875,4.501655784742839
39,0.0,6.148556172724081,0.0,46,6.148555831190041,4.578847038015548
39,0.0,5.748074368112252,0.0,46,5.748074435396748,4.432344478626291
39,0.0,5.5818947463357915,0.0,52,5.581894983401821,4.552244883615032
39,0.0,5.4394261962493085,0.0,52,5.439426569134167,4.567150409959353
39,0.0,5.191719475714218,0.0,52,5.191720073265178,4.73197402426646
39,0.0,4.780297040103477,0.0,52,4.780297914609562,4.475781342231082
39,0.0,4.638938632198286,0.0,52,4.63893956951266,4.597212895572792
39,0.0,4.441962159983356,0.0,52,4.441963155585712,4.628138248415658
39,0.0,4.196614167470725,0.0,52,4.196615166982563,4.570688964274325
39,0.0,4.037146769234293,0.0,44,4.037147719342402,4.547188634551867
39,0.0,3.8385592893626086,0.0,44,3.8385601338048554,4.576723696148269
39,0.0,3.637863316914472,0.0,44,3.6378639869834384,4.525845152579059
39,0.0,3.4199752151789045,0.0,44,3.4199756266835717,4.524540451884876
39,0.0,3.4069950181409596,0.0,44,3.4069954178294974,4.53449167759333
39,0.0,3.149811476788558,0.0,44,3.1498114566665016,4.484574447472616
39,0.0,3.0025206391763066,0.0,53,3.002520337949493,4.471395552494135
39,0.0,2.8893322207712986,0.0,53,2.8893316892041163,4.51345280231657
39,0.0,2.83229489776424,0.0,53,2.832294240344673,4.828363507488351
39,0.0,2.4796722046275783,0.0,53,2.4796706916521316,4.480849806313184
39,0.0,2.4510579498219887,0.0,49,2.4510563692473095,4.525465205696269
39,0.0,2.333539701724985,0.0,49,2.333537819046912,4.591322437593863
39,0.0,2.1736649849425804,0.0,49,2.1736626968917445,4.566320087640523
39,0.0,1.9424735729194564,0.0,49,1.9424707401331638,4.546401235638749
39,0.0,1.7696479585603497,0.0,49,1.7696447686085701,4.514422828575777
39,0.0,1.6506657942307323,0.0,52,1.650662401103773,4.560224195252173
39,0.0,1.6431779746700736,0.0,52,1.6431745841677419,4.564434362059485
39,0.0,1.4275369545768717,0.0,52,1.4275333260405194,4.630851263915719
39,0.0,1.2552655231366034,0.0,52,1.2552618927421335,4.5428204412757704
39,0.0,1.18575204576169,0.0,52,1.1857484459577794,4.552077204718692
39,0.0,1.1355318578196938,0.0,52,1.135528315418732,4.585415493610354
39,0.0,0.9451966567967596,0.0,52,0.9451935086668506,4.676893172503522
39,0.0,0.8201963227498665,0.0,52,0.8201936105314171,4.631381549493138
39,0.0,0.6839670157765848,0.0,53,0.6839649609839284,4.5617043480365655
39,0.0,0.553359514045279,0.0,53,0.5533583062556886,4.5603130317535445
39,0.0,0.5149151881578051,0.0,52,0.5149142649446574,4.581795747858312
39,0.0,0.385595866922972,0.0,52,0.38559608175988025,4.7141881024947345
39,0.011681800511821423,0.28473228909620585,0.0,111,0.2847335634546688,4.697886604493041
39,0.022919073862889897,0.16044948091671432,0.0,111,0.16045229700416463,4.52731778842872
39,0.011681800511821423,0.06286387506846869,0.0,111,0.06286811603772868,4.50810518661285
39,0.381269242250494,0.0,0.0,126,4.887459420288565e-06,4.737673056668875
39,0.46793645276488466,0.0,0.0,126,4.815727514539958e-06,5.1332244126030435
39,0.6484857190182005,0.0,0.0,126,4.667780459044479e-06,5.484568675381583
39,1.4965168578835688,0.0,0.0,126,4.090402665468673e-06,6.103023113695797
39,1.9081009914107785,0.0,0.0,126,3.874246255364255e-06,6.543045338858894
39,2.918461442681121,0.0,0.0,126,3.489647957266584e-06,7.250132296270425
39,3.329536413702906,0.0,0.0,126,3.386533343530118e-06,8.029494239445945
39,4.145334059596974,0.0,0.0,126,3.241148142762995e-06,8.899565084098917
39,4.809202615531151,0.0,0.0,126,3.163972296604811e-06,9.804852255450433
39,6.207771120191113,0.0,0.0,127,3.121061245892065e-06,11.174141015437206
39,7.496633755297993,0.0,0.0,127,3.1521237229270582e-06,12.491630321930453
39,9.603949559861075,0.0,0.0,127,3.2613227407551904e-06,14.561725875264845
39,12.218268241862068,0.0,0.0,127,3.3474650731335487e-06,16.744137054249595
39,16.437517785429918,0.0,0.0,127,3.0144240827922886e-06,20.279441685689147
39,27.18625141937951,0.0,0.0,127,8.653490031207411e-07,26.1344931554329
39,28.88179030701576,0.0,0.0,127,5.534433071829881e-07,31.91676417109803
39,35.54845531430671,0.0,0.0,127,-2.669903622631864e-07,41.74246335622645
39,55.13126689691369,0.0,0.0,127,1.8423759851060595e-06,64.53251889573279
40,0.0,99.52913223810941,0.0,3,99.52925874555399,4.596310059833849
40,0.0,89.804441778435,0.0,3,89.80434606523707,5.1456979057170535
40,0.0,72.54722282176257,0.0,3,72.54727847671943,5.273174167157061
40,0.0,71.78345961644719,0.0,3,71.78355789557439,6.462866428845158
40,0.0,50.292535141483974,0.0,3,50.29252959471026,4.726209948139141
40,0.0,49.67804885294675,0.0,3,49.678042381365515,5.312977510756614
40,0.0,49.172047952998255,0.0,11,49.17204102499939,6.043048771199639
40,0.0,34.1865604716863,0.0,11,34.186561184363754,4.520472497093943
40,0.0,31.593962968818058,0.0,11,31.59396441105428,4.590636166772127
40,0.0,29.39423233401509,0.0,32,29.394234021989696,4.691250041905642
40,0.0,28.77431817590732,0.0,32,28.774319856836534,5.125159121281278
40,0.0,28.311051141479993,0.0,32,28.311052772596952,5.531907714337633
40,0.0,22.67885871183106,0.0,32,22.67885849394989,4.559893657413827
40,0.0,21.44025949141354,0.0,32,21.44025905524742,4.592106557122969
40,0.0,20.313141328172712,0.0,32,20.31314083423302,4.652372709222609
40,0.0,18.471773207079657,0.0,32,18.47177284513169,4.51170331076106
40,0.0,17.567750175617658,0.0,34,17.56774995892038,4.55528253374194
40,0.0,16.538534739476102,0.0,34,16.538534685238904,4.524083103254547
40,0.0,16.24597947334494,0.0,34,16.245979468130063,4.628707884440194
40,0.0,15.058754179057754,0.0,34,15.058754311801335,4.644954677443096
40,0.0,13.853403305853204,0.0,54,13.8534034760483,4.445423606010104
40,0.0,13.354962362872232,0.0,54,13.354962502870666,4.568445852661661
40,0.0,12.587948892351172,0.0,54,12.587948924151107,4.465345599313169
40,0.0,12.135790760083417,0.0,54,12.135790688849601,4.531307699311014
40,0.0,11.556389385662555,0.0,54,11.556389134407548,4.540446125454441
40,0.0,10.97530760620253,0.0,54,10.975307109144236,4.524861710880902
40,0.0,10.64292398644849,0.0,54,10.642923341522827,4.524234829192938
40,0.0,9.948607900783099,0.0,54,9.948606931272153,4.515133642338675
40,0.0,9.475373647105073,0.0,54,9.475372479978008,4.516086284316602
40,0.0,9.10736553809802,0.0,54,9.107364226393353,4.530311928670221
40,0.0,8.905156779858899,0.0,54,8.905155412705943,4.53733912301106
40,0.0,8.436665211659909,0.0,54,8.436663768915228,4.584482321725092
40,0.0,8.18285230799016,0.0,54,8.182850861104173,4.671105430044701
40,0.0,8.030822055903217,0.0,54,8.03082061952503,4.742974403560616
40,0.0,7.885384427269301,0.0,54,7.88538301718722,4.812949508751883
40,0.35230842850680233,6.748556292583172,0.0,81,6.7485573660223075,4.312741654729873
40,0.36799353401187757,6.549769959911399,0.0,81,6.549771236660303,4.386970705965938
40,0.20505800370926255,6.551093427303277,0.0,81,6.551093855154549,4.422772081481137
40,0.0,6.007273055752824,0.0,95,6.007272885804792,4.356270651882113
40,0.0,5.958954648071078,0.0,95,5.958954524106224,4.438800338022329
40,0.0,5.6311702838930255,0.0,95,5.631170474851805,4.43212911417913
40,0.0,5.5941786411672005,0.0,95,5.5941788704827395,4.507019259540492
40,0.0,5.246314528073082,0.0,56,5.246315066544012,4.545184415500891
40,0.0,4.864254830261472,0.0,56,4.864255653094824,4.435734428670706
40,0.0,4.791600959439315,0.0,114,4.791601818134779,4.463108237640611
40,0.0,4.611670156595585,0.0,114,4.611671094551539,4.606627450894681
40,0.0,4.440372813451213,0.0,114,4.440373802064176,4.628081776672623
40,0.0,4.216481479616122,0.0,114,4.216482484669649,4.578861836894074
40,0.0,4.0332962748617165,0.0,93,4.033297237695695,4.547631341604529
40,0.0,3.820433859619554,0.0,93,3.8204347090915896,4.57643755651902
40,0.0,3.5759881932911215,0.0,93,3.57598882651853,4.501349579090528
40,0.0,3.4651252172089726,0.0,93,3.4651257194400014,4.50512132272411
40,0.0,3.406385051818925,0.0,93,3.4063854759803567,4.535575162820205
40,0.0,3.1425911570741234,0.0,93,3.1425911691187913,4.4866218828569
40,0.0,2.875969505503055,0.0,109,2.875968976325943,4.468740747713975
40,0.0,2.891808063484357,0.0,109,2.8918075740937184,4.5310892729893055
40,0.0,2.844317001165492,0.0,109,2.844316409406291,4.680929697875198
40,0.0,2.4922362191390413,0.0,109,2.49223478705961,4.467326025793396
40,0.0,2.4504242711899966,0.0,109,2.4504227381286796,4.526647317568171
40,0.0,2.243313692981472,0.0,109,2.2433116303711156,4.554230323877231
40,0.0,2.0775038225277145,0.0,109,2.077501339792276,4.564965247381055
40,0.0,1.990885864232616,0.0,109,1.9908831729122038,4.552426129351179
40,0.0,1.7791138171212133,0.0,109,1.7791106736390905,4.511795112235058
40,0.0,1.6566349614557712,0.0,109,1.656631602334242,4.554295801414563
40,0.0,1.6268002826664845,0.0,109,1.6267968716991223,4.571714183392102
40,0.0,1.4251758109585053,0.0,109,1.4251721858165673,4.629692337496955
40,0.0,0.6332627870423515,0.2844651380228584,109,0.917723222128334,3.7234092617477934
40,0.0,1.1874933117739233,0.0,109,1.187489694404853,4.551175610166707
40,0.0,0.6643317177389301,0.0,109,0.6643296840929747,3.781357900071571
40,0.0,0.6566802299003742,0.0,109,0.6566782434037268,3.785877546456689
40,0.0,0.5943397688003976,0.0,93,0.5943381716089391,3.910073167990898
40,0.0,0.55973022847878,0.0,93,0.5597288640431906,4.0432280164984
40,0.0,0.522444726235835,0.0,93,0.5224436371098147,4.227701648228495
40,0.0,0.4681151964464808,0.0,93,0.46811454933014573,4.536396685393509
40,0.0,0.42853048527267956,0.0,93,0.4285301736038605,4.750932988304967
40,0.0,0.39660455878128553,0.0,93,0.3966045407801335,4.888595269770937
40,0.0,0.1540555969497627,0.0,181,0.1540583520779144,4.586197611092679
40,0.3090899069425222,0.01105749941801355,0.0,181,0.011062102730281964,4.535543781098944
40,0.31106195182508123,0.0,0.0,181,4.777304592806786e-06,4.612687854978196
40,0.882158167881536,0.0,0.0,181,4.334597416999486e-06,5.028521106309832
40,1.3030270289534795,0.0,0.0,181,4.073724888087327e-06,5.555670920770639
40,1.4448534140778402,0.0,0.0,181,3.989301660567435e-06,5.967153478119182
40,1.8718700031096158,0.0,0.0,181,3.7778476063010658e-06,6.51508715212399
40,2.749217152945244,0.0,0.0,181,3.4634383965226334e-06,7.199856326462763
40,3.443742573454739,0.0,0.0,181,3.289998554478757e-06,8.278871859786774
40,3.9151647252996193,0.0,0.0,181,3.2043081859001177e-06,8.908004465319454
40,4.751387397165424,0.0,0.0,181,3.1308140417962704e-06,9.785542562918312
40,5.99469415393779,0.0,0.0,190,3.096442858563364e-06,10.9768672547334
40,8.139881681351874,0.0,0.0,190,3.180866087859613e-06,13.108474700041985
40,9.295634636531252,0.0,0.0,190,3.244698286053449e-06,14.205109543175059
40,19.058916918452812,0.0,0.0,190,2.556799442388069e-06,16.703505437341338
40,16.64901364489273,0.0,0.0,198,2.9855680736545764e-06,19.886047912971577
40,27.67692542079808,0.0,0.0,198,7.894553775145141e-07,25.791530442377354
40,29.30573586016405,0.0,0.0,198,5.124268085410222e-07,32.793897176187095
40,41.88595662251029,0.0,0.0,198,-4.547180978420329e-07,41.49183152928191
40,58.50689514421742,0.0,0.0,198,2.600515786710389e-06,63.23821699731735
41,0.0,99.51624528783064,0.0,2,99.51637695080115,4.6034078528124915
41,0.0,89.58686099802918,0.0,2,89.58673786220888,5.435672948009687
41,0.0,72.49461032957672,0.0,2,72.49466992515394,5.343369677674826
41,0.0,71.77072303125065,0.0,2,71.77082335158198,6.492258476671396
41,0.0,50.34598996071459,0.0,2,50.34598466288553,4.748310741792389
41,0.0,49.56019441695715,0.0,2,49.56018805082852,5.6509465050901735
41,0.0,49.25022150762619,0.0,10,49.25021489463543,6.165715015265426
41,0.0,34.31952353340938,0.0,10,34.31952416943358,4.5782816264814254
41,0.0,31.04283238942711,0.0,10,31.04283389683959,4.505469681206025
41,0.0,28.95180881089675,0.0,10,28.95181048034336,4.601988177227177
41,0.0,28.374040484053133,0.0,13,28.37404211762105,4.885243984138684
41,0.0,27.725263029410847,0.0,13,27.725264558270304,5.331914974503441
41,0.0,22.502821155365346,0.0,13,22.50282091435743,4.548006977316982
41,0.0,21.337958470265026,0.0,13,21.337958042652375,4.578688128696864
41,0.0,20.15696459219349,0.0,13,20.15696411818344,4.685348023788103
41,0.0,18.321428901765188,0.0,43,18.321428580460946,4.4845454915814695
41,0.0,16.97616888130031,0.0,43,16.97616876889855,4.409356170497093
41,0.0,16.485565242538875,0.0,43,16.485565202527884,4.547338339092391
41,0.0,15.679236632813806,0.0,43,15.679236697579551,4.619703227030255
41,0.0,14.995969023977882,0.0,43,14.995969161479099,4.650499222521393
41,0.0,13.791635459779458,0.0,43,13.791635631087667,4.460442365823534
41,0.0,13.436013559627598,0.0,43,13.436013722468033,4.56097919256206
41,0.0,12.443662246244012,0.0,43,12.443662273024227,4.488095814957509
41,0.0,12.00625204313391,0.0,43,12.006251956887523,4.541017226352931
41,0.0,11.364314061052355,0.0,52,11.364313760416636,4.533357361651197
41,0.0,10.884389949252743,0.0,52,10.884389454563667,4.524726888486194
41,0.0,10.528433523547804,0.0,52,10.528432870492077,4.5244254031164886
41,0.0,9.870627819619509,0.0,52,9.870626863137042,4.513279729995876
41,0.0,9.424057510218525,0.0,52,9.424056356879538,4.5179274974035675
41,0.0,9.085928010749205,0.0,52,9.085926742864071,4.5319411795199915
41,0.0,8.741280760898778,0.0,52,8.741279397651446,4.543477887493641
41,0.0,8.42290309899964,0.0,52,8.422901683620308,4.5862594663615095
41,0.0,8.174945000305051,0.0,52,8.17494358390892,4.676358413785877
41,0.0,8.038854183265048,0.0,52,8.038852768923649,4.744047174584205
41,0.0,7.810039790635365,0.0,52,7.810038406652367,4.855705738820314
41,0.4344404122979744,6.711842429177074,0.0,72,6.71184388357604,4.25638228611524
41,0.4639472450344735,6.561570646473965,0.0,72,6.561572324671101,4.311840418764996
41,0.5069249032966021,6.342694924327535,0.0,72,6.34269693789785,4.469909214184149
41,0.0,6.00883239102896,0.0,85,6.008832166078593,4.354362750744947
41,0.0,5.965823392705992,0.0,85,5.965823218928824,4.424307651798548
41,0.0,5.626944625441575,0.0,85,5.626944774684723,4.4381721875974325
41,0.0,5.76137052042305,0.0,82,5.761370543902656,4.667528414480071
41,0.0,5.240915763137424,0.0,82,5.240916263977076,4.551712706754355
41,0.0,4.856401894810949,0.0,82,4.856402674474507,4.431653736070356
41,0.0,4.769371285416703,0.0,82,4.76937212081689,4.488630133993123
41,0.0,4.627786253703988,0.0,86,4.627787154718763,4.60175006638749
41,0.0,4.418827209316341,0.0,86,4.41882817854026,4.6273072136855316
41,0.0,4.156383607515609,0.0,86,4.156384584478407,4.56170943042291
41,0.0,3.9913280504576405,0.0,86,3.9913289892416177,4.551168882017093
41,0.0,3.81465729354827,0.0,86,3.814658152072605,4.576316937451811
41,0.0,3.580534048804159,0.0,86,3.5805347241833045,4.502628094989335
41,0.0,3.410759309835375,0.0,86,3.4107597939991416,4.531873818355912
41,0.0,3.3822673849804827,0.0,86,3.3822678337893546,4.561602960236993
41,0.0,3.135536587153856,0.0,86,3.1355366575917936,4.4912909606124956
41,0.0,2.8739885504351386,0.0,86,2.8739881276444166,4.470272969743069
41,0.0,2.962780911621284,0.0,86,2.9627806720712595,4.605588476885654
41,0.0,2.846211803525928,0.0,86,2.8462113253063945,4.659815210545808
41,0.0,2.4829983192060054,0.0,86,2.482997005658225,4.476785367992935
41,0.0,2.359647264705969,0.0,54,2.359645647361271,4.602869015734418
41,0.0,2.1893298600683253,0.0,54,2.1893278149828266,4.562502810477083
41,0.0,2.054999539204885,0.0,54,2.0549971727640823,4.559937739532051
41,0.0,1.900097373788137,0.0,54,1.90009465736442,4.534810438190627
41,0.0,1.7564507122598076,0.0,54,1.7564477027483676,4.518668815582709
41,0.0,1.703200526555329,0.0,54,1.7031974211922272,4.536678306586989
41,0.0,1.5648292563949533,0.0,54,1.5648259397064255,4.608733143850696
41,0.0,1.4206901525372364,0.0,54,1.420686694170671,4.628989813834449
41,0.0,1.252174527020359,0.0,54,1.252171037780407,4.541413614507091
41,0.0,1.1729387097034776,0.0,54,1.1729352645387543,4.559021184777846
41,0.0,1.1391458821520226,0.0,54,1.1391424585592578,4.5815982636312285
41,0.0,1.0323727949057364,0.0,54,1.0323695250314042,4.668052054596112
41,0.0,0.9588254373246952,0.0,108,0.9588223196658454,4.73005246168796
41,0.0,0.7630104800229381,0.0,108,0.7630080320519745,4.767659553664595
41,0.0,0.5431453770407435,0.0,108,0.5431441713506775,4.511581714554341
41,0.0,0.5279661452149232,0.0,108,0.5279650543637064,4.5142382384958335
41,0.0,0.45552316967026885,0.0,108,0.45552264638385687,4.625937106063267
41,0.19075859886025157,0.21012444841161862,0.0,108,0.21012630226568696,4.298241109310785
41,0.0,0.15515114867613589,0.0,108,0.15515382773922326,4.585747732430086
41,0.015835412559411798,0.014968303461596147,0.0,168,0.014973004249673849,4.534478710162871
41,0.06622442882874696,0.0,0.0,168,4.890279997837865e-06,4.593682207901683
41,0.3818923448685771,0.0,0.0,168,4.5817091098854235e-06,5.025418643064043
41,0.8677717341996225,0.0,0.0,168,4.164083165392185e-06,5.681985689460808
41,1.0489387374048962,0.0,0.0,168,4.034001667818643e-06,5.913662114297493
41,1.8792068625398548,0.0,0.0,168,3.525365748657805e-06,6.465507718052425
41,2.425575234756298,0.0,0.0,168,3.275323688711751e-06,7.129000557240258
41,2.9074547391858037,0.0,0.0,168,3.110721165100472e-06,7.907074551976251
41,3.554686848416892,0.0,0.0,168,2.940548203156368e-06,8.727885105649083
41,4.616844466487994,0.0,0.0,168,2.770924441009015e-06,9.678315433349084
41,5.873580765539925,0.0,0.0,168,2.7037653556050145e-06,10.856117820683314
41,7.9638622320879096,0.0,0.0,194,2.7711598118429492e-06,12.83462270282587
41,99.68666704295315,0.0,0.0,194,0.0004541028050351059,14.166062446539714
41,11.661005203693737,0.0,0.0,194,3.059567282193143e-06,16.536625572961135
41,21.406690118577927,0.0,0.0,194,2.124832077399219e-06,20.41082971784501
41,25.22658837105361,0.0,0.0,194,1.336183572675509e-06,25.840674154831184
41,28.214123600816425,0.0,0.0,194,7.709802467559257e-07,31.297971356752164
41,35.559168502536224,0.0,0.0,194,-1.623427348107498e-07,42.17566014319535
41,82.74362078024384,0.0,0.0,194,1.956524613078159e-05,62.836486850054065
42,0.0,99.50575424163934,0.0,0,99.50588795742615,4.6090727021425675
42,0.0,89.55592342853039,0.0,0,89.5557973483062,5.479995691775439
42,0.0,72.80893574782822,0.0,0,72.80897574483154,4.981793688175472
42,0.0,71.95326558025985,0.0,0,71.95335467282607,6.1728391934507645
42,0.0,50.42059535154985,0.0,16,50.42059306766964,4.56296690094565
42,0.0,49.29943290954844,0.0,16,49.299430899216865,5.560514708814107
42,0.0,49.20672339394567,0.0,16,49.206721449705014,5.694961366058104
42,0.0,33.696984787447676,0.21505182319601204,35,33.91202397963363,4.498129051114798
42,0.0,30.34899921804063,0.21863013891573452,35,30.567623492483698,4.454993968919597
42,0.0,29.477001806202157,0.0,35,29.477003498475376,4.649770403907528
42,0.0,28.8236177969662,0.0,35,28.82361951342169,5.086138818238862
42,0.0,28.480315541077378,0.0,35,28.480317239793983,5.382547040107125
42,0.0,22.7019028191454,0.0,35,22.701902630301284,4.564866039303439
42,0.0,21.409609697277016,0.0,35,21.4096092760204,4.594035183659912
42,0.0,20.275566368883187,0.0,35,20.275565887710766,4.655737554131164
42,0.0,18.393965167642662,0.0,35,18.393964826516566,4.496748905844518
42,0.0,17.50190595970617,0.0,35,17.501905746016057,4.553481246696936
42,0.0,16.552972822756036,0.0,55,16.55297276502476,4.5176710942428
42,0.0,15.754487244241416,0.0,55,15.754487294650197,4.625726183827361
42,0.0,15.026265382441368,0.0,55,15.026265519177702,4.646874294688432
42,0.0,13.871821714470228,0.0,55,13.871821888051262,4.442035334263695
42,0.0,13.505201450745025,0.0,55,13.505201616687582,4.546406622115503
42,0.0,12.525882311226594,0.0,55,12.52588234513837,4.474536142988763
42,0.0,12.275067169065073,0.0,55,12.275067153052033,4.514544903153553
42,0.0,11.418668896237355,0.0,55,11.418668601166186,4.535577651905431
42,0.0,10.910243843764539,0.0,55,10.910243339825831,4.520335383184152
42,0.4813118403029816,10.23097002258155,5.272676118447583e-09,71,10.230972563382416,4.447205509350162
42,0.460913336644881,9.687436673990923,5.272676118447583e-09,71,9.687438692106895,4.388974016084616
42,0.3886507708160535,9.130273946407923,0.09111431603951016,71,9.221388725488929,4.343492567468637
42,0.426961114632554,8.782754387889803,5.272676118447583e-09,71,8.782755650209225,4.343649256899775
42,0.4194989814183075,8.583920281155798,5.272676118447583e-09,71,8.583921409208624,4.361073335338377
42,0.3592678203736317,8.153690401068694,0.0,71,8.153691036108054,4.434141834431289
42,0.3989163853300346,8.035481652418214,5.272676118447583e-09,71,8.035482509623614,4.467768362650958
42,0.39400574460413135,7.904633966616721,5.272676118447583e-09,71,7.904634784997053,4.505973138581421
42,0.38323900506089437,7.61774615879388,5.272676118447583e-09,71,7.617746921321934,4.608758053314704
42,0.0,7.370108338867443,0.0,59,7.3701069829836605,4.7506005375731135
42,0.0,6.680622741197794,0.0,59,6.6806218229391225,4.497078232174035
42,0.0,6.581394375379979,0.0,59,6.581393540002596,4.530566193219276
42,0.0,6.002567951462251,0.0,59,6.002567648482716,4.362881978459219
42,0.0,5.960817443549605,0.0,59,5.96081717492937,4.435183204248668
42,0.0,5.618522834423933,0.0,59,5.618522908864606,4.452565486268615
42,0.0,5.583976618730993,0.0,59,5.583976734974854,4.53280300346195
42,0.0,5.247176905234719,0.0,59,5.247177335196756,4.544195135893405
42,0.0,5.175802319564854,0.0,55,5.175802809679722,4.651956191862844
42,0.0,4.784905022899228,0.0,55,4.784905808702325,4.470519572626584
42,0.0,4.689659883614944,0.0,55,4.689660716285368,4.569908690711177
42,0.0,4.440978660180339,0.0,55,4.440979597086206,4.628091651944736
42,0.0,4.17434434427732,0.0,55,4.174345304353768,4.56626535241606
42,0.0,3.992344852845547,0.0,55,3.992345781478708,4.551077817100163
42,0.0,3.860307703169353,0.0,115,3.8603085794719174,4.57340474376935
42,0.0,3.621919947775166,0.0,115,3.6219206552176555,4.5184632807389455
42,0.0,3.422748423968241,0.0,115,3.422748921302663,4.523194415349556
42,0.0,3.3762854862771983,0.0,115,3.3762859224381003,4.569528647084908
42,0.0,3.187164785933717,0.0,115,3.1871649449045414,4.522032558713287
42,0.10991772822387268,1.1663151428530245,1.389434283478627,134,2.5557468208839804,3.8940660691604982
42,0.11531766746432871,1.1551590987073135,1.2556385819090679,134,2.410794448867934,3.846008442237892
42,0.084446203696749,1.2189382260822277,2.0205488835504837,134,3.2394873849838337,5.314747247933235
42,0.12385307445577504,1.1375253119260114,1.044154578895391,134,2.1816757185966225,4.044366409656087
42,0.1262646986587352,1.132542999186356,0.9844011376455708,134,2.116939732243024,4.155579828855853
42,0.0,2.3283182202784256,0.0,115,2.3283165219855526,4.588192832597715
42,0.0,2.1035808452449576,0.0,115,2.103578579191648,4.570086833542167
42,0.0,1.925940639323765,0.0,115,1.9259379551642883,4.5427434698038756
42,0.0,1.7707723492963796,0.0,115,1.7707693407963987,4.5113350220031805
42,0.0,1.6550567944519108,0.0,115,1.6550535791106995,4.552502587875184
42,0.0,1.6204760385789225,0.0,115,1.6204727702903785,4.572843595423027
42,0.0,1.4368991500495982,0.0,115,1.4368956680519798,4.633456824608464
42,0.0,1.3075055610094817,0.0,115,1.307502009038199,4.565155065646717
42,0.0,1.1806787416734694,0.0,115,1.1806752238564542,4.554706254291135
42,0.0,1.136384975473182,0.0,115,1.1363814887123365,4.583857066966878
42,0.0,1.0495506964366428,0.0,115,1.0495473248949327,4.652586720692842
42,0.0,0.8811115629315587,0.0,115,0.8811085725279515,4.727916646966731
42,0.0,0.7015478176857937,0.0,115,0.7015455497384462,4.629578284561955
42,0.0,0.551090088894602,0.0,115,0.5510887080991278,4.536822163840297
42,0.10087748987519013,0.0,0.4132559761536786,115,0.41325453972863,4.279502376211136
42,0.0,0.4546476649635707,0.0,115,0.454647001294223,4.632916969913776
42,0.5689761676818738,0.2622970465677302,0.05329829062914639,115,0.31559542871431034,4.674896915700451
42,0.0,0.17076788892603847,0.0,115,0.17077017128899286,4.5938687653004955
42,0.0660963140239108,0.0,0.0,166,4.676109160328679e-06,4.553801859403663
42,0.09301730343215797,0.0,0.0,166,4.644477513693346e-06,4.592368368148412
42,0.3338396882364425,0.0,0.0,166,4.421490062966882e-06,4.983118581779346
42,0.7809444885596262,0.0,0.0,166,4.05349813448197e-06,5.449422641545116
42,0.925659234300541,0.0,0.0,166,3.953435648185177e-06,5.874386335007269
42,1.8708575728695165,0.0,0.0,166,3.3953406557429844e-06,6.444752122006832
42,2.581644848968984,0.0,0.0,166,3.110029465958064e-06,7.285534494430566
42,3.008983247423042,0.0,0.0,166,2.985225394880331e-06,7.761603706036353
42,4.159156706209593,0.0,0.0,166,2.7667791222540927e-06,8.643361569361549
42,5.06925118627723,0.0,0.0,166,2.688952744023254e-06,9.578307439058108
42,5.89705087013121,0.0,0.0,166,2.6742330661022606e-06,10.840406720277517
42,7.612035446731591,0.0,0.0,165,2.7384359135851355e-06,12.445833747114714
42,100.0,0.0,0.0,165,0.00046917979357985473,14.164222319032367
42,11.454502270140187,0.0,0.0,165,3.046922765648219e-06,16.356599785659885
42,15.857097104664508,0.0,0.0,165,2.9891402029136316e-06,20.84819087755722
42,27.553490041350138,0.0,0.0,165,8.88610953708735e-07,24.33245507277807
42,85.61657385141562,0.0,0.0,165,4.6719578513432225e-05,30.37010447278894
42,36.18090169422965,0.0,0.0,165,-1.939116867077928e-07,40.93864775460926
42,58.35145518813549,0.0,0.0,165,2.548489442588675e-06,64.19691275189311
43,0.0,99.58267829198905,0.0,1,99.58279299634674,4.57022413994668
43,0.0,89.72744653155854,0.0,1,89.72734022823339,5.238881026114123
43,0.0,72.49514593614313,0.0,1,72.49520485434725,5.336763389954964
43,0.0,72.04393243367915,0.0,1,72.04401694587708,6.0087874501267855
43,0.0,50.32317865634628,0.0,1,50.32317636050463,4.59609355122862
43,0.0,49.377096169962776,0.0,1,49.37709413201089,5.447028100716407
43,0.0,48.82592992998601,0.0,1,48.82592831465299,6.2877874114235945
43,0.0,35.62046264252904,0.0,1,35.620462683824435,4.542574199441885
43,0.0,30.461396281738434,0.2431737716295816,1,30.704562966552892,4.5039393206350855
43,0.0,29.062241532297794,0.0,1,29.062242535794745,4.55709534644121
43,0.0,27.86806575136569,0.0,1,27.868066448932417,4.867699781991618
43,0.0,27.331821087688024,0.0,1,27.331821638777953,5.149484979916396
43,0.0,22.63609499443303,0.0,1,22.63609458669798,4.551236743069602
43,0.0,21.690289293471462,0.0,1,21.690288852032467,4.572266415507361
43,0.0,20.078302678450076,0.0,1,20.07830225930063,4.676595103588136
43,0.0,18.506008739434996,0.0,1,18.50600844983851,4.520025461571105
43,0.0,17.27068637158435,0.0,1,17.27068622848484,4.493456831383893
43,0.0,16.639916668237404,0.0,1,16.639916608186812,4.479906887265681
43,0.0,15.961037717282107,0.0,54,15.96103774136177,4.644878393192295
43,0.0,15.17381193617014,0.0,54,15.17381204612383,4.635827913771642
43,0.0,13.797263441931568,0.0,54,13.797263611163263,4.458320055312601
43,0.0,13.357071118443367,0.0,56,13.357071271937592,4.56838635793728
43,0.0,12.435335815169315,0.0,56,12.435335843248604,4.489411445586185
43,0.0,12.121320022151119,0.0,56,12.12131997754394,4.532597250314119
43,0.0,11.384843200592334,0.0,56,11.384842909104188,4.5341555744267
43,0.0,11.017819299644064,0.0,56,11.017818867216263,4.522049768600086
43,0.0,10.380188701583384,0.0,56,10.380187961045623,4.520473639857224
43,0.0,9.875078984548338,0.0,56,9.875077998887074,4.520029611842913
43,0.0,9.4255734913024,0.0,56,9.425572297213922,4.5150914161842035
43,0.4429822269140238,8.785289918634007,0.0,72,8.785291271291243,4.34847632097544
43,0.5438684396130485,8.52322861707015,0.0,72,8.523230435117089,4.412121967106611
43,0.6074324722078743,8.35811514250507,0.0,72,8.35811725308741,4.487747188867726
43,0.0,8.206105542571644,0.0,56,8.206104020320247,4.647636203757875
43,0.0,7.860744059405636,0.0,56,7.860742561394432,4.711050498990126
43,0.0,7.608496430145243,0.0,56,7.6084949937803135,4.745571975227877
43,0.0,7.239991429965801,0.0,56,7.23999013968087,4.7275293530937414
43,0.0,6.727630115519415,0.0,56,6.727629148436199,4.495608581097841
43,0.0,6.5282860021892235,0.0,56,6.528285195333195,4.560273999008325
43,0.0,6.030094874238537,0.0,56,6.030094524561913,4.335470082794334
43,0.0,5.9671555791586925,0.0,56,5.967155292817054,4.422060104736117
43,0.0,5.627029862413175,0.0,88,5.627029910519273,4.438028292273506
43,0.0,5.568723769090107,0.0,88,5.568723876917384,4.571286243506339
43,0.0,5.2571011361306,0.0,88,5.2571015392641645,4.533916401148561
43,0.0,5.162864142365515,0.0,88,5.162864634831679,4.6734345457417685
43,0.0,4.755444953383853,0.0,88,4.755445741043599,4.5051323772406935
43,0.0,4.710058910147081,0.0,88,4.710059718052186,4.553190202276852
43,0.0,4.4320168126854975,0.0,88,4.432017746574853,4.627902532085436
43,0.0,4.188394295397397,0.0,88,4.18839526262972,4.570262328936698
43,0.0,3.989681363218151,0.0,88,3.989682290569845,4.551418274646018
43,0.0,3.8659871789195672,0.0,88,3.8659880640265776,4.572665980047033
43,0.0,3.635203763681922,0.0,88,3.635204494392468,4.524585114643072
43,0.0,3.4826299483189667,0.0,88,3.482630530569816,4.500929388945192
43,0.0,3.4064769113453854,0.0,88,3.406477404358596,4.535494845898576
43,0.0,3.1403778389771015,0.0,88,3.1403779470901867,4.487829565859268
43,0.0,2.9897493514341518,0.0,88,2.989749194495607,4.4971793439904175
43,0.0,2.9620411768229,0.0,88,2.96204097181963,4.609576701310168
43,0.0,2.847033395126636,0.0,88,2.847032957799218,4.650880071036694
43,0.0,2.4869797607497808,0.0,88,2.4869785038595094,4.4722509047026655
43,0.0,2.4573541530727585,0.0,88,2.457352819245216,4.514961782237693
43,0.0,2.2163946964407217,0.0,88,2.216392760105361,4.5564725412969835
43,0.0,2.1736824412886664,0.0,88,2.1736803968766605,4.566309982058131
43,0.0,1.9531698004809313,0.0,88,1.953167220567586,4.5485029785214905
43,0.0,1.7638442624641955,0.0,88,1.7638412820572906,4.512056083230451
43,0.0,1.6568476421152174,0.0,88,1.6568444611287987,4.551535584311761
43,0.0,1.6211093859875576,0.0,88,1.6211061414870969,4.572502183693871
43,0.0,1.4396347734286303,0.0,88,1.439631307818109,4.633922568515194
43,0.0,1.2342440383739688,0.04007150020323646,88,1.274311734341719,4.529569052744206
43,0.0,1.2367143465372883,0.0,88,1.2367108121030448,4.53987848014985
43,0.0,1.1533748988043886,0.0,88,1.1533714046306915,4.5716319895451445
43,0.0,1.0480335561537553,0.0,88,1.048030173788364,4.653311160326167
43,0.0,0.889265498612863,0.0,83,0.8892624706391494,4.715799927054492
43,0.0,0.7210409128243174,0.0,83,0.7210385020116341,4.630131186736101
43,0.0,0.5728675688786828,0.0,83,0.5728659651765486,4.540826783591545
43,0.0,0.5394104965235458,0.0,83,0.5394091191076757,4.54611423312911
43,0.0,0.42655271425420527,0.0,56,0.42655219915975806,4.680895565391301
43,0.0,0.3195545860545518,0.0,56,0.3195550560297544,4.79119154956817
43,0.0,0.15571000518708467,0.0,56,0.1557123451653819,4.585551265405076
43,0.09956635611065752,0.03487287440566141,0.0,127,0.034876818826177214,4.49935657807775
43,0.016597799667059814,0.0,0.0,127,4.557239652314138e-06,4.568272623770222
43,0.708627400472589,0.0,0.0,127,3.961145495168239e-06,5.1783921387196585
43,0.7598808687702352,0.0,0.0,127,3.925807014582006e-06,5.381238808212753
43,0.9708403433014878,0.0,0.0,127,3.779288235250533e-06,5.983489436437015
43,2.29947952256106,0.0,0.0,127,3.1040514141267295e-06,6.92934417677805
43,2.4102473516304954,0.0,0.0,127,3.062693741284761e-06,7.041786917429002
43,3.164003864248838,0.0,0.0,127,2.8538472029993045e-06,7.769723725253996
43,4.2902678512802215,0.0,0.0,127,2.673698617172704e-06,8.552477018669236
43,5.263637624050549,0.0,0.0,127,2.6185550527912937e-06,9.806206199013324
43,5.813783980182181,0.0,0.0,141,2.609739850001347e-06,10.706627561580245
43,7.708387816477552,0.0,0.0,141,2.710473937739266e-06,12.528975386384353
43,8.803032787924362,0.0,0.0,141,2.8098876860838118e-06,13.916298875063214
43,89.56695803425562,0.0,0.0,141,0.00010841326835020482,16.377882751482385
43,26.48715017153896,0.0,0.0,141,1.1000488768786454e-06,20.371294789331916
43,27.831248940503777,0.0,0.0,141,8.620383820101551e-07,24.82593631617589
43,29.705951944552382,0.0,0.0,141,5.466715649049547e-07,33.36461844386443
43,36.02398527313556,0.0,0.0,141,-1.5341869286089604e-07,42.1955617043799
43,82.74048511362597,0.0,0.0,141,1.9374897719970363e-05,62.85386925832758
44,0.0,99.37232987584078,0.0,1,99.3724992541941,4.691811747450702
44,0.0,89.70926425032488,0.0,14,89.70915405298464,5.263698483099574
44,0.0,72.5035608436166,0.0,14,72.50362015652964,5.327134774061877
44,0.0,52.436762998540765,2.468745157659085,14,54.9047500199742,4.525653220512819
44,0.0,49.94084808861777,0.0,14,49.94084590343647,4.829105302145399
44,0.0,49.296764324185446,0.0,14,49.29676247973107,5.566051418813476
44,0.0,48.87392802882311,0.0,1,48.87392654260665,6.222813861645604
44,0.0,34.07564110659662,0.0,1,34.075641711141806,4.571422827932604
44,0.0,30.819124590118562,0.0,1,30.819125786182305,4.522973669114219
44,0.0,28.578763714454997,0.0,46,28.578764584168802,4.610545789921
44,0.0,27.770834844479573,0.0,46,27.770835501290186,4.966850083619509
44,0.0,27.284491454350462,0.0,46,27.284491972312217,5.257382351599469
44,0.0,22.472891985755343,0.0,46,22.472891576658768,4.537323437639861
44,0.0,21.096431217197768,0.0,46,21.096430782094828,4.603413627381869
44,0.0,20.23356062281992,0.0,46,20.233560209688928,4.663884682697958
44,0.0,18.197072300483324,0.0,46,18.19707203880997,4.473112584726634
44,0.0,16.947767918714156,0.0,46,16.947767805901464,4.407681875148134
44,0.0,16.602336160900748,0.0,46,16.60233609019313,4.4953167974735315
44,0.0,15.777469956249357,0.0,56,15.77746998338348,4.626806973819903
44,0.0,15.086621279191947,0.0,56,15.086621367215383,4.696954171247668
44,0.0,13.89724475284032,0.0,56,13.89724489561127,4.470580173937844
44,0.0,13.050132956855354,0.0,56,13.050133061367097,4.507161387213008
44,0.0,12.458494829881184,0.0,56,12.458494845169247,4.482898843266366
44,0.0,12.083680355363736,0.0,56,12.083680292649287,4.535644476432813
44,0.0,11.455396817272778,0.0,56,11.455396562490689,4.5383443412603555
44,0.0,10.786560593168982,0.0,53,10.78656006838313,4.511616318851365
44,0.0,10.346763200775932,0.0,53,10.346762471541615,4.5180056551106755
44,0.0,9.991512459930018,0.0,53,9.991511563890965,4.526836692105203
44,0.0,9.546813534922416,0.0,52,9.546812418941697,4.518085733260582
44,0.0,9.06687905688026,0.0,52,9.066877742377981,4.511685864758816
44,0.0,8.882504793968993,0.0,52,8.882503420946385,4.534787893706161
44,0.0,8.587993201968308,0.0,46,8.587991752266197,4.598515223463396
44,0.0,8.082455206891487,0.0,46,8.082453707456256,4.612552343765229
44,0.0,7.5669743386188095,0.0,46,7.566972919319905,4.482621448520144
44,0.0,7.394933987920033,0.0,46,7.394932634785727,4.47860580864471
44,0.0,7.0484076162474265,0.0,46,7.048406433494996,4.583300250828971
44,0.0,6.990913830453266,0.0,46,6.990912685361136,4.607796384497714
44,0.0,6.315534512539493,0.0,72,6.31553389201169,4.445396861885705
44,0.0,6.14547837660208,0.0,72,6.145477916229404,4.549981905315816
44,0.0,5.975502640030454,0.0,72,5.97550234240629,4.550222512222048
44,0.0,5.614729838497894,0.0,72,5.614729890697766,4.457242592919874
44,0.0,5.574339132982124,0.0,72,5.574339232371332,4.557160383808219
44,0.0,5.240653994364281,0.0,72,5.240654406299171,4.5461349261638695
44,0.0,4.851593976012185,0.0,72,4.8515947061108164,4.430120475310989
44,0.0,4.784394735610014,0.0,72,4.78439550672517,4.471093381505966
44,0.0,4.6049685485455445,0.0,72,4.604969426097958,4.608387224676637
44,0.0,4.40204253619379,0.0,72,4.402043487118351,4.625997713438888
44,0.0,4.1568767415130825,0.0,72,4.156877729732071,4.561768291612536
44,0.0,3.98611380818044,0.0,72,3.986114772844238,4.551882799196777
44,0.0,3.841956762495749,0.0,66,3.84195767292237,4.575264760250327
44,0.0,3.5947895454578687,0.0,66,3.594790292334345,4.507304053575817
44,0.0,3.4396456043216976,0.0,66,3.4396461930119306,4.51408916108932
44,0.0,3.401262640639749,0.0,66,3.401263190054875,4.540302365831728
44,0.0,3.135102950784857,0.0,66,3.135103121922614,4.491650601340583
44,0.0,2.8741234900305246,0.0,66,2.8741231885884027,4.470087210933006
44,0.0,2.8711677395529294,0.0,66,2.8711674272175616,4.4759173968548875
44,0.0,2.844945252836814,0.0,107,2.844944885372797,4.67438581493116
44,0.0,2.4485247858227406,0.0,107,2.4485235108404346,4.496382309550812
44,0.0,2.439737294878891,0.0,107,2.439735996753768,4.506773515140656
44,0.0,2.196738794342849,0.0,107,2.1967368944498347,4.531532685874415
44,0.0,2.147097971446177,0.0,30,2.147095946511623,4.564525297476504
44,0.0,1.9416856508536529,0.0,30,1.9416831245301651,4.547637291577853
44,0.0,1.760472069796143,0.0,30,1.7604691467466758,4.509192496028687
44,0.0,1.6725898750711843,0.0,30,1.6725867845210907,4.5401315479642825
44,0.0,1.6439896683094215,0.0,30,1.6439865214824962,4.55654247845615
44,0.0,1.5338330718339566,0.0,30,1.5338297558775533,4.619750169304185
44,0.0,1.2789228457486534,0.0,30,1.2789193329972033,4.549982608844783
44,0.0,1.1819279685073765,0.0,30,1.181924467001421,4.55404536446888
44,0.0,1.1435183657641554,0.0,72,1.1435148797780315,4.578649344989643
44,0.0,1.037921470572327,0.0,72,1.0379180975947992,4.6611075747708846
44,0.0,0.8756673463215903,0.0,72,0.8756643208151367,4.734712264976716
44,0.0,0.7744997288099229,0.0,72,0.7744970467814554,4.706973690457751
44,0.0,0.6237095682575287,0.0,72,0.6237075980048328,4.568964482481247
44,0.0,0.5303989486815127,0.0,72,0.5303975564672392,4.531035828888482
44,0.0,0.4687127746515765,0.0,72,0.4687118251286133,4.601750918712362
44,0.0,0.4074175616217965,0.0,72,0.4074171109301101,4.746935128920496
44,0.0,0.2520453198244871,0.0,65,0.2520463811101905,4.764474354336938
44,0.0,0.062161911781363766,0.0,65,0.06216538670276073,4.541850641683725
44,0.03437575899125772,0.0,0.0,162,4.374680857566204e-06,4.580431176939191
44,0.6987452634703142,0.0,0.0,162,3.830958267059259e-06,5.2123028204978255
44,0.8755566919949955,0.0,0.0,162,3.7134465102894865e-06,5.55321839003364
44,1.3100129970086263,0.0,0.0,162,3.4491219640386817e-06,5.846548253554464
44,1.7039181983321674,0.0,0.0,162,3.2405539762692115e-06,6.339624060984955
44,2.5617470334622263,0.0,0.0,162,2.920780492132735e-06,7.046394556973646
44,3.111278557782983,0.0,0.0,162,2.7811968283941724e-06,7.78191372953966
44,3.8945483137194534,0.0,0.0,171,2.6427667485506845e-06,8.487767320365908
44,4.845685581402121,0.0,0.0,171,2.5680914106374075e-06,9.7007533101232
44,5.7718691717460855,0.0,0.0,171,2.563938508615138e-06,10.7370492830789
44,7.817030142054521,0.0,0.0,171,2.6829883772450103e-06,12.646474156276831
44,93.58769768023835,0.0,0.0,185,0.00020638961848007398,14.342144934830479
44,88.85814887685248,0.0,0.0,185,9.386672812361496e-05,17.4368817862751
44,87.30024830122863,0.0,0.0,185,6.822678565043816e-05,21.456866683595898
44,86.19415871753648,0.0,0.0,185,5.2978635455502854e-05,26.57890002311843
44,84.9186270940883,0.0,0.0,185,3.8209145715839554e-05,36.04276677179154
44,83.27183327725852,0.0,0.0,185,2.314826065585862e-05,55.24572476760632
44,54.640460411223444,0.0,0.0,185,1.665527291194735e-06,62.45774426556936
45,0.0,99.41889456460771,0.0,2,99.41905484011666,4.6559914657354025
45,0.0,89.52513774919638,0.0,2,89.52500353991174,5.492089137108328
45,0.0,72.5167937179316,0.0,13,72.51685307421094,5.2912162761782024
45,0.0,52.36606689514029,0.0,13,52.36606877005584,4.3081687482455
45,0.0,49.885842940521464,0.0,13,49.88584086649181,4.868863872304036
45,0.0,49.43945077333604,0.0,20,49.439448952824456,5.3486314446791
45,0.0,48.79403879187387,0.0,20,48.7940375487194,6.302042016360979
45,0.0,33.90135110904506,0.0,20,33.90135176577521,4.540062037837465
45,0.0,30.52592608464072,0.0,20,30.52592724994985,4.518294496142561
45,0.0,28.83825003362767,0.0,20,28.83825094200239,4.577027786514202
45,0.0,27.670714680468905,0.0,20,27.670715296322076,4.9554837481719645
45,0.0,27.177055819889016,0.0,2,27.177056297273793,5.211903047481053
45,0.0,22.322252647598482,0.0,2,22.32225223917967,4.538465115609645
45,0.0,21.04138658648416,0.0,35,21.04138617150626,4.594014349692538
45,0.0,20.326392676772375,0.0,35,20.326392282327575,4.679721477556214
45,0.0,18.035363566626778,0.0,49,18.035363348822678,4.437665400587921
45,0.0,17.00282743231835,0.0828338372769695,49,17.085659095428934,4.493674771405987
45,0.0,16.342527166013245,0.0929960112772781,49,16.435520903098062,4.596227690042646
45,0.0,15.597019368237138,0.10446954891793538,49,15.701486565051706,4.599042418082968
45,0.0,14.808461462212025,0.11660563769340676,49,14.925064688677235,4.666428681818118
45,0.0,13.754231211938892,0.132830485367047,49,13.887059238594212,4.537614801362903
45,0.0,12.863619412075689,0.14653720720071028,49,13.010154121552597,4.478819820363121
45,0.0,12.388187054151404,0.15385422128225712,49,12.542038745409949,4.509306902515831
45,0.0,12.028714355621378,0.0,38,12.028714298172623,4.540448389514053
45,0.0,11.517433864470577,0.0,38,11.517433652364884,4.541714558954505
45,0.0,10.873081217898434,0.0,38,10.873080763664356,4.512310088163597
45,0.0,10.267735705950475,0.0,38,10.267734972202357,4.520296689095645
45,0.0,9.864035499150475,0.0,38,9.864034568063355,4.5276165441096605
45,0.0,9.35153207276047,0.0,38,9.351530915068977,4.508718221056535
45,0.0,9.081964975968509,0.0,38,9.081963702361229,4.51016798957588
45,0.0,8.766146039260109,0.0,38,8.76614465736137,4.558422649137061
45,0.0,8.549213301443654,0.0,70,8.54921186978936,4.607600634124026
45,0.0,7.938553963158906,0.0,70,7.9385524788112,4.571937640555857
45,0.0,7.479850148856898,0.0,70,7.479848757831151,4.468171606790511
45,0.0,7.228989005905512,0.0,70,7.228987716928562,4.508315762691549
45,0.0,7.025543076490753,0.0,70,7.025541888565705,4.592561745750281
45,0.0,6.830267033873899,0.0,70,6.830265963054163,4.656175095564475
45,0.0,6.280884222487476,0.0,70,6.2808835818790705,4.4569900210836195
45,0.0,6.156602064103339,0.0,70,6.156601538806209,4.543598274023871
45,0.0,5.928664793752153,0.0,70,5.9286644856029715,4.566483624506159
45,0.0,5.617896517714777,0.0,70,5.617896518190446,4.4549262329560815
45,0.0,5.558478186142296,0.0,70,5.5584782447845,4.593270885917436
45,0.0,5.321701964576572,0.0,72,5.321702252761542,4.567727407815063
45,0.0,4.894118163295444,0.0,72,4.894118818986656,4.463733740712064
45,0.0,4.6981596719575025,0.0,71,4.698160463920918,4.436495148648612
45,0.0,4.646126274257522,0.0,71,4.6461270945422015,4.531653755833723
45,0.0,4.199560361319107,0.0,71,4.199561341742259,4.411808411580749
45,0.0,4.083553206895265,0.0,71,4.083554193108577,4.485667885604737
45,0.0,3.9913522682873404,0.0,71,3.99135324659664,4.5653539858680094
45,0.0,3.874652296716119,0.0,71,3.874653245784316,4.618214776496421
45,0.0,3.5854661446934277,0.0,71,3.5854669295232613,4.50337080563326
45,0.0,3.4525672555192197,0.0,114,3.452567920754828,4.508899606122416
45,0.0,3.398103430995921,0.0,114,3.3981040301035197,4.543171871518181
45,0.0,3.1387541185006937,0.0,114,3.138754381450936,4.489227362521463
45,0.0,2.9991669688370846,0.0,114,2.9991669973462143,4.482672572003231
45,0.0,2.867759840953077,0.0,114,2.867759632747461,4.525155381647014
45,0.0,2.8389705693090925,0.0,114,2.838970298669162,4.740146213008
45,0.0,2.4499926054567003,0.0,109,2.4499914627185184,4.49320012186678
45,0.0,2.3964488764837846,0.0,109,2.396447610357937,4.592618818085658
45,0.0,2.189944403863168,0.0,109,2.1899426195455867,4.5343630517544895
45,0.0,2.0961758372375052,0.0,109,2.0961738211347942,4.573502865753666
45,0.0,1.8502655204761889,0.062407779031627725,109,1.9126705144688145,4.517445696342218
45,0.0,1.8041383627918774,0.0,109,1.804135659618229,4.524578098254695
45,0.0,1.7300770051924066,0.0,147,1.7300741504036772,4.551261711056895
45,0.0,1.5932889262567165,0.0,147,1.5932858207590375,4.608425886973498
45,0.0,1.4550088101844407,0.0,147,1.455005511040616,4.633440625968815
45,0.0,1.3881549192458733,0.0,147,1.3881515613595496,4.615567144938018
45,0.0,1.182178658613775,0.0,147,1.1821752375228698,4.55391196663072
45,0.0,1.1472008579908124,0.0,147,1.1471974555554656,4.575759519014545
45,0.0,1.0718465904239423,0.0,147,1.071843238367432,4.634924506688614
45,0.5136522006606241,0.5569701516332964,0.18022967791374603,147,0.7371964194785825,4.347895268004862
45,0.4769380893103339,0.486828002911291,0.12377586087009662,147,0.6106012762391586,4.3134511295991125
45,0.4732205520031837,0.4790173771247422,0.11780193203246019,147,0.5968168231424631,4.32080755682804
45,0.4509359755341987,0.4328632482105661,0.08373726011793586,147,0.5165986699115024,4.4212246909140855
45,0.4301457395337333,0.3968833665905226,0.0589160029234376,147,0.4557980748016064,4.569413337722175
45,0.0,0.40882713623151234,0.0,147,0.40882662044957563,4.748302964939915
45,0.0,0.1539268699777269,0.0,147,0.1539289986168022,4.58611257185269
45,0.0,0.08706970523381895,0.0,147,0.08707270659492572,4.625770628897241
45,0.005867876655109406,0.019416257728888324,0.0,208,0.019420234331622765,4.5610269844410425
45,0.3817981465100456,0.0,0.0,208,3.949751736342932e-06,4.931433001075774
45,0.7173458882043099,0.0,0.0,208,3.703650566677652e-06,5.271464727220598
45,1.3579848957198744,0.0,0.0,208,3.3188461383559797e-06,5.806842593287362
45,1.6807783901902047,0.0,0.0,208,3.1561497291221485e-06,6.383858336032787
45,2.887765315449295,0.0,0.0,208,2.7475806572141437e-06,6.904242577991795
45,3.843006073393261,0.0,0.0,205,2.5911300856051867e-06,7.6376260236082905
45,4.538615693440749,0.0,0.0,205,2.5241016015087325e-06,8.405942986506298
45,5.200264879998294,0.0,0.0,205,2.5109244106147344e-06,9.534669451296036
45,5.787036197670324,0.0,0.0,205,2.5156468730358483e-06,10.638299504610522
45,7.266658904854529,0.0,0.0,214,2.6067446743383016e-06,12.200912331067602
45,99.31609950092603,0.0,0.0,214,0.00042361211379216,13.838670529792557
45,11.013872419750214,0.0,0.0,214,2.9795906115737125e-06,16.063109688684122
45,17.187945264905512,0.0,0.0,214,2.8469808519560047e-06,19.00201420417915
45,27.665324604008433,0.0,0.0,214,8.938622571008636e-07,23.5823680092924
45,29.324977404269468,0.0,0.0,214,6.089150357269091e-07,31.109197210811683
45,32.012046761205426,0.0,0.0,214,2.3850649633061494e-07,40.24056593461704
45,66.31449685085164,0.0,0.0,214,9.676697576566085e-07,62.05885232980893
46,0.0,99.68669127456245,0.0,1,99.68678094751716,4.530130836597754
46,0.0,54.06989544338329,0.0,1,54.06990941114569,2.611233529665016
46,0.0,53.46854992123706,0.0,1,53.46855819114831,3.3227390359422184
46,0.0,55.565972027635546,0.0,1,55.56600667485301,3.8758712965743474
46,0.0,49.964433046921265,0.0,21,49.96443113318274,4.735029665311494
46,0.0,49.44709803427158,0.0,21,49.447096492481926,5.167406624627484
46,0.0,48.777500330863056,0.0,21,48.77749949988208,6.055808391329545
46,0.0,34.72109903240577,0.0,21,34.72109937652843,4.546576381158779
46,0.0,30.79644636404718,0.0,21,30.796447528844027,4.520328886000325
46,0.0,29.21039138796271,0.0,26,29.21039237810374,4.552593011932627
46,0.0,28.100299062251466,0.0,26,28.10029980034576,4.759294284534805
46,0.0,27.141088630175325,0.0,21,27.141089103748584,5.222425312956672
46,0.0,23.093201386433073,0.0,21,23.09320101089004,4.647719749498359
46,0.0,21.405334667971378,0.0,21,21.405334206457624,4.582971144027333
46,0.0,20.208507224161952,0.0,21,20.208506768250796,4.702943429762987
46,0.0,18.079999651141755,0.0,21,18.079999444160993,4.426943517527876
46,0.0,17.153820034086063,0.037175705034239975,57,17.190994811305785,4.4263563445309995
46,0.0,16.37731287637577,0.13833597402846112,57,16.51564582547885,4.575157534098947
46,0.0,15.69666387308911,0.06786626882043481,57,15.76452889772381,4.604012242949224
46,0.0,14.82558438907111,0.08621290947754136,57,14.911795877534974,4.644993337845227
46,0.0,13.738987974720896,0.10909875895413397,57,13.84808506823664,4.5247776401311235
46,0.0,13.030911049398226,0.1240122463509001,57,13.154921453311168,4.496957599412269
46,0.0,12.358947099341863,0.13816512373167328,57,12.497110195344623,4.498068198850358
46,0.0,11.935267409627448,0.14708864812126182,57,12.0823539122813,4.5489044015892866
46,0.0,11.191724161175715,0.16274912577301168,57,11.354470912416266,4.530553435493662
46,0.0,10.820763095318952,0.0,57,10.820762676187213,4.505656658695862
46,0.0,10.502775970884903,0.0,36,10.502775402991963,4.510333491057519
46,0.0,10.0370272342583,0.0,36,10.037026428399649,4.52779732604845
46,0.0,9.480274579073551,0.0,90,9.48027349136372,4.5147433961405365
46,0.0,9.10093620617401,0.0,90,9.100934954564448,4.508665317413531
46,0.0,8.781316080851838,0.0,90,8.781314724732777,4.555127235158206
46,0.0,8.486156784114286,0.0,92,8.48615535010022,4.619380838927469
46,0.0,8.061388509708157,0.0,92,8.061387028832614,4.605550984075682
46,0.0,7.583604017868561,0.0,92,7.583602593454309,4.477493475080845
46,0.0,7.471716167032551,0.0,92,7.471714775481196,4.468543694237445
46,0.0,7.095095392167473,0.0,92,7.095094157422631,4.561463630606477
46,0.0,6.8676897899235385,0.0,92,6.867688690675296,4.649859937549795
46,0.0,6.492125622918644,0.0,92,6.492124804053829,4.505385832296902
46,0.0,6.2690225030558,0.0,92,6.269021865092359,4.463088175055022
46,0.0,6.053763827033078,0.0,92,6.05376339157891,4.5695406583513645
46,0.0,5.633640646948114,0.0,92,5.6336406200072435,4.429408873429258
46,0.0,5.59945576906623,0.0,92,5.599455782555303,4.495712114780575
46,0.0,5.334956574846118,0.0,92,5.334956840276081,4.553068174702041
46,0.0,4.909633619730748,0.0,92,4.909634252465794,4.476122934288023
46,0.0,4.698942450536222,0.0,92,4.698943227013354,4.4356630624240925
46,0.0,4.658489359414488,0.0,92,4.658490160408723,4.504190102065138
46,0.0,4.229908641043346,0.0,92,4.229909607651364,4.4092192284072755
46,0.0,4.110098728973527,0.0,92,4.11009970012943,4.462889319918652
46,0.0,4.032726643981025,0.0,129,4.032727612638449,4.531317581844899
46,0.0,3.897532871353985,0.0,129,3.897533814666911,4.614047817108462
46,0.0,3.70938708818647,0.0,129,3.709387955235556,4.567796451861119
46,0.0,3.5143484377293457,0.0,129,3.514349157433468,4.496523131807338
46,0.0,3.406371368992826,0.0,129,3.4063719836119795,4.535332376068723
46,0.0,3.168673616131127,0.0,129,3.168673927512307,4.49315429185002
46,0.0,3.002615806111656,0.0,129,3.002615853649009,4.480014256368351
46,0.0,2.868198841147493,0.0,92,2.8681986423574912,4.524791754134368
46,0.0,2.8446230861192703,0.0,92,2.8446228442394617,4.665264062231174
46,0.0,2.5004616030121176,0.0,92,2.500460607016345,4.520674283075424
46,0.0,2.447653854318789,0.0,92,2.447652735601677,4.495106451424052
46,0.0,2.211107262079394,0.0,92,2.211105562088239,4.520643090112857
46,0.0,2.192958606133212,0.0,92,2.1929568545725235,4.532210480398401
46,0.0,1.9888415560428498,0.0,92,1.9888393123008417,4.55216097937403
46,0.0,1.805255747954486,0.0,120,1.8052530861407963,4.524357652071966
46,0.0,1.740062347655351,0.0,120,1.7400595487023978,4.5468737722187935
46,0.0,1.6066491007809922,0.0,120,1.6066460598205623,4.603787931837218
46,0.0,1.517350425903545,0.0,120,1.5173472461254196,4.628826782831711
46,0.2594543404073521,1.2808502434875138,0.0,120,1.280847111549729,4.459513981427465
46,0.28963987322900725,1.2145154613597957,0.0,120,1.2145123367101078,4.45382516487917
46,0.3522450455994804,1.1309731958872815,0.0,120,1.1309701039480355,4.497935913070302
46,0.0,1.0654375193095131,0.0,120,1.065434224606335,4.6402953954024575
46,0.0,0.9661505448553307,0.0,120,0.9661473940583711,4.721155352618728
46,0.0,0.8084846637280276,0.0,92,0.8084819210919321,4.762235184613694
46,0.0,0.6666222310651961,0.0,92,0.6666200633772892,4.630849126571521
46,0.0,0.5267920553022178,0.0,92,0.5267906953817647,4.52429136702651
46,0.0,0.46462885170438645,0.0,92,0.4646279273548757,4.607294540712543
46,0.0,0.41354398142808696,0.0,92,0.4135434613905833,4.736163066734141
46,0.0,0.16948137595425156,0.0,92,0.16948332439902458,4.592463586718347
46,0.0,0.061793529550645265,0.0,92,0.061796895663972506,4.550267306604811
46,0.0,0.012715197029879166,0.0,92,0.012719279047074039,4.585542648148625
46,0.17247893322463737,0.0,0.0,170,4.118127252539239e-06,4.846539364780156
46,0.6973932935251254,0.0,0.0,170,3.679018034219439e-06,5.228655755648745
46,1.344838208379215,0.0,0.0,170,3.2509417113857353e-06,5.834264524488228
46,1.6909808483691364,0.0,0.0,170,3.070002234650815e-06,6.349982973448074
46,2.4034876957204827,0.0,0.0,170,2.7692987796257285e-06,6.938518794108805
46,2.9545960274652368,0.0,0.0,170,2.6076098027516537e-06,7.6836900763035345
46,3.786427405116308,0.0,0.0,170,2.4470621600158893e-06,8.335056321816374
46,4.882554535013236,0.0,0.0,170,2.356744598586147e-06,9.339231545231925
46,5.620520940205273,0.0,0.0,170,2.3549945531442518e-06,10.428679555287005
46,7.145939648416149,0.0,0.0,184,2.4482795826230586e-06,12.132740215319421
46,99.90257220834876,0.0,0.0,184,0.0004521572944540253,13.698020567798835
46,24.16566935386128,0.0,0.0,184,1.640215140596979e-06,15.898661290835198
46,14.432804478526801,0.0,0.0,184,3.067795654843053e-06,19.82374608248643
46,27.742013700279372,0.0,0.0,184,9.344903091346168e-07,23.814518298173283
46,85.63370405377826,0.0,0.0,184,4.568064031396091e-05,29.87889718733141
46,32.52130403424945,0.0,0.0,184,1.9718857302564174e-07,39.89912254954291
46,58.59032894589221,0.0,0.0,184,2.5166074415494677e-06,62.64128500193349
47,0.0,99.47636662064045,0.0,9,99.47650903537553,4.618267437076932
47,0.0,89.53128990015696,0.0,9,89.53116063945079,5.456589912550347
47,0.0,72.62263466184163,0.0,9,72.6226829343953,5.149207697673962
47,0.0,53.01013900957427,0.0,9,53.01013928329962,4.253539286004884
47,0.0,49.86712795364878,0.0,9,49.86712879318162,4.79390514956423
47,0.0,49.134072270457665,0.0,9,49.13407414910233,5.541167815516884
47,0.0,32.73758522377811,0.0,9,32.73758600836238,3.313817429359462
47,0.0,31.971260198357744,0.0,9,31.971261074732492,4.067117734026786
47,0.0,29.97740591023327,0.0,22,29.977406790677016,4.206868972943553
47,0.0,26.445678308022693,0.0,22,26.445678563907286,4.063415839670208
47,0.0,25.944777866286174,0.0,22,25.944778004363865,4.269782684157796
47,0.0,24.80048081585412,0.0,22,24.800480711813336,4.634720983568666
47,0.0,22.647564522145803,0.0,22,22.647564121597732,4.5500738613178004
47,0.0,21.362525563993408,0.0,22,21.36252510098125,4.5740102859525855
47,0.0,20.29589191630382,0.0,22,20.29589145803282,4.693522388355548
47,0.0,18.174983788446962,0.0,22,18.174983557134723,4.416127711608182
47,0.0,17.162024244959117,0.0,22,17.162024220134178,4.429905657681671
47,0.0,16.6914474246185,0.0,22,16.691447504229153,4.592995662478742
47,0.0,16.161463715167557,0.0,22,16.161463901728947,4.658880635836963
47,0.0,14.987491705705589,0.0,46,14.987492073184281,4.555807599772059
47,0.0,13.910420243306218,0.0,46,13.910420630323177,4.464354716639818
47,0.0,13.452221818448736,0.0,46,13.452222174009908,4.601333313587398
47,0.0,12.513306987371738,0.0,46,12.513307174111821,4.474305050694243
47,0.0,12.206542333693902,0.0,46,12.206542438161458,4.521042816876131
47,0.0,11.696645578454175,0.0,46,11.696645525669872,4.550140121696215
47,0.0,10.961471136274522,0.0,46,10.961470777614721,4.508988810119776
47,0.0,10.509649868664136,0.0,46,10.509649294759967,4.510133399934492
47,0.0,10.017187628238597,0.0,46,10.017186808130642,4.528135861365666
47,0.0,9.572789630777809,0.0,46,9.572788584708212,4.5197037868285115
47,0.0,9.09295231482655,0.0,46,9.092951053265379,4.509273388208992
47,0.0,8.776774971352683,0.0,53,8.776773601851655,4.556052038347136
47,0.0,8.510730425005573,0.0,53,8.510728990530627,4.6148267494768636
47,0.0,8.18829577552008,0.0,53,8.188294293869177,4.628846405342669
47,0.0,7.654052416945264,0.0,53,7.654050969813673,4.4925882271636475
47,0.0,7.300460062485274,0.0,53,7.30045872264485,4.489645869996863
47,0.0,7.108334730569029,0.0,53,7.108333479474847,4.55613090897141
47,0.0,6.943232581406486,0.0,53,6.943231423071918,4.626803495213521
47,0.0,6.376114352933013,0.0,46,6.376113601997775,4.444146855497447
47,0.0,6.210427643988792,0.0,67,6.210427047071293,4.50334682415642
47,0.0,5.99862673068452,0.0,67,5.998626320726365,4.553411964919915
47,0.0,5.627152630788792,0.0,64,5.627152580506853,4.438586637446603
47,0.0,5.590560904700179,0.0,64,5.590560889562775,4.517535810423729
47,0.0,5.332958093227382,0.0,64,5.332958322716539,4.55487734892683
47,0.0,5.284807356937539,0.0,64,5.284807630428335,4.641213963070626
47,0.0,4.726075053046109,0.0,90,4.726075774398075,4.422311603647483
47,0.0,4.699594637697998,0.0,90,4.6995953712004646,4.437047855470977
47,0.0,4.6214269741107765,0.0,90,4.621427760210018,4.588592770238831
47,0.0,4.18908051155742,0.0,90,4.189081441526824,4.4986042852307015
47,0.0,4.0425304669892235,0.0,70,4.042531400605257,4.538714343606269
47,0.0,3.8849017932016436,0.0,70,3.8849026975239074,4.584163138442884
47,0.0,3.660879431647056,0.0,70,3.660880232602149,4.537328795986374
47,0.0,3.4735358493605357,0.0,70,3.4735365084240994,4.503009451037078
47,0.0,3.4083254002025067,0.0,70,3.4083259927137624,4.533731007835829
47,0.0,3.1351201794358454,0.0,70,3.135120428803856,4.492113071892513
47,0.0,2.9968369874004184,0.0,70,2.996837017542278,4.4853398558324304
47,0.0,2.8676536739500462,0.0,70,2.8676534711734964,4.525265775444389
47,0.0,2.916293718697259,0.0,70,2.9162936024498114,4.690756304267508
47,0.0,2.8317683043467907,0.0,53,2.831768033292013,4.852958089018866
47,0.0,2.4534093665423002,0.0,53,2.453408278457127,4.491180788921506
47,0.0,2.2419487792394515,0.0,49,2.241947182897942,4.512821600538565
47,0.0,2.1326394063494813,0.0,49,2.1326375536871254,4.570581938863857
47,0.0,1.9953586193189723,0.0,49,1.9953564372748396,4.552466805112292
47,0.0,1.8684840187234666,0.0,49,1.868481543712269,4.524740400510451
47,0.0,1.7285759416633044,0.0,48,1.728573180297067,4.552047020238605
47,0.0,1.6298611694951752,0.0,48,1.629858230847569,4.595483165512119
47,0.0,1.5057309824955345,0.0,67,1.5057278598076937,4.630801752982828
47,0.0,1.3766227609202875,0.0,67,1.3766195144086932,4.609731385227862
47,0.0,1.2176397375353587,0.0,67,1.217636437790011,4.54138886257144
47,0.0,1.1849323304794144,0.0,67,1.1849290364058227,4.5524964218365085
47,0.0,1.1008115277457264,0.0,67,1.1008082824512595,4.612121326103814
47,0.0,1.0120505114423195,0.0,67,1.0120473695661225,4.678241306760295
47,0.0,0.7968106615392823,0.0,67,0.7968080437452834,4.715903478495138
47,0.0,0.6174898069378071,0.0,67,0.6174879817533139,4.562975591474711
47,0.0,0.527909966637663,0.0,67,0.5279086660899033,4.532761382038636
47,0.0,0.49532332657433903,0.0,46,0.49532225980991385,4.560210934653229
47,0.0,0.41740259609441555,0.0,46,0.41740211131839544,4.720844320704746
47,0.10818197948564937,0.21868606175563196,0.0,46,0.21868741878403952,4.587632158227269
47,0.0,0.060614771876796314,0.0,46,0.06061818373918726,4.550872652739216
47,0.005916508128697069,0.019327652046800543,0.0,46,0.01933165516561175,4.561051792084262
47,0.22309713621146593,0.0,0.0,168,4.074549270427497e-06,4.774723580473935
47,0.7067631459239572,0.0,0.0,168,3.650320612891278e-06,5.231182972526005
47,1.0553617455077398,0.0,0.0,168,3.3934663967727374e-06,5.666199856244901
47,1.5576774271973088,0.0,0.0,168,3.07350378392357e-06,6.170983440749964
47,2.2827107742500257,0.0,0.0,168,2.7123835231179783e-06,6.793878521432774
47,2.9068559032776804,0.0,0.0,166,2.4936382398976775e-06,7.628180354944481
47,3.4290084386918247,0.0,0.0,166,2.3668117066222294e-06,8.256539721245343
47,4.508688310178874,0.0,0.0,166,2.2130040484569236e-06,9.277840907621915
47,5.442528511971231,0.0,0.0,166,2.1764194713114193e-06,10.388343160447537
47,6.880381170283753,0.0,0.0,166,2.2375462016555048e-06,11.911507142863718
47,8.403421193184625,0.0,0.0,166,2.4140667846950237e-06,13.489985749930643
47,10.622829908321393,0.0,0.0,166,2.732657476300915e-06,15.769890797549426
47,17.50802020320111,0.0,0.0,166,2.8664960538549167e-06,18.6731006532111
47,27.381750896974523,0.0,0.0,178,1.05266321703823e-06,23.60377040521855
47,85.58348128420099,0.0,0.0,178,4.5285703249575704e-05,30.141191921389492
47,31.284973391498895,0.0,0.0,178,3.7965943633366805e-07,39.34254881125201
47,54.369495172563816,0.0,0.0,178,1.5889321396400646e-06,61.04267905940969
48,0.0,99.4868893062351,0.0,1,99.4870283753145,4.61069867913516
48,0.0,89.61514468972189,0.0,1,89.61502590541383,5.330189436564301
48,0.0,72.59545620713719,0.0,1,72.59550573429821,5.170253277390492
48,0.0,53.003613485502,0.0,1,53.00361375284881,4.26107981419041
48,0.0,49.962000336213926,0.0,1,49.96200105756928,4.730247268437347
48,0.0,49.39910455145501,0.0,1,49.39910607456714,5.196985013414233
48,0.0,48.63695450463613,0.0,1,48.63695707451623,6.21741133018107
48,0.0,34.420705612278105,0.0,1,34.420705821731374,4.578144931740908
48,0.0,29.971703971124143,0.0,32,29.9717047611269,4.204469415860773
48,0.0,27.220828010228004,0.0,32,27.220828372393242,4.19336699099396
48,0.0,26.572637606789623,0.0,35,26.57263780560717,4.496087553290602
48,0.0,25.973528562306964,0.0,35,25.973528616503515,4.826393985015406
48,0.0,22.857980233724994,0.0,32,22.857979814574666,4.577720058470575
48,0.0,21.710737085039145,0.0,32,21.710736620436293,4.571414803425903
48,0.0,20.565064099871933,0.0,32,20.56506363222992,4.638571121263981
48,0.0,18.48065376087604,0.0,32,18.48065348047845,4.479303190067974
48,0.0,17.68606943728608,0.0,32,17.686069307608186,4.582083315802052
48,0.0,16.714348524564947,0.0,32,16.714348592977487,4.595170581195257
48,0.0,16.15716984986947,0.0,42,16.157170031093784,4.659646432417979
48,0.0,15.11787351800985,0.0,42,15.117873863719229,4.560871456580282
48,0.0,13.942114779673487,0.0,42,13.942115163688108,4.454464826061894
48,0.0,13.499036607143221,0.0,42,13.499036959122446,4.599179004256639
48,0.0,12.522280292338273,0.0,42,12.522280479447817,4.473051557094278
48,0.0,12.323103899542598,0.0,42,12.323104037543258,4.503991118114261
48,0.0,11.548164119555343,0.0,42,11.548164008514032,4.5445556688651205
48,0.0,10.965686124702223,0.0,42,10.965685768174914,4.50914793099194
48,0.0,10.46392830986057,0.0,42,10.463927710054564,4.511790235195692
48,0.0,10.053938216895864,0.0,42,10.053937408458209,4.527400913867078
48,0.0,9.616583413759372,0.0,42,9.616582381928271,4.521899483830319
48,0.0,9.350189769085532,0.0,35,9.350188619654753,4.5083287472867095
48,0.0,8.841930712638996,0.0,35,8.841929353687995,4.542367988084887
48,0.0,8.560546358546178,0.0,35,8.560544918262693,4.605290614073446
48,0.0,8.40669693886023,0.0,35,8.406695469747767,4.630072097800889
48,0.0,7.711772969634695,0.0,35,7.711771504940372,4.505059351534918
48,0.0,7.461749961659753,0.0,35,7.461748550115976,4.469243417827707
48,0.0,7.178005084546296,0.0,35,7.1780037809870105,4.527124422414909
48,0.0,6.9981798391969,0.0,35,6.998178630442942,4.604607761554528
48,0.0,6.842505835705387,0.0,35,6.842504726072416,4.65447386447342
48,0.0,6.217810836474447,0.0,60,6.217810206622799,4.4976558262340145
48,0.0,6.190756916674167,0.0,60,6.190756306248418,4.518690236536386
48,0.0,5.638312982194512,0.0,87,5.63831289114027,4.424326400221158
48,0.0,5.592516574782399,0.0,87,5.5925165286854925,4.5128674829077795
48,0.0,5.329798618238657,0.0,87,5.329798826711306,4.560357003788869
48,0.0,5.283156859991675,0.0,87,5.283157109232392,4.653431716657165
48,0.0,4.756664104528548,0.0,103,4.756664781409237,4.463652323511594
48,0.0,4.723268519726939,0.0,103,4.723269222928273,4.482733903245846
48,0.0,4.527294533033729,0.0,103,4.52729534555613,4.645717397733165
48,0.0,4.185815520301936,0.0,103,4.185816433392254,4.486422583207851
48,0.0,4.044844077358375,0.0,87,4.044845005529,4.531097730623118
48,0.0,3.921837313426077,0.0,87,3.9218382235893294,4.590262115037932
48,0.0,3.736381076208237,0.0,87,3.736381923762293,4.577114332239102
48,0.0,3.5155480634352116,0.0,87,3.515548768868717,4.496315648393146
48,0.0,3.4078678986083495,0.0,87,3.4078685051750073,4.534067819990449
48,0.0,3.158206219105053,0.0,87,3.15820651780629,4.485670807257117
48,0.0,2.998939049450042,0.0,87,2.99893910535513,4.4829062118253855
48,0.0,2.865852878949868,0.0,87,2.8658527011494,4.527331192710358
48,5.216400808883358,7.6637883507722435,3.5863331401212945e-12,123,7.663802523859868,11.257099793611811
48,5.274312426449022,7.3716954214426975,3.5863331401212945e-12,123,7.371709242490069,11.304083556902954
48,0.0,2.4560342036996587,0.0,35,2.4560331593023044,4.489992561703952
48,0.0,2.3002066023528664,0.0,35,2.300205189277669,4.556465382610961
48,0.0,2.2091016217193644,0.0,35,2.209099988557215,4.500387236309686
48,0.0,2.034959397420061,0.0,35,2.034957353323115,4.5573282018685095
48,0.0,1.963941985339196,0.0,35,1.9639397785392347,4.550540520194479
48,0.0,1.7228098405318026,0.0,35,1.7228071227727533,4.555005226944338
48,0.0,1.6673131509174266,0.0,35,1.667310330637287,4.580282257382942
48,0.0,1.5901487425357352,0.0,35,1.5901457967303418,4.60978914435929
48,0.0,1.4476267083345762,0.0,35,1.447623575434795,4.633034209919169
48,0.0,1.2834692286320448,0.0,35,1.2834659847172603,4.551767102008835
48,0.0,1.1911481840369615,0.0,101,1.1911449352818853,4.549590908467236
48,0.0,1.0944900915898066,0.0,101,1.0944869016955412,4.614149189601578
48,0.0,1.025985573451929,0.0,111,1.0259824643478517,4.685399425421316
48,0.0,0.9496366802017292,0.0,111,0.9496336978891851,4.793777692872467
48,0.0,0.8663493967101369,0.0,139,0.866346618980824,4.90216234212286
48,0.0,0.5264545447851102,0.0,139,0.5264533027978544,4.4706557100000115
48,0.0,0.48230420873614543,0.0,139,0.48230327433102893,4.540947399573568
48,0.0,0.4380894525547371,0.0,139,0.43808884604196585,4.681422288133563
48,0.16144703869363655,0.22561969590859307,0.09797538967871461,139,0.3235948704110907,4.7555009373774535
48,0.0,0.14508377787521598,0.0,139,0.14508609378845527,4.594052903787814
48,0.0059374937769076045,0.019224267283510114,0.0,185,0.019228289757359462,4.561093463421422
48,0.4667129626087112,0.0,0.0,185,3.86848930133965e-06,4.970571400919962
48,0.8985535658728665,0.0,0.0,185,3.5075506357173936e-06,5.556781781193269
48,1.447030156306,0.0,0.0,185,3.139641702176732e-06,6.017779983974286
48,1.594283449495431,0.0,0.0,185,3.058119871113263e-06,6.2177983358240825
48,2.253461813777296,0.0,0.0,185,2.7317294915008006e-06,6.776384459897498
48,3.3411650825004573,0.0,0.0,185,2.3844283063567673e-06,8.160049795340907
48,3.4039503544915966,0.0,0.0,185,2.367457218710456e-06,8.217750195009554
48,4.463161177139357,0.0,0.0,185,2.203201335149174e-06,9.199103077143594
48,5.375826103158293,0.0,0.0,185,2.1598644508458165e-06,10.336215576112716
48,6.864943103524005,0.0,0.0,191,2.2283549121482338e-06,11.886446190868144
48,8.701046112617188,0.0,0.0,191,2.442917947931278e-06,13.826845732017365
48,18.702890010392686,0.0,0.0,191,2.724153112865224e-06,16.754661522703785
48,16.296063272977186,0.0,0.0,191,2.9778102597077805e-06,20.33150573791699
48,28.326401978543732,0.0,0.0,191,8.809717826352426e-07,26.265208081236906
48,84.87381439441928,0.0,0.0,191,3.7388811641392294e-05,35.96686928729807
48,46.56634232992163,0.0,0.0,191,-3.2436393126999974e-08,53.684441638910876
48,54.71606227899941,0.021515821853426015,0.0,191,0.0215100846014753,62.82394151044894
49,0.0,99.55460047972858,0.0,5,99.55472380369281,4.578621350663452
49,0.0,89.49631796506743,0.0,5,89.49618382677272,5.500090282778931
49,0.0,72.5102850893886,0.0,5,72.51033989273816,5.276683442135751
49,0.0,52.96875634743037,0.0,5,52.9687565019257,4.300703004468861
49,0.0,49.85930098766417,0.0,5,49.85930189166665,4.794601738587742
49,0.0,49.09427857236732,0.0,5,49.09428057979706,5.572029591351823
49,0.0,48.61079893928304,0.0,5,48.6108016123184,6.272702613840281
49,0.0,30.428617174197043,0.0,7,30.428617932202453,3.879295052355266
49,0.0,29.96533419363205,0.0,7,29.965334929978393,4.219878779637641
49,0.0,27.97488635517076,0.0,38,27.97488677790347,4.4275736075212055
49,0.0,26.551542023370246,0.0,38,26.551542112207734,4.5641424882594475
49,0.0,25.007706781017703,0.0,38,25.007706543252432,4.659040826943492
49,0.0,22.57535077043793,0.0,38,22.575350311344927,4.550038990600447
49,0.0,21.13127544081148,0.0,38,21.13127496945664,4.582602007617854
49,0.0,20.40746632537681,0.0,38,20.40746587424062,4.668636273753265
49,0.0,18.094370261814934,0.0,38,18.094370053295098,4.424157546525764
49,0.005842508667634853,17.119935888831844,0.0,6,17.11993592689981,4.440601209836434
49,0.005842508667634853,16.50178274313479,0.0,6,16.50178291222617,4.570135959583389
49,0.0,15.724348149144646,0.0,6,15.724348407499422,4.619969869350566
49,0.005842508667634853,15.06566529692292,0.0,6,15.065665696232987,4.632834107162026
49,0.005842508667634853,13.956598792213908,0.0,6,13.956599222878923,4.452719405130104
49,0.005842508667634853,13.520374123441774,0.0,6,13.520374516800619,4.596999752795304
49,0.0,12.465278865099293,0.0,22,12.465279046555777,4.481630402094542
49,0.0,12.054749195879252,0.0,22,12.054749265329159,4.538342218327891
49,0.0,11.440139778236476,0.0,22,11.440139634673649,4.5381217439512795
49,0.0,10.963083965530101,0.0,22,10.96308361677472,4.509164091327122
49,0.0,10.447368994226364,0.0,22,10.447368399239007,4.511922729173795
49,0.0,9.939176892872679,0.0,78,9.939176043921009,4.530580213992318
49,0.0,9.459292534169746,0.0,78,9.459291452778583,4.513212599858354
49,0.0,9.052302209588998,0.0,78,9.052300943349437,4.509200412250436
49,0.0,8.807907679449354,0.0,78,8.807906324201316,4.550609450875152
49,0.0,8.539542152525224,0.0,78,8.539540724091278,4.616400342995547
49,0.0,8.088474276825794,0.0,78,8.0884727843933,4.5957127097264845
49,0.0,7.4816282579271505,0.0,78,7.481626835518853,4.394756687536168
49,0.0,7.231467820010515,0.0,78,7.231466487379187,4.453056229920602
49,0.0,7.080794274851569,0.0,77,7.080793013791929,4.543795025010427
49,0.0,6.949260578030474,0.0,77,6.9492593842561625,4.633302316520522
49,0.0,6.558987214048555,0.0,77,6.558986272071385,4.560466121090839
49,0.0,6.237252717770432,0.0,73,6.237252034970037,4.477628927565979
49,0.0,5.938554609618713,0.0,73,5.938554197101658,4.529869885057842
49,0.0,5.929969577406154,0.0,73,5.929969168903873,4.538139585808347
49,0.0,5.388666661321402,0.0,73,5.388666767088689,4.451146514005263
49,0.0,5.336650930532789,0.0,73,5.336651086632874,4.6112784555989865
49,0.0,5.309353343288422,0.0,78,5.309353522010036,4.723125234296251
49,0.0,4.74281988583084,0.0,78,4.74282053072291,4.454582345909001
49,0.0,4.709049758048519,0.0,78,4.709050430179618,4.515154176232741
49,0.0,4.481228017927316,0.0,78,4.481228823121468,4.6183145193751525
49,0.0,4.170949034725855,0.0,113,4.170949925591337,4.47333668652303
49,0.0,4.064742921710128,0.0,113,4.064743819182955,4.5114430699628265
49,0.0,3.8975371957851266,0.0,113,3.8975380796204133,4.6100409953695625
49,0.0,3.6980600077935564,0.0,113,3.6980608214719934,4.560741395457013
49,0.0,3.464447151325943,0.0,113,3.464447807613981,4.505342429264312
49,0.0,3.419857882861393,0.0,117,3.4198584894047785,4.524830834854805
49,0.0,3.152910918975454,0.0,117,3.1529112147556546,4.484444516965532
49,0.0,2.9940864811568595,0.0,117,2.9940865366748293,4.489452981127881
49,0.0,2.8711287353942323,0.0,111,2.871128581764597,4.523293886310329
49,0.0,2.9089967663350675,0.0,111,2.9089966815427566,4.647993174187567
49,0.0,2.8278461407695383,0.0,111,2.8278459025347686,4.920662629230716
49,0.0,2.460836208272419,0.0,102,2.4608351982649026,4.489593167147692
49,0.0,2.2242251375024424,0.0,102,2.2242235778239436,4.492761371195428
49,0.0,2.176659133926493,0.0,99,2.1766574559063283,4.530420433790191
49,0.0,1.9825891061147607,0.0,99,1.9825869697495708,4.5518026250665
49,0.0,1.8313561079123963,0.0,99,1.831353639570489,4.520847003055442
49,0.0,1.7517394855392145,0.0,99,1.7517368555561426,4.541948822292127
49,0.0,1.6148300635046333,0.0,99,1.6148271900591329,4.600605201817899
49,0.0,1.507417351763317,0.0,113,1.5074143191385403,4.630418944976677
49,0.0,1.3800041916642165,0.0,78,1.3800010225367707,4.611463246261465
49,0.0,1.2102154417084892,0.0,78,1.2102122184917583,4.54235536174958
49,0.0,1.1959342272513025,0.0,78,1.1959310041009914,4.547486170074674
49,0.0,1.0953437441113731,0.0,108,1.0953405786739498,4.611136995160814
49,0.0,1.00219169391896,0.0,108,1.002188641484448,4.740881705332896
49,0.0,0.9487761765192803,0.0,108,0.9487732162729383,4.855917078771686
49,0.0,0.5233220602614456,0.17895573032682915,108,0.7022745731920441,4.674865559767031
49,0.0,0.5422576811619707,0.0,102,0.5422563440795987,4.461613312011719
49,0.0,0.4801006404334319,0.0,102,0.4800997253803736,4.568029794068838
49,0.0,0.39269110385453454,0.0,102,0.39269085673687165,4.772567569065336
49,0.0,0.21304243279827995,0.0,111,0.21304393288662382,4.666790845025901
49,0.0,0.15827487482420188,0.0,111,0.15827701846873055,4.585683037218168
49,0.005932923566302455,0.01921987481860587,0.0,155,0.019223881073221705,4.561094409343266
49,0.23941071163115502,0.0,0.0,155,4.060945348882683e-06,4.749461089745347
49,0.8441737891329903,0.0,0.0,155,3.540057049278289e-06,5.45485165306857
49,1.2686637675051904,0.0,0.0,155,3.2427717808758416e-06,5.71198977153499
49,1.5194827363619712,0.0,0.0,155,3.0871368519314046e-06,6.128046585314584
49,2.3012814871589846,0.0,0.0,155,2.6912076087626247e-06,6.8117949760156655
49,2.826130509747654,0.0,0.0,155,2.503092348504765e-06,7.516497990632632
49,3.482996236428698,0.0,0.0,155,2.3306157661551197e-06,8.206430496434935
49,4.577934105812002,0.0,0.0,165,2.1790408801791727e-06,9.358251086357413
49,5.380853539738809,0.0,0.0,165,2.140545669604421e-06,10.345932644751699
49,6.765284836549239,0.0,0.0,165,2.203401129108329e-06,11.78936325471449
49,99.51195330206374,0.0,0.0,165,0.0004297459319886343,13.519251555648054
49,19.740126935282845,0.0,0.0,165,2.5665492948689916e-06,15.68792528712599
49,26.079101055707838,0.0,0.0,165,1.3181616864699208e-06,18.638815376397105
49,86.45999264782446,0.0,0.0,165,5.5445583763358286e-05,24.621611037110583
49,28.945240047124017,0.0,0.0,165,7.647930537757475e-07,29.14742326712318
49,62.09969717133169,0.0,0.0,165,2.536926029250708e-06,38.9255974236872
49,66.1836428994781,0.0,0.0,165,1.037417328930701e-06,60.59432494940041
50,0.0,90.08059354641186,0.0,3,90.08052889926968,4.827262002427387
50,0.0,73.1155121845409,0.0,3,73.11553236337886,4.737044741978172
50,0.0,72.02726428870349,0.0,3,72.02734544716634,5.918854184979035
50,0.0,51.84028357648373,0.0,3,51.84028259255464,4.443716668923932
50,0.0,50.27814375653066,0.0,3,50.2781441084909,4.602622003564228
50,0.0,49.30549359688816,0.0,3,49.30549535888629,5.290159147716867
50,0.0,48.85104621674024,0.0,5,48.85104862653527,5.876113652419474
50,0.0,32.19320053644377,0.0,5,32.19320110722089,4.057797212818345
50,0.0,29.291406391292206,0.0,5,29.291406944454792,4.149406000202324
50,0.0,28.720361306305055,0.0,19,28.720361788102068,4.446484195546487
50,0.0,26.982168115817473,0.0,19,26.982168272643225,4.459145466634595
50,0.0,25.940225333871336,0.0,19,25.94022527651346,4.776676345302578
50,0.0,25.254586829354626,0.0,19,25.254586644300712,4.981683448703507
50,0.0,21.921898742581835,0.0,19,21.921898292253548,4.561697960845613
50,0.0,20.906966023253894,0.0,19,20.906965573457878,4.599374681863576
50,0.0,20.14992594591325,0.0,19,20.149925523731305,4.717289655979313
50,0.0,18.003879116890577,0.0,19,18.003878934953946,4.447304000683882
50,0.0,17.327215607618072,0.0,19,17.32721555507605,4.492306064178244
50,0.0,16.33325233820403,0.0,19,16.333252490503867,4.597339187873315
50,0.0,0.788723360638055,0.0,19,0.788720863886585,-1.4425430654401463
50,0.0,0.8014348765281774,0.0,59,0.8014323346866057,-1.4051278174367763
50,0.0,0.7710421589429848,0.0,59,0.7710397242920273,-1.378447498153859
50,0.0,13.752317521604917,0.0,19,13.75231788132394,4.529793931029031
50,0.0,0.8213249623904504,0.0,19,0.8213223646251357,-1.215559754756546
50,0.0,12.141082044138185,0.0,19,12.141082148354037,4.529653098664539
50,0.0,11.75214698584971,0.0,19,11.752146979078264,4.54893589839066
50,0.0,11.039750183715235,0.0,19,11.03974992703727,4.515121994367789
50,0.0,10.496892915240297,0.0,19,10.496892439704313,4.500373274156075
50,0.0,10.113095978331332,0.0,19,10.113095330851031,4.537878079933922
50,0.0,9.895221961633482,0.0,19,9.895221222827157,4.560702755382888
50,0.0,0.843514375967816,0.0,19,0.8435117054792407,-0.8357867741109235
50,0.0,0.8475477036948946,0.0,19,0.8475450186795079,-0.7500400225317048
50,0.0,0.7337879522889779,0.0,19,0.7337856606396347,-0.787221504210164
50,0.0,7.805420826558763,0.0,19,7.805419558483691,4.060191600248544
50,0.5993578434737356,7.625187463412879,0.0,102,7.625189423728697,4.356850069723492
50,0.6270085026611552,7.614991597017067,0.0,102,7.614993689595627,4.423581194372934
50,0.0,0.8595436395623866,0.0,57,0.8595409294012626,-0.46864917922719584
50,0.0,0.8625674004896653,0.0,57,0.8625646753133225,-0.3919795108641946
50,0.0,6.658888171078805,0.0,104,6.658887326148669,4.455730697957458
50,0.0,6.300378469336033,0.0,104,6.300377864868451,4.4550098131555025
50,0.0,6.18546872334217,0.0,104,6.1854682111466825,4.529531358532832
50,0.0,5.99425226592092,0.0,104,5.994251903276563,4.5350296056748345
50,0.0,5.903418165954745,0.0,104,5.9034178743783405,4.5810774649766515
50,0.0,5.462500549249463,0.0,81,5.462500650707787,4.391334077552738
50,0.09338701733669479,5.351552934349069,0.3680928132262366,81,5.719646576500566,5.0448824896182245
50,0.0,4.8932785143434,0.0,81,4.8932790774116794,4.463786159153726
50,0.0,4.778767378071749,0.0,81,4.778768018500941,4.472076018475782
50,0.0,4.639840973629586,0.0,81,4.63984169998332,4.604569717028481
50,0.0,4.431952239987849,0.0,81,4.431953061807783,4.628545928552963
50,0.0,0.6948520685666565,0.0,81,0.6948499406733735,0.4455022477498414
50,0.0,3.996925329575443,0.0,81,3.9969262330867616,4.559576017491837
50,0.0,3.881200985481406,0.0,81,3.88120186426109,4.612651082060751
50,0.0,0.9086281988899964,0.0,81,0.9086253618836153,0.9748490318877607
50,0.0,3.4641166396357086,0.0,81,3.4641172990970066,4.505361815939638
50,0.0,0.6816821920282448,0.0,104,0.6816801201655771,0.9751105974513106
50,0.0,3.1324789632867818,0.0,104,3.132479243093636,4.489909230062123
50,0.0,3.009560490848541,0.0,104,3.0095605938884074,4.482296029480553
50,0.0,2.732766829209844,0.0,104,2.732766434188095,4.448411284784221
50,0.0,2.6550454599629916,0.0,104,2.6550449131267566,4.489065775889809
50,0.0,2.460904544075672,0.0,104,2.460903566556663,4.492347981451738
50,0.0,0.6655312260817294,0.0,104,0.6655292314219867,1.6751807194772184
50,0.0,2.2010151125383874,0.0,81,2.2010135360537912,4.504786245339654
50,0.0,2.0651621160987315,0.0,81,2.065160216669403,4.568524845129792
50,0.0,1.9739339100358881,0.0,81,1.9739317992728314,4.551466853220928
50,0.0,0.9697482737955593,0.0,81,0.9697453119572028,2.902633356710913
50,0.1386409963319546,0.6452367541699884,0.0,81,0.6452348627172864,2.4401778587450433
50,0.0,0.9863808862586115,0.0,81,0.9863778931377034,3.3540171760882806
50,0.17703015540391337,0.6294688390833582,0.0,142,0.6294670238329463,2.870954860681042
50,0.2622329730474282,0.6280362120124063,0.0,142,0.6280344045459163,3.0753942524308986
50,0.20203451645169107,0.6137218084499378,0.0,142,0.6137200712711461,3.2258974350149376
50,0.33410902723849767,0.6268276653488658,0.0,142,0.6268258663829069,3.4552392583766274
50,0.0,0.6673772585775305,0.44895191197445355,155,1.1163239682891781,5.167716584545061
50,0.0,0.6202770882540808,0.45391573694382487,155,1.074187661138284,5.35263459276219
50,0.0,0.4775389791511195,0.46895871842734144,155,0.9464927705293782,5.506238022255255
50,0.0,0.5936351200631067,0.0,55,0.593633497607259,4.563438848060777
50,0.0,0.34448021916146865,0.0,55,0.34448040302001814,4.253191131448164
50,0.0,0.306298831440343,0.0,55,0.3062993738264268,4.374167099992395
50,0.0,0.15984679749929953,0.0,81,0.15984892964867115,4.585947386145344
50,0.0,0.13377950941027283,0.0,81,0.13378196200547166,4.616474740975246
50,0.005733880516610699,0.01979796378650372,0.0,187,0.019801963990170535,4.560962820419352
50,0.388536599459334,0.0,0.0,187,3.922269213418872e-06,4.949677047092392
50,1.078204668133477,0.0,0.0,187,3.365487698303582e-06,5.576285153813608
50,1.4954022793561963,0.0,0.0,187,3.0988893637839965e-06,6.087258536614377
50,2.2040752823083722,0.0,0.0,187,2.7270548468294464e-06,6.74390372068406
50,2.918748023934038,0.0,0.0,187,2.468815699430138e-06,7.633478093501505
50,4.011298101226414,0.0,0.0,187,2.228638365409097e-06,8.431920559954916
50,4.776858202425684,0.0,0.0,187,2.1523607891538177e-06,9.603303396457319
50,5.928639461574871,0.0,0.0,187,2.1299701131738402e-06,10.913073054203258
50,99.81305944885833,0.0,0.0,206,0.00044105546658990136,13.2893771984402
50,90.21513571112678,0.0,0.0,206,0.00011756048070132863,14.921958756637755
50,25.70340846030732,0.0,0.0,206,1.400481838942369e-06,17.69001469135685
50,86.56307441667445,0.0,0.0,206,5.637168496619438e-05,23.897122580761007
50,85.8655004462773,0.0,0.0,206,4.7683206458870586e-05,27.946726992788204
50,62.51740298081436,0.0,0.0,206,2.4567247329798647e-06,38.174126091621346
50,54.051745475522765,0.0,0.0,206,1.4834766162152846e-06,59.17560981999865
51,0.0,99.51789510084879,0.0,4,99.51803075196203,4.591360833736529
51,0.0,89.71709926865502,0.0,4,89.71698879354264,5.177461140132445
51,0.0,72.97246998979632,0.0,4,72.97249912735012,4.817488142105406
51,0.0,52.92738520599038,0.0,4,52.927385230208614,4.348793777349584
51,0.0,50.06200711526109,0.0,18,50.06200781769563,4.675732036056029
51,0.0,49.2601102253715,0.0,18,49.26011211724257,5.322306955223967
51,0.0,48.94257548339529,0.0,18,48.9425778352049,5.716987695786448
51,0.0,32.20895818488347,0.0,18,32.20895873570376,4.060822048953961
51,0.0,31.83767793025487,0.0,18,31.837678514004658,4.2909371328074375
51,0.0,28.536243654131855,0.0,18,28.536244098930645,4.599304249065318
51,0.0,26.350308229923435,0.0,18,26.350308255379954,4.606144909031476
51,0.0,25.58172603253144,0.0,18,25.58172590905369,4.902882050542667
51,0.0,22.421135933163214,0.15787109239567243,18,22.579002780629423,4.532095165243449
51,0.0,21.44005712399818,0.0,18,21.440056681462018,4.579549839157158
51,0.0,20.75029222302819,0.0,18,20.750291784923355,4.613791605882126
51,0.0,19.967457834638136,0.0,18,19.9674574209496,4.751892427610097
51,0.0,17.113119153593033,0.0,18,17.11311914832629,4.437144805600134
51,0.0,17.000694211583813,0.0,18,17.000694228650612,4.495483848483472
51,0.0,16.368268091659775,0.0,18,16.36826823530361,4.585679447564759
51,0.0,14.278117236791177,0.3721975261337782,18,14.650308405100489,4.517606215823864
51,0.0,14.032158033293692,0.0,18,14.032158403391982,4.4379303656387705
51,0.0,13.463380199190997,0.33095740195852086,18,13.794332359337576,4.595513553738643
51,0.0,12.813975377756881,0.0,18,12.813975622187936,4.457135987757107
51,0.05460946829521555,12.030774196825307,0.0,18,12.030774681811767,4.536534510917166
51,0.0,11.831844578098405,0.0,18,11.831844599926024,4.548882545775934
51,0.18101913204136028,11.004991966856645,0.10100134724096449,18,11.105993056103335,4.48987592639188
51,0.24523012934977595,10.295152229213915,0.0,18,10.295153322484426,4.457207342235142
51,0.0,9.998368419514048,0.0,18,9.998367755728363,4.552132351166401
51,0.0,9.423764584957581,0.0,43,9.42376367073591,4.495805288708761
51,0.0,9.256727952202045,0.0,43,9.256726981196804,4.454419573976558
51,0.25005859672746245,7.813863095749109,0.0072091868720191785,85,7.821072376815841,3.873223106898015
51,0.0,7.688551121525777,0.0,85,7.68854988673708,4.100636925664167
51,0.0,7.643548534817935,0.0,85,7.643547311844969,4.152380072294308
51,0.0,7.564677830244368,0.0,85,7.56467661569062,4.288582330102834
51,0.0,7.4371673135109395,0.0,85,7.437166126178994,4.593434660746613
51,0.0,6.841773145880903,0.0,85,6.841772190089573,4.335121621766364
51,0.0,6.708851005014971,0.0,85,6.708850122926233,4.394028057074658
51,0.0,6.470177329691196,0.0,85,6.470176590349248,4.537340819455759
51,0.0,6.260871955935272,0.0,92,6.26087136207982,4.466950630281525
51,0.0,5.973748193506941,0.0,92,5.973747822734774,4.524486245138707
51,0.0,5.712884235046241,0.0,92,5.712884087704267,4.488686717722425
51,0.0,5.512160531432837,0.0,92,5.512160554432005,4.454549028170209
51,0.0,5.356296359432274,0.0,92,5.3562965144783,4.541110262437533
51,0.0,5.295988269000025,0.0,92,5.295988481745988,4.781959280682106
51,0.0,4.753729200186448,0.0,92,4.7537298172900835,4.448804801796339
51,0.0,4.706421872068544,0.0,92,4.706422518216288,4.5207396700483695
51,0.0,4.508358566671696,0.0,92,4.508359329942832,4.609387521094684
51,0.0,4.2161600275241256,0.0,92,4.216160895637714,4.486714127141836
51,0.0,4.075378139112202,0.0,92,4.075379022844053,4.5047045792687594
51,0.0,3.9328131835826468,0.0,92,3.932814065210529,4.596803289110655
51,0.0,3.70426570404474,0.0,92,3.704266521007603,4.563688076238613
51,0.0,3.5054758265403567,0.0,92,3.505476535205829,4.497145018225282
51,0.0,3.421870256372746,0.0,92,3.4218708973104457,4.52433149529802
51,0.0,3.3463826945749413,0.0,92,3.3463832627832515,4.614511181811871
51,0.0,3.003652800893349,0.0,92,3.0036529556147773,4.480046727123215
51,0.0,2.8855837001082256,0.0,92,2.8855836612110535,4.509731129762033
51,0.0,2.7005063678933254,0.0,92,2.700505998554833,4.423063074248404
51,0.0,2.836422040547755,0.0,92,2.8364219256963183,4.762650635580253
51,0.0,2.429766982701394,0.0,92,2.4297660550875104,4.528013539078271
51,0.0,2.392773622652207,0.0,92,2.392772612156964,4.599176537679584
51,0.0,2.2139318017657965,0.0,92,2.213930393981288,4.495907646017354
51,0.0,2.0147907801167486,0.0,92,2.014788918632867,4.553405669820117
51,0.0,1.9706056201346425,0.0,92,1.970603662403665,4.551194062785186
51,0.0,1.7498236205171838,0.0,92,1.7498212035739584,4.5428006068512
51,0.0,1.6346170149908537,0.0,92,1.634614391013999,4.593122498365551
51,0.0,1.5458848979007913,0.0,92,1.5458821418700204,4.622057585986301
51,0.0,1.3838795082505093,0.0,94,1.3838765732462441,4.613553236441783
51,0.0,1.2388918720918427,0.0,94,1.23888886829587,4.538210112589178
51,0.0,1.176083331287716,0.0,94,1.1760803440356842,4.557224920948995
51,0.0,1.1210936001576097,0.0,94,1.1210906374427143,4.590689730627126
51,0.0,1.0076643490509205,0.0,94,1.0076614966708863,4.719360777312382
51,0.0,0.8057358082691659,0.0,106,0.8057334202772584,4.514296563321109
51,0.0,0.6092461956062791,0.0,106,0.6092446303512951,4.411587778369709
51,0.0,0.502456386692214,0.0,106,0.5024554566394972,4.378640472207399
51,0.0,0.41036539218196194,0.0,106,0.4103651367510128,4.4901919261930825
51,0.0,0.35255431919713615,0.0,106,0.3525545454642227,4.53187789947245
51,0.0,0.3068907332797813,0.0,106,0.306891379149425,4.6851128206672055
51,0.0,0.18913904215443617,0.0,106,0.18914091405555133,4.619300282144735
51,0.0,0.04969426900165025,0.0,106,0.049697917192322194,4.583417741149946
51,0.13419566653521606,0.0,0.0,123,4.218752188478447e-06,4.736624469053888
51,0.5910557175908125,0.0,0.0,123,3.7849732326122876e-06,5.047919749795535
51,0.8939908612776347,0.0,0.0,123,3.5286762418706985e-06,5.508120088780548
51,1.4944889859384545,0.0,0.0,123,3.1114899243789296e-06,6.08674352649887
51,2.066610452583125,0.0,0.0,123,2.7929705410656425e-06,6.607877711660459
51,2.6587712817352913,0.0,0.0,123,2.5449698668467136e-06,7.280285818011327
51,3.327288352441534,0.0,0.0,123,2.33311744146647e-06,8.064352199594182
51,4.345337046677944,0.0,0.0,125,2.1464502673040897e-06,9.020677708495215
51,5.442425308193655,0.0,0.0,125,2.0785982322024665e-06,10.419002594349594
51,6.780617696114854,0.0,0.0,125,2.12659836229534e-06,11.795756088570243
51,8.647830031916326,0.0,0.0,125,2.3437841356610534e-06,13.774335159072418
51,11.198618559617701,0.0,0.0,125,2.728970367016359e-06,16.183733586423834
51,14.433800093470575,0.0,0.0,125,3.001563699811527e-06,19.82623309844619
51,86.2616060285786,0.0,0.0,125,5.2068067251553884e-05,25.30878954024665
51,30.002751391614023,0.0,0.0,125,5.997794030321302e-07,34.45167589542967
51,48.61741898766295,0.0,0.0,125,2.655562738596018e-07,52.18238116731482
52,0.0,14.601839604853534,2.105082163389894,0,16.706901870543874,-27.702519773537663
52,0.0,14.451482013264972,2.0225630946584556,0,16.474025910712434,-27.354002410984013
52,0.0,14.373123204166857,1.9801219764667384,0,16.35322633639629,-27.09023298751075
52,0.0,14.195145720491206,2.2118282519740777,0,16.406954783640398,-26.814967438337955
52,0.0,14.242324389152971,1.909725267592382,26,16.15203143420608,-26.523806796206575
52,0.0,14.213274168888132,1.8561887225929057,26,16.069444965820956,-26.239165990690456
52,0.0,14.185749883338715,1.879689460612501,26,16.065421367367264,-26.23089424194796
52,0.0,14.101763107058632,1.8357117426168752,26,15.937457276477623,-25.74412562754046
52,0.0,14.078581399715748,1.8237231669549085,26,15.902287116709125,-25.599100926789664
52,0.0,14.017202850740379,1.7924346768172683,26,15.809620354308773,-25.19395354465151
52,0.0,13.974122625307631,1.7708859241185568,50,15.744991580704635,-24.891788117849305
52,0.0,13.99713022469088,1.735597664862594,50,15.732711016253713,-24.823231670523445
52,0.0,14.064466703792025,1.6323193048597244,50,15.696769449695248,-24.507692632766396
52,0.0,13.890370774749197,1.7302493033212876,50,15.62060347356165,-24.26567067118633
52,0.0,14.16171975959522,1.4831559354246429,50,15.644859715583255,-23.72578609448399
52,0.0,13.785392557822862,1.6820811387157777,69,15.467457567448417,-23.416762878769102
52,0.0,13.787865579726526,1.675726312784514,69,15.463575783585535,-23.393920608325846
52,0.0,13.735227676892588,1.6605500877527442,75,15.395761869321891,-22.991048974570145
52,0.0,13.764776633700196,1.574429764297421,75,15.33919080336259,-22.599136261293456
52,0.0,13.772581820189467,1.5516815776368256,75,15.324247905157886,-22.478785689914073
52,0.0,13.645626862630097,1.6236534647515344,88,15.26926478368362,-22.198610342113756
52,0.0,13.64482638188997,1.5846422696184141,88,15.229453302894882,-21.93203890195795
52,0.0,13.67651743916676,1.5127776026464925,88,15.189279941994084,-21.6018674782685
52,0.0,13.523740696211439,1.578574153604146,104,15.102299795401642,-21.07883794351586
52,0.0,13.527961297918825,1.5588098917956896,104,15.086756229008142,-20.968589678833016
52,0.0,13.542755149859486,1.4895331433171244,104,15.032273611999011,-20.543538028709495
52,0.0,13.547777708106837,1.4660134740777497,104,15.013776599005556,-20.385352732097136
52,0.0,13.395221915875952,1.537569052551077,121,14.93277640205713,-19.868457290281246
52,0.0,13.39828000579461,1.517591875331685,121,14.9158574072823,-19.7421032573582
52,0.0,13.408999076821551,1.4475688259027715,121,14.856553732233113,-19.26124832271751
52,0.0,13.412638234412569,1.423795785194748,121,14.836419951940812,-19.084395931101827
52,0.0,13.272491640891063,1.5044646042856369,137,14.776942116699606,-18.70466035492834
52,0.0,13.313901839915568,1.421948156585098,137,14.735836159203213,-18.348371604100816
52,0.0,13.283450705366025,1.3969313869821463,137,14.680368440617155,-17.904462829374808
52,0.0,13.287113349302684,1.3609925632581208,137,14.648092432862084,-17.606862001311846
52,0.0,13.28994344644677,1.3332229072003412,137,14.623153036741536,-17.366434490302076
52,0.0,13.06593511931171,1.4607343085333508,160,14.526655945847068,-16.77135571797714
52,0.0,13.067770536564424,1.4406079385895671,160,14.5083651001407,-16.626270958824442
52,0.0,13.074203953638214,1.3700619459340004,160,14.444252838202175,-16.082982839670606
52,0.0,13.076388118527266,1.346111364391686,160,14.422486520720142,-15.886152039108325
52,0.0,13.045306966407166,1.3308610279290627,160,14.376155185168589,-15.511251950697808
52,0.0,13.085378367540985,1.247528288925116,160,14.332894205035812,-15.009245982832812
52,0.0,12.80791325250037,1.4210002958543444,183,14.228900810408218,-14.44736064263597
52,0.0,12.81897236577193,1.3781957103540812,183,14.197155516964918,-14.191850696029999
52,0.0,12.83495188849951,1.3163465521032864,183,14.151286140013728,-13.788268798370634
52,0.0,12.850971035308978,1.2543440278131661,183,14.10530304204615,-13.342204824105895
52,0.0,12.619583375965826,1.396561397917379,197,14.016132565896207,-12.820080709082436
52,0.0,12.648161675458105,1.3101141205825966,197,13.958263901179802,-12.346187820895462
52,0.0,12.66564431536685,1.2572304064503526,197,13.922863040952512,-12.01823506292212
52,0.0,12.513154108535202,1.3417106016244673,203,13.854852973338852,-11.614402853960154
52,0.0,12.551393020104513,1.2244996520309428,203,13.775881370635998,-10.921189245159159
52,0.0,12.56648931048857,1.1782260930137674,203,13.744704302368449,-10.609729363185593
52,0.0,12.237328744199738,1.348846968479258,216,13.586164524941783,-9.717332481947945
52,0.0,12.263169371478398,1.2615422553057263,216,13.524700739922913,-9.263238652746633
52,0.0,12.278977253324236,1.208134008843707,216,13.487100580943025,-8.953104735238245
52,0.0,12.079748950789469,1.3279069037771687,216,13.40764508249362,-8.52174224416526
52,0.0,12.330589351147415,1.0337582342874116,216,13.364337671007686,-7.765910324176769
52,0.0,11.847174547546109,1.294112688069044,232,13.14127704742413,-6.849787500393624
52,0.0,11.884856619922726,1.1579102266095957,232,13.042757116888488,-6.191842756070628
52,0.0,11.737713943476756,1.2769442431107683,236,13.01464828046162,-6.102843136505523
52,0.0,11.79091531140197,1.0611167661317749,236,12.852022938475045,-5.013305686944342
52,0.0,11.500444964072486,1.2369064350027013,243,12.737342113497304,-4.574758012939956
52,0.0,11.52717818699729,1.0736639917409403,243,12.60083343110811,-3.78938201942065
52,0.0,11.55595580767283,0.8979377381743745,243,12.453885548088026,-2.790200872412802
52,0.0,11.561051155523884,0.8668237555912072,243,12.427867079624564,-2.5969531681469586
52,0.0,10.999109424427413,1.1376792111784564,256,12.13678056874466,-1.7609414175348022
52,0.0,11.029283373060464,1.0266061841188068,256,12.055881792132622,-1.3984334473450684
52,0.0,10.704128210889333,1.0621034574273662,264,11.76622431780446,-0.3425038290016076
52,0.0,10.785584674433718,0.8552780965185205,264,11.64085601377065,0.19347311661599775
52,0.0,10.877840783608733,0.621031454252112,264,11.49886651513094,1.0371495464985792
52,0.0,10.954540275089865,0.42628447756232707,264,11.380820269402877,1.9377229335232293
52,0.0,11.09024622440638,0.0817147439453941,264,11.171959717867677,3.9715512575561824
52,2.9955114749189886e-09,10.731010333289811,0.10782427939444829,274,10.838832996894517,3.917330112899057
52,2.9955114749189886e-09,10.297627154899978,0.1050966741746638,274,10.402722158053885,4.105729183738148
52,2.9955114749189886e-09,9.317907721865545,0.09893056535291056,274,9.41683646452547,4.359864806535281
52,2.9955114749189886e-09,8.923003267974257,0.09644513559130335,274,9.019446537098343,4.467990201856944
52,2.9955114749189886e-09,8.242203785191068,0.0921603540966334,274,8.33436231023271,4.663838844634972
52,2.9955114749189886e-09,7.606796275522468,0.08816125831607831,274,7.694955897501174,4.384144012593691
52,0.0,7.5980566317992855,0.0,286,7.5980553779099305,4.297060922070388
52,0.0,6.750977877242178,0.0,286,6.750976979328674,4.345799373470252
52,0.0,6.2699313669807495,0.0,286,6.269930804262964,4.4630103836376716
52,0.0,5.4645125026514165,0.0,286,5.464512634107886,4.395268389795179
52,0.0,5.411773108164347,0.0,286,5.411773284761408,4.412995191196112
52,0.0,4.358802937339886,0.0,286,4.358803788445384,4.446426575372742
52,0.0,4.264801998904208,0.0,286,4.264802863754084,4.458867460705193
52,0.0,3.4940148287683943,0.0,286,3.4940154547902704,4.4983070928451685
52,0.0,2.7323219040798237,0.0,286,2.7323214653692816,4.447471704187505
52,0.0,2.228788219192511,0.0,286,2.228786666469123,4.490890530697126
52,0.0,1.7828559297666997,0.0,286,1.7828534533752283,4.53006173498456
52,0.0,1.2305494276552227,0.0,286,1.230546373056697,4.5373074229209145
52,0.0,0.6241424688333858,0.0,286,0.6241408996817146,4.328758865039536
52,0.0,0.06009328175411166,0.0,286,0.06009692256335164,4.551358875368624
52,0.00568672504320017,0.019934995149634805,0.0,320,0.019939184086267048,4.560919753533163
52,24.11211211642049,0.0,0.0,320,1.7519676607236079e-06,15.217679180146124
52,62.751637380413385,0.0,0.0,320,2.465509382432174e-06,37.925921138732924
53,0.0,15.700134172670499,1.1004414621484133,1,16.800570345967966,-8.795082189436913
53,0.0,15.446190727161845,1.0822157261443115,1,16.528401619553716,-8.533017424227042
53,0.0,15.381194639437851,1.0163383865388935,13,16.3975283668562,-8.373347384511318
53,0.0,15.27500073617643,0.9492532278636433,13,16.224249539948193,-7.997777380895757
53,0.0,15.179653804827048,0.9533693448955063,13,16.133018873382262,-7.740071988092366
53,0.0,15.097687432189645,0.9277599246411482,13,16.02544322465474,-7.420977085786111
53,0.0,15.03555671991281,0.9034723153447537,13,15.939025024415672,-7.1481965991982666
53,0.0,15.01115022699999,0.9007224020080175,13,15.911868656429208,-7.060025198503807
53,0.0,14.954612609129134,0.8830578943612036,13,15.837666621275037,-6.816701141451295
53,0.0,14.893751849985298,0.8640426725359241,13,15.757790745192931,-6.55294412029904
53,0.0,14.748074075196701,0.8598974527664336,13,15.607967960686857,-6.089002833026184
53,0.0,14.761983702207226,0.8228732787466587,13,15.584853426810119,-5.994435273784015
53,0.0,14.589826252788319,0.8235433715739133,13,15.41336631196478,-5.523399540754303
53,0.0,14.615331153381621,0.7770534305161938,13,15.392381287518466,-5.421125274003215
53,0.0,14.52851408444199,0.7499284677761443,13,15.278439406399986,-5.107174547711134
53,0.0,14.442339615734676,0.7230042778515239,13,15.1653408821891,-4.80248007492783
53,0.0,14.349954495944889,0.733022115372542,13,15.082973675717511,-4.597968934799804
53,0.0,14.294658067464958,0.6768629309581574,13,14.971518224233801,-4.238447983024491
53,0.0,14.248718667680851,0.662509710760058,13,14.911225667469694,-4.036876850612201
53,0.0,14.205691803671511,0.6611944227630321,13,14.866883549537526,-3.8795873090007884
53,0.0,14.161135475791164,0.6403978485783931,13,14.80153073309201,-3.6247068895918435
53,0.0,14.108465007689293,0.6186891193960264,13,14.72715162167753,-3.310193351866401
53,0.0,14.030773097936683,0.5944152043355186,13,14.625185913441534,-2.844171122600283
53,0.0,13.906168499240032,0.7611598413185511,93,14.667325847925314,-2.633492703718707
53,0.0,13.839100733749627,0.7640575418764599,93,14.603155836230888,-2.2878550757198077
53,0.0,13.881199998479946,0.5931094465205092,135,14.474307193648349,-2.155666210727194
53,0.0,13.977287251636705,0.4638184534849885,135,14.441103675595084,-1.7384203338074986
53,0.0,14.027886259351035,0.39573454288214455,135,14.423618989263733,-1.3205495317340965
53,0.0,14.034830444549332,0.3863907374281006,135,14.42121940023034,-1.254240938060974
53,0.0,13.745590461685051,0.4638559382040836,138,14.209444534561074,-0.981118005368895
53,0.0,13.734486363827369,0.4253016185494148,138,14.159786222211167,-0.6955671159645007
53,0.0,13.715769305733541,0.3603144894738826,138,14.076082263105295,-0.16702354055018986
53,0.0,13.480166709666555,0.46530717554432766,156,13.945472159943028,-0.19572334266681501
53,0.0,13.494282870319504,0.36044529191639135,156,13.854726718766285,0.2711237163750262
53,0.0,13.497617059579056,0.335677270729582,156,13.833292979674056,0.412522238756571
53,0.0,13.309897787324143,0.4262353061540624,175,13.736131557775515,0.7101861074247555
53,0.0,13.197428262672684,0.4502838617924742,175,13.647710582443338,1.0890354146526189
53,0.0,12.978899844438105,0.5633831747587327,175,13.542281394304222,1.5129765874868966
53,0.0,12.865396380143904,0.622126856402849,175,13.487521640007666,1.7671266400318224
53,0.0,12.863359824412482,0.4867485350604687,182,13.350106883565104,1.9288496091989735
53,0.0,12.702290882232154,0.4891395524656558,182,13.19142902647005,2.245215748196488
53,0.0,12.508054778397126,0.4483253160443999,182,12.956378821362428,2.674358012561642
53,0.0,12.334679269358508,0.49459663036553875,182,12.829274635116153,2.8959006385455375
53,0.0,12.244323078617352,0.4959379393839256,182,12.7402597635975,3.02613134985328
53,0.0,12.00222782695916,0.49953176667671195,182,12.5017584161342,3.327546126752429
53,0.0,11.804584372725643,0.5024657211231537,182,12.30704896528627,3.5606674433026555
53,0.0,11.541736565302282,0.5063676135299524,182,12.04810312418093,3.8874556533040003
53,0.0,11.429277256838267,0.5080370363266311,182,11.937313251168428,4.029732315927488
53,0.0,11.697118419749305,0.0,204,11.697118404600788,4.498473513739005
53,0.0,11.245428916725984,0.11822076087640018,204,11.363649069235539,4.367928022321955
53,0.0,10.7500834181359,0.0,204,10.750083019636707,4.497540801985147
53,0.0,10.452686153728138,0.0,204,10.45268559403111,4.501484082256002
53,0.0,10.06033422459943,0.0,204,10.060333497739352,4.5386467716771595
53,0.0,9.624359012077802,0.0,204,9.62435807293836,4.533547526432413
53,0.0,9.492500684792047,0.0,221,9.492499696154049,4.515177151779191
53,0.0,8.930426216982998,0.0,221,8.930424998011606,4.514545897331239
53,0.0,8.728185315039214,0.0,221,8.728184064423669,4.594436896547839
53,0.0,8.363651467230612,0.0,221,8.363650140694764,4.669401461911811
53,0.0,7.720592873420371,0.0,221,7.720591539852352,4.225732085875736
53,0.0,7.602704816636171,0.0,227,7.602703511196368,4.291389941463558
53,0.0,7.478164963817843,0.0,227,7.478163688890999,4.487365915190699
53,0.0,6.840488622112026,0.0,227,6.840487603117886,4.330841919767758
53,0.0,6.696880941155578,0.0,227,6.696880032472718,4.404409362014155
53,0.0,6.278414154302977,0.0,227,6.278413537175213,4.459876890217458
53,0.0,6.188266671208527,0.0,233,6.18826611837429,4.526614431953909
53,0.0,5.661372770106938,0.0,233,5.661372678749883,4.464561280306524
53,0.0,5.415202858604425,0.0,233,5.4152029869480405,4.408696070272157
53,0.0,5.363967313842062,0.0,233,5.363967497838697,4.517401520874552
53,0.0,4.855411071506651,0.0,248,4.855411623057422,4.505471373984341
53,0.0,4.671447639923295,0.0,248,4.671448315983175,4.421210880303622
53,0.0,4.315410074879319,0.0,248,4.315410908641022,4.427554691015414
53,0.0,4.2375830432136965,0.0,248,4.237583878607102,4.486542211692431
53,0.0,3.7797269899576067,0.0,248,3.7797277711925146,4.552955385521747
53,0.0,3.4931992916371466,0.0,248,3.4931998744869137,4.498448639371958
53,0.0,3.4525348940333584,0.0,248,3.4525354532482355,4.509220241439062
53,0.0,2.988390169966811,0.0,248,2.98839013564381,4.493624090310673
53,0.009705062946214316,2.7004499652370035,0.0,248,2.7004494075765155,4.421793079111298
53,0.01113354162350238,2.459922146287201,0.0,248,2.45992107804261,4.490852947202813
53,0.018162464426370938,2.2243869250697395,0.0,248,2.224385336271867,4.488512446387615
53,0.0,1.9753354278844801,0.0,248,1.9753332478496244,4.551474937125084
53,0.03502224735332809,1.7765530701118464,0.0,248,1.7765505362896103,4.522795639033928
53,0.0,1.6435248695450508,0.0,248,1.64352206148701,4.588830537659103
53,0.03464931043558752,1.2374968920382283,0.0,248,1.2374937950634557,4.523314381251985
53,0.0,1.1587603858885984,0.0,248,1.1587573070512196,4.566332404263627
53,0.0,0.7452102535721774,0.0,233,0.7452080712250719,4.397187940507088
53,0.008876999662646086,0.621690072504314,0.0,233,0.6216884938754621,4.319837438177583
53,0.0,0.2988022706753308,0.0,233,0.29880313097773126,4.416305624317676
53,0.0,0.06272209635816567,0.0,233,0.06272574360770022,4.5502039570825055
53,0.01668760540876749,0.0,0.0,309,4.540750490278356e-06,4.570423814085615
53,2.2824655234961426,0.0,0.0,309,2.8178854662996855e-06,6.788888366194314
53,5.123470946329141,0.0,0.0,309,2.16155593335543e-06,10.06350175486941
53,8.442358394029066,0.0,0.0,309,2.3859627216182844e-06,13.540618559340171
53,26.59407127099544,0.0,0.0,309,1.261515800266011e-06,19.429808310341954
53,29.045111767915692,0.0,0.0,309,7.885724606637723e-07,29.48915469776282
53,45.257350975154715,0.0,0.0,309,-1.621401732876393e-07,49.96049522505968
54,0.0,98.8209266623403,0.0,4,98.82105906323271,4.868872507808046
54,0.0,89.82318003114635,0.0,4,89.82313134222476,5.044939005975185
54,0.0,88.67653689716148,0.0,4,88.67642448810562,6.608664395031117
54,0.0,73.32844887215637,0.0,4,73.32845216558661,4.6595652836289245
54,0.0,75.12382719147443,0.0,4,75.12377262403285,6.112289209616563
54,0.0,76.36840259835648,0.0,4,76.36830455936705,8.041596800049014
54,0.0,77.08756369775129,0.0,4,77.08744046654678,9.063218258899626
54,0.0,78.54165977098992,0.0,4,78.5414879368311,10.625698182355919
54,1.0141277055413633,2.0742061139640477,0.5309578699596353,4,2.6051648681822197,-4.986706706785302
54,0.989760812996723,2.0288651264588458,0.4969070987448484,23,2.525772695537805,-4.946560917529673
54,0.964656403875193,1.9823890050200612,0.4600657978662135,23,2.442454862697881,-4.872751208059203
54,0.95310605740329,1.9609927029046754,0.4424976649094485,23,2.403490228014766,-4.826375320295906
54,0.9384290858920165,1.9167597735981048,0.434497820400989,23,2.3512571813853427,-4.748141904783552
54,0.9281391099600236,1.9149575811658812,0.4028346399783278,23,2.317791684302497,-4.696181233277095
54,0.9167155577869455,1.8940791744094747,0.38395675834446596,23,2.278035229688882,-4.622094087345367
54,0.9251798561766866,2.122121039836897,0.2963365519063375,23,2.4184576744169437,-4.503774769743028
54,0.9001113260451721,1.8642701146728127,0.3549281290039494,68,2.219197294624248,-4.495850108885019
54,0.8965448074184892,1.8732029077503844,0.33336634543446353,68,2.206568299256981,-4.462763060959656
54,0.8892167177473586,1.8435708905161319,0.3347316868634682,77,2.178301475081394,-4.3961416446471695
54,0.881390982896296,1.863280956470767,0.28562963947790704,77,2.1489094698755853,-4.302616224715411
54,0.875987802430819,1.8768895242750911,0.25172774677417264,77,2.128616169148801,-4.217614337298112
54,0.8690713657391371,1.8071250309282225,0.295194235685853,90,2.102317914179377,-4.184229686825102
54,0.8654351517997885,1.8154141674737592,0.27298556161119436,90,2.0883983538542665,-4.138632332215195
54,0.861244636762718,1.824966892345779,0.2473914177528909,90,2.0723569477849733,-4.077469203285787
54,0.8525943592666053,1.8103393935246859,0.22829559070300076,106,2.0386335448830444,-3.965622588321331
54,0.8782315614586903,1.6603078339744366,0.46552406068933094,106,2.1258302566492446,-3.8818648873249835
54,0.8449820397627598,1.778393326167539,0.2286478095883713,106,2.0070395449755924,-3.866407887653292
54,0.8429182179333328,1.7155819381566344,0.27488368066146573,106,1.9904638228898364,-3.783651157854152
54,0.8336538122752482,1.7300830211017655,0.22486944697324668,106,1.9549506841747526,-3.671528328615496
54,0.8295183580089136,1.7365560283884856,0.20254404546161284,106,1.9390983002699134,-3.6112903952859536
54,0.8259054485520279,1.7307272586974405,0.19444789612857538,126,1.9251733453264404,-3.5551956760694043
54,0.8216200348049947,1.7371469139360465,0.1717415028378774,126,1.9088866312475101,-3.4860962755049734
54,0.8179296517661515,1.6894971014577826,0.1871505193893079,132,1.8766456622953083,-3.343240330606921
54,0.8140826721185472,1.6938133331716259,0.1675058166386878,132,1.8613171951137915,-3.281538828280235
54,0.8127375146788534,1.6953225720377412,0.16063673479365467,132,1.8559573678510937,-3.2590566974222615
54,0.8115238925281357,1.6694968556799583,0.1676760855710773,146,1.8371709072365903,-3.1629793509217894
54,0.8067306272658217,1.6735712268470033,0.14360367289932227,146,1.8171728990676055,-3.0793359244149894
54,0.8013343692570087,1.678158153886887,0.11650295083148249,146,1.7946591375375576,-2.9792210829816934
54,0.796785960104963,1.6820243924718286,0.09366023795913671,146,1.7756827026263995,-2.8904334711646893
54,1.211232393572509,2.017992298527141,0.0621832734327289,160,2.080175347846362,-2.533564017805247
54,1.2142294248223973,2.0150014196562354,0.056408848513043466,160,2.0714100116439376,-2.4689408773260215
54,1.3330504555603886,2.026856633715463,0.1477139037357501,168,2.1745705570204095,-2.138426054505093
54,1.2733642009197974,1.929946329203271,0.15936591325651744,168,2.089311795515604,-2.0984373162858994
54,1.2490982044729275,1.8905465525022775,0.1641031450250785,168,2.054649061568771,-2.0623846314740533
54,1.2058515493485598,1.8203286012759328,0.17254579970805092,168,1.9928734374336141,-1.9671133173356807
54,0.976804118652386,1.5101085440650692,0.9890614719730878,136,2.499169887448412,-1.3986893958674624
54,0.9820283568494811,1.5037468503177263,1.0157286729906008,136,2.5194754797712733,-1.1978663411861614
54,1.1317332625623127,1.6781077890160725,0.23223672519206184,185,1.9103429270153072,-1.7422803979789308
54,1.1418352027116008,1.6725155814832513,0.23466234475128045,185,1.9071763219196445,-1.6113474988859853
54,0.75215447676355,1.5767959313965125,0.0,185,1.5767939199357865,-1.8492718748714498
54,0.7469630712047223,1.5594116321651792,0.0,185,1.559409564891654,-1.7370011609992613
54,0.5200176720397992,2.016739822339412,0.08535510848054965,185,2.102093646377508,-0.8659637249654359
54,0.7357395881765286,1.522584794524143,0.0,204,1.5225826583790294,-1.4825766486915306
54,0.8260637212313601,1.5266271470887172,0.0,204,1.5266251054833297,-1.3320007592670091
54,0.8793221977742285,1.5290106688780456,0.0,204,1.5290086823214395,-1.0942034907351577
54,0.7165173629130155,1.4540360668822332,0.0,216,1.454033778692967,-0.9478362024310183
54,0.692933320810654,1.4529322933128022,0.0,216,1.4529299775759714,-0.9247918655282135
54,0.6400994314669104,1.4504595767880117,0.0,216,1.4504572280551375,-0.7704711949702947
54,0.7044342729461445,1.4044667325613411,0.0,227,1.40446436016739,-0.5115826444479001
54,0.5700513846778477,1.4409838392906205,0.0,227,1.4409813931027315,-0.29749886023090966
54,0.6991662520048465,1.3818591478286484,0.0,227,1.3818567418469652,-0.29922825491229155
54,0.5597707930619185,1.3972047694659109,0.0,227,1.3972022325780529,0.10056501887647507
54,0.6895475606054747,1.3330244457773048,0.0,241,1.3330219483357624,0.18613277889976843
54,0.6871033455199193,1.319536013623631,0.0,241,1.3195335053366435,0.3261361392138298
54,0.5565600132616434,1.3243007052138056,0.0,241,1.3242980968681746,0.7424405490083501
54,0.5492540138907898,1.3238214449797356,0.0,241,1.3238188394511194,0.8004736568925122
54,0.5916846794118628,1.27780491472878,0.0,251,1.2778022974421575,0.9856087185489173
54,0.6756794706881082,1.23648364953009,0.0,251,1.2364810614050477,1.2321195696821228
54,0.5859396226638006,1.2254587094877407,0.0,251,1.225456064303339,1.5660381834483879
54,0.7752605728621811,1.2082203274996657,7.160904573560344e-08,262,1.208217859159486,1.799511354183256
54,0.7356947625335876,1.1636983585552874,7.160904573560344e-08,262,1.1636958465283893,2.1617523196449415
54,0.6676170763169784,1.117266409807728,0.0,262,1.1172637801524168,2.57536425135954
54,0.6646436911401863,1.0837471691882454,7.160904573560344e-08,262,1.083744619176377,2.9353521149872126
54,0.6547292072435561,1.0725907606506884,7.160904573560344e-08,262,1.0725882015159698,3.0544377438723966
54,0.5959715021748971,1.0064728497932114,7.160904573560344e-08,262,1.0064702995408688,3.7925305609224242
54,0.0,1.0877766083278755,0.0,282,1.0877735976769554,4.615234776626003
54,0.6579534435348995,0.9405062657959368,0.0,282,0.9405037578779307,4.2106181416287
54,0.0,0.7331802239945368,0.0,282,0.7331781245936053,4.423682010749145
54,0.2817047901244086,0.41130742857232216,0.0,282,0.4113071696512858,3.7023576000797327
54,0.0,0.45788028989532104,0.0,282,0.4578797831797736,4.583294140157273
54,0.0,0.2304340664902177,0.0,282,0.230435641980554,4.591045861547145
54,0.0,0.05700867351851324,0.0,282,0.057012393313266685,4.556743959690125
54,0.31836644965052285,0.0,0.0,312,4.207537070755052e-06,4.808428939716356
54,1.3246703575854029,0.0,0.0,312,3.3463119653021067e-06,5.783989645887186
54,2.690476457392954,0.0,0.0,315,2.6214475035146734e-06,7.3394295272364305
54,4.03797188840751,0.0,0.0,315,2.2362884983806453e-06,8.605150884079857
54,5.383796680657992,0.0,0.0,315,2.1405968197996117e-06,10.370555779274177
54,100.0,0.0,0.0,315,0.000464233319078744,12.65307762621471
54,19.246159675674733,0.0,0.0,315,2.6764702187875855e-06,15.644669808238234
54,87.2449838295442,0.0,0.0,315,6.78042264752321e-05,20.352547528214465
54,28.679282032899412,0.0,0.0,315,8.391899939397263e-07,27.61398791329716
54,62.79923759649043,0.0,0.0,315,2.4755176930568723e-06,37.78000547605426
54,58.86806381249845,0.0,0.0,315,2.5975245829812366e-06,60.48609567459937
