step,intervened_set,relative_hv_improvement,previous_hv,current_hv,cost
0,,,,,0.0
1,ciweightbmiaspirin,0.55897874314668,0.1983869277533468,0.3092810032856438,20.0
2,ciweightbmiaspirin,0.10807034896357583,0.3092810032856438,0.34270510923852815,20.0
3,ciweightbmiaspirin,0.01784130287312872,0.34270510923852815,0.3488194148886214,20.0
4,ciweightbmiaspirin,0.015630929626378083,0.3488194148886214,0.3542717866150598,20.0
5,ciweightbmiaspirin,0.007113547622445532,0.3542717866150598,0.3567919158404349,20.0
6,ciweightbmiaspirin,0.007572409548221318,0.3567919158404349,0.3594936903506732,20.0
