type_trial,intervened_set,relative_hv_improvement,previous_hv,current_hv,cost
0,,,,,0.0
1,aspirinstatinbmi,0.5476857024546727,0.03332420070071118,0.05157538897022068,30.0
1,aspirinstatinbmi,0.019846743860793863,0.05157538897022068,0.052598992504633464,30.0
1,aspirinstatinbmi,0.0,0.052598992504633464,0.052598992504633464,30.0
1,aspirinstatinbmi,0.0017480641631920661,0.052598992504633464,0.05269093891845082,30.0
1,aspirinstatinbmi,1.873154556690327e-05,0.05269093891845082,0.052691925901174136,30.0
1,aspirinstatinbmi,1.9815469923799888e-05,0.052691925901174136,0.05269297001644706,30.0
1,aspirinstatinbmi,0.0,0.05269297001644706,0.05269297001644706,30.0
1,aspirinstatinbmi,9.64041658517339e-06,0.05269297001644706,0.052693477998629126,30.0
