type_trial,intervened_set,relative_hv_improvement,previous_hv,current_hv,cost
0,,,,,0.0
1,aspirinstatinbmi,0.6071376398674645,0.025720995470760163,0.041337179955919234,30.0
1,aspirinstatinbmi,0.03369124626471628,0.041337179955919234,0.042729881065703,30.0
1,aspirinstatinbmi,0.016611674642193004,0.042729881065703,0.043439695947466064,30.0
1,aspirinstatinbmi,0.004433566858371992,0.043439695947466064,0.043632288743756506,30.0
1,aspirinstatinbmi,0.0035099071310206406,0.043632288743756506,0.04378543402516097,30.0
1,aspirinstatinbmi,0.0052803770907026495,0.04378543402516097,0.0440166376278939,30.0
1,aspirinstatinbmi,0.0,0.0440166376278939,0.0440166376278939,30.0
1,aspirinstatinbmi,0.00014688859886017534,0.0440166376278939,0.0440231031701216,30.0
