Pareto_f1,Pareto_f2
8.722256323157682,82.32364169109303
