iterID,x1,x2,Pareto_f1,Pareto_f2
0,50.0,25.0,-86268.91941242623,28275.849733580522
0,0.0,50.0,33036.22186612599,-20603.71282759182
1,50.0,25.0,-86268.91941242623,28275.849733580522
1,1.154359719898922,50.0,-39776.7740241426,27964.679812980332
1,50.0,26.994988013596217,-31690.030948644504,18099.332847946964
1,0.0,50.0,33036.22186612599,-20603.71282759182
1,2.0218826639397323,50.0,55337.446043623095,-22174.372086924348
1,50.0,28.037081918621382,66957.33889742388,-36058.80565298599
1,50.0,26.118842524180373,72735.04642973862,-43129.58325760413
2,50.0,25.0,-86268.91941242623,28275.849733580522
2,1.154359719898922,50.0,-39776.7740241426,27964.679812980332
2,50.0,25.696975890340156,-38232.541206139445,14242.880743226438
2,50.0,25.24943658887101,25971.476601266168,-21116.84106936139
2,2.0218826639397323,50.0,55337.446043623095,-22174.372086924348
2,50.0,28.037081918621382,66957.33889742388,-36058.80565298599
2,50.0,26.118842524180373,72735.04642973862,-43129.58325760413
3,50.0,25.0,-86268.91941242623,28275.849733580522
3,1.154359719898922,50.0,-39776.7740241426,27964.679812980332
3,50.0,25.696975890340156,-38232.541206139445,14242.880743226438
3,50.0,23.656015160558564,-8057.683998093382,1698.7615359041858
3,49.99999999999994,23.67083183540451,-187.03597933293878,-12502.310791632362
3,50.0,25.24943658887101,25971.476601266168,-21116.84106936139
3,2.0218826639397323,50.0,55337.446043623095,-22174.372086924348
3,50.0,28.037081918621382,66957.33889742388,-36058.80565298599
3,50.0,26.118842524180373,72735.04642973862,-43129.58325760413
4,49.99999945423741,22.912546676808844,-161223.25908966712,64806.67343580996
4,50.0,25.0,-86268.91941242623,28275.849733580522
4,49.99999998553564,22.71703764398655,-43399.31737883951,20511.061455623887
4,50.0,25.696975890340156,-38232.541206139445,14242.880743226438
4,50.0,23.656015160558564,-8057.683998093382,1698.7615359041858
4,49.99999999682579,22.847807564884672,-1004.0458353170212,-3242.533684250538
4,49.99999999999994,23.67083183540451,-187.03597933293878,-12502.310791632362
4,50.0,25.24943658887101,25971.476601266168,-21116.84106936139
4,2.0218826639397323,50.0,55337.446043623095,-22174.372086924348
4,50.0,28.037081918621382,66957.33889742388,-36058.80565298599
4,50.0,26.118842524180373,72735.04642973862,-43129.58325760413
5,49.99999945423741,22.912546676808844,-161223.25908966712,64806.67343580996
5,49.069850144392454,21.24854128672069,-111038.87257603997,46136.969837959805
5,50.0,25.0,-86268.91941242623,28275.849733580522
5,49.99999998553564,22.71703764398655,-43399.31737883951,20511.061455623887
5,50.0,25.696975890340156,-38232.541206139445,14242.880743226438
5,50.0,23.656015160558564,-8057.683998093382,1698.7615359041858
5,49.99999999682579,22.847807564884672,-1004.0458353170212,-3242.533684250538
5,49.99999999999994,23.67083183540451,-187.03597933293878,-12502.310791632362
5,49.985173680166135,29.02400536287244,25247.37479234051,-20497.54907396125
5,48.9254636805041,21.230030992014097,25281.067755635122,-24141.815121107524
5,50.0,28.037081918621382,66957.33889742388,-36058.80565298599
5,50.0,26.118842524180373,72735.04642973862,-43129.58325760413
5,46.59452313126686,21.076398018841733,87433.0200287594,-48281.4542029099
6,49.99999945423741,22.912546676808844,-161223.25908966712,64806.67343580996
6,50.0,21.673209573403604,-116844.93295981175,49009.184400153
6,49.069850144392454,21.24854128672069,-111038.87257603997,46136.969837959805
6,50.0,25.0,-86268.91941242623,28275.849733580522
6,49.99999998553564,22.71703764398655,-43399.31737883951,20511.061455623887
6,50.0,25.696975890340156,-38232.541206139445,14242.880743226438
6,48.598367343835946,21.5489585167617,-22389.512193795574,12178.13110898332
6,50.0,23.656015160558564,-8057.683998093382,1698.7615359041858
6,49.99999999682579,22.847807564884672,-1004.0458353170212,-3242.533684250538
6,49.99999999999994,23.67083183540451,-187.03597933293878,-12502.310791632362
6,50.0,21.70375447473031,1064.0552627762054,-19936.419400120623
6,49.985173680166135,29.02400536287244,25247.37479234051,-20497.54907396125
6,48.9254636805041,21.230030992014097,25281.067755635122,-24141.815121107524
6,50.0,28.037081918621382,66957.33889742388,-36058.80565298599
6,50.0,22.364160705136165,71292.548045869,-44449.79473628973
6,46.59452313126686,21.076398018841733,87433.0200287594,-48281.4542029099
7,49.99999945423741,22.912546676808844,-161223.25908966712,64806.67343580996
7,50.0,21.673209573403604,-116844.93295981175,49009.184400153
7,49.069850144392454,21.24854128672069,-111038.87257603997,46136.969837959805
7,50.0,25.0,-86268.91941242623,28275.849733580522
7,49.99999998553564,22.71703764398655,-43399.31737883951,20511.061455623887
7,50.0,25.696975890340156,-38232.541206139445,14242.880743226438
7,48.598367343835946,21.5489585167617,-22389.512193795574,12178.13110898332
7,50.0,23.656015160558564,-8057.683998093382,1698.7615359041858
7,49.99999999682579,22.847807564884672,-1004.0458353170212,-3242.533684250538
7,49.99999999999994,23.67083183540451,-187.03597933293878,-12502.310791632362
7,50.0,21.70375447473031,1064.0552627762054,-19936.419400120623
7,49.985173680166135,29.02400536287244,25247.37479234051,-20497.54907396125
7,48.9254636805041,21.230030992014097,25281.067755635122,-24141.815121107524
7,49.85005557219884,22.505891199911233,58996.576226266334,-28029.186319119097
7,50.0,28.037081918621382,66957.33889742388,-36058.80565298599
7,50.0,22.364160705136165,71292.548045869,-44449.79473628973
7,46.59452313126686,21.076398018841733,87433.0200287594,-48281.4542029099
8,49.99999945423741,22.912546676808844,-161223.25908966712,64806.67343580996
8,50.0,21.673209573403604,-116844.93295981175,49009.184400153
8,49.069850144392454,21.24854128672069,-111038.87257603997,46136.969837959805
8,50.0,25.0,-86268.91941242623,28275.849733580522
8,49.99999998553564,22.71703764398655,-43399.31737883951,20511.061455623887
8,50.0,25.696975890340156,-38232.541206139445,14242.880743226438
8,48.598367343835946,21.5489585167617,-22389.512193795574,12178.13110898332
8,50.0,23.656015160558564,-8057.683998093382,1698.7615359041858
8,49.99999999682579,22.847807564884672,-1004.0458353170212,-3242.533684250538
8,49.99999999999994,23.67083183540451,-187.03597933293878,-12502.310791632362
8,50.0,21.70375447473031,1064.0552627762054,-19936.419400120623
8,49.985173680166135,29.02400536287244,25247.37479234051,-20497.54907396125
8,48.9254636805041,21.230030992014097,25281.067755635122,-24141.815121107524
8,50.0,23.81819656750527,37669.54475362228,-26015.213534214377
8,49.85005557219884,22.505891199911233,58996.576226266334,-28029.186319119097
8,50.0,28.037081918621382,66957.33889742388,-36058.80565298599
8,50.0,22.364160705136165,71292.548045869,-44449.79473628973
8,46.59452313126686,21.076398018841733,87433.0200287594,-48281.4542029099
9,49.99999945423741,22.912546676808844,-161223.25908966712,64806.67343580996
9,50.0,21.673209573403604,-116844.93295981175,49009.184400153
9,49.069850144392454,21.24854128672069,-111038.87257603997,46136.969837959805
9,50.0,24.537927481351264,-106890.88483328989,42602.24603774929
9,50.0,25.0,-86268.91941242623,28275.849733580522
9,49.99999998553564,22.71703764398655,-43399.31737883951,20511.061455623887
9,50.0,25.696975890340156,-38232.541206139445,14242.880743226438
9,48.598367343835946,21.5489585167617,-22389.512193795574,12178.13110898332
9,50.0,23.656015160558564,-8057.683998093382,1698.7615359041858
9,49.99999999682579,22.847807564884672,-1004.0458353170212,-3242.533684250538
9,49.99999999999994,23.67083183540451,-187.03597933293878,-12502.310791632362
9,50.0,21.70375447473031,1064.0552627762054,-19936.419400120623
9,49.985173680166135,29.02400536287244,25247.37479234051,-20497.54907396125
9,48.9254636805041,21.230030992014097,25281.067755635122,-24141.815121107524
9,50.0,23.81819656750527,37669.54475362228,-26015.213534214377
9,49.85005557219884,22.505891199911233,58996.576226266334,-28029.186319119097
9,50.0,28.037081918621382,66957.33889742388,-36058.80565298599
9,50.0,22.364160705136165,71292.548045869,-44449.79473628973
9,46.59452313126686,21.076398018841733,87433.0200287594,-48281.4542029099
9,50.0,26.392101872198914,131927.789092269,-80305.04603140382
10,49.99999945423741,22.912546676808844,-161223.25908966712,64806.67343580996
10,50.0,21.673209573403604,-116844.93295981175,49009.184400153
10,49.069850144392454,21.24854128672069,-111038.87257603997,46136.969837959805
10,50.0,24.537927481351264,-106890.88483328989,42602.24603774929
10,50.0,25.0,-86268.91941242623,28275.849733580522
10,49.59937336624848,27.215575137369854,-51131.51671609276,15949.532256403936
10,48.85100032099609,19.703702359249498,-50745.17334782768,9176.956838102325
10,50.0,23.656015160558564,-8057.683998093382,1698.7615359041858
10,49.99999999682579,22.847807564884672,-1004.0458353170212,-3242.533684250538
10,49.99999999999994,23.67083183540451,-187.03597933293878,-12502.310791632362
10,50.0,21.70375447473031,1064.0552627762054,-19936.419400120623
10,49.985173680166135,29.02400536287244,25247.37479234051,-20497.54907396125
10,48.9254636805041,21.230030992014097,25281.067755635122,-24141.815121107524
10,50.0,23.81819656750527,37669.54475362228,-26015.213534214377
10,49.85005557219884,22.505891199911233,58996.576226266334,-28029.186319119097
10,50.0,28.037081918621382,66957.33889742388,-36058.80565298599
10,50.0,22.364160705136165,71292.548045869,-44449.79473628973
10,46.59452313126686,21.076398018841733,87433.0200287594,-48281.4542029099
10,50.0,26.392101872198914,131927.789092269,-80305.04603140382
11,49.99999945423741,22.912546676808844,-161223.25908966712,64806.67343580996
11,50.0,21.673209573403604,-116844.93295981175,49009.184400153
11,49.069850144392454,21.24854128672069,-111038.87257603997,46136.969837959805
11,50.0,24.537927481351264,-106890.88483328989,42602.24603774929
11,50.0,25.0,-86268.91941242623,28275.849733580522
11,49.59937336624848,27.215575137369854,-51131.51671609276,15949.532256403936
11,48.85100032099609,19.703702359249498,-50745.17334782768,9176.956838102325
11,48.602484449031955,19.90276871244778,-31016.256686646357,3854.4846164751016
11,50.0,23.656015160558564,-8057.683998093382,1698.7615359041858
11,49.99999999682579,22.847807564884672,-1004.0458353170212,-3242.533684250538
11,49.99999999999994,23.67083183540451,-187.03597933293878,-12502.310791632362
11,50.0,21.70375447473031,1064.0552627762054,-19936.419400120623
11,49.985173680166135,29.02400536287244,25247.37479234051,-20497.54907396125
11,48.9254636805041,21.230030992014097,25281.067755635122,-24141.815121107524
11,50.0,23.81819656750527,37669.54475362228,-26015.213534214377
11,49.85005557219884,22.505891199911233,58996.576226266334,-28029.186319119097
11,50.0,28.037081918621382,66957.33889742388,-36058.80565298599
11,50.0,22.364160705136165,71292.548045869,-44449.79473628973
11,46.59452313126686,21.076398018841733,87433.0200287594,-48281.4542029099
11,50.0,26.392101872198914,131927.789092269,-80305.04603140382
12,49.99999945423741,22.912546676808844,-161223.25908966712,64806.67343580996
12,50.0,21.673209573403604,-116844.93295981175,49009.184400153
12,49.069850144392454,21.24854128672069,-111038.87257603997,46136.969837959805
12,50.0,24.537927481351264,-106890.88483328989,42602.24603774929
12,50.0,25.0,-86268.91941242623,28275.849733580522
12,49.59937336624848,27.215575137369854,-51131.51671609276,15949.532256403936
12,48.85100032099609,19.703702359249498,-50745.17334782768,9176.956838102325
12,48.602484449031955,19.90276871244778,-31016.256686646357,3854.4846164751016
12,47.60818705236999,20.644869696258425,-21475.371703417837,-6200.031395813182
12,49.99999999999994,23.67083183540451,-187.03597933293878,-12502.310791632362
12,50.0,21.70375447473031,1064.0552627762054,-19936.419400120623
12,49.985173680166135,29.02400536287244,25247.37479234051,-20497.54907396125
12,48.9254636805041,21.230030992014097,25281.067755635122,-24141.815121107524
12,50.0,23.81819656750527,37669.54475362228,-26015.213534214377
12,49.85005557219884,22.505891199911233,58996.576226266334,-28029.186319119097
12,50.0,28.037081918621382,66957.33889742388,-36058.80565298599
12,50.0,22.364160705136165,71292.548045869,-44449.79473628973
12,46.59452313126686,21.076398018841733,87433.0200287594,-48281.4542029099
12,50.0,26.392101872198914,131927.789092269,-80305.04603140382
13,49.99999945423741,22.912546676808844,-161223.25908966712,64806.67343580996
13,50.0,21.673209573403604,-116844.93295981175,49009.184400153
13,49.069850144392454,21.24854128672069,-111038.87257603997,46136.969837959805
13,50.0,24.537927481351264,-106890.88483328989,42602.24603774929
13,50.0,25.0,-86268.91941242623,28275.849733580522
13,49.59937336624848,27.215575137369854,-51131.51671609276,15949.532256403936
13,48.85100032099609,19.703702359249498,-50745.17334782768,9176.956838102325
13,48.602484449031955,19.90276871244778,-31016.256686646357,3854.4846164751016
13,47.60818705236999,20.644869696258425,-21475.371703417837,-6200.031395813182
13,49.99999999999994,23.67083183540451,-187.03597933293878,-12502.310791632362
13,50.0,21.70375447473031,1064.0552627762054,-19936.419400120623
13,49.985173680166135,29.02400536287244,25247.37479234051,-20497.54907396125
13,48.9254636805041,21.230030992014097,25281.067755635122,-24141.815121107524
13,48.20417032310728,22.34038497451201,30804.686049109885,-25352.535522563394
13,50.0,23.81819656750527,37669.54475362228,-26015.213534214377
13,49.85005557219884,22.505891199911233,58996.576226266334,-28029.186319119097
13,50.0,28.037081918621382,66957.33889742388,-36058.80565298599
13,50.0,22.364160705136165,71292.548045869,-44449.79473628973
13,46.59452313126686,21.076398018841733,87433.0200287594,-48281.4542029099
13,50.0,26.392101872198914,131927.789092269,-80305.04603140382
14,49.99999945423741,22.912546676808844,-161223.25908966712,64806.67343580996
14,50.0,21.673209573403604,-116844.93295981175,49009.184400153
14,49.069850144392454,21.24854128672069,-111038.87257603997,46136.969837959805
14,50.0,24.537927481351264,-106890.88483328989,42602.24603774929
14,50.0,25.0,-86268.91941242623,28275.849733580522
14,49.59937336624848,27.215575137369854,-51131.51671609276,15949.532256403936
14,48.85100032099609,19.703702359249498,-50745.17334782768,9176.956838102325
14,48.602484449031955,19.90276871244778,-31016.256686646357,3854.4846164751016
14,47.60818705236999,20.644869696258425,-21475.371703417837,-6200.031395813182
14,49.99999999999994,23.67083183540451,-187.03597933293878,-12502.310791632362
14,50.0,21.70375447473031,1064.0552627762054,-19936.419400120623
14,49.985173680166135,29.02400536287244,25247.37479234051,-20497.54907396125
14,48.9254636805041,21.230030992014097,25281.067755635122,-24141.815121107524
14,48.20417032310728,22.34038497451201,30804.686049109885,-25352.535522563394
14,50.0,23.81819656750527,37669.54475362228,-26015.213534214377
14,47.10929696903039,21.31938715941794,49122.55291127935,-28409.780799155364
14,47.850113172301185,18.533813463693036,61968.336957811895,-42482.42492501929
14,50.0,22.364160705136165,71292.548045869,-44449.79473628973
14,46.59452313126686,21.076398018841733,87433.0200287594,-48281.4542029099
14,50.0,26.392101872198914,131927.789092269,-80305.04603140382
15,49.99999945423741,22.912546676808844,-161223.25908966712,64806.67343580996
15,50.0,21.673209573403604,-116844.93295981175,49009.184400153
15,49.069850144392454,21.24854128672069,-111038.87257603997,46136.969837959805
15,50.0,24.537927481351264,-106890.88483328989,42602.24603774929
15,50.0,25.0,-86268.91941242623,28275.849733580522
15,46.93775364303613,17.60391712272539,-60195.49408129816,8464.509543960738
15,48.602484449031955,19.90276871244778,-31016.256686646357,3854.4846164751016
15,47.60818705236999,20.644869696258425,-21475.371703417837,-6200.031395813182
15,49.99999999999994,23.67083183540451,-187.03597933293878,-12502.310791632362
15,50.0,21.70375447473031,1064.0552627762054,-19936.419400120623
15,49.985173680166135,29.02400536287244,25247.37479234051,-20497.54907396125
15,48.9254636805041,21.230030992014097,25281.067755635122,-24141.815121107524
15,48.20417032310728,22.34038497451201,30804.686049109885,-25352.535522563394
15,50.0,23.81819656750527,37669.54475362228,-26015.213534214377
15,47.10929696903039,21.31938715941794,49122.55291127935,-28409.780799155364
15,47.04637007504772,17.60314256067523,61419.077662451906,-34551.4565372244
15,47.850113172301185,18.533813463693036,61968.336957811895,-42482.42492501929
15,50.0,22.364160705136165,71292.548045869,-44449.79473628973
15,46.59452313126686,21.076398018841733,87433.0200287594,-48281.4542029099
15,50.0,26.392101872198914,131927.789092269,-80305.04603140382
16,49.99999945423741,22.912546676808844,-161223.25908966712,64806.67343580996
16,50.0,21.673209573403604,-116844.93295981175,49009.184400153
16,49.069850144392454,21.24854128672069,-111038.87257603997,46136.969837959805
16,50.0,24.537927481351264,-106890.88483328989,42602.24603774929
16,50.0,25.0,-86268.91941242623,28275.849733580522
16,46.93775364303613,17.60391712272539,-60195.49408129816,8464.509543960738
16,48.602484449031955,19.90276871244778,-31016.256686646357,3854.4846164751016
16,47.60818705236999,20.644869696258425,-21475.371703417837,-6200.031395813182
16,46.58046691138726,16.904235058832334,-4388.863957575005,-12287.095196032169
16,49.99999999999994,23.67083183540451,-187.03597933293878,-12502.310791632362
16,50.0,21.70375447473031,1064.0552627762054,-19936.419400120623
16,49.985173680166135,29.02400536287244,25247.37479234051,-20497.54907396125
16,48.9254636805041,21.230030992014097,25281.067755635122,-24141.815121107524
16,48.20417032310728,22.34038497451201,30804.686049109885,-25352.535522563394
16,50.0,23.81819656750527,37669.54475362228,-26015.213534214377
16,47.10929696903039,21.31938715941794,49122.55291127935,-28409.780799155364
16,47.04637007504772,17.60314256067523,61419.077662451906,-34551.4565372244
16,47.850113172301185,18.533813463693036,61968.336957811895,-42482.42492501929
16,50.0,22.364160705136165,71292.548045869,-44449.79473628973
16,46.59452313126686,21.076398018841733,87433.0200287594,-48281.4542029099
16,50.0,26.392101872198914,131927.789092269,-80305.04603140382
17,49.99999945423741,22.912546676808844,-161223.25908966712,64806.67343580996
17,50.0,21.673209573403604,-116844.93295981175,49009.184400153
17,49.069850144392454,21.24854128672069,-111038.87257603997,46136.969837959805
17,50.0,24.537927481351264,-106890.88483328989,42602.24603774929
17,48.63375954068784,18.00317273288245,-91767.79387905583,22701.88922529849
17,46.93775364303613,17.60391712272539,-60195.49408129816,8464.509543960738
17,48.602484449031955,19.90276871244778,-31016.256686646357,3854.4846164751016
17,47.60818705236999,20.644869696258425,-21475.371703417837,-6200.031395813182
17,46.58046691138726,16.904235058832334,-4388.863957575005,-12287.095196032169
17,49.99999999999994,23.67083183540451,-187.03597933293878,-12502.310791632362
17,50.0,21.70375447473031,1064.0552627762054,-19936.419400120623
17,49.985173680166135,29.02400536287244,25247.37479234051,-20497.54907396125
17,48.9254636805041,21.230030992014097,25281.067755635122,-24141.815121107524
17,48.20417032310728,22.34038497451201,30804.686049109885,-25352.535522563394
17,50.0,23.81819656750527,37669.54475362228,-26015.213534214377
17,47.10929696903039,21.31938715941794,49122.55291127935,-28409.780799155364
17,47.04637007504772,17.60314256067523,61419.077662451906,-34551.4565372244
17,47.850113172301185,18.533813463693036,61968.336957811895,-42482.42492501929
17,50.0,22.364160705136165,71292.548045869,-44449.79473628973
17,46.59452313126686,21.076398018841733,87433.0200287594,-48281.4542029099
17,50.0,26.392101872198914,131927.789092269,-80305.04603140382
18,49.99999945423741,22.912546676808844,-161223.25908966712,64806.67343580996
18,50.0,21.673209573403604,-116844.93295981175,49009.184400153
18,49.069850144392454,21.24854128672069,-111038.87257603997,46136.969837959805
18,50.0,24.537927481351264,-106890.88483328989,42602.24603774929
18,48.63375954068784,18.00317273288245,-91767.79387905583,22701.88922529849
18,48.74669487119885,17.363613654001885,-76166.99732082916,20500.419121563387
18,46.93775364303613,17.60391712272539,-60195.49408129816,8464.509543960738
18,48.602484449031955,19.90276871244778,-31016.256686646357,3854.4846164751016
18,47.60818705236999,20.644869696258425,-21475.371703417837,-6200.031395813182
18,46.58046691138726,16.904235058832334,-4388.863957575005,-12287.095196032169
18,49.99999999999994,23.67083183540451,-187.03597933293878,-12502.310791632362
18,50.0,21.70375447473031,1064.0552627762054,-19936.419400120623
18,49.985173680166135,29.02400536287244,25247.37479234051,-20497.54907396125
18,48.9254636805041,21.230030992014097,25281.067755635122,-24141.815121107524
18,48.20417032310728,22.34038497451201,30804.686049109885,-25352.535522563394
18,50.0,23.81819656750527,37669.54475362228,-26015.213534214377
18,47.10929696903039,21.31938715941794,49122.55291127935,-28409.780799155364
18,47.04637007504772,17.60314256067523,61419.077662451906,-34551.4565372244
18,47.850113172301185,18.533813463693036,61968.336957811895,-42482.42492501929
18,50.0,22.364160705136165,71292.548045869,-44449.79473628973
18,46.59452313126686,21.076398018841733,87433.0200287594,-48281.4542029099
18,50.0,26.392101872198914,131927.789092269,-80305.04603140382
19,49.99999945423741,22.912546676808844,-161223.25908966712,64806.67343580996
19,50.0,21.673209573403604,-116844.93295981175,49009.184400153
19,49.069850144392454,21.24854128672069,-111038.87257603997,46136.969837959805
19,50.0,24.537927481351264,-106890.88483328989,42602.24603774929
19,48.63375954068784,18.00317273288245,-91767.79387905583,22701.88922529849
19,48.74669487119885,17.363613654001885,-76166.99732082916,20500.419121563387
19,49.426482542691765,16.2568753617955,-73932.96699485392,16026.649466574501
19,46.93775364303613,17.60391712272539,-60195.49408129816,8464.509543960738
19,48.602484449031955,19.90276871244778,-31016.256686646357,3854.4846164751016
19,47.60818705236999,20.644869696258425,-21475.371703417837,-6200.031395813182
19,50.0,23.2288009827092,-19361.744747916477,-9529.1707792681
19,46.58046691138726,16.904235058832334,-4388.863957575005,-12287.095196032169
19,49.99999999999994,23.67083183540451,-187.03597933293878,-12502.310791632362
19,50.0,21.70375447473031,1064.0552627762054,-19936.419400120623
19,49.985173680166135,29.02400536287244,25247.37479234051,-20497.54907396125
19,48.9254636805041,21.230030992014097,25281.067755635122,-24141.815121107524
19,48.20417032310728,22.34038497451201,30804.686049109885,-25352.535522563394
19,50.0,23.81819656750527,37669.54475362228,-26015.213534214377
19,47.10929696903039,21.31938715941794,49122.55291127935,-28409.780799155364
19,47.04637007504772,17.60314256067523,61419.077662451906,-34551.4565372244
19,47.850113172301185,18.533813463693036,61968.336957811895,-42482.42492501929
19,50.0,22.364160705136165,71292.548045869,-44449.79473628973
19,46.59452313126686,21.076398018841733,87433.0200287594,-48281.4542029099
19,50.0,26.392101872198914,131927.789092269,-80305.04603140382
20,49.99999945423741,22.912546676808844,-161223.25908966712,64806.67343580996
20,50.0,21.673209573403604,-116844.93295981175,49009.184400153
20,49.069850144392454,21.24854128672069,-111038.87257603997,46136.969837959805
20,50.0,24.537927481351264,-106890.88483328989,42602.24603774929
20,48.63375954068784,18.00317273288245,-91767.79387905583,22701.88922529849
20,48.74669487119885,17.363613654001885,-76166.99732082916,20500.419121563387
20,49.426482542691765,16.2568753617955,-73932.96699485392,16026.649466574501
20,46.93775364303613,17.60391712272539,-60195.49408129816,8464.509543960738
20,48.602484449031955,19.90276871244778,-31016.256686646357,3854.4846164751016
20,47.60818705236999,20.644869696258425,-21475.371703417837,-6200.031395813182
20,50.0,23.2288009827092,-19361.744747916477,-9529.1707792681
20,46.58046691138726,16.904235058832334,-4388.863957575005,-12287.095196032169
20,49.99999999999994,23.67083183540451,-187.03597933293878,-12502.310791632362
20,50.0,21.70375447473031,1064.0552627762054,-19936.419400120623
20,49.985173680166135,29.02400536287244,25247.37479234051,-20497.54907396125
20,48.9254636805041,21.230030992014097,25281.067755635122,-24141.815121107524
20,48.20417032310728,22.34038497451201,30804.686049109885,-25352.535522563394
20,50.0,23.81819656750527,37669.54475362228,-26015.213534214377
20,47.10929696903039,21.31938715941794,49122.55291127935,-28409.780799155364
20,47.04637007504772,17.60314256067523,61419.077662451906,-34551.4565372244
20,47.850113172301185,18.533813463693036,61968.336957811895,-42482.42492501929
20,50.0,22.364160705136165,71292.548045869,-44449.79473628973
20,46.59452313126686,21.076398018841733,87433.0200287594,-48281.4542029099
20,44.56457091463417,22.05636367478056,130362.51562714958,-51253.14509344205
20,50.0,26.392101872198914,131927.789092269,-80305.04603140382
21,49.99999945423741,22.912546676808844,-161223.25908966712,64806.67343580996
21,50.0,21.673209573403604,-116844.93295981175,49009.184400153
21,49.069850144392454,21.24854128672069,-111038.87257603997,46136.969837959805
21,50.0,24.537927481351264,-106890.88483328989,42602.24603774929
21,48.63375954068784,18.00317273288245,-91767.79387905583,22701.88922529849
21,48.74669487119885,17.363613654001885,-76166.99732082916,20500.419121563387
21,49.426482542691765,16.2568753617955,-73932.96699485392,16026.649466574501
21,46.93775364303613,17.60391712272539,-60195.49408129816,8464.509543960738
21,48.602484449031955,19.90276871244778,-31016.256686646357,3854.4846164751016
21,47.60818705236999,20.644869696258425,-21475.371703417837,-6200.031395813182
21,50.0,23.2288009827092,-19361.744747916477,-9529.1707792681
21,46.58046691138726,16.904235058832334,-4388.863957575005,-12287.095196032169
21,49.99999999999994,23.67083183540451,-187.03597933293878,-12502.310791632362
21,50.0,21.70375447473031,1064.0552627762054,-19936.419400120623
21,49.985173680166135,29.02400536287244,25247.37479234051,-20497.54907396125
21,48.9254636805041,21.230030992014097,25281.067755635122,-24141.815121107524
21,48.20417032310728,22.34038497451201,30804.686049109885,-25352.535522563394
21,50.0,23.81819656750527,37669.54475362228,-26015.213534214377
21,47.10929696903039,21.31938715941794,49122.55291127935,-28409.780799155364
21,47.04637007504772,17.60314256067523,61419.077662451906,-34551.4565372244
21,47.850113172301185,18.533813463693036,61968.336957811895,-42482.42492501929
21,50.0,22.364160705136165,71292.548045869,-44449.79473628973
21,46.59452313126686,21.076398018841733,87433.0200287594,-48281.4542029099
21,44.56457091463417,22.05636367478056,130362.51562714958,-51253.14509344205
21,50.0,26.392101872198914,131927.789092269,-80305.04603140382
22,49.99999945423741,22.912546676808844,-161223.25908966712,64806.67343580996
22,49.16322762929717,17.25079156288209,-128008.90770248785,55612.80800152593
22,50.0,21.673209573403604,-116844.93295981175,49009.184400153
22,49.069850144392454,21.24854128672069,-111038.87257603997,46136.969837959805
22,50.0,24.537927481351264,-106890.88483328989,42602.24603774929
22,48.63375954068784,18.00317273288245,-91767.79387905583,22701.88922529849
22,48.74669487119885,17.363613654001885,-76166.99732082916,20500.419121563387
22,49.426482542691765,16.2568753617955,-73932.96699485392,16026.649466574501
22,46.93775364303613,17.60391712272539,-60195.49408129816,8464.509543960738
22,48.602484449031955,19.90276871244778,-31016.256686646357,3854.4846164751016
22,47.60818705236999,20.644869696258425,-21475.371703417837,-6200.031395813182
22,50.0,23.2288009827092,-19361.744747916477,-9529.1707792681
22,46.58046691138726,16.904235058832334,-4388.863957575005,-12287.095196032169
22,49.99999999999994,23.67083183540451,-187.03597933293878,-12502.310791632362
22,50.0,21.70375447473031,1064.0552627762054,-19936.419400120623
22,49.985173680166135,29.02400536287244,25247.37479234051,-20497.54907396125
22,48.9254636805041,21.230030992014097,25281.067755635122,-24141.815121107524
22,48.20417032310728,22.34038497451201,30804.686049109885,-25352.535522563394
22,50.0,23.81819656750527,37669.54475362228,-26015.213534214377
22,47.10929696903039,21.31938715941794,49122.55291127935,-28409.780799155364
22,49.01668065334559,17.5406993221109,54813.186759767326,-41930.21415241243
22,47.850113172301185,18.533813463693036,61968.336957811895,-42482.42492501929
22,50.0,22.364160705136165,71292.548045869,-44449.79473628973
22,46.59452313126686,21.076398018841733,87433.0200287594,-48281.4542029099
22,44.56457091463417,22.05636367478056,130362.51562714958,-51253.14509344205
22,50.0,26.392101872198914,131927.789092269,-80305.04603140382
23,49.99999945423741,22.912546676808844,-161223.25908966712,64806.67343580996
23,49.16322762929717,17.25079156288209,-128008.90770248785,55612.80800152593
23,50.0,21.673209573403604,-116844.93295981175,49009.184400153
23,49.069850144392454,21.24854128672069,-111038.87257603997,46136.969837959805
23,50.0,24.537927481351264,-106890.88483328989,42602.24603774929
23,48.63375954068784,18.00317273288245,-91767.79387905583,22701.88922529849
23,48.74669487119885,17.363613654001885,-76166.99732082916,20500.419121563387
23,49.426482542691765,16.2568753617955,-73932.96699485392,16026.649466574501
23,46.93775364303613,17.60391712272539,-60195.49408129816,8464.509543960738
23,48.90643168216437,18.675294689329196,-34425.78959521459,4186.858612895081
23,48.602484449031955,19.90276871244778,-31016.256686646357,3854.4846164751016
23,47.60818705236999,20.644869696258425,-21475.371703417837,-6200.031395813182
23,50.0,23.2288009827092,-19361.744747916477,-9529.1707792681
23,46.58046691138726,16.904235058832334,-4388.863957575005,-12287.095196032169
23,49.99999999999994,23.67083183540451,-187.03597933293878,-12502.310791632362
23,50.0,21.70375447473031,1064.0552627762054,-19936.419400120623
23,49.985173680166135,29.02400536287244,25247.37479234051,-20497.54907396125
23,48.9254636805041,21.230030992014097,25281.067755635122,-24141.815121107524
23,48.20417032310728,22.34038497451201,30804.686049109885,-25352.535522563394
23,50.0,23.81819656750527,37669.54475362228,-26015.213534214377
23,47.10929696903039,21.31938715941794,49122.55291127935,-28409.780799155364
23,49.01668065334559,17.5406993221109,54813.186759767326,-41930.21415241243
23,47.850113172301185,18.533813463693036,61968.336957811895,-42482.42492501929
23,50.0,22.364160705136165,71292.548045869,-44449.79473628973
23,46.59452313126686,21.076398018841733,87433.0200287594,-48281.4542029099
23,44.56457091463417,22.05636367478056,130362.51562714958,-51253.14509344205
23,50.0,26.392101872198914,131927.789092269,-80305.04603140382
24,49.99999945423741,22.912546676808844,-161223.25908966712,64806.67343580996
24,49.16322762929717,17.25079156288209,-128008.90770248785,55612.80800152593
24,50.0,21.673209573403604,-116844.93295981175,49009.184400153
24,49.069850144392454,21.24854128672069,-111038.87257603997,46136.969837959805
24,50.0,24.537927481351264,-106890.88483328989,42602.24603774929
24,48.63375954068784,18.00317273288245,-91767.79387905583,22701.88922529849
24,48.74669487119885,17.363613654001885,-76166.99732082916,20500.419121563387
24,49.426482542691765,16.2568753617955,-73932.96699485392,16026.649466574501
24,46.93775364303613,17.60391712272539,-60195.49408129816,8464.509543960738
24,49.085243897943435,17.824735193338082,-39783.27965883262,4778.047343682213
24,48.90643168216437,18.675294689329196,-34425.78959521459,4186.858612895081
24,48.602484449031955,19.90276871244778,-31016.256686646357,3854.4846164751016
24,47.60818705236999,20.644869696258425,-21475.371703417837,-6200.031395813182
24,50.0,23.2288009827092,-19361.744747916477,-9529.1707792681
24,46.58046691138726,16.904235058832334,-4388.863957575005,-12287.095196032169
24,49.99999999999994,23.67083183540451,-187.03597933293878,-12502.310791632362
24,50.0,21.70375447473031,1064.0552627762054,-19936.419400120623
24,49.985173680166135,29.02400536287244,25247.37479234051,-20497.54907396125
24,48.9254636805041,21.230030992014097,25281.067755635122,-24141.815121107524
24,48.20417032310728,22.34038497451201,30804.686049109885,-25352.535522563394
24,50.0,23.81819656750527,37669.54475362228,-26015.213534214377
24,47.10929696903039,21.31938715941794,49122.55291127935,-28409.780799155364
24,49.01668065334559,17.5406993221109,54813.186759767326,-41930.21415241243
24,47.850113172301185,18.533813463693036,61968.336957811895,-42482.42492501929
24,50.0,22.364160705136165,71292.548045869,-44449.79473628973
24,46.59452313126686,21.076398018841733,87433.0200287594,-48281.4542029099
24,44.56457091463417,22.05636367478056,130362.51562714958,-51253.14509344205
24,50.0,26.392101872198914,131927.789092269,-80305.04603140382
25,49.99999945423741,22.912546676808844,-161223.25908966712,64806.67343580996
25,49.16322762929717,17.25079156288209,-128008.90770248785,55612.80800152593
25,50.0,21.673209573403604,-116844.93295981175,49009.184400153
25,49.069850144392454,21.24854128672069,-111038.87257603997,46136.969837959805
25,50.0,24.537927481351264,-106890.88483328989,42602.24603774929
25,48.63375954068784,18.00317273288245,-91767.79387905583,22701.88922529849
25,48.74669487119885,17.363613654001885,-76166.99732082916,20500.419121563387
25,49.426482542691765,16.2568753617955,-73932.96699485392,16026.649466574501
25,46.93775364303613,17.60391712272539,-60195.49408129816,8464.509543960738
25,49.085243897943435,17.824735193338082,-39783.27965883262,4778.047343682213
25,48.90643168216437,18.675294689329196,-34425.78959521459,4186.858612895081
25,48.602484449031955,19.90276871244778,-31016.256686646357,3854.4846164751016
25,47.60818705236999,20.644869696258425,-21475.371703417837,-6200.031395813182
25,50.0,23.2288009827092,-19361.744747916477,-9529.1707792681
25,46.58046691138726,16.904235058832334,-4388.863957575005,-12287.095196032169
25,49.99999999999994,23.67083183540451,-187.03597933293878,-12502.310791632362
25,50.0,21.723575357151677,588.110947446771,-18946.12996168387
25,50.0,21.70375447473031,1064.0552627762054,-19936.419400120623
25,49.985173680166135,29.02400536287244,25247.37479234051,-20497.54907396125
25,48.9254636805041,21.230030992014097,25281.067755635122,-24141.815121107524
25,48.20417032310728,22.34038497451201,30804.686049109885,-25352.535522563394
25,50.0,23.81819656750527,37669.54475362228,-26015.213534214377
25,47.10929696903039,21.31938715941794,49122.55291127935,-28409.780799155364
25,49.01668065334559,17.5406993221109,54813.186759767326,-41930.21415241243
25,47.850113172301185,18.533813463693036,61968.336957811895,-42482.42492501929
25,50.0,22.364160705136165,71292.548045869,-44449.79473628973
25,46.59452313126686,21.076398018841733,87433.0200287594,-48281.4542029099
25,44.56457091463417,22.05636367478056,130362.51562714958,-51253.14509344205
25,50.0,26.392101872198914,131927.789092269,-80305.04603140382
26,49.99999945423741,22.912546676808844,-161223.25908966712,64806.67343580996
26,49.16322762929717,17.25079156288209,-128008.90770248785,55612.80800152593
26,49.1500700294854,18.2717210403538,-123646.55360891226,49821.36016111821
26,50.0,21.673209573403604,-116844.93295981175,49009.184400153
26,49.069850144392454,21.24854128672069,-111038.87257603997,46136.969837959805
26,50.0,24.537927481351264,-106890.88483328989,42602.24603774929
26,48.63375954068784,18.00317273288245,-91767.79387905583,22701.88922529849
26,48.74669487119885,17.363613654001885,-76166.99732082916,20500.419121563387
26,49.426482542691765,16.2568753617955,-73932.96699485392,16026.649466574501
26,46.93775364303613,17.60391712272539,-60195.49408129816,8464.509543960738
26,49.085243897943435,17.824735193338082,-39783.27965883262,4778.047343682213
26,48.90643168216437,18.675294689329196,-34425.78959521459,4186.858612895081
26,48.602484449031955,19.90276871244778,-31016.256686646357,3854.4846164751016
26,47.60818705236999,20.644869696258425,-21475.371703417837,-6200.031395813182
26,50.0,23.2288009827092,-19361.744747916477,-9529.1707792681
26,46.58046691138726,16.904235058832334,-4388.863957575005,-12287.095196032169
26,49.99999999999994,23.67083183540451,-187.03597933293878,-12502.310791632362
26,50.0,21.723575357151677,588.110947446771,-18946.12996168387
26,50.0,21.70375447473031,1064.0552627762054,-19936.419400120623
26,49.985173680166135,29.02400536287244,25247.37479234051,-20497.54907396125
26,48.9254636805041,21.230030992014097,25281.067755635122,-24141.815121107524
26,48.20417032310728,22.34038497451201,30804.686049109885,-25352.535522563394
26,50.0,23.81819656750527,37669.54475362228,-26015.213534214377
26,47.10929696903039,21.31938715941794,49122.55291127935,-28409.780799155364
26,49.01668065334559,17.5406993221109,54813.186759767326,-41930.21415241243
26,47.850113172301185,18.533813463693036,61968.336957811895,-42482.42492501929
26,50.0,22.364160705136165,71292.548045869,-44449.79473628973
26,46.59452313126686,21.076398018841733,87433.0200287594,-48281.4542029099
26,44.56457091463417,22.05636367478056,130362.51562714958,-51253.14509344205
26,50.0,26.392101872198914,131927.789092269,-80305.04603140382
27,49.99999945423741,22.912546676808844,-161223.25908966712,64806.67343580996
27,49.16322762929717,17.25079156288209,-128008.90770248785,55612.80800152593
27,49.1500700294854,18.2717210403538,-123646.55360891226,49821.36016111821
27,50.0,21.673209573403604,-116844.93295981175,49009.184400153
27,49.069850144392454,21.24854128672069,-111038.87257603997,46136.969837959805
27,50.0,24.537927481351264,-106890.88483328989,42602.24603774929
27,48.63375954068784,18.00317273288245,-91767.79387905583,22701.88922529849
27,48.74669487119885,17.363613654001885,-76166.99732082916,20500.419121563387
27,49.426482542691765,16.2568753617955,-73932.96699485392,16026.649466574501
27,46.93775364303613,17.60391712272539,-60195.49408129816,8464.509543960738
27,49.085243897943435,17.824735193338082,-39783.27965883262,4778.047343682213
27,48.90643168216437,18.675294689329196,-34425.78959521459,4186.858612895081
27,48.602484449031955,19.90276871244778,-31016.256686646357,3854.4846164751016
27,47.60818705236999,20.644869696258425,-21475.371703417837,-6200.031395813182
27,50.0,23.2288009827092,-19361.744747916477,-9529.1707792681
27,46.58046691138726,16.904235058832334,-4388.863957575005,-12287.095196032169
27,49.99999999999994,23.67083183540451,-187.03597933293878,-12502.310791632362
27,50.0,21.723575357151677,588.110947446771,-18946.12996168387
27,50.0,21.70375447473031,1064.0552627762054,-19936.419400120623
27,49.985173680166135,29.02400536287244,25247.37479234051,-20497.54907396125
27,48.9254636805041,21.230030992014097,25281.067755635122,-24141.815121107524
27,48.20417032310728,22.34038497451201,30804.686049109885,-25352.535522563394
27,50.0,23.81819656750527,37669.54475362228,-26015.213534214377
27,47.10929696903039,21.31938715941794,49122.55291127935,-28409.780799155364
27,49.01668065334559,17.5406993221109,54813.186759767326,-41930.21415241243
27,47.850113172301185,18.533813463693036,61968.336957811895,-42482.42492501929
27,50.0,22.364160705136165,71292.548045869,-44449.79473628973
27,46.59452313126686,21.076398018841733,87433.0200287594,-48281.4542029099
27,44.56457091463417,22.05636367478056,130362.51562714958,-51253.14509344205
27,50.0,26.392101872198914,131927.789092269,-80305.04603140382
28,49.99999945423741,22.912546676808844,-161223.25908966712,64806.67343580996
28,49.16322762929717,17.25079156288209,-128008.90770248785,55612.80800152593
28,49.1500700294854,18.2717210403538,-123646.55360891226,49821.36016111821
28,50.0,21.673209573403604,-116844.93295981175,49009.184400153
28,48.99825485996774,21.571191806824206,-116521.1655185787,26417.149346052352
28,48.63375954068784,18.00317273288245,-91767.79387905583,22701.88922529849
28,48.74669487119885,17.363613654001885,-76166.99732082916,20500.419121563387
28,49.426482542691765,16.2568753617955,-73932.96699485392,16026.649466574501
28,46.93775364303613,17.60391712272539,-60195.49408129816,8464.509543960738
28,49.085243897943435,17.824735193338082,-39783.27965883262,4778.047343682213
28,48.90643168216437,18.675294689329196,-34425.78959521459,4186.858612895081
28,48.602484449031955,19.90276871244778,-31016.256686646357,3854.4846164751016
28,47.60818705236999,20.644869696258425,-21475.371703417837,-6200.031395813182
28,50.0,23.2288009827092,-19361.744747916477,-9529.1707792681
28,46.58046691138726,16.904235058832334,-4388.863957575005,-12287.095196032169
28,49.99999999999994,23.67083183540451,-187.03597933293878,-12502.310791632362
28,50.0,21.723575357151677,588.110947446771,-18946.12996168387
28,50.0,21.70375447473031,1064.0552627762054,-19936.419400120623
28,49.985173680166135,29.02400536287244,25247.37479234051,-20497.54907396125
28,48.9254636805041,21.230030992014097,25281.067755635122,-24141.815121107524
28,48.20417032310728,22.34038497451201,30804.686049109885,-25352.535522563394
28,50.0,23.81819656750527,37669.54475362228,-26015.213534214377
28,47.10929696903039,21.31938715941794,49122.55291127935,-28409.780799155364
28,49.01668065334559,17.5406993221109,54813.186759767326,-41930.21415241243
28,47.850113172301185,18.533813463693036,61968.336957811895,-42482.42492501929
28,50.0,22.364160705136165,71292.548045869,-44449.79473628973
28,46.59452313126686,21.076398018841733,87433.0200287594,-48281.4542029099
28,44.56457091463417,22.05636367478056,130362.51562714958,-51253.14509344205
28,50.0,26.392101872198914,131927.789092269,-80305.04603140382
29,49.72523923966026,22.222669127160017,-171666.0072401143,47597.166697336026
29,48.99825485996774,21.571191806824206,-116521.1655185787,26417.149346052352
29,48.63375954068784,18.00317273288245,-91767.79387905583,22701.88922529849
29,48.74669487119885,17.363613654001885,-76166.99732082916,20500.419121563387
29,49.426482542691765,16.2568753617955,-73932.96699485392,16026.649466574501
29,46.93775364303613,17.60391712272539,-60195.49408129816,8464.509543960738
29,49.085243897943435,17.824735193338082,-39783.27965883262,4778.047343682213
29,48.90643168216437,18.675294689329196,-34425.78959521459,4186.858612895081
29,48.602484449031955,19.90276871244778,-31016.256686646357,3854.4846164751016
29,47.60818705236999,20.644869696258425,-21475.371703417837,-6200.031395813182
29,50.0,23.2288009827092,-19361.744747916477,-9529.1707792681
29,46.58046691138726,16.904235058832334,-4388.863957575005,-12287.095196032169
29,49.99999999999994,23.67083183540451,-187.03597933293878,-12502.310791632362
29,50.0,21.723575357151677,588.110947446771,-18946.12996168387
29,50.0,21.70375447473031,1064.0552627762054,-19936.419400120623
29,49.985173680166135,29.02400536287244,25247.37479234051,-20497.54907396125
29,48.9254636805041,21.230030992014097,25281.067755635122,-24141.815121107524
29,48.20417032310728,22.34038497451201,30804.686049109885,-25352.535522563394
29,50.0,23.81819656750527,37669.54475362228,-26015.213534214377
29,47.10929696903039,21.31938715941794,49122.55291127935,-28409.780799155364
29,49.01668065334559,17.5406993221109,54813.186759767326,-41930.21415241243
29,47.850113172301185,18.533813463693036,61968.336957811895,-42482.42492501929
29,50.0,22.364160705136165,71292.548045869,-44449.79473628973
29,46.59452313126686,21.076398018841733,87433.0200287594,-48281.4542029099
29,44.56457091463417,22.05636367478056,130362.51562714958,-51253.14509344205
29,50.0,26.392101872198914,131927.789092269,-80305.04603140382
30,49.72523923966026,22.222669127160017,-171666.0072401143,47597.166697336026
30,48.99825485996774,21.571191806824206,-116521.1655185787,26417.149346052352
30,48.63375954068784,18.00317273288245,-91767.79387905583,22701.88922529849
30,48.74669487119885,17.363613654001885,-76166.99732082916,20500.419121563387
30,49.426482542691765,16.2568753617955,-73932.96699485392,16026.649466574501
30,46.93775364303613,17.60391712272539,-60195.49408129816,8464.509543960738
30,49.085243897943435,17.824735193338082,-39783.27965883262,4778.047343682213
30,48.90643168216437,18.675294689329196,-34425.78959521459,4186.858612895081
30,48.602484449031955,19.90276871244778,-31016.256686646357,3854.4846164751016
30,47.60818705236999,20.644869696258425,-21475.371703417837,-6200.031395813182
30,50.0,23.2288009827092,-19361.744747916477,-9529.1707792681
30,49.75694647321392,22.168643290059546,-12297.922169065112,-13472.532055176775
30,49.71411612815596,22.050059681342454,-6581.198022332033,-15471.325562824555
30,50.0,21.723575357151677,588.110947446771,-18946.12996168387
30,50.0,21.70375447473031,1064.0552627762054,-19936.419400120623
30,49.985173680166135,29.02400536287244,25247.37479234051,-20497.54907396125
30,48.9254636805041,21.230030992014097,25281.067755635122,-24141.815121107524
30,48.20417032310728,22.34038497451201,30804.686049109885,-25352.535522563394
30,50.0,23.81819656750527,37669.54475362228,-26015.213534214377
30,47.10929696903039,21.31938715941794,49122.55291127935,-28409.780799155364
30,49.01668065334559,17.5406993221109,54813.186759767326,-41930.21415241243
30,47.850113172301185,18.533813463693036,61968.336957811895,-42482.42492501929
30,50.0,22.364160705136165,71292.548045869,-44449.79473628973
30,46.59452313126686,21.076398018841733,87433.0200287594,-48281.4542029099
30,44.56457091463417,22.05636367478056,130362.51562714958,-51253.14509344205
30,50.0,26.392101872198914,131927.789092269,-80305.04603140382
31,49.72523923966026,22.222669127160017,-171666.0072401143,47597.166697336026
31,48.99825485996774,21.571191806824206,-116521.1655185787,26417.149346052352
31,48.63375954068784,18.00317273288245,-91767.79387905583,22701.88922529849
31,48.74669487119885,17.363613654001885,-76166.99732082916,20500.419121563387
31,49.426482542691765,16.2568753617955,-73932.96699485392,16026.649466574501
31,46.93775364303613,17.60391712272539,-60195.49408129816,8464.509543960738
31,49.085243897943435,17.824735193338082,-39783.27965883262,4778.047343682213
31,48.90643168216437,18.675294689329196,-34425.78959521459,4186.858612895081
31,48.602484449031955,19.90276871244778,-31016.256686646357,3854.4846164751016
31,47.60818705236999,20.644869696258425,-21475.371703417837,-6200.031395813182
31,50.0,23.2288009827092,-19361.744747916477,-9529.1707792681
31,49.75694647321392,22.168643290059546,-12297.922169065112,-13472.532055176775
31,49.71411612815596,22.050059681342454,-6581.198022332033,-15471.325562824555
31,50.0,21.723575357151677,588.110947446771,-18946.12996168387
31,50.0,21.70375447473031,1064.0552627762054,-19936.419400120623
31,49.985173680166135,29.02400536287244,25247.37479234051,-20497.54907396125
31,48.9254636805041,21.230030992014097,25281.067755635122,-24141.815121107524
31,48.20417032310728,22.34038497451201,30804.686049109885,-25352.535522563394
31,50.0,23.81819656750527,37669.54475362228,-26015.213534214377
31,47.10929696903039,21.31938715941794,49122.55291127935,-28409.780799155364
31,49.01668065334559,17.5406993221109,54813.186759767326,-41930.21415241243
31,47.850113172301185,18.533813463693036,61968.336957811895,-42482.42492501929
31,50.0,22.364160705136165,71292.548045869,-44449.79473628973
31,46.59452313126686,21.076398018841733,87433.0200287594,-48281.4542029099
31,44.56457091463417,22.05636367478056,130362.51562714958,-51253.14509344205
31,50.0,26.392101872198914,131927.789092269,-80305.04603140382
32,49.72523923966026,22.222669127160017,-171666.0072401143,47597.166697336026
32,48.99825485996774,21.571191806824206,-116521.1655185787,26417.149346052352
32,48.63375954068784,18.00317273288245,-91767.79387905583,22701.88922529849
32,48.74669487119885,17.363613654001885,-76166.99732082916,20500.419121563387
32,49.426482542691765,16.2568753617955,-73932.96699485392,16026.649466574501
32,46.93775364303613,17.60391712272539,-60195.49408129816,8464.509543960738
32,49.085243897943435,17.824735193338082,-39783.27965883262,4778.047343682213
32,48.90643168216437,18.675294689329196,-34425.78959521459,4186.858612895081
32,48.602484449031955,19.90276871244778,-31016.256686646357,3854.4846164751016
32,47.60818705236999,20.644869696258425,-21475.371703417837,-6200.031395813182
32,50.0,23.2288009827092,-19361.744747916477,-9529.1707792681
32,49.75694647321392,22.168643290059546,-12297.922169065112,-13472.532055176775
32,49.71411612815596,22.050059681342454,-6581.198022332033,-15471.325562824555
32,50.0,21.723575357151677,588.110947446771,-18946.12996168387
32,50.0,21.70375447473031,1064.0552627762054,-19936.419400120623
32,49.985173680166135,29.02400536287244,25247.37479234051,-20497.54907396125
32,48.9254636805041,21.230030992014097,25281.067755635122,-24141.815121107524
32,48.20417032310728,22.34038497451201,30804.686049109885,-25352.535522563394
32,50.0,23.81819656750527,37669.54475362228,-26015.213534214377
32,47.10929696903039,21.31938715941794,49122.55291127935,-28409.780799155364
32,49.01668065334559,17.5406993221109,54813.186759767326,-41930.21415241243
32,47.850113172301185,18.533813463693036,61968.336957811895,-42482.42492501929
32,50.0,22.364160705136165,71292.548045869,-44449.79473628973
32,46.59452313126686,21.076398018841733,87433.0200287594,-48281.4542029099
32,44.56457091463417,22.05636367478056,130362.51562714958,-51253.14509344205
32,50.0,26.392101872198914,131927.789092269,-80305.04603140382
33,49.72523923966026,22.222669127160017,-171666.0072401143,47597.166697336026
33,48.99825485996774,21.571191806824206,-116521.1655185787,26417.149346052352
33,48.63375954068784,18.00317273288245,-91767.79387905583,22701.88922529849
33,48.74669487119885,17.363613654001885,-76166.99732082916,20500.419121563387
33,49.426482542691765,16.2568753617955,-73932.96699485392,16026.649466574501
33,46.93775364303613,17.60391712272539,-60195.49408129816,8464.509543960738
33,49.085243897943435,17.824735193338082,-39783.27965883262,4778.047343682213
33,48.90643168216437,18.675294689329196,-34425.78959521459,4186.858612895081
33,48.602484449031955,19.90276871244778,-31016.256686646357,3854.4846164751016
33,47.60818705236999,20.644869696258425,-21475.371703417837,-6200.031395813182
33,50.0,23.2288009827092,-19361.744747916477,-9529.1707792681
33,49.75694647321392,22.168643290059546,-12297.922169065112,-13472.532055176775
33,49.71411612815596,22.050059681342454,-6581.198022332033,-15471.325562824555
33,50.0,21.723575357151677,588.110947446771,-18946.12996168387
33,50.0,21.70375447473031,1064.0552627762054,-19936.419400120623
33,49.985173680166135,29.02400536287244,25247.37479234051,-20497.54907396125
33,48.9254636805041,21.230030992014097,25281.067755635122,-24141.815121107524
33,48.20417032310728,22.34038497451201,30804.686049109885,-25352.535522563394
33,50.0,23.81819656750527,37669.54475362228,-26015.213534214377
33,47.10929696903039,21.31938715941794,49122.55291127935,-28409.780799155364
33,49.01668065334559,17.5406993221109,54813.186759767326,-41930.21415241243
33,47.850113172301185,18.533813463693036,61968.336957811895,-42482.42492501929
33,50.0,22.364160705136165,71292.548045869,-44449.79473628973
33,46.59452313126686,21.076398018841733,87433.0200287594,-48281.4542029099
33,44.56457091463417,22.05636367478056,130362.51562714958,-51253.14509344205
33,50.0,26.392101872198914,131927.789092269,-80305.04603140382
34,49.72523923966026,22.222669127160017,-171666.0072401143,47597.166697336026
34,48.99825485996774,21.571191806824206,-116521.1655185787,26417.149346052352
34,48.63375954068784,18.00317273288245,-91767.79387905583,22701.88922529849
34,48.74669487119885,17.363613654001885,-76166.99732082916,20500.419121563387
34,49.426482542691765,16.2568753617955,-73932.96699485392,16026.649466574501
34,46.93775364303613,17.60391712272539,-60195.49408129816,8464.509543960738
34,49.085243897943435,17.824735193338082,-39783.27965883262,4778.047343682213
34,48.90643168216437,18.675294689329196,-34425.78959521459,4186.858612895081
34,48.602484449031955,19.90276871244778,-31016.256686646357,3854.4846164751016
34,47.60818705236999,20.644869696258425,-21475.371703417837,-6200.031395813182
34,50.0,23.2288009827092,-19361.744747916477,-9529.1707792681
34,49.75694647321392,22.168643290059546,-12297.922169065112,-13472.532055176775
34,49.71411612815596,22.050059681342454,-6581.198022332033,-15471.325562824555
34,50.0,21.723575357151677,588.110947446771,-18946.12996168387
34,50.0,21.70375447473031,1064.0552627762054,-19936.419400120623
34,49.985173680166135,29.02400536287244,25247.37479234051,-20497.54907396125
34,48.9254636805041,21.230030992014097,25281.067755635122,-24141.815121107524
34,48.20417032310728,22.34038497451201,30804.686049109885,-25352.535522563394
34,50.0,23.81819656750527,37669.54475362228,-26015.213534214377
34,47.10929696903039,21.31938715941794,49122.55291127935,-28409.780799155364
34,48.19871342557462,24.80664176390573,52545.86723918625,-35251.20438021943
34,49.01668065334559,17.5406993221109,54813.186759767326,-41930.21415241243
34,47.850113172301185,18.533813463693036,61968.336957811895,-42482.42492501929
34,50.0,22.364160705136165,71292.548045869,-44449.79473628973
34,46.59452313126686,21.076398018841733,87433.0200287594,-48281.4542029099
34,44.56457091463417,22.05636367478056,130362.51562714958,-51253.14509344205
34,50.0,26.392101872198914,131927.789092269,-80305.04603140382
35,49.72523923966026,22.222669127160017,-171666.0072401143,47597.166697336026
35,48.99825485996774,21.571191806824206,-116521.1655185787,26417.149346052352
35,48.63375954068784,18.00317273288245,-91767.79387905583,22701.88922529849
35,48.74669487119885,17.363613654001885,-76166.99732082916,20500.419121563387
35,49.426482542691765,16.2568753617955,-73932.96699485392,16026.649466574501
35,46.93775364303613,17.60391712272539,-60195.49408129816,8464.509543960738
35,49.085243897943435,17.824735193338082,-39783.27965883262,4778.047343682213
35,48.90643168216437,18.675294689329196,-34425.78959521459,4186.858612895081
35,48.602484449031955,19.90276871244778,-31016.256686646357,3854.4846164751016
35,47.60818705236999,20.644869696258425,-21475.371703417837,-6200.031395813182
35,50.0,23.2288009827092,-19361.744747916477,-9529.1707792681
35,49.75694647321392,22.168643290059546,-12297.922169065112,-13472.532055176775
35,49.71411612815596,22.050059681342454,-6581.198022332033,-15471.325562824555
35,50.0,21.723575357151677,588.110947446771,-18946.12996168387
35,50.0,21.70375447473031,1064.0552627762054,-19936.419400120623
35,49.985173680166135,29.02400536287244,25247.37479234051,-20497.54907396125
35,48.9254636805041,21.230030992014097,25281.067755635122,-24141.815121107524
35,48.20417032310728,22.34038497451201,30804.686049109885,-25352.535522563394
35,50.0,23.81819656750527,37669.54475362228,-26015.213534214377
35,47.10929696903039,21.31938715941794,49122.55291127935,-28409.780799155364
35,48.19871342557462,24.80664176390573,52545.86723918625,-35251.20438021943
35,49.01668065334559,17.5406993221109,54813.186759767326,-41930.21415241243
35,47.850113172301185,18.533813463693036,61968.336957811895,-42482.42492501929
35,50.0,22.364160705136165,71292.548045869,-44449.79473628973
35,46.59452313126686,21.076398018841733,87433.0200287594,-48281.4542029099
35,44.56457091463417,22.05636367478056,130362.51562714958,-51253.14509344205
35,50.0,26.392101872198914,131927.789092269,-80305.04603140382
36,49.72523923966026,22.222669127160017,-171666.0072401143,47597.166697336026
36,48.99825485996774,21.571191806824206,-116521.1655185787,26417.149346052352
36,48.63375954068784,18.00317273288245,-91767.79387905583,22701.88922529849
36,48.74669487119885,17.363613654001885,-76166.99732082916,20500.419121563387
36,49.426482542691765,16.2568753617955,-73932.96699485392,16026.649466574501
36,46.93775364303613,17.60391712272539,-60195.49408129816,8464.509543960738
36,49.085243897943435,17.824735193338082,-39783.27965883262,4778.047343682213
36,48.90643168216437,18.675294689329196,-34425.78959521459,4186.858612895081
36,48.602484449031955,19.90276871244778,-31016.256686646357,3854.4846164751016
36,47.60818705236999,20.644869696258425,-21475.371703417837,-6200.031395813182
36,50.0,23.2288009827092,-19361.744747916477,-9529.1707792681
36,49.75694647321392,22.168643290059546,-12297.922169065112,-13472.532055176775
36,49.71411612815596,22.050059681342454,-6581.198022332033,-15471.325562824555
36,50.0,21.723575357151677,588.110947446771,-18946.12996168387
36,50.0,21.70375447473031,1064.0552627762054,-19936.419400120623
36,49.985173680166135,29.02400536287244,25247.37479234051,-20497.54907396125
36,48.9254636805041,21.230030992014097,25281.067755635122,-24141.815121107524
36,48.20417032310728,22.34038497451201,30804.686049109885,-25352.535522563394
36,50.0,23.81819656750527,37669.54475362228,-26015.213534214377
36,47.10929696903039,21.31938715941794,49122.55291127935,-28409.780799155364
36,48.19871342557462,24.80664176390573,52545.86723918625,-35251.20438021943
36,49.01668065334559,17.5406993221109,54813.186759767326,-41930.21415241243
36,47.850113172301185,18.533813463693036,61968.336957811895,-42482.42492501929
36,50.0,22.364160705136165,71292.548045869,-44449.79473628973
36,46.59452313126686,21.076398018841733,87433.0200287594,-48281.4542029099
36,44.56457091463417,22.05636367478056,130362.51562714958,-51253.14509344205
36,50.0,26.392101872198914,131927.789092269,-80305.04603140382
37,49.72523923966026,22.222669127160017,-171666.0072401143,47597.166697336026
37,49.29018307253682,17.515295103343085,-117881.66467937625,39874.774415991604
37,48.99825485996774,21.571191806824206,-116521.1655185787,26417.149346052352
37,48.63375954068784,18.00317273288245,-91767.79387905583,22701.88922529849
37,48.74669487119885,17.363613654001885,-76166.99732082916,20500.419121563387
37,49.426482542691765,16.2568753617955,-73932.96699485392,16026.649466574501
37,46.93775364303613,17.60391712272539,-60195.49408129816,8464.509543960738
37,49.085243897943435,17.824735193338082,-39783.27965883262,4778.047343682213
37,48.90643168216437,18.675294689329196,-34425.78959521459,4186.858612895081
37,48.602484449031955,19.90276871244778,-31016.256686646357,3854.4846164751016
37,47.60818705236999,20.644869696258425,-21475.371703417837,-6200.031395813182
37,50.0,23.2288009827092,-19361.744747916477,-9529.1707792681
37,49.75694647321392,22.168643290059546,-12297.922169065112,-13472.532055176775
37,49.71411612815596,22.050059681342454,-6581.198022332033,-15471.325562824555
37,47.00056343931649,22.782152066545517,440.1552934746668,-16127.741516476352
37,50.0,21.723575357151677,588.110947446771,-18946.12996168387
37,50.0,21.70375447473031,1064.0552627762054,-19936.419400120623
37,49.985173680166135,29.02400536287244,25247.37479234051,-20497.54907396125
37,48.9254636805041,21.230030992014097,25281.067755635122,-24141.815121107524
37,48.20417032310728,22.34038497451201,30804.686049109885,-25352.535522563394
37,50.0,23.81819656750527,37669.54475362228,-26015.213534214377
37,47.10929696903039,21.31938715941794,49122.55291127935,-28409.780799155364
37,48.19871342557462,24.80664176390573,52545.86723918625,-35251.20438021943
37,49.01668065334559,17.5406993221109,54813.186759767326,-41930.21415241243
37,47.850113172301185,18.533813463693036,61968.336957811895,-42482.42492501929
37,50.0,22.364160705136165,71292.548045869,-44449.79473628973
37,46.59452313126686,21.076398018841733,87433.0200287594,-48281.4542029099
37,47.400906928948906,23.729288507264343,103215.93353637903,-62542.37704848094
37,50.0,26.392101872198914,131927.789092269,-80305.04603140382
38,49.72523923966026,22.222669127160017,-171666.0072401143,47597.166697336026
38,49.29018307253682,17.515295103343085,-117881.66467937625,39874.774415991604
38,48.99825485996774,21.571191806824206,-116521.1655185787,26417.149346052352
38,48.63375954068784,18.00317273288245,-91767.79387905583,22701.88922529849
38,48.74669487119885,17.363613654001885,-76166.99732082916,20500.419121563387
38,49.426482542691765,16.2568753617955,-73932.96699485392,16026.649466574501
38,46.93775364303613,17.60391712272539,-60195.49408129816,8464.509543960738
38,49.085243897943435,17.824735193338082,-39783.27965883262,4778.047343682213
38,48.90643168216437,18.675294689329196,-34425.78959521459,4186.858612895081
38,48.602484449031955,19.90276871244778,-31016.256686646357,3854.4846164751016
38,47.60818705236999,20.644869696258425,-21475.371703417837,-6200.031395813182
38,50.0,23.2288009827092,-19361.744747916477,-9529.1707792681
38,49.75694647321392,22.168643290059546,-12297.922169065112,-13472.532055176775
38,49.71411612815596,22.050059681342454,-6581.198022332033,-15471.325562824555
38,47.00056343931649,22.782152066545517,440.1552934746668,-16127.741516476352
38,50.0,21.723575357151677,588.110947446771,-18946.12996168387
38,50.0,21.70375447473031,1064.0552627762054,-19936.419400120623
38,49.985173680166135,29.02400536287244,25247.37479234051,-20497.54907396125
38,48.9254636805041,21.230030992014097,25281.067755635122,-24141.815121107524
38,48.20417032310728,22.34038497451201,30804.686049109885,-25352.535522563394
38,50.0,23.81819656750527,37669.54475362228,-26015.213534214377
38,47.10929696903039,21.31938715941794,49122.55291127935,-28409.780799155364
38,48.19871342557462,24.80664176390573,52545.86723918625,-35251.20438021943
38,49.01668065334559,17.5406993221109,54813.186759767326,-41930.21415241243
38,47.850113172301185,18.533813463693036,61968.336957811895,-42482.42492501929
38,50.0,22.364160705136165,71292.548045869,-44449.79473628973
38,46.59452313126686,21.076398018841733,87433.0200287594,-48281.4542029099
38,47.400906928948906,23.729288507264343,103215.93353637903,-62542.37704848094
38,50.0,26.392101872198914,131927.789092269,-80305.04603140382
39,49.72523923966026,22.222669127160017,-171666.0072401143,47597.166697336026
39,49.29018307253682,17.515295103343085,-117881.66467937625,39874.774415991604
39,48.99825485996774,21.571191806824206,-116521.1655185787,26417.149346052352
39,48.63375954068784,18.00317273288245,-91767.79387905583,22701.88922529849
39,48.74669487119885,17.363613654001885,-76166.99732082916,20500.419121563387
39,49.426482542691765,16.2568753617955,-73932.96699485392,16026.649466574501
39,46.93775364303613,17.60391712272539,-60195.49408129816,8464.509543960738
39,49.085243897943435,17.824735193338082,-39783.27965883262,4778.047343682213
39,48.90643168216437,18.675294689329196,-34425.78959521459,4186.858612895081
39,48.602484449031955,19.90276871244778,-31016.256686646357,3854.4846164751016
39,47.60818705236999,20.644869696258425,-21475.371703417837,-6200.031395813182
39,50.0,23.2288009827092,-19361.744747916477,-9529.1707792681
39,49.75694647321392,22.168643290059546,-12297.922169065112,-13472.532055176775
39,49.71411612815596,22.050059681342454,-6581.198022332033,-15471.325562824555
39,47.00056343931649,22.782152066545517,440.1552934746668,-16127.741516476352
39,50.0,21.723575357151677,588.110947446771,-18946.12996168387
39,50.0,21.70375447473031,1064.0552627762054,-19936.419400120623
39,49.985173680166135,29.02400536287244,25247.37479234051,-20497.54907396125
39,48.9254636805041,21.230030992014097,25281.067755635122,-24141.815121107524
39,48.20417032310728,22.34038497451201,30804.686049109885,-25352.535522563394
39,50.0,23.81819656750527,37669.54475362228,-26015.213534214377
39,47.10929696903039,21.31938715941794,49122.55291127935,-28409.780799155364
39,48.19871342557462,24.80664176390573,52545.86723918625,-35251.20438021943
39,49.01668065334559,17.5406993221109,54813.186759767326,-41930.21415241243
39,47.850113172301185,18.533813463693036,61968.336957811895,-42482.42492501929
39,50.0,22.364160705136165,71292.548045869,-44449.79473628973
39,46.59452313126686,21.076398018841733,87433.0200287594,-48281.4542029099
39,47.400906928948906,23.729288507264343,103215.93353637903,-62542.37704848094
39,50.0,26.392101872198914,131927.789092269,-80305.04603140382
40,49.72523923966026,22.222669127160017,-171666.0072401143,47597.166697336026
40,49.29018307253682,17.515295103343085,-117881.66467937625,39874.774415991604
40,48.99825485996774,21.571191806824206,-116521.1655185787,26417.149346052352
40,48.63375954068784,18.00317273288245,-91767.79387905583,22701.88922529849
40,48.74669487119885,17.363613654001885,-76166.99732082916,20500.419121563387
40,49.426482542691765,16.2568753617955,-73932.96699485392,16026.649466574501
40,46.93775364303613,17.60391712272539,-60195.49408129816,8464.509543960738
40,49.085243897943435,17.824735193338082,-39783.27965883262,4778.047343682213
40,48.90643168216437,18.675294689329196,-34425.78959521459,4186.858612895081
40,48.602484449031955,19.90276871244778,-31016.256686646357,3854.4846164751016
40,47.60818705236999,20.644869696258425,-21475.371703417837,-6200.031395813182
40,50.0,23.2288009827092,-19361.744747916477,-9529.1707792681
40,49.75694647321392,22.168643290059546,-12297.922169065112,-13472.532055176775
40,49.71411612815596,22.050059681342454,-6581.198022332033,-15471.325562824555
40,47.00056343931649,22.782152066545517,440.1552934746668,-16127.741516476352
40,50.0,21.723575357151677,588.110947446771,-18946.12996168387
40,50.0,21.70375447473031,1064.0552627762054,-19936.419400120623
40,49.985173680166135,29.02400536287244,25247.37479234051,-20497.54907396125
40,48.9254636805041,21.230030992014097,25281.067755635122,-24141.815121107524
40,48.20417032310728,22.34038497451201,30804.686049109885,-25352.535522563394
40,50.0,23.81819656750527,37669.54475362228,-26015.213534214377
40,47.10929696903039,21.31938715941794,49122.55291127935,-28409.780799155364
40,48.19871342557462,24.80664176390573,52545.86723918625,-35251.20438021943
40,49.01668065334559,17.5406993221109,54813.186759767326,-41930.21415241243
40,47.850113172301185,18.533813463693036,61968.336957811895,-42482.42492501929
40,50.0,22.364160705136165,71292.548045869,-44449.79473628973
40,46.59452313126686,21.076398018841733,87433.0200287594,-48281.4542029099
40,47.400906928948906,23.729288507264343,103215.93353637903,-62542.37704848094
40,50.0,26.392101872198914,131927.789092269,-80305.04603140382
41,49.72523923966026,22.222669127160017,-171666.0072401143,47597.166697336026
41,49.29018307253682,17.515295103343085,-117881.66467937625,39874.774415991604
41,48.99825485996774,21.571191806824206,-116521.1655185787,26417.149346052352
41,48.63375954068784,18.00317273288245,-91767.79387905583,22701.88922529849
41,48.74669487119885,17.363613654001885,-76166.99732082916,20500.419121563387
41,49.426482542691765,16.2568753617955,-73932.96699485392,16026.649466574501
41,45.60444575799883,25.21473380807783,-61799.8783788472,15217.926997795616
41,46.93775364303613,17.60391712272539,-60195.49408129816,8464.509543960738
41,49.085243897943435,17.824735193338082,-39783.27965883262,4778.047343682213
41,48.90643168216437,18.675294689329196,-34425.78959521459,4186.858612895081
41,48.602484449031955,19.90276871244778,-31016.256686646357,3854.4846164751016
41,47.60818705236999,20.644869696258425,-21475.371703417837,-6200.031395813182
41,50.0,23.2288009827092,-19361.744747916477,-9529.1707792681
41,49.75694647321392,22.168643290059546,-12297.922169065112,-13472.532055176775
41,49.21002219875479,23.404746473377326,-10027.478025231701,-21272.215811641217
41,48.9254636805041,21.230030992014097,25281.067755635122,-24141.815121107524
41,48.20417032310728,22.34038497451201,30804.686049109885,-25352.535522563394
41,50.0,23.81819656750527,37669.54475362228,-26015.213534214377
41,47.10929696903039,21.31938715941794,49122.55291127935,-28409.780799155364
41,48.19871342557462,24.80664176390573,52545.86723918625,-35251.20438021943
41,49.01668065334559,17.5406993221109,54813.186759767326,-41930.21415241243
41,47.850113172301185,18.533813463693036,61968.336957811895,-42482.42492501929
41,50.0,22.364160705136165,71292.548045869,-44449.79473628973
41,46.59452313126686,21.076398018841733,87433.0200287594,-48281.4542029099
41,47.400906928948906,23.729288507264343,103215.93353637903,-62542.37704848094
41,50.0,26.392101872198914,131927.789092269,-80305.04603140382
42,49.72523923966026,22.222669127160017,-171666.0072401143,47597.166697336026
42,49.29018307253682,17.515295103343085,-117881.66467937625,39874.774415991604
42,48.99825485996774,21.571191806824206,-116521.1655185787,26417.149346052352
42,48.63375954068784,18.00317273288245,-91767.79387905583,22701.88922529849
42,48.74669487119885,17.363613654001885,-76166.99732082916,20500.419121563387
42,49.426482542691765,16.2568753617955,-73932.96699485392,16026.649466574501
42,45.60444575799883,25.21473380807783,-61799.8783788472,15217.926997795616
42,46.93775364303613,17.60391712272539,-60195.49408129816,8464.509543960738
42,49.085243897943435,17.824735193338082,-39783.27965883262,4778.047343682213
42,48.90643168216437,18.675294689329196,-34425.78959521459,4186.858612895081
42,48.602484449031955,19.90276871244778,-31016.256686646357,3854.4846164751016
42,47.60818705236999,20.644869696258425,-21475.371703417837,-6200.031395813182
42,50.0,23.2288009827092,-19361.744747916477,-9529.1707792681
42,49.75694647321392,22.168643290059546,-12297.922169065112,-13472.532055176775
42,49.21002219875479,23.404746473377326,-10027.478025231701,-21272.215811641217
42,48.9254636805041,21.230030992014097,25281.067755635122,-24141.815121107524
42,48.20417032310728,22.34038497451201,30804.686049109885,-25352.535522563394
42,50.0,23.81819656750527,37669.54475362228,-26015.213534214377
42,47.10929696903039,21.31938715941794,49122.55291127935,-28409.780799155364
42,48.19871342557462,24.80664176390573,52545.86723918625,-35251.20438021943
42,49.01668065334559,17.5406993221109,54813.186759767326,-41930.21415241243
42,47.850113172301185,18.533813463693036,61968.336957811895,-42482.42492501929
42,50.0,22.364160705136165,71292.548045869,-44449.79473628973
42,46.59452313126686,21.076398018841733,87433.0200287594,-48281.4542029099
42,47.400906928948906,23.729288507264343,103215.93353637903,-62542.37704848094
42,50.0,26.392101872198914,131927.789092269,-80305.04603140382
43,49.72523923966026,22.222669127160017,-171666.0072401143,47597.166697336026
43,49.29018307253682,17.515295103343085,-117881.66467937625,39874.774415991604
43,48.99825485996774,21.571191806824206,-116521.1655185787,26417.149346052352
43,48.63375954068784,18.00317273288245,-91767.79387905583,22701.88922529849
43,48.74669487119885,17.363613654001885,-76166.99732082916,20500.419121563387
43,49.426482542691765,16.2568753617955,-73932.96699485392,16026.649466574501
43,45.60444575799883,25.21473380807783,-61799.8783788472,15217.926997795616
43,46.93775364303613,17.60391712272539,-60195.49408129816,8464.509543960738
43,49.085243897943435,17.824735193338082,-39783.27965883262,4778.047343682213
43,48.90643168216437,18.675294689329196,-34425.78959521459,4186.858612895081
43,48.602484449031955,19.90276871244778,-31016.256686646357,3854.4846164751016
43,47.60818705236999,20.644869696258425,-21475.371703417837,-6200.031395813182
43,50.0,23.2288009827092,-19361.744747916477,-9529.1707792681
43,49.75694647321392,22.168643290059546,-12297.922169065112,-13472.532055176775
43,49.21002219875479,23.404746473377326,-10027.478025231701,-21272.215811641217
43,48.9254636805041,21.230030992014097,25281.067755635122,-24141.815121107524
43,48.20417032310728,22.34038497451201,30804.686049109885,-25352.535522563394
43,50.0,23.81819656750527,37669.54475362228,-26015.213534214377
43,47.10929696903039,21.31938715941794,49122.55291127935,-28409.780799155364
43,48.19871342557462,24.80664176390573,52545.86723918625,-35251.20438021943
43,49.01668065334559,17.5406993221109,54813.186759767326,-41930.21415241243
43,47.850113172301185,18.533813463693036,61968.336957811895,-42482.42492501929
43,50.0,22.364160705136165,71292.548045869,-44449.79473628973
43,46.59452313126686,21.076398018841733,87433.0200287594,-48281.4542029099
43,47.400906928948906,23.729288507264343,103215.93353637903,-62542.37704848094
43,50.0,26.392101872198914,131927.789092269,-80305.04603140382
44,49.72523923966026,22.222669127160017,-171666.0072401143,47597.166697336026
44,49.29018307253682,17.515295103343085,-117881.66467937625,39874.774415991604
44,48.99825485996774,21.571191806824206,-116521.1655185787,26417.149346052352
44,48.63375954068784,18.00317273288245,-91767.79387905583,22701.88922529849
44,48.74669487119885,17.363613654001885,-76166.99732082916,20500.419121563387
44,49.426482542691765,16.2568753617955,-73932.96699485392,16026.649466574501
44,45.60444575799883,25.21473380807783,-61799.8783788472,15217.926997795616
44,46.93775364303613,17.60391712272539,-60195.49408129816,8464.509543960738
44,47.698213975697094,24.147120230627294,-43576.77673855199,7544.413854812937
44,49.085243897943435,17.824735193338082,-39783.27965883262,4778.047343682213
44,48.90643168216437,18.675294689329196,-34425.78959521459,4186.858612895081
44,48.602484449031955,19.90276871244778,-31016.256686646357,3854.4846164751016
44,47.60818705236999,20.644869696258425,-21475.371703417837,-6200.031395813182
44,50.0,23.2288009827092,-19361.744747916477,-9529.1707792681
44,49.75694647321392,22.168643290059546,-12297.922169065112,-13472.532055176775
44,49.21002219875479,23.404746473377326,-10027.478025231701,-21272.215811641217
44,48.9254636805041,21.230030992014097,25281.067755635122,-24141.815121107524
44,48.20417032310728,22.34038497451201,30804.686049109885,-25352.535522563394
44,50.0,23.81819656750527,37669.54475362228,-26015.213534214377
44,47.10929696903039,21.31938715941794,49122.55291127935,-28409.780799155364
44,48.19871342557462,24.80664176390573,52545.86723918625,-35251.20438021943
44,49.01668065334559,17.5406993221109,54813.186759767326,-41930.21415241243
44,47.850113172301185,18.533813463693036,61968.336957811895,-42482.42492501929
44,50.0,22.364160705136165,71292.548045869,-44449.79473628973
44,46.59452313126686,21.076398018841733,87433.0200287594,-48281.4542029099
44,47.400906928948906,23.729288507264343,103215.93353637903,-62542.37704848094
44,50.0,26.392101872198914,131927.789092269,-80305.04603140382
45,49.72523923966026,22.222669127160017,-171666.0072401143,47597.166697336026
45,49.29018307253682,17.515295103343085,-117881.66467937625,39874.774415991604
45,48.99825485996774,21.571191806824206,-116521.1655185787,26417.149346052352
45,48.63375954068784,18.00317273288245,-91767.79387905583,22701.88922529849
45,48.74669487119885,17.363613654001885,-76166.99732082916,20500.419121563387
45,49.426482542691765,16.2568753617955,-73932.96699485392,16026.649466574501
45,45.60444575799883,25.21473380807783,-61799.8783788472,15217.926997795616
45,46.93775364303613,17.60391712272539,-60195.49408129816,8464.509543960738
45,47.698213975697094,24.147120230627294,-43576.77673855199,7544.413854812937
45,49.085243897943435,17.824735193338082,-39783.27965883262,4778.047343682213
45,48.90643168216437,18.675294689329196,-34425.78959521459,4186.858612895081
45,48.602484449031955,19.90276871244778,-31016.256686646357,3854.4846164751016
45,47.60818705236999,20.644869696258425,-21475.371703417837,-6200.031395813182
45,50.0,23.2288009827092,-19361.744747916477,-9529.1707792681
45,49.75694647321392,22.168643290059546,-12297.922169065112,-13472.532055176775
45,49.21002219875479,23.404746473377326,-10027.478025231701,-21272.215811641217
45,48.9254636805041,21.230030992014097,25281.067755635122,-24141.815121107524
45,48.20417032310728,22.34038497451201,30804.686049109885,-25352.535522563394
45,50.0,23.81819656750527,37669.54475362228,-26015.213534214377
45,47.10929696903039,21.31938715941794,49122.55291127935,-28409.780799155364
45,48.19871342557462,24.80664176390573,52545.86723918625,-35251.20438021943
45,49.59321220075575,20.844549832789426,54466.3239084814,-49723.80711183964
45,47.400906928948906,23.729288507264343,103215.93353637903,-62542.37704848094
45,50.0,26.392101872198914,131927.789092269,-80305.04603140382
46,49.72523923966026,22.222669127160017,-171666.0072401143,47597.166697336026
46,49.29018307253682,17.515295103343085,-117881.66467937625,39874.774415991604
46,48.99825485996774,21.571191806824206,-116521.1655185787,26417.149346052352
46,48.63375954068784,18.00317273288245,-91767.79387905583,22701.88922529849
46,48.74669487119885,17.363613654001885,-76166.99732082916,20500.419121563387
46,49.426482542691765,16.2568753617955,-73932.96699485392,16026.649466574501
46,45.60444575799883,25.21473380807783,-61799.8783788472,15217.926997795616
46,46.93775364303613,17.60391712272539,-60195.49408129816,8464.509543960738
46,47.698213975697094,24.147120230627294,-43576.77673855199,7544.413854812937
46,49.085243897943435,17.824735193338082,-39783.27965883262,4778.047343682213
46,48.90643168216437,18.675294689329196,-34425.78959521459,4186.858612895081
46,48.602484449031955,19.90276871244778,-31016.256686646357,3854.4846164751016
46,47.60818705236999,20.644869696258425,-21475.371703417837,-6200.031395813182
46,50.0,23.2288009827092,-19361.744747916477,-9529.1707792681
46,49.75694647321392,22.168643290059546,-12297.922169065112,-13472.532055176775
46,49.21002219875479,23.404746473377326,-10027.478025231701,-21272.215811641217
46,48.9254636805041,21.230030992014097,25281.067755635122,-24141.815121107524
46,48.20417032310728,22.34038497451201,30804.686049109885,-25352.535522563394
46,50.0,23.81819656750527,37669.54475362228,-26015.213534214377
46,47.10929696903039,21.31938715941794,49122.55291127935,-28409.780799155364
46,48.19871342557462,24.80664176390573,52545.86723918625,-35251.20438021943
46,49.59321220075575,20.844549832789426,54466.3239084814,-49723.80711183964
46,47.400906928948906,23.729288507264343,103215.93353637903,-62542.37704848094
46,50.0,26.392101872198914,131927.789092269,-80305.04603140382
47,49.72523923966026,22.222669127160017,-171666.0072401143,47597.166697336026
47,49.29018307253682,17.515295103343085,-117881.66467937625,39874.774415991604
47,48.99825485996774,21.571191806824206,-116521.1655185787,26417.149346052352
47,48.63375954068784,18.00317273288245,-91767.79387905583,22701.88922529849
47,48.74669487119885,17.363613654001885,-76166.99732082916,20500.419121563387
47,49.426482542691765,16.2568753617955,-73932.96699485392,16026.649466574501
47,45.60444575799883,25.21473380807783,-61799.8783788472,15217.926997795616
47,46.93775364303613,17.60391712272539,-60195.49408129816,8464.509543960738
47,47.698213975697094,24.147120230627294,-43576.77673855199,7544.413854812937
47,49.085243897943435,17.824735193338082,-39783.27965883262,4778.047343682213
47,48.90643168216437,18.675294689329196,-34425.78959521459,4186.858612895081
47,48.602484449031955,19.90276871244778,-31016.256686646357,3854.4846164751016
47,47.60818705236999,20.644869696258425,-21475.371703417837,-6200.031395813182
47,50.0,23.2288009827092,-19361.744747916477,-9529.1707792681
47,49.75694647321392,22.168643290059546,-12297.922169065112,-13472.532055176775
47,49.21002219875479,23.404746473377326,-10027.478025231701,-21272.215811641217
47,48.9254636805041,21.230030992014097,25281.067755635122,-24141.815121107524
47,48.20417032310728,22.34038497451201,30804.686049109885,-25352.535522563394
47,50.0,23.81819656750527,37669.54475362228,-26015.213534214377
47,47.10929696903039,21.31938715941794,49122.55291127935,-28409.780799155364
47,48.19871342557462,24.80664176390573,52545.86723918625,-35251.20438021943
47,49.59321220075575,20.844549832789426,54466.3239084814,-49723.80711183964
47,47.400906928948906,23.729288507264343,103215.93353637903,-62542.37704848094
47,50.0,26.392101872198914,131927.789092269,-80305.04603140382
48,49.513046356019174,22.67747187781702,-177066.48522430897,61336.921625141076
48,49.72523923966026,22.222669127160017,-171666.0072401143,47597.166697336026
48,49.29018307253682,17.515295103343085,-117881.66467937625,39874.774415991604
48,48.99825485996774,21.571191806824206,-116521.1655185787,26417.149346052352
48,48.63375954068784,18.00317273288245,-91767.79387905583,22701.88922529849
48,48.74669487119885,17.363613654001885,-76166.99732082916,20500.419121563387
48,49.426482542691765,16.2568753617955,-73932.96699485392,16026.649466574501
48,45.60444575799883,25.21473380807783,-61799.8783788472,15217.926997795616
48,46.93775364303613,17.60391712272539,-60195.49408129816,8464.509543960738
48,47.698213975697094,24.147120230627294,-43576.77673855199,7544.413854812937
48,49.085243897943435,17.824735193338082,-39783.27965883262,4778.047343682213
48,48.90643168216437,18.675294689329196,-34425.78959521459,4186.858612895081
48,48.602484449031955,19.90276871244778,-31016.256686646357,3854.4846164751016
48,49.28960015343996,23.399587313992594,-24247.968697050357,-2886.2506969423966
48,47.60818705236999,20.644869696258425,-21475.371703417837,-6200.031395813182
48,50.0,23.2288009827092,-19361.744747916477,-9529.1707792681
48,49.75694647321392,22.168643290059546,-12297.922169065112,-13472.532055176775
48,49.21002219875479,23.404746473377326,-10027.478025231701,-21272.215811641217
48,48.9254636805041,21.230030992014097,25281.067755635122,-24141.815121107524
48,48.20417032310728,22.34038497451201,30804.686049109885,-25352.535522563394
48,50.0,23.81819656750527,37669.54475362228,-26015.213534214377
48,47.10929696903039,21.31938715941794,49122.55291127935,-28409.780799155364
48,48.19871342557462,24.80664176390573,52545.86723918625,-35251.20438021943
48,49.59321220075575,20.844549832789426,54466.3239084814,-49723.80711183964
48,47.400906928948906,23.729288507264343,103215.93353637903,-62542.37704848094
48,50.0,26.392101872198914,131927.789092269,-80305.04603140382
49,49.513046356019174,22.67747187781702,-177066.48522430897,61336.921625141076
49,49.72523923966026,22.222669127160017,-171666.0072401143,47597.166697336026
49,49.29018307253682,17.515295103343085,-117881.66467937625,39874.774415991604
49,48.99825485996774,21.571191806824206,-116521.1655185787,26417.149346052352
49,48.63375954068784,18.00317273288245,-91767.79387905583,22701.88922529849
49,48.17828911023102,22.046000492540674,-85468.42364399158,14692.729600196424
49,46.93775364303613,17.60391712272539,-60195.49408129816,8464.509543960738
49,47.698213975697094,24.147120230627294,-43576.77673855199,7544.413854812937
49,49.085243897943435,17.824735193338082,-39783.27965883262,4778.047343682213
49,48.90643168216437,18.675294689329196,-34425.78959521459,4186.858612895081
49,48.602484449031955,19.90276871244778,-31016.256686646357,3854.4846164751016
49,49.28960015343996,23.399587313992594,-24247.968697050357,-2886.2506969423966
49,47.60818705236999,20.644869696258425,-21475.371703417837,-6200.031395813182
49,50.0,23.2288009827092,-19361.744747916477,-9529.1707792681
49,49.75694647321392,22.168643290059546,-12297.922169065112,-13472.532055176775
49,49.21002219875479,23.404746473377326,-10027.478025231701,-21272.215811641217
49,48.9254636805041,21.230030992014097,25281.067755635122,-24141.815121107524
49,48.20417032310728,22.34038497451201,30804.686049109885,-25352.535522563394
49,50.0,23.81819656750527,37669.54475362228,-26015.213534214377
49,49.29486508409127,23.824405330663122,46079.210609559465,-26574.117905719762
49,47.10929696903039,21.31938715941794,49122.55291127935,-28409.780799155364
49,48.19871342557462,24.80664176390573,52545.86723918625,-35251.20438021943
49,49.59321220075575,20.844549832789426,54466.3239084814,-49723.80711183964
49,47.400906928948906,23.729288507264343,103215.93353637903,-62542.37704848094
49,50.0,26.392101872198914,131927.789092269,-80305.04603140382
50,49.513046356019174,22.67747187781702,-177066.48522430897,61336.921625141076
50,49.72523923966026,22.222669127160017,-171666.0072401143,47597.166697336026
50,49.29018307253682,17.515295103343085,-117881.66467937625,39874.774415991604
50,48.99825485996774,21.571191806824206,-116521.1655185787,26417.149346052352
50,48.63375954068784,18.00317273288245,-91767.79387905583,22701.88922529849
50,48.17828911023102,22.046000492540674,-85468.42364399158,14692.729600196424
50,46.93775364303613,17.60391712272539,-60195.49408129816,8464.509543960738
50,47.698213975697094,24.147120230627294,-43576.77673855199,7544.413854812937
50,49.085243897943435,17.824735193338082,-39783.27965883262,4778.047343682213
50,48.90643168216437,18.675294689329196,-34425.78959521459,4186.858612895081
50,48.602484449031955,19.90276871244778,-31016.256686646357,3854.4846164751016
50,49.28960015343996,23.399587313992594,-24247.968697050357,-2886.2506969423966
50,47.60818705236999,20.644869696258425,-21475.371703417837,-6200.031395813182
50,50.0,23.2288009827092,-19361.744747916477,-9529.1707792681
50,49.75694647321392,22.168643290059546,-12297.922169065112,-13472.532055176775
50,49.21002219875479,23.404746473377326,-10027.478025231701,-21272.215811641217
50,48.9254636805041,21.230030992014097,25281.067755635122,-24141.815121107524
50,48.20417032310728,22.34038497451201,30804.686049109885,-25352.535522563394
50,50.0,23.81819656750527,37669.54475362228,-26015.213534214377
50,49.29486508409127,23.824405330663122,46079.210609559465,-26574.117905719762
50,47.10929696903039,21.31938715941794,49122.55291127935,-28409.780799155364
50,48.19871342557462,24.80664176390573,52545.86723918625,-35251.20438021943
50,49.59321220075575,20.844549832789426,54466.3239084814,-49723.80711183964
50,47.400906928948906,23.729288507264343,103215.93353637903,-62542.37704848094
50,50.0,26.392101872198914,131927.789092269,-80305.04603140382
51,49.513046356019174,22.67747187781702,-177066.48522430897,61336.921625141076
51,49.72523923966026,22.222669127160017,-171666.0072401143,47597.166697336026
51,48.81760653004229,22.3069355365978,-128121.4221747857,45109.22363548437
51,49.29018307253682,17.515295103343085,-117881.66467937625,39874.774415991604
51,48.99825485996774,21.571191806824206,-116521.1655185787,26417.149346052352
51,48.63375954068784,18.00317273288245,-91767.79387905583,22701.88922529849
51,48.17828911023102,22.046000492540674,-85468.42364399158,14692.729600196424
51,46.93775364303613,17.60391712272539,-60195.49408129816,8464.509543960738
51,47.698213975697094,24.147120230627294,-43576.77673855199,7544.413854812937
51,49.085243897943435,17.824735193338082,-39783.27965883262,4778.047343682213
51,48.90643168216437,18.675294689329196,-34425.78959521459,4186.858612895081
51,48.602484449031955,19.90276871244778,-31016.256686646357,3854.4846164751016
51,49.28960015343996,23.399587313992594,-24247.968697050357,-2886.2506969423966
51,47.60818705236999,20.644869696258425,-21475.371703417837,-6200.031395813182
51,50.0,23.2288009827092,-19361.744747916477,-9529.1707792681
51,49.75694647321392,22.168643290059546,-12297.922169065112,-13472.532055176775
51,49.21002219875479,23.404746473377326,-10027.478025231701,-21272.215811641217
51,48.9254636805041,21.230030992014097,25281.067755635122,-24141.815121107524
51,48.20417032310728,22.34038497451201,30804.686049109885,-25352.535522563394
51,50.0,23.81819656750527,37669.54475362228,-26015.213534214377
51,49.29486508409127,23.824405330663122,46079.210609559465,-26574.117905719762
51,47.10929696903039,21.31938715941794,49122.55291127935,-28409.780799155364
51,48.19871342557462,24.80664176390573,52545.86723918625,-35251.20438021943
51,49.59321220075575,20.844549832789426,54466.3239084814,-49723.80711183964
51,47.400906928948906,23.729288507264343,103215.93353637903,-62542.37704848094
51,50.0,26.392101872198914,131927.789092269,-80305.04603140382
52,49.513046356019174,22.67747187781702,-177066.48522430897,61336.921625141076
52,49.72523923966026,22.222669127160017,-171666.0072401143,47597.166697336026
52,48.81760653004229,22.3069355365978,-128121.4221747857,45109.22363548437
52,49.29018307253682,17.515295103343085,-117881.66467937625,39874.774415991604
52,48.99825485996774,21.571191806824206,-116521.1655185787,26417.149346052352
52,48.63375954068784,18.00317273288245,-91767.79387905583,22701.88922529849
52,48.17828911023102,22.046000492540674,-85468.42364399158,14692.729600196424
52,46.93775364303613,17.60391712272539,-60195.49408129816,8464.509543960738
52,47.698213975697094,24.147120230627294,-43576.77673855199,7544.413854812937
52,49.085243897943435,17.824735193338082,-39783.27965883262,4778.047343682213
52,48.90643168216437,18.675294689329196,-34425.78959521459,4186.858612895081
52,48.602484449031955,19.90276871244778,-31016.256686646357,3854.4846164751016
52,49.28960015343996,23.399587313992594,-24247.968697050357,-2886.2506969423966
52,47.60818705236999,20.644869696258425,-21475.371703417837,-6200.031395813182
52,50.0,23.2288009827092,-19361.744747916477,-9529.1707792681
52,49.75694647321392,22.168643290059546,-12297.922169065112,-13472.532055176775
52,49.21002219875479,23.404746473377326,-10027.478025231701,-21272.215811641217
52,48.9254636805041,21.230030992014097,25281.067755635122,-24141.815121107524
52,48.20417032310728,22.34038497451201,30804.686049109885,-25352.535522563394
52,50.0,23.81819656750527,37669.54475362228,-26015.213534214377
52,49.29486508409127,23.824405330663122,46079.210609559465,-26574.117905719762
52,47.10929696903039,21.31938715941794,49122.55291127935,-28409.780799155364
52,48.19871342557462,24.80664176390573,52545.86723918625,-35251.20438021943
52,49.59321220075575,20.844549832789426,54466.3239084814,-49723.80711183964
52,47.400906928948906,23.729288507264343,103215.93353637903,-62542.37704848094
52,50.0,26.392101872198914,131927.789092269,-80305.04603140382
53,49.513046356019174,22.67747187781702,-177066.48522430897,61336.921625141076
53,49.72523923966026,22.222669127160017,-171666.0072401143,47597.166697336026
53,48.81760653004229,22.3069355365978,-128121.4221747857,45109.22363548437
53,49.29018307253682,17.515295103343085,-117881.66467937625,39874.774415991604
53,48.99825485996774,21.571191806824206,-116521.1655185787,26417.149346052352
53,48.63375954068784,18.00317273288245,-91767.79387905583,22701.88922529849
53,48.17828911023102,22.046000492540674,-85468.42364399158,14692.729600196424
53,46.93775364303613,17.60391712272539,-60195.49408129816,8464.509543960738
53,47.698213975697094,24.147120230627294,-43576.77673855199,7544.413854812937
53,49.085243897943435,17.824735193338082,-39783.27965883262,4778.047343682213
53,48.90643168216437,18.675294689329196,-34425.78959521459,4186.858612895081
53,48.602484449031955,19.90276871244778,-31016.256686646357,3854.4846164751016
53,49.28960015343996,23.399587313992594,-24247.968697050357,-2886.2506969423966
53,47.60818705236999,20.644869696258425,-21475.371703417837,-6200.031395813182
53,50.0,23.2288009827092,-19361.744747916477,-9529.1707792681
53,49.75694647321392,22.168643290059546,-12297.922169065112,-13472.532055176775
53,49.21002219875479,23.404746473377326,-10027.478025231701,-21272.215811641217
53,48.9254636805041,21.230030992014097,25281.067755635122,-24141.815121107524
53,48.20417032310728,22.34038497451201,30804.686049109885,-25352.535522563394
53,50.0,23.81819656750527,37669.54475362228,-26015.213534214377
53,49.29486508409127,23.824405330663122,46079.210609559465,-26574.117905719762
53,47.10929696903039,21.31938715941794,49122.55291127935,-28409.780799155364
53,48.19871342557462,24.80664176390573,52545.86723918625,-35251.20438021943
53,49.59321220075575,20.844549832789426,54466.3239084814,-49723.80711183964
53,47.400906928948906,23.729288507264343,103215.93353637903,-62542.37704848094
53,50.0,26.392101872198914,131927.789092269,-80305.04603140382
54,49.513046356019174,22.67747187781702,-177066.48522430897,61336.921625141076
54,49.72523923966026,22.222669127160017,-171666.0072401143,47597.166697336026
54,48.81760653004229,22.3069355365978,-128121.4221747857,45109.22363548437
54,49.29018307253682,17.515295103343085,-117881.66467937625,39874.774415991604
54,48.99825485996774,21.571191806824206,-116521.1655185787,26417.149346052352
54,48.63375954068784,18.00317273288245,-91767.79387905583,22701.88922529849
54,48.17828911023102,22.046000492540674,-85468.42364399158,14692.729600196424
54,46.93775364303613,17.60391712272539,-60195.49408129816,8464.509543960738
54,47.698213975697094,24.147120230627294,-43576.77673855199,7544.413854812937
54,49.085243897943435,17.824735193338082,-39783.27965883262,4778.047343682213
54,48.90643168216437,18.675294689329196,-34425.78959521459,4186.858612895081
54,48.602484449031955,19.90276871244778,-31016.256686646357,3854.4846164751016
54,49.28960015343996,23.399587313992594,-24247.968697050357,-2886.2506969423966
54,47.60818705236999,20.644869696258425,-21475.371703417837,-6200.031395813182
54,50.0,23.2288009827092,-19361.744747916477,-9529.1707792681
54,49.75694647321392,22.168643290059546,-12297.922169065112,-13472.532055176775
54,49.21002219875479,23.404746473377326,-10027.478025231701,-21272.215811641217
54,48.9254636805041,21.230030992014097,25281.067755635122,-24141.815121107524
54,48.20417032310728,22.34038497451201,30804.686049109885,-25352.535522563394
54,50.0,23.81819656750527,37669.54475362228,-26015.213534214377
54,49.29486508409127,23.824405330663122,46079.210609559465,-26574.117905719762
54,47.10929696903039,21.31938715941794,49122.55291127935,-28409.780799155364
54,48.19871342557462,24.80664176390573,52545.86723918625,-35251.20438021943
54,49.59321220075575,20.844549832789426,54466.3239084814,-49723.80711183964
54,47.400906928948906,23.729288507264343,103215.93353637903,-62542.37704848094
54,50.0,26.392101872198914,131927.789092269,-80305.04603140382
55,49.513046356019174,22.67747187781702,-177066.48522430897,61336.921625141076
55,49.72523923966026,22.222669127160017,-171666.0072401143,47597.166697336026
55,48.81760653004229,22.3069355365978,-128121.4221747857,45109.22363548437
55,49.29018307253682,17.515295103343085,-117881.66467937625,39874.774415991604
55,48.99825485996774,21.571191806824206,-116521.1655185787,26417.149346052352
55,48.63375954068784,18.00317273288245,-91767.79387905583,22701.88922529849
55,48.17828911023102,22.046000492540674,-85468.42364399158,14692.729600196424
55,46.93775364303613,17.60391712272539,-60195.49408129816,8464.509543960738
55,47.698213975697094,24.147120230627294,-43576.77673855199,7544.413854812937
55,49.085243897943435,17.824735193338082,-39783.27965883262,4778.047343682213
55,48.90643168216437,18.675294689329196,-34425.78959521459,4186.858612895081
55,48.602484449031955,19.90276871244778,-31016.256686646357,3854.4846164751016
55,49.28960015343996,23.399587313992594,-24247.968697050357,-2886.2506969423966
55,47.60818705236999,20.644869696258425,-21475.371703417837,-6200.031395813182
55,50.0,23.2288009827092,-19361.744747916477,-9529.1707792681
55,49.75694647321392,22.168643290059546,-12297.922169065112,-13472.532055176775
55,49.21002219875479,23.404746473377326,-10027.478025231701,-21272.215811641217
55,48.9254636805041,21.230030992014097,25281.067755635122,-24141.815121107524
55,48.20417032310728,22.34038497451201,30804.686049109885,-25352.535522563394
55,50.0,23.81819656750527,37669.54475362228,-26015.213534214377
55,49.29486508409127,23.824405330663122,46079.210609559465,-26574.117905719762
55,47.10929696903039,21.31938715941794,49122.55291127935,-28409.780799155364
55,48.19871342557462,24.80664176390573,52545.86723918625,-35251.20438021943
55,49.59321220075575,20.844549832789426,54466.3239084814,-49723.80711183964
55,47.400906928948906,23.729288507264343,103215.93353637903,-62542.37704848094
55,50.0,26.392101872198914,131927.789092269,-80305.04603140382
56,49.513046356019174,22.67747187781702,-177066.48522430897,61336.921625141076
56,49.72523923966026,22.222669127160017,-171666.0072401143,47597.166697336026
56,48.81760653004229,22.3069355365978,-128121.4221747857,45109.22363548437
56,49.29018307253682,17.515295103343085,-117881.66467937625,39874.774415991604
56,48.99825485996774,21.571191806824206,-116521.1655185787,26417.149346052352
56,48.63375954068784,18.00317273288245,-91767.79387905583,22701.88922529849
56,48.17828911023102,22.046000492540674,-85468.42364399158,14692.729600196424
56,46.93775364303613,17.60391712272539,-60195.49408129816,8464.509543960738
56,47.698213975697094,24.147120230627294,-43576.77673855199,7544.413854812937
56,49.085243897943435,17.824735193338082,-39783.27965883262,4778.047343682213
56,48.90643168216437,18.675294689329196,-34425.78959521459,4186.858612895081
56,48.602484449031955,19.90276871244778,-31016.256686646357,3854.4846164751016
56,49.28960015343996,23.399587313992594,-24247.968697050357,-2886.2506969423966
56,47.60818705236999,20.644869696258425,-21475.371703417837,-6200.031395813182
56,50.0,23.2288009827092,-19361.744747916477,-9529.1707792681
56,49.75694647321392,22.168643290059546,-12297.922169065112,-13472.532055176775
56,49.21002219875479,23.404746473377326,-10027.478025231701,-21272.215811641217
56,48.9254636805041,21.230030992014097,25281.067755635122,-24141.815121107524
56,48.20417032310728,22.34038497451201,30804.686049109885,-25352.535522563394
56,50.0,23.81819656750527,37669.54475362228,-26015.213534214377
56,49.29486508409127,23.824405330663122,46079.210609559465,-26574.117905719762
56,47.10929696903039,21.31938715941794,49122.55291127935,-28409.780799155364
56,48.19871342557462,24.80664176390573,52545.86723918625,-35251.20438021943
56,49.59321220075575,20.844549832789426,54466.3239084814,-49723.80711183964
56,47.400906928948906,23.729288507264343,103215.93353637903,-62542.37704848094
56,50.0,26.392101872198914,131927.789092269,-80305.04603140382
57,49.513046356019174,22.67747187781702,-177066.48522430897,61336.921625141076
57,49.72523923966026,22.222669127160017,-171666.0072401143,47597.166697336026
57,48.81760653004229,22.3069355365978,-128121.4221747857,45109.22363548437
57,49.29018307253682,17.515295103343085,-117881.66467937625,39874.774415991604
57,48.99825485996774,21.571191806824206,-116521.1655185787,26417.149346052352
57,48.63375954068784,18.00317273288245,-91767.79387905583,22701.88922529849
57,48.17828911023102,22.046000492540674,-85468.42364399158,14692.729600196424
57,46.93775364303613,17.60391712272539,-60195.49408129816,8464.509543960738
57,47.698213975697094,24.147120230627294,-43576.77673855199,7544.413854812937
57,49.085243897943435,17.824735193338082,-39783.27965883262,4778.047343682213
57,48.90643168216437,18.675294689329196,-34425.78959521459,4186.858612895081
57,48.602484449031955,19.90276871244778,-31016.256686646357,3854.4846164751016
57,49.28960015343996,23.399587313992594,-24247.968697050357,-2886.2506969423966
57,47.60818705236999,20.644869696258425,-21475.371703417837,-6200.031395813182
57,50.0,23.2288009827092,-19361.744747916477,-9529.1707792681
57,49.75694647321392,22.168643290059546,-12297.922169065112,-13472.532055176775
57,49.21002219875479,23.404746473377326,-10027.478025231701,-21272.215811641217
57,48.9254636805041,21.230030992014097,25281.067755635122,-24141.815121107524
57,48.20417032310728,22.34038497451201,30804.686049109885,-25352.535522563394
57,50.0,23.81819656750527,37669.54475362228,-26015.213534214377
57,49.29486508409127,23.824405330663122,46079.210609559465,-26574.117905719762
57,47.10929696903039,21.31938715941794,49122.55291127935,-28409.780799155364
57,48.19871342557462,24.80664176390573,52545.86723918625,-35251.20438021943
57,49.59321220075575,20.844549832789426,54466.3239084814,-49723.80711183964
57,47.400906928948906,23.729288507264343,103215.93353637903,-62542.37704848094
57,50.0,26.392101872198914,131927.789092269,-80305.04603140382
58,49.513046356019174,22.67747187781702,-177066.48522430897,61336.921625141076
58,49.72523923966026,22.222669127160017,-171666.0072401143,47597.166697336026
58,48.81760653004229,22.3069355365978,-128121.4221747857,45109.22363548437
58,49.29018307253682,17.515295103343085,-117881.66467937625,39874.774415991604
58,48.99825485996774,21.571191806824206,-116521.1655185787,26417.149346052352
58,48.63375954068784,18.00317273288245,-91767.79387905583,22701.88922529849
58,48.17828911023102,22.046000492540674,-85468.42364399158,14692.729600196424
58,46.93775364303613,17.60391712272539,-60195.49408129816,8464.509543960738
58,47.698213975697094,24.147120230627294,-43576.77673855199,7544.413854812937
58,49.085243897943435,17.824735193338082,-39783.27965883262,4778.047343682213
58,48.90643168216437,18.675294689329196,-34425.78959521459,4186.858612895081
58,48.602484449031955,19.90276871244778,-31016.256686646357,3854.4846164751016
58,49.28960015343996,23.399587313992594,-24247.968697050357,-2886.2506969423966
58,47.60818705236999,20.644869696258425,-21475.371703417837,-6200.031395813182
58,50.0,23.2288009827092,-19361.744747916477,-9529.1707792681
58,49.75694647321392,22.168643290059546,-12297.922169065112,-13472.532055176775
58,49.21002219875479,23.404746473377326,-10027.478025231701,-21272.215811641217
58,48.9254636805041,21.230030992014097,25281.067755635122,-24141.815121107524
58,48.20417032310728,22.34038497451201,30804.686049109885,-25352.535522563394
58,50.0,23.81819656750527,37669.54475362228,-26015.213534214377
58,49.29486508409127,23.824405330663122,46079.210609559465,-26574.117905719762
58,47.10929696903039,21.31938715941794,49122.55291127935,-28409.780799155364
58,48.19871342557462,24.80664176390573,52545.86723918625,-35251.20438021943
58,49.59321220075575,20.844549832789426,54466.3239084814,-49723.80711183964
58,47.400906928948906,23.729288507264343,103215.93353637903,-62542.37704848094
58,50.0,26.392101872198914,131927.789092269,-80305.04603140382
59,49.513046356019174,22.67747187781702,-177066.48522430897,61336.921625141076
59,49.72523923966026,22.222669127160017,-171666.0072401143,47597.166697336026
59,48.81760653004229,22.3069355365978,-128121.4221747857,45109.22363548437
59,49.29018307253682,17.515295103343085,-117881.66467937625,39874.774415991604
59,48.99825485996774,21.571191806824206,-116521.1655185787,26417.149346052352
59,48.63375954068784,18.00317273288245,-91767.79387905583,22701.88922529849
59,48.17828911023102,22.046000492540674,-85468.42364399158,14692.729600196424
59,46.93775364303613,17.60391712272539,-60195.49408129816,8464.509543960738
59,47.698213975697094,24.147120230627294,-43576.77673855199,7544.413854812937
59,49.085243897943435,17.824735193338082,-39783.27965883262,4778.047343682213
59,48.896492078677895,26.01568116937444,-39525.51892484292,3595.367111843936
59,49.07972943894956,26.043004380650487,-36009.254352149306,-3182.00148846904
59,47.60818705236999,20.644869696258425,-21475.371703417837,-6200.031395813182
59,50.0,23.2288009827092,-19361.744747916477,-9529.1707792681
59,49.75694647321392,22.168643290059546,-12297.922169065112,-13472.532055176775
59,49.21002219875479,23.404746473377326,-10027.478025231701,-21272.215811641217
59,48.9254636805041,21.230030992014097,25281.067755635122,-24141.815121107524
59,48.20417032310728,22.34038497451201,30804.686049109885,-25352.535522563394
59,50.0,23.81819656750527,37669.54475362228,-26015.213534214377
59,49.29486508409127,23.824405330663122,46079.210609559465,-26574.117905719762
59,47.10929696903039,21.31938715941794,49122.55291127935,-28409.780799155364
59,48.19871342557462,24.80664176390573,52545.86723918625,-35251.20438021943
59,49.59321220075575,20.844549832789426,54466.3239084814,-49723.80711183964
59,47.400906928948906,23.729288507264343,103215.93353637903,-62542.37704848094
59,50.0,26.392101872198914,131927.789092269,-80305.04603140382
60,49.513046356019174,22.67747187781702,-177066.48522430897,61336.921625141076
60,49.72523923966026,22.222669127160017,-171666.0072401143,47597.166697336026
60,48.81760653004229,22.3069355365978,-128121.4221747857,45109.22363548437
60,49.29018307253682,17.515295103343085,-117881.66467937625,39874.774415991604
60,48.99825485996774,21.571191806824206,-116521.1655185787,26417.149346052352
60,48.63375954068784,18.00317273288245,-91767.79387905583,22701.88922529849
60,48.17828911023102,22.046000492540674,-85468.42364399158,14692.729600196424
60,46.93775364303613,17.60391712272539,-60195.49408129816,8464.509543960738
60,47.698213975697094,24.147120230627294,-43576.77673855199,7544.413854812937
60,49.085243897943435,17.824735193338082,-39783.27965883262,4778.047343682213
60,48.896492078677895,26.01568116937444,-39525.51892484292,3595.367111843936
60,49.07972943894956,26.043004380650487,-36009.254352149306,-3182.00148846904
60,47.60818705236999,20.644869696258425,-21475.371703417837,-6200.031395813182
60,50.0,23.2288009827092,-19361.744747916477,-9529.1707792681
60,49.75694647321392,22.168643290059546,-12297.922169065112,-13472.532055176775
60,49.21002219875479,23.404746473377326,-10027.478025231701,-21272.215811641217
60,48.9254636805041,21.230030992014097,25281.067755635122,-24141.815121107524
60,48.20417032310728,22.34038497451201,30804.686049109885,-25352.535522563394
60,50.0,23.81819656750527,37669.54475362228,-26015.213534214377
60,49.29486508409127,23.824405330663122,46079.210609559465,-26574.117905719762
60,47.10929696903039,21.31938715941794,49122.55291127935,-28409.780799155364
60,48.19871342557462,24.80664176390573,52545.86723918625,-35251.20438021943
60,49.59321220075575,20.844549832789426,54466.3239084814,-49723.80711183964
60,47.400906928948906,23.729288507264343,103215.93353637903,-62542.37704848094
60,50.0,26.392101872198914,131927.789092269,-80305.04603140382
61,49.513046356019174,22.67747187781702,-177066.48522430897,61336.921625141076
61,49.72523923966026,22.222669127160017,-171666.0072401143,47597.166697336026
61,48.81760653004229,22.3069355365978,-128121.4221747857,45109.22363548437
61,49.29018307253682,17.515295103343085,-117881.66467937625,39874.774415991604
61,48.99825485996774,21.571191806824206,-116521.1655185787,26417.149346052352
61,48.63375954068784,18.00317273288245,-91767.79387905583,22701.88922529849
61,48.17828911023102,22.046000492540674,-85468.42364399158,14692.729600196424
61,46.93775364303613,17.60391712272539,-60195.49408129816,8464.509543960738
61,47.698213975697094,24.147120230627294,-43576.77673855199,7544.413854812937
61,49.085243897943435,17.824735193338082,-39783.27965883262,4778.047343682213
61,48.896492078677895,26.01568116937444,-39525.51892484292,3595.367111843936
61,49.07972943894956,26.043004380650487,-36009.254352149306,-3182.00148846904
61,47.60818705236999,20.644869696258425,-21475.371703417837,-6200.031395813182
61,50.0,23.2288009827092,-19361.744747916477,-9529.1707792681
61,49.75694647321392,22.168643290059546,-12297.922169065112,-13472.532055176775
61,49.21002219875479,23.404746473377326,-10027.478025231701,-21272.215811641217
61,48.9254636805041,21.230030992014097,25281.067755635122,-24141.815121107524
61,48.20417032310728,22.34038497451201,30804.686049109885,-25352.535522563394
61,50.0,23.81819656750527,37669.54475362228,-26015.213534214377
61,48.54631538956883,26.0716969972007,41289.95640476727,-31946.45269692491
61,48.19871342557462,24.80664176390573,52545.86723918625,-35251.20438021943
61,49.59321220075575,20.844549832789426,54466.3239084814,-49723.80711183964
61,47.400906928948906,23.729288507264343,103215.93353637903,-62542.37704848094
61,50.0,26.392101872198914,131927.789092269,-80305.04603140382
62,49.513046356019174,22.67747187781702,-177066.48522430897,61336.921625141076
62,49.72523923966026,22.222669127160017,-171666.0072401143,47597.166697336026
62,48.81760653004229,22.3069355365978,-128121.4221747857,45109.22363548437
62,49.29018307253682,17.515295103343085,-117881.66467937625,39874.774415991604
62,48.99825485996774,21.571191806824206,-116521.1655185787,26417.149346052352
62,48.63375954068784,18.00317273288245,-91767.79387905583,22701.88922529849
62,48.17828911023102,22.046000492540674,-85468.42364399158,14692.729600196424
62,46.93775364303613,17.60391712272539,-60195.49408129816,8464.509543960738
62,47.698213975697094,24.147120230627294,-43576.77673855199,7544.413854812937
62,49.085243897943435,17.824735193338082,-39783.27965883262,4778.047343682213
62,48.896492078677895,26.01568116937444,-39525.51892484292,3595.367111843936
62,49.07972943894956,26.043004380650487,-36009.254352149306,-3182.00148846904
62,47.60818705236999,20.644869696258425,-21475.371703417837,-6200.031395813182
62,50.0,23.2288009827092,-19361.744747916477,-9529.1707792681
62,49.75694647321392,22.168643290059546,-12297.922169065112,-13472.532055176775
62,49.21002219875479,23.404746473377326,-10027.478025231701,-21272.215811641217
62,48.9254636805041,21.230030992014097,25281.067755635122,-24141.815121107524
62,48.20417032310728,22.34038497451201,30804.686049109885,-25352.535522563394
62,50.0,23.81819656750527,37669.54475362228,-26015.213534214377
62,48.54631538956883,26.0716969972007,41289.95640476727,-31946.45269692491
62,48.19871342557462,24.80664176390573,52545.86723918625,-35251.20438021943
62,49.59321220075575,20.844549832789426,54466.3239084814,-49723.80711183964
62,47.400906928948906,23.729288507264343,103215.93353637903,-62542.37704848094
62,50.0,26.392101872198914,131927.789092269,-80305.04603140382
63,49.513046356019174,22.67747187781702,-177066.48522430897,61336.921625141076
63,49.72523923966026,22.222669127160017,-171666.0072401143,47597.166697336026
63,48.81760653004229,22.3069355365978,-128121.4221747857,45109.22363548437
63,49.29018307253682,17.515295103343085,-117881.66467937625,39874.774415991604
63,48.99825485996774,21.571191806824206,-116521.1655185787,26417.149346052352
63,48.63375954068784,18.00317273288245,-91767.79387905583,22701.88922529849
63,48.17828911023102,22.046000492540674,-85468.42364399158,14692.729600196424
63,46.93775364303613,17.60391712272539,-60195.49408129816,8464.509543960738
63,47.698213975697094,24.147120230627294,-43576.77673855199,7544.413854812937
63,49.085243897943435,17.824735193338082,-39783.27965883262,4778.047343682213
63,48.896492078677895,26.01568116937444,-39525.51892484292,3595.367111843936
63,49.07972943894956,26.043004380650487,-36009.254352149306,-3182.00148846904
63,47.60818705236999,20.644869696258425,-21475.371703417837,-6200.031395813182
63,50.0,23.2288009827092,-19361.744747916477,-9529.1707792681
63,49.75694647321392,22.168643290059546,-12297.922169065112,-13472.532055176775
63,49.21002219875479,23.404746473377326,-10027.478025231701,-21272.215811641217
63,48.9254636805041,21.230030992014097,25281.067755635122,-24141.815121107524
63,48.20417032310728,22.34038497451201,30804.686049109885,-25352.535522563394
63,50.0,23.81819656750527,37669.54475362228,-26015.213534214377
63,48.54631538956883,26.0716969972007,41289.95640476727,-31946.45269692491
63,48.19871342557462,24.80664176390573,52545.86723918625,-35251.20438021943
63,49.59321220075575,20.844549832789426,54466.3239084814,-49723.80711183964
63,47.400906928948906,23.729288507264343,103215.93353637903,-62542.37704848094
63,50.0,26.392101872198914,131927.789092269,-80305.04603140382
64,49.513046356019174,22.67747187781702,-177066.48522430897,61336.921625141076
64,49.72523923966026,22.222669127160017,-171666.0072401143,47597.166697336026
64,48.81760653004229,22.3069355365978,-128121.4221747857,45109.22363548437
64,49.29018307253682,17.515295103343085,-117881.66467937625,39874.774415991604
64,48.99825485996774,21.571191806824206,-116521.1655185787,26417.149346052352
64,48.63375954068784,18.00317273288245,-91767.79387905583,22701.88922529849
64,48.17828911023102,22.046000492540674,-85468.42364399158,14692.729600196424
64,46.93775364303613,17.60391712272539,-60195.49408129816,8464.509543960738
64,47.698213975697094,24.147120230627294,-43576.77673855199,7544.413854812937
64,49.085243897943435,17.824735193338082,-39783.27965883262,4778.047343682213
64,48.896492078677895,26.01568116937444,-39525.51892484292,3595.367111843936
64,49.07972943894956,26.043004380650487,-36009.254352149306,-3182.00148846904
64,47.60818705236999,20.644869696258425,-21475.371703417837,-6200.031395813182
64,50.0,23.2288009827092,-19361.744747916477,-9529.1707792681
64,49.75694647321392,22.168643290059546,-12297.922169065112,-13472.532055176775
64,49.21002219875479,23.404746473377326,-10027.478025231701,-21272.215811641217
64,48.9254636805041,21.230030992014097,25281.067755635122,-24141.815121107524
64,48.20417032310728,22.34038497451201,30804.686049109885,-25352.535522563394
64,50.0,23.81819656750527,37669.54475362228,-26015.213534214377
64,48.54631538956883,26.0716969972007,41289.95640476727,-31946.45269692491
64,48.19871342557462,24.80664176390573,52545.86723918625,-35251.20438021943
64,49.59321220075575,20.844549832789426,54466.3239084814,-49723.80711183964
64,47.400906928948906,23.729288507264343,103215.93353637903,-62542.37704848094
64,50.0,26.392101872198914,131927.789092269,-80305.04603140382
65,49.513046356019174,22.67747187781702,-177066.48522430897,61336.921625141076
65,49.72523923966026,22.222669127160017,-171666.0072401143,47597.166697336026
65,48.81760653004229,22.3069355365978,-128121.4221747857,45109.22363548437
65,49.29018307253682,17.515295103343085,-117881.66467937625,39874.774415991604
65,48.99825485996774,21.571191806824206,-116521.1655185787,26417.149346052352
65,48.63375954068784,18.00317273288245,-91767.79387905583,22701.88922529849
65,48.17828911023102,22.046000492540674,-85468.42364399158,14692.729600196424
65,46.93775364303613,17.60391712272539,-60195.49408129816,8464.509543960738
65,47.698213975697094,24.147120230627294,-43576.77673855199,7544.413854812937
65,49.085243897943435,17.824735193338082,-39783.27965883262,4778.047343682213
65,48.896492078677895,26.01568116937444,-39525.51892484292,3595.367111843936
65,49.07972943894956,26.043004380650487,-36009.254352149306,-3182.00148846904
65,47.60818705236999,20.644869696258425,-21475.371703417837,-6200.031395813182
65,50.0,23.2288009827092,-19361.744747916477,-9529.1707792681
65,49.75694647321392,22.168643290059546,-12297.922169065112,-13472.532055176775
65,49.21002219875479,23.404746473377326,-10027.478025231701,-21272.215811641217
65,48.28062196208619,24.974968466258172,4319.652243651215,-22055.594336775728
65,48.9254636805041,21.230030992014097,25281.067755635122,-24141.815121107524
65,48.20417032310728,22.34038497451201,30804.686049109885,-25352.535522563394
65,50.0,23.81819656750527,37669.54475362228,-26015.213534214377
65,48.54631538956883,26.0716969972007,41289.95640476727,-31946.45269692491
65,48.19871342557462,24.80664176390573,52545.86723918625,-35251.20438021943
65,49.59321220075575,20.844549832789426,54466.3239084814,-49723.80711183964
65,47.400906928948906,23.729288507264343,103215.93353637903,-62542.37704848094
65,50.0,26.392101872198914,131927.789092269,-80305.04603140382
66,49.513046356019174,22.67747187781702,-177066.48522430897,61336.921625141076
66,49.72523923966026,22.222669127160017,-171666.0072401143,47597.166697336026
66,49.74265354644324,20.39795009402218,-137239.0649268766,45229.05883222698
66,48.81760653004229,22.3069355365978,-128121.4221747857,45109.22363548437
66,49.29018307253682,17.515295103343085,-117881.66467937625,39874.774415991604
66,48.99825485996774,21.571191806824206,-116521.1655185787,26417.149346052352
66,48.63375954068784,18.00317273288245,-91767.79387905583,22701.88922529849
66,48.17828911023102,22.046000492540674,-85468.42364399158,14692.729600196424
66,46.93775364303613,17.60391712272539,-60195.49408129816,8464.509543960738
66,47.698213975697094,24.147120230627294,-43576.77673855199,7544.413854812937
66,49.085243897943435,17.824735193338082,-39783.27965883262,4778.047343682213
66,48.896492078677895,26.01568116937444,-39525.51892484292,3595.367111843936
66,49.07972943894956,26.043004380650487,-36009.254352149306,-3182.00148846904
66,47.60818705236999,20.644869696258425,-21475.371703417837,-6200.031395813182
66,50.0,23.2288009827092,-19361.744747916477,-9529.1707792681
66,49.75694647321392,22.168643290059546,-12297.922169065112,-13472.532055176775
66,49.21002219875479,23.404746473377326,-10027.478025231701,-21272.215811641217
66,48.28062196208619,24.974968466258172,4319.652243651215,-22055.594336775728
66,48.9254636805041,21.230030992014097,25281.067755635122,-24141.815121107524
66,48.20417032310728,22.34038497451201,30804.686049109885,-25352.535522563394
66,50.0,23.81819656750527,37669.54475362228,-26015.213534214377
66,48.54631538956883,26.0716969972007,41289.95640476727,-31946.45269692491
66,48.19871342557462,24.80664176390573,52545.86723918625,-35251.20438021943
66,49.59321220075575,20.844549832789426,54466.3239084814,-49723.80711183964
66,47.400906928948906,23.729288507264343,103215.93353637903,-62542.37704848094
66,50.0,26.392101872198914,131927.789092269,-80305.04603140382
67,49.513046356019174,22.67747187781702,-177066.48522430897,61336.921625141076
67,49.72523923966026,22.222669127160017,-171666.0072401143,47597.166697336026
67,49.74265354644324,20.39795009402218,-137239.0649268766,45229.05883222698
67,48.81760653004229,22.3069355365978,-128121.4221747857,45109.22363548437
67,49.29018307253682,17.515295103343085,-117881.66467937625,39874.774415991604
67,48.99825485996774,21.571191806824206,-116521.1655185787,26417.149346052352
67,48.63375954068784,18.00317273288245,-91767.79387905583,22701.88922529849
67,48.17828911023102,22.046000492540674,-85468.42364399158,14692.729600196424
67,46.93775364303613,17.60391712272539,-60195.49408129816,8464.509543960738
67,47.698213975697094,24.147120230627294,-43576.77673855199,7544.413854812937
67,49.085243897943435,17.824735193338082,-39783.27965883262,4778.047343682213
67,48.896492078677895,26.01568116937444,-39525.51892484292,3595.367111843936
67,49.07972943894956,26.043004380650487,-36009.254352149306,-3182.00148846904
67,47.60818705236999,20.644869696258425,-21475.371703417837,-6200.031395813182
67,50.0,23.2288009827092,-19361.744747916477,-9529.1707792681
67,49.75694647321392,22.168643290059546,-12297.922169065112,-13472.532055176775
67,49.21002219875479,23.404746473377326,-10027.478025231701,-21272.215811641217
67,48.28062196208619,24.974968466258172,4319.652243651215,-22055.594336775728
67,48.9254636805041,21.230030992014097,25281.067755635122,-24141.815121107524
67,48.20417032310728,22.34038497451201,30804.686049109885,-25352.535522563394
67,50.0,23.81819656750527,37669.54475362228,-26015.213534214377
67,48.54631538956883,26.0716969972007,41289.95640476727,-31946.45269692491
67,48.19871342557462,24.80664176390573,52545.86723918625,-35251.20438021943
67,49.59321220075575,20.844549832789426,54466.3239084814,-49723.80711183964
67,47.400906928948906,23.729288507264343,103215.93353637903,-62542.37704848094
67,50.0,26.392101872198914,131927.789092269,-80305.04603140382
68,49.513046356019174,22.67747187781702,-177066.48522430897,61336.921625141076
68,49.72523923966026,22.222669127160017,-171666.0072401143,47597.166697336026
68,49.74265354644324,20.39795009402218,-137239.0649268766,45229.05883222698
68,48.81760653004229,22.3069355365978,-128121.4221747857,45109.22363548437
68,49.29018307253682,17.515295103343085,-117881.66467937625,39874.774415991604
68,48.99825485996774,21.571191806824206,-116521.1655185787,26417.149346052352
68,48.63375954068784,18.00317273288245,-91767.79387905583,22701.88922529849
68,48.17828911023102,22.046000492540674,-85468.42364399158,14692.729600196424
68,46.93775364303613,17.60391712272539,-60195.49408129816,8464.509543960738
68,47.698213975697094,24.147120230627294,-43576.77673855199,7544.413854812937
68,49.085243897943435,17.824735193338082,-39783.27965883262,4778.047343682213
68,48.896492078677895,26.01568116937444,-39525.51892484292,3595.367111843936
68,49.07972943894956,26.043004380650487,-36009.254352149306,-3182.00148846904
68,47.60818705236999,20.644869696258425,-21475.371703417837,-6200.031395813182
68,50.0,23.2288009827092,-19361.744747916477,-9529.1707792681
68,49.75694647321392,22.168643290059546,-12297.922169065112,-13472.532055176775
68,49.21002219875479,23.404746473377326,-10027.478025231701,-21272.215811641217
68,48.28062196208619,24.974968466258172,4319.652243651215,-22055.594336775728
68,48.9254636805041,21.230030992014097,25281.067755635122,-24141.815121107524
68,48.20417032310728,22.34038497451201,30804.686049109885,-25352.535522563394
68,50.0,23.81819656750527,37669.54475362228,-26015.213534214377
68,48.54631538956883,26.0716969972007,41289.95640476727,-31946.45269692491
68,48.19871342557462,24.80664176390573,52545.86723918625,-35251.20438021943
68,49.59321220075575,20.844549832789426,54466.3239084814,-49723.80711183964
68,47.400906928948906,23.729288507264343,103215.93353637903,-62542.37704848094
68,50.0,26.392101872198914,131927.789092269,-80305.04603140382
69,49.513046356019174,22.67747187781702,-177066.48522430897,61336.921625141076
69,49.72523923966026,22.222669127160017,-171666.0072401143,47597.166697336026
69,49.74265354644324,20.39795009402218,-137239.0649268766,45229.05883222698
69,48.81760653004229,22.3069355365978,-128121.4221747857,45109.22363548437
69,49.29018307253682,17.515295103343085,-117881.66467937625,39874.774415991604
69,48.99825485996774,21.571191806824206,-116521.1655185787,26417.149346052352
69,48.63375954068784,18.00317273288245,-91767.79387905583,22701.88922529849
69,48.17828911023102,22.046000492540674,-85468.42364399158,14692.729600196424
69,46.93775364303613,17.60391712272539,-60195.49408129816,8464.509543960738
69,47.698213975697094,24.147120230627294,-43576.77673855199,7544.413854812937
69,49.085243897943435,17.824735193338082,-39783.27965883262,4778.047343682213
69,48.896492078677895,26.01568116937444,-39525.51892484292,3595.367111843936
69,49.07972943894956,26.043004380650487,-36009.254352149306,-3182.00148846904
69,47.60818705236999,20.644869696258425,-21475.371703417837,-6200.031395813182
69,50.0,23.2288009827092,-19361.744747916477,-9529.1707792681
69,49.75694647321392,22.168643290059546,-12297.922169065112,-13472.532055176775
69,49.21002219875479,23.404746473377326,-10027.478025231701,-21272.215811641217
69,48.28062196208619,24.974968466258172,4319.652243651215,-22055.594336775728
69,48.9254636805041,21.230030992014097,25281.067755635122,-24141.815121107524
69,48.20417032310728,22.34038497451201,30804.686049109885,-25352.535522563394
69,50.0,23.81819656750527,37669.54475362228,-26015.213534214377
69,48.54631538956883,26.0716969972007,41289.95640476727,-31946.45269692491
69,48.19871342557462,24.80664176390573,52545.86723918625,-35251.20438021943
69,49.59321220075575,20.844549832789426,54466.3239084814,-49723.80711183964
69,47.400906928948906,23.729288507264343,103215.93353637903,-62542.37704848094
69,50.0,26.392101872198914,131927.789092269,-80305.04603140382
70,49.513046356019174,22.67747187781702,-177066.48522430897,61336.921625141076
70,49.72523923966026,22.222669127160017,-171666.0072401143,47597.166697336026
70,49.74265354644324,20.39795009402218,-137239.0649268766,45229.05883222698
70,48.81760653004229,22.3069355365978,-128121.4221747857,45109.22363548437
70,49.29018307253682,17.515295103343085,-117881.66467937625,39874.774415991604
70,48.99825485996774,21.571191806824206,-116521.1655185787,26417.149346052352
70,48.63375954068784,18.00317273288245,-91767.79387905583,22701.88922529849
70,48.17828911023102,22.046000492540674,-85468.42364399158,14692.729600196424
70,46.93775364303613,17.60391712272539,-60195.49408129816,8464.509543960738
70,47.698213975697094,24.147120230627294,-43576.77673855199,7544.413854812937
70,49.085243897943435,17.824735193338082,-39783.27965883262,4778.047343682213
70,48.896492078677895,26.01568116937444,-39525.51892484292,3595.367111843936
70,49.07972943894956,26.043004380650487,-36009.254352149306,-3182.00148846904
70,47.60818705236999,20.644869696258425,-21475.371703417837,-6200.031395813182
70,50.0,23.2288009827092,-19361.744747916477,-9529.1707792681
70,49.75694647321392,22.168643290059546,-12297.922169065112,-13472.532055176775
70,49.21002219875479,23.404746473377326,-10027.478025231701,-21272.215811641217
70,48.28062196208619,24.974968466258172,4319.652243651215,-22055.594336775728
70,48.9254636805041,21.230030992014097,25281.067755635122,-24141.815121107524
70,48.20417032310728,22.34038497451201,30804.686049109885,-25352.535522563394
70,50.0,23.81819656750527,37669.54475362228,-26015.213534214377
70,48.54631538956883,26.0716969972007,41289.95640476727,-31946.45269692491
70,48.19871342557462,24.80664176390573,52545.86723918625,-35251.20438021943
70,49.59321220075575,20.844549832789426,54466.3239084814,-49723.80711183964
70,47.400906928948906,23.729288507264343,103215.93353637903,-62542.37704848094
70,50.0,26.392101872198914,131927.789092269,-80305.04603140382
71,49.513046356019174,22.67747187781702,-177066.48522430897,61336.921625141076
71,49.72523923966026,22.222669127160017,-171666.0072401143,47597.166697336026
71,49.74265354644324,20.39795009402218,-137239.0649268766,45229.05883222698
71,48.81760653004229,22.3069355365978,-128121.4221747857,45109.22363548437
71,49.29018307253682,17.515295103343085,-117881.66467937625,39874.774415991604
71,48.99825485996774,21.571191806824206,-116521.1655185787,26417.149346052352
71,48.63375954068784,18.00317273288245,-91767.79387905583,22701.88922529849
71,48.17828911023102,22.046000492540674,-85468.42364399158,14692.729600196424
71,46.93775364303613,17.60391712272539,-60195.49408129816,8464.509543960738
71,47.698213975697094,24.147120230627294,-43576.77673855199,7544.413854812937
71,49.085243897943435,17.824735193338082,-39783.27965883262,4778.047343682213
71,48.896492078677895,26.01568116937444,-39525.51892484292,3595.367111843936
71,49.07972943894956,26.043004380650487,-36009.254352149306,-3182.00148846904
71,47.60818705236999,20.644869696258425,-21475.371703417837,-6200.031395813182
71,50.0,23.2288009827092,-19361.744747916477,-9529.1707792681
71,49.75694647321392,22.168643290059546,-12297.922169065112,-13472.532055176775
71,49.21002219875479,23.404746473377326,-10027.478025231701,-21272.215811641217
71,48.28062196208619,24.974968466258172,4319.652243651215,-22055.594336775728
71,48.9254636805041,21.230030992014097,25281.067755635122,-24141.815121107524
71,48.20417032310728,22.34038497451201,30804.686049109885,-25352.535522563394
71,50.0,23.81819656750527,37669.54475362228,-26015.213534214377
71,48.54631538956883,26.0716969972007,41289.95640476727,-31946.45269692491
71,48.19871342557462,24.80664176390573,52545.86723918625,-35251.20438021943
71,49.59321220075575,20.844549832789426,54466.3239084814,-49723.80711183964
71,47.400906928948906,23.729288507264343,103215.93353637903,-62542.37704848094
71,50.0,26.392101872198914,131927.789092269,-80305.04603140382
72,49.513046356019174,22.67747187781702,-177066.48522430897,61336.921625141076
72,49.72523923966026,22.222669127160017,-171666.0072401143,47597.166697336026
72,49.74265354644324,20.39795009402218,-137239.0649268766,45229.05883222698
72,48.81760653004229,22.3069355365978,-128121.4221747857,45109.22363548437
72,49.29018307253682,17.515295103343085,-117881.66467937625,39874.774415991604
72,48.99825485996774,21.571191806824206,-116521.1655185787,26417.149346052352
72,48.63375954068784,18.00317273288245,-91767.79387905583,22701.88922529849
72,48.17828911023102,22.046000492540674,-85468.42364399158,14692.729600196424
72,46.93775364303613,17.60391712272539,-60195.49408129816,8464.509543960738
72,47.698213975697094,24.147120230627294,-43576.77673855199,7544.413854812937
72,49.085243897943435,17.824735193338082,-39783.27965883262,4778.047343682213
72,48.896492078677895,26.01568116937444,-39525.51892484292,3595.367111843936
72,48.68060016179405,19.61405664655129,-39301.80936410278,-464.23212849286057
72,49.07972943894956,26.043004380650487,-36009.254352149306,-3182.00148846904
72,47.60818705236999,20.644869696258425,-21475.371703417837,-6200.031395813182
72,50.0,23.2288009827092,-19361.744747916477,-9529.1707792681
72,49.75694647321392,22.168643290059546,-12297.922169065112,-13472.532055176775
72,49.21002219875479,23.404746473377326,-10027.478025231701,-21272.215811641217
72,48.28062196208619,24.974968466258172,4319.652243651215,-22055.594336775728
72,48.9254636805041,21.230030992014097,25281.067755635122,-24141.815121107524
72,48.20417032310728,22.34038497451201,30804.686049109885,-25352.535522563394
72,50.0,23.81819656750527,37669.54475362228,-26015.213534214377
72,48.54631538956883,26.0716969972007,41289.95640476727,-31946.45269692491
72,48.19871342557462,24.80664176390573,52545.86723918625,-35251.20438021943
72,49.59321220075575,20.844549832789426,54466.3239084814,-49723.80711183964
72,47.400906928948906,23.729288507264343,103215.93353637903,-62542.37704848094
72,50.0,26.392101872198914,131927.789092269,-80305.04603140382
73,49.513046356019174,22.67747187781702,-177066.48522430897,61336.921625141076
73,49.72523923966026,22.222669127160017,-171666.0072401143,47597.166697336026
73,49.74265354644324,20.39795009402218,-137239.0649268766,45229.05883222698
73,48.81760653004229,22.3069355365978,-128121.4221747857,45109.22363548437
73,49.29018307253682,17.515295103343085,-117881.66467937625,39874.774415991604
73,48.99825485996774,21.571191806824206,-116521.1655185787,26417.149346052352
73,48.63375954068784,18.00317273288245,-91767.79387905583,22701.88922529849
73,48.17828911023102,22.046000492540674,-85468.42364399158,14692.729600196424
73,46.93775364303613,17.60391712272539,-60195.49408129816,8464.509543960738
73,47.698213975697094,24.147120230627294,-43576.77673855199,7544.413854812937
73,49.085243897943435,17.824735193338082,-39783.27965883262,4778.047343682213
73,48.896492078677895,26.01568116937444,-39525.51892484292,3595.367111843936
73,48.68060016179405,19.61405664655129,-39301.80936410278,-464.23212849286057
73,49.07972943894956,26.043004380650487,-36009.254352149306,-3182.00148846904
73,47.60818705236999,20.644869696258425,-21475.371703417837,-6200.031395813182
73,50.0,23.2288009827092,-19361.744747916477,-9529.1707792681
73,49.75694647321392,22.168643290059546,-12297.922169065112,-13472.532055176775
73,49.21002219875479,23.404746473377326,-10027.478025231701,-21272.215811641217
73,48.28062196208619,24.974968466258172,4319.652243651215,-22055.594336775728
73,48.9254636805041,21.230030992014097,25281.067755635122,-24141.815121107524
73,48.20417032310728,22.34038497451201,30804.686049109885,-25352.535522563394
73,50.0,23.81819656750527,37669.54475362228,-26015.213534214377
73,48.54631538956883,26.0716969972007,41289.95640476727,-31946.45269692491
73,48.19871342557462,24.80664176390573,52545.86723918625,-35251.20438021943
73,49.59321220075575,20.844549832789426,54466.3239084814,-49723.80711183964
73,47.400906928948906,23.729288507264343,103215.93353637903,-62542.37704848094
73,50.0,26.392101872198914,131927.789092269,-80305.04603140382
74,49.513046356019174,22.67747187781702,-177066.48522430897,61336.921625141076
74,49.72523923966026,22.222669127160017,-171666.0072401143,47597.166697336026
74,49.74265354644324,20.39795009402218,-137239.0649268766,45229.05883222698
74,48.81760653004229,22.3069355365978,-128121.4221747857,45109.22363548437
74,49.29018307253682,17.515295103343085,-117881.66467937625,39874.774415991604
74,48.99825485996774,21.571191806824206,-116521.1655185787,26417.149346052352
74,48.63375954068784,18.00317273288245,-91767.79387905583,22701.88922529849
74,48.17828911023102,22.046000492540674,-85468.42364399158,14692.729600196424
74,46.93775364303613,17.60391712272539,-60195.49408129816,8464.509543960738
74,47.698213975697094,24.147120230627294,-43576.77673855199,7544.413854812937
74,49.085243897943435,17.824735193338082,-39783.27965883262,4778.047343682213
74,48.896492078677895,26.01568116937444,-39525.51892484292,3595.367111843936
74,48.68060016179405,19.61405664655129,-39301.80936410278,-464.23212849286057
74,49.07972943894956,26.043004380650487,-36009.254352149306,-3182.00148846904
74,47.60818705236999,20.644869696258425,-21475.371703417837,-6200.031395813182
74,50.0,23.2288009827092,-19361.744747916477,-9529.1707792681
74,49.75694647321392,22.168643290059546,-12297.922169065112,-13472.532055176775
74,49.21002219875479,23.404746473377326,-10027.478025231701,-21272.215811641217
74,48.28062196208619,24.974968466258172,4319.652243651215,-22055.594336775728
74,48.9254636805041,21.230030992014097,25281.067755635122,-24141.815121107524
74,48.20417032310728,22.34038497451201,30804.686049109885,-25352.535522563394
74,50.0,23.81819656750527,37669.54475362228,-26015.213534214377
74,48.54631538956883,26.0716969972007,41289.95640476727,-31946.45269692491
74,48.19871342557462,24.80664176390573,52545.86723918625,-35251.20438021943
74,49.59321220075575,20.844549832789426,54466.3239084814,-49723.80711183964
74,47.400906928948906,23.729288507264343,103215.93353637903,-62542.37704848094
74,50.0,26.392101872198914,131927.789092269,-80305.04603140382
75,49.513046356019174,22.67747187781702,-177066.48522430897,61336.921625141076
75,49.72523923966026,22.222669127160017,-171666.0072401143,47597.166697336026
75,49.74265354644324,20.39795009402218,-137239.0649268766,45229.05883222698
75,48.81760653004229,22.3069355365978,-128121.4221747857,45109.22363548437
75,49.29018307253682,17.515295103343085,-117881.66467937625,39874.774415991604
75,48.99825485996774,21.571191806824206,-116521.1655185787,26417.149346052352
75,48.63375954068784,18.00317273288245,-91767.79387905583,22701.88922529849
75,48.17828911023102,22.046000492540674,-85468.42364399158,14692.729600196424
75,46.93775364303613,17.60391712272539,-60195.49408129816,8464.509543960738
75,47.698213975697094,24.147120230627294,-43576.77673855199,7544.413854812937
75,49.085243897943435,17.824735193338082,-39783.27965883262,4778.047343682213
75,48.896492078677895,26.01568116937444,-39525.51892484292,3595.367111843936
75,48.68060016179405,19.61405664655129,-39301.80936410278,-464.23212849286057
75,49.07972943894956,26.043004380650487,-36009.254352149306,-3182.00148846904
75,47.60818705236999,20.644869696258425,-21475.371703417837,-6200.031395813182
75,50.0,23.2288009827092,-19361.744747916477,-9529.1707792681
75,49.75694647321392,22.168643290059546,-12297.922169065112,-13472.532055176775
75,49.21002219875479,23.404746473377326,-10027.478025231701,-21272.215811641217
75,48.28062196208619,24.974968466258172,4319.652243651215,-22055.594336775728
75,48.9254636805041,21.230030992014097,25281.067755635122,-24141.815121107524
75,48.20417032310728,22.34038497451201,30804.686049109885,-25352.535522563394
75,50.0,23.81819656750527,37669.54475362228,-26015.213534214377
75,48.54631538956883,26.0716969972007,41289.95640476727,-31946.45269692491
75,48.19871342557462,24.80664176390573,52545.86723918625,-35251.20438021943
75,49.59321220075575,20.844549832789426,54466.3239084814,-49723.80711183964
75,47.400906928948906,23.729288507264343,103215.93353637903,-62542.37704848094
75,50.0,26.392101872198914,131927.789092269,-80305.04603140382
76,49.513046356019174,22.67747187781702,-177066.48522430897,61336.921625141076
76,49.72523923966026,22.222669127160017,-171666.0072401143,47597.166697336026
76,49.74265354644324,20.39795009402218,-137239.0649268766,45229.05883222698
76,48.81760653004229,22.3069355365978,-128121.4221747857,45109.22363548437
76,49.29018307253682,17.515295103343085,-117881.66467937625,39874.774415991604
76,48.99825485996774,21.571191806824206,-116521.1655185787,26417.149346052352
76,48.63375954068784,18.00317273288245,-91767.79387905583,22701.88922529849
76,48.17828911023102,22.046000492540674,-85468.42364399158,14692.729600196424
76,46.93775364303613,17.60391712272539,-60195.49408129816,8464.509543960738
76,47.698213975697094,24.147120230627294,-43576.77673855199,7544.413854812937
76,49.085243897943435,17.824735193338082,-39783.27965883262,4778.047343682213
76,48.896492078677895,26.01568116937444,-39525.51892484292,3595.367111843936
76,48.68060016179405,19.61405664655129,-39301.80936410278,-464.23212849286057
76,49.07972943894956,26.043004380650487,-36009.254352149306,-3182.00148846904
76,47.60818705236999,20.644869696258425,-21475.371703417837,-6200.031395813182
76,50.0,23.2288009827092,-19361.744747916477,-9529.1707792681
76,49.75694647321392,22.168643290059546,-12297.922169065112,-13472.532055176775
76,49.21002219875479,23.404746473377326,-10027.478025231701,-21272.215811641217
76,48.28062196208619,24.974968466258172,4319.652243651215,-22055.594336775728
76,48.9254636805041,21.230030992014097,25281.067755635122,-24141.815121107524
76,48.20417032310728,22.34038497451201,30804.686049109885,-25352.535522563394
76,50.0,23.81819656750527,37669.54475362228,-26015.213534214377
76,48.54631538956883,26.0716969972007,41289.95640476727,-31946.45269692491
76,48.19871342557462,24.80664176390573,52545.86723918625,-35251.20438021943
76,49.59321220075575,20.844549832789426,54466.3239084814,-49723.80711183964
76,47.400906928948906,23.729288507264343,103215.93353637903,-62542.37704848094
76,50.0,26.392101872198914,131927.789092269,-80305.04603140382
77,49.513046356019174,22.67747187781702,-177066.48522430897,61336.921625141076
77,49.72523923966026,22.222669127160017,-171666.0072401143,47597.166697336026
77,49.74265354644324,20.39795009402218,-137239.0649268766,45229.05883222698
77,48.81760653004229,22.3069355365978,-128121.4221747857,45109.22363548437
77,49.29018307253682,17.515295103343085,-117881.66467937625,39874.774415991604
77,48.99825485996774,21.571191806824206,-116521.1655185787,26417.149346052352
77,48.63375954068784,18.00317273288245,-91767.79387905583,22701.88922529849
77,48.17828911023102,22.046000492540674,-85468.42364399158,14692.729600196424
77,46.93775364303613,17.60391712272539,-60195.49408129816,8464.509543960738
77,47.698213975697094,24.147120230627294,-43576.77673855199,7544.413854812937
77,49.085243897943435,17.824735193338082,-39783.27965883262,4778.047343682213
77,48.896492078677895,26.01568116937444,-39525.51892484292,3595.367111843936
77,48.68060016179405,19.61405664655129,-39301.80936410278,-464.23212849286057
77,49.07972943894956,26.043004380650487,-36009.254352149306,-3182.00148846904
77,47.60818705236999,20.644869696258425,-21475.371703417837,-6200.031395813182
77,50.0,23.2288009827092,-19361.744747916477,-9529.1707792681
77,49.75694647321392,22.168643290059546,-12297.922169065112,-13472.532055176775
77,49.21002219875479,23.404746473377326,-10027.478025231701,-21272.215811641217
77,48.28062196208619,24.974968466258172,4319.652243651215,-22055.594336775728
77,48.9254636805041,21.230030992014097,25281.067755635122,-24141.815121107524
77,48.20417032310728,22.34038497451201,30804.686049109885,-25352.535522563394
77,50.0,23.81819656750527,37669.54475362228,-26015.213534214377
77,48.54631538956883,26.0716969972007,41289.95640476727,-31946.45269692491
77,48.19871342557462,24.80664176390573,52545.86723918625,-35251.20438021943
77,49.59321220075575,20.844549832789426,54466.3239084814,-49723.80711183964
77,46.499895166555724,25.479635342128258,72305.48392435798,-55581.30173246154
77,47.400906928948906,23.729288507264343,103215.93353637903,-62542.37704848094
77,50.0,26.392101872198914,131927.789092269,-80305.04603140382
78,49.513046356019174,22.67747187781702,-177066.48522430897,61336.921625141076
78,49.72523923966026,22.222669127160017,-171666.0072401143,47597.166697336026
78,49.74265354644324,20.39795009402218,-137239.0649268766,45229.05883222698
78,48.81760653004229,22.3069355365978,-128121.4221747857,45109.22363548437
78,49.29018307253682,17.515295103343085,-117881.66467937625,39874.774415991604
78,48.99825485996774,21.571191806824206,-116521.1655185787,26417.149346052352
78,48.63375954068784,18.00317273288245,-91767.79387905583,22701.88922529849
78,48.17828911023102,22.046000492540674,-85468.42364399158,14692.729600196424
78,46.93775364303613,17.60391712272539,-60195.49408129816,8464.509543960738
78,47.698213975697094,24.147120230627294,-43576.77673855199,7544.413854812937
78,49.085243897943435,17.824735193338082,-39783.27965883262,4778.047343682213
78,48.896492078677895,26.01568116937444,-39525.51892484292,3595.367111843936
78,48.68060016179405,19.61405664655129,-39301.80936410278,-464.23212849286057
78,49.07972943894956,26.043004380650487,-36009.254352149306,-3182.00148846904
78,47.60818705236999,20.644869696258425,-21475.371703417837,-6200.031395813182
78,50.0,23.2288009827092,-19361.744747916477,-9529.1707792681
78,49.75694647321392,22.168643290059546,-12297.922169065112,-13472.532055176775
78,49.21002219875479,23.404746473377326,-10027.478025231701,-21272.215811641217
78,48.28062196208619,24.974968466258172,4319.652243651215,-22055.594336775728
78,48.9254636805041,21.230030992014097,25281.067755635122,-24141.815121107524
78,47.17387015028143,25.699806165089456,27798.585370150467,-31233.186246278216
78,48.54631538956883,26.0716969972007,41289.95640476727,-31946.45269692491
78,48.19871342557462,24.80664176390573,52545.86723918625,-35251.20438021943
78,49.59321220075575,20.844549832789426,54466.3239084814,-49723.80711183964
78,46.499895166555724,25.479635342128258,72305.48392435798,-55581.30173246154
78,47.400906928948906,23.729288507264343,103215.93353637903,-62542.37704848094
78,50.0,26.392101872198914,131927.789092269,-80305.04603140382
79,49.513046356019174,22.67747187781702,-177066.48522430897,61336.921625141076
79,49.72523923966026,22.222669127160017,-171666.0072401143,47597.166697336026
79,49.74265354644324,20.39795009402218,-137239.0649268766,45229.05883222698
79,48.81760653004229,22.3069355365978,-128121.4221747857,45109.22363548437
79,49.29018307253682,17.515295103343085,-117881.66467937625,39874.774415991604
79,48.99825485996774,21.571191806824206,-116521.1655185787,26417.149346052352
79,48.63375954068784,18.00317273288245,-91767.79387905583,22701.88922529849
79,48.17828911023102,22.046000492540674,-85468.42364399158,14692.729600196424
79,46.93775364303613,17.60391712272539,-60195.49408129816,8464.509543960738
79,47.698213975697094,24.147120230627294,-43576.77673855199,7544.413854812937
79,49.085243897943435,17.824735193338082,-39783.27965883262,4778.047343682213
79,48.896492078677895,26.01568116937444,-39525.51892484292,3595.367111843936
79,48.68060016179405,19.61405664655129,-39301.80936410278,-464.23212849286057
79,49.07972943894956,26.043004380650487,-36009.254352149306,-3182.00148846904
79,47.60818705236999,20.644869696258425,-21475.371703417837,-6200.031395813182
79,50.0,23.2288009827092,-19361.744747916477,-9529.1707792681
79,49.75694647321392,22.168643290059546,-12297.922169065112,-13472.532055176775
79,49.21002219875479,23.404746473377326,-10027.478025231701,-21272.215811641217
79,48.28062196208619,24.974968466258172,4319.652243651215,-22055.594336775728
79,48.9254636805041,21.230030992014097,25281.067755635122,-24141.815121107524
79,47.17387015028143,25.699806165089456,27798.585370150467,-31233.186246278216
79,48.54631538956883,26.0716969972007,41289.95640476727,-31946.45269692491
79,48.19871342557462,24.80664176390573,52545.86723918625,-35251.20438021943
79,49.59321220075575,20.844549832789426,54466.3239084814,-49723.80711183964
79,46.499895166555724,25.479635342128258,72305.48392435798,-55581.30173246154
79,47.400906928948906,23.729288507264343,103215.93353637903,-62542.37704848094
79,50.0,26.392101872198914,131927.789092269,-80305.04603140382
80,49.513046356019174,22.67747187781702,-177066.48522430897,61336.921625141076
80,49.72523923966026,22.222669127160017,-171666.0072401143,47597.166697336026
80,49.74265354644324,20.39795009402218,-137239.0649268766,45229.05883222698
80,48.81760653004229,22.3069355365978,-128121.4221747857,45109.22363548437
80,49.29018307253682,17.515295103343085,-117881.66467937625,39874.774415991604
80,48.99825485996774,21.571191806824206,-116521.1655185787,26417.149346052352
80,48.63375954068784,18.00317273288245,-91767.79387905583,22701.88922529849
80,48.17828911023102,22.046000492540674,-85468.42364399158,14692.729600196424
80,46.93775364303613,17.60391712272539,-60195.49408129816,8464.509543960738
80,47.698213975697094,24.147120230627294,-43576.77673855199,7544.413854812937
80,49.085243897943435,17.824735193338082,-39783.27965883262,4778.047343682213
80,48.896492078677895,26.01568116937444,-39525.51892484292,3595.367111843936
80,48.68060016179405,19.61405664655129,-39301.80936410278,-464.23212849286057
80,49.07972943894956,26.043004380650487,-36009.254352149306,-3182.00148846904
80,47.60818705236999,20.644869696258425,-21475.371703417837,-6200.031395813182
80,50.0,23.2288009827092,-19361.744747916477,-9529.1707792681
80,49.75694647321392,22.168643290059546,-12297.922169065112,-13472.532055176775
80,49.21002219875479,23.404746473377326,-10027.478025231701,-21272.215811641217
80,48.28062196208619,24.974968466258172,4319.652243651215,-22055.594336775728
80,48.9254636805041,21.230030992014097,25281.067755635122,-24141.815121107524
80,47.17387015028143,25.699806165089456,27798.585370150467,-31233.186246278216
80,48.54631538956883,26.0716969972007,41289.95640476727,-31946.45269692491
80,48.19871342557462,24.80664176390573,52545.86723918625,-35251.20438021943
80,49.59321220075575,20.844549832789426,54466.3239084814,-49723.80711183964
80,46.499895166555724,25.479635342128258,72305.48392435798,-55581.30173246154
80,47.400906928948906,23.729288507264343,103215.93353637903,-62542.37704848094
80,50.0,26.392101872198914,131927.789092269,-80305.04603140382
81,49.513046356019174,22.67747187781702,-177066.48522430897,61336.921625141076
81,49.72523923966026,22.222669127160017,-171666.0072401143,47597.166697336026
81,49.74265354644324,20.39795009402218,-137239.0649268766,45229.05883222698
81,48.81760653004229,22.3069355365978,-128121.4221747857,45109.22363548437
81,49.29018307253682,17.515295103343085,-117881.66467937625,39874.774415991604
81,48.99825485996774,21.571191806824206,-116521.1655185787,26417.149346052352
81,48.63375954068784,18.00317273288245,-91767.79387905583,22701.88922529849
81,48.17828911023102,22.046000492540674,-85468.42364399158,14692.729600196424
81,46.93775364303613,17.60391712272539,-60195.49408129816,8464.509543960738
81,47.698213975697094,24.147120230627294,-43576.77673855199,7544.413854812937
81,49.085243897943435,17.824735193338082,-39783.27965883262,4778.047343682213
81,48.896492078677895,26.01568116937444,-39525.51892484292,3595.367111843936
81,48.68060016179405,19.61405664655129,-39301.80936410278,-464.23212849286057
81,49.07972943894956,26.043004380650487,-36009.254352149306,-3182.00148846904
81,47.60818705236999,20.644869696258425,-21475.371703417837,-6200.031395813182
81,50.0,23.2288009827092,-19361.744747916477,-9529.1707792681
81,49.75694647321392,22.168643290059546,-12297.922169065112,-13472.532055176775
81,49.21002219875479,23.404746473377326,-10027.478025231701,-21272.215811641217
81,48.28062196208619,24.974968466258172,4319.652243651215,-22055.594336775728
81,48.9254636805041,21.230030992014097,25281.067755635122,-24141.815121107524
81,47.17387015028143,25.699806165089456,27798.585370150467,-31233.186246278216
81,48.54631538956883,26.0716969972007,41289.95640476727,-31946.45269692491
81,48.19871342557462,24.80664176390573,52545.86723918625,-35251.20438021943
81,49.59321220075575,20.844549832789426,54466.3239084814,-49723.80711183964
81,46.499895166555724,25.479635342128258,72305.48392435798,-55581.30173246154
81,47.400906928948906,23.729288507264343,103215.93353637903,-62542.37704848094
81,50.0,26.392101872198914,131927.789092269,-80305.04603140382
82,49.513046356019174,22.67747187781702,-177066.48522430897,61336.921625141076
82,49.72523923966026,22.222669127160017,-171666.0072401143,47597.166697336026
82,49.74265354644324,20.39795009402218,-137239.0649268766,45229.05883222698
82,48.81760653004229,22.3069355365978,-128121.4221747857,45109.22363548437
82,49.29018307253682,17.515295103343085,-117881.66467937625,39874.774415991604
82,48.99825485996774,21.571191806824206,-116521.1655185787,26417.149346052352
82,48.63375954068784,18.00317273288245,-91767.79387905583,22701.88922529849
82,48.17828911023102,22.046000492540674,-85468.42364399158,14692.729600196424
82,46.93775364303613,17.60391712272539,-60195.49408129816,8464.509543960738
82,47.698213975697094,24.147120230627294,-43576.77673855199,7544.413854812937
82,49.085243897943435,17.824735193338082,-39783.27965883262,4778.047343682213
82,48.896492078677895,26.01568116937444,-39525.51892484292,3595.367111843936
82,48.68060016179405,19.61405664655129,-39301.80936410278,-464.23212849286057
82,49.07972943894956,26.043004380650487,-36009.254352149306,-3182.00148846904
82,47.60818705236999,20.644869696258425,-21475.371703417837,-6200.031395813182
82,50.0,23.2288009827092,-19361.744747916477,-9529.1707792681
82,49.75694647321392,22.168643290059546,-12297.922169065112,-13472.532055176775
82,49.21002219875479,23.404746473377326,-10027.478025231701,-21272.215811641217
82,48.28062196208619,24.974968466258172,4319.652243651215,-22055.594336775728
82,48.9254636805041,21.230030992014097,25281.067755635122,-24141.815121107524
82,47.17387015028143,25.699806165089456,27798.585370150467,-31233.186246278216
82,48.54631538956883,26.0716969972007,41289.95640476727,-31946.45269692491
82,48.19871342557462,24.80664176390573,52545.86723918625,-35251.20438021943
82,49.59321220075575,20.844549832789426,54466.3239084814,-49723.80711183964
82,46.499895166555724,25.479635342128258,72305.48392435798,-55581.30173246154
82,47.400906928948906,23.729288507264343,103215.93353637903,-62542.37704848094
82,50.0,26.392101872198914,131927.789092269,-80305.04603140382
83,49.513046356019174,22.67747187781702,-177066.48522430897,61336.921625141076
83,49.72523923966026,22.222669127160017,-171666.0072401143,47597.166697336026
83,49.74265354644324,20.39795009402218,-137239.0649268766,45229.05883222698
83,48.81760653004229,22.3069355365978,-128121.4221747857,45109.22363548437
83,49.29018307253682,17.515295103343085,-117881.66467937625,39874.774415991604
83,48.99825485996774,21.571191806824206,-116521.1655185787,26417.149346052352
83,48.63375954068784,18.00317273288245,-91767.79387905583,22701.88922529849
83,48.17828911023102,22.046000492540674,-85468.42364399158,14692.729600196424
83,46.93775364303613,17.60391712272539,-60195.49408129816,8464.509543960738
83,46.093513758628,29.086338805680352,-55792.886547775815,4490.450037931804
83,48.896492078677895,26.01568116937444,-39525.51892484292,3595.367111843936
83,48.68060016179405,19.61405664655129,-39301.80936410278,-464.23212849286057
83,49.07972943894956,26.043004380650487,-36009.254352149306,-3182.00148846904
83,47.60818705236999,20.644869696258425,-21475.371703417837,-6200.031395813182
83,50.0,23.2288009827092,-19361.744747916477,-9529.1707792681
83,49.75694647321392,22.168643290059546,-12297.922169065112,-13472.532055176775
83,49.21002219875479,23.404746473377326,-10027.478025231701,-21272.215811641217
83,48.28062196208619,24.974968466258172,4319.652243651215,-22055.594336775728
83,48.9254636805041,21.230030992014097,25281.067755635122,-24141.815121107524
83,47.17387015028143,25.699806165089456,27798.585370150467,-31233.186246278216
83,48.54631538956883,26.0716969972007,41289.95640476727,-31946.45269692491
83,48.19871342557462,24.80664176390573,52545.86723918625,-35251.20438021943
83,49.59321220075575,20.844549832789426,54466.3239084814,-49723.80711183964
83,46.499895166555724,25.479635342128258,72305.48392435798,-55581.30173246154
83,47.400906928948906,23.729288507264343,103215.93353637903,-62542.37704848094
83,50.0,26.392101872198914,131927.789092269,-80305.04603140382
84,49.513046356019174,22.67747187781702,-177066.48522430897,61336.921625141076
84,49.72523923966026,22.222669127160017,-171666.0072401143,47597.166697336026
84,49.74265354644324,20.39795009402218,-137239.0649268766,45229.05883222698
84,48.81760653004229,22.3069355365978,-128121.4221747857,45109.22363548437
84,49.29018307253682,17.515295103343085,-117881.66467937625,39874.774415991604
84,48.99825485996774,21.571191806824206,-116521.1655185787,26417.149346052352
84,48.63375954068784,18.00317273288245,-91767.79387905583,22701.88922529849
84,48.17828911023102,22.046000492540674,-85468.42364399158,14692.729600196424
84,46.93775364303613,17.60391712272539,-60195.49408129816,8464.509543960738
84,46.093513758628,29.086338805680352,-55792.886547775815,4490.450037931804
84,48.896492078677895,26.01568116937444,-39525.51892484292,3595.367111843936
84,48.68060016179405,19.61405664655129,-39301.80936410278,-464.23212849286057
84,49.07972943894956,26.043004380650487,-36009.254352149306,-3182.00148846904
84,47.60818705236999,20.644869696258425,-21475.371703417837,-6200.031395813182
84,50.0,23.2288009827092,-19361.744747916477,-9529.1707792681
84,49.75694647321392,22.168643290059546,-12297.922169065112,-13472.532055176775
84,49.21002219875479,23.404746473377326,-10027.478025231701,-21272.215811641217
84,48.28062196208619,24.974968466258172,4319.652243651215,-22055.594336775728
84,48.9254636805041,21.230030992014097,25281.067755635122,-24141.815121107524
84,47.17387015028143,25.699806165089456,27798.585370150467,-31233.186246278216
84,48.54631538956883,26.0716969972007,41289.95640476727,-31946.45269692491
84,48.19871342557462,24.80664176390573,52545.86723918625,-35251.20438021943
84,49.59321220075575,20.844549832789426,54466.3239084814,-49723.80711183964
84,46.499895166555724,25.479635342128258,72305.48392435798,-55581.30173246154
84,47.400906928948906,23.729288507264343,103215.93353637903,-62542.37704848094
84,50.0,26.392101872198914,131927.789092269,-80305.04603140382
85,49.513046356019174,22.67747187781702,-177066.48522430897,61336.921625141076
85,49.72523923966026,22.222669127160017,-171666.0072401143,47597.166697336026
85,49.74265354644324,20.39795009402218,-137239.0649268766,45229.05883222698
85,48.81760653004229,22.3069355365978,-128121.4221747857,45109.22363548437
85,49.29018307253682,17.515295103343085,-117881.66467937625,39874.774415991604
85,48.99825485996774,21.571191806824206,-116521.1655185787,26417.149346052352
85,48.63375954068784,18.00317273288245,-91767.79387905583,22701.88922529849
85,48.17828911023102,22.046000492540674,-85468.42364399158,14692.729600196424
85,46.93775364303613,17.60391712272539,-60195.49408129816,8464.509543960738
85,46.093513758628,29.086338805680352,-55792.886547775815,4490.450037931804
85,48.896492078677895,26.01568116937444,-39525.51892484292,3595.367111843936
85,48.68060016179405,19.61405664655129,-39301.80936410278,-464.23212849286057
85,49.07972943894956,26.043004380650487,-36009.254352149306,-3182.00148846904
85,47.60818705236999,20.644869696258425,-21475.371703417837,-6200.031395813182
85,50.0,23.2288009827092,-19361.744747916477,-9529.1707792681
85,49.75694647321392,22.168643290059546,-12297.922169065112,-13472.532055176775
85,49.21002219875479,23.404746473377326,-10027.478025231701,-21272.215811641217
85,48.28062196208619,24.974968466258172,4319.652243651215,-22055.594336775728
85,48.9254636805041,21.230030992014097,25281.067755635122,-24141.815121107524
85,47.17387015028143,25.699806165089456,27798.585370150467,-31233.186246278216
85,48.54631538956883,26.0716969972007,41289.95640476727,-31946.45269692491
85,48.19871342557462,24.80664176390573,52545.86723918625,-35251.20438021943
85,49.59321220075575,20.844549832789426,54466.3239084814,-49723.80711183964
85,46.499895166555724,25.479635342128258,72305.48392435798,-55581.30173246154
85,47.400906928948906,23.729288507264343,103215.93353637903,-62542.37704848094
85,50.0,26.392101872198914,131927.789092269,-80305.04603140382
86,49.513046356019174,22.67747187781702,-177066.48522430897,61336.921625141076
86,49.72523923966026,22.222669127160017,-171666.0072401143,47597.166697336026
86,49.74265354644324,20.39795009402218,-137239.0649268766,45229.05883222698
86,48.81760653004229,22.3069355365978,-128121.4221747857,45109.22363548437
86,49.29018307253682,17.515295103343085,-117881.66467937625,39874.774415991604
86,48.99825485996774,21.571191806824206,-116521.1655185787,26417.149346052352
86,48.63375954068784,18.00317273288245,-91767.79387905583,22701.88922529849
86,48.17828911023102,22.046000492540674,-85468.42364399158,14692.729600196424
86,46.93775364303613,17.60391712272539,-60195.49408129816,8464.509543960738
86,46.093513758628,29.086338805680352,-55792.886547775815,4490.450037931804
86,48.896492078677895,26.01568116937444,-39525.51892484292,3595.367111843936
86,48.68060016179405,19.61405664655129,-39301.80936410278,-464.23212849286057
86,49.07972943894956,26.043004380650487,-36009.254352149306,-3182.00148846904
86,47.60818705236999,20.644869696258425,-21475.371703417837,-6200.031395813182
86,50.0,23.2288009827092,-19361.744747916477,-9529.1707792681
86,49.75694647321392,22.168643290059546,-12297.922169065112,-13472.532055176775
86,49.21002219875479,23.404746473377326,-10027.478025231701,-21272.215811641217
86,48.28062196208619,24.974968466258172,4319.652243651215,-22055.594336775728
86,48.9254636805041,21.230030992014097,25281.067755635122,-24141.815121107524
86,47.17387015028143,25.699806165089456,27798.585370150467,-31233.186246278216
86,48.54631538956883,26.0716969972007,41289.95640476727,-31946.45269692491
86,48.19871342557462,24.80664176390573,52545.86723918625,-35251.20438021943
86,49.59321220075575,20.844549832789426,54466.3239084814,-49723.80711183964
86,46.499895166555724,25.479635342128258,72305.48392435798,-55581.30173246154
86,47.400906928948906,23.729288507264343,103215.93353637903,-62542.37704848094
86,50.0,26.392101872198914,131927.789092269,-80305.04603140382
87,49.513046356019174,22.67747187781702,-177066.48522430897,61336.921625141076
87,49.72523923966026,22.222669127160017,-171666.0072401143,47597.166697336026
87,49.74265354644324,20.39795009402218,-137239.0649268766,45229.05883222698
87,48.81760653004229,22.3069355365978,-128121.4221747857,45109.22363548437
87,49.29018307253682,17.515295103343085,-117881.66467937625,39874.774415991604
87,48.99825485996774,21.571191806824206,-116521.1655185787,26417.149346052352
87,48.63375954068784,18.00317273288245,-91767.79387905583,22701.88922529849
87,48.17828911023102,22.046000492540674,-85468.42364399158,14692.729600196424
87,46.93775364303613,17.60391712272539,-60195.49408129816,8464.509543960738
87,46.093513758628,29.086338805680352,-55792.886547775815,4490.450037931804
87,48.896492078677895,26.01568116937444,-39525.51892484292,3595.367111843936
87,48.68060016179405,19.61405664655129,-39301.80936410278,-464.23212849286057
87,49.07972943894956,26.043004380650487,-36009.254352149306,-3182.00148846904
87,47.60818705236999,20.644869696258425,-21475.371703417837,-6200.031395813182
87,50.0,23.2288009827092,-19361.744747916477,-9529.1707792681
87,49.75694647321392,22.168643290059546,-12297.922169065112,-13472.532055176775
87,49.21002219875479,23.404746473377326,-10027.478025231701,-21272.215811641217
87,48.28062196208619,24.974968466258172,4319.652243651215,-22055.594336775728
87,48.9254636805041,21.230030992014097,25281.067755635122,-24141.815121107524
87,47.17387015028143,25.699806165089456,27798.585370150467,-31233.186246278216
87,48.54631538956883,26.0716969972007,41289.95640476727,-31946.45269692491
87,48.19871342557462,24.80664176390573,52545.86723918625,-35251.20438021943
87,49.59321220075575,20.844549832789426,54466.3239084814,-49723.80711183964
87,46.499895166555724,25.479635342128258,72305.48392435798,-55581.30173246154
87,47.400906928948906,23.729288507264343,103215.93353637903,-62542.37704848094
87,50.0,26.392101872198914,131927.789092269,-80305.04603140382
88,49.513046356019174,22.67747187781702,-177066.48522430897,61336.921625141076
88,49.72523923966026,22.222669127160017,-171666.0072401143,47597.166697336026
88,49.74265354644324,20.39795009402218,-137239.0649268766,45229.05883222698
88,48.81760653004229,22.3069355365978,-128121.4221747857,45109.22363548437
88,49.29018307253682,17.515295103343085,-117881.66467937625,39874.774415991604
88,48.99825485996774,21.571191806824206,-116521.1655185787,26417.149346052352
88,48.63375954068784,18.00317273288245,-91767.79387905583,22701.88922529849
88,48.17828911023102,22.046000492540674,-85468.42364399158,14692.729600196424
88,46.93775364303613,17.60391712272539,-60195.49408129816,8464.509543960738
88,46.093513758628,29.086338805680352,-55792.886547775815,4490.450037931804
88,46.42531591306695,25.09509763553499,-44692.35244716928,1104.9183198445924
88,48.68060016179405,19.61405664655129,-39301.80936410278,-464.23212849286057
88,49.07972943894956,26.043004380650487,-36009.254352149306,-3182.00148846904
88,47.60818705236999,20.644869696258425,-21475.371703417837,-6200.031395813182
88,50.0,23.2288009827092,-19361.744747916477,-9529.1707792681
88,49.75694647321392,22.168643290059546,-12297.922169065112,-13472.532055176775
88,49.21002219875479,23.404746473377326,-10027.478025231701,-21272.215811641217
88,48.28062196208619,24.974968466258172,4319.652243651215,-22055.594336775728
88,48.9254636805041,21.230030992014097,25281.067755635122,-24141.815121107524
88,47.17387015028143,25.699806165089456,27798.585370150467,-31233.186246278216
88,48.54631538956883,26.0716969972007,41289.95640476727,-31946.45269692491
88,48.19871342557462,24.80664176390573,52545.86723918625,-35251.20438021943
88,49.59321220075575,20.844549832789426,54466.3239084814,-49723.80711183964
88,46.499895166555724,25.479635342128258,72305.48392435798,-55581.30173246154
88,47.400906928948906,23.729288507264343,103215.93353637903,-62542.37704848094
88,50.0,26.392101872198914,131927.789092269,-80305.04603140382
89,49.513046356019174,22.67747187781702,-177066.48522430897,61336.921625141076
89,49.72523923966026,22.222669127160017,-171666.0072401143,47597.166697336026
89,49.74265354644324,20.39795009402218,-137239.0649268766,45229.05883222698
89,48.81760653004229,22.3069355365978,-128121.4221747857,45109.22363548437
89,49.29018307253682,17.515295103343085,-117881.66467937625,39874.774415991604
89,48.99825485996774,21.571191806824206,-116521.1655185787,26417.149346052352
89,48.63375954068784,18.00317273288245,-91767.79387905583,22701.88922529849
89,48.17828911023102,22.046000492540674,-85468.42364399158,14692.729600196424
89,46.93775364303613,17.60391712272539,-60195.49408129816,8464.509543960738
89,46.093513758628,29.086338805680352,-55792.886547775815,4490.450037931804
89,46.42531591306695,25.09509763553499,-44692.35244716928,1104.9183198445924
89,48.68060016179405,19.61405664655129,-39301.80936410278,-464.23212849286057
89,49.07972943894956,26.043004380650487,-36009.254352149306,-3182.00148846904
89,47.60818705236999,20.644869696258425,-21475.371703417837,-6200.031395813182
89,50.0,23.2288009827092,-19361.744747916477,-9529.1707792681
89,49.75694647321392,22.168643290059546,-12297.922169065112,-13472.532055176775
89,49.21002219875479,23.404746473377326,-10027.478025231701,-21272.215811641217
89,48.28062196208619,24.974968466258172,4319.652243651215,-22055.594336775728
89,48.9254636805041,21.230030992014097,25281.067755635122,-24141.815121107524
89,47.17387015028143,25.699806165089456,27798.585370150467,-31233.186246278216
89,48.54631538956883,26.0716969972007,41289.95640476727,-31946.45269692491
89,48.19871342557462,24.80664176390573,52545.86723918625,-35251.20438021943
89,49.59321220075575,20.844549832789426,54466.3239084814,-49723.80711183964
89,46.499895166555724,25.479635342128258,72305.48392435798,-55581.30173246154
89,47.400906928948906,23.729288507264343,103215.93353637903,-62542.37704848094
89,50.0,26.392101872198914,131927.789092269,-80305.04603140382
90,49.513046356019174,22.67747187781702,-177066.48522430897,61336.921625141076
90,49.72523923966026,22.222669127160017,-171666.0072401143,47597.166697336026
90,49.74265354644324,20.39795009402218,-137239.0649268766,45229.05883222698
90,48.81760653004229,22.3069355365978,-128121.4221747857,45109.22363548437
90,49.29018307253682,17.515295103343085,-117881.66467937625,39874.774415991604
90,48.99825485996774,21.571191806824206,-116521.1655185787,26417.149346052352
90,48.63375954068784,18.00317273288245,-91767.79387905583,22701.88922529849
90,48.17828911023102,22.046000492540674,-85468.42364399158,14692.729600196424
90,46.93775364303613,17.60391712272539,-60195.49408129816,8464.509543960738
90,46.093513758628,29.086338805680352,-55792.886547775815,4490.450037931804
90,46.42531591306695,25.09509763553499,-44692.35244716928,1104.9183198445924
90,48.68060016179405,19.61405664655129,-39301.80936410278,-464.23212849286057
90,49.07972943894956,26.043004380650487,-36009.254352149306,-3182.00148846904
90,47.60818705236999,20.644869696258425,-21475.371703417837,-6200.031395813182
90,50.0,23.2288009827092,-19361.744747916477,-9529.1707792681
90,49.75694647321392,22.168643290059546,-12297.922169065112,-13472.532055176775
90,49.21002219875479,23.404746473377326,-10027.478025231701,-21272.215811641217
90,48.28062196208619,24.974968466258172,4319.652243651215,-22055.594336775728
90,48.9254636805041,21.230030992014097,25281.067755635122,-24141.815121107524
90,47.17387015028143,25.699806165089456,27798.585370150467,-31233.186246278216
90,48.54631538956883,26.0716969972007,41289.95640476727,-31946.45269692491
90,48.19871342557462,24.80664176390573,52545.86723918625,-35251.20438021943
90,49.59321220075575,20.844549832789426,54466.3239084814,-49723.80711183964
90,46.499895166555724,25.479635342128258,72305.48392435798,-55581.30173246154
90,47.400906928948906,23.729288507264343,103215.93353637903,-62542.37704848094
90,50.0,26.392101872198914,131927.789092269,-80305.04603140382
91,49.513046356019174,22.67747187781702,-177066.48522430897,61336.921625141076
91,49.72523923966026,22.222669127160017,-171666.0072401143,47597.166697336026
91,49.74265354644324,20.39795009402218,-137239.0649268766,45229.05883222698
91,48.81760653004229,22.3069355365978,-128121.4221747857,45109.22363548437
91,49.29018307253682,17.515295103343085,-117881.66467937625,39874.774415991604
91,48.99825485996774,21.571191806824206,-116521.1655185787,26417.149346052352
91,48.63375954068784,18.00317273288245,-91767.79387905583,22701.88922529849
91,48.17828911023102,22.046000492540674,-85468.42364399158,14692.729600196424
91,46.93775364303613,17.60391712272539,-60195.49408129816,8464.509543960738
91,46.093513758628,29.086338805680352,-55792.886547775815,4490.450037931804
91,46.42531591306695,25.09509763553499,-44692.35244716928,1104.9183198445924
91,48.68060016179405,19.61405664655129,-39301.80936410278,-464.23212849286057
91,49.07972943894956,26.043004380650487,-36009.254352149306,-3182.00148846904
91,47.60818705236999,20.644869696258425,-21475.371703417837,-6200.031395813182
91,50.0,23.2288009827092,-19361.744747916477,-9529.1707792681
91,49.75694647321392,22.168643290059546,-12297.922169065112,-13472.532055176775
91,49.21002219875479,23.404746473377326,-10027.478025231701,-21272.215811641217
91,48.28062196208619,24.974968466258172,4319.652243651215,-22055.594336775728
91,48.9254636805041,21.230030992014097,25281.067755635122,-24141.815121107524
91,47.17387015028143,25.699806165089456,27798.585370150467,-31233.186246278216
91,48.54631538956883,26.0716969972007,41289.95640476727,-31946.45269692491
91,48.19871342557462,24.80664176390573,52545.86723918625,-35251.20438021943
91,49.59321220075575,20.844549832789426,54466.3239084814,-49723.80711183964
91,46.499895166555724,25.479635342128258,72305.48392435798,-55581.30173246154
91,47.400906928948906,23.729288507264343,103215.93353637903,-62542.37704848094
91,50.0,26.392101872198914,131927.789092269,-80305.04603140382
92,49.513046356019174,22.67747187781702,-177066.48522430897,61336.921625141076
92,49.72523923966026,22.222669127160017,-171666.0072401143,47597.166697336026
92,49.74265354644324,20.39795009402218,-137239.0649268766,45229.05883222698
92,48.81760653004229,22.3069355365978,-128121.4221747857,45109.22363548437
92,49.29018307253682,17.515295103343085,-117881.66467937625,39874.774415991604
92,48.99825485996774,21.571191806824206,-116521.1655185787,26417.149346052352
92,48.63375954068784,18.00317273288245,-91767.79387905583,22701.88922529849
92,48.17828911023102,22.046000492540674,-85468.42364399158,14692.729600196424
92,46.93775364303613,17.60391712272539,-60195.49408129816,8464.509543960738
92,46.093513758628,29.086338805680352,-55792.886547775815,4490.450037931804
92,46.42531591306695,25.09509763553499,-44692.35244716928,1104.9183198445924
92,48.68060016179405,19.61405664655129,-39301.80936410278,-464.23212849286057
92,49.07972943894956,26.043004380650487,-36009.254352149306,-3182.00148846904
92,43.756134212568355,23.683570171618555,-30160.239090578438,-6347.208494371161
92,50.0,23.2288009827092,-19361.744747916477,-9529.1707792681
92,49.75694647321392,22.168643290059546,-12297.922169065112,-13472.532055176775
92,49.21002219875479,23.404746473377326,-10027.478025231701,-21272.215811641217
92,48.28062196208619,24.974968466258172,4319.652243651215,-22055.594336775728
92,48.9254636805041,21.230030992014097,25281.067755635122,-24141.815121107524
92,47.17387015028143,25.699806165089456,27798.585370150467,-31233.186246278216
92,48.54631538956883,26.0716969972007,41289.95640476727,-31946.45269692491
92,48.19871342557462,24.80664176390573,52545.86723918625,-35251.20438021943
92,49.59321220075575,20.844549832789426,54466.3239084814,-49723.80711183964
92,46.499895166555724,25.479635342128258,72305.48392435798,-55581.30173246154
92,47.400906928948906,23.729288507264343,103215.93353637903,-62542.37704848094
92,50.0,26.392101872198914,131927.789092269,-80305.04603140382
93,49.513046356019174,22.67747187781702,-177066.48522430897,61336.921625141076
93,49.72523923966026,22.222669127160017,-171666.0072401143,47597.166697336026
93,49.74265354644324,20.39795009402218,-137239.0649268766,45229.05883222698
93,48.81760653004229,22.3069355365978,-128121.4221747857,45109.22363548437
93,49.29018307253682,17.515295103343085,-117881.66467937625,39874.774415991604
93,48.99825485996774,21.571191806824206,-116521.1655185787,26417.149346052352
93,48.63375954068784,18.00317273288245,-91767.79387905583,22701.88922529849
93,48.17828911023102,22.046000492540674,-85468.42364399158,14692.729600196424
93,46.93775364303613,17.60391712272539,-60195.49408129816,8464.509543960738
93,46.093513758628,29.086338805680352,-55792.886547775815,4490.450037931804
93,46.42531591306695,25.09509763553499,-44692.35244716928,1104.9183198445924
93,48.68060016179405,19.61405664655129,-39301.80936410278,-464.23212849286057
93,49.07972943894956,26.043004380650487,-36009.254352149306,-3182.00148846904
93,43.756134212568355,23.683570171618555,-30160.239090578438,-6347.208494371161
93,50.0,23.2288009827092,-19361.744747916477,-9529.1707792681
93,49.75694647321392,22.168643290059546,-12297.922169065112,-13472.532055176775
93,49.21002219875479,23.404746473377326,-10027.478025231701,-21272.215811641217
93,48.28062196208619,24.974968466258172,4319.652243651215,-22055.594336775728
93,48.9254636805041,21.230030992014097,25281.067755635122,-24141.815121107524
93,47.17387015028143,25.699806165089456,27798.585370150467,-31233.186246278216
93,48.54631538956883,26.0716969972007,41289.95640476727,-31946.45269692491
93,48.19871342557462,24.80664176390573,52545.86723918625,-35251.20438021943
93,49.59321220075575,20.844549832789426,54466.3239084814,-49723.80711183964
93,46.499895166555724,25.479635342128258,72305.48392435798,-55581.30173246154
93,47.400906928948906,23.729288507264343,103215.93353637903,-62542.37704848094
93,50.0,26.392101872198914,131927.789092269,-80305.04603140382
94,49.513046356019174,22.67747187781702,-177066.48522430897,61336.921625141076
94,49.72523923966026,22.222669127160017,-171666.0072401143,47597.166697336026
94,49.74265354644324,20.39795009402218,-137239.0649268766,45229.05883222698
94,48.81760653004229,22.3069355365978,-128121.4221747857,45109.22363548437
94,49.29018307253682,17.515295103343085,-117881.66467937625,39874.774415991604
94,48.99825485996774,21.571191806824206,-116521.1655185787,26417.149346052352
94,48.63375954068784,18.00317273288245,-91767.79387905583,22701.88922529849
94,48.17828911023102,22.046000492540674,-85468.42364399158,14692.729600196424
94,46.93775364303613,17.60391712272539,-60195.49408129816,8464.509543960738
94,46.093513758628,29.086338805680352,-55792.886547775815,4490.450037931804
94,46.42531591306695,25.09509763553499,-44692.35244716928,1104.9183198445924
94,48.68060016179405,19.61405664655129,-39301.80936410278,-464.23212849286057
94,49.07972943894956,26.043004380650487,-36009.254352149306,-3182.00148846904
94,43.756134212568355,23.683570171618555,-30160.239090578438,-6347.208494371161
94,50.0,23.2288009827092,-19361.744747916477,-9529.1707792681
94,49.75694647321392,22.168643290059546,-12297.922169065112,-13472.532055176775
94,49.21002219875479,23.404746473377326,-10027.478025231701,-21272.215811641217
94,48.28062196208619,24.974968466258172,4319.652243651215,-22055.594336775728
94,48.9254636805041,21.230030992014097,25281.067755635122,-24141.815121107524
94,47.17387015028143,25.699806165089456,27798.585370150467,-31233.186246278216
94,48.54631538956883,26.0716969972007,41289.95640476727,-31946.45269692491
94,48.19871342557462,24.80664176390573,52545.86723918625,-35251.20438021943
94,49.59321220075575,20.844549832789426,54466.3239084814,-49723.80711183964
94,46.499895166555724,25.479635342128258,72305.48392435798,-55581.30173246154
94,47.400906928948906,23.729288507264343,103215.93353637903,-62542.37704848094
94,50.0,26.392101872198914,131927.789092269,-80305.04603140382
95,49.513046356019174,22.67747187781702,-177066.48522430897,61336.921625141076
95,49.72523923966026,22.222669127160017,-171666.0072401143,47597.166697336026
95,49.74265354644324,20.39795009402218,-137239.0649268766,45229.05883222698
95,48.81760653004229,22.3069355365978,-128121.4221747857,45109.22363548437
95,49.29018307253682,17.515295103343085,-117881.66467937625,39874.774415991604
95,48.99825485996774,21.571191806824206,-116521.1655185787,26417.149346052352
95,48.63375954068784,18.00317273288245,-91767.79387905583,22701.88922529849
95,48.17828911023102,22.046000492540674,-85468.42364399158,14692.729600196424
95,46.93775364303613,17.60391712272539,-60195.49408129816,8464.509543960738
95,46.093513758628,29.086338805680352,-55792.886547775815,4490.450037931804
95,46.42531591306695,25.09509763553499,-44692.35244716928,1104.9183198445924
95,48.68060016179405,19.61405664655129,-39301.80936410278,-464.23212849286057
95,49.07972943894956,26.043004380650487,-36009.254352149306,-3182.00148846904
95,43.756134212568355,23.683570171618555,-30160.239090578438,-6347.208494371161
95,50.0,23.2288009827092,-19361.744747916477,-9529.1707792681
95,49.75694647321392,22.168643290059546,-12297.922169065112,-13472.532055176775
95,49.21002219875479,23.404746473377326,-10027.478025231701,-21272.215811641217
95,48.28062196208619,24.974968466258172,4319.652243651215,-22055.594336775728
95,48.9254636805041,21.230030992014097,25281.067755635122,-24141.815121107524
95,47.17387015028143,25.699806165089456,27798.585370150467,-31233.186246278216
95,48.54631538956883,26.0716969972007,41289.95640476727,-31946.45269692491
95,48.19871342557462,24.80664176390573,52545.86723918625,-35251.20438021943
95,49.59321220075575,20.844549832789426,54466.3239084814,-49723.80711183964
95,46.499895166555724,25.479635342128258,72305.48392435798,-55581.30173246154
95,47.400906928948906,23.729288507264343,103215.93353637903,-62542.37704848094
95,50.0,26.392101872198914,131927.789092269,-80305.04603140382
