Pareto_f1,Pareto_f2
8.902070915039262,83.20915954138171
