Pareto_f1,Pareto_f2
8.781461993324232,83.48523403624465
