iterID,x1,x2,x3,ParetoFamily,Pareto_f1,Pareto_f2
1,88.09825633912925,90.08021753476821,96.67351000979667,0,183.58411137824984,104.16261497174081
1,28.629650390699002,62.63318840779557,96.94610101595907,0,158.34140395024784,95.52906287865648
1,22.544414559648583,38.56041072915107,90.15666124287527,0,127.34378050647426,79.88426180894223
1,24.240060549272215,29.123056635297353,85.5397277322881,0,113.13608888819903,75.81381530315886
1,34.250482390206905,33.90035863963835,88.29957725316868,2,120.27988551618172,83.36606393538096
1,29.040568393626074,31.972651881269577,74.73968304955221,2,105.62004957069969,78.24445715315963
1,26.120173448624506,30.892084125970698,67.13874251330027,2,97.37874981136217,76.51936816432487
1,23.99140849371743,30.1044253290604,61.59818510835071,2,91.36756605170109,76.07480950440589
1,22.63569843839205,29.60280256949962,58.06966526463433,2,87.53955218845928,76.18237278049295
1,22.069840904162586,29.3934310916357,56.59690231624277,2,85.94211515516795,76.3142772440278
1,20.241263224230654,28.7168438093657,51.83764527298944,2,80.78234388835958,77.05813689281355
1,23.316107531667924,34.67158079557504,38.37436137660435,3,73.98623168544026,77.83706067078447
1,26.74461786130608,29.840777721096163,34.72063951534246,3,65.39342293942792,76.39813469827541
1,27.592668503167967,28.645866446480706,33.81688223544097,3,63.27220107852307,76.46395592301876
1,25.01960635541549,28.894283779581464,28.95206666543363,28,59.0346717133568,75.77807374357305
1,24.602867587223717,24.939699201948116,24.99032123397631,28,51.26330271760093,75.31152535503301
1,24.60286858805398,24.9390013145619,17.034971723552854,28,43.801532521097684,75.31255312764011
1,24.064023621086246,24.880144100027877,11.800738547275152,28,38.8823124646238,75.33781286997396
1,24.60285248378286,24.938121517187028,6.8734653937343,28,34.34502419635791,75.31427197767219
1,24.81810233845947,25.476809741322082,0.0,28,28.54076747169701,75.32831806443212
1,24.61846590246212,24.481474835379043,0.0,28,27.540770147737902,75.32183971586134
1,24.850936912638613,20.534243323319686,0.0,28,23.540709413921945,75.86648520533348
1,24.718892460228158,16.199686898443485,0.0,53,19.181472360285028,77.33649812695587
1,24.636212930876244,11.484672290344808,0.0,53,14.45898977717657,79.66179604683573
1,24.55695866746499,6.964992356662323,0.0,53,9.955274476330302,82.266977524305
1,24.464757614540492,1.7069881707564876,0.0,53,4.746435914016018,85.40813396941066
2,0.0,89.94143885524615,0.0,10,90.98831507768912,5.29701281221169
2,0.0,81.60257760868569,0.0,10,82.50808946776222,5.334122976354024
2,0.0,74.57633004875284,0.0,10,75.3560158050819,5.366681907810076
2,0.0,68.5708561969922,0.0,10,69.24158591431805,5.395446108801394
2,0.0,63.68080493907121,0.0,10,64.26380542550288,5.419504826249764
2,0.0,58.95892345876143,0.0,10,59.45948297669064,5.443279014412866
2,0.0,55.10317795232068,0.0,22,55.53896103461172,5.46308804683396
2,0.0,51.500001761778805,0.0,22,51.877965196545574,5.4819212382884075
2,0.0,48.386615235599784,0.0,22,48.71716665769636,5.4984448352339115
2,0.0,45.621995233628134,0.0,22,45.91273136267194,5.513312151539068
2,0.0,42.787749152942546,0.0,22,43.04017547498613,5.528744124423298
2,0.0,40.427881693183934,0.0,22,40.65054508132513,5.541740191578086
2,0.0,38.2785205004415,0.0,22,38.475909968158604,5.553693260077864
2,0.0,36.3335199596297,0.0,10,36.50965268283986,5.5646054178127
2,0.0,34.994813955965206,0.0,10,35.15725757895919,5.5721688238341756
2,0.0,32.71209168003776,0.0,10,32.85306225883299,5.585165013477834
2,0.0,31.520266266211028,0.0,10,31.651005219872076,5.592000169462068
2,0.0,30.02685560968209,0.0,10,30.14576620655032,5.600613123221649
2,0.0,28.755646264239378,0.0,10,28.865388842689896,5.607986824662234
2,0.0,27.57851760960846,0.0,11,27.68053437240134,5.614849463999619
2,0.0,26.48730844256703,0.0,11,26.58283880019222,5.621240967027646
2,0.0,24.665785525284672,0.0,11,24.751984936873406,5.631973948138381
2,0.0,24.014576497865086,0.0,11,24.097907150654336,5.635830454248136
2,0.0,23.186968562061523,0.0,11,23.267017495774418,5.640746339948549
2,0.0,21.8664728719605,0.0,11,21.942147417771125,5.648624069131273
2,0.0,20.921685973550222,0.0,3,20.994895828065346,5.654286193460493
2,0.0,20.239239576568906,0.0,3,20.311021556560533,5.658389483233989
2,0.0,19.022174496044013,0.0,3,19.09215845744253,5.665735085044886
2,0.0,18.414307881763683,0.0,3,18.48375916269628,5.669417234680495
2,0.0,17.50120833157901,0.0,12,17.57032531812593,5.6749650711697655
2,0.0,16.659761064606233,0.0,12,16.729072981761732,5.680095358696562
2,0.0,15.979045189682214,0.0,12,16.048873414152098,5.684258163861443
2,0.0,15.595653781441902,0.0,12,15.665915715416816,5.68660765043542
2,0.0,14.84449910667998,0.0,12,14.915912731864083,5.691221130434812
2,0.0,14.378588700917009,0.0,12,14.450919578772002,5.694089522852067
2,0.0,13.421453226490568,0.0,12,13.496162320037342,5.699998591063974
2,0.0,12.868447988169244,0.0,12,12.944837559319964,5.70342275726405
2,0.0,12.28805237495441,0.0,71,12.366450010871347,5.707024461605798
2,0.0,11.801071535936906,0.0,71,11.881348944550439,5.710052745228921
2,0.0,11.291964029919214,0.0,71,11.374398500537154,5.713224745017442
2,0.0,10.734041066520797,0.0,71,10.819066672057232,5.716708077542364
2,0.0,10.238723913326695,0.0,82,10.326250781416874,5.719806836845564
2,0.0,9.744547649734212,0.0,82,9.834759926839482,5.722904363821087
2,0.0,9.288271607998109,0.0,82,9.38113309867019,5.725769567667243
2,0.0,8.861023079580086,0.0,82,8.956514114294663,5.72845705185037
2,0.0,8.413626441753971,0.0,82,8.512026446506141,5.731275999197479
2,0.0,7.996124310706362,0.0,82,8.0973833156893,5.73391095070042
2,0.0,7.6226903304898315,0.0,82,7.7266254472442455,5.736271346899429
2,0.0,7.114731623300799,0.0,82,7.222488307036343,5.739487455447275
2,0.0,6.715329134432088,0.0,82,6.826238495979382,5.742020627064363
2,0.0,6.335941727005675,0.0,82,6.449967083526218,5.744430426235894
2,0.0,6.004253648532262,0.0,85,6.121100610459237,5.746540099064575
2,0.0,5.5732095659511955,0.0,85,5.69385984742199,5.74928569160906
2,0.0,5.250581626536563,0.0,85,5.374180123630509,5.751343653027561
2,0.0,4.847857733541891,0.0,90,4.975259011320972,5.753916058250979
2,0.0,4.496006943001726,0.0,90,4.62684267200099,5.756166721381533
2,0.0,4.148485891392503,0.0,90,4.282816927224246,5.7583926279804984
2,0.0,3.830265642681449,0.0,90,3.967887605139822,5.7604334223592275
2,0.0,3.466524201317775,0.0,90,3.608014130361255,5.7627691515756965
2,0.0,3.1392471183022232,0.0,90,3.2843146106146435,5.764873464339701
2,0.0,2.8160951804683996,0.0,90,2.964786051622468,5.766953796194116
2,0.0,2.515835877238923,0.0,90,2.667974758624325,5.7688890186039
2,0.0,2.180993964243437,0.0,90,2.3370707753438467,5.771049704991498
2,0.0,1.9004336906927572,0.0,90,2.0598857023524744,5.772862209075058
2,0.0,1.5864416294962354,0.0,90,1.7497531796364854,5.774892951758076
2,0.0,1.2657235011599952,0.0,90,1.433067208926559,5.776969658990026
2,0.0,0.967397466533565,0.0,90,1.138573751754592,5.778903608749687
2,0.0,0.6752892511492886,0.0,90,0.8502950687309152,5.7807993380920095
2,0.0,0.3838496129545982,0.0,90,0.5627522584842666,5.782692787343507
2,0.0,0.14015781101735791,0.0,90,0.3223773848778819,5.784277603150471
2,0.0,0.0,0.0,138,0.18415150383640366,5.78518975150854
2,0.7795175058161741,0.0,0.0,138,0.1813348721191943,6.553417471040689
2,1.3118122298970691,0.0,0.0,138,0.1794241879442353,7.078823404101328
2,1.4707034353404147,0.0,0.0,138,0.1788558344368738,7.235786292891802
2,2.382064277000695,0.0,0.0,153,0.17561357383412712,8.137213605177962
2,3.2905928112501703,0.0,0.0,153,0.1724113432381955,9.037728631795645
2,3.689770236655865,0.0,0.0,153,0.17101384343820314,9.433974200532589
2,4.7873402531792735,0.0,0.0,138,0.1672010516495135,10.525311272575436
2,5.424458053374881,0.0,0.0,138,0.16500780767536583,11.16002604798814
2,6.77597117767953,0.0,0.0,138,0.16040393149009446,12.509343913592218
2,8.728015404295808,0.0,0.0,138,0.1538710091419233,14.465021025729413
2,10.085393198921988,0.0,0.0,138,0.1494094663780885,15.82953370493341
2,11.75077591897782,0.0,0.0,138,0.14402649152596325,17.50868069611883
2,14.39156028128924,0.0,0.0,138,0.13569603899688332,20.182219244974448
2,17.664886092567233,0.0,0.0,138,0.125719334314482,23.51387988234716
2,21.760577092045487,0.0,0.0,135,0.11377969232367491,27.708469538869785
2,27.32902360262528,0.0,0.0,135,0.09851398150061641,33.45362740760154
2,36.25544253262545,0.0,0.0,135,0.07636114298937002,42.75095533146486
2,50.170543923496155,0.0,0.0,135,0.04749497151706805,57.409323773417285
2,77.58293322247393,0.0,0.0,135,0.01063752610865265,86.58637964408324
3,0.0,96.9037887804263,0.0,2,96.87541565375632,4.649459723369887
3,0.0,82.3229086635069,0.0,2,82.32221606060179,4.471669988304356
3,0.0,71.86533018337443,0.0,2,71.87042693942097,4.411956232729295
3,0.0,63.89546679269007,0.0,32,63.9006270210853,4.402120059536841
3,0.0,57.70422120247747,0.0,32,57.708160758502416,4.413712091431769
3,0.0,52.50818624451349,0.0,32,52.51081259483992,4.434580985293003
3,0.0,48.01467141275159,0.0,32,48.016213880508296,4.459230248889732
3,0.0,44.27012128291905,0.0,32,44.27091114185669,4.483205537181433
3,0.0,40.99020012219602,0.0,41,40.99048941729198,4.50579901973687
3,0.0,38.090134528083574,0.0,41,38.0901188633607,4.5262527102205325
3,0.0,35.58165721995962,0.0,41,35.58148128096366,4.543733179148276
3,0.0,33.33542264466872,0.0,54,33.33517788039164,4.558783810637507
3,0.0,31.14012569185493,0.0,54,31.139871625977,4.572561781205138
3,0.0,29.420592859693922,0.0,54,29.42036293114861,4.58247262463091
3,0.0,27.579018103863806,0.0,52,27.578835069210662,4.592012420040547
3,0.0,25.96392474246425,0.0,52,25.963792406703057,4.59930257863558
3,0.0,24.546902047486075,0.0,52,24.546815079182245,4.604757293825941
3,0.0,23.19634236789022,0.0,52,23.196294222005662,4.609053150987464
3,0.0,21.947760539821214,0.0,8,21.947740439155275,4.612177716414024
3,0.0,21.03195502080134,0.0,8,21.03194870945211,4.613920800491705
3,0.0,19.84130660168615,0.0,8,19.84130754424067,4.615457678370177
3,0.0,18.810181710590353,0.0,54,18.810177748545726,4.616095127343641
3,0.0,17.92028422020267,0.0,54,17.920266926352255,4.616109466201827
3,0.0,16.948844289010683,0.0,54,16.94880245361314,4.6155424286296025
3,0.0,16.08302846802697,0.0,54,16.082955979593414,4.614512698926049
3,0.0,15.30910352406522,0.0,54,15.308996884327158,4.613166014674441
3,0.0,14.614053210005112,0.0,54,14.613910827204514,4.611608610560296
3,0.0,13.839830027541279,0.0,54,13.839642739070293,4.609481377582846
3,0.0,13.276399199950434,0.0,54,13.276176305588386,4.607670804709521
3,0.0,12.546664305203524,0.0,54,12.546392330799286,4.604994343963064
3,0.0,11.934265754241503,0.0,54,11.933950679329207,4.6024575996709345
3,0.0,11.461733552818403,0.0,54,11.461384480741827,4.600317943592337
3,0.0,10.82136419527277,0.0,54,10.82096870223684,4.5971638033935065
3,0.0,10.449127986113654,0.0,54,10.44870565914237,4.595195310942927
3,0.0,9.787306505191978,0.0,54,9.786837506136479,4.59144949095932
3,0.0,9.31367561330897,0.0,54,9.31317460001528,4.588575139247624
3,0.0,8.840843069397586,0.0,54,8.840311798484322,4.585544184534783
3,0.0,8.403058410749537,0.0,54,8.40250108628824,4.58259391245069
3,0.0,7.974682486735725,0.0,54,7.974101919955515,4.57957294044774
3,0.0,7.6308986058075625,0.0,54,7.630301281914903,4.577052543720306
3,0.0,7.191078405649881,0.0,54,7.190462487834914,4.573703441711949
3,0.0,6.767845836307296,0.0,80,6.767215463135521,4.57034857714882
3,0.0,6.414288352306152,0.0,80,6.413648820480525,4.56744674296349
3,0.0,6.049032711354485,0.0,80,6.048386811858997,4.564354048909507
3,0.0,5.726182474408925,0.0,80,5.725533805122851,4.56154020792173
3,0.0,5.406663073094675,0.0,80,5.406014527021384,4.558681357560324
3,0.0,5.132290095595938,0.0,80,5.1316440876068725,4.556167715264472
3,0.0,4.724776142233881,0.0,80,4.724138374398365,4.552334257349891
3,0.0,4.518718498889818,0.0,80,4.5180870529719,4.5503504085876045
3,0.0,4.188869265608785,0.0,41,4.188251152001328,4.547111227428353
3,0.0,3.862376631635811,0.0,41,3.8617758181769943,4.543828105190471
3,0.0,3.742641333881458,0.0,41,3.7420479373807964,4.542604926757399
3,0.0,3.372880062103556,0.0,62,3.372313380542032,4.5387627559223915
3,0.0,3.0431147504943024,0.0,62,3.042576977618623,4.53525369412727
3,0.0,2.706542916587601,0.0,62,2.7060398698483255,4.531592149362716
3,0.0,2.513583934160013,0.0,62,2.513103287099362,4.529456541576316
3,0.0,2.2175805555726957,0.0,62,2.217137937906571,4.5261289595519045
3,0.0,1.933495613302183,0.0,62,1.9330938363083447,4.522876795411342
3,0.0,1.695099175565279,0.0,62,1.6947350796442322,4.520103469472332
3,0.0,1.4489773078926076,0.0,62,1.4486554928016417,4.51719802179867
3,0.0,1.2525523606876865,0.0,62,1.2522668291380654,4.514848486769459
3,0.0,0.9919085861684773,0.0,62,0.9916747870825091,4.511688705973043
3,0.0,0.7917234441672814,0.0,8,0.7915322304138215,4.5092293162198445
3,0.0,0.5465103186005913,0.0,8,0.5463747471329654,4.50617825260818
3,0.0,0.473038381697267,0.0,8,0.472920242659022,4.505255838049678
3,0.0,0.11475206053051842,0.0,161,0.1147241005077646,4.500703317166796
3,0.0,0.0,0.0,161,2.7741649120116563e-06,4.499226181151755
3,0.26112439528061526,0.0,0.0,161,5.887526299375168e-06,4.776572345050489
3,0.5430284156320297,0.0,0.0,161,9.318905917155007e-06,5.075981009278472
3,0.9289334123798509,0.0,0.0,161,1.4125889698846095e-05,5.485833732952308
3,1.4319834607167015,0.0,0.0,161,2.056792442317601e-05,6.020072550550651
3,1.9272765100744715,0.0,0.0,161,2.7087916926404887e-05,6.546038186955315
3,2.2427893232799923,0.0,0.0,161,3.132486024526315e-05,6.881070064252242
3,2.9613342001552634,0.0,0.0,161,4.118177558609659e-05,7.644002998910828
3,3.4458186031447733,0.0,0.0,151,4.796946437579663e-05,8.158361129206526
3,4.010000311310963,0.0,0.0,151,5.598839106824016e-05,8.75726915044929
3,4.687262107182061,0.0,0.0,151,6.574012528659523e-05,9.476122424136705
3,5.416369204832927,0.0,0.0,151,7.633949564933573e-05,10.249878641555533
3,6.288475729443515,0.0,0.0,151,8.906971191890989e-05,11.17520368291558
3,7.428590459586487,0.0,0.0,151,0.00010563677074770794,12.384553587775677
3,8.432387463708489,0.0,0.0,154,0.00011998430154136486,13.448961430444378
3,9.728509576841214,0.0,0.0,154,0.00013792861442851745,14.822822783636397
3,11.313694296721254,0.0,0.0,154,0.00015855318994795198,16.502215583022696
3,12.970063459488967,0.0,0.0,161,0.00017799313722832721,18.255919856997828
3,15.110078042294717,0.0,0.0,161,0.00019898069074741898,20.519898528504676
3,17.90033211347554,0.0,0.0,160,0.00021763033591071235,23.468566993261774
3,21.027130028522393,0.0,0.0,160,0.00022443246132297645,26.768424449683216
3,25.141567461378838,0.0,0.0,160,0.0002072306034506255,31.103610156343365
3,31.182107961593108,0.0,0.0,160,0.00012380505756937055,37.456447254701146
3,38.5993072673182,0.0,0.0,160,-6.911981707702353e-05,45.247775375182705
3,50.42517095243711,0.0,0.0,160,-0.0005210352764493109,57.68240065205212
3,69.87096931741122,0.0,0.0,160,-0.001213620005493965,78.235564056631
4,0.0,77.7745751063022,0.0,3,77.77517529323013,4.3985247416348585
4,0.0,68.61178890682491,0.0,3,68.61217480602319,4.4194879896014
4,0.0,62.25460582973008,0.0,3,62.25449679941242,4.525252221630424
4,0.0,56.55523010965623,0.0,3,56.554896557733194,4.624913990730491
4,0.0,52.0667102696136,0.0,3,52.06638401962361,4.6736127919479244
4,0.0,47.21294832536141,0.0,3,47.21274384060049,4.67391014450142
4,0.0,43.094695511546504,0.0,3,43.09461031187564,4.625602764677502
4,0.0,39.59655201000357,0.0,23,39.596533957807225,4.555478608809892
4,0.0,36.181090954684606,0.0,23,36.181090681479965,4.475563657850927
4,0.0,33.529243648737584,0.0,23,33.529229208723024,4.419801795650187
4,0.0,30.943887238821805,0.0,23,30.943847742662058,4.383622477623241
4,0.0,29.293935517367796,0.0,23,29.293880567664527,4.374844344680241
4,0.0,27.171427211761568,0.0,23,27.171359285979214,4.383780769192391
4,0.0,25.79169981558148,0.0,23,25.791630050422327,4.402723853029002
4,0.0,24.325467802098512,0.0,23,24.32540304952684,4.43406438014739
4,0.0,23.152545335563744,0.0,4,23.152490012591592,4.46676377695227
4,0.0,21.963002227516,0.0,4,21.962961176281688,4.505741978070262
4,0.0,20.843241913654907,0.0,4,20.843218074393807,4.54640088086429
4,0.0,19.78327978049915,0.0,4,19.783274833724803,4.586843709116444
4,0.0,18.92804320171657,0.0,33,18.928054657062326,4.619596585165432
4,0.0,17.979820383597666,0.0,33,17.97985039209513,4.654547799962337
4,0.0,17.340755502243542,0.0,33,17.340797733697094,4.676443446868873
4,0.0,16.396472589376366,0.0,33,16.396531654431513,4.70497036421343
4,0.0,15.596063968787307,0.0,35,15.596135411125346,4.724366329019283
4,0.0,14.897567578008406,0.0,35,14.897647852381816,4.736824761849334
4,0.0,14.196317844230197,0.0,35,14.196404709381895,4.744481627159217
4,0.0,13.550581030971406,0.0,35,13.550671630441379,4.746778993473612
4,0.0,12.830423977150392,0.0,35,12.830515799967685,4.743576387191929
4,0.0,12.195328158392424,0.0,35,12.19541830341582,4.735510833630343
4,0.0,11.630266572645894,0.0,35,11.63035295693264,4.724168208006461
4,0.0,11.018790147261406,0.0,41,11.018870024745127,4.7075637756194695
4,0.0,10.499429791310689,0.0,41,10.49950218097407,4.690094702996461
4,0.0,9.925945043422459,0.0,41,9.926007146031367,4.667509902066797
4,0.0,9.43517289507333,0.0,41,9.435224623894165,4.6457604261019085
4,0.0,8.979178816557678,0.0,41,8.979219723730758,4.623882585761663
4,0.0,8.442828928053789,0.0,40,8.442855835298658,4.596588414910421
4,0.0,8.023142792521584,0.0,40,8.023157957163043,4.574480415674159
4,0.0,7.553631607879793,0.0,40,7.553633024611393,4.549490124375119
4,0.0,7.117968417881991,0.0,55,7.117956708554253,4.526585737705787
4,0.0,6.726981392253293,0.0,55,6.726957803341506,4.50672148617857
4,0.0,6.329245436639684,0.0,55,6.32920986705993,4.487595866983952
4,0.0,5.951250763952418,0.0,55,5.95120410253481,4.470757066991361
4,0.0,5.594693560212787,0.0,55,5.594636890402462,4.456314401160974
4,0.0,5.292661823701127,0.0,55,5.292597159521101,4.44532351064894
4,0.0,4.929912300222036,0.0,55,4.929838809319264,4.433782998392509
4,0.0,4.61436436868997,0.0,55,4.6142840417456625,4.425328654831084
4,0.0,4.3111531555797376,0.0,55,4.311067142357736,4.418676475138703
4,0.0,4.019090949106759,0.0,55,4.019000412255963,4.413691883229255
4,0.0,3.763577142864659,0.0,55,3.763483521719138,4.410513183735603
4,0.0,3.473649623545638,0.0,34,3.473553598028161,4.408275904922142
4,0.0,3.220479346131,0.0,34,3.220382283751789,4.407535122625617
4,0.0,2.9656388485120644,0.0,34,2.9655418282610952,4.407947454540405
4,0.0,2.6880438521621834,0.0,38,2.6879482288917487,4.40973166994808
4,0.0,2.441934424417194,0.0,38,2.4418413264212546,4.412485226427819
4,0.0,2.20731569450575,0.0,55,2.2072261989930126,4.416139070482984
4,0.0,1.9599856073477737,0.0,55,1.9599012672929916,4.4210791846177955
4,0.0,1.7302884692170757,0.0,55,1.7302102457286708,4.426666401153682
4,0.0,1.5146816522782034,0.0,55,1.5146103987991566,4.4327841304735
4,0.0,1.301851306331879,0.0,55,1.3017881588457314,4.439649183199897
4,0.0,1.0973356068377584,0.0,41,1.09728145681121,4.447015605740177
4,0.0,0.861767403856406,0.0,41,0.8617251447084584,4.456429720056931
4,0.0,0.6876849715937952,0.0,41,0.6876526058905483,4.4640218647379655
4,0.0,0.4831865254129389,0.0,41,0.4831670234709051,4.473625476140356
4,0.0,0.26725536279768175,0.0,41,0.26725095947839606,4.4845636108198335
4,0.0,0.062363192740391704,0.0,96,0.06237461250924525,4.495694412419795
4,0.0,0.0,0.0,96,1.6535185331179036e-05,4.49922677021047
4,0.272560579269944,0.0,0.0,96,1.0195961927195185e-05,4.830421162182965
4,0.5868556814487182,0.0,0.0,96,3.1285307571238263e-06,5.21144954139357
4,0.8896163440476959,0.0,0.0,96,-3.4380588260773948e-06,5.577590395944533
4,1.279489723676265,0.0,0.0,96,-1.1553282377008145e-05,6.047751114297405
4,1.6581058759800218,0.0,0.0,96,-1.908180578880092e-05,6.5028800082904255
4,2.0523976143267855,0.0,0.0,96,-2.6545140293876557e-05,6.975301068475794
4,2.5143081939403706,0.0,0.0,96,-3.482731103332526e-05,7.526693506442172
4,3.0595838292755153,0.0,0.0,96,-4.397124728683366e-05,8.174711025656919
4,3.6284459796510307,0.0,0.0,96,-5.280990866651791e-05,8.847367744654434
4,4.281008208340921,0.0,0.0,96,-6.209853248151376e-05,9.614659748852482
4,4.9666039580722146,0.0,0.0,96,-7.091175429252417e-05,10.415724296050797
4,5.765869845960071,0.0,0.0,96,-8.00382008421252e-05,11.342954005690906
4,6.757310815856127,0.0,0.0,104,-8.971954805048199e-05,12.48305876121455
4,7.756225988792403,0.0,0.0,104,-9.776799272032122e-05,13.620390181097108
4,10.360038612511085,0.0,0.0,109,-0.0001115673706948428,16.531361432387733
4,11.033855340919368,0.0,0.0,109,-0.00011363274596476458,17.272191225758725
4,12.377708047220064,0.0,0.0,109,-0.00011613536388210832,18.734801464448267
4,14.754074741787331,0.0,0.0,109,-0.00011592707738827812,21.274691311232495
4,17.682391344732668,0.0,0.0,109,-0.00010913312162585953,24.33021803875991
4,21.692543607467123,0.0,0.0,109,-9.148918829993136e-05,28.40532220204442
4,25.696734685739052,0.0,0.0,114,-6.795758396549445e-05,32.38645022967559
4,30.958839738341393,0.0,0.0,114,-3.3017921460043453e-05,37.55934352935077
4,40.23216089853718,0.0,0.0,114,2.6954280144764198e-05,46.76813394102523
4,51.85036241213656,0.0,0.0,114,7.122072582887995e-05,58.82301285746733
4,70.76410296070688,0.0,0.0,114,-1.0045987721696292e-05,79.42489369386486
5,0.0,71.66056155680354,0.0,1,71.6611646179569,-1.7042251044719166
5,0.0,70.11963502378184,0.0,1,70.12013849154572,-0.9860182936252002
5,0.0,69.05354819037187,0.0,1,69.0539712342412,-0.3205859322008422
5,0.0,67.46173465559373,0.0,1,67.46202800676964,0.903802213348591
5,0.0,67.01134503812378,0.0,1,67.01160075997831,1.2967792824997701
5,0.0,65.64293167360064,0.0,1,65.64307363848545,2.6055128523767337
5,0.0,65.49979142453627,0.0,20,65.49992167596851,2.7517426716312983
5,0.0,64.13343056809917,0.0,20,64.13345255828946,4.225400655569054
5,0.0,63.91638320705982,0.0,20,63.91638873217005,4.471063746983795
5,0.0,63.16166573032886,0.0,21,63.1616160249926,5.345103489567002
5,0.0,62.59147057754228,0.0,21,62.591381400430606,6.021813025443969
5,0.0,61.97270373158494,0.0,21,61.97257417766699,6.766541170255273
5,0.0,61.20792817279226,0.0,21,61.20775254260832,7.69300565949429
5,0.0,60.54704396789976,0.0,20,60.54683214554825,8.49006839826734
5,0.0,34.57416253886431,0.0,20,34.57418355801924,3.5493704631046015
5,0.0,32.51017071621056,0.0,39,32.51018863225379,3.7866686284664084
5,0.0,31.497191746628733,0.0,39,31.49720517934934,4.017995790062095
5,0.0,30.53153916759232,0.0,39,30.531547262745548,4.267818463346238
5,0.0,29.62628149482424,0.0,39,29.62628412417961,4.502905679085906
5,0.0,29.256389280420542,0.0,39,29.256389650151853,4.594302926699484
5,0.0,27.80110615417714,0.0,39,27.801098129073253,4.900085794733371
5,0.0,27.033164889018707,0.0,39,27.033153103768626,5.01471255678112
5,0.0,25.837034863196568,0.0,39,25.83701868295173,5.117939492894081
5,0.0,24.46867204640302,0.0,39,24.46865362075772,5.127212166425288
5,0.0,23.125935650439473,0.0,39,23.125918333716726,5.045668251798055
5,0.0,21.205559909304245,0.0,39,21.205549927033104,4.843299082209832
5,0.0,19.9479495670748,0.0,39,19.947947621780266,4.703489903041259
5,0.0,19.430463114477174,0.0,39,19.430465042382096,4.652290002774592
5,0.0,17.939691564990973,0.0,39,17.939705767648473,4.5414367050564834
5,0.0,17.15571606660888,0.0,39,17.15573693440593,4.5090439800495545
5,0.0,16.484124288219576,0.0,39,16.48415068873973,4.495891132324026
5,0.0,15.68400641076973,0.0,39,15.68403890100512,4.496511949469529
5,0.0,15.063638661529271,0.0,39,15.06367529984928,4.507553026354223
5,0.0,14.303650130112628,0.0,39,14.303690940628112,4.530854290364374
5,0.0,13.628946792909296,0.0,39,13.6289902805906,4.557563247232636
5,0.0,13.37076539158873,0.0,39,13.370809628835296,4.5685894274997665
5,0.0,12.655643443259962,0.0,39,12.655688815607363,4.599331224785551
5,0.0,11.894418595936912,0.0,39,11.894463627710408,4.628582182590897
5,0.0,11.701700443528985,0.0,39,11.70174511852921,4.634816724110969
5,0.0,11.0172300489429,0.0,39,11.017272564021962,4.6512855992091175
5,0.0,10.418681373964661,0.0,39,10.418720859120583,4.656566635968794
5,0.0,9.982352148478007,0.0,39,9.982388765177504,4.654061564981177
5,0.0,9.581160416064144,0.0,39,9.581193931833795,4.6467014870463075
5,0.0,9.018033215444982,0.0,39,9.018061676699027,4.628292558592769
5,0.0,8.570036066411275,0.0,39,8.570059963934504,4.607606204876113
5,0.0,8.154591208439548,0.0,39,8.154610504674032,4.584795946312752
5,0.0,7.643435142483714,0.0,70,7.643448383719516,4.554380893176678
5,0.0,7.252806474899614,0.0,70,7.252814863186572,4.531857678634367
5,0.0,6.879568389415097,0.0,70,6.879572024207491,4.513352242810917
5,0.0,6.528608856488494,0.0,70,6.528607976549168,4.500582474559771
5,0.0,6.216054794078624,0.0,70,6.216049903710001,4.4942020637727325
5,0.0,5.9008015529947,0.0,39,5.900792678076655,4.49325719705957
5,0.0,5.554927583646268,0.0,39,5.55491447290985,4.498907883448027
5,0.0,5.228723691075837,0.0,39,5.228706778173255,4.5104476759087575
5,0.0,4.973994209065008,0.0,39,4.9739745115122815,4.523161173822267
5,0.0,4.733290104350865,0.0,48,4.733267965842984,4.537539802047398
5,0.0,4.432388539492574,0.0,48,4.432363655788194,4.557553791425512
5,0.0,4.160499165976805,0.0,48,4.160472141020762,4.576046942282822
5,0.0,3.945939720596872,0.0,48,3.945911282456926,4.5896647999431295
5,0.0,3.6491708698538847,0.0,57,3.6491409416501384,4.604865294805883
5,0.0,3.3719580040464994,0.0,57,3.3719272381691425,4.612463534816932
5,0.0,3.0975718579403235,0.0,57,3.0975408585073367,4.6103636862475526
5,0.0,2.7132434072004,0.0,57,2.7132132524790578,4.584104209287567
5,0.0,2.321630142319803,0.0,57,2.3216024633784116,4.522742615099183
5,0.0,2.0297162307199024,0.0,57,2.029691624348253,4.464821309013622
5,0.0,1.7961769536162187,0.0,57,1.7961556506301335,4.4271109371616575
5,0.0,1.543781329326882,0.0,57,1.54376452989181,4.4099306351401
5,0.0,1.3127118808543607,0.0,70,1.3127001093070234,4.422774083386116
5,0.0,1.1388146162055357,0.0,70,1.138807241644244,4.449018813518556
5,0.0,0.9416794514988835,0.0,70,0.9416777465085104,4.488218302733813
5,0.0,0.7501496425648957,0.0,70,0.7501541828141498,4.524962477773663
5,0.0,0.534923493560685,0.0,70,0.5349359707068331,4.551268804371205
5,0.0,0.2648475664820127,0.0,115,0.2648714462075574,4.547762994992674
5,0.0,0.0,0.0,115,3.6738869070518376e-05,4.499230820278676
5,0.309024527805038,0.0,0.0,115,2.7674154459589317e-05,4.8747189686995185
5,0.5793210975275326,0.0,0.0,115,1.9970134154334573e-05,5.202373054089151
5,0.9952772885920474,0.0,0.0,115,8.525723146135533e-06,5.7051470426644855
5,1.6760446413452117,0.0,0.0,115,-9.154190991012001e-06,6.524103899756575
5,2.1569623808419784,0.0,0.0,115,-2.087954892004973e-05,7.099643958108963
5,2.7150455672310696,0.0,0.0,115,-3.3724138660318204e-05,7.764343706986153
5,3.4550419606744347,0.0,0.0,115,-4.951335591840689e-05,8.640331911791304
5,4.145179918037126,0.0,0.0,115,-6.300032701034297e-05,9.451697387070851
5,5.0779060885880165,0.0,0.0,115,-7.942585108366984e-05,10.539594593220993
5,6.202647743112558,0.0,0.0,115,-9.66000607576234e-05,11.838160669630401
5,7.323692287025506,0.0,0.0,116,-0.00011100428559274178,13.118053913314856
5,8.68343001382623,0.0,0.0,116,-0.0001250782079651458,14.651381552518924
5,10.390150638113846,0.0,0.0,116,-0.00013790381481015856,16.546997289916032
5,12.636332735301398,0.0,0.0,125,-0.00014741196996936878,18.994411695041688
5,15.419523064248336,0.0,0.0,125,-0.00014922066072386997,21.957137687610693
5,19.09779291919352,0.0,0.0,125,-0.00013813996208966728,25.768318187851026
5,23.011522008884448,0.0,0.0,125,-0.00011420556192121012,29.7196524723093
5,29.235136732213853,0.0,0.0,126,-6.192665416193677e-05,35.8717157514219
5,37.00524459889607,0.0,0.0,126,7.78311208193827e-06,43.530510479790934
5,50.89731466751486,0.0,0.0,126,8.408070409160473e-05,57.76615609558988
5,68.62516840191128,0.0,0.0,126,1.0255445033635624e-05,77.06815047023483
6,0.0,66.44187151071131,0.0,1,66.44184551443273,1.8343064819868289
6,0.0,65.43243295476417,0.0,1,65.432410560381,2.324220471119368
6,0.0,64.40590510652471,0.0,1,64.4058890254099,3.564407398941288
6,0.0,63.92855745063638,0.0,1,63.92854498837454,4.428016131386688
6,0.0,63.61385162865163,0.0,1,63.61384172317226,5.10080678910856
6,0.0,63.3841181865759,0.0,1,63.38411022751356,5.643724522851965
6,0.0,63.009857920804066,0.0,16,63.00985323546265,6.620236944631888
6,0.0,62.7791600670547,0.0,16,62.77915745961792,7.277585381657982
6,0.0,36.561974438799815,0.0,16,36.56197539219351,3.948018103296736
6,0.0,35.7585154113025,0.0,16,35.75851567537222,4.186278098862495
6,0.0,34.6899897355598,0.0,16,34.68998932553391,4.552692321359643
6,0.0,30.48990549771896,0.0,16,30.489901930168152,4.215277128408129
6,0.0,29.457207721945156,0.0,16,29.45720279777301,4.497285288557087
6,0.0,28.894989737586517,0.0,16,28.894984009460558,4.849993912681381
6,0.0,28.445036726210738,0.0,16,28.445030324181296,5.225649663706307
6,0.0,0.0,27.122453476483386,40,27.075270343338758,5.224710943985393
6,0.0,0.0,25.096011717948663,40,25.048411958492515,5.073883512606194
6,0.0,0.0,23.16840728959455,40,23.120807091002423,4.9504021729991905
6,0.0,0.0,21.567627307796343,40,21.52035542669578,4.862510828267599
6,0.0,0.0,20.697091189092188,40,20.650133639707025,4.820204655450013
6,0.0,17.938193956117892,0.0,38,17.93820852692061,4.382827264693535
6,0.0,17.3750443146574,0.0,38,17.37506261404977,4.468808104827001
6,0.0,17.05912100018932,0.0,38,17.059141396824238,4.570671358330884
6,0.0,0.0,15.99970945800174,38,15.956306595669197,4.655402217839978
6,0.0,16.24937160029523,0.0,38,16.24939724495804,4.969009096896151
6,0.0,0.0,14.432950057631725,72,14.391507069335034,4.622369238353915
6,0.0,0.0,13.697986221490924,72,13.657608954530499,4.610209286089802
6,0.0,0.0,13.061132520818965,72,13.021757061547941,4.601265530587714
6,0.0,0.0,12.506795198791645,72,12.468352356045504,4.5946108514276425
6,0.0,0.0,11.998371465256112,72,11.96083456293739,4.589373570745085
6,0.0,0.0,11.283972470100826,72,11.247791981495052,4.583305885226274
6,0.0,0.0,10.928539772058102,72,10.893071116631923,4.5808032713908275
6,0.0,0.0,10.312767547886118,72,10.278591329542262,4.577195507345792
6,0.0,0.0,9.786624422567161,72,9.753613002216422,4.5747625157106455
6,0.0,0.0,9.29796888812132,78,9.266090072182646,4.572959924214814
6,0.0,0.0,8.795639568306731,78,8.764976852602842,4.571485710976194
6,0.0,0.0,8.373764428361161,78,8.344164201549052,4.570481781061151
6,0.0,0.0,7.947811991299633,78,7.919323202815903,4.569626098665875
6,0.0,0.0,7.625223416236457,78,7.5976025114107415,4.569047609411552
6,0.0,0.0,7.176299615985535,78,7.1499244649893114,4.568286747537243
6,0.0,0.0,6.81684118484028,78,6.791495752798831,4.567668605292855
6,0.0,0.0,6.484284820611183,78,6.4599178515307045,4.567051567242526
6,0.0,0.0,6.14899130059042,78,6.125636209573244,4.56635103979346
6,0.0,0.0,5.793558602547696,78,5.771304273497925,4.565483864713496
6,0.0,0.0,5.484760214863746,78,5.4634859144995005,4.564594284852955
6,0.0,0.0,5.177786378375712,78,5.157508368283892,4.56355533407212
6,0.0,0.0,4.910997157251193,78,4.891603026003814,4.562505598347055
6,0.0,0.0,4.651643253056756,78,4.633124544583197,4.561336106368454
6,0.0,0.9343095690589338,3.3673965092103924,78,4.28801932438671,4.543752832722369
6,0.0,1.3114596009843424,2.7321949636972853,78,4.0324157948631125,4.527363215461822
6,0.0,0.0,3.796313836380269,78,3.7807968042791273,4.556230465467262
6,0.0,1.1783444119515267,2.248189629114148,78,3.4171197381532252,4.4766786059419985
6,0.0,0.0,3.263690768861391,78,3.2501331890933685,4.551897563329174
6,0.0,0.0,3.0050411717252064,78,2.9924605320535207,4.549425733174019
6,0.0,0.0,2.802445878549928,78,2.7906421476862704,4.547309473291364
6,0.0,0.0,2.535673360238086,78,2.52490845519813,4.544270411133095
6,0.0,0.0,2.3317384949136573,78,2.321779929614607,4.54174639895826
6,0.0,0.0,2.1778883844877224,78,2.168545158106646,4.539723544414876
6,0.0,0.0,1.9102371854602147,78,1.9019789698109832,4.535954445243345
6,0.0,0.0,1.6492683669145443,78,1.6420859355281863,4.531965903273086
6,0.0,1.3595594358224383,0.0,82,1.3595476835860012,4.44746199941358
6,0.0,1.151684906547118,0.0,82,1.1516778296160055,4.393231498118951
6,0.0,0.9968221906394181,0.0,82,0.996819068936972,4.411393781520161
6,0.0,0.9054427680664279,0.0,82,0.9054421886261892,4.441224671906831
6,0.0,0.0,0.5875476332856872,78,0.5849267874922788,4.512409506436949
6,0.0,0.0,0.3853184738859844,78,0.38360067515750274,4.508063513064037
6,0.0,0.0,0.20101852337438275,78,0.20013338121982827,4.503927918994098
6,0.0,0.0,0.13591410141665372,78,0.13532532325097435,4.502427123353758
6,0.0,0.0,0.0,142,3.36508763965071e-05,4.4992269031537155
6,0.3346348994531644,0.0,0.0,142,3.040742615922909e-05,4.907269650134889
6,0.6088237925071849,0.0,0.0,142,2.789459221474999e-05,5.239561579656556
6,0.9982825952897311,0.0,0.0,142,2.452639389360911e-05,5.708239217196546
6,1.3219608067814046,0.0,0.0,142,2.189024164778175e-05,6.0946847328355
6,1.7922587234816842,0.0,0.0,142,1.833045313759385e-05,6.6510326087891265
6,2.228881237803689,0.0,0.0,142,1.530683119455034e-05,7.161933890071197
6,2.7528311263700997,0.0,0.0,142,1.200797707667789e-05,7.767748170922111
6,3.2988670477009117,0.0,0.0,142,8.941104361781527e-06,8.390589208397824
6,3.8778202545663687,0.0,0.0,142,6.05903038319866e-06,9.04152626397244
6,4.681332408206697,0.0,0.0,140,2.6804661743540237e-06,9.92914756601511
6,5.479814783834082,0.0,0.0,140,-2.5745165999069286e-08,10.793763293777587
6,6.451364131165306,0.0,0.0,140,-2.5585959946283765e-06,11.823975999176913
6,7.469849839029187,0.0,0.0,140,-4.421596059955846e-06,12.880921796779912
6,8.852590852467026,0.0,0.0,140,-5.859237326433231e-06,14.284300469128183
6,10.380360702535198,0.0,0.0,140,-6.296391795501677e-06,15.80312624018136
6,12.334209617883474,0.0,0.0,141,-5.636906927009022e-06,17.71730322157713
6,14.3922141102938,0.0,0.0,141,-4.085598355629827e-06,19.72480398215189
6,17.10371064825713,0.0,0.0,141,-1.623164067154903e-06,22.39276061912664
6,20.467978174112712,0.0,0.0,141,9.94758515560079e-07,25.781101955191254
6,24.687707136815398,0.0,0.0,163,2.6726023989454006e-06,30.181534103214986
6,30.241534677880665,0.0,0.0,163,2.8398863634038207e-06,36.184123156506374
6,38.14461395383053,0.0,0.0,163,5.403834848038969e-06,44.84911662044517
6,48.58282671705631,0.0,0.0,163,2.0268873974771395e-05,55.98820144462563
6,66.92039069513282,0.0,0.0,163,1.1111149149201083e-05,75.23660589332644
7,0.0,64.5367670963754,0.0,1,64.53676109030516,3.7193164175409095
7,0.0,63.87269303525206,0.0,1,63.87269106210927,4.5386149516180865
7,0.0,63.58415393705828,0.0,1,63.584153839368604,5.192717357131553
7,0.0,63.25305517974429,0.0,1,63.25305730772082,6.16566523362944
7,0.0,63.08442250262263,0.0,26,63.084425801084265,6.746634364910481
7,0.0,62.82606587998036,0.0,26,62.82607097938355,7.737966231994992
7,0.0,37.62404904444937,0.0,33,37.6240503517309,4.127375270459286
7,0.0,30.033027856545736,0.0,33,30.03302434671771,3.346228153559707
7,0.0,29.841205967305694,0.0,1,29.841202190328758,3.5299503872558375
7,0.0,29.532374599634757,0.0,1,29.53237035708653,4.023090211047265
7,0.0,29.282976407533884,0.0,1,29.282971762396286,4.614968655260455
7,0.0,29.233356985268415,0.0,1,29.233352268438896,4.7540003047617745
7,0.0,29.09334394114579,0.0,1,29.093338985497148,5.184029892822863
7,0.0,28.97298838917859,0.0,75,28.97298323590193,5.597147511165762
7,0.0,28.886039279594467,1.0941023694113698,75,29.977822334706303,6.700124204787105
7,0.0,18.487408725152836,3.2134476463923667,75,21.691924597704492,4.6028908922113985
7,0.0,18.405194179502242,1.8135534075240476,75,20.21338481268049,4.358646904856606
7,0.0,18.195106306321428,0.0,40,18.19511125824668,4.239485404776794
7,0.0,18.02317694165104,0.0,40,18.02318289264623,4.436918966143434
7,0.0,17.837837391049895,0.0,40,17.83784443202349,4.752288001404587
7,0.0,17.712716605224156,0.0,40,17.71272438988488,5.022952922998087
7,0.0,17.65645498987694,0.0,100,17.65646311306492,5.159233062098856
7,0.0,7.220948134024609,9.43741733515036,100,16.62903186693613,5.317825422234648
7,0.11251269166214495,7.244836213627234,7.94564068878442,100,15.164425922878095,5.06819733314806
7,0.2662827192500834,7.231668565207418,7.764614530025679,100,14.970647883950587,5.0804992466994285
7,0.0,0.8204279843200559,15.576157530389697,112,16.35016954617977,6.047429411968057
7,0.0,7.230246004971476,5.230803124257,112,12.4421841566434,4.622092435502008
7,0.0,3.066960724629147,11.5595077320858,112,14.588984413828737,5.972449924024794
7,0.0,7.228836828412486,4.118352518595715,112,11.331764348863548,4.500296059672685
7,0.0,7.351808432452883,3.0765163537345606,123,10.41643347280472,4.441895430121349
7,0.0,7.498028820005602,2.8807408962900127,123,10.367606530977564,4.519465425838934
7,0.0,7.2892577351529955,2.350439153423058,139,9.630376944650703,4.3738736565713765
7,0.0,7.19259245025716,1.7412151680461896,139,8.926747655228368,4.333987680924576
7,0.0,7.216601413919281,1.290852013790682,139,8.502147340980532,4.31756020931731
7,0.0,7.092572692904666,0.7661039559799071,139,7.855465547168233,4.319896421963616
7,0.0,7.010194778220559,0.7707021706912303,139,7.777659643496168,4.3501089491108225
7,0.0,7.079383065680112,0.0,153,7.079389604509796,4.316274508905607
7,0.0,7.030673446848905,0.0,153,7.030679488065431,4.333811600861704
7,0.0,6.720142604027354,0.0,153,6.720145421634857,4.552733664975168
7,0.0,6.705980161493934,0.0,153,6.705982826099127,4.566407340139236
7,0.0,6.53103547781352,0.0,153,6.531036304924502,4.755006539987328
7,0.0,6.374198555675285,0.0,153,6.374197720804791,4.947950942857496
7,0.0,2.6779169031978545,2.8931424917118815,75,5.558400939735691,4.548033172638288
7,0.0,2.430888784475742,2.9100995819808793,75,5.328190024631972,4.639162062742233
7,0.0,2.7029495327292796,2.0886747991383263,75,4.782253062337148,4.504402237280058
7,0.0,2.6753554229349246,1.8128139142410977,75,4.479957864212707,4.489743894363194
7,0.0,1.42071971131238,2.979442004411138,75,4.386790393231237,4.532610961642089
7,0.0,2.702323087975715,1.2360725115283049,75,3.93269217619099,4.471325033128817
7,0.0,2.659004258779629,1.0135792614137429,75,3.6678658250288123,4.46330433776297
7,0.0,0.33439433776873906,3.054012128314337,75,3.3744215183260025,4.296517925049745
7,0.0,0.49726764801694245,2.6285866361134254,173,3.113700660702648,4.351260431568399
7,0.0,0.3338178200207991,2.640749926084972,173,2.9623235291513055,4.279985486482747
7,0.0,2.9056272152454543,0.0,36,2.9056014164465864,4.551850452753644
7,0.0,0.3333279287533673,1.9941541225615946,36,2.318056439203019,4.258841956018436
7,0.0,2.3918387473809366,0.0,36,2.3918148019458627,4.588053211101595
7,0.0,0.33315002447646747,1.6586454409428752,36,1.9838786690511725,4.250152133437194
7,0.0,0.3329888998107036,1.3939899758168206,36,1.7202748246155792,4.244405009716402
7,0.0,0.332799142702112,1.1434246286741325,36,1.4706864135199922,4.23986977268882
7,0.0,0.3325956183142766,0.9389267142567816,36,1.266950606703361,4.23682477971251
7,0.0,0.3323440102537912,0.7360558020332264,36,1.0647980529305485,4.234389756616281
7,0.0,0.33209148370541514,0.5695517764256941,36,0.8988466016476124,4.232828689833838
7,0.0,1.0425645987236054,0.0,36,1.0425609049846187,4.752142568314003
7,0.0,0.33144518001008827,0.23206235410822668,36,0.5623678045850511,4.230878729127372
7,0.0,0.33794888063225503,0.0,36,0.3379678653659681,4.230620594460142
7,0.0,0.255978929622588,0.0,230,0.25600122294982697,4.245661715166172
7,0.0,0.10762956557710535,0.0,230,0.10765823005057484,4.358922224790398
7,0.013116363841131351,0.0,0.0,230,3.350565070547873e-05,4.515406370746561
7,0.20687561698949364,0.0,0.0,230,3.18109707535541e-05,4.7535574672018015
7,0.44006757236852434,0.0,0.0,230,2.9853581381189542e-05,5.0378852690156535
7,0.7629464702214983,0.0,0.0,230,2.725371093248441e-05,5.427116795266141
7,1.2987515846799857,0.0,0.0,230,2.3266789185072412e-05,6.060603116684899
7,1.6154390700489352,0.0,0.0,230,2.1083442483416093e-05,6.427270599917517
7,2.038410138732943,0.0,0.0,230,1.8362426239093566e-05,6.90771917823551
7,2.521561265275402,0.0,0.0,230,1.551073587791052e-05,7.443549546128121
7,3.3488919464779885,0.0,0.0,230,1.1252937568428933e-05,8.33037562699792
7,3.7096757147172257,0.0,0.0,230,9.618149917400842e-06,8.705982146205312
7,4.52968551561001,0.0,0.0,230,6.37171483219845e-06,9.538592216124332
7,5.453988836015405,0.0,0.0,230,3.430186012565173e-06,10.450979441009721
7,6.257652514318618,0.0,0.0,230,1.4278774145282114e-06,11.232471817759507
7,7.547842126815446,0.0,0.0,230,-8.68447955326701e-07,12.490239030877841
7,8.943615787775366,0.0,0.0,230,-2.300418479705968e-06,13.89441926219541
7,10.218690310886863,0.0,0.0,230,-2.8748401206257768e-06,15.246787876490325
7,11.593962038001166,0.0,0.0,230,-2.903425084355149e-06,16.79112253419106
7,13.606939890783021,0.0,0.0,233,-2.2350814248284223e-06,19.17544717911096
7,15.762151484583597,0.0,0.0,233,-1.0767098288511079e-06,21.801189793762
7,18.216585575987665,0.0,0.0,233,2.967295884559462e-07,24.77635546628283
7,22.959870120020952,0.0,0.0,233,1.9369619934650473e-06,30.213287748382093
7,26.742733568079036,0.0,0.0,233,2.1220836572410917e-06,34.13984152264388
7,43.47237218865453,0.0,0.0,246,1.1865472494321239e-05,49.12544763557952
7,58.127671037417706,0.0,0.0,246,2.8821800334810632e-05,64.02219594105132
7,85.16405848096498,0.0,0.0,246,-8.94260246653289e-05,97.80231543979258
8,0.0,81.12160522187935,0.0,0,81.12163469193996,4.64566801330988
8,0.0,64.48825412367,0.0,0,64.48824916443864,3.758575882891929
8,0.0,63.864125514859026,0.0,0,63.864124761759925,4.554679744013779
8,0.0,63.58673812625278,0.0,22,63.58673935980613,5.178585663164267
8,0.0,63.12165127131259,0.0,22,63.12165593800818,6.592928941693682
8,0.0,62.88702738940539,0.0,22,62.887033832931934,7.465880222166778
8,0.0,62.68924477569534,0.0,22,62.68925273186525,8.274647292470302
8,0.0,36.76996384914215,0.0,22,36.76996421721327,4.40512149812751
8,0.0,35.79188178368301,0.0,23,35.791881847847826,4.729425877979086
8,0.0,32.359852872807,0.0,23,32.35985291077996,4.547422186102725
8,0.0,29.734496917182828,0.0,23,29.734495322862728,4.518374839090196
8,0.0,28.996233049898613,0.0,42,28.996230536360223,4.837963982669425
8,0.0,28.79815457166326,0.0,42,28.798151786590715,5.144766201821536
8,0.0,28.578206373439276,0.0,42,28.578203260456554,5.627358620791956
8,0.0,28.494784985638677,0.0,40,28.49478174521689,5.849622025294291
8,0.0,28.372150297811373,0.0,40,28.37214687954861,6.214558811127986
8,0.0,28.23813772471463,0.0,40,28.23813409161296,6.663419543817458
8,0.0,18.43727736141867,0.0,40,18.43728002590221,4.112647705292762
8,0.0,18.030966220873353,0.0,40,18.03097086786638,4.423325392946417
8,0.0,17.902106031677455,0.0,40,17.902111330799823,4.6322809080441125
8,0.0,0.0,23.215887444104137,85,23.158396107701506,7.171653911371553
8,0.0,17.69335264532047,0.0,85,17.69335902397898,5.077704655194829
8,0.0,0.0,17.833241916011623,85,17.778815460803195,5.751167363027921
8,0.0,0.0,16.255449330929807,85,16.20286581567553,5.423516871226802
8,0.0,7.129805787146242,7.137326704139352,85,14.240882782815419,4.8688962211029185
8,0.0,7.228643374877287,6.294074181333248,85,13.498943949848222,4.74618201231171
8,0.0,7.229052850361013,5.42379562816395,85,12.631738132585895,4.631099827675257
8,0.0,7.228618790945009,4.691576996850304,85,11.901474118309277,4.5466826201090775
8,0.0,0.0,11.546821598577909,85,11.502733016301445,4.719405270307114
8,0.0,7.265930017388119,3.046973785088435,115,10.300070745958056,4.404912972214984
8,0.0,7.2821782274969955,3.0264055266799543,115,10.295834189267463,4.406769784032264
8,0.0,7.267682404737356,2.367157778391159,115,9.624646254053086,4.361979013153245
8,0.0,7.219230993889769,1.7849351436236616,115,8.996323601519311,4.328124006816417
8,0.0,7.2158371569830235,1.218682472772924,115,8.429067905358686,4.307846522740256
8,0.0,7.2132751735567435,0.8403952193722377,115,8.049867273224582,4.298425057849943
8,0.0,7.2102828799402925,0.4392411444015226,115,7.647514858798914,4.292055277818925
8,0.0,7.161399306801447,0.0,115,7.161408745115111,4.291990516894501
8,0.0,6.93872981671743,0.0,141,6.938737226674384,4.376209959430138
8,0.0,6.764273107235357,0.0,141,6.7642788911953105,4.512010748254653
8,0.0,0.0,6.51097547191763,91,6.481647312575781,4.437347846439376
8,0.0,0.0,6.046879953492739,91,6.019240452020828,4.433448352523509
8,0.0,0.0,5.971711029909937,91,5.944350540228982,4.433100809201992
8,0.0,0.0,5.6114230497120765,91,5.58542137858479,4.432465460538875
8,0.0,0.0,5.15269308489614,159,5.128473376615609,4.43394141706014
8,0.0,0.0,4.979791402888154,159,4.95625857305831,4.435098145292574
8,0.0,0.0,4.667092885276689,159,4.644823637743176,4.437932675318823
8,0.0,0.0,4.30754048479973,159,4.286758418955003,4.442231336284042
8,0.0,0.0,4.064436548220349,159,4.044680968862487,4.445668351159515
8,0.0,0.0,3.808829355470675,159,3.7901714228978385,4.449657812370177
8,0.0,0.0,3.646570123146306,159,3.628618804366379,4.452353373661985
8,0.0,0.0,3.3825879800135823,159,3.365802693327847,4.456944415163505
8,0.0,0.0,3.1283372357055,159,3.112694347815882,4.461529037495325
8,0.0,0.0,2.876552220205772,159,2.8620595117201795,4.466139919157197
8,0.0,2.6127287160972177,0.0,159,2.6127042007265118,4.450778078096128
8,0.0,0.0,2.448791470750919,159,2.4362961971216777,4.473892916496663
8,0.0,0.0,2.243523787965937,159,2.2320065775421583,4.477475796084811
8,0.0,0.0,2.026454064747882,159,2.0159850688719914,4.481100641352693
8,0.0,0.0,1.807855291652382,170,1.798456439171062,4.484530542748853
8,0.0,0.0,1.6037450257854031,170,1.595358651223691,4.48749060948273
8,0.0,1.340484214600632,0.0,170,1.3404700033502195,4.3989635982485495
8,0.0,1.3342204040116088,0.0,170,1.3342062966720434,4.401806051299399
8,0.0,0.0,1.0505865227873328,170,1.0450090595929211,4.494054897808187
8,0.0,0.0,0.867425568129409,170,0.8627993175610769,4.495686103879873
8,0.0,0.0,0.69218579196677,170,0.6884795536850632,4.496968575025054
8,0.0,0.0,0.4791095958325803,159,0.4765351775253279,4.4981472802240035
8,0.0,0.0,0.2958310999428405,159,0.2942418459309266,4.498818840020185
8,0.0,0.0,0.12086663340405701,159,0.12022795555093779,4.499161064543298
8,0.0,0.0,0.0,220,2.3769316896959936e-05,4.4992265008188
8,0.09777526038618617,0.0,0.0,220,2.3077115166358908e-05,4.619876293334766
8,0.4048756229303077,0.0,0.0,220,2.09828784178967e-05,4.9956610940327195
8,0.7496836144786425,0.0,0.0,220,1.876228220965004e-05,5.411542108415087
8,1.124161918500728,0.0,0.0,220,1.651230007837512e-05,5.855494591982328
8,1.593438586002123,0.0,0.0,220,1.3916543593950337e-05,6.399953126960529
8,1.9318140326342117,0.0,0.0,220,1.2196814104470377e-05,6.784184852336175
8,2.4135705806674084,0.0,0.0,220,9.944872914502412e-06,7.319251849800725
8,2.9919224792653925,0.0,0.0,220,7.555144392767943e-06,7.943767269209111
8,3.6283297258224727,0.0,0.0,220,5.270225670983564e-06,8.61045455942364
8,4.599920740695607,0.0,0.0,224,2.4625640264730464e-06,9.594209420502587
8,5.210343803232654,0.0,0.0,224,1.0566108912257732e-06,10.196959868295004
8,6.5318830871236795,0.0,0.0,224,-1.0928060802939399e-06,11.48404041648234
8,7.344789192345813,0.0,0.0,224,-1.9048370702989814e-06,12.278642395596432
8,8.554629550668768,0.0,0.0,224,-2.502677340032733e-06,13.489191356704868
8,9.958639599080843,0.0,0.0,224,-2.45859845904306e-06,14.963466075844217
8,11.467544023412627,0.0,0.0,232,-1.7340722138214915e-06,16.64729707054719
8,13.212415469140065,0.0,0.0,232,-3.1603819650172227e-07,18.697947635967587
8,15.36712898982844,0.0,0.0,232,1.8696214141300516e-06,21.299555170454514
8,18.177270916197532,0.0,0.0,232,4.776868678391111e-06,24.669650920223297
8,21.37865293241439,0.0,0.0,232,7.356626163357305e-06,28.33780720290691
8,27.260985671950877,0.0,0.0,232,8.355094507805916e-06,34.43274951911057
8,35.294944779277934,0.0,0.0,232,2.373100222996527e-06,41.899864664475416
8,46.29411752789522,0.0,0.0,232,-8.142162378987905e-06,52.64864932956294
8,63.89006453250259,0.0,0.0,232,-3.2876079814059267e-06,72.02194758762825
8,97.85919638153409,0.0,0.0,232,-8.034740503148896e-06,108.37073171267586
9,0.0,70.57411855247189,0.0,9,70.57412177811509,-3.405039579515794
9,0.0,70.67795420146584,0.0,9,70.67795885307882,-3.1066734201222204
9,0.0,69.10277820128672,0.0,9,69.10276688685487,-1.7345602538784597
9,0.0,68.65878561448247,0.0,9,68.65877195462005,-0.28470286415353385
9,0.0,68.60246889814825,0.0,9,68.60245500440001,-0.09912175906348608
9,0.0,68.06868135384522,0.0,9,68.06866590681955,1.5752415859206153
9,0.0,67.70027136094558,0.0,9,67.70025551744018,2.573654144111508
9,0.0,67.28243021681806,0.0,9,67.28241452177262,3.4959376556618125
9,0.0,66.64824784347789,0.0,9,66.64823347605102,4.441056659469233
9,0.0,4.831154432566354,50.1692273228095,45,54.97165080730889,3.36213919308274
9,0.0,4.925790862763199,49.982529503569936,45,54.87964227298224,3.5494990159752753
9,0.0,4.201906010448337,35.268747931448786,57,39.42493505383166,1.6885396909760715
9,0.0,4.328260796446093,31.025143972239515,57,35.303926895728694,1.4836147911642712
9,0.0,4.224766952433005,30.395939038529647,57,34.57047886294584,1.4169555394441105
9,0.0,3.949024910019716,26.704743386351065,66,30.6006100109775,1.434104845013703
9,0.0,4.6885032174457635,26.141743889975398,66,30.77842410848859,1.7779500076793546
9,0.0,4.853329407137008,26.016253986006888,66,30.818059262545095,2.1728610303593108
9,0.0,4.148670682011469,20.271437165810724,74,24.367057115243483,0.9725791883099362
9,0.0,4.28392883155535,18.234229103330208,74,22.466529960661838,0.9107919412541392
9,0.0,3.9218956987646685,18.40387964650149,74,22.273401364351983,1.1414332956359878
9,0.0,4.206148696594334,16.06118573363054,86,20.2176587537665,0.8230263967671476
9,0.0,4.2046843707741575,14.679265476764177,86,18.83607623500076,0.783616761644705
9,0.0,4.104296791003262,13.428402695139802,86,17.48666421724083,0.778663282033488
9,0.0,3.9338118640207393,13.48853101141495,86,17.375971459582146,0.974604409932855
9,0.0,4.202143587805946,12.072886273652118,86,16.231654486739203,0.7185005467020638
9,0.0,4.207844022185051,10.714030997516211,86,14.881461066131244,0.6896943967979361
9,0.0,4.200277404085248,9.937070588675226,86,14.0988127279373,0.6742906664288668
9,0.02308787360151505,4.230241819614351,9.098394669708954,86,13.292333639574498,0.6715929321538994
9,0.0,3.420939866577974,13.669415798221157,86,17.0429698486668,2.626481007003278
9,0.0,4.053622108209814,8.27899164961597,86,12.298472840558066,0.7101418254916112
9,0.0,4.1982945664113585,7.324488300849503,86,11.49170235343016,0.6316397178486923
9,0.0,4.198003674360532,6.899640974259359,86,11.067944780599863,0.6259062735325784
9,0.0,1.6978148002984113,14.277144650271016,86,15.924137745734008,3.5657806771834437
9,0.0,4.197442732630744,6.037408760017897,86,10.208104164099549,0.6153115941895919
9,0.0,1.5309160272211604,14.336008166190823,86,15.81576803204193,4.400800866843596
9,0.0,4.196810444539875,4.985759869461051,86,9.159703316160652,0.6042850330515641
9,0.0,0.20364556945277057,14.804123085673055,86,14.953947618502912,4.476782517630625
9,0.0,4.196408062700571,4.263225338192292,139,8.439614645038727,0.5979208644705274
9,0.0,3.902075106290536,4.57763364825705,139,8.45827330115576,0.878338102245813
9,0.0,4.195857200454711,3.1713070651893633,145,7.351739115042214,0.5901818834545018
9,0.0,4.074814653361425,3.298252526852995,145,7.357041631289725,0.636712533406687
9,0.0,4.195529328961236,2.46122494545823,157,6.64450751600862,0.5863653219100513
9,0.0,4.195403461649964,2.162372337755275,157,6.346912637575741,0.5850460946521423
9,0.0967620884911149,4.237341046291494,1.8266631285682506,157,6.054737470157949,0.626974255225214
9,0.2531060994786869,4.248499962645329,1.6603510870734597,157,5.900384939923978,0.6901420708164565
9,0.05345121463039178,4.316868282270328,1.2202373945571305,162,5.53080454859731,0.6473024074759053
9,0.23562311437495265,4.251800967455604,1.0183334905819872,162,5.264832109055746,0.6827219353724772
9,0.38151766502359846,4.199691028051563,0.8566363277047014,162,5.051836724510299,0.7324858587784249
9,0.5266635826261941,4.147848481929122,0.6957688862874996,162,4.8399447888077916,0.8015789445071881
9,0.5663363906895288,4.1336783322218364,0.6517989060607166,162,4.782030091618758,0.8239384631753595
9,0.0,4.087428865440987,0.0,184,4.087410378178927,0.6170005693580762
9,0.0,4.076094347666725,0.0,184,4.0760757936741925,0.6251905699040705
9,0.0,3.9304614688748574,0.0,184,3.9304420307857875,0.8062716812547386
9,0.0,3.8615867973393114,0.0,184,3.8615669698198687,0.9413196859202841
9,0.0,3.7932647126058425,0.0,184,3.793244514621321,1.1063469952677139
9,0.0,3.704140144405399,0.0,184,3.7041194854961255,1.3667648595211475
9,0.0,5.638917276739819,0.0,184,5.638910769610959,4.03990708148816
9,0.0,3.585937208989043,0.0,184,3.5859159890522996,1.785762978504252
9,0.0,3.5399370889626733,0.0,206,3.5399156678791606,1.9693333417718897
9,0.0,3.4843645384309148,0.0,206,3.4843428883644023,2.2045357462163366
9,0.0,3.42180658433756,0.0,206,3.4217846907792797,2.4845496195933805
9,0.0,3.370508005794698,0.0,206,3.370485922658556,2.723977194540332
9,0.0,3.270122266722196,0.0,206,3.2700998661573735,3.209213434851012
9,0.0,3.2148260236441892,0.0,206,3.214803469162195,3.4802004067624317
9,0.0,3.166744838797829,0.0,206,3.1667221672474852,3.714176849146696
9,0.0,1.9873883494429867,0.0,183,1.9873680911525575,2.388862946409507
9,0.0,1.9422680189933734,0.0,183,1.942248103747243,2.3773701171413606
9,0.0,1.7959027261993499,0.0,183,1.7958841083241808,2.7962685842780637
9,0.0,1.7757613622743307,0.0,183,1.77574294499167,2.9056095122530543
9,0.0,1.7327517513512212,0.0,184,1.732733776765496,3.1732162038565335
9,0.0,1.6720802265572487,0.0,184,1.6720629079254685,3.609822172563568
9,0.0,1.6258762274787397,0.0,184,1.62585944266052,3.963327174665263
9,0.0,1.5569964658084468,0.0,184,1.5569805300556396,4.4589157087856535
9,0.0,1.2459564747786263,0.0,184,1.2459452089720031,4.314689069362206
9,0.0,0.0,1.0070193966094754,184,1.0012833654552367,4.49770864690748
9,0.0,1.064162186269646,0.0,184,1.0641543251579115,5.063205951284761
9,0.0,0.5570033826891495,0.0,184,0.5570080571022444,4.385101935706704
9,0.0,0.0,0.3348520255940967,248,0.3329223817117537,4.4990582295985995
9,0.0,0.1996491942124895,0.0,248,0.19966572551592776,4.693194294137928
9,0.0,0.0,0.002898935044377479,248,0.0029062258421319598,4.499226050576727
9,0.6713448018569518,0.0,0.0,258,2.00114463382306e-05,5.31809539125474
9,1.462148315496279,0.0,0.0,258,1.5518313460916033e-05,6.247389631118686
9,2.5587675790312376,0.0,0.0,258,1.0330963313265329e-05,7.472079614626889
9,3.675809117252524,0.0,0.0,258,6.184860389168989e-06,8.650510994298688
9,5.187693408670121,0.0,0.0,258,2.125790373952441e-06,10.165005135540362
9,7.20872274644598,0.0,0.0,258,-9.806391503275336e-07,12.138890597542888
9,7.31069465994468,0.0,0.0,258,-1.0818365439035915e-06,12.239324733136977
9,9.995220681646218,0.0,0.0,258,-2.093653115764482e-06,15.002740177528198
9,12.191484359211211,0.0,0.0,258,-1.2837591896186495e-06,17.487728678139433
9,15.87071002141968,0.0,0.0,268,1.651909570909993e-06,21.911914814229764
9,20.640656759669486,0.0,0.0,268,5.5452550853374305e-06,27.53771723600774
9,22.487592603236653,0.0,0.0,268,6.521030897488345e-06,29.586368212266084
9,29.72023168402216,0.0,0.0,268,6.167390857569899e-06,36.8269863993596
9,44.113061064152106,0.0,0.0,268,-5.750923833147681e-06,50.26188768207423
9,69.18874894907803,0.0,0.0,268,1.6457716256468302e-06,77.70675786361518
9,100.0,0.2549354961030592,0.0,268,0.2546489200353719,109.72549313823549
10,0.0,82.37048105929642,23.258414233462407,15,105.70604970174517,3.9373923329735554
10,0.0,81.83739401468289,0.0,15,81.83736860652749,3.6773696700597895
10,7.153242952528265,71.02413568977563,2.6308410426435944e-09,15,71.02696312216034,3.503055149692372
10,7.136448213986315,70.5225764433135,2.6308410426435944e-09,15,70.52534831068994,4.74005742429814
10,6.908005610336067,63.70035055033679,2.6308410426435944e-09,15,63.70248250609373,4.726672931778307
10,6.887787137495866,63.09654466333134,2.6308410426435944e-09,15,63.09862738345961,5.715944441981428
10,0.0,37.91715445465507,10.256478320338353,15,48.18514406192914,4.5426252851156015
10,0.0,37.85270503504628,4.687270795861581,15,42.545216045341306,4.265686001851712
10,0.0,37.473818145437065,0.0,38,37.473818665677314,4.020202780683334
10,0.0,37.02510678592111,0.0,38,37.025106992194225,4.203076749677322
10,0.0,32.95614614531227,0.0,38,32.95614602507542,4.1370671036283895
10,0.0,32.50482446411067,0.0,38,32.50482433736527,4.542231897844918
10,0.0,29.877479270080332,0.0,38,29.87747813116412,4.526682350397401
10,0.0,29.24289361185074,0.0,49,29.242891928105646,4.654335243426086
10,0.0,18.01276117095485,9.204929822830495,49,27.222366782904572,4.854121636386321
10,0.0,18.05453676139714,6.740516602824993,49,24.79845938523205,4.735700111852598
10,0.0,18.340111919848386,5.23847359445295,49,23.5812359409424,4.6433935875416665
10,0.0,17.938649583524747,4.0620359701644935,49,22.00265881844347,4.699516109513571
10,0.0,18.084100690839765,2.1482971156355264,49,20.233403928717664,4.552484584455463
10,0.0,18.359800447770624,0.4752823402702179,49,18.8352968224837,4.450591488036121
10,0.0,18.28137768005168,0.0,49,18.281378586553863,4.433953642839072
10,0.0,17.85958726194343,0.0,49,17.859589444332748,4.640218769982564
10,0.0,17.58727390152949,0.0,49,17.58727693491727,5.039523142499043
10,0.0,17.564798226852297,0.0,49,17.56480132939616,5.083595841971594
10,0.0,17.43552693359596,0.0,49,17.435530442230615,5.370962490217035
10,0.0,17.306977033976178,0.0,108,17.306980950381103,5.713876309409013
10,0.0,17.136217566834976,0.0,108,17.136222040295173,6.255605761328994
10,0.0,17.123523839410616,0.0,108,17.123528354698056,6.2996951490884605
10,0.0,7.825731684318965,8.054519096145304,73,15.882027582431151,6.35570144604004
10,0.0,7.556646531062196,8.148845039856631,73,15.707229345008075,6.418678942684412
10,0.0,7.065161260899204,8.321131809926413,73,15.387956602516205,6.865534444148
10,0.0,7.7078278655838774,4.745258347724648,73,12.45394486264243,5.61709650671402
10,0.0,6.7966628319288995,8.415252081487681,73,15.213536356634169,7.292290775727782
10,0.2224262146328579,7.569363733128315,3.2733624784821016,139,10.843210991172505,5.298961350771474
10,0.4277434093483034,7.474825211162023,3.1082087079093865,139,10.583459875836844,5.2907391331749665
10,0.0,7.598672124125369,1.6884864313699555,149,9.28736993776818,4.9183221675856785
10,0.0,7.4626656181227435,1.2173124739216348,149,8.680113290080552,4.792376729933544
10,0.0,7.0663060271854565,1.1328335022108516,149,8.199245090963352,4.748473099511504
10,0.0,7.57856176107625,0.0,157,7.578572574547849,4.531674561739749
10,0.0,7.086109205450794,0.0,157,7.086117814945506,4.423375826145747
10,0.0,6.888576943935906,0.0,157,6.888584590752728,4.429640362648652
10,0.0,6.7539623085635645,0.0,165,6.753969277715637,4.522518158140667
10,0.0,6.638698406448665,0.0,165,6.638704781634058,4.677053365442795
10,0.0,6.5049508195591175,0.0,165,6.504956475880185,4.9461918277363495
10,0.0,6.464185080155249,0.0,165,6.464190514605111,5.046640416717878
10,0.0,6.3811718575326815,0.0,165,6.381176837726468,5.275606077851336
10,0.0,0.0,5.97595001845255,165,5.975614303098613,5.33604538713848
10,0.0,6.253714933115704,0.0,165,6.253719199409126,5.682748966559256
10,0.0,3.8800008907510293,0.618688615608762,165,4.498645191911578,4.564179584299367
10,0.0,3.807280612510343,0.0,165,3.8072699436969053,4.126915213559538
10,0.0,3.743994326107894,0.0,160,3.7439833168436287,4.177575641528513
10,0.0,3.6662859615586822,0.0,160,3.6662745572962727,4.2823604274793325
10,0.0,3.5400907922920526,0.0,160,3.5400787858735825,4.495801670776817
10,0.0,3.4407844535236696,0.0,165,3.44077199609519,4.650487741536004
10,0.0,2.721066100374308,0.20670124946128923,165,2.927728453370687,4.443375408365814
10,0.0,2.689150314332066,0.0,165,2.689135777467232,4.322650833874487
10,0.0,2.593862807141399,0.0,165,2.5938482110250227,4.340335985964295
10,0.0,2.488021156181418,0.0,165,2.488006576649397,4.462378299129302
10,0.0,1.7198858482763182,0.22904334320719508,201,1.9488803352466704,4.151140078318242
10,0.0,1.6996135310347409,0.0,201,1.6996019048654922,4.077102765868954
10,0.0,1.6334051869576953,0.0,201,1.6333940781964102,4.195133081199145
10,0.0,1.5871143142274806,0.0,201,1.5871036042121318,4.357003290669304
10,0.0,1.2381441686021648,0.0,201,1.2381373124259163,4.313907432924147
10,0.0,1.2197548165134657,0.0,201,1.2197482098638233,4.34265129534251
10,0.0,1.1559283109034562,0.0,201,1.1559226060710799,4.600966046564967
10,0.0,1.1205696616829046,0.0,201,1.120564477481551,4.793414494017622
10,0.0,0.5724768304590816,0.0,160,0.5724822760821198,4.377733657062141
10,0.0,0.5330370308808702,0.0,160,0.5330434353399376,4.391755836505805
10,0.0,0.42574170657585786,0.0,160,0.4257508818513571,4.529752554683263
10,0.0,0.0,0.14789665513632344,226,0.14788283676089264,4.5211663573403555
10,0.0,0.0,0.011337701448330476,226,0.011357286538650868,4.5009101738942086
10,0.27408999658098815,0.0,0.0,243,2.01958075187747e-05,4.836764780666947
10,0.4215712291898141,0.0,0.0,243,1.9049672079773927e-05,5.016566928844387
10,0.7481738195149232,0.0,0.0,243,1.66211902445923e-05,5.410089896297105
10,1.218122653766711,0.0,0.0,243,1.3411029314625011e-05,5.9647853837497244
10,1.5504953698570232,0.0,0.0,243,1.1321234183014894e-05,6.348746337331679
10,1.9734614042450735,0.0,0.0,243,8.886616718939422e-06,6.827409999602782
10,2.465177518764676,0.0,0.0,243,6.353829196115157e-06,7.3702524461848
10,3.1423582761497633,0.0,0.0,243,3.3596423953952126e-06,8.095426110767441
10,3.7792024610169657,0.0,0.0,243,1.02074073993208e-06,8.756407325784913
10,4.518374051350886,0.0,0.0,243,-1.150044688813523e-06,9.502870152307004
10,5.673766234618909,0.0,0.0,243,-3.5085803595791276e-06,10.64029917181332
10,6.5056506650318635,0.0,0.0,243,-4.5135963375741994e-06,11.450641456796173
10,7.6111045820282985,0.0,0.0,243,-5.096481064725822e-06,12.536383151283182
10,9.69640600641857,0.0,0.0,257,-4.341798735651992e-06,14.68072032640873
10,10.828474900594035,0.0,0.0,257,-3.1711207810758424e-06,15.92211544432976
10,12.219861604984485,0.0,0.0,257,-1.2678487628647872e-06,17.521013843888987
10,14.135365847191192,0.0,0.0,257,1.8404607331490297e-06,19.808423958176977
10,16.872769774922318,0.0,0.0,257,6.4581348837577934e-06,23.122178765897086
10,20.3382160328771,0.0,0.0,258,1.1180114725561907e-05,27.19389932966027
10,25.059348175092577,0.0,0.0,258,1.3717810748659076e-05,32.29409788238169
10,31.6721977901957,0.0,0.0,258,8.932020371332783e-06,38.62607587512893
10,43.348237323006735,0.0,0.0,258,-9.285888332044578e-06,49.500601996942095
10,59.69791570102531,0.0,0.0,258,-1.0558417724126912e-05,67.16088537144432
10,91.13649627147656,0.0,0.0,258,-2.1321537570173632e-05,101.10415701554452
11,0.0,82.2553589183221,12.596039846967171,4,94.89635661105777,3.376719180034602
11,0.0,68.3082314706702,0.0,4,68.30821610115581,2.596173317987901
11,0.0,67.72228571203209,0.0,4,67.72226977421482,3.306917336831372
11,0.0,67.1271843921038,0.0,4,67.12716908468111,4.034217887164939
11,0.0,63.679139306056356,0.0,4,63.67914294670035,4.68250454206796
11,0.0,63.21188187041924,0.0,4,63.211889136060364,5.476368001383875
11,0.0,38.24925113541689,12.875000584256044,28,51.13845575189991,4.978274947716216
11,0.0,37.49607873946073,12.540796512328702,28,50.05035100508751,5.263180181332302
11,0.0,36.37069740172257,12.041432717847549,28,48.42456826311856,5.566813426701195
11,0.0,36.485261819531054,0.0,19,36.48526151095729,4.493566198389431
11,0.0,32.908500978133084,0.0,19,32.9085005907279,4.204596717486947
11,0.0,32.3437643228519,0.0,19,32.34376401729512,4.733627499139061
11,0.0,30.54660619574845,0.0,19,30.546605929374227,4.810898471562101
11,0.0,29.113523149872478,0.0,19,29.11352253017033,4.941744371901493
11,0.0,17.973923368551127,9.011022402014197,19,26.989099620808425,4.859686400292013
11,14.005197056726853,18.388030752882,7.994586515560546,73,26.3841614262837,5.090701868718952
11,13.655752207664015,17.956883617239935,7.37808551700309,73,25.336400378212364,5.1758648324546
11,0.0,18.023055580482566,3.9000607824909093,73,21.92497360660889,4.640098235277907
11,0.0,18.33450883992001,1.8195904822042412,73,20.15496439527802,4.500868815397894
11,13.201793154380814,17.39678623407136,6.577197450105403,73,23.975261729789842,6.032019124323703
11,0.0,18.012965041855942,0.0,95,18.01296630890532,4.516421967606043
11,0.0,17.78414248864771,0.0,95,17.7841442259018,4.72648373049261
11,0.0,17.599483132970846,0.0,95,17.599485261290702,5.015092970660554
11,0.0,17.575296974218496,0.0,95,17.575299154256484,5.061341595278588
11,0.0,17.412520207856293,0.0,95,17.412522749101583,5.424539790577658
11,0.0,17.310858594055617,0.0,95,17.31086136062799,5.697181817067033
11,0.0,17.21959541711866,0.0,5,17.219598387783165,5.971469612420371
11,0.0,0.0,18.188083672914843,118,18.189025843703647,6.85985510540905
11,0.0,7.851850315579215,8.501653014697181,118,16.355016122008355,6.488286969934556
11,0.0,7.538202922803489,7.586662656789585,118,15.126133087031953,6.327127299737501
11,0.0,0.0,14.639529232529055,118,14.6398318443952,6.428810192627811
11,0.0,0.0,14.366529596525199,118,14.366791836680505,6.395590856637526
11,0.0,7.691353901351918,4.0587338035194,118,11.750715936019517,5.47983514596304
11,0.0,8.016428869740633,3.818190587769604,109,11.835246372133625,5.727990912065035
11,0.0,7.638559280742925,2.498550198958904,109,10.137453896023818,5.118720522614467
11,0.0,7.558479289480859,1.88280279195433,109,9.441522402854169,4.9642607968229235
11,0.0,6.925522006814449,2.7131254202551967,109,9.638955915948955,5.278958763212085
11,0.0,16.311555254582455,0.0,5,16.311560372069508,10.01508584228868
11,0.0,7.5578881976548935,0.0,5,7.557898048301855,4.5247111752601405
11,0.0,7.2563011143706895,0.0,5,7.25630983108568,4.462403736135734
11,0.0,6.983727392527224,0.0,170,6.983734981611359,4.412322423085676
11,0.0,6.763117422495597,0.0,170,6.763124042734809,4.513280438885857
11,0.0,6.635276614656963,0.0,170,6.635282642495323,4.681068041526938
11,0.0,6.521486611548817,0.0,170,6.521492097839197,4.902569104289029
11,0.0,6.438317704955339,0.0,170,6.438322787285745,5.1052085528099695
11,0.0,6.370337543720243,0.0,184,6.370342286915484,5.294037521831676
11,0.0,0.0,5.969899445918354,184,5.96941971714044,5.342221363216183
11,0.0,0.0,5.588891624762937,184,5.58840606268307,5.2916672349483385
11,0.0,6.191938065321261,0.0,184,6.191941890720781,5.870397404320588
11,0.0,3.9003649840394616,0.0,19,3.9003554638179487,4.180732524822133
11,0.0,3.7802432929137013,0.0,19,3.7802331368196214,4.201179720190687
11,0.0,3.717450931404178,0.0,19,3.7174404563697223,4.262432027943589
11,0.0,3.6095530250293493,0.0,19,3.609542029356362,4.403979318970652
11,0.0,3.428637754577246,0.0,19,3.428625954033201,4.610849430486553
11,0.0,3.2346950192515767,0.0,19,3.2346824683395177,4.676883321726123
11,0.0,3.0413703753376917,0.0,178,3.0413572177936885,4.628666357982855
11,0.0,2.7899510634512112,0.0,178,2.789937380830768,4.573226479997885
11,0.0,2.5169814036113514,0.0,178,2.5169675420799216,4.55614823503479
11,0.0,2.3537437280676685,0.0,178,2.3537300016780733,4.529771507975429
11,0.0,2.0799233244279556,0.0,178,2.0799102691593987,4.564034881262593
11,0.0,1.284620610187602,0.63478173277135,178,1.9192971947101825,4.547315650421414
11,0.0,1.6055102501727454,0.0,178,1.605500016460347,4.445232587332917
11,0.0,1.2510975500287438,0.18838711581735793,178,1.4394462596046473,4.359749224391216
11,0.0,1.241976956448275,0.0,178,1.241970617444629,4.307117217555458
11,0.0,1.1866919914828091,0.0,233,1.1866864002675008,4.45089098525122
11,0.0,0.0,1.030223084588523,233,1.0300393974534465,4.653324336605657
11,0.0,0.0,0.8033813494346188,233,0.8032373767292036,4.619723974407101
11,0.0,0.5826348118204094,0.0,233,0.5826404143538682,4.490343434518643
11,0.0,0.0,0.38108140824943804,233,0.38101977413558075,4.556675514570333
11,0.0,0.0,0.30007061258370393,233,0.3000260802088981,4.544506896012717
11,0.0,0.0,0.12465853019337902,233,0.12465251762784035,4.518076798978484
11,0.0,0.0,0.0,262,2.2640139967222694e-05,4.499226241742708
11,0.45797849946141306,0.0,0.0,262,1.8887423621549715e-05,5.060935531665873
11,0.7550303399684031,0.0,0.0,262,1.663591366707351e-05,5.418389294903665
11,1.2094607969652824,0.0,0.0,262,1.3448921407643866e-05,5.954418785610585
11,1.6814617208410196,0.0,0.0,262,1.0468082841441628e-05,6.497194798703902
11,2.0895796219409997,0.0,0.0,262,8.15005236631805e-06,6.955174053651412
11,2.6142462518289595,0.0,0.0,262,5.498220708943791e-06,7.529124302851102
11,3.220197250261396,0.0,0.0,262,2.8577754491720953e-06,8.17281227785491
11,4.111833033551138,0.0,0.0,274,-2.513098920076118e-07,9.08812160150332
11,4.925591046171984,0.0,0.0,274,-2.3697787980836438e-06,9.898586021051232
11,5.067904367610532,0.0,0.0,274,-2.67421506450205e-06,10.038605777156043
11,7.061412033150577,0.0,0.0,274,-5.2397498251366414e-06,11.985101438768963
11,7.490451389227559,0.0,0.0,274,-5.429722850891494e-06,12.408505975686106
11,8.522248874398953,0.0,0.0,274,-5.4698748783721385e-06,13.447452154649687
11,9.989504574340364,0.0,0.0,274,-4.700394235612748e-06,14.99536951236996
11,11.772276530629611,0.0,0.0,274,-2.88995730102215e-06,17.001022346444053
11,13.926378524691385,0.0,0.0,274,-4.156049371317749e-08,19.54599557416926
11,16.808793188053194,0.0,0.0,274,3.869366825171028e-06,22.97439904478163
11,20.986763434071875,0.0,0.0,287,8.042181249834357e-06,27.688435322971927
11,26.217922048907838,0.0,0.0,287,9.313262591348348e-06,33.015409228809716
11,35.51037864052359,0.0,0.0,287,3.6500288835839e-06,42.0229756085756
11,49.14465084900722,0.0,0.0,287,-4.511619778213571e-06,56.912253888694835
11,78.08280714965389,0.0,0.0,287,4.390144614063729e-06,86.9970671209355
12,15.66503593111853,22.09074226295098,0.0,16,22.090868396576912,-5.2261612026913475
12,16.039748169931197,21.8916469170261,0.0,16,21.89177254481095,-4.952174833940489
12,15.662400950935185,21.752241143528753,0.0,16,21.75236865151112,-4.614163082031737
12,10.784770662460371,21.662716629841153,0.0,16,21.662838904856525,-4.284743590439906
12,11.972528088766927,21.581131165207815,0.0,16,21.581258680205664,-4.0271066009817496
12,18.096503021048395,21.46507997923736,0.0,16,21.465195429340756,-3.6363465606262686
12,17.719130954914046,21.39294129805876,0.0,16,21.393059865525206,-3.344047212294882
12,8.995428300465534,21.322694041109894,0.0,16,21.32280560003723,-2.9252986153045235
12,24.909130047259207,21.239992203604594,1.389838954429131,30,22.62994086809871,-2.4376404616858593
12,22.266539493970413,21.172606544254762,0.0,30,21.17267253695644,-2.3598416376248714
12,25.121475337321858,21.062786511306868,1.408658795844546,30,22.471536088595297,-1.6449804823856269
12,19.61077331962675,21.02121433335026,0.0,41,21.021317551403786,-1.6640535848580669
12,14.20767045888081,20.971388710917793,0.0,41,20.97152154757108,-1.3899048036225494
12,8.941397287932196,20.92282488649974,0.0,41,20.922936892605023,-1.0564344108323347
12,4.468921774779311,20.881581200788,0.0,41,20.881645558574007,-0.7282016754095402
12,20.776959959543472,20.749579589826304,0.0,45,20.749669810556355,-0.36424755418179444
12,16.928168382926778,20.688412297091254,0.0,45,20.688538484350445,-0.0581354277068904
12,12.85297979045501,20.623646967864108,0.0,45,20.62377967637834,0.29591229004008923
12,16.59112531558895,20.509618753715575,0.0,47,20.50974725525078,0.7732958557519218
12,14.245963863826233,20.445733511284743,0.0,47,20.44586798208649,1.084710592119034
12,11.708237014420583,20.376602537434028,0.0,47,20.376732452022832,1.4231542867971534
12,9.07345320469537,20.304827605985018,0.0,47,20.304941950738204,1.773126978432959
12,6.667958107264916,20.239298796721155,0.0,47,20.23939057289109,2.0888582351776925
12,14.390358331172523,20.1161745201106,0.0,48,20.11630990996195,2.416400546743798
12,0.0,20.06174327487333,0.0,48,20.06174150606205,2.914327071208568
12,0.0,19.94471175182348,0.0,48,19.944710100426768,3.2851553627193546
12,0.0,19.778125825670283,0.0,48,19.778124340595866,3.7373670829904277
12,0.0,19.68669227013795,0.0,48,19.686690885075635,3.9457937699383656
12,0.0,19.368519248521583,0.0,48,19.368518223794357,4.44501676198718
12,0.0,18.636937161724227,0.0,48,18.636937116579272,4.510612202877102
12,0.0,18.04858646288408,0.0,48,18.048587338374325,4.482799083079929
12,2.6548339706215405,17.830248949540394,0.0,48,17.83029173922729,4.682764249315358
12,0.0,17.673373407900556,0.0,48,17.673374934993788,4.937917765309791
12,0.0,17.459497615188518,0.0,48,17.45949952511304,5.413205916580409
12,0.0,17.394572285050465,0.0,48,17.394574321366054,5.588739489397383
12,0.0,17.264681743977146,0.0,48,17.26468402259678,5.982426421091343
12,0.0,17.106266214502647,0.0,25,17.10626878946898,6.536410808628981
12,0.0,17.030077518852867,0.0,25,17.030080245968804,6.830338821816365
12,0.0,7.820661110810391,7.989357973903825,25,15.811440723838396,6.578618565436287
12,0.0,0.0,16.02193789784187,87,16.02223244744655,7.143603787047061
12,0.0,0.0,15.187015722439762,87,15.187189323655874,7.01086460489873
12,0.0,0.0,14.41840401134889,87,14.418475948678822,6.888326837958484
12,0.0,7.73909587750745,4.925708258072711,101,12.6656245374792,5.824739426079695
12,0.0,7.545950261035184,4.039573458186125,101,11.58614525580209,5.602776399942183
12,0.0,7.476503425634384,4.013049543321988,101,11.4901593874295,5.615435181687346
12,0.0,7.02603359876473,3.841001050863023,101,10.86754552803886,5.738004588857109
12,0.0,8.03109105670387,2.1227033791328926,111,10.154122193460886,5.504246165168915
12,0.0,7.36662093769228,1.8703167344308338,111,9.23717240186733,5.029447791641228
12,0.0,7.078573732444476,1.7609073485634286,111,8.839679294985277,5.0134330629228
12,0.0,7.565593420280521,0.5771135808656501,20,8.14277851893971,4.6794940330755
12,0.0,7.459870202527585,0.0,20,7.459879900475656,4.49925382989467
12,0.0,6.987585670546281,0.0,20,6.987593809536502,4.412415209962891
12,0.0,6.8477600570482355,0.0,20,6.84776768367902,4.448408311722677
12,0.0,6.684906716936611,0.0,20,6.684913713659277,4.606763077259725
12,0.0,6.53021086428266,0.0,20,6.530217228896312,4.889404716604922
12,0.0,6.427418905616617,0.0,48,6.427424833598771,5.145676681829155
12,0.0,6.359430712996611,0.0,48,6.359436341497542,5.341780132467239
12,0.0,6.242557180741887,0.0,48,6.242562287199441,5.719817971529764
12,0.0,0.8024545401828787,4.406992050483149,86,5.209039517923308,4.861839134711623
12,0.0,1.0643263437111972,3.8174339349900057,86,4.881398559582081,4.867081167649637
12,0.0,0.6596265869530715,4.348173041836153,86,5.007372697989329,5.665125634421411
12,0.0,4.020202708657605,0.0,86,4.02019564365353,4.525067097419864
12,0.0,0.19721273569368591,4.15774306156503,86,4.354470576481159,5.569894178259727
12,0.0,0.9392660577631897,1.8642879360059286,86,2.803286521600427,3.5529823374563634
12,0.0,3.096172586098561,0.0,48,3.09616123308351,4.455169552588757
12,0.0,0.9947348595187631,1.3783156663421865,48,2.3728372763823415,3.570138987306656
12,0.0,2.540487090170057,0.0,48,2.5404746200106096,4.677996459166138
12,0.0,2.1664980340885154,0.0,48,2.16648585647469,4.290171552447852
12,0.0,2.062797011779299,0.0,48,2.062785112148241,4.397644788558779
12,0.0,0.9634497279222887,0.0,29,0.9634477211900432,3.054384274799883
12,0.0,0.9338391521277745,0.0,29,0.9338376342783761,3.0280765584779097
12,0.0,1.0826646907893978,0.0,29,1.082660865399486,3.9154228595813336
12,0.0,0.7938635483295042,0.0,29,0.7938645213106099,3.7777002453562076
12,0.0,0.6600218168818561,0.0,29,0.6600254567990618,4.629580672463074
12,0.0,0.47616359064755753,0.0,178,0.47617143166362297,4.236146850308355
12,0.0,0.0,0.18001534881597614,178,0.17999459350486902,4.530385912062712
12,0.0,0.0,0.0,178,2.1736673609495938e-05,4.499224778965537
12,14.504103369083559,2.218524778873314,1.5782559705634989,178,3.796091760487176,17.882289488073404
12,1.1745481611253772,0.0,0.0,178,1.366502170085937e-05,5.915271751183084
12,2.2311146598424756,0.0,0.0,178,8.02945127276189e-06,7.127001724391338
12,2.7632535779355094,0.0,0.0,178,5.706292931506596e-06,7.715057282801638
12,4.182843976837358,0.0,0.0,178,1.0082198187433278e-06,9.21684828254184
12,5.574209312757472,0.0,0.0,178,-1.7983907127927523e-06,10.612560962722977
12,7.800283542630848,0.0,0.0,178,-3.504000630982773e-06,12.778797997939925
12,9.916546799422074,0.0,0.0,185,-2.951147759944206e-06,14.924699565202308
12,12.01616371143371,0.0,0.0,185,-1.1867237077467507e-06,17.27774074552716
12,14.785431736242701,0.0,0.0,185,1.8716113210359708e-06,20.620996865020405
12,20.824151211420958,0.0,0.0,185,7.337797040207761e-06,27.70997208581288
12,23.609672179117656,0.0,0.0,185,8.321169381986238e-06,30.642425235173768
12,35.52648728714337,0.0,0.0,185,3.145525489856027e-06,42.04776990885204
12,52.51041232308127,0.0,0.0,185,-4.602648676410581e-06,60.6206343403537
12,81.5008501347836,0.0,0.0,185,2.2246297248784686e-07,90.69121071011102
12,100.0,0.26690620967026596,0.0,185,0.2666604481913346,109.38318759777675
13,0.0,82.5284496779626,30.25324326048024,15,112.89472505584354,2.556978125143491
13,0.0,82.03618872358123,0.0,15,82.03614535416881,2.697013615017635
13,0.0,69.24372390839429,0.0,15,69.24371658743901,2.7724475437106797
13,0.0,68.73959693787575,0.0,15,68.73958739997894,3.734196073109029
13,0.0,68.41307433758391,0.0,15,68.41306385889976,4.397653998720116
13,0.0,63.50594878085407,0.0,15,63.50595350852678,4.8233625032620076
13,0.0,63.10482963060204,0.0,15,63.1048367733311,5.506010085360035
13,0.0,38.098688540353166,11.435963431198944,50,49.549250112943554,4.796742318717396
13,0.0,37.5456068101148,9.801545075104254,50,47.35956738666278,4.95663986125324
13,0.0,35.86279426267304,9.091376949343676,50,44.96505089609437,5.394170059563638
13,0.0,32.82155969422673,0.0,50,32.821559911278406,3.8569776941758107
13,0.0,32.76293045975047,0.0,6,32.76293068040826,3.9604250655480584
13,0.0,32.4860201094028,0.0,6,32.48602033842554,4.600581599745752
13,0.0,29.397735370726107,0.0,6,29.39773447950957,4.516139557140935
13,0.0,29.076659681424488,0.0,78,29.076658518112218,5.004206045906287
13,0.0,18.362072539160767,7.755947193493687,78,26.122270994144795,4.70887101805333
13,0.0,18.03037890043419,7.628994922958067,78,25.663477464991708,4.742443293609604
13,0.0,18.660784684406913,3.944077129314073,50,22.607111158368205,4.543859614532639
13,0.0,32.13316590944038,7.517426730452509,50,39.658492812938306,9.517018899491305
13,0.0,18.474792321088103,1.7534207590662974,50,20.22918496715132,4.487130589779994
13,0.0,18.818922453802188,0.0,71,18.818920628749588,4.4228395783496985
13,0.0,18.190809418385733,0.0,71,18.190808979552045,4.494584833923902
13,0.0,17.75876141732129,0.0,71,17.758761997267772,4.679362181524816
13,0.0,17.482048998558422,0.0,110,17.482050254009717,5.01517205580528
13,0.0,17.456399790652856,0.0,110,17.456401112455367,5.058186449194924
13,0.0,17.210615946054055,0.0,110,17.210617882831006,5.58093687548838
13,0.0,17.19844992461499,0.0,110,17.198451887466724,5.612086350459947
13,0.0,17.032814928569543,0.0,110,17.032817310241647,6.085566797500967
13,0.0,16.967977554862937,0.0,110,16.96798009800066,6.295651737450964
13,0.0,16.88533457298004,0.0,110,16.88533733115121,6.583110334676455
13,0.0,16.76689355723329,0.0,110,16.766896621361767,7.032414135311853
13,0.0,7.710332503962255,6.7028964776583795,136,14.414465605462466,6.2780334882365985
13,0.0,7.575971637894442,6.058052616763715,136,13.635101827092546,6.149406282036068
13,0.0,7.707583707541065,4.550610849207856,136,12.258996437526289,5.737750566251883
13,0.0,7.623579417911254,4.5848935142895995,136,12.209266540337477,5.745812446954847
13,0.0,7.098602791908489,4.799139690577839,136,11.898479459612233,6.041703248001248
13,0.0,7.080975290382452,3.4382252276343657,78,10.519689770829508,5.589071465990216
13,0.0,6.944352898341421,3.385934436221527,78,10.330748150684226,5.641096209293327
13,0.0,7.625500529787907,0.6192357491571157,124,8.244822060443589,4.7119782364849705
13,0.0,7.638857777754396,0.0,124,7.638868075875312,4.557598687514087
13,0.0,7.153861571973155,0.0,124,7.153870322465128,4.4385265467467185
13,0.0,6.899277786106303,0.0,163,6.89928561189344,4.426062262274542
13,0.0,6.764306388137628,0.0,163,6.76431368675625,4.512106869752678
13,0.0,6.68155848945402,0.0,163,6.681565460872648,4.609576928349497
13,0.0,6.546516166323547,0.0,161,6.546522585630822,4.843743246846266
13,0.0,6.487771574847113,0.0,161,6.487777742633526,4.973453395959041
13,0.0,6.40914645474943,0.0,182,6.409152285916328,5.171096168899673
13,0.0,6.345802216724576,0.0,182,6.345807766912465,5.348265465072288
13,0.0,6.269786344861088,0.0,182,6.269791556267055,5.578813522832398
13,0.0,6.208522452213691,0.0,163,6.208527381935358,5.776187277605384
13,0.0,6.126510421624695,0.0,163,6.1265149747148655,6.0520517874269935
13,0.0,4.099687139304317,0.0,163,4.099680730837154,4.5399345030346545
13,0.0,4.0020003447579615,0.0,205,4.001993408863338,4.539785301270264
13,0.0,3.8104206040320348,0.0,205,3.810412668379918,4.698095889628888
13,0.0,3.2570356273473227,0.0,205,3.257025214098057,4.340381048414056
13,0.0,3.1936419518966823,0.0,205,3.193631318892237,4.371386269937769
13,0.0,3.0577113216292364,0.0,174,3.057700238852604,4.498263667563261
13,0.0,2.983082779375415,0.0,174,2.98307148278386,4.584711486167198
13,0.0,2.2297060949375074,0.3489223166919935,174,2.5785701962046446,4.4612573952478165
13,0.0,2.148977604280505,0.0,174,2.1489659665334706,4.288950099424039
13,0.0,2.1385686184752393,0.0,174,2.13855701400686,4.296018325524674
13,0.0,2.04099795548896,0.0,174,2.0409866343539598,4.429405230083326
13,0.0,1.6170456892648177,0.0,211,1.6170366051459766,4.335540188372313
13,0.0,1.6104232881881688,0.0,211,1.610414248537463,4.337054359644551
13,0.0,1.5462017525634488,0.0,211,1.5461932227165107,4.528480874708823
13,0.0,1.0559395915478345,0.0,211,1.055936581756626,4.297618597585938
13,0.0,1.0530639834600286,0.0,211,1.0530610095367656,4.2992209364023175
13,0.0,0.9834507407053841,0.0,211,0.9834488219704909,4.479208924588047
13,0.0,0.7449052666215885,0.0,211,0.7449075045930584,4.460922850246213
13,0.0,0.47254548903149646,0.0,211,0.47255362492663977,4.203598585533403
13,0.0,0.3966074036789627,0.0,211,0.3966174190182521,4.400104233437016
13,0.0,0.0,0.17953579602088854,247,0.1795121049126358,4.530640030208303
13,0.0,0.0,0.0,247,2.1662566950908513e-05,4.499224727794662
13,0.05981246061066425,0.0,0.0,247,2.1118448408685708e-05,4.573028016334977
13,0.4212499595537711,0.0,0.0,247,1.7944612892506484e-05,5.015221994486907
13,0.6366492894856024,0.0,0.0,247,1.616004038496044e-05,5.27560061955516
13,1.019402228313293,0.0,0.0,247,1.3217938029441711e-05,5.73233998472336
13,1.4228099113975046,0.0,0.0,247,1.0389430357804486e-05,6.2053551954403225
13,1.9919618660721672,0.0,0.0,247,6.858907532603098e-06,6.8579644597386835
13,2.3307877911724395,0.0,0.0,247,5.0084501062030995e-06,7.238320526872846
13,2.962427140584145,0.0,0.0,247,2.001598780054792e-06,7.931545863325155
13,3.57502572183509,0.0,0.0,247,-3.872974581042854e-07,8.58513520696833
13,4.313719232356005,0.0,0.0,247,-2.63533628341861e-06,9.351009512934843
13,5.228800464519756,0.0,0.0,247,-4.584621088099539e-06,10.271544320977657
13,6.2982068954764046,0.0,0.0,247,-5.833026683887965e-06,11.319904158699469
13,7.570687473600113,0.0,0.0,247,-6.153363695915459e-06,12.554689968824212
13,9.005915501286822,0.0,0.0,247,-5.344569533605181e-06,13.978469807284123
13,10.688863177572482,0.0,0.0,247,-3.3259919725026066e-06,15.762552709989567
13,12.619465363141103,0.0,0.0,259,-1.8509891930307276e-07,17.991828442973414
13,15.005647502083711,0.0,0.0,259,4.0179044482613335e-06,20.890231168738
13,17.859792539356803,0.0,0.0,259,8.494671003944632e-06,24.333525962145217
13,21.526673795677134,0.0,0.0,259,1.215469177040518e-05,28.470896819602906
13,27.941053480278644,0.0,0.0,259,1.188433641985398e-05,34.832479724384996
13,37.85335905695272,0.0,0.0,259,2.3923644967283053e-06,44.44356475941795
13,51.83218470951497,0.0,0.0,259,-5.396823091530223e-06,59.888790756970224
13,82.73366302559599,0.0,0.0,259,-1.7583853129110594e-06,92.02526955733398
14,0.0,82.68404186084784,22.840114743945993,3,105.61681559330614,2.5718265774470446
14,0.0,82.08246005701342,0.0,3,82.082411640424,2.6705061277154805
14,0.0,81.93940612123998,0.0,3,81.9393712190955,3.0498742905193623
14,0.0,70.84782328589363,0.0,16,70.8478314451599,3.89596190125258
14,0.0,68.66187748720132,0.0,16,68.66186930059813,4.463649172424727
14,0.0,38.15937595507476,22.974413837604807,27,61.161648464064335,4.754711446218835
14,0.0,37.65804894720184,18.324238860782454,27,56.00486842038454,4.820341580862724
14,0.0,36.122230436215496,13.226860602932852,27,49.3652134681017,4.797613809844691
14,0.0,36.49189909839452,7.507345374119207,27,44.008997974943306,4.639018967025603
14,0.0,36.395930010839386,6.617161836250658,27,43.021704428043726,4.616633932161431
14,0.0,36.039813221553295,0.0,27,36.03981308450025,4.490602234806314
14,0.0,33.0278833811766,0.0,43,33.027883542964005,4.414458728583352
14,0.0,31.087540858273687,0.0,43,31.08754085377759,4.474001927206658
14,0.0,29.281996689741487,0.0,43,29.2819956878911,4.595192298552657
14,0.0,29.0220358421062,0.0,43,29.022034626757215,4.989881608909794
14,0.0,28.935824780430835,0.0,63,28.935823496588153,5.203742677886282
14,0.0,18.244372750470266,6.338204715790899,63,24.58623751115895,4.60436544361426
14,0.0,18.476202725469573,4.122980683574827,63,22.601624645185034,4.543250241953761
14,0.0,18.75428433250445,2.6125456338428785,63,21.36839542451636,4.549055257047485
14,0.0,18.71256392317423,1.212733019271374,63,19.926010209601905,4.4959755212975665
14,0.0,17.939230540447156,1.2389952022195454,63,19.17891965929033,4.591665212450593
14,0.0,18.004525879483086,0.0,63,18.004525696022426,4.532669541975931
14,0.0,17.84684650765384,0.0,63,17.846846670859012,4.631314894187025
14,0.0,17.58582341239943,0.0,89,17.58582417509804,4.907643799005498
14,0.0,17.419783371145037,0.0,47,17.41978452440236,5.164139055127741
14,0.0,19.93203522432282,0.0,47,19.93203131171215,6.44475908919366
14,0.0,17.196323656041212,0.0,47,17.196325329427225,5.609345692310068
14,0.0,17.062336838137853,0.0,89,17.06233883030611,5.928969697915173
14,0.0,16.97301433260942,0.0,89,16.97301653560517,6.162617089500918
14,0.0,16.18736214994906,5.848664705486725,34,22.038986320026552,8.830366302267096
14,0.0,8.030193901519548,7.942525522280287,34,15.974314833536098,6.542280756344455
14,0.0,7.78136993375938,6.757501503731773,34,14.540166961072774,6.267160594334483
14,0.0,7.911522087850489,5.508620804828729,34,13.421214873348557,5.968643313613105
14,0.0,7.860957603015284,4.294436761083468,34,12.156199064230858,5.675413713772995
14,0.0,7.868505047657304,3.86889202442082,34,11.738113144235331,5.57779912258111
14,0.0,7.519887778501457,3.132086091621051,128,10.652488667340535,5.39342328059641
14,0.0,7.767013075504275,2.3697116882145486,128,10.137122487976058,5.191300970977855
14,0.0,7.671770257070006,1.4111853531871505,128,9.083171545254146,4.93020217987964
14,0.0,6.60689293453806,5.9486488147479575,128,12.556394785371316,7.262587274888109
14,0.0,7.7085984304987925,0.0,47,7.708608650526166,4.582375477005023
14,0.0,7.2567067116754425,0.0,47,7.256715669919387,4.466135207880505
14,0.0,6.840783041978845,0.0,146,6.840790620306837,4.45346097127053
14,0.0,6.7624837084793,0.0,146,6.7624910073745,4.513764648137574
14,0.0,6.695706775569329,0.0,146,6.6957138256029936,4.588094046341055
14,0.0,6.571828664469612,0.0,146,6.571835242870463,4.781877548835862
14,0.0,6.497691365983468,0.0,146,6.4976976609267645,4.931007158075474
14,0.0,6.415898893910479,0.0,145,6.415904854897978,5.121592997323944
14,0.0,6.345865234853301,0.0,145,6.345870913077189,5.303908421439925
14,0.0,0.0,6.085108166929368,145,6.084411044385224,5.592275596529566
14,0.0,6.196880941655839,0.0,145,6.196885988288901,5.7372263436292865
14,0.0,0.0,5.382877510100251,145,5.3821997292714165,5.464564927607947
14,0.0,6.066033922021755,0.0,145,6.066038392643275,6.148507144048962
14,0.0,4.001970704726008,0.0,150,4.001964240604053,4.543979412584637
14,0.0,3.9457476737311232,0.0,150,3.945740910172624,4.593276599291812
14,0.0,3.3281169834372,0.0,150,3.328107234138759,4.340914778832246
14,0.0,3.199353750808995,0.0,150,3.1993435040999323,4.373352512432291
14,0.0,3.1270739342689815,0.0,150,3.127063419957892,4.429630153050006
14,0.0,3.0024380082420796,0.0,150,3.002427086728094,4.562995941297611
14,0.0,2.203350725042147,0.34289905972791723,150,2.546190479072944,4.451315728652652
14,0.0,2.185213772027393,0.0,150,2.185202105738373,4.276166721254519
14,0.0,2.148270603079551,0.0,148,2.1482590001091566,4.289653297781712
14,0.0,2.056925914877973,0.0,148,2.0569145275179253,4.400279179079902
14,0.0,1.9603335956040149,0.0,148,1.9603225199636682,4.600641326398748
14,0.0,1.6060117474761673,0.0,148,1.606002524137022,4.3397512848747475
14,0.0,1.0658751587629216,0.43730828625549933,189,1.5030941454903335,4.4422754396076485
14,0.0,1.2959661745900173,0.0,189,1.295959699361795,4.42714806843815
14,0.0,1.0649805832500456,0.0,189,1.0649769440374683,4.308523572500018
14,0.0,0.994300222030467,0.0,145,0.9942975972227011,4.456384973453652
14,0.0,0.7501451570240986,0.0,145,0.7501466279472595,4.419384124135263
14,0.0,0.5194171982914788,0.0,145,0.5194234292451512,4.3822261297278295
14,0.0,0.47630802152751894,0.0,145,0.4763152638432828,4.463231717479026
14,0.0,0.0,0.24546172306827274,217,0.24541853373700562,4.54271077177518
14,0.0,0.0,0.10619500125005188,217,0.1061874905185114,4.518031302560221
14,0.0,0.0,0.0,240,2.062050299400653e-05,4.499223657380693
14,0.23122042394180964,0.0,0.0,240,1.8694465634183643e-05,4.730504367610667
14,0.5563208223280229,0.0,0.0,240,1.613754255203048e-05,5.109397603439
14,0.9055336808098962,0.0,0.0,240,1.3612886995417739e-05,5.590085567881697
14,1.1573424308088125,0.0,0.0,240,1.191049695492552e-05,5.98482396024275
14,1.4641648460612215,0.0,0.0,245,9.986684940344048e-06,6.517934084924484
14,1.7335550413869532,0.0,0.0,245,8.407801630028189e-06,7.028549890787222
14,2.0416129767158,0.0,0.0,245,6.751031190077583e-06,7.652738874875297
14,2.390085034392774,0.0,0.0,245,5.03751441627287e-06,8.395918162735038
14,2.9088468302482897,0.0,0.0,245,2.7988158812775055e-06,9.531572472441882
14,3.23035070759956,0.0,0.0,245,1.5904527543852964e-06,10.223767976735758
14,3.692064724187491,0.0,0.0,251,7.721716244191157e-08,11.157999676646421
14,8.04816153651162,0.0,0.0,251,-4.415757338449566e-06,12.31485423578986
14,9.464312550060747,0.0,0.0,251,-3.3509290560118643e-06,13.71360055231823
14,10.429634164661325,0.0,0.0,251,-2.237143156946786e-06,15.51423659462692
14,16.786209508162916,0.0,0.0,251,7.275100280423885e-06,17.33890919378189
14,23.719479506060058,0.0,0.0,251,1.2362242287622394e-05,20.074954483605353
14,27.654406024019096,0.0,0.0,270,1.1302977373617296e-05,26.420152722290428
14,28.372537114214925,0.0,0.0,270,1.0861246099835853e-05,27.816433414940732
14,31.88053633696014,0.0,0.0,270,7.97719708955924e-06,34.93630698394975
14,37.190953658773665,0.0,0.0,270,2.7954778616390286e-06,44.1377203906349
14,52.3511173785685,0.0,0.0,270,-5.073347217887658e-06,58.230499779824626
14,80.29782802101731,0.0,0.0,270,2.018831946060118e-06,88.78810339716249
15,0.0,82.01943015903379,19.02023911553333,3,101.11766122397725,4.651138361102271
15,0.0,64.14074655581403,16.344320694827292,3,80.53303494080319,4.4852575734850095
15,0.0,67.89494312609344,0.0,10,67.89493382564773,4.502351505092301
15,0.0,63.43765143229017,0.0,10,63.43765619979163,4.902096634197033
15,0.0,62.95332773850307,0.0,10,62.953334878452054,5.745157632773543
15,0.0,38.388086912254266,10.930216868908179,10,49.33325393548101,4.6364383215762714
15,0.0,37.69155000242138,6.974773783766454,10,44.67589475947155,4.674068677316205
15,0.0,35.53021723380296,6.094255140023902,30,41.63225184683823,4.774626453535662
15,0.0,33.688273941843995,3.7897604017746453,30,37.482599176588636,4.586952140109409
15,0.0,33.18974923481298,0.0,30,33.189749413903506,4.3501542122376655
15,0.0,31.254826318425156,0.0,30,31.254826370895643,4.45889910717208
15,0.0,30.73312054775073,0.09250464089582966,30,30.825724071509683,4.529087183683771
15,0.0,18.81061451545368,10.09728899348146,19,28.913650321818515,4.815930762460036
15,0.0,17.717383705155054,9.713646962588966,19,27.436227354365858,4.930579780189266
15,0.0,18.818774858819946,6.117599179652229,56,24.940070871143142,4.687425521838021
15,0.0,18.323394603317013,4.986468364832427,56,23.31280892650551,4.56646481089046
15,0.0,17.97637896366063,4.067404931980029,24,22.046140179477362,4.62959961996426
15,0.0,18.78584405544644,1.6384137663219531,24,20.425242674123382,4.532230968326843
15,0.0,18.09141599312457,1.231173338769372,24,19.323293382318894,4.5226061342099335
15,0.0,17.305619072805158,3.809844972416365,24,21.11757636012779,5.414990236355148
15,0.0,17.79378451957822,0.0,24,17.793784659788592,4.674013744118726
15,0.0,20.182161531244112,4.914386507143184,24,25.099787943082827,7.492939155887813
15,0.0,16.894148477449058,3.6518475260180856,24,20.547964416679182,6.378452166128385
15,0.0,16.807375259460418,3.618528141807652,24,20.427842027841386,6.623077375796193
15,0.0,17.19304337257552,0.0,94,17.193044818815,5.591964989733603
15,0.0,17.115858428559168,0.0,94,17.115860045522442,5.766819559727681
15,0.0,16.99569760538538,0.0,105,16.99569948822028,6.0628778425910035
15,0.0,7.4644162603817374,14.029489297955317,105,21.496162708028937,8.582598558222871
15,0.0,7.233753264383844,14.05240945639723,105,21.288326401625262,9.01702283548045
15,0.0,7.746325053095653,7.71976413617282,109,15.467555113929832,6.541986672551499
15,0.0,7.924017340150619,6.121831213770203,109,14.047051829618466,6.124142065280029
15,0.0,8.35367653208382,6.102370805241588,109,14.45735109938353,6.469027650125129
15,0.0,7.861701911093495,4.049370712176739,119,11.911828494107397,5.626654284953339
15,0.0,7.794516960119835,3.0207487981345973,119,10.815798395032932,5.363768172838096
15,0.0,7.8120792174404725,2.9800751618699315,119,10.792681101745949,5.3577073337279
15,0.0,7.701526020649453,1.6419770299456515,126,9.343762954969243,4.999752520559245
15,0.0,7.729935822613389,1.5473235961752558,126,9.277504765302584,4.98191429286193
15,0.0,7.665898738138635,0.6739468256010508,138,8.33994618438674,4.740996841207737
15,0.0,7.463120815302723,0.0,138,7.463130336757107,4.513748950803343
15,0.0,7.096163670083697,0.0,138,7.096172197881149,4.423991013072271
15,0.0,6.887189298348654,0.0,150,6.88719718785136,4.4311235703287455
15,0.0,6.697246313047836,0.0,150,6.697253582976064,4.584544690472455
15,0.0,6.632669613353401,0.0,150,6.632676664854987,4.673242285293311
15,0.0,6.515600752098763,0.0,150,6.515607386674716,4.878681050976171
15,0.0,6.441396765734078,0.0,164,6.441403130881124,5.0359774024631285
15,0.0,6.368735523629303,0.0,164,6.368741610477905,5.207560090891352
15,0.0,6.29243613641777,0.0,164,6.292441938419508,5.403363696690532
15,0.0,0.8122787472361892,5.170796879346946,182,5.982544659802812,5.617083797170151
15,0.0,0.8747013491111635,5.187285380191631,182,6.061467920688308,5.862926029005324
15,0.0,0.9065604652232822,5.1172050356402625,182,6.023254375597112,5.990244985352806
15,0.0,1.1041143213834093,4.682646767971088,182,5.786297013507177,6.0225695571660385
15,0.0,3.9275046248496217,0.0,152,3.9274987448542085,4.614437952678644
15,0.0,3.6173640649918655,0.0,152,3.617356639660425,4.567651887376613
15,0.0,3.4356256163521905,0.0,152,3.435617366635661,4.437766222981184
15,0.0,3.246132666544034,0.0,152,3.2461236316647017,4.481175065245521
15,0.0,3.010055506259969,0.0,152,3.010045651314293,4.602132608662034
15,0.0,2.7149188768091164,0.0,164,2.71490828267887,4.501424861092927
15,0.0,2.5206459585670054,0.0,164,2.5206351114352508,4.492878302067012
15,0.0,2.375139793335421,0.0,138,2.375128900203851,4.60227711380951
15,0.0,2.224440181600604,0.0,138,2.224429377851866,4.671895108283236
15,0.0,1.9991457166497502,0.0,138,1.9991353469264794,4.59975258266739
15,0.0,1.6094821859634818,0.0,138,1.609473628577149,4.340641050156787
15,0.0,1.5689695955936251,0.0,138,1.5689613030931007,4.424723637658406
15,0.0,0.7819782130045515,0.3790741000185631,138,1.1609721527578216,4.248305519781363
15,0.0,1.261259161636183,0.0,138,1.2612535591900524,4.597100101392687
15,0.0,0.7886632239882091,0.0,164,0.7886641496426883,4.144778480695647
15,0.0,0.7266385788888413,0.0,150,0.7266406082768455,4.309035832122696
15,0.0,0.6993659717898032,0.0,150,0.6993685063917745,4.464498719331468
15,0.0,0.4169714121392859,0.0,150,0.41697990905915105,4.3112372001045
15,0.0,0.36857738884928104,0.0,150,0.3685870550825783,4.46654705119137
15,0.0,0.00887217105855266,0.23689387182513613,247,0.2457238733115794,4.5341152654224395
15,0.0,0.01829320204004386,0.0,247,0.018312660945504433,4.486689014942659
15,17.733316974887497,1.709480114966459,2.690643835013871,247,4.398521688106101,14.505197127592954
15,17.897211106996522,1.582511229599596,2.6064483791232353,247,4.187374854916133,14.676848299178797
15,18.08177371583822,1.4395304625429544,2.5116351433360324,247,3.949603110089054,14.868908284554728
15,18.36661999866002,1.2188598713181282,2.36530432396917,247,3.582641449559219,15.158637976735655
15,1.3767217725943082,0.0,0.0,257,1.0089326021756051e-05,6.383397650318498
15,1.7311799998371347,0.0,0.0,257,8.033639698368233e-06,7.065874098198005
15,2.039162532746902,0.0,0.0,257,6.405527244623954e-06,7.703852548949005
15,2.332248940218726,0.0,0.0,260,4.978430041546744e-06,8.337324414692857
15,2.890922224611736,0.0,0.0,260,2.5873481099836226e-06,9.569751997452949
15,3.2547489984096956,0.0,0.0,260,1.2568714957694738e-06,10.353293813087623
15,3.454335022183841,0.0,0.0,260,5.860802794188658e-07,10.765158627316437
15,4.06391259555634,0.0,0.0,260,-1.1664172987480015e-06,11.893079455927618
15,5.315493511162128,0.0,0.0,260,-3.5352875968897024e-06,13.254755009123727
15,10.254227815655264,0.0,0.0,260,-2.4291484415073228e-06,15.188938143972102
15,12.062587887370091,0.0,0.0,260,1.1852547743274044e-07,17.679886967660785
15,24.940392758122364,0.0,0.0,260,1.2274950375257276e-05,21.79236722992168
15,27.823088539702447,0.0,0.0,277,1.1164368896032784e-05,26.78306987125995
15,27.942186112236467,0.0,0.0,277,1.1097734006426663e-05,27.012697110540053
15,31.508344207005166,0.0,0.0,277,8.282409950766123e-06,34.20520870829543
15,37.57142318247008,0.0,0.0,277,2.4252032133631474e-06,44.648772339359766
15,60.433281003620706,0.0,0.0,277,-2.8378424268282743e-06,67.45241723733542
15,100.0,0.7091326381756469,0.0,277,0.7085561892884193,106.75267920030618
16,0.0,64.27619784601686,51.36838999581704,10,115.74843613126939,4.799847810574736
16,0.0,81.93129493738098,13.064174830854805,10,95.03788434674982,4.4648810878872816
16,0.0,81.59982356821372,0.0,10,81.59983973732534,4.47047942775162
16,0.0,67.4050297726497,0.0,10,67.40502080239806,4.485704654827501
16,0.0,63.74494375433459,0.0,10,63.74494706997634,4.581492494089643
16,0.0,38.230136624415444,17.234681095115537,10,55.48101244745807,4.640257242265827
16,0.0,36.150429091665245,14.826769924337313,10,50.990072453668525,4.730794255461705
16,0.0,37.420707443287114,7.469773908958513,10,44.89725113935152,4.703863494643052
16,0.0,37.67119194180527,2.967807418227041,10,40.64160305890424,4.629761142077866
16,0.0,36.165840163884376,0.5258825248061023,10,36.69213822361038,4.492548938849334
16,0.0,33.244415511714,0.0,10,33.24441559214585,4.332645209217674
16,0.0,31.59441983817678,0.0,10,31.594419923478434,4.415576280447523
16,0.0,29.44235144925645,0.0,10,29.442350758813525,4.512171556736423
16,0.0,29.09840220477803,0.0,10,29.098401303028616,4.817515965570376
16,0.1931341435929712,18.65067904706994,8.081592973906298,55,26.73562519932563,4.716509547402602
16,0.0,17.954555651518692,7.384958112211254,55,25.34247730125782,4.677302455607425
16,0.0,18.460510836623982,4.408111475283406,55,22.870316302935297,4.5238109299200815
16,0.0,17.306559687885798,7.4135348312498035,55,24.722976553909845,5.378252250461472
16,0.0,18.484409425511426,2.4405369026621657,42,20.92581260659232,4.484645130610163
16,0.0,19.371961601394894,2.3309408792253064,42,21.703769902997948,5.13798332741241
16,0.0,18.228937667687404,0.0,75,18.228936990365625,4.462064021526443
16,0.0,17.938955312254212,0.0,75,17.938955144980138,4.568134814446866
16,0.0,17.577096182018785,0.0,75,17.577096664810263,4.887683042396187
16,0.0,17.456141360278032,0.0,75,17.456142062847572,5.049921123094137
16,0.0,17.319256714452933,0.0,75,17.319257673862616,5.267665243803968
16,0.0,17.22137216315097,0.0,75,17.221373305288367,5.44504745568223
16,0.0,17.021691668245087,0.0,75,17.021693175753008,5.859874857230567
16,0.0,16.971331145394476,0.0,75,16.97133275356228,5.975052620546538
16,0.0,16.804048353646948,0.0,75,16.804050289273555,6.385436356908318
16,0.0,8.013921183466573,7.741786029942708,113,15.757319293986287,6.28491399169901
16,0.0,8.029928746758513,6.251388025352131,113,14.282502568523908,5.992825156192275
16,0.0,7.7923591935038585,5.585032480924324,113,13.378364995842498,5.846723949312009
16,0.0,7.948472526540897,4.981119578270739,113,12.93042848062678,5.718709825385059
16,0.0,7.390461451023738,5.854027095926727,113,13.24547962947086,6.09174772361018
16,0.0,6.979821563882729,6.4963990133704534,113,13.477323796073113,6.572532027354264
16,0.0,7.803010933535724,2.197033395859326,127,10.000278744191121,5.097410410737174
16,0.0,7.757965503999036,1.5230236201064051,127,9.281124977584259,4.9373330575815615
16,0.0,7.2864923790634455,1.569330667062883,127,8.855943964156207,4.924361489797397
16,0.0,7.692672482913599,0.7150916422784035,127,8.407814474589117,4.737593624418
16,0.0,7.5379248384009445,0.0,133,7.537933860269149,4.532430991890296
16,0.0,6.9910812318159685,0.0,133,6.9910889178683,4.411008709959004
16,0.0,6.8633599202583415,0.0,133,6.8633672342642456,4.442124502550879
16,0.0,6.762304233174951,0.0,145,6.762311251093372,4.513763301841758
16,0.0,6.599145542193726,0.0,145,6.599152052445341,4.7180003104010435
16,0.0,6.519369746874301,0.0,145,6.519375985518092,4.854182795395474
16,0.0,6.459514554592796,0.0,145,6.459520602484737,4.96999210704236
16,0.0,6.372630132648246,0.0,145,6.3726358735105,5.1559528155102345
16,0.0,6.293171386500204,0.0,145,6.293176843754015,5.341077778503015
16,0.0,6.217069012580058,0.0,135,6.217074199659798,5.52824180976984
16,0.0,6.138419967309384,0.0,135,6.138424853099849,5.727943328254829
16,0.0,6.059905841927696,0.0,133,6.059910426617115,5.9295819767674445
16,0.0,4.130930614830366,0.0,133,4.1309258768237385,4.553476432100243
16,0.0,4.005792953724866,0.0,133,4.005787556541787,4.553263582219898
16,0.0,3.762107835639386,0.0,133,3.762101195022886,4.667977971281985
16,0.0,3.388909923447428,0.0,133,3.3889015155985973,4.438685345971368
16,0.0,3.244777819219993,0.0,133,3.244768796828268,4.489760738921419
16,0.0,3.100456713469038,0.0,133,3.1004471425496796,4.5745567958595945
16,0.0,2.7496850785091924,0.0,133,2.749674453408659,4.5159486391539545
16,0.0,2.508537511937739,0.0,133,2.5085264687467586,4.498368898267614
16,0.0,2.4981641196300335,0.0,133,2.4981530584341627,4.5043445817637
16,0.0,2.3584331969434906,0.0,133,2.3584220506630906,4.616587268168477
16,0.0,1.9922192859122752,0.0,133,1.9922084984116424,4.602318650835054
16,0.0,1.91383864126973,0.0,133,1.91382806803065,4.668918963587416
16,0.0,1.6063899086089877,0.0,147,1.606380673719194,4.34157616472085
16,0.0,1.548633033432989,0.0,147,1.5486241544750854,4.515552850684948
16,0.0,1.2945098592225062,0.0,147,1.294502988514843,4.430603822886193
16,0.0,1.086949077906532,0.0,147,1.0869444063221323,4.540375667288746
16,0.0,0.9463682159800368,0.0,147,0.9463653747413261,4.621351516133199
16,0.0,0.7206347269340246,0.0,147,0.7206354115552038,4.470789981880815
16,0.0,0.5370023713389044,0.0,133,0.5370065182996875,4.533068564476167
16,0.0,0.45191794774831345,0.0,133,0.4519239084547806,4.447367690964578
16,0.0,0.20186691257268047,0.0,133,0.2018789290732066,4.5665451128186785
16,0.0,0.07397988277000611,0.0,133,0.07399546566539783,4.636827844195626
16,0.0,0.0,0.0,214,1.7799135143548028e-05,4.499225687465136
16,0.47542494576881533,0.0,0.0,214,1.4246307490139998e-05,5.151614888106597
16,0.5505221658363257,0.0,0.0,214,1.3725342601134116e-05,5.239919398468199
16,1.2415593617801923,0.0,0.0,214,9.330452201083972e-06,5.872833187785604
16,2.3793220718162313,0.0,0.0,214,3.67629026953864e-06,6.437691395355666
16,2.861545402221072,0.0,0.0,214,1.8228784881557658e-06,6.667805621768778
16,3.9598459884579382,0.0,0.0,214,-1.352058486503438e-06,7.668161400455892
16,4.204866254826417,0.0,0.0,214,-1.887221582563825e-06,8.024574588654453
16,4.636861442250689,0.0,0.0,214,-2.6692150036922158e-06,8.778118021255374
16,5.125554252812509,0.0,0.0,214,-3.3616505206168767e-06,9.784842647615008
16,5.455085619608702,0.0,0.0,214,-3.7024074295288756e-06,10.506508403286675
16,6.051484479979058,0.0,0.0,214,-4.123984886916787e-06,11.707214810761052
16,9.190380144110469,0.0,0.0,228,-2.9531790950443337e-06,13.000090606100882
16,19.92208721497856,0.0,0.0,228,1.1063725327886687e-05,14.502906957178167
16,10.907225708710591,0.0,0.0,228,-8.190797302631836e-07,16.44886747534569
16,24.863311573859317,0.0,0.0,228,1.2360130622113275e-05,19.04557138176621
16,26.628500347464488,0.0,0.0,228,1.1783465080128508e-05,22.29490590963573
16,28.477838339420853,0.0,0.0,228,1.0690203328778125e-05,26.260172974561765
16,31.193052000133157,0.0,0.0,228,8.45999304388556e-06,32.51126288285594
16,35.15764400418051,0.0,0.0,228,4.603542247849646e-06,40.87991442497625
16,51.24087246075673,0.0,0.0,228,-5.037038658173287e-06,56.2910834650547
16,76.21565809132265,0.0,0.0,228,5.253383147163504e-06,84.4612474040922
17,0.0,64.24251513442313,29.277226875904034,4,93.5880603693743,4.562662652549021
17,0.0,81.52257113100694,0.0,4,81.52259297781146,4.626047803107539
17,0.0,67.40621260334626,0.0,4,67.40620376239585,4.4856535241750475
17,0.0,63.518978116075544,0.0,4,63.51898257801518,4.78253259335265
17,0.0,35.689504271558,17.402727848695772,4,53.10735333410423,4.492972681534235
17,0.0,35.64068034775175,12.304356403328109,4,47.95582931330517,4.4060386886574445
17,0.0,35.17566794541895,7.416353095865502,4,42.59835018157855,4.3956218914788465
17,0.0,34.983459607278874,4.084921672491131,4,39.07174228079083,4.414270987415112
17,0.0,35.17251018046396,0.0,4,35.1725100214309,4.268861353514298
17,0.0,34.610064539790855,0.0,4,34.61006443913117,4.557464812132711
17,0.0,30.890014572627837,0.0,52,30.890014531661038,4.408966100361722
17,0.0,29.36721536708941,0.0,52,29.367214687879194,4.544032283825638
17,0.0,29.09459387703895,0.0,52,29.09459303986603,4.794805199291316
17,0.0,18.20654302574512,7.711516132662985,60,25.921281208486562,4.573251261097756
17,0.0,17.760327588936182,7.692040955773155,60,25.455512471526774,4.781314857882858
17,0.0,18.875071656794965,4.137337383769834,72,23.014059148935964,4.595441392997049
17,0.0,18.48604738724974,3.1390325442625375,72,21.626258597470937,4.483833280727197
17,0.0,17.781934916343705,3.078723127660866,72,20.861763664164116,4.708630606119593
17,0.0,18.193783092718345,0.9309824173950697,72,19.125068179923364,4.481711866418806
17,0.0,18.095687658075004,0.0,72,18.095687049895254,4.4981939653513034
17,0.0,17.76721453212057,0.0,85,17.76721443779151,4.68707395781372
17,0.0,17.536323695744063,0.0,85,17.53632396835055,4.926433059673167
17,0.0,17.350108404619174,0.0,85,17.350108985770685,5.188194356226592
17,0.0,17.272678191540283,0.0,85,17.272678891048912,5.314683557975231
17,0.0,17.119257762377508,0.0,85,17.119258715230565,5.594365793282128
17,0.0,17.052791030683682,0.0,85,17.052792099449064,5.726912726541327
17,0.0,16.924635295052678,0.0,82,16.92463657498179,6.000480768980138
17,0.0,16.79771140142538,0.0,82,16.797712896027534,6.292890630812762
17,0.0,16.673138170687615,0.0,82,16.67313987097087,6.598355589225092
17,0.0,7.930159603632918,6.157019351640029,82,14.088351637202887,5.935377394325634
17,0.0,16.42682750975982,0.0,82,16.426829626583093,7.246947498912029
17,0.0,7.967493581226723,4.295737028710057,112,12.263915859550378,5.557884088738467
17,0.0,7.660451920251483,4.719129242122342,112,12.380336279593259,5.674677381274872
17,0.05813903831178649,7.540582593977795,3.3872657203279934,112,10.928283844009071,5.394587066388995
17,0.0,7.833486046763675,2.0399664886456863,112,9.873667769686751,5.059501094193406
17,0.0,7.78424805247116,1.3803791404415546,112,9.164748079721445,4.904602828985714
17,0.0,7.750677554452177,0.9850981389170701,112,8.735851808003865,4.8089144493788165
17,0.0,7.6896885713235275,0.3860568790867643,112,8.075772547995797,4.658171791854086
17,0.0,7.4330593557856375,0.0,112,7.433067779986004,4.512618343687814
17,0.0,7.069253117173361,0.0,85,7.069260817579419,4.417998991059903
17,0.0,6.775554969405453,0.0,85,6.77556196742092,4.501907123076062
17,0.0,6.7587990972731,0.0,87,6.758806053035947,4.517030920323876
17,0.0,6.64144130778547,0.0,87,6.641447950973838,4.655505957854851
17,0.0,6.496158443204286,0.0,87,6.496164682072052,4.900003772662648
17,0.0,6.450885438027868,0.0,87,6.450891546071002,4.990659889930411
17,0.0,6.369650999583726,0.0,87,6.369656860637022,5.167754873419458
17,0.0,6.272166439282621,0.0,142,6.272171990533526,5.400139458071248
17,0.0,6.216416022763874,0.0,142,6.216421393163454,5.5402077864978025
17,0.0,6.133676112614815,0.0,142,6.133681210674311,5.753977770889238
17,0.0,6.021823387789703,0.0,142,6.021828109774095,6.046257857656876
17,0.0,4.09623546392528,0.0,144,4.0962314312386106,4.533786935997698
17,0.0,4.008000797505251,0.0,144,4.00799631218856,4.549441834843281
17,0.0,3.7253234174384753,0.0,144,3.7253175241302543,4.6640281407009265
17,0.0,3.3023364002721878,0.0,144,3.3023285513557497,4.384276423061609
17,0.0,3.1976710028353947,0.0,144,3.1976627195182097,4.42510766399349
17,0.0,3.092858445667174,0.0,133,3.09284976438882,4.502082609661828
17,0.0,2.9585173566234078,0.0,133,2.9585082016532134,4.609989168102359
17,0.0,2.640280055422611,0.0,133,2.6402700418648344,4.659045138851479
17,0.0,2.3478219154435265,0.0,144,2.347811522575885,4.52471905894159
17,0.0,2.3053498538274075,0.0,144,2.30533945213892,4.538077719912263
17,0.0,1.824259520940008,0.0,144,1.8242498022212565,4.351599978589908
17,0.0,1.784357514426236,0.0,144,1.784347931751764,4.334946722701874
17,0.0,1.7094325243995319,0.0,144,1.7094232488424588,4.478929776476093
17,0.0,1.5410514856133095,0.0,144,1.5410430785337255,4.54239418682441
17,0.0,1.29801761085242,0.0,144,1.2980109800228163,4.425000317958133
17,0.0,1.0996555976731146,0.0,144,1.0996509338111586,4.532335513088775
17,0.0,0.9893158086934473,0.0,144,0.9893124703928109,4.6133413551961215
17,0.0,0.7210142462857498,0.0,144,0.7210148376334722,4.464618231822328
17,0.0,0.5529869884082994,0.0,144,0.5529906266644673,4.495287733482815
17,0.0,0.47212925868167777,0.0,144,0.47213453801548866,4.4747561225959664
17,0.0,0.3598258699509027,0.0,144,0.3598335974836999,4.575327294499239
17,0.0,0.12897276870117436,0.0,144,0.12898630156253077,4.648905635941627
17,0.0,0.0,0.0,201,1.723355316229913e-05,4.499231241020954
17,0.24114186198487264,0.0,0.0,201,1.548652069160994e-05,4.776339222045323
17,0.631131824917297,0.0,0.0,201,1.287106459457732e-05,5.240439771752708
17,0.8998618358604715,0.0,0.0,201,1.1206585977419081e-05,5.5862047426823995
17,1.2652565632046364,0.0,0.0,203,9.129874168678498e-06,6.0945470908644825
17,1.6671581206900765,0.0,0.0,203,7.055306614489609e-06,6.693727866683544
17,1.9845141519565346,0.0,0.0,203,5.597212624053327e-06,7.181761078776034
17,2.4857995334889695,0.0,0.0,213,3.5440876295922408e-06,7.94106039057878
17,3.1538372801843852,0.0,0.0,213,1.3054845027227202e-06,8.83593824535542
17,3.8821586545463695,0.0,0.0,213,-5.803885336774783e-07,9.534880289199391
17,5.499018017845586,0.0,0.0,213,-2.980882978675936e-06,10.312164703764891
17,6.466890480570525,0.0,0.0,213,-3.46977331489029e-06,11.620259642126246
17,17.75807659683994,0.0,0.0,213,8.232503088123622e-06,12.785072528011078
17,23.14817819667298,0.0,0.0,227,1.0902637708198881e-05,14.365830287542215
17,24.333071803467593,0.0,0.0,227,1.0817403538254666e-05,16.205094477802046
17,25.706815714890524,0.0,0.0,227,1.047271440768327e-05,18.84781469646096
17,27.160937328691286,0.0,0.0,227,9.833190095065447e-06,22.0986208812149
17,28.819511066583498,0.0,0.0,227,8.835038986632071e-06,26.16124491135408
17,30.914401954781667,0.0,0.0,227,7.289030506285599e-06,31.45016093367452
17,35.69291172200178,0.0,0.0,227,3.4497403724742526e-06,41.848350083031946
17,48.06858387836834,0.0,0.0,227,-1.4155761931533561e-06,55.17575033235765
17,75.77622352240887,0.0,0.0,227,5.023088117894758e-06,83.36282970939837
18,0.0,81.74960995824877,0.0,0,81.74961592233363,4.3016349186222556
18,0.0,70.14673885604434,0.0,0,70.14673747863453,4.226551081629532
18,0.0,63.984992987924294,0.0,0,63.9849953103606,4.462285499257353
18,0.0,14.812524371131216,0.0,0,14.812526582153115,-0.9736644782622008
18,0.0,14.52802309044875,0.0,42,14.528025680792808,-0.7625937721929716
18,0.0,14.417042587604403,0.0,42,14.41704532052732,-0.6063069393968021
18,0.0,14.271188533377268,0.0,42,14.271191466074518,-0.34746507114085645
18,0.0,14.170936984913244,0.0,42,14.170940051393545,-0.13858018941783357
18,0.0,14.08111834458287,0.0,55,14.081121520689,0.0672749394274419
18,0.0,14.010672635503191,0.0,55,14.01067591298966,0.23972983873251152
18,0.0,13.952384396351997,0.0,55,13.952387758424939,0.38898342708610656
18,0.0,13.835012741891711,0.0,55,13.8350162463147,0.7052869265223087
18,0.0,13.791446503647753,0.0,67,13.791450074510767,0.8273821820065628
18,0.0,13.694860696047495,0.0,67,13.69486438143279,1.105641691819983
18,0.0,13.6224341434086,0.0,67,13.622437935319233,1.3200836585487679
18,0.0,13.590568773300122,0.0,67,13.590572606589504,1.4157352438192916
18,0.0,13.516774271982012,0.0,67,13.51677820483038,1.639769935660322
18,0.0,13.451550625763954,0.0,67,13.45155464268129,1.8401366698334023
18,0.0,13.325114004302208,0.0,67,13.325118196999666,2.2325158860038243
18,0.0,13.273109329353638,0.0,67,13.273113587441953,2.394643641060725
18,0.0,13.238848761430983,0.0,67,13.23885306563626,2.501479700644527
18,0.0,13.140489900143903,0.0,67,13.140494335097378,2.807552185321615
18,0.0,13.044622256252424,0.0,67,13.044626817934144,3.103667931026404
18,0.0,12.973076632212043,0.0,67,12.973081293539659,3.322325313817803
18,0.0,12.940365341974177,0.0,86,12.940370041934989,3.421447302175455
18,0.0,12.81351472565312,0.0,86,12.8135195989954,3.799586518974916
18,0.0,12.784862264586987,0.0,86,12.784867177520283,3.8834200380098363
18,0.0,12.693577759435337,0.0,86,12.693582792404415,4.1460055351698735
18,0.0,12.592674152791616,0.0,86,12.592679321508694,4.427373286075602
18,0.0,12.5399062692369,0.0,86,12.5399115002772,4.570400720309081
18,0.0,12.448184191983536,0.0,86,12.448189554670185,4.811687181756907
18,0.0,12.28613179274071,0.0,57,12.286137370990792,5.213155381346349
18,0.0,12.265978686363201,0.0,57,12.265984293695487,5.260712919195155
18,0.0,8.150985374647139,3.4378385005534637,57,11.588878094236739,5.372924733652701
18,0.0,8.103825776305317,2.839814428776901,57,10.943673963778203,5.247299583221487
18,0.0,11.851787176194387,0.0,57,11.851793321832247,6.10895254297105
18,0.0,7.980319844646909,1.459159121964182,57,9.439479461668062,4.942573785376567
18,0.0,7.923987002903761,0.9277072487385638,57,8.851690970904883,4.818220784519777
18,0.0,7.811131210442013,0.7368026144053241,57,8.547930847583274,4.755643850356352
18,0.0,7.89413965643089,0.0,57,7.894149011903313,4.610393009556235
18,0.0,7.328111709270549,0.0,57,7.328120808139442,4.490965083098537
18,0.0,6.925522149009853,0.0,124,6.9255308531196675,4.419331614503484
18,0.0,6.77743251837262,0.0,124,6.777441034217084,4.50042562692988
18,0.0,6.718395045392376,0.0,124,6.718403468638321,4.557188903487827
18,0.0,6.604481726610799,0.0,124,6.6044899720312635,4.703229484452347
18,0.0,6.503236131823526,0.0,124,6.503244212073099,4.868997719901294
18,0.0,6.409025660083819,0.0,124,6.409033569066342,5.048477781298244
18,0.0,6.300367921525927,0.0,124,6.300375608892686,5.278557908196252
18,0.0,6.231859711990705,0.0,124,6.231867257046016,5.432480217587674
18,0.0,6.138149227265253,0.0,124,6.138156562714794,5.649002441742686
18,0.0,6.047907010953411,0.0,124,6.047914126492259,5.858630594407215
18,0.0,5.9535251231069495,0.0,124,5.953532000678411,6.072692693409731
18,0.0,4.023088855790505,0.0,145,4.023088105337603,4.54626604171435
18,0.0,3.991209629646178,0.0,145,3.9912087288573943,4.56693970715828
18,0.0,3.503988541984207,0.0,145,3.503985266210588,4.4710949312522335
18,0.0,3.2878460250992307,0.0,145,3.2878417437313345,4.455999356995969
18,0.0,3.2396975175274596,0.0,145,3.239693032583375,4.479629683252652
18,0.0,2.972090351483883,0.0,145,2.9720847524111065,4.604263051502423
18,0.0,2.6607807214597017,0.0,145,2.660774063824711,4.51700755139453
18,0.0,2.4705161897333223,0.0,151,2.4705090485545327,4.530500359399413
18,0.0,2.415418792110495,0.0,151,2.4154115457841776,4.560514068096319
18,0.0,2.153529898170228,0.0,151,2.1535223248818447,4.659405418872808
18,0.0,1.9352121761720729,0.0,151,1.935204649941511,4.639408727849332
18,0.0,1.726138596941322,0.0,151,1.7261314148849785,4.479455283091257
18,0.0,1.5382304367922957,0.0,151,1.5382238844953697,4.542508784829234
18,0.0,1.2990976620023285,0.0,151,1.2990923728436066,4.4243086819167665
18,0.0,1.1211549660604252,0.0,151,1.1211509987510198,4.542915881377775
18,0.0,1.0967750258828943,0.0,151,1.096771262998967,4.533215693378191
18,0.0,0.7658173041843506,0.0,151,0.7658171355229513,4.534069944775652
18,0.0,0.7181794895883151,0.0,151,0.7181799653531655,4.466116194743101
18,0.0,0.4739461312274762,0.0,151,0.47395040525390897,4.474192990266181
18,0.0,0.3898445178497509,0.0,151,0.38985032880072623,4.517886282864442
18,0.0,0.10261579098453238,0.0,151,0.10262772923832131,4.629762710830473
18,0.0,0.0,0.0,197,1.449523880836523e-05,4.499231164946803
18,0.29125289309489544,0.0,0.0,197,1.2810410122909843e-05,4.876342935786873
18,0.6082445474651199,0.0,0.0,197,1.1106191493581719e-05,5.256537024574346
18,1.0525886740849053,0.0,0.0,200,8.937662379082667e-06,5.763887123224054
18,1.5885592485829956,0.0,0.0,200,6.6402163554357685e-06,6.346911693648266
18,2.215657114210597,0.0,0.0,200,4.35954001076766e-06,7.001365858716023
18,2.966950894459802,0.0,0.0,201,2.172145006085202e-06,7.77142133088943
18,3.6851430684995687,0.0,0.0,201,5.507266678250744e-07,8.512215245949019
18,4.698857459855793,0.0,0.0,201,-1.0311257128137186e-06,9.56972332799339
18,21.22091787153356,0.0,0.0,201,7.651113566709e-06,10.484949157979269
18,8.520649362166868,0.0,0.0,215,-1.883235025701424e-06,11.77857036136254
18,15.95599583247456,0.0,0.0,215,4.628378924564913e-06,13.473182262134877
18,10.339930641945674,0.0,0.0,215,-6.509256458286927e-07,15.313508835944853
18,13.17955463258689,0.0,0.0,215,2.020955868431429e-06,17.61093133927089
18,27.218913927754674,0.0,0.0,215,7.104526840606695e-06,21.012334153269105
18,29.167416448077354,0.0,0.0,215,6.241936478801335e-06,26.155554155422422
18,31.194829135430403,0.0,0.0,215,5.125442694264848e-06,31.599632796037323
18,34.75428650519454,0.0,0.0,215,3.037355629231797e-06,40.02769532809863
18,46.140277716361744,0.0,0.0,215,-8.88059386028317e-07,53.14254217554951
18,72.04609867179322,0.0,0.0,215,4.346962750645389e-06,80.31296123254751
19,0.0,64.338167603497,74.83476957156402,4,139.27213376591902,5.215589736984121
19,0.0,81.87198680780342,16.685851269005155,4,98.59553948536514,4.552839739365197
19,0.0,81.41119483530052,0.0,4,81.41122431873102,4.917443056603293
19,0.0,66.85390641887837,0.0,4,66.85389859686305,4.563117323773607
19,0.0,36.448692566849,23.99405534475848,4,60.45174618952308,4.750543477297603
19,0.0,38.241839313747235,14.751069263387032,4,52.9974437910262,4.597000121158533
19,0.0,36.11761785696485,11.930438765167727,24,48.0506840744658,4.605452002513589
19,0.0,34.342500341057885,10.944969071383026,24,45.28933671103085,4.911046125329529
19,0.0,31.728951387043896,9.49403792776939,24,41.22401755448097,4.798909660606773
19,0.0,36.35592014837842,0.0,4,36.35592007552644,4.485326144138778
19,0.0,34.48072457974154,0.0,4,34.48072457030999,4.615793402232841
19,0.0,30.85225408603758,0.0,4,30.852253956766962,4.4210587502480045
19,0.0,29.234465741082783,0.0,4,29.234464712495004,4.625740158941543
19,0.0,28.940313763926024,0.0,45,28.940312510595867,4.993641274329553
19,0.0,28.777708816758523,0.0,45,28.777707427098992,5.324674877255932
19,0.0,28.667577656973815,0.0,45,28.667576171407738,5.599723061929865
19,0.0,28.52691500737445,0.0,45,28.526913406681114,6.006960335063566
19,0.0,28.418642894865297,0.0,4,28.418641190942996,6.359623647634784
19,0.0,19.499658970925516,0.0,4,19.49965549652578,4.346122967268823
19,0.0,18.117496923266085,0.0,4,18.11749450455564,4.230396333495092
19,0.0,15.615129238827835,0.0,70,15.615128402664585,3.6776526729106678
19,0.0,15.39491262069777,0.0,70,15.394911931111146,3.9192765835801513
19,0.0,15.208865539520152,0.0,70,15.208864979298108,4.146392834018897
19,0.0,14.9839162150654,0.0,70,14.983915811931285,4.365475576201776
19,0.0,14.678124736192672,0.0,70,14.678124565027456,4.486407665700657
19,0.0,14.032628353365812,0.0,70,14.032628737741378,4.540602729368716
19,0.0,13.13974971632488,0.0,70,13.139751036448018,4.431497707537545
19,0.0,12.919893180185532,0.0,70,12.919894763543928,4.569844267782724
19,0.0,12.70328757630187,0.0,70,12.703289440631375,4.770049435512032
19,0.0,12.595449947988573,0.0,70,12.59545194697789,4.885724284949763
19,0.0,12.436122889876117,0.0,70,12.436125106106994,5.068602545705547
19,0.0,12.298967710894953,0.0,70,12.298970117352948,5.232070906240223
19,0.0,12.134527708219817,0.0,70,12.13453034311379,5.428667014037584
19,0.0,11.911515966259351,0.0,70,11.911518927735568,5.6847057967151695
19,0.0,8.154815414760165,2.2601058711072235,89,10.414938712758355,5.117586989301044
19,0.0,11.52765549203216,0.0,89,11.527659030922626,6.059703398225961
19,0.0,7.984984704076744,1.0463216697093338,89,9.031303327900318,4.8427373304262105
19,0.0,7.9446348630284245,0.6690015935367184,89,8.613633565934697,4.7556349478301865
19,0.0,7.855678141235653,0.0,89,7.855686375303314,4.59220602349153
19,0.0,7.52545366683702,0.0,89,7.525461959404694,4.53660203562319
19,0.0,6.939897906262446,0.0,89,6.939905998861235,4.416095749064894
19,0.0,6.761375978724712,0.0,89,6.761383931445515,4.514482040838821
19,0.0,6.730199604756989,0.0,89,6.73020752269926,4.544481226003466
19,0.0,6.625115488531392,0.0,89,6.625123290903868,4.6713848949153345
19,0.0,6.525945417229666,0.0,89,6.525953095627539,4.823935824813866
19,0.0,6.430103347115446,0.0,89,6.430110890722251,4.996544749133006
19,0.0,6.348799101282054,0.0,89,6.3488065315784965,5.158275982267435
19,0.0,6.265628794472039,0.0,89,6.265636088924186,5.3342677242758825
19,0.0,6.177007514044172,0.0,89,6.177014642088537,5.5289741553043115
19,0.0,6.100849785515228,0.0,89,6.100856768069232,5.698409929186589
19,0.0,5.977398512544105,0.0,89,5.9774052350574,5.968373218336632
19,0.0,4.072056346817939,0.0,131,4.0720560232348255,4.531171753436677
19,0.0,4.005789398574927,0.0,131,4.005788755607355,4.558401337834368
19,0.0,3.7467583015336996,0.0,131,3.7467564050049766,4.656471135694913
19,0.0,3.333114153174706,0.0,131,3.3331102912939023,4.443088441355881
19,0.0,3.206766380568994,0.0,160,3.206761957478264,4.500787965718851
19,0.0,3.0610289076463917,0.0,160,3.0610238637163434,4.580929592494032
19,0.0,2.8401317866874956,0.0,160,2.8401258929535516,4.585515698251502
19,0.0,2.5625993456355856,0.0,160,2.5625925925218276,4.505170888230166
19,0.0,2.4527015535863255,0.0,160,2.4526945336043084,4.539206340733996
19,0.0,2.381115851746475,0.0,160,2.381108696936522,4.582438505792911
19,0.0,2.1048356888947866,0.0,160,2.104828232335393,4.650369632632275
19,0.0,1.9382767561577654,0.0,160,1.9382693301573575,4.639402839508726
19,0.0,1.7266777675567404,0.0,160,1.7266706751464156,4.479219343989502
19,0.0,1.539886814197068,0.0,160,1.5398803058644646,4.541920747726131
19,0.0,1.2994114889302355,0.0,160,1.2994062087827984,4.42418384270097
19,0.0,1.2752641129404039,0.0,160,1.275258997787553,4.504815649721847
19,0.0,1.0948543108854971,0.0,160,1.0948505686363852,4.534121976296767
19,0.0,0.9495273631895575,0.0,160,0.9495250092929872,4.619604032609876
19,0.0,0.7218428721234558,0.0,160,0.7218432433516782,4.464355556792935
19,0.0,0.4722054441976209,0.0,160,0.4722096845593562,4.474716998837824
19,0.0,0.39862987766563635,0.0,160,0.39863543792615275,4.515521807051739
19,0.0,0.0,0.19728483490952328,202,0.1972796484854733,4.636505604798366
19,0.0,0.0,0.0,202,1.438277436349722e-05,4.499230794405975
19,0.07212082199247738,0.0,0.0,202,1.3957829086308493e-05,4.596341543959722
19,0.36109019787589625,0.0,0.0,202,1.2321968757333934e-05,4.962300559459603
19,0.6952075058551346,0.0,0.0,202,1.0581789730679247e-05,5.357933045103447
19,1.1478555040864535,0.0,0.0,202,8.436097342467974e-06,5.869457045065406
19,1.5244460717182051,0.0,0.0,202,6.848816795468338e-06,6.277997380206358
19,2.172569893053394,0.0,0.0,202,4.469430074038883e-06,6.955853467517139
19,2.6541326057317685,0.0,0.0,202,2.990559153204231e-06,7.449834191258674
19,3.3934731283849437,0.0,0.0,206,1.1404364030909164e-06,8.209209437794836
19,4.190594275982579,0.0,0.0,206,-3.3383222231009313e-07,9.038753324814929
19,5.224050470931601,0.0,0.0,206,-1.565713290574422e-06,10.108634930108849
19,18.049904802384305,0.0,0.0,206,6.166654344497147e-06,10.899556780539308
19,22.82506252864397,0.0,0.0,213,7.834730741507201e-06,12.176658723116201
19,15.707062681616456,0.0,0.0,213,4.3855660258884654e-06,13.8925079665116
19,24.94622036423082,0.0,0.0,208,7.695127781204292e-06,15.814284545985652
19,12.949290978628392,0.0,0.0,208,1.7852691236441842e-06,17.8150918081087
19,27.425442016269574,0.0,0.0,208,6.965408278603036e-06,21.60775558918117
19,28.793808126508512,0.0,0.0,208,6.359439385761334e-06,25.203437119453344
19,30.98450093647872,0.0,0.0,208,5.193524550861639e-06,31.078006299933296
19,34.011033855402786,0.0,0.0,208,3.4369818067148117e-06,38.4749157877608
19,45.14770327145752,0.0,0.0,220,-7.536638371163917e-07,52.14708067320569
19,71.12950253622014,0.0,0.0,220,4.049087095836512e-06,79.56017961016641
20,0.0,64.30991785396002,69.60479177492155,4,134.0172947248783,4.976104941588334
20,0.0,64.27970304704179,53.52666065439319,4,117.89694742957657,4.77064170087565
20,0.0,67.0059500167662,38.411187937880825,4,105.48897870638703,4.884099951151267
20,0.0,63.33418332719369,36.34137006201662,4,99.73679200814225,5.112663044496497
20,0.0,67.35353809477486,22.34460717741277,12,89.7370429311472,4.691084272663929
20,0.0,81.50943117283039,0.0,12,81.50945468531779,4.651784408373318
20,0.10028427138920996,7.413549755723922,2.5132575276962594,12,9.926830612675502,-7.9110369629077155
20,0.1603857949977261,7.41564641966095,2.4484573494357025,12,9.864124486361744,-7.86855133021762
20,0.011969232453974486,7.404060646879842,0.0,12,7.404067567995387,-8.190490935935326
20,0.0,7.389581898256635,0.0,12,7.389588770868137,-8.086200336209938
20,0.4376990786254537,7.425320596389453,2.1494640937880063,12,9.574794668517027,-7.352550547768832
20,0.0,7.371751147181281,0.0,12,7.371758022026288,-7.80562405012779
20,0.0,7.36565885292802,0.0,12,7.365665726032333,-7.671926412861538
20,0.0,7.359328729149113,0.0,12,7.359335606762606,-7.513018208428704
20,0.6388439837003829,7.432337610988526,1.932593956019797,12,9.364935186967461,-6.675020575322957
20,0.6753199342541052,7.433610088049057,1.8932663656994488,12,9.326879065194383,-6.527643791453826
20,0.7085054416660422,7.434767776780475,1.8574864608509827,12,9.292255959502956,-6.387453120932051
20,0.7494504938926967,7.436196160110031,1.8133403806208457,12,9.249537222071442,-6.206693170123049
20,0.7259577991050037,7.393665620461734,0.0,63,7.393675724967689,-6.653133961574696
20,0.7430893652668247,7.393665620461734,0.0,63,7.393675808368798,-6.587515544849595
20,0.0,7.3277390659554476,0.0,63,7.327745943964846,-6.42742403548149
20,0.86191738717325,7.393665620461734,0.0,63,7.393676341432489,-6.104287177879673
20,0.8919079788082818,7.393665620461734,0.0,63,7.393676478592138,-5.975141970428172
20,0.014206526649862732,7.315440091566843,0.0,63,7.315447023129298,-5.880891612639726
20,0.96554070115904,7.393665620461734,0.0,63,7.393676809684475,-5.647029070461112
20,0.0,7.309768124849611,0.0,101,7.3097750003771615,-5.606253396147444
20,1.0575055608118067,7.4469427753478605,1.4812019912440153,12,8.928139504419,-4.598116101526859
20,1.081308913404941,7.447773164129474,1.4555377252050854,12,8.903305311551884,-4.457405751038348
20,1.1109933652181139,7.448808717238118,1.4235325836783912,12,8.872335360164234,-4.278966301903363
20,1.3983428959528144,7.260489010716614,9.006697659636796,67,16.2673118442207,0.039108351945763786
20,1.4137772732737106,7.256053851679392,8.985710399967553,67,16.24188823162683,0.2144182722924839
20,1.4562756929909275,7.2438416809932935,8.92792216843779,67,16.17188455130949,0.6905686668093942
20,1.4985295137302872,7.231699797261089,8.870466536154268,67,16.102283809866897,1.1516449075946138
20,0.026217581946138623,7.537781420634077,0.0,128,7.5377883758870965,-3.7869250244941455
20,0.0,7.278600888121455,0.0,128,7.278607765684722,-3.8766234728763784
20,0.41686507395740524,7.536247030765372,0.0,128,7.536255744925812,-3.421951379568277
20,0.0,7.271527122152585,0.0,101,7.271534007996319,-3.43692134751052
20,0.0,7.268185418617391,0.0,101,7.268192295023429,-3.223875667288034
20,0.0,7.2651528603553155,0.0,101,7.265159740401771,-3.027726403336313
20,0.0,7.261122219718528,0.0,101,7.261129096618333,-2.763048910356261
20,0.0,7.256998793495037,0.0,101,7.257005670612553,-2.487813264861561
20,0.0,7.253356152104271,0.0,101,7.253363030877033,-2.241117552200567
20,0.0,7.248686833848813,0.0,101,7.248693712482783,-1.9203217003691933
20,0.0,7.245048569956378,0.0,101,7.245055457836699,-1.6670400094876605
20,0.0,7.240755477183167,0.0,101,7.240762352784717,-1.3647170995541593
20,0.0,7.238265940322168,0.0,101,7.238272817232733,-1.1878101494839086
20,0.0,7.231464531264639,0.0,101,7.231471406355926,-0.699153296965207
20,0.023645469451322176,7.582352533938563,0.0,166,7.58235947497726,-0.27788882979829665
20,0.0,7.22587816634313,0.0,166,7.2258850425678745,-0.2926947649691414
20,0.5722722728055685,7.582352533938563,0.0,166,7.582361959425848,0.5280272822045511
20,0.645887832149511,7.582352533938563,0.0,166,7.5823622955423495,0.7510946778199994
20,0.8027142252651498,7.582352533938563,0.0,166,7.582363009475907,1.3091538375486174
20,0.0035135780094092996,6.84921200066614,0.0,177,6.849218789089964,0.8511024193536763
20,0.20228749986030545,6.848511106995274,0.0,177,6.848518722222199,1.0964218595932547
20,0.3721298952726575,6.847912228335133,0.0,177,6.847920541360065,1.6438055667226052
20,0.0,6.896733071724418,0.0,24,6.896739878219673,1.959637345585124
20,0.0,6.911282288893286,0.0,24,6.911289098034391,2.7021273138729534
20,0.0,6.792308250734277,0.0,24,6.792314996740789,2.684135853955077
20,0.0,6.927504716693836,0.0,24,6.9275115364457704,3.6819222227411217
20,0.0,6.77538397902246,0.0,52,6.7753907149176165,3.8848044282847027
20,0.0,6.771601517560991,0.0,52,6.771608257248484,4.191184651349245
20,0.0,6.760855650364912,0.0,52,6.760862377533854,5.134345713381469
20,0.0,6.7591615512219105,0.0,52,6.759168277511069,5.292641188800848
20,0.0,6.752543690718689,0.0,52,6.7525504189016665,5.9354258769976855
20,0.0,3.690650114814329,2.109363095254531,193,5.799981925520374,5.281083015579133
20,0.0,3.515338904886688,2.1123394570422853,193,5.627643451692222,5.495821133079627
20,0.0,3.343033038340436,2.115264795343275,193,5.45825928516685,5.827431568733084
20,0.0,2.781545902197625,2.12479749354906,193,4.906292573134579,5.6336788771735264
20,0.0,4.033692393655583,0.0,193,4.033691795621721,4.438715827878253
20,0.0,3.6452624737424904,0.0,193,3.645260098990043,4.369003955649099
20,0.0,3.5162182061767315,0.0,52,3.5162152423925335,4.54057982113369
20,0.0,2.9445693312263614,0.0,52,2.9445639608428387,4.578721545205381
20,0.0,2.6517107273545877,0.0,84,2.6517043771126403,4.416459229679411
20,0.0,2.5120292584146315,0.0,84,2.5120225304893076,4.48921169287757
20,0.0,2.0019510134807224,0.0,84,2.001943701517689,4.635423334069426
20,0.0,1.7299639810605019,0.0,84,1.729956998310442,4.478059025648324
20,0.0,1.3013990338688373,0.0,84,1.3013938077109444,4.424017252988937
20,0.0,1.2986357863050442,0.0,84,1.2986305803789406,4.424511172733009
20,0.0,0.7254440605230992,0.0,84,0.7254443567529947,4.529752558858581
20,0.0,0.4722083953448572,0.0,84,0.4722125529526693,4.474718523238474
20,0.0,0.3954325999467212,0.0,212,0.39543812573235115,4.515549152693829
20,0.0,0.0,0.0,212,1.423643716336187e-05,4.499231257875369
20,0.8589889373893433,0.0,0.0,212,9.743579429510874e-06,5.5265216330331945
20,2.347670928771045,0.0,0.0,212,4.0225650579372996e-06,7.986688677193753
20,3.6875560096472473,0.0,0.0,212,7.397769756778416e-07,9.70971066100395
20,16.700059124881733,0.0,0.0,212,5.002779253970857e-06,12.36848418211336
20,25.16421743814295,0.0,0.0,212,7.299324146003983e-06,16.4128917018034
20,27.33803249043622,0.0,0.0,212,6.680849683249335e-06,21.521620446441222
20,31.531615725311557,0.0,0.0,224,4.653097512630211e-06,32.57865001932067
20,36.888816050991935,0.0,0.0,224,1.7817883772863752e-06,43.776898131384314
20,62.827930464143456,0.0,0.0,224,9.774198836964842e-07,70.47967992273902
21,2.17129978783853,9.507470245171676,0.2266081331155579,0,9.73408327461879,-288.6416910241902
21,2.050766531138912,9.495955704590852,0.258625864528446,0,9.754585019151502,-288.23824750029905
21,2.2361423556371722,9.513664654903282,0.20938374229806916,0,9.723054100577336,-287.913439507305
21,2.012046559533152,9.409118557698921,0.0,1,9.409130983808527,-287.6567922618695
21,2.0070322816020223,9.403427290572493,0.0,1,9.403439700146054,-287.3785659523767
21,1.9783435587425962,9.48903713889807,0.2778638685598727,1,9.766903634880855,-286.7998074080588
21,1.9537890802154285,9.34299560211818,0.0,1,9.343007774875097,-284.1330951502779
21,1.887918161009803,9.268231298620911,0.0,1,9.268243198511358,-279.362489668518
21,2.6035802984329837,9.54876599721415,0.11177973087855772,1,9.660556497454166,-273.6110591950978
21,2.608579345248633,9.549243556097071,0.11045181406417348,1,9.659706211966666,-273.31775679075656
21,1.8014305427565072,9.170066788123338,0.0,1,9.170078319949525,-271.7799092849466
21,1.7850358936739117,9.151458659763748,0.0,1,9.15147011542066,-270.1687740162734
21,1.779615410375022,9.145306344548668,0.0,1,9.145317780625973,-269.6237000114953
21,1.6874448100002963,9.21378112773456,0.2108506621659274,3,9.424635623548575,-268.4564596989745
21,1.5963417035859795,9.382729563779755,0.1600585384854657,3,9.542792962253909,-267.56006226728556
21,1.6488719462114665,9.380858850457638,0.37540455845941445,3,9.756262536756171,-265.97562481122867
21,1.6646100827581125,9.233925557566998,0.30572666678736493,3,9.539653300935166,-265.4328456958952
21,2.7461778984590928,9.562388344250875,0.07390095963506174,3,9.636302275161563,-264.44049696271304
21,1.6543170497909931,9.277576897225993,0.37506212764097757,3,9.652638284158295,-263.857607392866
21,1.9408089347774402,9.084573480177783,0.0,3,9.084585798080045,-263.1854663617539
21,1.796385101050529,9.056923904109864,0.0,3,9.056935488752215,-262.0929047686134
21,1.6346283974187126,9.260374919110587,0.4302975664810799,3,9.690670435142051,-259.55212719711534
21,1.6289450496751696,9.265388677261447,0.45391130712543915,3,9.719297398388184,-258.2067657632482
21,1.5702563532475269,9.2750439020876,0.4013977002271927,3,9.676440032399436,-256.4139148697046
21,1.5444525103113362,9.376744345033467,0.40615010265242746,3,9.782892587237981,-255.26198018180017
21,2.318481871824647,9.163568851708233,0.0,3,9.163583098203468,-254.24154308771918
21,1.9861239107052755,9.00282671169241,0.0,3,9.00283933694109,-251.31295665383894
21,1.6178174180548546,8.96166363318294,0.0,1,8.961674373678234,-250.44686674502012
21,1.5981024865436573,8.93928694342809,0.0,1,8.939297604431445,-247.71740406962985
21,1.5815852905546262,8.920539722822394,0.0,1,8.920550300977153,-245.36375143236555
21,1.5515722350528671,8.88647453567343,0.0,1,8.88648499016777,-240.93016525383936
21,1.5419815450805836,8.875588984591356,0.0,1,8.875599402829735,-239.47062434409236
21,1.5044988659173248,8.83304568271174,0.0,1,8.833055935705506,-233.5669658299635
21,1.6328447527298335,8.785698477452847,0.0,1,8.785709428131188,-228.65282759726594
21,1.5721948348830574,8.757044515470604,0.0,1,8.757055176235891,-224.5236538190809
21,1.401125356057818,8.715715477548091,0.0,1,8.715725292556632,-215.63542361118803
21,1.712811659525863,8.686477790608947,0.0,1,8.686489227861836,-208.7507297626459
21,1.3119247973636294,8.61447174628149,0.0,1,8.614481179373808,-198.22744205886497
21,1.2308761694789419,8.52248055675076,0.0,1,8.522489650243559,-180.89467074705652
21,1.1839715437207892,8.407966498250415,0.0,60,8.407975437436498,-158.97896888146093
21,0.9406167782479796,8.330878909261816,0.0,60,8.330886689180884,-133.72929559754496
21,0.6039446533860837,8.224231142020246,0.0,60,8.224237344291087,-80.83896387068404
21,0.0,2.416299670357544,2.5386094837491635,60,4.95485659606932,-4.6250156294606874
21,0.0,0.0,1.394570935436401,60,1.3944882321376113,-2.596291184694241
22,1.8819183365629752,12.612823359069298,0.0,2,12.61282747803663,-49.085448616243596
22,1.8892409035811506,12.578694088869586,0.0,2,12.578698235502921,-49.01512693941905
22,1.8802545133760875,12.498199204641356,0.0,2,12.498203349292941,-48.73273380981544
22,1.9165369505389738,12.451471741884546,0.0,2,12.45147601043131,-48.47263451070775
22,1.9021997324172764,12.422621124904651,0.0,21,12.422625357559008,-48.29588214066496
22,1.917649133746065,12.409283726579961,0.0,21,12.40928800458177,-48.20122770118395
22,1.955536781235716,12.376575491781674,0.0,21,12.376579902666379,-47.93340888007162
22,1.8890215873695242,12.352801594771234,0.0,21,12.352805800514073,-47.74069062683674
22,1.9314540175170356,12.331871833191784,0.0,21,12.331876176631607,-47.576437795255636
22,2.022497717458968,12.318768418251933,0.0,21,12.318773068643166,-47.338753645208165
22,1.870674792624039,12.290844937538475,0.0,8,12.290849092230973,-47.09366183514262
22,1.8395284678158523,12.282524163341375,0.0,8,12.282528222562952,-46.905116780462414
22,1.964612285799351,12.236513040218613,0.0,8,12.236517529983763,-46.607708884203355
22,1.8116730577772526,12.242411710236203,0.0,8,12.242415685914642,-46.28690468656189
22,1.8993760137177562,12.19768087453231,0.0,8,12.197685149103098,-46.04832641544431
22,1.902587267716544,12.187257155315104,0.0,8,12.187261447535999,-45.91949815447913
22,1.9786005370355857,12.162203660370459,0.0,2,12.162208213090748,-45.71222922623954
22,1.911378409053718,12.158721141367883,0.0,2,12.158725471982809,-45.55529202162835
22,1.9754052063361855,12.12669274714294,0.0,2,12.126697300042142,-45.23465588433571
22,1.9896898443324473,12.11051823856103,0.0,2,12.110522846140153,-45.02184251514175
22,1.8888463279805467,12.112144829659483,0.0,25,12.112149095155706,-44.78940159788776
22,1.8939114956217615,12.098661614236214,0.0,25,12.098665906231997,-44.6016314714767
22,1.9048455040655758,12.069555846820306,0.0,25,12.069560179643995,-44.185272060895315
22,1.9088390517960372,12.05892522841495,0.0,25,12.058929573515446,-44.02956389762081
22,1.897378968602219,12.05200465204889,0.0,25,12.052008959578451,-43.860064382006925
22,1.919174004477224,12.03141411658997,0.0,25,12.03141851056475,-43.61795109149855
22,1.9846209802258874,11.99259039372656,0.0,37,11.992595017550025,-43.19940079419123
22,1.9883156651763607,11.97866910339482,0.0,37,11.97867374078563,-42.97509479810765
22,2.0638965013883714,11.962239013630153,0.0,37,11.962243913968623,-42.80332341668903
22,1.996291258346662,11.948617678285514,0.0,37,11.948622349715837,-42.48110891262036
22,1.9992042716453087,11.937641666957271,0.0,37,11.93764635912224,-42.297475471652476
22,2.1013863624584395,11.901626946313522,0.0,83,11.901631996252945,-41.79240140450789
22,2.102518766543854,11.891382233494879,0.0,83,11.891387292374626,-41.61896557540243
22,1.9193820851897265,13.548196025671357,0.0,83,13.548200044429226,-40.271486358829584
22,1.1647840348368272,13.141210727518713,0.0,11,13.141212651543706,-40.33747743057632
22,1.1499227240410108,13.154566965649295,0.0,11,13.15456885020509,-39.89741883484995
22,2.2767662420748196,11.85831704416103,0.0,25,11.85832272012676,-40.45879186840129
22,2.1151856021497886,11.810070505959807,0.0,25,11.810075637525323,-40.19093038196825
22,2.0063618406891344,11.799324586449183,0.0,25,11.799329342928896,-39.733793928750735
22,2.0156576396174852,11.774579648401629,0.0,25,11.774584447424893,-39.28526426614732
22,2.0228237625440055,11.755503798200404,0.0,25,11.755508625745765,-38.936036862011136
22,2.0301754985671385,11.735933855494396,0.0,25,11.735938720443489,-38.57483785899119
22,2.039463813207674,11.711208840235592,0.0,25,11.711213746385592,-38.114535318862906
22,2.1296618724947964,11.697554164605979,0.0,37,11.697559386401318,-38.08886645142433
22,2.0703403141169603,11.669606499257217,0.0,37,11.669611526330636,-37.3951182332423
22,2.0881474924516743,11.660587190793,0.0,37,11.660592282841025,-37.2738763464697
22,2.0823481328588627,11.62436195657015,0.0,37,11.62436704545164,-36.51031961073359
22,2.089356433853129,11.618144474185438,0.0,0,11.618149598335082,-36.40835749713847
22,2.094629311819681,11.596059015435639,0.0,0,11.596064163599245,-35.96997187716129
22,2.2097172019180946,11.568761118179571,0.0,0,11.56876667764536,-35.55974461857556
22,2.1080344795778196,11.539911446416493,0.0,0,11.539916659966442,-34.84639951334356
22,2.1133758684925765,11.517539029438174,0.0,0,11.517544280493293,-34.39576454474542
22,2.1462093878789075,11.497595768272099,0.0,0,11.497601133235714,-34.08137470043534
22,2.1273862749640373,11.45885641699082,0.0,0,11.458861740405771,-33.208156686409566
22,2.135865392201826,11.423341619345624,0.0,0,11.423346982306981,-32.486766842390765
22,2.21617760821488,11.390684037419343,0.0,118,11.390689704576715,-31.955561791866295
22,2.16397485088519,11.379766869802008,0.0,25,11.37977235801848,-31.657171942997678
22,2.2313264933141905,11.355592130188828,0.0,25,11.355597866171758,-31.228778961278906
22,2.190110672642802,11.310194658182665,0.0,25,11.310200269797743,-30.25725354602939
22,2.199344113673678,11.289689092016026,0.0,25,11.289694749818725,-29.844629526790406
22,2.2232235295194913,11.222049938368182,0.0,25,11.222055718700004,-28.464015861962118
22,2.2244045296178157,11.218906176923639,0.0,25,11.218911959772592,-28.399591977977146
22,2.199869887649027,11.145208224295722,0.0,9,11.145213958413061,-26.841225483850963
22,2.210019830364741,11.100827025324936,0.0,9,11.100832816693071,-25.94990111801181
22,2.202477203146617,11.081721597069599,0.0,7,11.081727374281082,-25.54559228467454
22,2.210625542849715,11.036929670126234,0.0,7,11.036935500640281,-24.654397665426124
22,2.217171599429125,11.000945592540392,0.0,7,11.000951468254987,-23.942781831158378
22,2.2317506548543573,10.920803623832091,0.0,7,10.920809598513467,-22.370331129531394
22,2.16876915232263,10.83283856431274,0.0,127,10.832844361732917,-20.582738072394307
22,2.362275100706582,10.833287885550845,0.0,127,10.83329440108567,-20.062950871907816
22,1.984548312983541,10.832410803118277,0.0,127,10.8324159334794,-18.630608431783592
22,2.5630891582838053,10.833754176234585,0.0,127,10.833761429924834,-17.253992852628663
22,2.1548955236519767,10.511601287544835,0.0,133,10.511607240794676,-15.1523356181253
22,2.1489102987545077,10.464986191129201,0.0,133,10.46499215687084,-14.45775300031855
22,2.126139156422983,10.287636298107298,0.0,133,10.287642303997465,-12.054943775088514
22,2.0998015115982307,10.082509193629456,0.0,133,10.082515259575308,-9.63835860305107
22,1.542528936882639,9.2523009415672,0.0,139,9.252305723008524,-9.13244663502449
22,1.497764554677482,9.216734085107127,0.0,139,9.216738738651411,-9.03935560694919
22,1.2597699272085827,8.852067787691864,0.0,139,8.852071984060437,-6.667765392159659
22,1.1641851329327542,8.951693648340816,0.0,139,8.951697420250094,-3.9478721051524666
22,1.04837791416918,8.859680790709335,0.0,139,8.859684267430335,-0.3241272539120281
22,0.0,7.502233750118774,0.0,167,7.502235539173228,0.2179423979842543
22,0.0,6.903071065958827,0.0,167,6.903073312694394,2.4596911879914156
22,0.0,6.982768482426632,0.0,167,6.982770682627887,6.865583100571589
22,0.0,6.696260039835028,0.0,167,6.696262350281895,10.727399040805484
22,0.0,4.070701903503421,0.0,167,4.070699441904086,4.5084833891797285
22,0.0,3.311080517011539,0.0,167,3.311075185099721,4.398260059062769
22,0.0,1.7547970785349476,0.0,167,1.7547899019345614,4.485331700635404
22,0.0,1.286060934409411,0.0,167,1.28605623084432,4.452306716687524
22,0.0,0.0,0.0,167,1.7030971996234712e-05,4.499230916707596
22,46.76121284321958,0.0,0.0,167,-8.900022692159837e-07,43.53651932533444
22,84.85351857670234,0.4209395033123786,0.0,167,0.42068680400352676,92.92344538070765
22,3.39993595950779,1.5365548395384452,0.0,167,1.5365414015370753,258.1292313001656
23,0.35853603603984535,8.062680421713797,0.0,0,8.06268184575215,-37.322805478822914
23,0.4011827126256546,8.094524661922858,0.0,0,8.09452613902591,-37.15733115834924
23,0.3383237170321501,8.042882163199321,0.0,2,8.042883570372316,-37.066939400758905
23,0.32614126981944763,8.033765134147107,0.0,2,8.033766525704571,-36.766835029024364
23,0.4273620927858077,8.10951618543925,0.0,2,8.109517711267847,-36.63398061670349
23,0.33627946253730273,7.96988536000239,5.256001441573011,3,13.225895025301615,-35.22673691013144
23,0.3175856476095623,7.985620029495076,5.420599287419812,3,13.40622619306366,-35.1309071601641
23,0.3511444018046067,7.957373472658691,5.125116601239487,3,13.082499201864348,-34.937645110761686
23,23.998004906367264,99.99999989187499,95.83329402252386,3,195.69451016946454,15.826478443375702
23,0.36445614950694727,7.946168913756403,5.007907513381774,3,12.954086258446518,-34.39767954975083
23,0.3662629783429735,7.94464809766431,4.991998500942452,3,12.93665652349045,-34.303630344887665
23,0.4606347764931996,8.13441660312291,0.0,3,8.13441817122599,-35.421675101464274
23,0.37425114087038125,7.937924424743162,4.921663240356646,3,12.859597950369322,-33.82775125910701
23,0.2876650939234774,68.93200258026602,56.37370779107083,3,125.41868299057303,5.840211180544383
23,0.4677420047018096,8.144224433504203,0.0,3,8.144226004496577,-35.032559762986196
23,0.38575107766390054,7.928244875366416,4.820407031770844,3,12.748662653582317,-32.969002970589
23,0.001789488790476578,81.8846952717853,25.632005407032928,3,107.58729157387026,4.670025330433271
23,0.36696375649953145,7.925558907101178,0.0,3,7.925560563993486,-34.44627059228178
23,0.3314333899957836,7.91536065568264,0.0,3,7.915362235903018,-34.353236767157284
23,0.40398863801371987,8.197046909897796,0.0,3,8.197048231375522,-33.97668022774693
23,0.3972346434008141,7.918579105582865,4.719294969292297,3,12.637885189856227,-31.904335710317262
23,0.25258088809066864,8.040334832783486,5.992962040980706,3,14.033297424558416,-31.02344609910189
23,0.4020596953526199,7.914517837294924,4.676810695192225,3,12.591339787385062,-31.394560328710753
23,0.35845373779176437,7.90254640694687,0.0,33,7.902548077741722,-33.31408784051121
23,0.18771102578212498,69.33234380214108,10.448375786118836,33,79.79997050976202,4.7374140654790065
23,0.4574572774501625,7.98208975330601,0.0,33,7.982091544005856,-32.9897854820551
23,0.0,31.401971713366766,41.93873434341119,33,73.36310770913083,4.480602956800368
23,0.4141078763279591,7.904376828283771,4.57072723161998,3,12.475115590357584,-29.958643624945353
23,0.41737089414876327,7.901630331265504,4.541996568224618,3,12.44363849173376,-29.529407442023086
23,0.41990570168154545,7.899496772176037,4.519677749880426,3,12.41918615031436,-29.1840244735653
23,3.973696201843186,10.898006179905737,7.362169484659227,3,18.259893319871978,-25.303181981548285
23,0.36214337510775657,7.879548613757743,0.0,3,7.879550322879503,-31.62193690012174
23,0.31312845371092274,7.865351670814869,0.0,3,7.865353286622772,-31.439779462724132
23,0.21870826887199282,8.06884557124525,6.29120828863717,3,14.360050136250011,-26.724513149823245
23,0.32916174989077834,7.858916755335931,0.0,3,7.858918412655633,-30.86252901641165
23,0.4334810944725169,7.888070301997264,4.400147283865045,3,12.288229385346689,-27.15548375990639
23,0.24759060282005876,8.093120832739295,0.0,3,8.093121941531349,-30.179375091344497
23,0.20687977447650835,8.07880166905773,6.39535742591244,3,14.474153720601453,-24.901234570657657
23,0.4390251775234324,7.883403821945796,4.351331986885599,3,12.234747642494995,-26.239794726162934
23,0.42999966539049095,8.287771714456769,0.0,3,8.287772968534176,-29.136074372322824
23,0.357058760767553,7.848154762536972,0.0,3,7.848156509686694,-29.215924549309634
23,0.2967894441391214,7.832681884760221,0.0,3,7.832683506632714,-29.030759829516313
23,3.9332701288073078,10.873462916407979,0.0,3,10.873471826086597,-25.66194926025871
23,0.1867469994962413,8.095747517805544,6.5726252230677895,3,14.668364387875897,-21.433924316886
23,0.5826467913953859,8.230023748282665,0.0,3,8.230025476184622,-27.51296670295779
23,0.18166309324879787,8.100026664937603,6.617388692699369,3,14.717406224376267,-20.488049617409246
23,3.744726762639166,10.615093023422931,0.0,82,10.61510155426797,-24.0497764986795
23,0.39484047239834347,7.843445735559798,0.0,82,7.843447577434729,-26.6747638600527
23,3.746864083705946,10.558169055933396,0.0,82,10.558177658071575,-23.16254562119996
23,3.7474634152602624,10.542206863615347,0.0,82,10.542215487234945,-22.886454224735772
23,0.18929997157753342,8.044630172142035,0.0,82,8.044631213207548,-25.336823451206634
23,0.17289478690052443,7.9190794217834535,0.0,82,7.919080623217074,-24.859959011412087
23,3.7508361303414763,10.452380245322706,0.0,82,10.45238897742015,-21.097326276947122
23,0.1648960108857636,7.913093344270827,0.0,2,7.913094541022867,-23.83369367190246
23,3.3881197650925627,10.325270807124747,0.0,2,10.325278414558943,-19.744420104886665
23,3.3691469716419697,10.297616166474846,0.0,71,10.29762373739702,-19.130856635334943
23,0.176570261143065,8.08643837878185,0.0,71,8.086439321181404,-21.84657825361988
23,0.6256180158994075,8.397448735295876,0.0,71,8.397450323918266,-20.365412782609447
23,3.270570952563931,10.2163584004501,0.0,123,10.21636571932474,-17.139621314743934
23,3.3291868206755955,10.18841105777215,0.0,123,10.188418616388997,-16.406324331169166
23,0.3840641683837017,8.395180200167697,0.0,123,8.395181161976309,-18.35016875511092
23,0.1896702027248523,7.745871280157929,0.0,123,7.745872777373,-18.83740266726955
23,3.081426394492755,10.097021786467707,0.0,123,10.09702859851182,-13.540588206357862
23,0.26278227214825806,8.318660045521453,0.0,123,8.3186608258196,-15.24470714552452
23,0.2475220924972616,8.309031969583748,0.0,123,8.309032732783333,-14.365256021646706
23,2.8922543838074417,9.977667851860025,0.0,123,9.977674160672274,-9.248710811786337
23,0.6380629470057977,8.555435163384868,0.0,123,8.555436534692282,-11.65264785515034
23,0.790592190038232,8.381348214872204,0.0,2,8.381350265414387,-10.876125504561626
23,0.07079196529032675,7.842668305471573,0.0,2,7.842669381384498,-9.338521287044633
23,0.10663002851243122,7.700221312331427,0.0,33,7.70022268426451,-9.296309239180404
23,0.09598518860698818,7.691668828344918,0.0,33,7.691670189667775,-7.790115462222593
23,0.18404290506558776,7.616826942200962,0.0,177,7.616828616607608,-6.05173589547808
23,0.1542086901405106,7.581429229149437,0.0,177,7.581430877446197,-2.1283876726090245
23,0.20138200233622253,7.581962285332308,0.0,177,7.581964041890124,-1.3792978446624158
23,0.0,7.770588267551615,0.0,194,7.770589294368316,3.4346074878152333
23,0.0,6.846042613189207,0.0,194,6.846044731399852,1.669113317867474
23,0.0,6.765358814177547,0.0,194,6.7653609906355605,4.658946450061796
23,0.0,4.075907214646836,1.1849972751729547,194,5.260893458493495,5.307578347123588
23,0.0,4.075531347559619,0.7754702494653691,194,4.850990875143282,5.0344391368313754
23,0.0,3.3115444748410883,0.0,194,3.3115394463073677,4.4019520032980495
23,0.0,3.2088650891823276,0.0,193,3.208859682321112,4.443307631143034
23,0.0,1.71068923914946,0.0,193,1.7106822607543215,4.4923271044609905
23,0.0,1.2823118036350944,0.0,205,1.2823071074392693,4.467920041552887
23,0.0,0.4766113900535829,0.0,205,0.47661708835931904,4.474808590431328
23,0.43977257186641705,0.011193371481445308,0.0,241,0.011207235976545604,7.174323823765697
23,62.93773813846349,0.0,0.0,241,9.395714251070331e-07,22.628612393780937
23,88.64860525937237,0.0,0.0,241,-1.1436922793706117e-05,53.50222404050055
23,3.1597071465226265,1.2088170672128522,0.0,241,1.208804525961586,208.91211937510658
24,1.379061199955,5.662422746848891,0.0,9,5.662426911481617,-156.29821217495927
24,1.3812001160839267,5.629064462734579,0.0,9,5.629068573739032,-156.18463963476339
24,1.243103025646028,5.672025855110417,0.0,9,5.672029788687704,-156.03855175193024
24,1.3873347769765967,5.599975651563834,0.0,12,5.599979717778599,-155.94258739934773
24,1.2719985734674957,5.607519754080648,0.0,12,5.60752361918888,-155.83742257016027
24,1.2126109931032132,5.611404275860128,0.0,12,5.611408045829979,-155.63894853620062
24,1.398649144261221,5.567047940260668,0.0,12,5.567051961695439,-155.51248584333283
24,1.4018615066080864,5.55958550883988,0.0,12,5.559589518527908,-155.39265330826322
24,1.1342625112605216,5.61652902386704,0.0,12,5.616532656745168,-155.22699421755783
24,1.667580152734301,5.642626712579102,0.0,12,5.642631379088247,-155.0967531637558
24,1.0983371130681592,5.620120906380972,0.0,11,5.620124482758234,-154.99248289496913
24,1.0870501701661226,5.620859798738775,0.0,11,5.620863360273711,-154.90768396718235
24,1.4198828540831145,5.524240414376051,0.0,11,5.5242443800848005,-154.71745222767422
24,1.4210985568850323,5.522180764833945,0.0,11,5.522184729676912,-154.6727808888319
24,1.0237208604418897,5.6250056107080875,0.0,11,5.625009060535797,-154.3658414062749
24,1.4335142000128565,5.501943399102937,0.0,36,5.501947339431821,-154.2039074655834
24,1.4399114356717626,5.492276343597776,0.0,36,5.492280270506642,-153.96121477119112
24,1.2967993956787252,5.501726393131119,0.14215411932759267,36,5.643881019128388,-153.78365262894576
24,1.3207145830569078,5.496146966520571,0.13725481481144375,36,5.633402390000509,-153.72486574391698
24,1.5110425726656793,5.4825948344755755,0.0,36,5.482598872372936,-153.64576424047598
24,1.4520203675008967,5.475023592892569,0.0,36,5.475027496615764,-153.49914501961166
24,1.456361364370616,5.469129419992766,0.0,36,5.469133327797934,-153.33302361083707
24,0.9783400040160012,5.576023147579424,0.20739423269616253,36,5.783416743053639,-152.96106848087433
24,0.9595456746257472,5.580407875153128,0.21124446984478146,36,5.791651646915225,-152.8131039491314
24,1.4693105913440865,5.452198766097736,0.0,36,5.4522026583166685,-152.83328785376088
24,1.4738117939112803,5.446521859503548,0.0,36,5.44652574351503,-152.6584290576233
24,1.5477451005471683,5.4431806196272445,0.09074497058340374,36,5.533927299128186,-152.39288073057688
24,1.4835020961342333,5.434530515259553,0.0,36,5.434534383098999,-152.27744426582174
24,1.4890339403987964,5.427918557192147,0.0,36,5.427922420492719,-152.06077556736525
24,1.6109685556002555,5.428430552151051,0.07779290987110883,36,5.506225515592112,-151.78222719552875
24,0.8224117476078677,5.612401297136957,0.23933795108460904,36,5.851738200319192,-151.36159718334372
24,1.5020352573735896,5.412720720070789,0.0,93,5.412724569126704,-151.54561674068918
24,1.5076137710631283,5.406493831409592,0.0,93,5.40649766539377,-151.3278487354643
24,1.5751879168395562,5.401472328326191,0.0,93,5.401476273859666,-151.0887763115906
24,1.6435358977920107,5.396393320768589,0.0,93,5.396397368612947,-150.72215962505422
24,1.5244391792370962,5.387624702001603,0.0,112,5.387628524682912,-150.64522588823968
24,1.59200244257372,5.382458841188867,0.0,112,5.382462764296772,-150.39212660304685
24,1.6603394164645253,5.377233822768359,0.0,112,5.377237844256504,-150.011424831648
24,1.7700581817958188,5.391314853251385,0.04520154808218031,36,5.436519400696213,-149.80967022877022
24,1.5474219783631422,5.362961247381857,0.0,36,5.362965046545714,-149.70431916136138
24,1.800269399485049,5.384266559242778,0.039012428468664956,36,5.423282189451207,-149.36705485238994
24,1.8347713069042808,5.376217244916888,0.031944311118725116,36,5.408164974290258,-148.83592079641832
24,1.5678787337285476,5.341702317329411,0.0,163,5.341706092062212,-148.85236489875152
24,1.5744408467312392,5.335021034870207,0.0,163,5.3350248086322445,-148.57728564757278
24,1.5850103456113929,5.324292925013388,0.0,163,5.324296685002251,-148.12862581910503
24,1.6525258092299335,5.318535942904327,0.0,163,5.318539797410747,-147.82404072698222
24,1.5986582331954733,5.3105886780547475,0.0,172,5.310592424789295,-147.54350388618582
24,1.666161232332904,5.304687341080587,0.0,172,5.304691184208005,-147.22725210697376
24,1.6148968861576116,5.294470647811054,0.0,185,5.29447437081677,-146.83902831648055
24,1.7300135540632149,5.28410213330858,0.0,185,5.284106016038113,-146.20237160716115
24,1.6348751608241976,5.27488412546734,0.0,193,5.274887824476005,-145.9608198628663
24,1.702341619448707,5.268578760188636,0.0,193,5.268582555638712,-145.61310577741978
24,1.7705806800541328,5.262201188100741,0.0,193,5.262205073450128,-145.13797852867964
24,1.6685177840868295,5.241900644133107,0.0,27,5.2419043032598225,-144.43219042293802
24,1.9209941370957124,5.260554370478552,0.0,27,5.26055849464584,-144.14063468017017
24,1.7073305735035456,5.2146787820054,0.0,27,5.214682419911931,-143.12717370657748
24,1.699400589641949,5.212533704443699,0.0,27,5.212537328903927,-143.02473651543968
24,1.713645967486301,5.198872705766967,0.0,27,5.198876309179463,-142.35679217051583
24,1.731209128397272,5.182088643171774,0.0,27,5.1820922190011665,-141.5257397743744
24,1.7388474559497644,5.174672848516752,0.0,27,5.174676412709378,-141.15511838769888
24,1.7910604472951022,5.155953729913616,0.0,27,5.155957312070809,-140.1928602006335
24,1.7715297650688768,5.1433248028531215,0.0,27,5.143328316337804,-139.56735619175927
24,1.997209072404664,5.139709593890454,0.0,27,5.1397134480766,-138.57075999523997
24,1.8088954727974351,5.107141305909583,0.0,27,5.107144760106637,-137.6976709719884
24,1.887282481560414,5.088467136195883,0.0,27,5.088470647603074,-136.65957488459946
24,2.289830310176072,5.1366107472044344,0.0,226,5.136615055548615,-135.13104415478438
24,2.1150056601624536,5.060426523388413,0.0,226,5.0604302806476955,-134.12963005645128
24,2.427045949435207,5.121783349420938,0.0,226,5.121787833075487,-132.32209268538747
24,1.6671609598654653,5.006319727614715,0.0,226,5.006322614462844,-131.25948159435953
24,2.569126387262165,5.106430265907366,0.0,226,5.1064349123714425,-129.05445806958363
24,2.477494907536652,4.9820500293891445,0.0,282,4.982054026993632,-126.40521705701995
24,1.2381481926261102,5.018018361143206,0.0,282,5.0180206865757295,-124.62995962810867
24,2.7241676697579846,4.948113627657627,0.0,282,4.9481178480781285,-120.6619289464963
24,2.1786140866940684,4.711196333921349,0.0,301,4.711198734760462,-116.25752456802435
24,2.2184833605009358,4.70183070526648,0.0,301,4.70183312226316,-115.73366344234582
24,2.284861512944838,4.576243859452195,0.0,310,4.576245748691726,-109.0376523103393
24,2.4535868232551414,4.529438050357269,0.0,310,4.5294399008172235,-106.29382965795057
24,2.4817037157811974,4.284767893474136,0.0,321,4.284768456148431,-94.17965607957387
24,2.6438021596380588,4.21856284379118,0.0,321,4.218563187008584,-90.7605991861675
24,3.0732038318948702,4.043184485003169,0.0,321,4.04318412314996,-80.34637435368461
24,3.7319436997157602,3.7741386839482445,0.0,321,3.774136948057137,-62.520171381410236
24,4.623487560856118,3.4100099223331544,0.0,321,3.4100058609081856,-39.36588983386862
24,3.0897063849165125,1.8997167600756704,0.0,321,1.8997040496144457,-14.626528711227273
24,63.556638469129176,0.004678545365888881,0.0,321,0.00467816477966565,24.335132077964516
25,0.0,5.697480801139204,0.0,0,5.697482159507498,-114.5380745487468
25,0.0,5.748389314494412,0.0,0,5.748390721514481,-114.4160683021282
25,0.0,5.6687895766699805,0.0,0,5.66879091221551,-114.2624019047629
25,0.0,5.660293299347704,0.0,0,5.660294625993416,-114.13432934623836
25,0.0,5.778265702338879,0.0,4,5.778267140593572,-113.9703019062251
25,0.0,5.786058220672883,0.0,4,5.7860596677872405,-113.80767499596718
25,0.0,5.792339585609193,0.0,4,5.792341028461914,-113.66250870484882
25,0.0,5.811132957320256,0.0,4,5.811134413118246,-113.15278705519512
25,0.0,5.614499230498378,0.0,4,5.614500508703939,-113.0887299516191
25,0.0,5.60737099227632,0.0,4,5.607372256679032,-112.8732717573894
25,0.0,5.595866446488983,0.0,4,5.59586770368751,-112.49634448474602
25,0.056300178928466935,5.746464524801136,0.0,4,5.746466001187153,-112.32906731591683
25,0.0,5.590239012294893,0.0,4,5.590240259123592,-112.29897542530713
25,0.0,5.5771354585474535,0.0,4,5.577136696638725,-111.80675263580552
25,0.05909091589562064,5.799864439877806,0.0,4,5.799865958447933,-111.36764282644708
25,0.0,5.864987604408244,0.0,4,5.864989104084371,-111.05992307810475
25,0.0,5.645641055834827,5.454789626725212,19,11.100445562533036,-107.55797850382513
25,0.07528631261226222,5.654796491525844,0.0,19,5.654797898500679,-110.89437016245367
25,0.0020395649006595,82.36283363219258,94.82606580677206,19,177.21616760386095,8.113694648792151
25,0.0,5.829077798281044,5.632025272767879,19,11.461116143630479,-106.40831281956687
25,0.37212192391724414,64.86006820435657,94.95533499850038,35,159.87462833785867,6.139527715974337
25,0.32558383610881686,64.78720348509157,89.57372309589383,35,154.4470889687277,5.9672953268151065
25,0.0,5.534002603988711,0.0,35,5.534003783221898,-109.8729057688413
25,0.0006363163011943035,5.895162642875336,0.0,35,5.895164159875824,-109.45696471233197
25,0.20023705621967947,64.59094793705547,75.07876306698967,35,139.7855478833885,5.539573968221815
25,0.057669911263267745,5.576246482398492,0.0,35,5.576247778291567,-109.3280788696997
25,0.12801286841096954,64.47786647160103,66.72683957654793,35,131.32098174830648,5.321505817677911
25,0.08901824148732897,64.41681255474627,62.21754496921847,35,126.74809631134673,5.213911244446658
25,0.05582513989010531,64.36484209048112,58.37913219696658,35,122.85437347217072,5.12851314768942
25,0.02184080953830415,64.31163279875675,54.449222625343666,35,118.86681503224936,5.047420593530733
25,0.0,5.500373450967118,0.0,1,5.500374586591713,-108.04604665342261
25,0.0,5.497123847638936,0.0,1,5.497124980874306,-107.85533266603282
25,0.0,5.4898837848489395,0.0,1,5.489884916255155,-107.42165686669024
25,0.0,5.489074889861875,0.0,1,5.489076016692728,-107.37245658578787
25,0.0,5.479726386833579,0.0,1,5.479727500185936,-106.79309237298777
25,0.0,5.4780762362262605,0.0,3,5.478077348643389,-106.6887826281899
25,0.1673434192663154,5.654796491525844,0.0,3,5.654797997727133,-105.86381910944519
25,0.0,5.95731505818541,0.0,3,5.957316606980688,-105.26985667408576
25,0.16787771578970767,5.626466147609106,0.0,3,5.626467620509189,-105.10938261924521
25,0.18743832994894544,5.799865388269527,0.0,3,5.799867060045321,-104.83373155682284
25,0.20567935425382483,5.7464656085739545,0.0,3,5.746467259893093,-104.27190179482015
25,0.0,5.441696607435056,0.0,7,5.441697665463861,-104.23798580295905
25,0.0,5.43806977217837,0.0,7,5.438070834764067,-103.97823505064092
25,0.0,5.990069127291867,0.0,7,5.9900706896846945,-102.55013617564391
25,0.3335977666946266,5.642478342573217,27.167401247687618,7,32.81142656992738,-57.82508624475851
25,0.0,6.003292694695131,0.0,7,6.003294270240261,-101.35486865189849
25,0.0,6.164997186760784,24.385027035870472,7,30.550787947503714,-56.009333303796
25,0.20704908658543997,5.576247940577077,0.0,7,5.5762493971527824,-100.76690172577827
25,0.0,5.389891961315915,0.0,7,5.389892947091189,-100.2786207895567
25,0.0,5.382075094162481,0.0,7,5.382076071747084,-99.63660795403753
25,0.0,5.370836188728504,0.0,7,5.370837149809409,-98.6941990920083
25,0.0,5.3553214580630035,0.0,7,5.355322389095585,-97.35687983723305
25,0.0,5.348661029999627,0.0,7,5.348661951211392,-96.77021007654722
25,0.0,5.338806426796597,0.0,7,5.338807334771769,-95.88875398085042
25,0.3330298538272786,5.654796491525844,0.0,7,5.654798194342513,-93.65832420853486
25,0.0,5.3083214534653065,0.0,7,5.3083223120769745,-93.06500051167158
25,0.30126206032924824,5.53184381284609,0.0,7,5.5318453138515284,-91.73720554075564
25,0.0,5.287012871924526,0.0,7,5.287013689336309,-91.00958016519077
25,0.0,5.2646375363177205,0.0,7,5.264638323418454,-88.78472865859173
25,0.0,5.2491363572967025,0.0,105,5.249137119059473,-87.20622977449639
25,0.0,5.228583730008266,0.0,105,5.228584453055653,-85.0699281720528
25,0.0,5.19749546583249,0.0,105,5.197496127091551,-81.75323101349288
25,0.0,5.150978255883543,0.0,105,5.150978828114118,-76.62756471814089
25,0.0,5.122284037489378,0.0,105,5.122284556252822,-73.38710272183523
25,0.0,5.069815979470216,0.0,105,5.06981638867974,-67.35076836208846
25,0.0,5.006693958122799,0.0,105,5.006694239113026,-59.98303188166118
25,0.0,4.983596469139374,0.0,105,4.983596699390729,-57.280070033673766
25,0.0,4.906330902240498,0.0,3,4.906330958128301,-48.30859067878133
25,0.0,4.771725397105244,0.0,3,4.771725116784202,-33.42472138643459
25,0.0,4.6388949285756444,0.0,3,4.638894298880706,-20.46201733260508
25,4.814760609135111,3.7558785635618195,0.0,3,3.755875690214083,-0.6083338433111312
25,0.0,1.3010518670521867,0.0,3,1.3010469189070193,4.423963813516755
25,33.17813605856562,0.0,0.0,3,4.185714345794622e-06,29.015729596103633
26,0.2588192326965897,6.304056736683994,0.0,11,6.304058629589575,-21.919322059834084
26,0.20363759107666865,6.332085599956145,0.12156466123293887,11,6.453650676381043,-21.799055865080962
26,0.20677642792690776,6.350101102127404,0.11920494488965377,11,6.469306488285335,-21.687512114667012
26,0.2605307355111283,6.271312370806164,0.0,12,6.271314264891831,-21.586792090870706
26,0.20685968442822047,6.271514518452509,0.0,12,6.271516332606373,-21.51563452402856
26,0.2627703153351883,6.260060829491556,0.0,18,6.260062719152762,-21.40186919460167
26,0.17391163027100653,6.260405948631148,0.0,18,6.260407711597926,-21.20065335330676
26,0.26767724294660106,6.243033562783042,0.0,26,6.24303546376461,-21.057259273369237
26,0.22394269713996068,6.24321174846862,0.0,26,6.243213579489074,-21.012494363149454
26,0.270484052399224,6.235273572731078,0.0,39,6.235275475923869,-20.875475265268033
26,0.2737777575048064,6.226961613114732,0.0,39,6.226963519172484,-20.66439062251712
26,0.22010680192713256,6.227187700253661,0.0,39,6.227189519875484,-20.59714288576348
26,0.27614427366812966,6.22178066186731,0.0,39,6.221782570979347,-20.5245361715719
26,0.27525145756750935,6.216336870271016,0.0,39,6.216338777948728,-20.370661378306078
26,0.23636162534678823,6.2137417920463305,0.0,39,6.213743633978684,-20.247646980445406
26,0.12258212001853178,6.227598519775513,0.0,39,6.227600193670334,-20.080836005212173
26,0.26502573712905453,6.204382377849405,0.0,61,6.2043842646910345,-20.00107256640823
26,0.2878010799146306,6.199285228561751,0.0,61,6.199287149820419,-19.848181748289473
26,0.19680586980642054,6.199700049347149,0.0,61,6.199701826622489,-19.654651117880082
26,0.29332369382746615,6.1900927763269635,0.0,61,6.1900947070196075,-19.541801980300942
26,0.24027059747133284,6.18935355976107,0.0,61,6.18935540750531,-19.445856582312846
26,0.13660567201117696,6.199974484598201,0.0,61,6.199976171057337,-19.29205255183202
26,0.3024491856141824,6.176437652630417,0.0,77,6.176439587084312,-19.057773730340248
26,0.24877841607914936,6.176704271332682,0.0,77,6.1767061290934695,-18.99813485515148
26,0.3068322500543542,6.170005027464385,0.0,77,6.17000697164479,-18.818675590755017
26,0.3091551274425971,6.1667908507496785,0.0,77,6.166792807488344,-18.696718910312075
26,0.14890334235591096,6.177200417797049,0.0,77,6.177202120146612,-18.508724164303093
26,0.1163089343097622,6.177362336078632,0.0,77,6.177363985869576,-18.243197986703
26,0.31807309370561115,6.1550022337612935,0.0,95,6.155004189201161,-18.236142564603885
26,0.2913332791445052,6.1514796816241635,0.0,95,6.151481602567852,-18.07382875057456
26,0.32599845708662345,6.1451400518531845,0.0,95,6.145142011804227,-17.83607137954701
26,0.1645274701739778,6.155808017153413,0.0,95,6.155809738303965,-17.705194491402633
26,0.13193310877096542,6.155979067258857,0.0,95,6.155980741994808,-17.450150144437977
26,0.33194281082331684,6.133926867866543,0.0,95,6.13392884028219,-17.366439631974487
26,0.0865890496715044,6.156217025781628,0.0,95,6.156218636804928,-17.018967914742817
26,0.8585520603219141,6.545634708917428,0.0,120,6.545637672188247,-16.67186751591448
26,0.34721661284859623,6.120244800544015,0.0,122,6.1202467851030224,-16.7758929066412
26,0.24202850780966648,6.120901619364595,0.0,122,6.120903444777284,-16.545536205616376
26,0.00732501494061762,6.162356433675691,0.0,122,6.162357928814028,-16.341467134343567
26,0.17453799702111825,6.121323045700588,0.0,122,6.121324777574179,-16.13431280564523
26,0.0,6.152898511979125,0.0,98,6.152899993617163,-15.80870008513239
26,0.0,6.1493509826917965,0.0,98,6.149352457861328,-15.64152747482429
26,0.278273187548128,6.096591219018486,0.0,98,6.096593094167227,-15.522913404882804
26,0.3779374119085945,6.086721798915264,0.0,98,6.086723820118932,-15.2645838025161
26,0.0,6.134079706183853,0.0,98,6.134081183480747,-14.89648063666731
26,0.0,6.497327201880636,0.0,98,6.497328654484331,-14.428807900931847
26,0.10460067781299776,6.102258590588976,0.0,138,6.102260207768074,-14.477515415582651
26,0.07451113393967249,6.102473740731338,0.0,138,6.102475308781887,-14.153920924184838
26,0.058859890863131786,6.1025856522707835,0.0,138,6.102587205682369,-13.976819550271351
26,0.03710437827736733,6.102741211346378,0.0,138,6.102742730294439,-13.722143914660059
26,0.0,6.5199903572504425,0.0,130,6.519991802912507,-12.958541584536107
26,0.0,6.099470172081116,0.0,130,6.0994716445335335,-13.07656608874792
26,0.0,6.0886851758441,0.0,79,6.088686636437119,-12.479132282256646
26,0.0,6.086944303274408,0.0,79,6.086945774382446,-12.38159062481348
26,0.4383435314190159,6.020003428391047,0.0,79,6.020005504260325,-12.131834120066056
26,0.0,6.5498251427672844,0.0,79,6.549826572221864,-10.83135789215159
26,0.0,6.065137140022353,0.0,71,6.065138604442547,-11.13787322673873
26,0.4604239854838677,5.99357287404134,0.0,71,5.993574959609976,-10.89175094965406
26,0.0,6.054288133004571,0.0,71,6.054289589853219,-10.506965643461953
26,0.4745734995141124,5.975436728230294,0.0,71,5.975438830504425,-10.051341202960153
26,0.0,6.038525503557718,0.0,71,6.038526958099418,-9.580758254583088
26,0.7430357403562503,5.996450322764566,0.0,229,5.996452853968092,-9.076272855917772
26,0.49976389733676596,5.94007421807793,0.0,229,5.940076331690294,-8.449869510123403
26,0.505832535126039,5.930811095926935,0.0,229,5.9308132101146445,-8.040281847792638
26,0.40925541578652347,5.92167019935541,0.0,229,5.921672167591428,-7.36695420952919
26,0.35461334934561334,5.910559267025191,0.0,229,5.910561140616391,-6.469952484193858
26,0.5320680701358755,5.8852705379020245,0.0,229,5.885272650125286,-6.098863128818529
26,0.0,5.96650873330131,0.0,229,5.966510155476756,-5.350559712809208
26,0.2444152493855184,5.888151556055852,0.0,229,5.888153257190373,-4.220962575393429
26,0.5572879546975192,5.8264409252038325,0.0,229,5.826443011912733,-3.7966357698208633
26,0.46116887310988586,5.800018474356685,0.0,225,5.800020397270355,-2.5876584299472114
26,0.45336424309937823,5.765955583259197,0.0,225,5.765957469682759,-1.3838855066916498
26,0.5757159156848989,5.736820662629907,0.0,225,5.736822689162421,-0.8010128191725698
26,0.43286663694488076,5.676494875287158,0.0,225,5.676496630214633,1.189611733432951
26,0.8822912378649646,5.712308752704813,0.0,120,5.712311174771868,1.4649333426540778
26,3.9433144218852356,4.978344448555944,0.0,120,4.978348958492976,2.0708046801660185
26,4.10996376867969,4.893674102022611,0.0,120,4.893678388552775,2.1113582735896763
26,4.079730947849415,4.363810420311725,0.0,224,4.363811531219556,2.9106178779606804
26,4.61569308237151,4.126659788072175,0.0,224,4.126659687927599,3.30127053633551
26,0.0,3.3996766057296885,0.0,98,3.399671739930767,4.4296219694087
26,0.0,3.319538228818834,0.0,98,3.3195330727286425,4.421868602788162
26,0.0,2.5356494283399185,0.0,98,2.5356420269417868,4.514473624889067
26,0.0,1.8033014794774538,0.0,190,1.803294118332019,4.546910307884307
26,0.0,1.2996874548688462,0.0,190,1.2996824596365038,4.424075749917327
26,0.0,0.8310550220757607,0.0,190,0.831054799316437,4.617074635241096
26,0.0,0.4739052646929212,0.0,300,0.47391084389735383,4.474217025667276
26,0.0,0.0,0.0,300,1.683940487495761e-05,4.499230785626093
26,3.2235385501807157,0.0,0.0,300,2.5637618179530364e-06,8.802063491267274
26,15.145390841520696,0.0,0.0,300,3.2188651672981905e-06,16.781272247529728
26,55.35232159268476,0.0,0.0,300,-7.307565574876662e-07,30.41756601359866
26,82.06926989858466,0.0,0.0,300,-7.072307468547478e-07,57.877214560867216
27,0.2576770701268003,62.99240128158807,99.62396689325308,0,162.64661469247517,6.297163422959591
27,0.09971047711850323,63.85839800895258,73.33656462539173,0,137.31576215216077,5.179835477665808
27,0.018659915157805147,64.3027294341757,59.848847471264186,0,124.26873794094489,4.903480936149823
27,0.0,9.69363808257997,5.479237479120616,5,15.172877090887667,-9.922993824692163
27,0.0,9.85484299187263,5.377849066563243,5,15.232694563722998,-9.772686619418248
27,0.0,9.50376557028521,0.0,15,9.503763591980096,-10.398214440528662
27,0.0,9.885010212529094,0.0,15,9.885007898421538,-10.28350628126947
27,0.0,9.394714060868465,0.0,15,9.394712193592593,-10.103887601363681
27,0.0,9.352689543460729,0.0,15,9.35268772701071,-9.946877072098722
27,0.0,9.347525695059602,0.0,26,9.347523876533431,-9.925870026876737
27,0.0,9.283233477244824,0.0,26,9.283231723794874,-9.632376524437419
27,0.0,9.261263747768183,0.0,18,9.261262029212617,-9.518389613535518
27,0.0,9.24851992782409,0.0,18,9.248518215909366,-9.449040979584247
27,0.0,9.214973991340086,0.0,18,9.214972322942867,-9.255092571015638
27,0.0,9.189875747034314,0.0,21,9.189874100048845,-9.099125635742507
27,0.0,9.168038484624502,0.0,21,9.168036860425664,-8.95582761651059
27,0.0,6.371347647237085,0.0,21,6.371348865597353,-9.627465881736658
27,0.0,6.352412877493091,0.0,21,6.35241409570731,-9.547118301912214
27,0.0,6.32673927572967,0.0,21,6.326740491729321,-9.344799895901236
27,0.0,6.318144251600738,0.0,21,6.31814547371399,-9.255227736401029
27,0.0,6.303359592565825,0.0,82,6.3033608163179,-9.077750457153797
27,0.0,6.472364662016304,0.0,82,6.47236585349164,-8.819994096529463
27,0.0,6.28121388950462,0.0,82,6.281215107182998,-8.761104479513506
27,0.0,6.272568760698329,0.0,26,6.2725699827570995,-8.622356295652779
27,0.0,6.263973736569397,0.0,26,6.263974955829685,-8.476602955070483
27,0.0,6.262537177329882,0.0,63,6.2625383929272065,-8.451512010439963
27,0.0,6.254810399896886,0.0,63,6.254811621339471,-8.313069688630193
27,0.0,6.246280483154161,0.0,63,6.24628169629537,-8.153658416991611
27,0.0,6.232289066664529,0.0,63,6.232290286574143,-7.878069016739957
27,0.0,6.231164113682605,0.0,63,6.2311653311282065,-7.855185040800478
27,0.0,6.220365333253445,0.0,101,6.220366549883801,-7.630246029885516
27,0.0,6.214582989793217,0.0,101,6.214584200768357,-7.506022080973906
27,0.0,6.206716552069193,0.0,101,6.20671777058395,-7.332983281333206
27,0.0,6.195640884557811,0.0,101,6.19564210247154,-7.081811562898103
27,0.0,6.190441507487048,0.0,101,6.190442720406068,-6.960994587562489
27,0.0,6.183009887540759,0.0,111,6.183011096546707,-6.78522574017833
27,0.0,6.176132771994553,0.0,111,6.176133987908754,-6.619459131313267
27,0.0,8.728459521472322,0.0,111,8.728458427145767,-4.607420904121486
27,0.0,6.161337853403719,0.0,111,6.161339070030213,-6.253245552626854
27,0.0,6.152638739456148,0.0,99,6.152639943721777,-6.032168095892963
27,0.0,6.142315747528546,0.0,99,6.142316960824552,-5.764664809144165
27,0.0,6.138826876576639,0.0,99,6.138828078629718,-5.673049417883192
27,0.0,6.126772846444125,0.0,99,6.126774050834326,-5.352115144397921
27,0.0,6.11999830055627,0.0,63,6.119999503351673,-5.168895350931695
27,0.0,6.110077909195807,0.0,63,6.110079104248138,-4.897173365690829
27,0.0,6.104496941310475,0.0,63,6.104498143280047,-4.742625850115257
27,0.0,6.090058294203519,0.0,88,6.090059492202798,-4.337692699890635
27,0.0,6.085805330446408,0.0,88,6.08580652356356,-4.217127373931078
27,0.0,6.076526718036596,0.0,88,6.07652790591796,-3.952270984404098
27,0.0,6.063659627385203,0.0,88,6.063660818884697,-3.5813310128512157
27,0.0,6.628260631381757,0.0,69,6.628261780837203,-2.6879057641934025
27,0.0,6.049203221893975,0.0,69,6.049204405132583,-3.1604655633374996
27,0.0,6.036735639919123,0.0,69,6.036736817420694,-2.7949340387096306
27,0.0,6.028499994508701,0.0,69,6.028501170285555,-2.5526077775278466
27,0.0,6.01711716507858,0.0,69,6.017118340064165,-2.217081136947975
27,0.0,6.0057095766535715,0.0,69,6.005710748508248,-1.880763650657899
27,0.0,5.987893922830913,0.0,69,5.9878950841721235,-1.357114266250047
27,0.0,5.980554917121577,0.0,69,5.980556070234929,-1.142533539259606
27,0.0,5.960425730716436,0.0,69,5.960426880550459,-0.5595575397198775
27,0.0,5.94289323183462,0.0,111,5.942894368277477,-0.06109104170875845
27,0.0,5.931768684084905,0.0,111,5.931769820057276,0.24928787745269432
27,0.0,5.916056144136311,0.0,111,5.916057264980928,0.6781489639104805
27,0.0,5.88716031257749,0.0,111,5.887161429256286,1.4311751062361076
27,0.0,5.8785652884485575,0.0,111,5.87856640232887,1.6447133381402903
27,0.0,5.858133761967434,0.0,111,5.858134857713596,2.130141321536044
27,0.0,5.8162012102651275,0.0,111,5.816202271154193,3.0141126855553377
27,0.0,5.795245996922543,0.0,64,5.795247051584619,3.3918376664134726
27,0.0,5.746404279834333,0.0,64,5.746405296947046,4.088537572121465
27,0.0,5.399019531022761,0.0,64,5.399020179768586,4.416638907749293
27,0.0,5.260392473414016,0.0,64,5.260392916207071,4.552826641626558
27,0.0,4.44620022338838,0.0,64,4.4461988304776625,4.224806991312937
27,0.0,4.371626838684511,0.0,21,4.371625221589062,4.224990508543511
27,0.0,3.7957503980511733,0.0,68,3.7957468780857226,4.4860835127872125
27,0.0,3.4921793814542132,0.0,68,3.4921747838485757,4.472217339124976
27,0.0,3.296532588771356,0.0,68,3.296527300228501,4.426348471084298
27,0.8802480649763698,2.7613852473516958,0.0,68,2.7613769405428172,3.664885481227321
27,0.7639290640906954,2.526076306812209,0.0,68,2.5260674296629197,3.9567791603042934
27,0.974988806278647,2.291238723049713,0.0,68,2.2912289197553157,4.383390695480111
27,0.0,1.732024481747363,0.0,68,1.732017284899623,4.47767349686692
27,0.0,1.2970277397017116,0.0,68,1.2970227277248796,4.425761426570027
27,0.0,1.2892088366597443,0.0,68,1.2892038720279402,4.441619778671653
27,0.0,0.7059889973933378,0.0,68,0.7059905348285547,4.51823713497785
27,0.0,0.47130590197926314,0.0,68,0.4713115075575516,4.47524926538669
27,0.0,0.0,0.0,237,1.6865044997871337e-05,4.499231001863517
27,0.27826850711216283,0.0,0.0,237,1.5121061537115565e-05,4.997233510232245
27,3.2320338622812264,0.0,0.0,237,2.5363075479845065e-06,8.721407461727892
27,6.789423741174818,0.0,0.0,237,-2.3252343410717913e-06,11.920314754603915
27,27.623581030228838,0.0,0.0,237,6.888969434015735e-06,15.538580023194516
27,63.47418716216207,0.0,0.0,237,1.0702697075259948e-06,23.12494513108073
27,65.36535345056626,0.0,0.0,237,1.7030276815432899e-06,34.42264261478565
27,51.62768145793254,0.0,0.0,237,-1.0008986421894406e-06,57.83252871671151
28,0.0,7.660776637769512,1.8895876984172888,3,9.550372635132458,-5.897877560842179
28,0.0,7.565744710306597,1.8267976005208335,3,9.392550002293724,-5.7980607707976155
28,0.0,7.607120499052682,1.6770833858743395,3,9.2842098847872,-5.626714799392211
28,0.0,7.599603904436024,1.647314028446171,3,9.246923608740131,-5.565891337780279
28,0.0,7.583936538107223,1.585263664952236,3,9.169205230477807,-5.420096139271536
28,0.0,7.565942817296296,1.5139998102944179,3,9.079946929666754,-5.220154940138222
28,0.0,7.556914667132658,1.4782439603592712,3,9.035162571933567,-5.106445525897499
28,0.0,7.543397710157443,1.4247102600523995,3,8.968111386334565,-4.919143033707538
28,0.0,7.320117739417981,1.5382588139354931,52,8.858381282162457,-4.871524110551658
28,1.1946171239097718,7.091777692143928,0.0,52,7.091780589782468,-5.043354410651492
28,1.1121558741768587,7.07355537392836,0.0,52,7.073558118465888,-4.920411015605982
28,1.1526116470219125,7.028022775228611,0.0,52,7.0280256148490245,-4.805590854992332
28,1.1745021147732022,7.0033852559483165,0.0,52,7.003388149671329,-4.7074372994516445
28,1.4629145651570656,7.197610287865707,0.0,65,7.1976137022006945,-4.492670160663359
28,1.497078548884415,7.11192385708144,0.0,65,7.1119273787250386,-4.387374289565603
28,1.5211147072653861,7.051638948920039,0.0,65,7.051642540161625,-4.19535112529071
28,1.2186656919415484,6.918126297061418,0.0,81,6.918129295354374,-4.200115433840292
28,1.2270727952437792,6.896615997165874,0.0,81,6.896619015677745,-4.040812766046518
28,0.9590121735136706,6.957009657449172,0.0,81,6.957012142037652,-3.8185765791641906
28,0.9169901520881747,6.990216348441275,0.0,81,6.990218748846766,-3.7382678132420324
28,1.2387752632411433,6.834929904972256,0.0,86,6.834932963374001,-3.5254127449957124
28,1.242782868506396,6.8347319629300625,0.0,86,6.8347350275700585,-3.5237278725754813
28,1.2200245780407606,6.8158005241165736,0.0,86,6.815803550590106,-3.3445695314698582
28,0.9721572222294371,6.848098597004139,0.0,86,6.848101143673468,-3.1076065787158598
28,0.9750829052903436,6.838138619436278,0.0,86,6.838141175058105,-3.0348599039280693
28,0.9153325005949545,6.85090526100993,0.0,86,6.850907705134096,-2.859700249764977
28,1.2472248903869614,6.7544587443631565,0.0,86,6.754461826855959,-2.7383926811959576
28,0.8514126548926346,6.8540623645562055,0.0,86,6.854064684618676,-2.5048950407463195
28,1.2613269788144548,6.727242243399778,0.0,106,6.727245352633817,-2.4510195140761937
28,1.0558809457357397,6.735060949929935,0.0,106,6.7350636763974805,-2.264944252375539
28,1.2916846518941734,6.681799488529101,0.0,111,6.681802655078014,-1.953374124659101
28,1.3188934125907286,6.680815705925408,0.0,111,6.680818928532856,-1.9453659318158643
28,0.9903581444880046,6.692694500592446,0.0,111,6.6926971121487195,-1.6019065642383055
28,0.9756767007769045,6.693225335093919,0.0,111,6.693227918513628,-1.5630755201783444
28,1.3052320490934677,6.633312508443404,0.0,111,6.633315696603653,-1.3983402928515378
28,1.5121743555886185,6.623338267549898,0.0,52,6.623341845612902,-1.2243901982127277
28,1.3919535770220959,6.600671764111531,0.0,52,6.600675103479093,-1.037763169645002
28,1.5530673512381636,6.577313578621753,0.0,52,6.57731721486174,-0.7154891253393494
28,1.3627921514591135,6.5616505791876545,0.0,133,6.561653860664741,-0.5788961720247379
28,1.1131402270472697,6.572259589614032,0.0,133,6.572262421585375,-0.39627396114251034
28,0.9972570249209892,6.577184070378586,0.0,133,6.577186701215412,-0.18812658223130718
28,1.5128174160072532,6.500170335403098,0.0,147,6.500173869876635,0.08053736051151716
28,1.1136528713109228,6.522129685595314,0.0,147,6.522132509886873,0.2562412082709571
28,0.9690654342305316,6.530083914512762,0.0,147,6.530086488429559,0.5042131722347865
28,1.606320326999016,6.435982748406542,0.0,164,6.435986423387741,0.7477587397761223
28,1.7399459781532824,6.424764693310799,0.0,164,6.424768612339529,0.8946726185604525
28,1.6714502646100846,6.389619804893974,0.0,180,6.3896235675705455,1.1989875529228318
28,1.7083415902429746,6.36276922800519,0.0,180,6.362773051554493,1.4478834559150489
28,1.996694598062031,6.348371258573921,0.0,180,6.34837559701214,1.742527323562257
28,2.1117607080726013,6.333778199508863,0.0,180,6.333782736401677,1.9974526319469845
28,2.0505838867457444,6.278207108066336,0.0,190,6.278211484103824,2.290517652964107
28,2.1301351773061765,6.261333173963339,0.0,190,6.26133767194618,2.4865470774522525
28,1.867479782273147,6.199959041893244,0.012690165722035709,190,6.212652820693579,2.767706916890482
28,1.9519858225186002,6.157482005494263,0.0,190,6.15748609080452,3.0674418256242433
28,2.5768680483208373,6.166574924612029,0.0,190,6.166580134620448,3.69958922437211
28,2.337924006278745,6.044800996533861,0.0,199,6.044805595508835,3.9126725726359837
28,2.4023149281240803,6.0146839824303475,0.0,199,6.014688647883453,4.118330509270466
28,0.28739140704558636,5.369756042854382,1.4060521857954922e-10,222,5.36975692567885,3.8971174351998243
28,0.4953938630011591,4.695391017209612,0.15511156965262787,222,4.850499438812621,3.512672968989097
28,0.48732757956589706,4.461182665063694,1.4060521857954922e-10,222,4.461181638882145,3.3973125817304357
28,0.4395505215750408,4.421725550272162,0.0,222,4.421724396404544,3.407809134954574
28,0.32874494282832245,4.2653915710636685,0.0,222,4.265389913816106,3.6159868069486762
28,0.5901102837463159,3.9941054596811734,1.4060521857954922e-10,222,3.9941028494361586,3.952481650515221
28,0.6012850608197683,3.9433237285731964,1.4060521857954922e-10,222,3.943320921815584,4.012265049614324
28,0.0,3.7179783762191274,0.0,245,3.717974975293636,4.45230147021009
28,0.0,3.465735413012988,0.0,245,3.4657311546257006,4.459411148576656
28,0.24688405822908777,3.3503823103697012,0.0,245,3.350377427504192,4.326069652826424
28,0.0,3.0625773998507135,0.0,245,3.06257179313795,4.562996362070528
28,0.0,2.7066473826451167,0.0,245,2.7066407846440086,4.5483619179753045
28,0.0,2.501292229985502,0.0,245,2.5012852049193626,4.5210208779741645
28,0.0,2.3907794159202247,0.0,245,2.390772222582836,4.574770453939502
28,0.0,1.936824685574673,0.0,245,1.9368174163785739,4.639393578742483
28,0.0,1.7314133821781892,0.0,245,1.731406516134367,4.477781378930688
28,0.0,1.559696171796704,0.0,245,1.5596898979902285,4.55339908966593
28,0.0,1.2984002590254413,0.0,245,1.2983954341495298,4.424649385161336
28,0.0,1.0645881428784587,0.0,245,1.064585261104238,4.56485470972329
28,0.0,0.7132586415145872,0.0,243,0.7132600568509133,4.519915541080328
28,0.0,0.475926784017551,0.0,243,0.47593219261672104,4.474494962607697
28,0.0,0.33672129182911875,0.0,243,0.33672950606851515,4.654988588547427
28,0.0,0.0,0.0,304,1.656767711111229e-05,4.4992309208965615
28,0.3429337214782847,0.0,0.0,304,1.4498272420837566e-05,5.075017645021891
28,1.675187045429949,0.0,0.0,304,7.852118130813324e-06,6.512471333221194
28,2.9513897963194036,0.0,0.0,304,3.36602984063461e-06,8.453127929337576
28,4.704603061831603,0.0,0.0,304,-4.000364519640698e-07,10.007862048684288
28,7.1520374801522015,0.0,0.0,307,-2.284386710016406e-06,12.404585386126437
28,28.48735191042044,0.0,0.0,307,6.232946706319353e-06,15.91054412843658
28,31.119840325228704,0.0,0.0,307,5.011543532162932e-06,20.40753544358345
28,55.82942124476098,0.0,0.0,307,-6.564345298443186e-07,27.208485169630173
28,54.06435470748594,0.0,0.0,307,-8.460988603076203e-07,39.56820735042315
28,82.38082424363236,0.0,0.0,307,-1.0858135013336323e-06,62.25024565298536
29,0.030120626034148307,64.5564256861569,79.36391943411662,3,144.04146220291884,5.253012343196204
29,0.0,63.00302712768043,61.384546144505755,3,124.50624931355577,5.6448091986944515
29,0.0,63.88591931715879,22.504360384611346,3,86.43668183540136,4.587211029733755
29,0.0,69.8367238614574,0.0,3,69.8367198633306,4.257142835115198
29,0.0,31.961854156872064,31.140788003414617,3,63.11804052987054,4.46727161105693
29,0.0,36.18464565337298,20.337030993512176,4,56.53157470321929,4.529062394275307
29,0.0,30.739092413185375,19.91097449764487,4,50.655907851425965,4.520135016548032
29,0.0,29.831959713186922,19.84000103316825,4,49.67723566450937,4.594670448121175
29,0.0,31.595080635791884,7.895209588908883,35,39.4918980581042,4.300546340768657
29,0.0,38.20821172217321,0.0,35,38.208211975534994,4.5294115170690255
29,0.0,31.591978867578153,2.170874568658374,35,33.76318324974882,4.290827055855084
29,0.0,31.827044982508625,0.0,35,31.827045194558945,4.312358000245952
29,0.0,29.853367531556994,0.0,35,29.853367001058743,4.5242680727547295
29,0.03487262005817798,6.576528236412729,0.0,54,6.5765290896209745,-0.12733371641222746
29,0.0,6.569838459905994,0.0,54,6.5698392743090785,-0.06532901233684285
29,0.0,6.546209433563252,0.0,54,6.546210266063953,0.11193967247171521
29,0.0,6.537582011104156,0.0,54,6.537582846553299,0.21821610589207197
29,0.0,8.698655074120772,0.0,54,8.698653790764787,0.9467658760529574
29,0.0,6.525226762861977,0.0,54,6.525227600325769,0.4053044920228164
29,0.0298738987447399,6.517636090836312,0.0,54,6.5176369674937025,0.5153099978469431
29,0.029634943374712886,6.509736342002725,0.0,54,6.509737229295869,0.6704200970544321
29,0.0,8.556059366440003,0.0,54,8.556058239548863,1.4407575600399944
29,0.02949096953410256,6.4985706254479565,0.0,54,6.498571515512012,0.9110084596801453
29,0.07283211279997415,6.4947793628273995,0.0,54,6.494780308676798,1.0371358843923097
29,0.0,8.469151953167728,0.0,54,8.469150925881912,1.9156750244811747
29,0.0,8.441595288382084,0.0,54,8.441594284830805,2.088641288453738
29,0.0,6.473204063763102,0.0,54,6.473204928046487,1.544477178965689
29,0.0,6.471259276286374,0.0,54,6.471260136839755,1.5949446215237781
29,0.0,6.4654361307115185,0.0,54,6.465436996650581,1.7481724338039264
29,0.0,8.346957880893466,0.0,54,8.34695698374395,2.7403069864331098
29,0.0,8.326585492606107,0.0,57,8.326584622768976,2.887937639962514
29,0.0,6.444196674140576,0.0,57,6.444197554785852,2.3257703897026136
29,0.0,6.443173298891998,0.0,57,6.443174180913884,2.354030964686393
29,0.0,6.435668626596655,0.0,57,6.435669503209068,2.561578126948552
29,0.0,8.211639688217161,0.0,57,8.211638945582749,3.7112659886369705
29,0.0,8.188057990702399,0.0,57,8.188057274517618,3.8680975531991706
29,0.0,6.7294697000193375,0.0,112,6.729470429224266,3.278154322760434
29,0.0,8.116428286764206,0.0,112,8.116427645932584,4.289113874750077
29,0.15031165061334084,6.403400015577356,0.0,120,6.403401087589744,3.3887711635692614
29,0.17683935801413958,6.396554809931382,0.0,120,6.396555917145237,3.5396970617722925
29,0.0,6.392158961382907,0.0,120,6.3921598483621676,3.7229860826264627
29,0.0,6.8565088454842185,0.0,120,6.8565094814964365,4.2966384072708195
29,0.0,6.374541848083412,0.0,64,6.374542744167956,4.142422234597289
29,0.0,6.368984310957579,0.0,64,6.368985215271502,4.26560303888378
29,0.0,5.986512957104481,0.0,64,5.986513899664374,4.371333815003624
29,0.0,5.973789268881221,0.0,64,5.973790207454391,4.387092909063345
29,0.0,5.6304889961706435,0.0,64,5.630489811321993,4.501505565003653
29,0.23964295861276566,5.276037525646775,0.0,64,5.276038168860575,4.286496707788864
29,0.0,5.24902770583425,0.0,64,5.249028165216268,4.479906837283462
29,0.0,5.168362565219106,0.0,120,5.16836292586796,4.564929972100998
29,0.0,4.331056096294692,0.0,120,4.331054764729034,4.157085398867364
29,0.0,4.2349875527088106,0.0,120,4.234985966866413,4.271093693281788
29,0.0,4.206512604985826,0.0,158,4.206510937457898,4.316126928748819
29,0.0,4.1250441170377705,0.0,158,4.1250422084408545,4.461903341497102
29,0.0,3.7145937069565838,0.0,158,3.714590521123453,4.453114424802138
29,0.0,3.580608517942243,0.0,158,3.5806048826038914,4.5075115229616465
29,0.0,3.374426366137442,0.0,158,3.3744220365338133,4.4251194006711785
29,0.0,3.2276342816963366,0.0,158,3.2276294664610585,4.45496529294542
29,0.0,3.1486111856496275,0.0,158,3.1486061188533423,4.504631290249177
29,0.0,2.921310800550788,0.0,158,2.9213050289457225,4.611324155688729
29,0.0,2.7416064857302547,0.0,158,2.741600225075141,4.564146632586631
29,0.0,2.440295666441896,0.0,158,2.4402887770986155,4.545841995742913
29,0.0,2.4159886521627505,0.0,158,2.4159817338724956,4.559331748306727
29,0.0,2.1825107199717664,0.0,158,2.1825035711023553,4.661867748859024
29,0.0,1.9790583652765001,0.0,158,1.9790512533837763,4.637764748791518
29,0.0,1.7114551339486583,0.0,71,1.711448483754527,4.491412546886259
29,0.0,1.7096756655976528,0.0,71,1.7096690248774635,4.4935763159425175
29,0.0,1.5337351957457113,0.0,71,1.5337291758398166,4.545419794737944
29,0.0,1.314708945666787,0.0,71,1.314704106866813,4.450431469214703
29,0.0,1.1314764437018696,0.0,155,1.1314729902237382,4.55914376812415
29,0.0,1.0062778296995054,0.0,155,1.0062755821404217,4.63297841821764
29,0.0,0.887008199505699,0.0,167,0.8870072713522639,4.618723312616737
29,0.0,0.6916856357279545,0.0,167,0.6916873477467647,4.528362778727095
29,0.0,0.47754320404470374,0.0,167,0.477548510671415,4.475413396453156
29,0.0,0.4237251201292348,0.0,167,0.42373145870858053,4.5319509658417605
29,0.0,0.352784738000006,0.0,167,0.35279251742241513,4.597733734323173
29,0.0,0.06905467945473656,0.0,167,0.0690691937413348,4.620105262064493
29,0.0,0.0,0.0,187,1.6412488641037726e-05,4.499231231116214
29,0.17673419059628243,0.0,0.0,187,1.5324963779761447e-05,4.87460216124434
29,0.5797458599983583,0.0,0.0,187,1.3008890547894225e-05,5.337638954195873
29,1.0837447098056106,0.0,0.0,187,1.0404714071654553e-05,5.7587387485332355
29,1.6111385074127225,0.0,0.0,187,8.013370621284821e-06,6.298265924764077
29,2.175523442703063,0.0,0.0,187,5.797657678385804e-06,7.041406713590261
29,2.8214662545984703,0.0,0.0,198,3.6641363507783353e-06,8.025652677413806
29,3.0615875474808596,0.0,0.0,198,2.9685357247899447e-06,8.393064664845369
29,3.594413822420317,0.0,0.0,198,1.6223235661527724e-06,9.131979860194173
29,5.4390072449588045,0.0,0.0,198,-1.349552249507724e-06,10.279315326406408
29,6.495859350540442,0.0,0.0,215,-2.110906169860982e-06,11.457974662991809
29,9.45461893755458,0.0,0.0,215,-1.7864655781352212e-06,13.201675042364501
29,27.81401115518246,0.0,0.0,215,6.475954808848883e-06,15.090356640641417
29,13.960875601659636,0.0,0.0,215,1.8403476431672061e-06,17.384570302070514
29,31.30284566998791,0.0,0.0,215,4.921235493782206e-06,20.692438128657614
29,76.17046575092706,0.0,0.0,215,3.6892264247967432e-06,25.67336701133469
29,90.82386268973057,0.0,0.0,215,-1.343604573378343e-05,32.11445984122343
29,53.55376622437392,0.0,0.0,215,-8.823577957173256e-07,43.85543242606475
29,96.94556858254704,0.0,0.0,215,-1.032487675800553e-05,66.79792761593079
30,0.6550944683436527,6.7459604337754016,0.129689952239586,0,6.875649671480149,-5.066553633546857
30,0.6741718831210892,6.705316719306113,0.11399790897541773,0,6.819314207821009,-5.0343190450189645
30,0.7071789410170188,6.63499642422189,0.08684809928849804,0,6.7218446066062985,-4.842685596506335
30,0.0,34.51028745633437,78.99743298968971,0,113.56692890475557,5.185937412937626
30,0.7327198811240833,6.580582412203004,0.06583951181250479,0,6.646422425396048,-4.579569223775291
30,0.6909111921860213,6.540759958002215,0.0,10,6.54076168859601,-4.448659463706534
30,0.6649149717214958,6.801599045366885,1.2016269067419258,10,8.00321737475625,-4.128647840013276
30,0.6651407630763617,6.801414866514636,1.3254560497470405,10,8.126862305519925,-4.017758721462354
30,0.7079803357728103,6.702725544056267,1.3152004401436426,10,8.017916873237168,-3.9291068428604774
30,0.801964714932876,6.540759222011749,0.0,10,6.540761117354423,-4.033376860853728
30,0.7401974203853557,6.62875853999548,1.4001644992187956,10,8.028913505192735,-3.564171280635705
30,0.7470372552797295,6.613055005628802,1.4182027588260466,10,8.03124812686639,-3.464663697089186
30,0.5099641341043417,6.705126646848503,0.0,10,6.705128046395718,-3.603861401275669
30,0.7678324703732737,6.565311400713349,1.473044651099576,10,8.038346127206923,-3.1151588171184272
30,0.0,29.596278562141038,9.426212619072034,30,39.024117114410004,4.551345047672655
30,0.0,29.072260453525583,9.391366195197271,30,38.46512869159276,4.713193171908692
30,0.0,28.426353806684745,9.348414365042373,30,37.77612473911879,5.248429960656873
30,0.0,27.92398121928622,9.315007336094837,30,37.24023745673516,5.85420921858101
30,0.576392836606549,6.69971456427242,2.842601212285588,30,9.542311745915297,-1.9558639518851244
30,0.0,27.35566947639941,9.277215451501453,30,36.634017718113775,6.622535317787767
30,0.0,26.825080306145786,9.241932061813133,30,36.06804216705637,7.322111824111855
30,3.0928482413570286,6.087669965599326,0.0,45,6.0876753491608895,-2.4573808574708913
30,3.3077097737653585,6.212706509490776,0.5064010191894704,45,6.719092601161677,-2.1063132865685414
30,3.3804703278692623,6.25929457886726,0.46137075087484053,45,6.720651949805859,-1.9918604726334639
30,2.9268418898160506,5.96883949089487,0.7421136689608178,45,6.710931675632191,-1.90617282853108
30,3.364243563456547,6.039179238925894,0.0,45,6.039184989574348,-2.0236872596695594
30,3.5706643946979617,6.381074497801875,0.3436628806335462,45,6.7247285039631794,-1.5505269915976463
30,3.6349041080199456,6.42220673295083,0.30390601562654046,45,6.726105551400112,-1.367412976669634
30,2.744895835106213,5.852340715919974,0.8547169849096268,45,6.707033944000166,-1.15811653469029
30,3.0039507904096125,5.735537167843698,0.0,61,5.7355417415763235,-1.4345851175558817
30,2.7343582714693193,5.7832690935518505,0.0,61,5.783273365107714,-1.2714868110631468
30,2.7098642711938585,5.787605808109211,0.0,61,5.787610056194456,-1.215011785652509
30,2.635394929156302,5.800790762631109,0.0,61,5.800794918280037,-1.0008268415609578
30,2.680055366777456,5.718543914930852,0.3155045373149028,68,6.034040734511786,-0.6402130250740417
30,2.774246205154643,5.650488104559702,0.24741344279049488,68,5.897895913265895,-0.5717484165565434
30,2.8181641480600206,5.618756024818673,0.21566491126439802,68,5.834416356303404,-0.48554188525133846
30,2.4504935116215565,5.884409495406704,0.48145611230804547,68,6.365853731616287,-0.08428568048322482
30,2.871792285606441,5.558466524362444,0.0,68,5.558470502951936,-0.27028225998831346
30,0.8050503309331315,6.1248571452077565,0.0,61,6.124859038622375,0.1659695978883331
30,0.8587088986922814,6.115356782289849,0.0,61,6.115358737715136,0.3495270421266419
30,0.9017919137104282,6.107728843353661,0.0,61,6.107730854873633,0.5851098713046436
30,2.805392720366558,5.47846981184473,3.2844579083663004e-07,61,5.478473845580577,0.40316792025201664
30,0.9460964962873276,6.0998846232973944,0.0,61,6.099886691769987,0.8974090771790806
30,2.246035688288392,5.869727639781642,0.0,61,5.869731340342531,1.066614539883604
30,2.210557189637868,5.876009183010216,0.0,61,5.876012835794448,1.3186099174522266
30,2.7410521540696737,5.362735877557748,1.1099759256511823,52,6.472679636456796,1.9447207757732663
30,2.7175577700369065,5.336680571882706,1.1261203092431287,52,6.462768429265406,2.216411211410632
30,2.8023734464966115,5.350133245952994,0.0,88,5.350136603214404,1.3846134658915599
30,2.990347904770466,5.306125564776871,0.0,88,5.306129028256279,1.5619280027942448
30,2.4471731252040745,5.4332910464150395,0.0,88,5.43329419047339,1.9813074393614336
30,2.373248354103781,5.450597960277028,0.0,88,5.450601052442753,2.2485471382872824
30,2.3264336870952724,5.461557986224146,0.0,88,5.4615610404032235,2.4402978845408327
30,2.7281350100129145,5.2287920824855325,0.0,94,5.2287950039181545,2.485683340352038
30,2.9890421604384136,5.145810627586097,0.0,94,5.145813581929126,2.8297128640924694
30,2.988881305437811,5.136481792125305,0.0,94,5.136484702168888,2.9022615168510413
30,2.2212090456440574,5.390019760535079,0.0,94,5.390022533500257,3.4738926903044014
30,2.1128351169953588,5.424488061836022,0.0,94,5.424490781248078,3.9239805658202
30,0.0,5.682914942532699,0.0,99,5.682915837105556,4.527908630807142
30,0.0,5.348450583581807,0.0,99,5.348451246702474,4.446016536969331
30,0.0,5.211984267965128,0.0,99,5.211984792534459,4.542195568733813
30,0.0,4.913065431980187,0.0,99,4.913065531442255,4.623319928759562
30,0.0,4.544848149590982,0.0,99,4.54484752657004,4.449539488745664
30,0.8620218332709275,3.9509538110078477,0.0,99,3.9509513150621896,4.1344370130286645
30,0.0,4.034366172906142,0.0,99,4.034364208032509,4.5741345377215055
30,0.9027428618466032,3.6135858345573846,0.0,99,3.6135819637492457,4.3959371617469785
30,0.0,3.389723394665764,0.0,99,3.389719335360599,4.41841721898213
30,0.0,3.224363293516505,0.0,99,3.2243586858959254,4.4437661377872395
30,0.0,3.117540135816637,0.0,99,3.1175351676327523,4.5174293017913065
30,0.0,2.8357345228399806,0.0,99,2.8357287060446286,4.6047843277996545
30,0.0,2.537641003647903,0.0,99,2.537634457839811,4.515528968764357
30,0.0,2.4587561099225637,0.0,99,2.458749411835022,4.537027890689949
30,0.0,2.325272423493005,0.0,99,2.325265526975077,4.615565214325439
30,0.0,1.9103099495750926,0.0,99,1.9103029972033578,4.637417902218095
30,0.0,1.6866916369403713,0.0,99,1.6866851138146082,4.533353612038358
30,0.0,1.6223062621354063,0.0,99,1.6222999348603828,4.638290464034599
30,0.0,1.2912844037427846,0.0,99,1.2912797194680863,4.435876928338265
30,0.0,1.084516431981661,0.0,100,1.084513375809916,4.538059544419077
30,0.0,0.8148915453265543,0.0,100,0.8148914614164653,4.6136513752721005
30,0.0,0.5612627567018053,0.0,100,0.5612664709146564,4.48226485047344
30,0.0,0.4567481983787397,0.0,100,0.45675378966980773,4.501709326218711
30,0.0,0.32540717556087395,0.0,100,0.3254154241712719,4.696089473992856
30,0.0,0.0,0.0,132,1.6293454159210796e-05,4.499230840483161
30,0.23506517406689242,0.0,0.0,132,1.4866631001808628e-05,5.019484073244751
30,0.7054217061844142,0.0,0.0,132,1.2246092239820427e-05,5.481633015887869
30,1.8357140202944073,0.0,0.0,132,7.0391696702643e-06,6.395241847634347
30,2.7785001628874957,0.0,0.0,132,3.7705406761290305e-06,7.722591111555196
30,3.5787941779151873,0.0,0.0,132,1.6580568384938488e-06,8.954355423311144
30,4.59886439121284,0.0,0.0,132,-2.845061075618105e-07,9.929008408306473
30,8.415506599156371,0.0,0.0,132,-2.21853031590058e-06,11.927586786285168
30,9.73767482693781,0.0,0.0,132,-1.6455809799253984e-06,13.861885060158365
30,14.838260073995688,0.0,0.0,132,2.554624355610713e-06,16.7681186544391
30,57.42629072921456,0.0,0.0,135,-8.284237296152241e-07,20.750659689868154
30,56.0989410097299,0.0,0.0,135,-9.411350774257699e-07,25.826356549861398
30,34.11727806723819,0.0,0.0,135,3.355558000350811e-06,33.614420783717804
30,48.33819980029193,0.0,0.0,141,-8.967336384557711e-07,46.56620701666557
30,70.97060830561806,0.0,0.0,141,2.7834625377920474e-06,72.68006843959078
31,0.0,81.96316843952903,0.0,6,81.96315746985569,4.411997464895631
31,0.0,69.6784692112532,0.0,6,69.67846443301289,4.441773439736487
31,0.0,63.468324116048535,0.0,6,63.468328375850525,4.7304724073591995
31,0.0,62.73520633911001,0.0,6,62.73521300696873,5.57500138333384
31,0.0,62.30383318666403,0.0,6,62.303841241865946,6.261514935150187
31,0.0,61.79127562594542,0.0,30,61.79128527566878,7.169042154768635
31,0.0,61.59512393204578,0.0,30,61.595134170464505,7.526686126214087
31,0.0,36.634604670449704,0.0,30,36.63460455475179,4.520162616745576
31,0.0,34.72500620542107,0.0,30,34.72500623051086,4.543033068922005
31,0.0,30.638462630876518,0.0,36,30.63846254930192,4.488045280445066
31,0.0,29.295348425565713,0.0,36,29.29534749641981,4.584737893333953
31,0.0,28.893534993480905,0.0,36,28.89353372032101,4.801503637210615
31,0.0,28.489376128148535,0.0,36,28.48937446396679,5.179042970394661
31,0.0,8.69384231357942,0.0,53,8.69384117420233,0.7240372397618664
31,0.0,8.643631519260436,0.0,53,8.64363042702016,0.8487962247084972
31,0.0,8.598051552202396,0.0,53,8.598050502982167,1.005149823525553
31,0.0,8.591129119539492,0.0,59,8.591128070394426,1.0323726948646872
31,0.0,8.545549152481453,0.0,59,8.545548157304586,1.2335768804181377
31,0.0,8.515193937923932,0.0,59,8.515192955743332,1.3877030323201147
31,0.0,8.489495250999916,0.0,75,8.489494294539526,1.529849277825729
31,0.0,8.461759550006635,0.0,75,8.461758615629234,1.6943110281880518
31,0.0,8.43722592704879,0.0,75,8.437225021581654,1.8484702966246438
31,0.0,8.414446211670713,0.0,89,8.414445323456842,1.9981001590281995
31,0.0,8.388316113174323,0.0,89,8.388315252779122,2.176384462968249
31,0.0,8.367728540573816,0.0,89,8.36772769675196,2.3210313667995006
31,0.0,8.323719415921529,0.0,89,8.323718618873897,2.6390260511394246
31,0.0,8.299910096341758,0.0,89,8.299909320994963,2.8138712749523496
31,0.0,8.288473339136484,0.0,99,8.288472579726593,2.8980358677850617
31,0.0,8.27124344160394,0.0,99,8.271242694460092,3.0245795459774847
31,0.0,8.242657446190055,0.0,86,8.242656726342915,3.232472911560489
31,0.0,8.219379882684635,0.0,86,8.219379182820447,3.3982463646633665
31,0.0,8.19160058946725,0.0,87,8.19159992267855,3.589663174389253
31,0.0,6.660985811121065,0.0,87,6.660986498989079,2.9873058063832136
31,0.0,6.619417685949548,0.0,99,6.619418396216849,3.164552698880268
31,0.0,6.611401866404115,0.0,99,6.611402585826118,3.2351960266077686
31,0.0,6.586335265387723,0.0,99,6.586335990174703,3.4959225036183064
31,0.0,6.577508522682482,0.0,99,6.57750925845381,3.5949308631667662
31,0.0,6.5624399449137245,0.0,99,6.56244068781036,3.763781994214682
31,0.41230278366368756,6.2591434291565395,0.0,99,6.259144591188008,3.790397249136129
31,0.0,6.51202715048287,0.0,99,6.51202791939915,4.246314380969139
31,0.0,6.4833955599325535,0.0,81,6.483396342115416,4.429686392520324
31,0.0,6.188848145864462,0.0,81,6.188849033938405,4.491943317819338
31,0.0,5.831863344821636,0.0,81,5.831864230323109,4.437224003768177
31,0.0,5.706628920881035,0.0,81,5.706629772817731,4.51567779419176
31,0.0,5.333115283351721,0.0,89,5.333115909789338,4.44945876349613
31,0.0,5.27024866445383,0.0,89,5.270249223141533,4.4855658651699475
31,0.0,5.203064900807686,0.0,89,5.203065391430517,4.5519515584256425
31,0.0,4.601966713335106,0.0,89,4.601966245708846,4.428987345670118
31,0.0,4.457252133720304,0.0,89,4.45725135580747,4.5019373120259
31,0.9869220773294444,3.8410230973402326,0.0,128,3.841019889184949,4.100405269218088
31,0.9142535102834908,3.7554855559671587,0.0,128,3.7554820679897265,4.119131409673747
31,0.8054952577541532,3.6274671581431224,0.0,128,3.6274632355864878,4.229949593416343
31,0.86945646389353,3.55464220159212,0.0,128,3.5546379339157284,4.290738412341222
31,0.0,3.3320695735346364,0.0,89,3.3320654293455014,4.410207210864545
31,0.0,3.206225473917902,0.0,89,3.2062209204985237,4.454547730975429
31,0.0,3.1624117830925167,0.0,81,3.162407096206122,4.484274140338863
31,0.0,2.930878927870811,0.0,81,2.930873514277584,4.612316341722538
31,0.0,2.6868398553789143,0.0,81,2.686833761943033,4.545367847359584
31,0.0,2.515877473324374,0.0,81,2.5158709933339125,4.518652612900215
31,0.0,2.4364873923441928,0.0,81,2.436480769353354,4.54778634428277
31,0.0,2.2529568598296077,0.0,81,2.2529499917969087,4.650540471865861
31,0.0,2.1062280363006267,0.0,127,2.1062210862601773,4.651352546888553
31,0.0,1.9256895204256872,0.0,127,1.9256826235710083,4.639092949759641
31,0.0,1.725641289174372,0.0,127,1.7256347276685968,4.479703338637561
31,0.0,1.5377686537347668,0.0,127,1.5377626930034474,4.542700841440924
31,0.0,1.302055402098444,0.0,44,1.3020506706986588,4.424208980688691
31,0.0,1.2833274254238956,0.0,44,1.2833228152369038,4.4633984623155225
31,0.0,1.0977904635999431,0.0,44,1.0977872951313685,4.5281542461285085
31,0.0,0.9351608181414215,0.0,44,0.9351592667391024,4.6282263168679005
31,0.0,0.7436941600549405,0.0,44,0.7436950131193178,4.552347955695764
31,0.0,0.5583275443161367,0.0,44,0.5583312695468727,4.484597915208351
31,0.0,0.47622018353681156,0.0,44,0.4762253779130283,4.474615631026426
31,0.0,0.4046843363097227,0.0,44,0.40469090736766944,4.517256521490278
31,0.0,0.32788897568085534,0.0,44,0.3278971264877022,4.687209339755231
31,0.0,0.0,0.0,152,1.6260778252785713e-05,4.499230912729448
31,0.0298589572244011,0.0,0.0,152,1.6074659637155264e-05,4.585245509473701
31,0.2331126756239109,0.0,0.0,152,1.48442555847339e-05,4.985205506783798
31,0.5937120442385445,0.0,0.0,152,1.2804530314269869e-05,5.36634019401556
31,1.144038555595369,0.0,0.0,152,1.0002645108642128e-05,5.808584696582437
31,1.9027733864001326,0.0,0.0,152,6.723251960494281e-06,6.696282338457415
31,2.063322557783894,0.0,0.0,152,6.115208343260292e-06,6.9295315632477905
31,2.5183248759727217,0.0,0.0,156,4.524357379409594e-06,7.639538580308836
31,3.2435817666404687,0.0,0.0,156,2.4105215317149487e-06,8.760749574960258
31,3.6473282370247273,0.0,0.0,156,1.4285563523230849e-06,9.279036604020654
31,5.513064000779144,0.0,0.0,156,-1.4971272079833398e-06,10.338751186603792
31,6.706467752953637,0.0,0.0,156,-2.258444979474916e-06,11.785331506709044
31,9.433184404607298,0.0,0.0,156,-1.885365584541887e-06,13.158872319828241
31,17.26669766061316,0.0,0.0,156,4.499934576074338e-06,15.123905615144544
31,11.696882544037946,0.0,0.0,156,-2.9872544970999115e-07,17.601031084795657
31,57.375991065523515,0.0,0.0,161,-8.318163260412348e-07,20.835875481075213
31,56.04552522394527,0.0,0.0,161,-9.303497101598168e-07,26.04156791930091
31,34.00131316068878,0.0,0.0,161,3.4708081173562277e-06,32.942533660611375
31,45.9120694260123,0.0,0.0,161,-6.414868813919838e-07,43.95343159450057
31,94.23890434542929,0.0,0.0,161,-7.158164887499652e-06,67.19490308107183
32,0.08165855739161414,64.24457295668485,70.7554420729825,2,135.13500704965833,5.056566882589779
32,0.014717730041509227,64.27199112769394,37.29415727369698,2,101.65566850899805,4.642230007811742
32,0.0,81.58939481928131,0.0,2,81.58941631987622,4.48571311980907
32,0.0,69.4181719231582,0.0,2,69.41816617421813,4.470049724554146
32,0.0,32.40049007816872,28.88529199509723,16,61.300688821156434,4.578832914141952
32,0.0,31.945678549783967,21.426503553953758,16,53.38037598934682,4.398939645900398
32,0.0,37.29206532963584,12.150679780940122,20,49.44838110748876,4.647953053249902
32,0.0,31.335992197187153,11.814309224919592,20,43.153277873639226,4.334565978651815
32,0.0,29.772144931065135,11.725990602441499,20,41.500558289287454,4.553567372776518
32,0.0,36.14558953448583,0.0,28,36.14558942960524,4.48501641311203
32,0.0,33.03017873253404,0.0,28,33.03017898972931,4.4912910652846385
32,0.0,30.638567119841614,0.0,28,30.638567049396315,4.489672045057727
32,0.0,29.25678737200716,0.0,28,29.25678641270103,4.59789943984671
32,0.0,28.680029199213518,0.0,29,28.680027715182305,4.951912988744038
32,0.0,28.33888174800051,0.0,29,28.338879912145998,5.282914207325053
32,0.0,28.208666613534124,0.0,9,28.208664638876556,5.4270766522917615
32,0.0,20.384986281617252,0.0,9,20.384982648755447,4.059727368285737
32,0.0,19.751926914492252,0.0,9,19.75192407437723,4.124951233057198
32,0.0,19.45027646971606,0.0,9,19.450274003218976,4.316346091135257
32,0.0,18.093574653203394,0.0,13,18.0935736655544,4.300077469094216
32,0.0,18.560894627475587,0.0,13,18.560893179872892,4.557939210836723
32,0.0,16.107672928465067,0.0,13,16.10767292435724,4.276949596391658
32,0.05765184139527174,15.754025857161475,0.0,30,15.754025881899972,4.466869895248225
32,0.0,16.571055187058757,0.0,30,16.57105510262515,4.783489936085713
32,0.0,14.387386197642268,0.0,30,14.387385760741008,4.455179548691664
32,0.0,13.709789592854756,0.0,30,13.709788769121976,4.474724618302371
32,0.0,13.211185713768444,0.0,64,13.211184585842412,4.438578971238259
32,0.0,12.82086018869528,0.0,64,12.820858823671433,4.6123103100305745
32,0.0,12.46204728715203,0.0,64,12.462045713491904,4.745233593330774
32,0.0,10.350201720865234,0.0,64,10.350199744591798,3.9939991745835126
32,0.0,10.160868388920937,0.0,64,10.160866464524066,4.029917079699359
32,0.0,9.91581853240143,0.0,64,9.915816695436781,4.158539980840837
32,0.0,9.762709706891343,0.0,62,9.762707935134536,4.283803022592789
32,0.23446812834755676,6.661178501100054,0.0,62,6.661179369019003,2.7769682139684715
32,0.0,9.444965320076964,0.0,62,9.444963721608211,4.606978255071137
32,0.0,9.245177734921667,0.0,62,9.245176250773463,4.778015475843349
32,0.1124451422453608,6.649820922656699,0.0,62,6.649821689577209,3.3045683823656127
32,0.0,6.922788421769205,0.0,62,6.9227889128029325,3.7790405966585308
32,0.0,7.3710107310817685,0.0,76,7.37101084092998,4.1571341225163945
32,0.0,7.185210830721085,0.0,76,7.185211105105852,4.243066857583173
32,0.0,6.727109377013369,0.0,76,6.727110000385551,4.167658179124919
32,0.0,6.675602837488588,0.0,76,6.675603498307122,4.3958687468314075
32,0.0,6.65774637094942,0.0,76,6.657747046449664,4.564969362260227
32,0.0,6.424548746976029,0.0,76,6.424549547230896,4.538533545525066
32,0.0,5.9441481499578686,0.0,76,5.944149067093202,4.439304088821006
32,0.0,5.728432305531723,0.0,76,5.728433195160992,4.5141536190820375
32,0.0,5.3644612411397565,0.0,76,5.364461963104141,4.445435903209832
32,0.04567491343543059,5.246659178283663,0.0,76,5.2466597976256555,4.495281036120591
32,0.0,5.182363351647441,0.0,76,5.182363906931716,4.569671177323084
32,0.0,4.620734204661776,0.0,76,4.6207339295439525,4.425459934472537
32,0.0,4.4810234006172305,0.0,76,4.481022835755299,4.486264017034102
32,0.0,4.348711784214594,0.0,76,4.34871091942129,4.564035318509822
32,0.0,4.084257932517852,0.0,73,4.0842563793555176,4.532572138205868
32,0.0,4.023224838276416,0.0,73,4.023223111575454,4.5860309660369545
32,0.0,3.6383563066485296,0.0,98,3.638353410976489,4.4971150422074775
32,0.0,3.3688927690237818,0.0,98,3.368888986184949,4.413242812624301
32,0.0,3.260870064600077,0.0,98,3.260865925343108,4.425877609300493
32,0.0,3.1860064537130834,0.0,98,3.186002067523665,4.467664617906156
32,0.0,2.978526805655382,0.0,98,2.9785217577519667,4.600641952198753
32,0.0,2.7380569994725183,0.0,98,2.738051251792143,4.567592566088333
32,0.0,2.5134149583828065,0.0,98,2.513408671242839,4.5191137073598
32,0.0,2.4351324957390035,0.0,98,2.4351260473876266,4.548497566399549
32,0.0,2.354070738125205,0.0,98,2.3540641621915235,4.5977109506011296
32,0.0,2.169511298288698,0.0,98,2.1695045198081537,4.661349204493149
32,0.0,1.94419796073432,0.0,98,1.9441911795226723,4.639303677396679
32,0.0,1.7160914580205215,0.0,98,1.7160850089019153,4.486493578432851
32,0.0,1.5491149024006083,0.0,98,1.5491089647895784,4.54330844924513
32,0.0,1.3008504702182315,0.0,98,1.3008457589392908,4.423947793613783
32,0.0,1.2615460083163081,0.0,98,1.2615415617593637,4.593297052483003
32,0.0,1.1040282858037238,0.0,98,1.1040250406493683,4.527085718404841
32,0.0,0.9447893379711664,0.0,98,0.944787648898199,4.631364366536387
32,0.0,0.8224910294033744,0.0,98,0.8224907735526408,4.6156169875897355
32,0.0,0.7059516446493483,0.0,73,0.7059529552408819,4.518239017634299
32,0.0,0.4529881092784169,0.0,73,0.4529936354067772,4.51059183397153
32,0.0,0.3967439231991221,0.0,73,0.39675053831745544,4.515404313781751
32,0.0,0.3406067257147191,0.0,73,0.3406144796098012,4.640755088548458
32,0.0,0.07798850854831979,0.0,73,0.07800249085259026,4.622715614212451
32,0.0,0.0,0.0,124,1.6114513694986954e-05,4.499231196249754
32,0.18723882049631985,0.0,0.0,124,1.498805621835686e-05,4.88455040343989
32,0.5270483374576622,0.0,0.0,124,1.3057460961363176e-05,5.280476696308154
32,1.0139559884740617,0.0,0.0,124,1.0548683992084307e-05,5.70196094324194
32,1.6384120560042386,0.0,0.0,124,7.749985442728757e-06,6.3809935759493746
32,1.9464380725452683,0.0,0.0,124,6.52799507250279e-06,6.794171465623446
32,2.391050139798993,0.0,0.0,124,4.940487524862647e-06,7.456427566702716
32,2.9134726230286274,0.0,0.0,132,3.3189204238226466e-06,8.265373445958815
32,3.982348813077885,0.0,0.0,132,7.594694828583215e-07,9.595881285235542
32,5.545598720443746,0.0,0.0,132,-1.4685238411971113e-06,10.367161401218375
32,6.785006479505951,0.0,0.0,132,-2.228633420031656e-06,11.913091690926347
32,9.35731153923939,0.0,0.0,132,-1.89717579957005e-06,12.995337512912991
32,10.19520734720043,0.0,0.0,132,-1.4161884251961965e-06,14.982439101481619
32,14.005858088127066,0.0,0.0,132,1.7006762078608517e-06,17.339314931813277
32,31.26604240754557,0.0,0.0,132,4.787634889424908e-06,20.541794971856277
32,32.58294087427805,0.0,0.0,132,4.116412441135253e-06,25.46533655170726
32,54.92364545156298,0.0,0.0,132,-9.684298873935404e-07,32.65682469224552
32,41.06080606140245,0.0,0.0,132,3.9478302937823173e-07,43.514178897278015
32,95.7614777002489,0.0,0.0,132,-6.316610726031513e-06,66.10121961266567
33,0.0006984403245565534,81.7578329927395,0.0,4,81.75784059483705,4.4193464827643645
33,0.02188724459644371,70.4709671758222,0.0,4,70.47096707283688,4.427703486040965
33,0.034210111525301304,63.90681453553941,0.0,4,63.90681759373685,4.4919311414768295
33,0.03489196194394198,63.543606018265166,0.0,4,63.54361019259957,4.677245232569671
33,0.07384835695626563,65.79470115028869,1.8427317535388843,23,67.6406473498447,6.3060974472544995
33,0.971147153155611,6.088061632915412,0.9533363567724482,23,7.0413858840937795,-2.0798270515353217
33,0.9669206273144125,5.970979799981412,0.9108662493716745,23,6.881834156914099,-1.8741902879872718
33,0.9374656411063798,5.9360614601769575,0.8801434537430042,23,6.816193469933262,-1.753551366847704
33,1.2203779650311053,5.856668318197097,1.0724230522148337,23,6.9290754056807735,-1.6840391051307524
33,1.3436534923674412,5.822073743776719,1.156206496388657,23,6.97826201498898,-1.5172543547011337
33,1.4014748512160093,5.805847446919626,1.1955044227153175,23,7.001332513276214,-1.4183903147969268
33,0.9050236130701196,5.760453004426643,0.8550236851130291,48,6.615465443536063,-1.2629123161019482
33,0.5890599911763997,5.729505537087323,1.059240605968415,48,6.7887369162783635,-1.1362060180315456
33,0.6902227786611579,5.603023572232934,0.9730232228801267,48,6.576036536365406,-0.9810429604375148
33,0.723829175376215,5.561006115084109,0.9443817070437266,48,6.505377266296408,-0.8608456892604419
33,0.5844791431081895,5.572554054867739,0.9177253862134043,57,6.490270365538487,-0.7100665385495013
33,0.5923998966912243,5.5656054094036485,0.9159514321396464,57,6.481547690117356,-0.700962543468588
33,0.6801987847708321,5.488582012701433,0.8962877481798482,57,6.384859703732541,-0.5503192568837552
33,0.5383512256986803,5.507767711581395,0.8573167148942185,65,6.365075868351095,-0.3939909172162146
33,0.6571965260552096,5.414845730284126,0.8659955906618616,65,6.280831448096263,-0.27767950653003304
33,0.6325709285100218,5.37515396262983,0.8512116736481768,69,6.22635597387635,-0.1302815781273008
33,0.7268789783866393,5.304759338012094,0.8713197732208945,69,6.176068294483633,-0.017995187953358638
33,2.163419339873139,6.4624741680221645,0.9781250802495733,74,7.440575832946839,0.707543415356156
33,0.6025557335863098,5.261652331230204,0.8373260208949671,74,6.098968725464209,0.19269418300142327
33,0.6495255133978681,5.181620592819225,0.8586327334901068,74,6.040242929083535,0.32989204804982464
33,0.617421952732232,5.129999962369715,0.8505413017477055,74,5.98053104088509,0.47556512460898936
33,0.5514426635209057,5.080256186958275,0.848962302064373,74,5.929208712138502,0.6009607550046283
33,0.5616416151906117,5.0428592512270605,0.8371841954843277,74,5.880033511484559,0.7117921905343039
33,0.5351242480318349,4.984647929452446,0.8222100843625834,74,5.806848200306629,0.8770106583025772
33,2.4279189536201846,5.879692522856242,0.8672209388126416,74,6.746889057747541,1.5977394518215569
33,0.42015794328742073,4.78030692463,0.9188563705916437,74,5.699153370378225,1.2103432209149396
33,0.4464173109391735,4.809423182104119,0.8357476075547355,74,5.645161048195426,1.2386571583113941
33,0.4463186340181198,4.788554529271698,0.77684246606213,74,5.565387464367591,1.3880604558638883
33,2.526268089690025,5.662996284599187,0.8259833493040202,74,6.48895485426371,2.2045547815485538
33,0.3634286756432113,4.610808059462036,0.78292179137332,104,5.3937202869734335,1.737767026040924
33,0.38287081662523365,4.609808206950765,0.7317131817764728,104,5.341511917525963,1.8221023935056682
33,0.226451419785289,4.4581919560145815,0.9185622947528351,111,5.3767448345393,2.042215827590466
33,0.27867629435297064,4.445892676728914,0.8129725269726371,111,5.258855501221776,2.0553225043380863
33,0.3386342957085048,4.4317721985049525,0.6917476989169766,111,5.123510234503565,2.2145450062391134
33,0.2557518535133738,4.260962267244998,0.7918539153850694,121,5.052805864687908,2.417733285832579
33,0.2722420930912828,4.254376563395163,0.7490586752513538,121,5.003424948942456,2.455891329897174
33,0.3079556133741932,4.2401136615793895,0.656375444707212,121,4.896479011398476,2.589180263187986
33,0.1454774109660227,4.0420218690897585,0.9538482180390748,130,4.995859184239118,2.902816555831251
33,0.160507729532959,4.0100041977191765,0.8988225746476601,130,4.908815623137993,2.9108435255890353
33,0.20266704153190707,3.9201961879434215,0.7444783232367352,130,4.664663007555289,3.020615880114125
33,0.2727827503888413,3.9412455506100326,0.6001751100942626,135,4.541409722382454,3.0910414710238268
33,0.2607052673282701,3.674465608399418,0.9824815596050007,135,4.656932488004012,3.431509646836174
33,0.25613254874432606,3.573458669002204,1.127228589898641,135,4.700671544886072,3.7678614325959465
33,0.21855682828843104,3.674779607991499,0.5025577478907332,141,4.177326268346533,3.5019786336999026
33,0.25953565100605824,3.6519095405694535,0.47531671468833275,141,4.12721510192655,3.55937005755732
33,0.3083271844859654,3.6246792399822563,0.44288211321915844,141,4.067550166653016,3.6409971146591964
33,0.418401170733326,3.563247521842449,0.36970946170725705,141,3.9329459546631664,3.8703851979563506
33,0.1660809843913211,3.442895087909931,0.3773586471488271,153,3.820243228389904,3.869472784290057
33,0.2721288555533349,3.3603976671151425,0.30019590884726177,153,3.660583324493242,4.0674564790850525
33,0.34720274261770706,3.3019957210507287,0.24557051526459053,153,3.54755639539003,4.237003555938459
33,0.35854934847585906,3.293168898712706,0.2373144779783163,153,3.530473616125004,4.264045460876604
33,0.4324020439412048,3.235716949627128,0.18357764997210804,153,3.4192854492062192,4.44623870467014
33,0.5225143863454211,3.1656161946693286,0.11800994909808744,153,3.2836179870627458,4.679171157090007
33,0.5627266906584442,3.1343339883063988,0.08875060159578559,153,3.2230769726392534,4.786383333432848
33,0.1602455572139205,2.881129385493243,2.874223928022408e-09,166,2.8811240125249054,4.603007961879008
33,0.21523129461529278,2.741581519822018,2.874223928022408e-09,166,2.741575621036146,4.603054653728277
33,0.0,2.381714277642696,0.0,171,2.3817079621285124,4.586736310172144
33,0.0,2.2644610786007626,0.0,171,2.264454592171381,4.651181590717
33,0.0,2.063309722739767,0.0,171,2.0633030837798625,4.64076894211953
33,0.0,1.802203818335332,0.0,171,1.8021973359374108,4.5453630745221805
33,0.0,1.720221094749372,0.0,171,1.720214758708531,4.482981070175441
33,0.0,1.5648727969484244,0.0,171,1.564866882312126,4.560899512708355
33,0.0,1.302461124871154,0.0,171,1.3024564543203905,4.424386415672904
33,0.0,1.126902609413413,0.0,171,1.126899190796676,4.549251441266746
33,0.0,0.9808105643605982,0.0,171,0.980808487775704,4.6392165869044
33,0.0,0.8275637487567846,0.0,171,0.8275633878875546,4.616574508996111
33,0.0,0.5942628799151275,0.0,171,0.5942658406314614,4.594863598741371
33,0.0,0.47702737710179877,0.0,171,0.4770323585009848,4.4750524622913
33,0.0,0.32053085365389666,0.0,171,0.3205389308198505,4.713147579842021
33,0.0,0.30474046328281235,0.0,171,0.3047488857183893,4.763031114554183
33,0.0,0.0,0.0,200,1.5988677969147602e-05,4.499230703471033
33,0.2432877636082964,0.0,0.0,200,1.4535832157491768e-05,4.942271533756548
33,0.8958474104915626,0.0,0.0,200,1.1048509996669509e-05,5.5923939885552
33,1.2414577843702979,0.0,0.0,200,9.400420083238714e-06,5.9614947507470974
33,1.8018613058676747,0.0,0.0,200,7.0320599157014385e-06,6.691780988156687
33,2.3543828320683193,0.0,0.0,200,5.018912755616611e-06,7.520970884877878
33,2.8498987454204983,0.0,0.0,206,3.469265248412512e-06,8.277471585858539
33,3.866068668856115,0.0,0.0,206,9.737503070539333e-07,9.530880389973746
33,5.716021352443645,0.0,0.0,206,-1.6177459762900526e-06,10.537822361001819
33,8.808960562890288,0.0,0.0,206,-2.1378500107971377e-06,12.13787913378021
33,22.262473139245998,0.0,0.0,206,6.6243442944369235e-06,14.388978096731806
33,28.591593858835818,0.0,0.0,206,5.865517429981537e-06,16.100798128045852
33,30.587472602599377,0.0,0.0,206,5.0139906342394625e-06,19.144992330895505
33,31.756703890369153,0.0,0.0,206,4.45779105362476e-06,22.47677385924468
33,55.71250920919434,0.0,0.0,206,-8.400509869943562e-07,27.925006727713846
33,34.480928257361974,0.0,0.0,206,3.0746752770483e-06,35.66644429927678
33,44.06668801269613,0.0,0.0,206,-3.174858917986967e-07,49.633959944875976
33,69.24335042415257,0.0,0.0,206,1.7473435320880526e-06,76.39849661304315
34,0.0005835246248747947,81.75208362422627,0.0,3,81.75209184432408,4.42108451771284
34,0.021497067081230174,70.27853033742927,0.0,3,70.27852885156229,4.381164982820039
34,0.03266186420781026,64.15331768943207,0.0,3,64.15331997933092,4.445375266614125
34,0.0,7.514734513690084,0.7769748491886849,17,8.291708801923297,-1.963431420644298
34,0.0,7.440312774737971,0.7098137320922983,17,8.150125786570657,-1.8093166952064195
34,0.0,7.4109493800307735,0.6833559612984299,17,8.094304569587486,-1.6957772660060932
34,0.0,7.4223035834744895,0.6216963083388147,17,8.043998892264312,-1.5335917090151057
34,0.0,7.404561079781273,0.5918899428929644,17,7.996449967234771,-1.374203625962343
34,0.0,7.2695214435795315,0.8175886192346333,35,8.087110099787202,-1.2882046086224648
34,0.0,7.231404828819123,0.862630919551733,35,8.094036077711175,-1.0486162503843879
34,0.0,7.54102408415926,0.4967546849845267,35,8.037777313610224,-0.921912578027591
34,0.0,7.557843247512691,0.4768795252514425,35,8.03472127276245,-0.7566383091761093
34,0.0,7.1826335015061025,0.9202638648042154,35,8.102898104900568,-0.6616781249971755
34,0.0,7.194535946399635,0.6099454590225463,46,7.804480709335001,-0.5628993274652139
34,0.0,7.29081431244569,0.4855877684791211,46,7.776400973499447,-0.3921681416135936
34,0.0,7.305041496733819,0.46721126445576494,46,7.77225160603102,-0.3305991440313196
34,0.0,7.049498664685276,0.7972824708291921,46,7.846781387573037,-0.07039070729172714
34,0.0,7.255598374641037,0.4450997400715114,22,7.700697003601427,0.0677557969787479
34,0.0,7.246333284604521,0.4318219503122338,22,7.678154128701376,0.2184363720279805
34,0.0,7.084463638239426,0.5543530750823972,57,7.638816009208343,0.3116809263620812
34,0.0,7.128567537240356,0.4950596149038377,57,7.623626276590457,0.4332673388489301
34,0.0,7.169573303882003,0.4399312963983355,57,7.6095036042206115,0.6047089139749691
34,0.0,7.217630554936258,0.3753229337314328,57,7.592952406326983,0.85013865217757
34,0.0,7.235162469935971,0.3517529563045512,57,7.586914327718011,0.9511353385021977
34,0.0,7.27032031539399,0.30448660668804495,57,7.574805818352633,1.187550431934607
34,0.0,7.289343600360911,0.27891162544596326,57,7.568254141504331,1.3450588379754027
34,0.0,7.305333157166609,0.25741520061260514,57,7.562747281688768,1.4987775376529733
34,0.06636684614983157,6.689889323772532,0.7234686140280192,67,7.4133578472498325,1.6824713404071865
34,0.08638844018098489,6.625824216177702,0.6742310106898745,67,7.300054923559387,1.7292666981756835
34,0.16643472203893822,6.369692079454893,0.4773791981577328,67,6.84707046508329,1.7506809962220462
34,0.1950416249935702,6.377863393444954,0.4235242427972465,67,6.801386755501907,1.765767554200444
34,0.1938384137630276,6.282005731601288,0.4099873560790233,67,6.691992278102264,1.9534187238587428
34,0.09608646873763914,6.229274256453867,0.5731907346421659,99,6.802464611681151,2.2365655796820825
34,0.1823395639253082,6.176144195381679,0.40388440913816015,99,6.580027874890657,2.1657788657262476
34,0.09803729614490683,6.081179712814901,0.4913580301565662,99,6.572537295527232,2.3690300537693254
34,0.09945614287897946,5.973469795067527,0.4318406863530245,99,6.405310033829847,2.524009820877069
34,0.09989017811722271,5.94052057039937,0.41363391047158377,99,6.35415404446648,2.5837800810188263
34,0.10123697624110631,5.838280129862547,0.35713883947609887,99,6.1954185855093975,2.8083310231611716
34,0.0,5.801893508442192,0.4564227398583352,107,6.2583161619213925,2.9720381718279363
34,0.08086167550546423,5.710856712070632,0.3646770009842673,107,6.075533350320901,2.9943550906309113
34,0.0,5.610791503587057,0.493085433107774,107,6.103876778760933,3.217146681106346
34,0.0,5.455532520998239,0.5228716849955487,107,5.978403946783152,3.4398490212507635
34,0.050390606056269986,5.374591599459215,0.3033932489862368,107,5.677984486850111,3.4893713921698417
34,0.0,5.27890168854666,0.5567581009621119,107,5.835659340757999,3.7277788998744494
34,0.0,5.22592005223,0.5669225651267004,107,5.7928420975464245,3.818115411034327
34,0.0,5.110272105165238,0.5891094867729532,107,5.699380893158683,4.010173812625528
34,0.0,5.006132201741634,0.6090886038792341,107,5.6152198998484835,4.1690831236596715
34,0.0,4.880096168643617,0.6332684675250997,107,5.5133634452553935,4.341109342654484
34,0.25830088079119223,5.17910708409203,0.10010204597573046,131,5.2792094061854264,4.365107925589271
34,0.291908210914327,5.15722275102547,0.07100798413559985,131,5.228231244263972,4.5189606814320555
34,0.0,4.849013424765397,0.0,139,4.849014364541221,4.533848865192926
34,0.033688653521991886,4.513114382417129,0.13186082457009551,139,4.644974378984582,4.3893677554444075
34,0.0,4.389656549344398,0.0,139,4.389656738796965,4.560133629683792
34,0.0,4.210610401261921,0.0,139,4.210610186242954,4.555559821222147
34,0.0,4.0119453066212065,0.0,139,4.011944583100256,4.597829067062177
34,0.01590685698939316,3.7063213213900643,0.0,139,3.706319693917054,4.454889422544925
34,0.0,3.5124566245894497,0.0,139,3.5124543752828714,4.490928128070202
34,0.0,3.3727767600166327,0.0,139,3.3727740427524147,4.531811464417846
34,0.0,3.2929176367890003,0.0,139,3.2929146439153634,4.584291743068556
34,0.0,2.924717844189134,0.0,139,2.9247136128727576,4.583687044975607
34,0.0,2.789119139841784,0.0,139,2.7891144663931957,4.5101357387824486
34,0.0,2.501245365815868,0.0,139,2.5012398817585826,4.50892408423797
34,0.0,2.495293402436072,0.0,139,2.4952879048731766,4.512132579437461
34,0.0,2.2225365634462255,0.0,139,2.2225305307065604,4.66065208599586
34,0.0,2.105033311151355,0.0,139,2.105027143991558,4.648845477682375
34,0.0,1.8034908346987455,0.0,139,1.8034846803740887,4.547241157398643
34,0.0,1.7359245734839435,0.0,139,1.7359185029175936,4.477362393925665
34,0.0,1.5362848068020067,0.0,139,1.5362792033491228,4.543516988601361
34,0.0,1.4885762238278366,0.0,139,1.4885707778741946,4.677493253088153
34,0.0,1.260910684824773,0.0,139,1.260906355655992,4.59767328548744
34,0.0,1.0682697623457915,0.0,139,1.068266824841281,4.559340166689067
34,0.0,0.8912273167790807,0.0,139,0.8912260827440353,4.61902159711909
34,0.0,0.6879383393531933,0.0,138,0.6879396411952872,4.534377456601785
34,0.0,0.5743678088651325,0.0,138,0.5743708180778668,4.50214472891329
34,0.0,0.42509365275534144,0.0,138,0.425099265550795,4.532864920943908
34,0.0,0.27840913275953144,0.0,138,0.2784177043935472,4.819548275966664
34,0.0,0.0,0.0,195,1.543544648185957e-05,4.4992309156329
34,0.029547493131944214,0.0,0.0,195,1.526369671012162e-05,4.575654695852672
34,0.4041339865346952,0.0,0.0,195,1.315409106439347e-05,5.142744207895202
34,0.9842331886196133,0.0,0.0,195,1.0229484157520119e-05,5.678480092201257
34,1.5977397388362027,0.0,0.0,195,7.565742464521463e-06,6.375629400700347
34,2.1422640209522488,0.0,0.0,195,5.529049456498569e-06,7.142747513428936
34,2.7458616260150017,0.0,0.0,195,3.609016665961917e-06,8.065731928862906
34,3.5279162646897873,0.0,0.0,198,1.6225523609136872e-06,9.14851737527307
34,5.579935858239768,0.0,0.0,198,-1.4883868395543232e-06,10.398916967388939
34,8.391142097657719,0.0,0.0,220,-2.2207537782037434e-06,11.925113664965851
34,22.324457202026476,0.0,0.0,220,6.358633243053191e-06,14.225689080104585
34,29.197860525021195,0.0,0.0,220,5.405908112265934e-06,16.606282883640205
34,62.47083891306684,0.0,0.0,220,-3.9855773792396576e-08,19.68408741632374
34,32.362409450270384,0.0,0.0,220,4.004365191434545e-06,24.691458405496142
34,65.02608981814659,0.0,0.0,220,5.256222372906905e-07,31.52153255300417
34,37.119416437295676,0.0,0.0,220,1.7780993211147234e-06,42.874799819787434
34,82.93011657881668,0.0,0.0,220,1.961191056665257e-06,66.49099129923653
35,0.0,81.42592967232724,0.0,2,81.42596476096631,4.675228964695796
35,0.0,67.28308061648988,0.0,2,67.283074597169,4.5516264888674325
35,0.0,63.20325745523926,0.0,2,63.20326201702757,4.957186601222189
35,0.0,38.2619054612157,15.670297741902402,23,53.9411509858504,4.735278414668938
35,0.0,35.53020407137505,13.70221715563111,23,49.238311042360564,4.65544610976608
35,0.0,35.708409513016534,6.562935353327496,29,42.27368065075251,4.541413762047279
35,0.0,31.881201701932444,5.85749905215434,29,37.74004219507739,4.357064516692166
35,0.0,29.487909410022546,5.416364066711018,29,34.90516182880263,4.574999347807765
35,0.0,31.522982118078957,0.0,37,31.5229823523943,4.29005286332295
35,0.0,30.04847014521925,0.0,37,30.048469771599596,4.535228763305783
35,0.0,28.856833036663225,0.0,39,28.856831670923444,4.821619397078024
35,0.0,28.630948940912077,0.0,39,28.630947341527673,5.013396159027732
35,0.0,28.132363973322487,0.0,39,28.132361818876838,5.573659539212412
35,0.0,27.83988201811698,0.0,49,27.839879515016527,5.9653677430812655
35,0.0,27.57683625873204,0.0,49,27.576833425063224,6.340517891520172
35,0.0,27.39302501767691,0.0,49,27.39302195493432,6.6091728597208075
35,0.0,18.62064134365867,0.0,49,18.62063983674304,4.460954583612869
35,0.0,18.372961298696524,0.0,49,18.372960081289637,4.437435778909103
35,0.0,17.616269616139874,0.0,39,17.616269123518485,4.750553223758601
35,0.0,16.065781776504924,0.0,39,16.065781962617432,4.521576194809766
35,0.0,15.246961426368982,0.0,39,15.246961505483908,4.453223692140961
35,0.0,14.593747752720349,0.0,39,14.593747557972511,4.520814226388236
35,0.0,13.575240670233207,0.0,39,13.575239787606293,4.41937140280114
35,0.0,13.145192740296535,0.0,39,13.14519153480318,4.4452814951760615
35,0.0,22.336340748658795,0.0,39,22.336334819453675,8.701769854955714
35,0.0,10.354072299796979,0.0,85,10.354069915390596,3.679825788879878
35,0.0,10.054784363613646,0.0,85,10.054782038319875,3.8286672622446556
35,0.0,9.997549135322181,0.0,85,9.997546837234479,3.879175189103714
35,0.0,9.772712915974724,0.0,85,9.772710678055738,4.141780164268525
35,0.7516656379401473,7.36793114549068,0.0,106,7.367932022032205,2.9763924169297393
35,0.48565578039175983,8.438069642497775,0.0,106,8.438069099916833,3.7006175047011745
35,0.3522096964558269,8.434846148148923,0.0,106,8.43484540927991,3.888322645087273
35,0.28414302464778013,8.433201944546637,0.0,106,8.433201096855964,4.0938953262421265
35,0.211477645528274,8.431446655578686,0.0,106,8.431445720016972,4.340460682191091
35,0.14915479261997378,8.429941198406556,0.0,106,8.429940164527459,4.529286690945504
35,0.0,6.925672195716177,0.0,86,6.925672661504679,3.872084679973023
35,0.0,7.32620653837361,0.0,86,7.326206546597044,4.344238529428665
35,0.09990468180579623,6.429443331513922,0.0,86,6.429444383083986,3.9724013287255477
35,0.0,6.692601316751034,0.0,85,6.692602045344479,4.264193116882742
35,0.0,6.771719635617268,0.0,85,6.771720271485526,4.5589943402898125
35,0.0,6.447398340795352,0.0,85,6.447399295889346,4.580746749464346
35,0.0,5.875483819608174,0.0,85,5.875485160850765,4.462153025606074
35,0.0,5.848215276461399,0.0,85,5.848216627428487,4.472975006134785
35,0.0,5.373366297886857,0.0,86,5.373367675425781,4.445717428067876
35,0.0,5.2805567646598455,0.0,86,5.2805581102931125,4.477915459996273
35,0.0,5.197883464136173,0.0,86,5.197884759896347,4.562628779161994
35,0.0,4.755086131018484,0.0,136,4.7550870096979345,4.481223127568207
35,0.0,4.5601632442828794,0.0,136,4.56016382398448,4.522416288684084
35,0.0,4.362765952923444,0.0,136,4.362766166934511,4.565012497315108
35,0.0,4.1105607712061865,0.0,136,4.110560396597737,4.5241386160177015
35,0.0,4.068288514880125,0.0,136,4.068288033296312,4.542551964744295
35,0.0,3.659791522307212,0.0,136,3.6597898482536078,4.484930697571995
35,0.0,3.504789043704839,0.0,136,3.504786854934096,4.4900921501458235
35,0.0,3.3528761957745283,0.0,136,3.3528734943192227,4.54468168599154
35,0.0,3.2425500976121757,0.0,136,3.2425470153704303,4.613099248612182
35,0.0,3.0586570774336264,0.0,136,3.058653365892628,4.639125726507524
35,0.0,2.762102391264001,0.0,136,2.7620976950274336,4.4979756861329
35,0.0,2.54020720696029,0.0,136,2.540201866658162,4.4907234858539145
35,0.0,2.4813598857515906,0.0,136,2.481354405542369,4.520021244124003
35,0.0,2.397218615051979,0.0,136,2.3972129325070792,4.575957373818637
35,0.0,2.154017369161924,0.0,136,2.154011274912408,4.658542933791864
35,0.0,1.9826712216072815,0.0,136,1.9826650041505829,4.637018212152682
35,0.0,1.7259410708844847,0.0,136,1.7259350073506603,4.479538257643462
35,0.0,1.7010686125295236,0.0,136,1.7010625875044685,4.506084278718278
35,0.0,1.5471097460613745,0.0,137,1.547104082783795,4.542362671053036
35,0.0,1.2886558041719607,0.0,137,1.288651263031939,4.443328336560276
35,0.0,1.2421318549627955,0.0,137,1.2421275833138719,4.719509704978275
35,0.0,1.0982290678849815,0.0,137,1.098225816606286,4.527994466079642
35,0.0,0.9627051891229075,0.0,137,0.9627031505645167,4.6366888489335185
35,0.0,0.7358830798734783,0.0,85,0.7358836397581054,4.542149587447927
35,0.0,0.6954971642412988,0.0,85,0.6954982837434436,4.523713836738262
35,0.0,0.454272919527432,0.0,85,0.4542779094156675,4.507608717223064
35,0.0,0.4015631057937827,0.0,129,0.40156908393703894,4.516008485422223
35,0.0,0.3383592388615783,0.0,129,0.33836647725312297,4.648979120871843
35,0.0,0.0,0.013252451222051705,184,0.013267198932513935,4.511053918144178
35,0.0,0.0,0.0,184,1.5393004357378004e-05,4.499231311988844
35,0.16489693577721976,0.0,0.0,184,1.4442806136827357e-05,4.8590524211829464
35,0.5339964392709118,0.0,0.0,184,1.2436832111717422e-05,5.305824862834591
35,1.0931125733903535,0.0,0.0,184,9.720608915131379e-06,5.760751670917096
35,1.688166658934123,0.0,0.0,201,7.209142232511567e-06,6.355538267711153
35,2.0999652766909542,0.0,0.0,201,5.691064604462781e-06,6.884473725238273
35,2.644821382859222,0.0,0.0,201,3.930638435178935e-06,7.698839877941431
35,3.1751381251482997,0.0,0.0,215,2.4765472161902835e-06,8.52013829058383
35,3.673723092737888,0.0,0.0,215,1.3279911179608916e-06,9.202171406304382
35,5.364656535839915,0.0,0.0,215,-1.2586595978802961e-06,10.22886504806574
35,6.579068042658612,0.0,0.0,201,-2.0904829547419013e-06,11.582225733967977
35,9.622328729745004,0.0,0.0,201,-1.76015310415778e-06,13.578365834590171
35,10.234524352169464,0.0,0.0,201,-1.416226137251897e-06,15.0769828209535
35,13.890138404568145,0.0,0.0,201,1.397576340878004e-06,17.39362957644393
35,31.357110417450297,0.0,0.0,219,4.415335506990914e-06,20.662239794641955
35,78.79787947655599,0.0,0.0,219,3.3083705766046023e-06,25.677809626289672
35,33.91454492565047,0.0,0.0,219,3.210791298613458e-06,32.27188572421478
35,53.53174691713186,0.0,0.0,219,-8.715418040594614e-07,43.96295898448386
35,71.33101243806038,0.0,0.0,219,2.341375921588451e-06,68.82338875892736
36,0.014674127055943429,64.27700512199253,56.51586451918661,1,120.92516846686834,7.796911276997509
36,0.0,81.46116510137831,0.0,1,81.46119777916277,4.600311381395857
36,0.0,80.92539274898542,0.0,1,80.92546218206189,5.679185554888553
36,0.0,68.40509932882951,0.0,1,68.40509239597884,4.591488879845961
36,0.0,63.61672222093744,0.0,1,63.616725572850555,4.61989437133793
36,0.0,63.07916541250628,0.0,1,63.07917016449703,5.084636850655596
36,0.0,62.258837414729776,0.0,1,62.25884421045942,6.232020026887597
36,0.0,35.91600863771245,15.842958060514182,24,51.76661102192783,4.7689010539523515
36,0.0,34.337875927039704,15.65525227137328,24,49.99963904407624,4.937720638558645
36,0.0,30.86120364699759,15.241730956279689,24,46.10729015395517,4.690679681634489
36,0.0,37.01495621329287,5.759810712890275,31,42.77707912503397,4.62961983666756
36,0.0,34.97321577346964,5.579663521124019,31,40.55470646623769,4.555725904621736
36,0.0,31.401979836667586,5.984105795365592,38,37.387415373587075,4.350350805465666
36,0.0,30.93874241508597,5.484711397357842,38,36.42458083720134,4.447850348584886
36,0.0,31.49966454108426,2.2380374115341763,38,33.73812562183303,4.299191940460364
36,0.0,29.2926614724853,3.710149233110818,38,33.00337007748652,4.612124379871805
36,0.0,30.9140937311666,0.0,47,30.91409380924313,4.417370831658648
36,3.499352080368936,0.0,13.486040475110734,47,13.485428530677083,-1.8434496064391297
36,3.6149423714300166,0.0,13.162388857829379,47,13.16176398293991,-1.7887334422585752
36,3.6648349369068667,0.0,13.022690191456393,47,13.022060520971515,-1.709605639911711
36,3.724746889131171,0.0,12.854937346006487,47,12.854302519026799,-1.569834849305444
36,3.824224244186218,0.0,12.576401782587718,47,12.575759831622936,-1.2296061319222158
36,3.871362213352969,0.0,12.444415957341237,47,12.443771229747245,-1.021451943345694
36,3.899682828842076,0.0,12.365118527416008,47,12.364472309532337,-0.8820221436355045
36,3.132286863401823,0.0,2.0155958013361173,63,2.015492082745631,-5.816511304364704
36,0.0,26.795447873723337,0.0,63,26.79544400444562,7.468468858686283
36,3.0705591032009045,0.0,2.087878848115406,63,2.0877744804624,-5.632917923716571
36,3.0490453683296073,0.0,2.1130713757405384,63,2.1129668305076628,-5.559598234664156
36,3.306564335251836,0.0,0.0,76,2.4570236103471643e-06,-6.681674224591523
36,3.2302316640279938,0.0,0.0,76,2.635860530730838e-06,-6.647960581902035
36,3.1713486272207936,0.0,0.0,76,2.7862101514841697e-06,-6.577234263522927
36,3.153933039868924,0.0,0.0,76,2.821027958788136e-06,-6.549117105855219
36,3.1184705068394103,0.0,0.0,76,2.9175682438875583e-06,-6.481992253475722
36,3.507493210431456,0.0,0.0,76,1.9933137238581367e-06,-6.435751651961526
36,3.5299503421597898,0.0,0.0,108,1.941087012014009e-06,-6.376636366299403
36,3.0567013267456415,0.0,0.0,108,3.0710831211422374e-06,-6.334436024930037
36,3.0361012360424953,0.0,0.0,108,3.11381406525868e-06,-6.276862747020891
36,3.00958516970943,0.0,0.0,100,3.1913628184554454e-06,-6.196801984427056
36,2.994349172710844,0.0,0.0,100,3.227763253121907e-06,-6.147828746046811
36,2.9709957835767487,0.0,0.0,100,3.2910683565035015e-06,-6.068645747806871
36,3.6346084483249226,0.0,0.0,82,1.714771265426407e-06,-6.013911801217381
36,2.939801230537526,0.0,0.0,82,3.3717823644252576e-06,-5.955288084721049
36,3.6632606452304546,0.0,0.0,82,1.6577966714947934e-06,-5.889247078969282
36,2.905144921699169,0.0,0.0,105,3.461992138298342e-06,-5.819498132843618
36,2.880235563183379,0.0,0.0,105,3.5363756349937603e-06,-5.715708242065995
36,2.8721331595781088,0.0,0.0,105,3.549036655670079e-06,-5.680862247266974
36,2.8491632235175604,0.0,0.0,107,3.6186722702780116e-06,-5.579241678331774
36,3.7435073583867453,0.0,0.0,107,1.496368657427638e-06,-5.4814088945472275
36,2.814447934908236,0.0,0.0,107,3.7041341620636103e-06,-5.417929612062762
36,3.76832611816046,0.0,0.0,107,1.4441419455835103e-06,-5.337706078804965
36,3.7820530908841423,0.0,0.0,107,1.421985158955863e-06,-5.254658267652898
36,3.8007670060206404,0.0,0.0,93,1.3808368422019157e-06,-5.137352249545655
36,3.8116730912955714,0.0,0.0,93,1.3602626829367637e-06,-5.066815815602544
36,2.7216006641555346,0.0,0.0,100,3.9779287366314975e-06,-4.943769336583356
36,3.844568881767587,0.0,0.0,100,1.2906270683288312e-06,-4.844386578174495
36,2.6801115445630597,0.0,0.0,100,4.0902952953558724e-06,-4.7133854202199625
36,2.662354704598825,0.0,0.0,107,4.1425220072e-06,-4.611566251707751
36,2.637445346083035,0.0,0.0,107,4.213740249170428e-06,-4.46563808192858
36,2.616245265580709,0.0,0.0,107,4.272297470464537e-06,-4.33870148087564
36,3.9289382217988846,0.0,0.0,107,1.1323643089866664e-06,-4.2080315863113125
36,3.944941168376993,0.0,0.0,107,1.1007117564076907e-06,-4.076755241176931
36,2.54166706291591,0.0,0.0,107,4.503361100915981e-06,-3.8736514768171393
36,3.986297575487089,0.0,0.0,105,1.0215803758484299e-06,-3.722144340329935
36,4.0028238464706405,0.0,0.0,105,9.96258334495792e-07,-3.574318030444589
36,4.024843307984486,0.0,0.0,105,9.519447612404974e-07,-3.371998540744192
36,2.4355091671814524,0.0,0.0,105,4.8246345034641536e-06,-3.1687567426358374
36,2.380236535818059,0.0,0.0,138,5.0034714220714704e-06,-2.7854828874112627
36,4.092782716175614,0.0,0.0,138,8.348303186522799e-07,-2.7100437464899976
36,2.334694046994703,0.0,0.0,138,5.134829512698502e-06,-2.46298147110123
36,4.15302154415973,0.0,0.0,138,7.16133248701567e-07,-2.0772934337844724
36,4.171728438899228,0.0,0.0,105,6.923938347114245e-07,-1.8724302233050256
36,2.208686813330766,0.0,0.0,105,5.555808455071087e-06,-1.5477055657195375
36,2.1587550758558693,0.0,0.0,105,5.721984353002085e-06,-1.1790468259094293
36,2.1017782170248402,0.0,0.0,75,5.911899666699583e-06,-0.7566601220746829
36,2.0426538640273098,0.0,0.0,75,6.119223881384528e-06,-0.3183431968498578
36,4.3501776513276464,0.0,0.0,75,3.980251008783853e-07,0.25928494934834845
36,4.401833125802197,0.0,0.0,93,3.1098058350664814e-07,0.9273931173318513
36,4.447762981558075,0.0,0.0,93,2.445102236237062e-07,1.5361751196502453
36,1.6689501047123592,0.0,0.0,93,7.48503150127533e-06,2.3247202421576585
36,1.5379687223299028,0.0,0.0,82,7.988307078932166e-06,3.143126210773225
36,1.3648784699939174,0.0,0.0,82,8.69732424568781e-06,4.091450106937682
36,1.0485512814364348,0.0,0.0,82,1.0071045004167445e-05,5.337932622056687
36,4.875062455427055,0.0,0.0,82,-3.5372300999370054e-07,7.278608822606129
36,5.072924581372169,0.0,0.0,82,-5.942824046201167e-07,9.324567095728465
36,6.273621454857029,0.0,0.0,136,-1.5945030504838087e-06,11.351890614723649
36,27.19961952652695,0.0,0.0,136,5.7568021603060515e-06,14.417368347947226
36,57.79754105181024,0.0,0.0,171,-6.49674371189235e-07,19.196992683580348
36,64.19787976992556,0.0,0.0,171,3.220589768204718e-07,25.731597487752847
36,34.782447960663966,0.0,0.0,171,2.6865046134361137e-06,37.15653544657164
36,71.9907606010099,0.0,0.0,171,2.4997545562399637e-06,60.76844637849351
37,0.0,82.2509820890788,0.0,2,82.25094117165402,4.554589256118973
37,0.0,68.2200965427372,0.0,2,68.22008975167843,4.5712221661784245
37,0.0,63.33759039502669,0.0,2,63.33759436086665,4.8220969679054395
37,0.0,38.272123713764465,17.607383342018927,12,55.89047844142224,4.87813262752247
37,0.0,31.91607090348021,14.595960530174862,12,46.51670766805609,4.5835520216007435
37,0.0,34.90459637064951,7.7934846846737145,21,42.70085534267658,4.591597199019887
37,0.0,30.923905526737904,7.613222291424717,21,38.538850562222805,4.480763020260699
37,0.0,31.596739577456933,2.3779412431676485,33,33.975149934499264,4.296745695534666
37,0.0,31.066592841234485,0.0,33,31.066592966005153,4.374553881362122
37,0.0,30.14494592705595,0.0,33,30.144945621836072,4.538544832346421
37,0.0,28.873990417924066,0.0,33,28.873989054178974,4.806901136172991
37,0.0,28.76988129541516,0.0,33,28.769879821574012,4.887199542701875
37,0.0,28.149553709105575,0.0,33,28.1495515243293,5.539625829332141
37,0.0,28.0665448143218,0.0,2,28.066542523759733,5.64487948082156
37,0.0,27.573699423144287,0.0,2,27.573696510905165,6.32060575974163
37,0.0,27.311435676650685,0.0,2,27.311432424255727,6.698563952373125
37,0.0,18.751332343639195,0.0,2,18.751330652412246,4.489434095360846
37,0.0,18.52672097050217,0.0,2,18.526719553933138,4.44190111214945
37,0.0,17.61537927558351,0.0,2,17.61537879252149,4.716478275250882
37,0.0,16.757792428166542,0.0,62,16.75779247401715,4.584342667997248
37,0.0,16.026313705328658,0.0,62,16.0263139134447,4.535156908868414
37,0.0,14.936506350626125,0.0,62,14.93650634769734,4.431418430801418
37,0.0,14.180932581857778,0.0,62,14.180932173537318,4.516310786454925
37,0.0,13.616462820533318,0.0,62,13.616462005016942,4.43527766780786
37,0.0,10.436918575104452,0.0,62,10.436916213981377,3.4986501889878827
37,0.0,10.238406255835434,0.0,62,10.238403911556382,3.570248801581645
37,0.0,10.02058996219575,0.0,62,10.020587664146538,3.754279154457546
37,0.0,9.893432079767388,0.0,62,9.893429815806558,3.9115086736379006
37,0.0,9.790807089616568,0.14257835698704563,62,9.933382122160259,4.186407720334149
37,0.0,9.70351650711291,0.0,62,9.703514317527327,4.202830271616415
37,0.5034034019345447,8.430311437862208,0.0,98,8.430310881240693,3.6674390466255335
37,0.5594528845202716,7.642699174099593,0.0,98,7.642699429675106,3.489884869845076
37,0.2971320242306894,8.42438168094413,0.0,98,8.42438081189124,4.094495916703815
37,0.1821804110331138,8.42107712589054,0.0,98,8.421076088531857,4.497924368997667
37,0.1450788938176575,8.42001055533272,0.0,98,8.420009467379344,4.603030712539592
37,0.0,7.351590942168331,0.0,110,7.351590818709061,4.203402557378256
37,0.0,7.190488397543639,0.0,110,7.190488459698717,4.244074805705532
37,0.0,7.226254130169764,0.0,110,7.226254154687279,4.465529589655565
37,0.0,6.693638410678628,0.0,110,6.693639019211535,4.279409194971848
37,0.887377621977228,6.758999274403172,0.0,110,6.759000693444515,4.5618216205559445
37,0.0,6.368908616168036,0.0,110,6.3689095432358425,4.587301714615329
37,0.0,5.9004552380006094,0.0,118,5.900456501339207,4.443066939163774
37,0.0,5.764462401040945,0.0,118,5.764463722076581,4.494909705203051
37,0.0,5.447964212762399,0.0,118,5.447965587652073,4.472560330460114
37,0.0,5.285731708296511,0.0,118,5.2857330548454975,4.475429403645009
37,0.0,5.130364811955887,0.0,118,5.1303660972815734,4.63415826287536
37,0.0,4.777212531282024,0.0,124,4.777213520411456,4.487790359134829
37,0.0,4.578877884244032,0.0,124,4.578878592983823,4.516480743512156
37,0.0,4.450523860796104,0.0,124,4.450524353775963,4.548480447619765
37,0.0,4.352963261189643,0.0,124,4.3529635777388265,4.566652518520046
37,0.0,4.0687020003174785,0.0,124,4.068701685581429,4.542240552227449
37,0.0,3.669541194936074,0.0,124,3.6695397657252258,4.478604946800726
37,0.0,3.6194375435136346,0.0,124,3.61943595290594,4.503049227954191
37,0.0,3.370202050900379,0.0,125,3.370199646975296,4.533423112341305
37,0.0,3.225985259997028,0.0,125,3.2259823699304473,4.624802936917977
37,0.0,3.0661331498157036,0.0,125,3.0661297248476203,4.64644485943802
37,0.0,2.752114516605865,0.0,110,2.752110060411873,4.469615508461569
37,0.0,2.5571308968155972,0.0,110,2.5571258683008544,4.463068621890999
37,0.0,2.539017376780824,0.0,110,2.5390122921690317,4.472363487786112
37,0.0,2.4110918318553956,0.0,110,2.411086433065094,4.572659086718023
37,0.0,2.1998785944954315,0.0,110,2.1998727917415213,4.666419786850332
37,0.0,2.1881047935989564,0.0,110,2.1880989670206006,4.662884610565589
37,0.0,1.9695867275625014,0.0,110,1.9695807095022868,4.625200096982205
37,0.0,1.729656172770523,0.0,110,1.7296502623286667,4.461385990560267
37,0.005700853151851009,1.3136956791093068,0.1445368293119261,110,1.4582236016698609,4.484609430168968
37,0.0,1.3147854797942302,0.0,110,1.3147808717842597,4.347535523644494
37,0.0,1.2128947316315877,0.0,110,1.2128907124465282,4.54717934013026
37,0.0,1.175660562966352,0.0,110,1.175656785939431,4.5455050481184625
37,0.0,0.9990384426173962,0.0,110,0.9990360647578083,4.508069324216608
37,0.0,0.9346398250679882,0.0,110,0.934638060315093,4.626384280270823
37,0.0,0.7023806811478767,0.0,110,0.7023816579921398,4.519519469716613
37,0.0,0.46894124917464947,0.0,110,0.46894588169796236,4.477460722748665
37,0.0,0.36260583995442325,0.0,110,0.3626124712272407,4.5670462907359575
37,0.0,0.32692594484501486,0.0,110,0.3269332925187225,4.6906714818571675
37,0.0,0.0,0.18517310328276868,181,0.1851800200811251,4.664931218420625
37,0.0,0.0,0.0,181,1.5217180123983098e-05,4.499231730976373
37,0.21979705534581895,0.0,0.0,181,1.3989253657697986e-05,4.966194500719064
37,0.6257806744542821,0.0,0.0,181,1.1850183799566594e-05,5.4089217328853545
37,0.9321195652259001,0.0,0.0,181,1.03713400481098e-05,5.6272105291492815
37,1.7385123521475392,0.0,0.0,181,6.963569664009128e-06,6.2018958431457
37,2.647479916323883,0.0,0.0,181,3.940016373604749e-06,7.157197619661964
37,2.953610707533996,0.0,0.0,181,3.09630700101593e-06,7.555436626711508
37,3.407286310161975,0.0,0.0,181,1.982861546068193e-06,8.152003575213367
37,4.602759435700202,0.0,0.0,181,-1.9855060529039292e-07,8.930111025247964
37,5.800189624439192,0.0,0.0,181,-1.4625464306305958e-06,9.954521801901565
37,6.393358681162945,0.0,0.0,181,-1.8169670958911865e-06,11.33591323951861
37,9.538413305529083,0.0,0.0,181,-1.5362533822838031e-06,12.921609526825442
37,10.307848134851353,0.0,0.0,181,-1.1002845994312338e-06,15.217012403051804
37,11.832983703147807,0.0,0.0,181,-2.2908505314944705e-08,17.918163393757766
37,62.95511926459536,0.0,0.0,198,6.177607936308505e-08,20.359453067027523
37,56.18298437673304,0.0,0.0,198,-7.67819196667574e-07,24.812663580649787
37,54.81923234538858,0.0,0.0,198,-8.25843818219596e-07,33.17594462660295
37,67.04987117922533,0.0,0.0,198,1.0434899593292357e-06,51.55945804549386
37,95.19885713934173,0.0,0.0,198,-4.112860258587148e-06,103.36648056769018
38,0.0,81.4870964288491,0.0,5,81.48712743131605,4.57612267926033
38,0.0,64.27083613011942,0.0,5,64.27083773261975,4.44085140419477
38,0.0,62.94412760825712,0.0,5,62.9441325242745,5.2618808438442315
38,0.0,35.48089676736092,16.5261797877448,5,52.0151909655024,4.790277624186858
38,0.0,31.295673797134647,13.68354105547058,5,44.9832607683843,4.561990788401841
38,0.0,31.36955505199274,9.192213118668338,5,40.564134815810384,4.432933933408128
38,0.0,36.443143997913815,0.0,5,36.443143868441624,4.494824013904209
38,0.0,34.514587499891164,0.0,5,34.51458747207254,4.602758073382875
38,0.0,30.752804543323624,0.0,5,30.75280481178648,4.486239893230602
38,0.0,29.12858611910771,0.0,5,29.128585882376733,4.613839996280085
38,0.0,27.37274552429467,0.0,5,27.372744010275156,4.567498378753189
38,0.0,26.758041684467056,0.0,39,26.75803959121513,4.8491160020340125
38,0.0,26.286691373957122,0.0,44,26.286688808051572,5.2627812350385454
38,0.0,25.96807196509769,0.0,44,25.96806907751302,5.6090588775807495
38,0.0,25.731034859252137,0.0,44,25.73103173845116,5.886539758069486
38,0.0,25.404746578665144,0.0,44,25.40474315556036,6.278506653770886
38,0.0,18.25064959890274,0.0,44,18.250648642469766,4.455577340408944
38,0.0,17.725240065019417,0.0,44,17.725239538069253,4.6754921917642385
38,0.0,16.322547163601957,0.0,39,16.322547291243175,4.503142908515143
38,0.0,15.578697032996153,0.0,39,15.578697157895204,4.535194675643229
38,0.0,14.735347409217397,0.0,39,14.735347274247456,4.4813304922885475
38,0.0,14.12147695348786,0.0,39,14.121476476651017,4.52191418065137
38,0.0,13.314720480471037,0.0,39,13.31471947082895,4.3946838648420545
38,0.0,10.56473056055826,0.0,39,10.564728262057647,3.515233565720397
38,0.0,10.22171115280896,0.0,39,10.221708871724285,3.596335983454585
38,0.5629991004132936,8.540111893702527,0.0,68,8.540111341654493,3.046697852519195
38,0.5456795774231743,8.539332668844148,0.0,68,8.539332093051627,3.0510046247175087
38,0.401683212366833,8.532854110096762,0.0,68,8.532853320789144,3.3078841075847
38,0.3473048575527821,8.530407566629423,0.0,68,8.53040669885366,3.4925599290823204
38,0.26171215433835776,8.526556654449069,0.0,68,8.526555661507771,3.8378722776328633
38,0.229816751316313,8.5037091765251,0.0,76,8.5037081602826,3.993634467819346
38,0.15915700292936635,8.500531675078411,0.0,76,8.500530558388196,4.270380143704884
38,0.1225020923806934,8.498883338734801,0.0,76,8.498882165257587,4.389371434529798
38,0.03620189006276926,8.495002501002222,0.0,76,8.495001209176777,4.551602003408819
38,0.0,7.369737434263286,0.0,87,7.369737290602869,4.17455392617968
38,0.0,7.207103636764807,0.0,87,7.207103676970428,4.311319140774067
38,0.0,6.862573359323116,0.0,87,6.8625737770825985,4.179592670947468
38,0.0,6.707892618447761,0.0,87,6.707893211182789,4.207742162925824
38,0.0,6.677965206276211,0.0,87,6.677965838454401,4.394472368373311
38,0.0,6.381354620374531,0.0,87,6.38135552594829,4.576591289596513
38,0.0,5.943650628837234,0.0,87,5.94365187028229,4.439680252341802
38,0.0,5.836702899977486,0.0,92,5.836704191530755,4.463423612564073
38,0.0,5.496263444614879,0.0,92,5.496264813930955,4.4998764183773865
38,0.0,5.3814474177920735,0.0,92,5.381448790440562,4.4463845206319235
38,0.0,5.194513069950036,0.0,92,5.194514390732085,4.5683358684980355
38,0.0,4.760411324998995,0.0,102,4.76041231766308,4.482517088446091
38,0.0,4.644593858157057,0.0,102,4.644594701181449,4.494349453624297
38,0.0,4.39854081973087,0.0,102,4.398541270934718,4.5584599573458515
38,0.0,4.229245297250187,0.0,102,4.229245420103338,4.5627424257674445
38,0.0,4.064681654182291,0.0,102,4.064681396041326,4.545299462251553
38,0.0,3.848292222524489,0.0,102,3.8482914025599317,4.571972857202603
38,0.0,3.5406113596525826,0.0,102,3.540609624316957,4.496208692543437
38,0.0,3.4290683154398547,0.0,115,3.4290662356889055,4.5030609279447695
38,0.0,1.4246702749568636,0.0,115,1.4246653262280056,2.326062994886689
38,0.0,1.4135402549007603,0.0,115,1.4135353472575432,2.424947199376936
38,0.0,2.8993775706667066,0.0,115,2.8993737393474177,4.592057784211436
38,0.0,1.3988537655336821,0.0,115,1.3988489308131395,2.7043762981392323
38,0.0,1.4774170874179433,0.0,115,1.4774119425636218,3.015748422499213
38,0.0,1.3867789666561932,0.0,115,1.3867741799191453,3.0469530421747635
38,0.0,1.3786855746141475,0.0,115,1.3786808267949677,3.320271170725709
38,0.0,2.2234588641691264,0.0,115,2.223453269286857,4.62795732169587
38,0.0,1.86033736965832,0.0,113,1.8603315287760012,4.527206730116861
38,0.0,1.3605720405377595,0.0,113,1.3605673847561839,3.9876643165495835
38,0.0,1.6588306515062976,0.0,113,1.6588250362822254,4.483503535854171
38,0.0,1.3529182917406493,0.0,113,1.3529136594355364,4.256142419448285
38,0.0,1.1974670901094262,0.0,113,1.1974633288240835,4.286296258189141
38,0.0,1.1626440987717077,0.0,113,1.1626405714020063,4.519601077637182
38,0.0,1.0089806942568225,0.0,113,1.0089783649077742,4.38836139816196
38,0.0,0.9579422603743295,0.0,113,0.9579404045427484,4.533215481502591
38,0.0,0.6968988503088844,0.0,113,0.6969000136648091,4.523124410444732
38,0.0,0.5531484377577043,0.0,113,0.5531517305286116,4.4938397891301225
38,0.0,0.4720576004326224,0.0,113,0.4720622545565849,4.4748013541542075
38,0.0,0.39361262657182094,0.0,113,0.39361872524250785,4.515975526004013
38,0.0,0.31254401559948075,0.0,67,0.3125517333425982,4.7395938607948995
38,0.0,0.06308687751662712,0.0,67,0.06310043088064354,4.6176725352412085
38,0.0,0.0,0.0,155,1.5252247392183449e-05,4.499231296068842
38,0.15819183221534358,0.0,0.0,155,1.4350276398289452e-05,4.860308932724582
38,0.5912824449593623,0.0,0.0,155,1.2072838449839196e-05,5.381124571511539
38,1.0951124236854626,0.0,0.0,155,9.6898341901408e-06,5.734372103161415
38,1.8482063780483116,0.0,0.0,155,6.633068464267922e-06,6.290935023419819
38,2.541590198542798,0.0,0.0,155,4.34476339705725e-06,7.024883704385054
38,2.9110583450666305,0.0,0.0,155,3.303072283245001e-06,7.499140812553112
38,3.5246727109446874,0.0,0.0,155,1.8329061379773748e-06,8.294083573988184
38,4.2673471681437425,0.0,0.0,155,4.388098346908009e-07,9.159540884310735
38,5.932509362210503,0.0,0.0,155,-1.4303348763178292e-06,10.42941652399967
38,6.560453697870106,0.0,0.0,155,-1.7454813665551683e-06,11.495190565773584
38,21.720583151908496,0.0,0.0,176,6.209250768662855e-06,13.84426184144235
38,16.275652864370453,0.0,0.0,176,3.560778282007959e-06,14.962923636722259
38,58.95710159042231,0.0,0.0,176,-5.050771960668499e-07,17.45374461896072
38,57.293571610999074,0.0,0.0,176,-6.494546518354127e-07,20.77343475644291
38,32.54917251902934,0.0,0.0,176,3.795197592637578e-06,25.290200589944487
38,33.963728062812315,0.0,0.0,166,3.119883682956015e-06,32.60916752391799
38,47.56406292845314,0.0,0.0,166,-6.649791099988533e-07,43.72175002358475
38,71.4971572167682,0.0,0.0,166,2.1309757247678363e-06,66.92354040824796
39,0.014464767820176614,64.37057057282793,29.258364444932827,0,93.7046388766386,5.611501268699689
39,0.13291732013242277,66.71349563380477,44.74533023916552,0,111.58234471972439,7.878560879137608
39,0.0,36.48675170687483,31.87997954806282,4,68.3923929034096,5.50512826752442
39,0.0,40.052537964785664,32.31902951979361,4,72.40374375305916,7.002384817557911
39,0.0,41.82421470286194,47.609324590269225,4,89.49254027736377,10.060008870674231
39,0.0,57.27113343858343,34.43912963494859,4,91.78342956911274,12.780195639455904
39,0.0,42.75310489187946,32.65154631896158,4,75.44226973230518,10.81790508651825
39,0.0,44.13245259382667,32.821383355100046,4,76.99439568206506,12.12588162346414
39,100.0,64.28340872605155,11.657915226623064,23,75.9292238926264,13.808312281112874
39,100.0,37.14513704492768,33.32234268170706,23,70.41609444357196,13.80832408907163
39,100.0,15.696369712820967,50.44485030958257,23,66.02313736276862,13.902337909277858
39,100.0,61.55431850088991,0.0,32,61.53683839242921,13.808337828371773
39,100.0,56.54326658649308,1.2354900585885593,18,57.76311991924859,13.808429130961288
39,100.0,53.501182928680215,0.9669509279456069,18,54.45333337056154,13.808492752632919
39,100.0,50.69727227223852,0.7194364560317382,18,51.40265133409018,13.808524930631194
39,100.0,48.71508191431626,0.0,24,48.70184482130192,13.808521323396379
39,100.0,46.202481680962556,0.0,24,46.189816276877664,13.80848714579652
39,100.0,43.847916064955314,0.0,28,43.8357315973498,13.808437633226415
39,100.0,41.80962171092588,0.0,28,41.797816322665255,13.808393663454792
39,100.0,26.454498419543516,13.349603020039746,28,39.77456846212097,13.80843951143744
39,100.0,25.256450976660606,12.741941268687395,28,37.96937479933984,13.808604265870873
39,100.0,36.421127859085665,0.0,28,36.410192274600334,13.808317496684634
39,100.0,34.81735338100304,0.0,28,34.80664864049693,13.808307490935858
39,100.0,33.3124599449015,0.0,28,33.30196382324868,13.808302334476025
39,100.0,31.911020285658875,0.0,28,31.90071336139333,13.808301360184842
39,100.0,30.689956427882237,0.0,32,30.679811779462618,13.808304785509748
39,100.0,29.68304481252484,0.0,22,29.67303313087985,13.808312772656675
39,100.0,28.603267001316258,0.0,22,28.59339793548861,13.808330926350886
39,100.0,27.30266513348245,0.0,22,27.29296926885724,13.80837904521663
39,100.0,26.67871253695181,0.0,22,26.66910083082741,13.808420663178119
39,100.0,25.21055600857885,0.0,22,25.201146557144757,13.808614518623045
39,100.0,24.526947018865343,0.0,22,24.51763442456174,13.80878586896204
39,100.0,23.565118964478607,0.0,22,23.55594637128491,13.809189154436549
39,100.0,22.668126216405085,0.0,22,22.659088913931676,13.80985290077237
39,100.0,21.68210062675922,0.0,22,21.673218300879725,13.811151203412773
39,100.0,20.897238868689342,0.0,22,20.88848539573523,13.81290823534606
39,100.0,20.155443833377166,0.0,24,20.146817244673823,13.815534345569846
39,100.0,19.66868078504626,0.0,24,19.660140410888886,13.81801162217184
39,100.0,19.039246099733745,0.0,24,19.030821074862512,13.822487717478175
39,100.0,18.10540526456364,0.0,24,18.097160090687407,13.8331035942028
39,100.0,17.913717056288938,0.0,24,17.905510200715607,13.836101122240423
39,100.0,17.124243883039938,0.0,24,17.11620026064642,13.852679158198795
39,100.0,16.308414985664186,0.0,24,16.300549971606902,13.879978443868598
39,100.0,16.06848812172469,0.0,24,16.06067768988424,13.89076603158533
39,100.0,15.250026459156002,0.0,73,15.24240986962766,13.940953514198176
39,100.0,14.76241317735833,0.0,73,14.754918004526031,13.983985071560321
39,100.0,14.282145458247669,0.0,73,14.274774522153788,14.039587830641915
39,100.0,13.84100991902987,0.0,73,13.833757361855907,14.105562290921993
39,100.0,13.442079043146071,0.0,73,13.434937226449158,14.180770410983616
39,100.0,13.040991009125408,0.0,73,13.033964236004437,14.274918347349889
39,100.0,12.698686958568898,0.0,81,12.691761423661756,14.37321063727306
39,100.0,12.297467074192593,0.0,81,12.29066392106574,14.514067163980622
39,100.0,12.022935826242035,0.0,81,12.01621882041362,14.629424748751273
39,100.0,11.68632547321745,0.0,81,11.679716847262531,14.795837698464373
39,100.0,11.289646873131709,0.0,81,11.283169987229922,15.033773530313729
39,100.0,11.036380205402699,0.0,81,11.029989813083152,15.213533052154911
39,100.0,10.987880930830011,0.0,81,10.981507299787276,15.25072688405088
39,100.0,10.723470612431973,0.0,81,10.717189662923143,15.47066964954732
39,100.0,10.453733416226534,0.0,81,10.447549213250678,15.727894035536451
39,100.0,10.192375639091958,0.0,81,10.18628735068771,16.01303224531714
39,100.0,9.911773020958595,0.0,81,9.905790141888183,16.36383175060629
39,100.0,9.744793006861869,0.0,81,9.738874081561523,16.597063182471157
39,100.0,9.357672721944112,0.0,81,9.351905688079738,17.217567547813207
39,100.0,9.303046192248564,0.0,81,9.297301003909386,17.31495518286381
39,100.0,8.968751056592916,0.0,81,8.963141850849851,17.970282994044556
39,100.0,8.8832325204199,0.0,81,8.877658750329676,18.155483468041076
39,100.0,8.706842476801471,0.0,81,8.70134261706164,18.56206735766996
39,100.0,8.518567620613519,0.0,81,8.513147923724937,19.03498977018045
39,100.0,8.318418758571955,0.0,81,8.31308574219949,19.585430166995664
39,100.0,8.137207951061178,0.0,81,8.131954731488223,20.129600519767042
39,100.0,7.958720932747382,0.0,81,7.95354755771996,20.711454212743337
39,100.0,7.729439835547572,0.0,81,7.724370879554265,21.53103102647575
39,100.0,7.4609177807799885,0.0,81,7.455973816754114,22.60331132721897
39,100.0,7.425796134501414,0.0,81,7.420868732914159,22.753142003563546
39,100.0,7.239840334324487,0.0,81,7.2350015076766745,23.585621123552375
39,100.0,6.8963696695473,0.0,81,6.8916982814317915,25.308526343197787
39,100.0,6.722957506764563,0.0,81,6.718372598680769,26.277279400585613
39,100.0,6.660381390295038,0.0,81,6.655828008564402,26.64420321031271
39,100.0,6.328960599903802,0.0,81,6.324577114644448,28.750269679068627
39,100.0,6.169658530375657,0.0,81,6.165358488706479,29.865504250443983
39,100.0,6.11423710167055,0.0,81,6.109966373757544,30.26999137326165
39,100.0,5.915316314079567,0.0,81,5.911151954518301,31.794563958399095
39,100.0,5.5456985811750545,0.0,81,5.5417368423115185,34.945782739788925
39,100.0,5.450823308424427,0.0,81,5.4469146564168085,35.824880831163796
39,100.0,5.2327749152568135,0.0,81,5.228989922639073,37.959129205436696
39,100.0,4.931298683617202,0.0,81,4.927688626860183,41.18052523456006
39,100.0,4.722455461951192,0.0,81,4.7189693089095055,43.60239474145999
39,100.0,4.126299511087186,0.0,81,4.1231797555494225,51.395720676342094
39,100.0,3.8777639248853495,0.0,81,3.8748026230170023,55.028011154141666
39,100.0,3.7259244264363693,0.0,81,3.7230616501166356,57.35406992911266
39,100.0,3.1892132062231986,0.0,81,3.1867091992222534,66.16914337981876
39,100.0,2.736616276523676,0.0,81,2.734428079632977,74.1776381973124
39,100.0,1.8535866590113996,0.0,81,1.8520512186209217,90.2181792639789
39,100.0,0.8248263482411727,0.0,81,0.824116361769585,105.55637925606115
40,0.0,81.82931539110112,0.0,3,81.82931647693562,4.352896330026903
40,0.0,69.48461307735734,0.0,3,69.48460790033121,4.475354643671466
40,0.0,63.54340022673202,0.0,3,63.54340374848297,4.704702135410965
40,0.0,62.68681239323863,0.0,3,62.686818297941926,5.864853161703765
40,0.0,31.65639763876815,14.066992572344237,3,45.721146601493594,4.540672623797919
40,0.0,36.11561273269569,4.227302830648079,3,40.341796991845776,4.510871142018862
40,0.0,36.01765660677885,0.0,3,36.01765650287087,4.455770281872528
40,0.0,32.93435968929019,0.0,3,32.93435955832058,4.47884910392467
40,0.0,30.657994053110432,0.0,3,30.657993974210836,4.508980448189961
40,0.0,27.86606857859532,0.0,3,27.866069077734963,4.526103778580659
40,0.0,26.973009191348225,0.0,34,26.973010024108028,4.7538179306080615
40,0.0,26.563882607407436,0.0,34,26.56388360520057,5.112193464213103
40,0.0,26.305638159469254,0.0,34,26.305639249889857,5.407698636911391
40,0.0,25.84414111846597,0.0,34,25.844142414058272,6.021015396046105
40,0.0,25.5753255432347,0.0,34,25.575326941439812,6.401879548614538
40,0.0,18.201603632150576,0.0,34,18.20160443314939,4.437779363584248
40,0.0,17.90153882901245,0.0,34,17.90153952085442,4.599655710590053
40,0.0,15.967004203692698,0.0,34,15.967004345981607,4.344488490043437
40,0.0,15.695968358806928,0.0,34,15.695968426692213,4.505197542291935
40,0.0,14.636087696016181,0.0,34,14.636087474325459,4.503466524459197
40,0.0,14.278193198278116,0.0,34,14.27819287032787,4.520624808371489
40,0.0,13.245185393992632,0.0,33,13.245184693547097,4.4110583548252045
40,0.0,10.383909629752331,0.0,33,10.383908205795423,3.445017349360473
40,0.0,10.1525605694333,0.0,33,10.152559165305423,3.5767136468265868
40,0.5772923973796098,8.593124942960745,0.0,57,8.593124455330212,2.9640062863605365
40,0.4412845321110583,8.587058047897466,0.0,57,8.587057490721236,3.139873295429908
40,0.35461051107758756,8.579237011630623,0.0,57,8.579236417968565,3.409770473038842
40,0.3138641430591541,8.581374213894383,0.0,57,8.58137357727136,3.5654016852643995
40,0.25090616590340037,8.578565851010032,0.0,57,8.578565175341776,3.8252770055443417
40,0.19745348316180986,8.479037819239977,0.0,57,8.479037170419977,4.126369722625771
40,0.09400325914050615,8.571566892026487,0.0,57,8.57156612364596,4.394794133624364
40,0.0,6.906737885027608,0.0,41,6.906738273303496,3.4864907192241024
40,0.0,8.389291156782514,0.0,40,8.389290439695872,4.745778253080253
40,0.08217026424355456,6.698032416664357,0.0,40,6.698033006103703,3.8123300928396393
40,0.037818650107164314,6.699620781130321,0.0,40,6.699621330253084,3.9308509448511693
40,0.0,6.716616286498411,0.0,40,6.716616798192359,4.186940321152804
40,0.0,6.84253651290721,0.0,40,6.8425369342299565,4.658336216824882
40,0.0,6.467397410882675,0.0,40,6.467398075103532,4.607581468506426
40,0.0,6.003936395620762,0.0,40,6.003937255547502,4.455301660388885
40,0.0,5.911651241387678,0.0,41,5.911652105674541,4.441245667600533
40,0.0,5.506168258162952,0.0,41,5.506169116841015,4.505126714545639
40,0.0,5.265985975008841,0.0,41,5.265986751956342,4.491947173522062
40,0.0,5.142805672563605,0.0,41,5.14280637465065,4.623004562225068
40,0.0,4.771722752545954,0.0,41,4.7717231167566325,4.485830850786012
40,0.0,4.603233340666203,0.0,106,4.603233512332144,4.508407265310053
40,0.0,4.410572140250026,0.0,106,4.410572024232884,4.556192726107659
40,0.0,4.226910474243907,0.0,106,4.226910022904997,4.561929799154839
40,0.0,4.059537133116442,0.0,108,4.05953635616218,4.549462887136267
40,0.0,3.7112460438121775,0.0,108,3.711244497831519,4.453615924190842
40,0.0,3.5664041935690727,0.0,108,3.5664022865876337,4.5020845258966915
40,0.0,3.4309272485624542,0.0,108,3.430925020810001,4.500751008632156
40,0.0,3.2798646014760124,0.0,108,3.2798619792357044,4.594641108712116
40,0.0,3.1823109732431187,0.0,108,3.1823081141304126,4.64254779835195
40,0.0,2.868712011679442,0.0,108,2.868708397556631,4.54019543361602
40,0.0,2.628668419324097,0.0,117,2.628664343016373,4.439876109328848
40,0.0,2.5016595854545556,0.0,117,2.5016552981546507,4.4949189183843075
40,0.0,2.487118148509203,0.0,117,2.4871138253045224,4.506120299583651
40,0.0,2.382251206967144,0.0,117,2.3822467692707043,4.5995705355536245
40,0.0,2.1410123877559126,0.0,117,2.141007747640767,4.640815372667372
40,0.0,1.984442016037101,0.0,117,1.9844374107024318,4.616295201098646
40,0.0,1.7275399417143247,0.0,117,1.7275356240438597,4.460723374623507
40,0.0,1.3810383855351784,0.0,117,1.38103517309343,4.076159275426656
40,0.0,1.3988481450006953,0.0,103,1.3988448504238562,4.182034648611461
40,0.0,1.3552135233460383,0.0,103,1.355210431767615,4.334456163416204
40,0.0,1.2067950203422706,0.0,103,1.20679273248175,4.516109392360688
40,0.0,1.095640875533275,0.0,103,1.0956393257328223,4.5970124431598
40,0.0,1.0115532682730763,0.0,103,1.0115523707513425,4.555461257485282
40,0.0,0.8645992789040192,0.0,103,0.8645997016456146,4.648879548017099
40,0.0,0.7024944338026362,0.0,103,0.7024966127031096,4.519240045299911
40,0.0,0.5605496883577661,0.0,103,0.5605536846597268,4.4826035424185235
40,0.0,0.4666276684934557,0.0,103,0.46663301168215554,4.480664290499734
40,0.0,0.386274825383115,0.0,35,0.38628143987154573,4.520608784457799
40,0.0,0.3319602143371972,0.0,35,0.331967768399938,4.672440127770466
40,0.0,0.11927363074960562,0.0,35,0.11928519268840887,4.6398418559174335
40,0.0,0.0,0.0,157,1.4167962739008999e-05,4.499229095193883
40,0.12966379709086068,0.0,0.0,157,1.3527029313564753e-05,4.800278808800872
40,0.41386991817001645,0.0,0.0,157,1.2188018999381711e-05,5.205369490240132
40,0.886817581889364,0.0,0.0,157,1.0115410187694351e-05,5.5952238359068875
40,1.5622434296429941,0.0,0.0,157,7.542409976579734e-06,6.07965879458604
40,2.3037622781180254,0.0,0.0,157,5.194894779236847e-06,6.766481619356989
40,2.7805939778537154,0.0,0.0,161,3.891406077372039e-06,7.335290623557901
40,3.1668164070857237,0.0,0.0,161,2.967844178414225e-06,7.841516261849543
40,3.9591013898429868,0.0,0.0,161,1.3848158371132513e-06,8.799635924933222
40,5.51939057719398,0.0,0.0,161,-6.800708849397097e-07,9.514577390580492
40,5.94943142384513,0.0,0.0,161,-1.0445535085779056e-06,10.49532650580669
40,6.859589074670189,0.0,0.0,161,-1.5912774422588427e-06,11.78906632440497
40,9.771922225081283,0.0,0.0,161,-1.8461063948649326e-06,13.75534398148446
40,10.406791754854192,0.0,0.0,161,-1.7024755312178286e-06,15.491242977341715
40,15.10023462490699,0.0,0.0,161,-4.377071327610338e-08,17.164696024828277
40,62.512424671952814,0.0,0.0,149,-8.499568533437696e-07,20.2928080622493
40,56.926110210652546,0.0,0.0,149,-1.0522755982123044e-06,23.810205436817874
40,77.83577554675973,0.0,0.0,149,2.459730691128925e-06,29.130494716705485
40,75.69896429990014,0.0,0.0,149,2.2296124253529115e-06,37.054850949388985
40,43.90139224285556,0.0,0.0,149,-4.4377494745617696e-07,50.02046835926306
40,69.63739150401669,0.0,0.0,149,6.481285019788174e-07,76.5696546907981
41,0.0,82.01567043568687,0.0,2,82.01565572481405,4.416091880476989
41,0.021922334862287812,69.35195460466407,0.0,2,69.35194904853513,4.531875171929572
41,0.0,63.2137508881499,0.0,2,63.21375523601179,5.040396898813279
41,0.0,62.963506222333606,0.0,2,62.96351125857373,5.385480106610036
41,0.0,62.47710253015404,0.0,2,62.477108845112845,6.226961687508041
41,0.0,61.778282522340724,0.0,0,61.77829057655291,7.67060135533963
41,0.0,61.510818694635546,0.0,0,61.51082737170454,8.249875679033867
41,0.0,35.1007531869157,0.0,0,35.100753080474554,4.517783214371196
41,0.13435764308924356,6.133080926086341,1.9575843271695426,36,8.0906795063981,-0.2787620432338169
41,0.15605281119722475,6.0624257113932565,1.7922874820576484,36,7.854723968707923,-0.08797450352146008
41,0.16182879100674274,6.043614928666282,1.7482799299985294,36,7.791904759561576,0.005335250680214898
41,0.07627081536555902,6.322253799199378,2.4001515069901482,36,8.722430108354974,0.30934620176429384
41,0.0,5.869750722033285,1.8564634337986805,63,7.726223451273448,0.38365501821520454
41,0.0,5.850073120695098,1.8164210004368329,63,7.666502571938216,0.481084168588092
41,0.13644235749901393,5.903740323479065,1.589946737650334,63,7.493693239945579,0.6599966288222401
41,0.0,5.789501003617392,1.6931613144626483,63,7.482668270749587,0.8533083321861419
41,0.8035628429909576,6.179137905469783,1.8203394413853287,66,7.999497921110191,1.1963189896821689
41,0.8069581982973948,6.180634136730964,1.8105442887603396,66,7.991198805168007,1.2362646495242267
41,0.832580270775529,6.191925015698869,1.7366279860935678,66,7.928571866098925,1.568301598762508
41,0.8370672804538246,6.193902306304408,1.7236835544621034,66,7.917604466492225,1.6320249774723994
41,0.08668550581409117,5.721372943890571,1.454108399582925,66,7.175484158737495,1.6310733499428824
41,0.8598339686220603,6.203934903036267,1.658004659251755,66,7.861956861065804,1.9809058961002481
41,0.0,5.60087679074224,1.5397562347734834,64,7.140635796885007,1.8215642153146927
41,0.06573983484895946,5.648671835865423,1.4168761866818627,64,7.065549861364376,1.991078745755642
41,0.05359200136545232,5.606349398664038,1.3996763960607064,64,7.006027114232024,2.1840791842376586
41,0.0,5.539267656698031,1.4208039270489372,64,6.960072408931355,2.345894772365705
41,0.0,5.60517981428336,1.3180816076306283,64,6.923261098648464,2.462743933260022
41,0.0,5.493015230818112,1.3315017013054806,64,6.824516435822007,2.7459641735224896
41,0.0159534074247465,5.464546851435412,1.3471619366529903,64,6.811708558059827,2.78072857001815
41,0.0,5.467711775383168,1.282646860800303,64,6.750357480441428,2.9613075943073977
41,0.0,5.450140384379969,1.248720762954795,64,6.698859556801528,3.107722055467118
41,0.0,5.517293587724232,1.1392397706640065,63,6.656530842932316,3.290504251498467
41,0.0,5.486759318845736,1.0771048383718687,63,6.563861017573442,3.5554263317513026
41,0.0,5.4595295224025095,1.0216942580478026,63,6.481220150346703,3.775430619908203
41,0.1634949989676588,5.101084627592888,1.3704402635767237,125,6.471525117844097,3.811624889455029
41,0.15177165760311184,4.997975474303627,1.3863560020202825,125,6.384331315731901,4.008301333768696
41,0.13704751242614804,4.868473645866202,1.4063456650484563,125,6.274818603784315,4.2561022243465345
41,0.13531370230058237,4.8532244358967604,1.4086995049317466,125,6.261923180870047,4.285681304567648
41,0.0,5.939260291238069,0.0,136,5.939261135800598,4.438436166524541
41,0.0,5.74484034024208,0.0,136,5.744841213005696,4.494408725441215
41,0.0,5.7117552735311605,0.0,136,5.711756143380926,4.513507744053198
41,0.0,5.306132150908227,0.0,136,5.3061329541956574,4.463225496258506
41,0.0,5.153692262677634,0.0,136,5.153693001532039,4.6141095265815615
41,0.0,4.772141515044082,0.0,136,4.772141937973879,4.485972150205093
41,0.0,4.602324025067183,0.0,136,4.602324245106152,4.508665305500106
41,0.0,4.413614466575877,0.0,136,4.413614408692938,4.555471762113736
41,0.0,4.297088636031776,0.0,136,4.297088410160274,4.57282153693637
41,0.0,4.077020681914057,0.0,136,4.07702005373895,4.536619972118876
41,0.0,3.7203317865103838,0.0,134,3.720330410132382,4.450477416056881
41,0.0,3.657026543479053,0.0,134,3.6570250083633002,4.486630345736581
41,0.0,3.422159979195621,0.0,134,3.4221578923769016,4.50503550304936
41,0.0,3.268474759837231,0.0,134,3.2684722983990877,4.597311760572897
41,0.0,3.19620526281052,0.0,134,3.196202622796518,4.6290097116306015
41,0.0,2.894672626165571,0.0,134,2.894669292632214,4.572619701114522
41,0.0,2.8468856081915126,0.0,134,2.8468821755220546,4.550164047409073
41,0.0,2.5285163474120798,0.0,134,2.5285123069848616,4.508337828905621
41,0.0,2.4485844699745964,0.0,134,2.44858031348355,4.5416026419859445
41,0.0,2.3778665221625963,0.0,168,2.377862292852411,4.580124102876246
41,0.0,2.2718996166191765,0.0,168,2.271895268093985,4.635376051167929
41,0.0,2.0345317485251915,0.0,168,2.034527320405214,4.659555820508199
41,0.0,1.779779901684585,0.0,168,1.7797756954860269,4.515107029501015
41,0.0,1.7337325752045707,0.0,168,1.7337284542014206,4.490256095259177
41,0.0,1.470774025624283,0.0,168,1.4707706115987644,4.421672445112334
41,0.0,1.3581703503624638,0.0,168,1.3581674068982217,4.522745177891675
41,0.0,1.2861163887062144,0.0,168,1.2861138136787424,4.634118022270306
41,0.0,1.1924563334949279,0.0,168,1.1924542872571937,4.5404775491316265
41,0.0,1.007378341739715,0.0,168,1.0073776128702931,4.557194256577299
41,0.0,0.9637925544720816,0.0,168,0.9637921907274425,4.5976481536093114
41,0.0,0.7203147150805823,0.0,168,0.7203167886124486,4.5248243300323985
41,0.0,0.5707494821245097,0.0,168,0.5707534214959455,4.491705827658274
41,0.0,0.47438068461255095,0.0,168,0.4743859950579701,4.474171644604835
41,0.0,0.37699733777147754,0.0,168,0.37700417325762636,4.533292923400902
41,0.0,0.3268315372676123,0.0,168,0.32683920832476154,4.690987494186478
41,0.0,0.1973837151843183,0.0,202,0.19739375445568363,4.769221166257422
41,0.0,0.0,0.0,202,1.4176660091180793e-05,4.499209824127183
41,0.10264406190375677,0.0,0.0,202,1.3670698272960635e-05,4.734385843519144
41,0.3447618915434665,0.0,0.0,202,1.2510501834483989e-05,5.099370261563637
41,0.7864973947892213,0.0,0.0,202,1.0560026661110555e-05,5.510928498145978
41,1.4194167090654561,0.0,0.0,209,8.088303813380548e-06,6.010726681107709
41,2.0400373112844803,0.0,0.0,209,6.000255941884802e-06,6.54464808733184
41,2.6433042634372725,0.0,0.0,209,4.279068603452174e-06,7.185391710208277
41,3.125168688507163,0.0,0.0,219,3.0867718674443267e-06,7.789420464917078
41,3.8594642198928497,0.0,0.0,219,1.5964009474345175e-06,8.673637261693255
41,5.663075366132886,0.0,0.0,219,-7.866639375464501e-07,9.391563024432234
41,5.928173720395968,0.0,0.0,219,-1.0113660149357884e-06,10.39355943308266
41,8.38000098279339,0.0,0.0,219,-1.942274618471629e-06,11.640376512919351
41,9.62948673444513,0.0,0.0,221,-1.867373926600635e-06,13.366509011443128
41,10.281135321741935,0.0,0.0,221,-1.7420299105452841e-06,15.164111604880262
41,15.046085961620731,0.0,0.0,221,-6.67001387455457e-08,17.11970107546353
41,58.55878630577907,0.0,0.0,221,-1.0572235815686781e-06,19.740538045069883
41,31.830739764115073,0.0,0.0,221,5.156909583803326e-07,23.861701202714244
41,78.12400497820042,0.0,0.0,221,2.4661661299774096e-06,28.956195772112512
41,75.52892822164783,0.0,0.0,221,2.1925493154384412e-06,38.171849275244085
41,43.24212396403714,0.0,0.0,221,-4.2286057500007246e-07,50.42201379987308
41,69.56264131949943,0.0,0.0,221,6.25749118299268e-07,75.89306829378657
42,0.0,64.02904468524112,57.126204054043065,15,121.21643617350387,5.452559518011787
42,0.000554663787755839,81.78711963094393,0.0,15,81.78712428409956,4.317629288415866
42,0.15071601267801987,66.84277825782421,5.044791117002369,15,71.88576425835663,4.650873929061598
42,0.0,31.524863948198256,26.883857437669857,15,58.40529338580554,4.524252838326717
42,0.0,31.639051614029825,18.563110588563763,15,50.19915982417765,4.414644710950352
42,0.0,29.526760530449852,16.53706712083715,15,46.06147275617873,4.6457556160297315
42,0.0,27.261470164335012,15.395420105462144,15,42.65508345874193,4.7806022240761745
42,0.0,26.820198302654454,15.173030644317437,15,41.99152727726446,5.040487258705959
42,0.0,35.337146698765835,0.0,6,35.337146600471485,4.513949616649096
42,0.0,31.08709171627448,0.0,6,31.08709158556978,4.398153963152472
42,0.0,29.516492607721094,0.0,6,29.51649265698449,4.54598621310973
42,0.0,27.31009083926901,0.0,35,27.31009153626283,4.581540529253923
42,0.0,26.696714603994508,0.0,35,26.696715549177096,4.9189119544142095
42,0.0,26.228121360844426,0.0,35,26.228122489548717,5.368667340233657
42,0.0,25.714629203996974,0.0,35,25.714630574406478,5.962720713347583
42,0.0,25.580165315471547,0.0,35,25.58016674898897,6.123328460117909
42,0.2587790743465535,6.942499255904992,0.0,51,6.942499801771383,0.6955381492133252
42,0.21818855341006366,6.942499255904992,0.0,51,6.942499773044444,0.7695198747835885
42,0.24693856248377866,6.9011166659845715,0.0,51,6.901117227917073,0.8722634497397799
42,0.1652750977143947,6.942499255904992,0.0,51,6.9424997291980635,1.1163413924374321
42,0.25125469044048604,6.86149543864669,0.0,73,6.86149603272095,1.3091092993412037
42,0.21066417374256732,6.861513988352927,0.0,73,6.861514558572727,1.3570125668941895
42,0.15775072357226338,6.861538169591216,0.0,73,6.861538707344829,1.5889037746133514
42,0.13987926342499704,6.861546336778103,0.0,73,6.86154684765218,1.7258577826251127
42,0.0,9.893545712738606,0.0,87,9.893544531915127,3.4732652401285566
42,0.0,9.821185624053697,0.0,87,9.821184452367323,3.6691680474686876
42,0.0,9.75251531936806,0.0,87,9.75251414855933,3.8611155391393073
42,0.40017408699230755,6.81242943553558,0.0,87,6.812430163853318,2.4394762848217333
42,0.38977476065545497,7.185206247394634,0.0,103,7.1852067061813285,2.8956832923496325
42,0.46880062342952183,7.176950288606418,0.0,103,7.176950812212069,3.0675566748305574
42,0.2632918674651669,7.198420118359622,0.0,103,7.198420479742935,3.237126799687225
42,0.5424899766152951,7.16925184354456,0.0,103,7.169252405316882,3.457049408247464
42,0.04021571348116312,6.840916913835858,0.0,103,6.840917378073895,3.4977975001306625
42,1.8704323126735705,7.03051957521148,0.0,103,7.03052110390403,3.840735879408234
42,0.0,7.348231750039513,0.0,28,7.348231814451806,4.283391199145495
42,1.8201234060375686,6.94210197857129,0.0,28,6.942103536326838,4.123778332876148
42,1.706869164002061,6.884069113006913,0.0,28,6.884070647186302,4.396579630403334
42,0.0,6.543896178053737,0.0,28,6.543896820495156,4.336061375931973
42,0.0,6.458713618555134,0.0,28,6.458714297844557,4.544385895438584
42,0.0,6.307518462441209,0.0,28,6.3075192333536165,4.575508744283361
42,0.0,5.78906723747335,0.0,28,5.78906817614566,4.511208399646261
42,0.0,5.6074101313088764,0.0,30,5.60741107308324,4.5156224421128055
42,0.0,5.238410080654821,0.0,30,5.2384109499669975,4.495802557389299
42,0.0,5.193567637300012,0.0,30,5.193568480898593,4.546629807288401
42,0.0,4.76306002968212,0.0,30,4.7630605552863905,4.48279941702728
42,0.0,4.582654525367426,0.0,147,4.582654846069666,4.516098812248185
42,0.0,4.4207157238677315,0.0,147,4.420715823230294,4.555095401815445
42,0.0,4.237313909219933,0.0,147,4.237313717376868,4.565238717425338
42,0.0,4.0423658438985655,0.0,147,4.042365288601113,4.565385477921591
42,0.0,3.7644222051858036,0.0,147,3.7644210695711617,4.458778813837247
42,0.0,3.6511533870069015,0.0,147,3.6511519933662004,4.49007328424595
42,0.0,3.4049165762483193,0.0,147,3.4049145980455062,4.5133312140374215
42,0.0,3.270377225057988,0.0,147,3.2703749123417776,4.596256508209956
42,0.0,3.127592255499084,0.0,147,3.127589601793515,4.641030489116057
42,0.0,3.120515545110193,0.0,147,3.1205128594661034,4.641200506740132
42,0.0,2.753057106876193,0.0,145,2.753053596440564,4.512309504353123
42,0.0,2.5300180770403857,0.0,145,2.5300141493393458,4.507817670803865
42,0.0,2.4164011335477116,0.0,145,2.416397044756277,4.558564723710479
42,0.0,2.298647314945605,0.0,145,2.298643084057625,4.623067164768649
42,0.0,2.2350477009471845,0.0,145,2.2350434221492748,4.649421500440086
42,0.0,2.144170011801609,0.0,145,2.1441656689312545,4.6663847682911666
42,0.0,1.7783277166442055,0.0,145,1.7783235435792228,4.513776307345729
42,0.0,1.7132992100294626,0.0,175,1.713295150382864,4.4967970000961515
42,0.0,1.4860932534929916,0.0,175,1.4860898012068287,4.414481203066526
42,0.0,1.3571803169763808,0.0,175,1.3571773720850384,4.523384709015728
42,0.0,1.3489100768603313,0.0,175,1.3489071796598697,4.548572178446463
42,0.0,1.2038003632481076,0.0,175,1.2037982210999711,4.518587324925091
42,0.0,1.0163358718806248,0.0,30,1.0163350347483036,4.552618918687411
42,0.0,0.9071274906371829,0.0,30,0.9071275561264862,4.645533550244263
42,0.0,0.693297304579582,0.0,134,0.6932996091566856,4.526357611527262
42,0.0,0.6639911603451919,0.0,134,0.6639938117372193,4.5996167621952075
42,0.0,0.4723384940741725,0.0,134,0.47234373752581327,4.47464979865064
42,0.0,0.39714384673679715,0.0,134,0.39715025648133384,4.515381450150379
42,0.0,0.3211399062438891,0.0,134,0.3211475647798032,4.71105248818222
42,0.0,0.0,0.11109423610451065,205,0.11110181718428791,4.597325935104784
42,0.0,0.0,0.0,205,1.4060615642463858e-05,4.499230978818165
42,0.1828507712115096,0.0,0.0,205,1.3165544700655119e-05,4.896172408897366
42,0.5521593633540017,0.0,0.0,205,1.1481238908928049e-05,5.338592350461674
42,1.061940889172158,0.0,0.0,205,9.370564862720698e-06,5.717513115343838
42,1.8423196622153553,0.0,0.0,205,6.579515945404069e-06,6.308307116650212
42,2.360011927709459,0.0,0.0,205,4.994998468177414e-06,6.825797858942773
42,3.022271486498487,0.0,0.0,205,3.2940612886278586e-06,7.649884911397
42,3.5771404136823475,0.0,0.0,205,2.0981134589703743e-06,8.354829106393627
42,3.647628421971019,0.0,0.0,205,1.94843098810793e-06,8.43457940163356
42,5.323639778701331,0.0,0.0,205,-4.661438328668055e-07,10.186244116483232
42,5.916346189464919,0.0,0.0,205,-1.0180034504259083e-06,10.335939722415262
42,6.623356114493864,0.0,0.0,205,-1.464026977870958e-06,11.516528670994088
42,9.555760513406744,0.0,0.0,205,-1.8601563471776217e-06,13.168588520681073
42,10.302610541642546,0.0,0.0,205,-1.7150097075813164e-06,15.220380743501304
42,11.400613181885358,0.0,0.0,205,-1.4020372667289394e-06,17.381493089381323
42,30.95398350818983,0.0,0.0,196,6.511828996025315e-07,21.011390643774515
42,32.28055061925913,0.0,0.0,196,4.742854340378244e-07,25.23795880874639
42,33.79821771804017,0.0,0.0,196,2.822685249981305e-07,32.32735859538401
42,47.23636880864037,0.0,0.0,196,-5.886113108033442e-07,43.596961756145646
42,68.87100546120473,0.7003444710427451,0.0,187,0.7003354594423801,66.66814236704421
42,69.78924799375163,0.08216546068400693,0.0,187,0.0821643641365899,77.79184355602071
43,0.032933347168628155,64.28890014345563,47.6994553270871,7,112.03124130154627,5.052705153355442
43,0.0,81.73385186282313,0.0,7,81.73386090660748,4.337402286300094
43,0.0,64.23720352128407,16.061571767766168,7,80.29827185687446,4.5338850136911155
43,0.0,63.17563659081116,0.0,7,63.175640812682836,5.0702488676606485
43,0.0,37.64929071358451,14.862785707256112,7,52.508833516754294,4.6992619352204095
43,0.0,31.409735021683964,14.581458908822334,7,45.988858106097084,4.382389577440934
43,0.0,29.868109973277225,14.511950684091435,7,44.37797568995515,4.592327732037811
43,0.0,38.123701726997425,0.0,15,38.123701855175554,4.45977786093445
43,0.0,34.882278767420246,0.0,15,34.88227865240418,4.526322222574034
43,0.0,31.072766689930802,0.0,31,31.07276655551035,4.401728456187012
43,0.0,29.336103053883306,0.0,31,29.336103128064813,4.577374446538197
43,0.0,27.2357260212204,0.0,38,27.235726733723723,4.6032918182727425
43,0.0,26.660198514034068,0.0,38,26.660199460302287,4.931397797696459
43,0.0,25.993346825394603,0.0,38,25.993348065890828,5.584951002636441
43,0.0,25.68147644008734,0.0,38,25.681477812948447,5.93671061533389
43,0.0,25.564058089141206,0.0,28,25.564059516693966,6.069893458914169
43,0.0,19.146673762034872,0.0,28,19.146674886296474,4.611781177288769
43,0.0,10.526934824541584,0.0,28,10.526933667278698,2.100820540634672
43,0.0,10.32579220493241,0.0,28,10.325791029865158,2.315006483033935
43,0.0,10.233663202234865,0.0,28,10.233662038836584,2.4705490627692956
43,0.0,10.16390475512946,0.0,28,10.163903582978765,2.6114030140436366
43,0.0,10.057020714485455,0.0,68,10.05701954392853,2.8632041036904123
43,0.0,10.03841528118269,0.0,68,10.03841412571947,2.9111539288838255
43,0.0,9.935947671867375,0.0,68,9.9359465196878,3.194448911498103
43,0.0,9.864192151191677,0.0,68,9.864191002285025,3.4092715913724074
43,0.0,9.825864623820612,0.0,68,9.825863479635501,3.5282835418040293
43,0.0,9.714833413390258,0.0,68,9.714832294050034,3.883418707917789
43,0.0,9.649574339361724,0.0,68,9.64957322345019,4.094243914990555
43,0.0,9.60433702114,0.0,66,9.604335922031193,4.238683285762759
43,0.0958187537405004,6.879459611408706,0.0,66,6.879460025576395,2.9917218618385792
43,0.0,9.425205906252822,0.0,66,9.425204838240473,4.7633756075588
43,0.0,8.54087710467118,0.0,66,8.540876377118272,4.491433924063088
43,0.10195392049359338,6.8161667212865265,0.0350313853164788,66,6.85119798524516,3.595658623608209
43,0.41575207479975906,6.552522258425262,0.0,66,6.552523080525782,3.607400951857411
43,0.4130503605996224,6.5348850074418205,0.0,66,6.534885847008546,3.639133025925304
43,0.0,7.164332067402348,0.0,66,7.164332210738455,4.416733979484929
43,0.0,6.821951806252792,0.0,66,6.821952195827034,4.446265260185223
43,0.0,6.659620927889011,0.0,66,6.659621416602603,4.53104185318386
43,0.0,6.408555214394952,0.0,66,6.4085558720079785,4.566556243125936
43,0.0,5.929043398643065,0.0,66,5.929044255522841,4.444780597992795
43,0.0,5.923145403072485,0.0,66,5.923146258213725,4.447506977655253
43,0.0,5.632047145427778,0.0,59,5.632048049381883,4.514489854580791
43,0.0,5.249472063727779,0.0,59,5.249472923594309,4.483991558612917
43,0.0,5.172796190159336,0.0,59,5.1727970249990225,4.571089623403349
43,0.0,4.782159786355724,0.0,59,4.78216037017266,4.490354169741321
43,0.0,4.616977525204463,0.0,61,4.616977926632755,4.503776468685272
43,0.0,4.42961324195223,0.0,61,4.429613400569984,4.553567433784696
43,0.0,4.196807637099875,0.0,61,4.196807443802028,4.549388943346862
43,0.0,4.032518293069659,0.0,61,4.032517815867402,4.575552343287647
43,0.0,3.7301359605266717,0.0,68,3.7301348564014614,4.448695501346197
43,0.0,3.6980220557935497,0.0,68,3.69802088719846,4.460244902904083
43,0.0,3.4964934608848766,0.0,68,3.4964918262629308,4.489565790299032
43,0.0,3.32326825903151,0.0,68,3.3232662189221305,4.564280819680215
43,0.0,3.194049256547831,0.0,98,3.194046899552548,4.63224579667636
43,0.0,3.048044730476223,0.0,98,3.0480420408399187,4.635429484051565
43,0.0,2.7945793887782893,0.0,98,2.794576119319972,4.51686848983668
43,0.0,2.523615482334892,0.0,98,2.523611705899059,4.501243015714129
43,0.0,2.4877271075878054,0.0,98,2.487723267628134,4.518336479352081
43,0.0,2.3783152503423604,0.0,98,2.3783112438167926,4.586498352724549
43,0.0,2.163305718281055,0.0,98,2.163301525827464,4.661300715175873
43,0.0,2.019701566226926,0.0,98,2.0196973463486003,4.642353408639888
43,0.0,1.8276075847798272,0.0,98,1.827603483063326,4.57593343304827
43,0.0,1.7216643776925222,0.0,113,1.721660422441646,4.484951428447486
43,0.0,1.4910045782778631,0.0,113,1.4910012088087576,4.510289133906921
43,0.0,1.4674684117549326,0.0,113,1.4674651144577933,4.502432333342073
43,0.0,1.2947147065448612,0.0,113,1.2947121334424416,4.493589463021612
43,0.0,1.1651680940615798,0.0,98,1.1651662536088239,4.606307874843942
43,0.0,1.0189276318652345,0.0,98,1.0189268057895404,4.551639754745542
43,0.0,0.9282581451307497,0.0,98,0.9282580595717143,4.632417287068639
43,0.0,0.7105469508981992,0.0,98,0.7105490743949918,4.519155028400419
43,0.0,0.5646233750208243,0.0,66,0.5646273063550957,4.4825735871285985
43,0.0,0.55411926636071,0.0,66,0.5541233338718694,4.491697908116018
43,0.0,0.3942613574088004,0.0,66,0.39426779257160227,4.5157915142944205
43,0.0,0.3125558754852667,0.0,66,0.3125636784643522,4.739544397559326
43,0.0,0.0,0.16554669593352137,132,0.16555130802397677,4.645324320898748
43,0.0,0.0,0.0,132,1.402620803503396e-05,4.499235546006345
43,0.19872324830294483,0.0,0.0,132,1.3052685055470192e-05,4.920387764683564
43,0.41757403642032,0.0,0.0,132,1.2037257935304524e-05,5.208035506907459
43,1.0636293761312359,0.0,0.0,132,9.307502493172137e-06,5.719386511333681
43,1.6961494003324022,0.0,0.0,132,7.034951154949454e-06,6.185936047745139
43,2.304813942856553,0.0,0.0,132,5.152257982032893e-06,6.765319910781116
43,2.933602675493662,0.0,0.0,132,3.5090170413809574e-06,7.532761249503627
43,3.452688343768894,0.0,0.0,132,2.345428852024156e-06,8.207516596336319
43,3.5682498551908295,0.0,0.0,132,2.115704367255944e-06,8.344611255909513
43,5.872649699969279,0.0,0.0,132,-9.664948290577513e-07,10.12131831140087
43,5.3297662681584415,0.0,0.0,132,-4.718763122468772e-07,10.173768766970392
43,8.367188933451242,0.0,0.0,125,-1.9198140268628094e-06,11.642656324361617
43,9.447373907414573,0.0,0.0,125,-1.8801547518876305e-06,12.893807056115273
43,10.172857889307089,0.0,0.0,125,-1.7514491776893237e-06,14.869006090411713
43,11.314466770583188,0.0,0.0,125,-1.4364198346328294e-06,17.276619054427677
43,30.79412678560651,0.0,0.0,125,7.021879113722207e-07,20.480559689656207
43,64.30842039181361,0.0,0.0,125,-6.043233291563865e-07,25.001377606567615
43,65.49126908495029,0.0,0.0,125,-3.9929235562397025e-07,31.752584885397212
43,36.58185793938027,0.0,0.0,125,-7.937613233366392e-09,43.08119459613601
43,68.91913544767051,0.0,0.0,125,4.238246908983001e-07,68.94218081087668
44,0.7899494811404497,7.883683937471794,2.80005749089441,7,10.683789288171525,-3.8607444078684416
44,0.7957904398491101,7.86060118182582,2.764672454685318,7,10.625320387654835,-3.8356095639449492
44,0.8098741981881291,7.71872953203253,2.524712797136952,7,10.243481239202636,-3.533975722674871
44,1.0198949311859768,7.720956883325984,2.576499908257248,7,10.29750142105783,-3.30103566913181
44,0.9323046334471676,7.736881082110017,2.244244060851449,19,9.98115732608284,-3.0882239191721226
44,0.9609983878325444,7.70374940206076,2.201422990579411,19,9.905203716476295,-2.9713653590989324
44,1.0053568874121561,7.652530185648781,2.1352246673433015,19,9.7877848533462,-2.7693932561154426
44,1.0328786404533492,7.620751774782472,2.094152631068146,19,9.714933612246835,-2.632286964629042
44,1.087090465206994,7.558155266549325,2.0132497165811425,19,9.571432589882734,-2.339060214011713
44,1.0492422315888548,7.66041546422495,1.7463827302872346,30,9.406817741481053,-2.157536198340164
44,1.0587686598225978,7.6109178549419525,1.6545566750729983,30,9.265491831079927,-2.057567247675518
44,1.1649163204810657,7.365440591683193,0.9152246810315212,54,8.280668974381328,-2.0476170237478186
44,1.1405029779376306,7.270710267174057,0.8326236782451781,54,8.103336469599803,-1.9160876976308785
44,1.1179366619438211,7.245301121414646,0.7710195771934172,54,8.016322410036512,-1.803215827087783
44,1.0072883392018153,7.221996743950486,0.7131584533983758,54,7.935155701494069,-1.6269387788348375
44,1.0214102094072233,7.204068023054804,0.6975639205849327,54,7.9016324055038565,-1.5578755180873678
44,0.9697132186617173,7.224487399070323,0.616009485979947,66,7.840496459243653,-1.2851756153219167
44,1.0763006703718285,7.134380670023267,0.6369493502619629,66,7.77133034358808,-1.188905784544481
44,1.042236547900839,7.150639211796148,0.5871958092746178,66,7.737834846929537,-1.027785070748683
44,1.1283081752451911,7.095011703394903,0.5984197219324043,66,7.6934317775549035,-0.8978193063512716
44,1.1404492427952369,7.0749780493339935,0.5796870978761044,66,7.654665436307243,-0.7348097471415294
44,1.1502915164680192,7.0406102922971,0.544265334855364,66,7.584875770166256,-0.4137295980531821
44,1.1692803393646842,7.021274581097667,0.5367210341496523,66,7.557995815580304,-0.2828099824359178
44,1.1755592152202499,7.0040951153824205,0.5288025387578094,66,7.532897849253787,-0.15588962769925985
44,1.2623050528045383,6.889543840511315,0.7689173615573637,61,7.658463963132908,0.09335782458190955
44,1.1831455723345492,6.967236854625776,0.5055202369488917,61,7.472757238830418,0.1609602619428827
44,1.2735793614129152,6.841955423527915,0.7573049728320034,61,7.599263117674584,0.47770015226807416
44,1.2817271878945489,6.807563765681306,0.7489128193387756,61,7.556479269973569,0.7642609442781207
44,1.37701645628802,6.82717357014086,0.6604379632116545,97,7.487613832209496,0.806662538125428
44,1.1574401377078631,6.84346756901362,0.471584032439041,97,7.315051534293634,1.037796245742257
44,1.3651721228841371,6.851414202320957,0.4525165436932683,97,7.30393142958946,1.2138297240790976
44,1.4393907203485228,6.854253379822362,0.44570410086854706,97,7.299958397027243,1.3281064430415483
44,1.5633463347940295,6.858995210087683,0.4343263523653041,97,7.293322879129596,1.56315926917949
44,1.7131132898475603,6.864724434079632,0.4205794095074259,97,7.285305602419564,1.8974660504218903
44,1.801125505395105,6.868091276229286,0.4125008657626132,97,7.280594162453945,2.1111554377889714
44,0.3683281369199938,6.713564799380539,0.4179106512351537,97,7.131472375429212,2.333181201962189
44,1.9922525641128015,6.875402700367705,0.39495752481769375,97,7.270362769266847,2.608077352118901
44,2.0447860470833126,6.877412329867802,0.390135534624578,97,7.267550528237664,2.751929744572074
44,2.133725834289858,6.880814655584583,0.381971850104964,97,7.262789385122853,3.002556902571582
44,2.098265046055377,6.881118979848106,0.3003421756798284,99,7.18146333243134,3.2484195187282623
44,2.1606004016698948,6.884912592382886,0.28925937847175787,99,7.174174244727593,3.432229948773598
44,2.284216690327054,6.892435647277331,0.26728125313188184,99,7.1597193259561696,3.808294827859136
44,1.8199888912796474,6.786301167780048,0.18650246090899397,106,6.972804822391169,3.937301241070845
44,1.9036449998325267,6.797932424483707,0.15766969148509183,106,6.955603427032353,4.18970881658616
44,0.0,7.237990676222697,0.0,117,7.237990792337755,4.6436068552185965
44,0.0,6.666296217671356,0.0,117,6.666296690571639,4.541920343790691
44,0.0,6.40746185627811,0.0,117,6.407462494949023,4.573138149941622
44,0.0,2.695502143663222,3.068599264450636,117,5.764099948595343,4.164560222748046
44,0.0,2.9121873444390234,2.4330855592371408,117,5.345265198617682,4.0389327528402745
44,0.0,2.864968148278542,2.3273563764471605,117,5.192314944004044,4.1475539354925886
44,0.0,5.250245917202759,0.0,117,5.2502467828212485,4.508337552325294
44,0.0,5.202157260759602,0.0,117,5.202158100353762,4.560843369144035
44,0.0,5.067381316917011,0.0,117,5.06738210394731,4.669211553367358
44,0.0,4.599168073708684,0.0,117,4.599168473618862,4.50977225770211
44,0.0,4.351042327244195,0.0,117,4.351042418549278,4.566965616841811
44,0.0,4.107091149561384,0.0,117,4.107090838089869,4.524661450960947
44,0.0,4.044425904111451,0.0,117,4.044425472806401,4.563392996169096
44,0.12544817255212862,3.70436408646079,0.0,117,3.704362992941972,4.3625648860819055
44,0.0,3.5321867950789314,0.0,117,3.5321852989520703,4.494374710457073
44,0.0,3.3900200606724775,0.0,115,3.3900182161477,4.521396828375698
44,0.0,3.264268748970384,0.0,115,3.264266619240317,4.601013548276033
44,0.0,3.09795118622303,0.0,115,3.0979486601859563,4.643849639425298
44,0.0,2.6491813576832666,0.0,115,2.6491778485587965,4.477034889558428
44,0.0,2.533874053367219,0.0,115,2.5338703294948406,4.497135693312563
44,0.0,2.4407076841128026,0.0,115,2.4407038225333046,4.545745962892395
44,0.0,2.179521287746569,0.0,117,2.1795171381587615,4.661899741627687
44,0.0,2.098230560035444,0.0,117,2.098226369619173,4.652712441533989
44,0.0,1.7627167499543543,0.0,117,1.762712743964899,4.494886207280899
44,0.0,1.6934082231605,0.0,117,1.6934043251976298,4.518612274238004
44,0.0,1.4615621834453811,0.0,117,1.4615589054953926,4.503442582720938
44,0.0,1.301072382507276,0.0,117,1.3010697816195833,4.4618125555111074
44,0.0,1.0982839043241293,0.0,117,1.0982824803490256,4.60057983668348
44,0.0,1.024931536923726,0.0,157,1.0249306296883116,4.550032793415889
44,0.0,0.8491231533645865,0.0,157,0.8491237550153965,4.643656354911226
44,0.0,0.6777137298257602,0.0,157,0.67771617154696,4.557363462181323
44,0.0,0.5558946343040133,0.0,157,0.5558986145454323,4.48819864166493
44,0.0,0.3740308611355686,0.0,157,0.37403755153746765,4.538955076489431
44,0.0,0.2727055213707891,0.0,157,0.2727139415371429,4.8266237187630665
44,0.0,0.0,0.0,176,1.3933893063367009e-05,4.4992296088816826
44,0.1552204296825871,0.0,0.0,176,1.3192785063509405e-05,4.819925153215403
44,1.442477625615843,0.0,0.0,176,7.907202800083724e-06,6.037609734778183
44,2.32537573187199,0.0,0.0,176,5.1132256366770434e-06,6.824678811705492
44,2.390871598225017,0.0,0.0,176,4.9338775003349156e-06,6.893517169963359
44,3.3366265418278003,0.0,0.0,176,2.6542292896891695e-06,8.06270835622057
44,4.532486328329963,0.0,0.0,176,6.147000704004313e-07,8.994295910750665
44,6.100405002765738,0.0,0.0,176,-9.68306618887027e-07,10.995587340739696
44,7.050829926564347,0.0,0.0,176,-1.4707778444034147e-06,12.167842891897099
44,9.13798507260588,0.0,0.0,179,-1.6649481402453148e-06,15.15506780011227
44,16.561041847062953,0.0,0.0,179,7.362417822065481e-07,17.166878098935463
44,57.66392886591716,0.0,0.0,179,-1.043899635178036e-06,20.933407498085074
44,56.28405086680495,0.0,0.0,179,-1.0275952604388294e-06,25.70190389231982
44,34.04613364403038,0.0,0.0,179,3.3752567851763615e-07,33.558763518892945
44,44.94035411562318,0.0,0.0,179,-4.836219869019942e-07,47.06701419165416
44,69.10093999215412,0.0,0.0,179,4.827828465892026e-07,71.05524977024712
45,0.0,63.65233382586224,54.54336225740148,5,118.25110290370218,5.269041398503283
45,0.0,81.88964600881175,0.0,5,81.88964223005071,4.308185450263283
45,0.0,67.8855923848516,0.0,5,67.88558616036397,4.5118606791241564
45,0.0,37.57165611119426,22.66099237475206,5,60.2289949149291,4.786501225906125
45,0.0,31.634280057900316,17.54021911546248,5,49.171937433124,4.37736090605957
45,0.16669636688232156,31.56019269211816,11.71953588018811,5,43.27810232278874,4.362870070974321
45,0.0,31.385900221279307,7.574929630126359,5,38.95973986171731,4.343519230991841
45,0.0,35.599359362913034,0.0,5,35.599359309464894,4.493216488054086
45,0.0,31.643813614585785,0.0,30,31.64381346746518,4.306179080373818
45,0.0,29.84147340152687,0.0,30,29.841473393164684,4.523706108232364
45,0.0,28.572049941342563,0.0,30,28.572050252797293,4.640809727024694
45,0.0,26.956964335627504,0.0,30,26.956965354988913,4.716700823286727
45,0.0,26.691003696861333,0.0,30,26.691004838461247,4.884126938567039
45,0.0,26.0292441658532,0.0,30,26.029245657126822,5.481364634905791
45,0.0,25.773107192223893,0.0,30,25.773108802237203,5.749584673036464
45,0.0,19.49456024272495,0.0,30,19.49456171749166,4.544308895406292
45,0.0,18.217688101840395,0.0,30,18.2176889463676,4.3366339330592485
45,0.0,17.978364388297802,0.0,51,17.97836513730081,4.5015156070706155
45,0.0,16.087974764317696,0.0,51,16.087974934136195,4.3265674300361585
45,0.0,15.756099418400755,0.0,51,15.756099501811178,4.4828943262442476
45,0.0,14.82011836626375,0.0,51,14.82011828323185,4.456837486218788
45,0.0,13.526200839936115,0.0,30,13.52620051433048,4.403697957040327
45,0.0,13.057896257320827,0.0,30,13.057895849462666,4.4878243901457395
45,0.0,12.832625963378803,0.0,30,12.832625489725636,4.615417741253847
45,0.0,12.42516348899701,0.0,30,12.42516292943522,4.777643245642995
45,0.4465586787180515,10.597575512724204,0.0,30,10.597574686823972,4.166052856905354
45,0.0,10.898777919405205,0.0,30,10.898777091407048,4.445761951266967
45,2.0357698981166914,7.634268314749609,0.0,71,7.6342691707800086,2.9121485153388527
45,1.7698470355767615,7.675452846611456,0.0,71,7.675453574469888,3.12950837975516
45,1.6397704528503434,7.69559832456927,0.0,71,7.695598999259946,3.4130202996516417
45,2.021016287308079,7.345346714000289,0.0,71,7.345347827227156,3.4741392494341348
45,0.0,9.342399004928186,0.0,30,9.342398269219522,4.763804149159203
45,0.0,8.480954722994422,0.0,30,8.480954335489574,4.554093485552908
45,2.0552173584506184,7.211436099325963,0.0,30,7.211437330926707,3.890342561909854
45,0.0,7.3959231253586335,0.0,30,7.395923410429848,4.37184559923462
45,0.0,7.427591821578367,0.0,30,7.427592078335036,4.4964709577754824
45,0.34463301159314125,6.507276259265595,0.0,30,6.507277295572014,4.247638629269986
45,0.3452184339776802,6.50255759196998,0.0,30,6.502558643580901,4.254608143062111
45,0.0,6.408868232833203,0.0,30,6.408869182938172,4.571508715619952
45,0.0,5.964082746027005,0.0,30,5.964083908177589,4.4339335307382655
45,0.0,8.075696521158488,0.0,30,8.075696354474378,6.239487098432219
45,0.0,5.573746404735963,0.0,30,5.573747651193699,4.505533969796618
45,0.0,5.302577032221484,0.0,30,5.3025782381652995,4.445506874216775
45,0.0,5.219552350214995,0.0,35,5.21955352878112,4.509005506235811
45,0.0,4.760590732427272,0.0,35,4.760591624595559,4.48192689987096
45,0.0,4.591693443261368,0.0,35,4.5916941559734,4.513141176214223
45,0.0,4.420582430743092,0.0,35,4.420582930264764,4.555384424282536
45,0.0,4.245158780442038,0.0,93,4.245159015512966,4.567338827988467
45,0.0,4.0645538183777035,0.0,93,4.064553741727776,4.5453882035411866
45,0.0,3.776475701067029,0.0,93,3.7764750480490097,4.468719663458144
45,0.0,3.6684057242545762,0.0,93,3.668404836110467,4.479397904239182
45,0.0,3.464745550213234,0.0,93,3.4647441798994443,4.491881903893834
45,0.0,3.308891067928733,0.0,93,3.308889329697582,4.572742884152435
45,0.0,3.2395537262990723,0.0,93,3.2395518159739254,4.611180973664078
45,0.0,2.9934243209665254,0.0,93,2.9934218243611337,4.615524282582738
45,0.0,2.8485498035618626,0.0,93,2.8485469725456785,4.550552736133632
45,0.0,2.6037177623246652,0.0,93,2.603714404940675,4.484759188336806
45,0.0,2.4317678103482296,0.0,93,2.431764151493061,4.551229312455787
45,0.0,2.314038210828413,0.0,100,2.31403439422542,4.624445757947976
45,0.0,2.3006290490102566,0.0,100,2.3006252100851725,4.631370944325891
45,0.0,2.0477405548293417,0.0,100,2.0477365285053395,4.645323192367011
45,0.0,1.9792421012607764,0.0,100,1.9792380593882672,4.6407356938332285
45,0.0,1.701785381998806,0.0,100,1.701781567331107,4.505299889942631
45,0.0,1.5437462222945686,0.0,100,1.543742730267816,4.541531718504906
45,0.0,1.4482300223654332,0.0,100,1.4482268140470058,4.514813952845204
45,0.0,1.2980952895322528,0.0,100,1.2980926594562163,4.465929369384707
45,0.0,1.2003678846111154,0.0,100,1.2003657550031708,4.523350479613354
45,0.0,1.0117271850117526,0.0,100,1.0117262632295585,4.554771617222929
45,0.0,0.9760576476518134,0.0,100,0.9760569888994546,4.584517645179723
45,0.0,0.7956372597471238,0.0,100,0.7956381755012476,4.6069216535302395
45,0.0,0.7318875894484107,0.0,93,0.7318891655914399,4.536547606265035
45,0.0,0.47786931387539044,0.0,93,0.47787403152798014,4.4756744014455325
45,0.0,0.45260780738563056,0.0,93,0.4526128725935692,4.511458678659071
45,0.0,0.3516866917266166,0.0,93,0.35169330025605916,4.601436719277187
45,0.0,0.0,0.19082604782876691,136,0.1908302663343946,4.667561556169689
45,0.0,0.0,0.0,136,1.3275860785810778e-05,4.499228589543712
45,0.12104931704090827,0.0,0.0,136,1.2704928980866725e-05,4.777233022643069
45,0.47842970629864146,0.0,0.0,136,1.1106906628199908e-05,5.2615146889322695
45,0.8952116995122744,0.0,0.0,136,9.390444343893023e-06,5.600625240194216
45,1.5355879533818868,0.0,0.0,136,7.102683568405155e-06,6.0593156015164045
45,2.172083912893441,0.0,0.0,141,5.136507374103871e-06,6.614201506555131
45,2.7744048224209283,0.0,0.0,141,3.5894545273862377e-06,7.314716965404915
45,3.37414242609676,0.0,0.0,141,2.3038495768901157e-06,8.111228689025772
45,4.630142394981743,0.0,0.0,145,2.8963737364051667e-07,8.86253422689164
45,5.400114146646298,0.0,0.0,145,-5.02773435329118e-07,9.961694870564816
45,5.176635552940259,0.0,0.0,145,-3.0402903128390335e-07,10.010524433594519
45,6.310482433276646,0.0,0.0,145,-1.1279749294601515e-06,11.20024258217552
45,8.06024478985308,0.0,0.0,145,-1.5936675374916831e-06,12.66196652736512
45,8.839396406812398,0.0,0.0,145,-1.5837669860019332e-06,14.636711443591475
45,11.881820488333563,0.0,0.0,145,-7.612878363261188e-07,16.894834987617223
45,57.92181027372021,0.0,0.0,163,-1.044736958277781e-06,20.118094955178034
45,32.15758718554827,0.0,0.0,163,6.251560638048659e-07,24.440797227911474
45,79.52536179936216,0.0,0.0,163,2.4039551540511184e-06,31.640564018819553
45,74.98341668958098,0.0,0.0,163,2.096304683618655e-06,42.214811973759836
45,67.57039180595393,0.09821529407936791,0.0,163,0.09821342374305253,51.883323547215255
45,85.60281229581663,0.4068868618280985,0.0,163,0.40686663394824407,95.10637439682736
46,0.0,81.9748969666581,0.0,8,81.97488569978339,4.344661140991228
46,0.0,67.76940513653442,0.0,8,67.76939912710174,4.502687268925463
46,0.0,63.56341793205651,0.0,8,63.563421027836526,4.678714341441266
46,0.0,36.33733528401848,13.725789825356523,8,50.06048922971954,4.531488576257599
46,0.0,31.95505252756554,10.916628400922276,8,42.87008702645841,4.381120964797329
46,0.0,35.168994352709895,3.9382335413345313,8,39.1063065953944,4.526063715880337
46,0.0,35.426552688622344,0.0,8,35.42655263544027,4.508648489135174
46,0.0,31.81221585898169,0.0,8,31.812215708583945,4.320669092714935
46,0.0,30.62498122915766,0.0,8,30.62498111893524,4.51380166235818
46,0.0,27.44891760867409,0.0,33,27.448918368478623,4.554787572112337
46,0.0,26.889505295310794,0.0,33,26.88950632908655,4.760187104359053
46,0.0,26.268932705098276,0.0,33,26.268934063094665,5.263528707206136
46,0.0,25.851101329314098,0.0,33,25.85110289870987,5.699743902827672
46,0.0,25.47700161091187,0.0,33,25.477003381990983,6.105602000599182
46,0.0,19.71112601874287,0.0,33,19.711127594734712,4.558776846853341
46,0.0,17.961003877403783,0.0,33,17.961004599603893,4.529692250509603
46,0.0,17.86623068457857,0.0,33,17.866231371303623,4.7108173780542515
46,0.0,15.794431586044883,0.0,32,15.794431680451135,4.461752165590454
46,0.0,15.485448006960162,0.0,32,15.485448034167005,4.559877368516057
46,0.0,14.476729129740212,0.0,32,14.476729009730269,4.533997954147214
46,0.0,13.48008173626401,0.0,32,13.480081453956227,4.393297164766384
46,0.11573379073805347,13.076070743355867,0.0,32,13.076070364406801,4.465677698587287
46,0.0,12.836756198964745,0.0,32,12.836755792569308,4.612743732818744
46,0.0,12.261472810727176,0.0,32,12.261472293979502,4.789418472039902
46,0.0,10.993604962892018,0.0,33,10.99360420920031,4.448626547153145
46,0.0,10.566150683395165,0.0,33,10.566149897296537,4.476903859256751
46,0.0,10.231004964885487,0.0,33,10.231004162788768,4.499571616337768
46,0.0,9.672056174605997,0.0,33,9.672055407282624,4.415421632075992
46,0.0,9.439515517213131,0.0,33,9.439514785102592,4.625627377747554
46,0.21340027777562087,8.456854828164875,0.0,33,8.456854495901037,4.25658438474759
46,0.0,8.524301426587616,0.0,33,8.524301006325821,4.503653927799636
46,0.0677874761674992,8.378767036039235,0.0,33,8.37876670138035,4.623769929949416
46,0.04152665987733876,6.817164366515651,0.0,33,6.817165038502498,3.8714463833070027
46,0.37008779303260664,6.977042547689662,0.0,33,6.977043239339888,4.211794118863713
46,0.03579178987227005,6.766967084509309,0.0,33,6.766967790827176,4.087913083344954
46,0.34583527027650324,6.4959054091897075,0.0,33,6.495906410824896,4.264806979471018
46,0.0,6.596580117778078,0.0,33,6.596580921580579,4.522023154273999
46,0.0,6.387620089425589,0.0,33,6.38762102328268,4.579410535549712
46,0.0,6.029818182550434,0.0,33,6.029819302655405,4.4575741810740315
46,0.0,5.722886814797085,0.0,33,5.722888022991274,4.527025963906601
46,0.0,5.43321963080709,0.0,33,5.433220854816568,4.480675943250015
46,0.0,5.253561526202105,0.0,33,5.253562712400086,4.474968854591463
46,0.0,5.091455475878609,0.0,54,5.091456613830989,4.654818529098957
46,0.10550055167959217,4.640024058094594,0.0,54,4.640024882647541,4.414332702325082
46,0.0,4.521545282485334,0.0,54,4.521545956902806,4.534823170964744
46,0.0,4.365319246015925,0.0,54,4.365319704161347,4.564842378968459
46,0.0,4.126488638334632,0.0,112,4.126488726622107,4.523945232794761
46,0.0,4.049816089522803,0.0,112,4.049816055626822,4.558167787977261
46,0.0,3.690208681229227,0.0,112,3.690207925400667,4.46497655317213
46,0.0,3.5805471007154663,0.0,112,3.5805460982706947,4.504375833386302
46,0.0,3.383956285410635,0.0,112,3.383954822291445,4.525089196585242
46,0.0,3.2523406200933156,0.0,112,3.2523388390296333,4.605074514176469
46,0.0,3.2051858538379516,0.0,112,3.2051839631578716,4.624939452252937
46,0.0,2.8518074029738125,0.0,112,2.851804670316792,4.551910530292355
46,0.0,2.691804583260845,0.0,112,2.691801508277079,4.490099886011587
46,0.0,2.574068332462217,0.0,112,2.5740650151681663,4.488665475670638
46,0.0,2.390821692998799,0.0,112,2.390818074878883,4.577591670334476
46,0.0,2.3318968288444673,0.0,112,2.331893130756006,4.614690488524509
46,0.0,2.211191752592142,0.0,112,2.2111879119002893,4.660091220961192
46,0.0,2.0470618507157665,0.0,112,2.047057920549671,4.64474005338279
46,0.0,1.866085814453474,0.0,112,1.866081896659587,4.613888088310574
46,0.0,1.7204956367290323,0.0,112,1.7204918611350788,4.485421405096162
46,0.0,1.6191520616625175,0.0,112,1.619148460557854,4.634249116145865
46,0.0,1.3630204745370986,0.0,112,1.3630176321832703,4.525479526979767
46,0.0,1.3479297411130076,0.0,137,1.3479269587468448,4.556292321917059
46,0.0,1.1893402397616526,0.0,137,1.1893382018975647,4.526653064222117
46,0.0,1.0090833568060793,0.0,137,1.009082470221749,4.495850453519905
46,0.0,0.9583031899180194,0.0,137,0.9583026979637861,4.577622027189042
46,0.0,0.709676287221531,0.0,137,0.7096781108539894,4.5191794024784535
46,0.0,0.6590282941465242,0.0,137,0.6590306649129651,4.615620975079649
46,0.0,0.46944049211053995,0.0,137,0.46944530625687975,4.476899942243259
46,0.0,0.37354443735869713,0.0,137,0.3735506792736878,4.539895311736164
46,0.0,0.3602069263748342,0.0,137,0.3602133844297182,4.5740473606758005
46,0.0,0.18400844548036588,0.0,137,0.18401794592472243,4.74215422043417
46,0.0,0.0,0.0,171,1.325312497790776e-05,4.499208117485665
46,0.06113847065419911,0.0,0.0,171,1.296302816200523e-05,4.654422910736216
46,0.3245013906246992,0.0,0.0,171,1.1761198502213688e-05,5.091816614076011
46,0.6081803397785086,0.0,0.0,171,1.0555006483059515e-05,5.377824013152811
46,1.3209251069604584,0.0,0.0,171,7.822716183270018e-06,5.902877736544998
46,1.8163723418329287,0.0,0.0,171,6.198464845397211e-06,6.284053287136587
46,2.4260872689214406,0.0,0.0,171,4.4775145688902285e-06,6.888759088197126
46,2.977167974443807,0.0,0.0,171,3.1477224045062258e-06,7.582646864902563
46,3.475787749549955,0.0,0.0,188,2.1283847235764597e-06,8.237810262818584
46,4.177759672394801,0.0,0.0,188,9.643621670107905e-07,9.092813813601001
46,5.230499634821398,0.0,0.0,188,-2.7890989606760286e-07,10.17119426377414
46,6.5043208964631365,0.0,0.0,188,-1.1441109215581946e-06,11.458451563828843
46,8.087439395366406,0.0,0.0,206,-1.4974619286789448e-06,13.06111152743671
46,9.880735582141433,0.0,0.0,206,-1.2626216499000975e-06,14.596509024978294
46,28.648873488939554,0.0,0.0,206,1.2871766674749097e-06,17.01896626660339
46,58.56371084013674,0.0,0.0,206,-7.820351974885398e-07,19.123646313991653
46,56.96819882765881,0.0,0.0,206,-7.76945780600613e-07,22.966770748710047
46,33.169001395567264,0.0,0.0,206,5.034063264020006e-07,28.988227272354727
46,65.90650604612185,0.0,0.0,206,-2.6146046216979357e-07,35.281274850118024
46,48.550823476022046,0.0,0.0,206,-5.631902322278393e-07,47.804918048712324
46,77.66669058935719,0.0,0.0,206,1.5154734089861677e-06,73.03840696297681
47,0.03832674000537417,64.38728134377497,83.28986366420608,5,147.77193386547336,5.09055182340218
47,0.06320208319538638,66.9649229851236,47.65215996605519,5,114.66420991074156,4.983888708901722
47,0.0,81.55016395799312,0.0,5,81.55018768386037,4.557757927159313
47,0.0,67.32319831986491,0.0,5,67.32319302297503,4.499586472628115
47,0.0,31.63325762153376,24.060677779436304,5,55.690628706719465,4.368621657357803
47,0.0,30.457163873197167,19.595093382500885,5,50.04950585236784,4.581972825175441
47,0.0,32.9401667778614,11.124514310076348,5,44.0629070852313,4.49701317913742
47,0.0,35.768398730089615,3.145282489840235,5,38.91287233431105,4.477071466545599
47,23.874316224937235,23.06586871292718,0.0,5,23.065870945135018,2.276046088574015
47,23.81452649863033,23.324015037516123,0.0,5,23.324016745913546,2.509681289462236
47,23.981343330163003,22.855109484212242,0.0,5,22.85511226374524,2.7123730228170952
47,0.0,27.45400103563995,0.0,5,27.454001771175648,4.564539180485754
47,0.0,20.39537358872704,0.0,5,20.395375496163105,3.2745671013198177
47,0.0,19.847593221681155,0.0,45,19.847594862590807,3.600915894615861
47,0.0,19.60020057680205,0.0,45,19.600202092815483,3.8872733776602395
47,0.0,19.45378962867833,0.0,45,19.45379106246368,4.081655880206263
47,0.0,18.096206730075785,0.0,45,18.096207491246815,4.227926959220534
47,0.0,17.989593359397013,0.0,45,17.98959406515642,4.419559879358101
47,0.0,40.00776409755116,0.0,11,40.00776456141274,12.51014449328932
47,0.0,15.843576316394717,0.0,11,15.843576417101044,4.460589367034286
47,0.0,14.999050831300545,0.0,11,14.999050803174418,4.443427181012211
47,0.0,14.319069420403723,0.0,53,14.319069308588766,4.5251425828446035
47,0.17018417503223318,13.300680424533468,0.0,53,13.300680121152205,4.355197462281211
47,0.0,13.097842920037333,0.0,53,13.097842624837801,4.470030363843922
47,0.0,12.628496076804632,0.0,82,12.628495701310104,4.70092457325309
47,0.26391964570908716,11.063164132733622,0.0,82,11.063163471991562,4.213327400493117
47,0.2619637060750242,10.660979417692005,0.0,82,10.660978714964255,4.281074045841775
47,0.26055995139926114,10.37233621806146,0.0,82,10.372335509422705,4.370492400912088
47,0.25871614668451837,9.99320893781364,0.0,82,9.993208239338237,4.3814727855709865
47,0.0961555319999235,9.60438960762974,0.0,82,9.604388939642813,4.347634576847598
47,0.18861390548602314,8.460151038898239,0.0,82,8.46015071263444,4.048462938831348
47,0.2519253762279676,8.596875414315432,0.0,82,8.596875044328556,4.183432430260485
47,0.048111020579263336,6.927552147616154,0.0,82,6.9275526837445955,3.4254335852886797
47,0.25049587393406636,8.302937931424019,0.0,82,8.302937690226921,4.446840606243189
47,0.2500449769555206,8.210223478650814,0.0,82,8.210223286218799,4.7990835861115055
47,0.0,7.329674512829472,0.0,130,7.329674767278867,4.365346752101264
47,0.0,6.927033973311813,0.0,130,6.927034489200394,4.351695379174101
47,0.0,7.235920921866852,0.0,130,7.235921235515968,4.6555998345779575
47,0.0,6.521457160430158,0.0,130,6.521457946147509,4.560262159777745
47,0.0,6.294491459684687,0.0,130,6.294492370397061,4.604590321845231
47,0.0,5.903066791127283,0.0,130,5.903067880062196,4.468019168653836
47,0.0,5.678795952890399,0.0,130,5.678797099024109,4.512041587148488
47,0.0,5.3254012306080805,0.0,130,5.3254024045274395,4.435278222397422
47,0.0,5.198480412885849,0.0,130,5.198481566093584,4.5174906515354
47,0.0,5.16536786262863,0.0,130,5.165369011117669,4.562120677181142
47,0.0,4.723608468693137,0.0,130,4.723609379551316,4.475897109647274
47,0.0,4.530587692263106,0.0,130,4.530588423379752,4.533051757794404
47,0.0,4.346608089952836,0.0,130,4.346608598457992,4.567825045211357
47,0.0,4.130070870208032,0.0,130,4.130071065661594,4.524369105925256
47,0.0,4.072744356822046,0.0,148,4.072744452051877,4.539392444935595
47,0.0,3.6938740462892374,0.0,148,3.6938734455706896,4.462746256020818
47,0.0,3.58963192955848,0.0,148,3.5896311020966785,4.505246940641541
47,0.0,3.46104675658231,0.0,148,3.461045646645461,4.492825525995958
47,0.0,3.264272533597236,0.0,148,3.264270981899342,4.596842748669653
47,0.0,3.118503174166755,0.0,148,3.118501262052595,4.635023447325988
47,0.0,3.041822487547942,0.0,148,3.0418203936699513,4.626680682981972
47,0.0,2.779642559753858,0.0,157,2.779639856982694,4.527673309308833
47,0.0,2.548301638002525,0.0,157,2.5482984609394173,4.498682765812591
47,0.0,2.3981947687745744,0.0,157,2.398191321257734,4.571999919378488
47,0.0,2.351440269296955,0.0,157,2.3514367497953756,4.601835525694058
47,0.0,2.2014389201060904,0.0,157,2.2014351861350505,4.660988371049433
47,0.0,2.0560244822179876,0.0,157,2.0560206323064953,4.646197831713842
47,0.0,1.7846739134311445,0.0,157,1.784670054521186,4.519843480248175
47,0.0,1.7203505671518158,0.0,157,1.720346768095668,4.4855722641297575
47,0.0,1.5729120549544222,0.0,157,1.5729084548293173,4.584940477298755
47,0.0,1.4557722097620784,0.0,157,1.4557688682668406,4.50409691024829
47,0.0,1.3009530593143666,0.0,157,1.3009502352620483,4.531280152269579
47,0.0,1.1819260037075223,0.0,157,1.1819236808880138,4.534944419150095
47,0.0,1.0107038209911046,0.0,153,1.0107024729979237,4.4970151441424875
47,0.0,0.9676574027557672,0.0,153,0.9676563413538588,4.5597174085388374
47,0.0,0.8075327150219802,0.0,153,0.8075329191543457,4.618544334349565
47,0.0,0.7068386759413516,0.0,177,0.7068398115872689,4.516761212554526
47,0.0,0.48673811052124,0.0,177,0.4867417640924465,4.435161822560049
47,0.0,0.4303442149383902,0.0,177,0.43034862758424275,4.473808120565877
47,0.0,0.23398247391543409,0.0,177,0.23398986877012895,4.366684574232142
47,0.0,0.18729625471964953,0.022611153432890885,151,0.20991453065475696,4.475627062024568
47,0.0,0.022167278073693952,0.021325813847892408,151,0.04350336228857721,4.579946148276518
47,0.0,0.0,0.0,195,1.1791029514540696e-05,4.533445189244725
47,0.37994455559678186,0.0,0.0,195,1.0199242780117856e-05,4.875963350699946
47,0.6823256658050759,0.0,0.0,195,9.025683137764418e-06,5.2771470301914025
47,1.0547596177876741,0.0,0.0,195,7.716199689866698e-06,5.794106643928025
47,1.4447099228186246,0.0,0.0,195,6.445294085111186e-06,6.24883735260695
47,2.3461484036395177,0.0,0.0,195,3.99361802649878e-06,7.004572608741298
47,2.809528819799693,0.0,0.0,195,2.963553541235342e-06,7.433568865374776
47,3.4824083859683976,0.0,0.0,195,1.7186068603791682e-06,8.242829422726949
47,4.525401573974711,0.0,0.0,195,2.973558270724652e-07,9.004515426547288
47,5.318731146584613,0.0,0.0,195,-4.244464477665133e-07,10.194817059532895
47,6.191686119608955,0.0,0.0,195,-9.299243650673361e-07,11.140140490786598
47,7.378047080969376,0.0,0.0,206,-1.2475606308015585e-06,12.538286158385622
47,8.841486995037473,0.0,0.0,206,-1.1826633237177475e-06,14.148371146376393
47,17.2882279678153,0.0,0.0,206,1.4889424999608991e-06,16.31939800789673
47,62.193183090687285,0.0,0.0,206,-6.357232376075217e-07,18.930914732066626
47,31.75895844536526,0.0,0.0,206,6.510461521003208e-07,23.026004236849353
47,64.8989140482452,0.0,0.0,206,-3.826237389148446e-07,28.086435331980176
47,34.45520642197278,0.0,0.0,206,2.6238338968198605e-07,35.71270512129077
47,44.55170167626235,0.0,0.0,206,-4.4499726215008195e-07,48.32050880727097
47,69.44638561361671,0.0,0.0,206,3.2223312906864976e-07,74.94228248447601
48,0.0,81.71764415065465,0.0,2,81.71765491207631,4.425611834385069
48,0.0,68.90275606882193,0.0,2,68.90275004656823,4.605185009666394
48,0.0,63.26018968945033,0.0,2,63.26019330804251,4.952934538740955
48,0.0,62.84771664089901,0.0,2,62.847721095225474,5.4953340610941
48,0.0,62.21337061205989,0.0,2,62.21337627975565,6.592823160297161
48,0.0,61.77506135168891,0.0,2,61.77506779882958,7.451261532909053
48,0.0,35.15275966994183,0.0,2,35.152759628718236,4.518380745477218
48,0.0,31.911663379085436,0.15510466326745495,2,32.06672937959845,4.3584546665799255
48,0.0,29.73307516027764,0.0,2,29.733075152005334,4.524481552453082
48,0.0,27.52435071511295,0.0,2,27.52435141830308,4.537029825024472
48,0.0,26.99049105569362,0.0,36,26.990492001229196,4.727530142289602
48,0.0,26.610913866116302,0.0,36,26.610915019429235,5.0243665077423625
48,0.0,26.186475729392335,0.0,36,26.18647711511634,5.484788010778351
48,0.0,25.69376219196383,0.0,36,25.69376382639517,6.119747663141734
48,0.0,25.630332623895047,0.0,36,25.63033429384924,6.204968563694084
48,0.0,18.41737551118532,0.0,36,18.417376422167116,4.437292051845766
48,0.0,17.847213285406006,0.0,36,17.847213938428553,4.625849451408692
48,0.0,16.02411573239022,0.0,36,16.024115863865724,4.3150855542776085
48,0.0,14.870696035684915,0.0,36,14.870695999677535,4.4512699698793075
48,0.0,14.836550646646474,0.0,36,14.836550604632528,4.454662734005749
48,0.0,13.255751355033777,0.0,36,13.255751113371486,4.401884234546499
48,0.0,12.94748936881194,0.0,36,12.947489073652092,4.549527353325924
48,0.0,12.814994914907052,0.0,36,12.814994612468979,4.628993873046509
48,0.0,12.553971269496389,0.0,36,12.553970907592833,4.761531653696673
48,0.0,12.032547427424822,0.0,36,12.032546975557919,4.829358092730903
48,0.0,10.779338942989636,0.0,81,10.779338309565704,4.486155888179782
48,0.4557013093144864,6.9949130050871,0.5201429627541257,81,7.51505183024332,3.0459371310032957
48,0.0,9.821174883198635,0.0,81,9.821174212743825,4.43160860948583
48,0.5196949874815718,7.043857146196123,0.11340060376294388,101,7.157256833064892,3.248481534300568
48,0.5140558973246476,7.038097533796354,0.099341400780806,101,7.137438184172005,3.2879055918985998
48,0.4888113456092691,7.013275536675036,0.04931004237071347,101,7.062585487745557,3.4882578896052205
48,0.4216800036890708,6.9034757724399824,0.1524461553403056,101,7.055920585997526,3.8077376658662185
48,0.41239105622767286,6.88828280575587,0.166717074218796,101,7.054998382247991,3.867518308222902
48,0.3158994433096334,6.730461495381124,0.31496034786530136,101,7.045418944237187,4.065240079220743
48,0.0,6.928854774764409,0.0,75,6.928855251851812,4.361660442987809
48,0.0,6.708541087338044,0.0,75,6.708541708625516,4.374248513197138
48,0.3122275186263121,6.503607648190226,0.0,75,6.503608530293614,4.373085543494309
48,0.0,6.466398976967957,0.0,129,6.466399752019683,4.553631974899435
48,0.0,5.834026568939166,0.0,129,5.834027647721946,4.4458172995125285
48,0.09854407207843068,5.370532792133268,0.0,144,5.3705339906184655,4.254169583900431
48,0.08782325950751547,5.28827250383601,0.0,144,5.288273706120634,4.33246390399991
48,0.0,5.217619846957969,0.0,144,5.217621000218276,4.545148910843546
48,0.0,5.156354868314075,0.0,144,5.15635600922902,4.611955828488158
48,0.0,4.701864332693707,0.0,150,4.701865254723536,4.480531791310016
48,0.0,4.546562942263333,0.0,150,4.54656373778678,4.525596098134798
48,0.0,4.352997316949481,0.0,150,4.3529978955308355,4.56651770997318
48,0.0,4.14584022239597,0.0,150,4.145840515550093,4.527719748498232
48,0.0,4.03461403462051,0.0,150,4.034614163409236,4.573437072041072
48,0.0,3.703835151287027,0.0,129,3.7038346774439344,4.457120872761722
48,0.0,3.650723235608455,0.0,129,3.6507226530350305,4.490336271999146
48,0.06862831598422257,3.4200245048378144,0.0,129,3.4200234330141495,4.4878222730086055
48,0.0,3.2849711615953514,0.0,129,3.2849697768907316,4.58886795707954
48,0.0,3.1706977852469898,0.0,129,3.1706961316930276,4.638626061927813
48,0.0,3.0458283544412157,0.0,87,3.0458264036645186,4.634944862855233
48,0.0,2.7982303083824434,0.0,87,2.798227770179178,4.518248314026909
48,0.051011477355587635,2.5225111794634993,0.0,172,2.5225080262416473,4.494865133305936
48,0.04646536991041646,2.464227309639084,0.0,172,2.464224039317939,4.52511311381749
48,0.03641193216645177,2.335336106819077,0.0,172,2.335332612260025,4.608433545052778
48,0.029044859543978754,2.2408857430971816,0.0,172,2.2408821177129905,4.65098847986428
48,0.0,2.0356227546090455,0.0,87,2.0356189234859396,4.643221407489689
48,0.0,1.9856670051925485,0.0,87,1.985663141967711,4.640514926245091
48,0.0,1.7271535538059712,0.0,87,1.7271496949064442,4.4821277018669985
48,0.0,1.6418675671330596,0.0,129,1.641863783580991,4.616778556932571
48,0.0,1.4525653530543137,0.0,129,1.452561886993017,4.506912436063747
48,0.0,1.3020628704427317,0.0,184,1.3020598296381412,4.530450073698377
48,0.0,1.188668611722999,0.0,150,1.1886660148762989,4.52706461659057
48,0.0,1.0016529151576143,0.0,150,1.0016512959093902,4.50359408815341
48,0.0,0.979742263434425,0.0,150,0.9797407815971386,4.535744970149619
48,0.0,0.8182850556794359,0.0,150,0.8182847330714029,4.629087325969058
48,0.0,0.7010332158929211,0.0,184,0.7010339146652651,4.517881617065385
48,0.0,0.48453796107025165,0.0,184,0.4845410105505117,4.441378477981425
48,0.0,0.4695701774390482,0.0,184,0.46957342623218956,4.529528812480411
48,0.0,0.25586470667280714,0.0,184,0.2558709732275961,4.50467629607132
48,0.0,0.18413622951208747,0.0,184,0.18414366827457407,4.58942290591591
48,0.0,0.15819144623075154,0.0,224,0.15819932722320296,4.616888258357086
48,0.0,0.0,0.0,224,1.0841746931333773e-05,4.533446528208826
48,0.4642559597667101,0.0,0.0,224,9.027168047737177e-06,5.046389429632914
48,0.8173033341740962,0.0,0.0,224,7.786216388083744e-06,5.487226286581938
48,1.3182854409739626,0.0,0.0,224,6.206953409915172e-06,6.063509117598057
48,1.882336530084891,0.0,0.0,224,4.6541545302147824e-06,6.574290295245822
48,2.6183687778715465,0.0,0.0,224,2.9718961407354527e-06,7.21728024541519
48,2.769340244889029,0.0,0.0,224,2.6729233493227866e-06,7.375024259863395
48,4.7459441781235485,0.0,0.0,224,-2.0692763058605124e-08,8.783129006644286
48,5.465245450602016,0.0,0.0,224,-5.406765417603765e-07,9.781289865599764
48,5.145774556615532,0.0,0.0,224,-3.3325522608151914e-07,9.890380673333368
48,6.192580742182993,0.0,0.0,227,-8.746963828798471e-07,11.141594476055504
48,7.823126810709932,0.0,0.0,227,-1.1193104860751646e-06,12.545247761244683
48,9.186539545968628,0.0,0.0,227,-9.354922863025195e-07,14.793933332869873
48,28.35122598083812,0.0,0.0,244,1.1666154549061503e-06,16.620953753564077
48,58.61019977798754,0.0,0.0,244,-7.452368731009074e-07,18.914906080484183
48,31.527589977659215,0.0,0.0,244,6.308962650081185e-07,22.28022904396173
48,64.87401191950673,0.0,0.0,244,-3.7545473574596144e-07,27.95021299400725
48,54.38924072313669,0.0,0.0,244,-6.966001517838549e-07,37.32901993430814
48,42.40312938387839,0.0,0.0,244,-3.704480135979793e-07,48.71185268392228
48,72.37254286027994,0.0,0.0,244,8.962524997713217e-07,74.30182451510836
49,0.0,81.40807546077905,0.0,6,81.40810994052607,4.575710263753644
49,0.0,67.53608243749831,0.0,6,67.5360770454472,4.556466312113116
49,0.0,63.61256860534505,0.0,6,63.61257142138579,4.636033176360003
49,0.0,62.50232825272525,0.0,6,62.502333218106756,6.032943736196399
49,0.0,62.061877825982705,0.0,6,62.061883571338896,6.837663322968156
49,0.0,61.51093964598103,0.0,6,61.510946292627,7.911403044702766
49,0.0,35.98983012579707,0.0,6,35.989830100505195,4.489945524986489
49,0.0,32.07272394304827,0.0,6,32.07272380153732,4.387254253136556
49,0.0,29.43780306764776,0.0,6,29.437803108361045,4.558994431269243
49,0.0,27.39109167316485,0.0,29,27.391092429071243,4.560707000567726
49,0.0,26.861577241091624,0.0,29,26.86157825320338,4.807902723938168
49,0.0,26.42451103239654,0.0,29,26.424512279043682,5.197500336755866
49,0.0,26.01080924695433,0.0,29,26.01081071498812,5.677623465774682
49,0.0,25.759715612918647,0.0,29,25.759717213412827,5.999503316627221
49,0.4314823951627087,6.978868611630753,1.3854815734572061,50,8.364348038395548,1.0698918526626482
49,0.5547502663591485,6.971789645897351,1.3666755049530026,50,8.338463817670384,1.2815788309586296
49,0.570247499380791,6.970899678540424,1.3643112065920275,50,8.335209648906774,1.3325625274565365
49,0.35978837833534527,6.831487509444257,1.242580842902903,69,8.074065260018667,1.5512456840216853
49,0.38553352280527153,6.8021693563182595,1.223261993252472,69,8.025428406915388,1.6094191349630922
49,0.43190859760539374,6.749358172997545,1.1884626896930146,69,7.937818185775334,1.7894343075390218
49,0.3758544520102328,7.062231275247409,1.0276756619977068,81,8.089902418938781,2.102927111315232
49,0.4370085802180228,6.826389797265124,1.0012451328944971,81,7.827631283807911,2.1869315498661344
49,0.44969249962856994,6.704320858324499,1.0489408213568463,81,7.753258579509323,2.2873289943614594
49,0.4751115719506378,6.679445246682487,0.9847771975085757,81,7.664219302341757,2.5661609933793095
49,0.4877300476080614,6.630781975107124,0.9793235511583496,81,7.6101025272641705,2.732461217792718
49,0.4931429493348887,6.60990706803478,0.9769841202676399,81,7.586888261868737,2.808757666472774
49,0.43357348388384737,6.595409800143876,0.9559092952208068,81,7.551315809236462,2.920864183182422
49,0.5154022221408948,6.524063970418507,0.967363766336399,81,7.491425083849377,3.1476440061889264
49,0.4644904706339705,6.760674642340146,0.7309485110351542,75,7.491619293166896,3.478214191518026
49,0.5034988998650576,6.549739674001309,0.8000835290662258,75,7.349819966522008,3.4575899457315096
49,0.5312094629393067,6.533242333808687,0.7340338702491108,75,7.267273050094719,3.644093730702176
49,0.5309839265079416,6.65434937148943,0.6118397347137011,75,7.266185761292811,3.838651503902536
49,0.5811939873894273,6.574061796532077,0.5218991709091289,75,7.095958067767921,3.958083430799901
49,0.6849440151580419,6.461155028578787,0.4034077317381159,75,6.864560651020882,4.067780152772391
49,0.6862401373030226,6.406089472119321,0.33373150524887485,75,6.7398192306928495,4.205659736661421
49,0.7038441715483116,6.377940029672785,0.30219765053012626,75,6.680136161873437,4.292782733107469
49,0.0,6.778317233601038,0.0,131,6.778317836161192,4.559373706487042
49,0.0,6.458743816227819,0.0,131,6.458744592217773,4.560164777624667
49,0.0,5.8736472031405365,0.0,31,5.873648257990494,4.4343295947558925
49,0.0,5.7260240759509475,0.0,31,5.726025172492452,4.505925343265554
49,0.0,5.37305096008342,0.0,31,5.373052097508564,4.444698875968342
49,0.0,5.247154618551326,0.0,141,5.247155741352923,4.513076992162924
49,0.0,5.181714934900678,0.0,141,5.181716045331553,4.585229081646061
49,0.0,4.694520022104971,0.0,141,4.694520903233368,4.481498926086349
49,0.0,4.558464656575085,0.0,141,4.558465428459572,4.522399132967768
49,0.0,4.396580480292593,0.0,146,4.396581083863321,4.558523952808381
49,0.15556933782811994,4.076490956623617,0.0,146,4.076491180081261,4.44979511170755
49,0.0,4.03736939418367,0.0,146,4.037369516798057,4.5705645432740205
49,0.17031128734093554,3.641455432040338,0.0,146,3.641454848407255,4.373374438947115
49,0.14510389991839034,3.457608831663818,0.0,146,3.4576078354174804,4.4099172766287555
49,0.0,3.4017895465962726,0.0,146,3.4017884333488784,4.514830990451214
49,0.16155635114373557,3.2249719857612913,0.0,146,3.2249704540274564,4.5385238758674475
49,0.0,3.2257585309063024,0.0,146,3.225756997251443,4.620285040917771
49,0.13260433722626216,2.914419401619032,0.0,146,2.914417099120932,4.527743626340001
49,0.0,2.832416239357421,0.0,146,2.832413798374036,4.535235748292029
49,0.09163925794500444,2.5355699888415724,0.0,146,2.5355668301984284,4.471961584209746
49,0.09157000073375464,2.4949120267274654,0.0,146,2.4949087855210426,4.491443997306526
49,0.0,2.358536594737442,0.0,146,2.3585331569845387,4.59949034426023
49,0.0,2.2312361947660557,0.0,146,2.231232556174607,4.657101998883375
49,0.0,2.053875684317119,0.0,146,2.053871841936651,4.645348725724041
49,0.0,1.9266566821584834,0.0,146,1.9266527504324067,4.6378695120257625
49,0.0,1.7175561557134547,0.0,148,1.7175522615372003,4.487556945809837
49,0.0,1.6560812472692858,0.0,148,1.6560774013279502,4.593221243627159
49,0.0,1.474328895246329,0.0,148,1.474325324891046,4.502170803805525
49,0.0,1.362922356722112,0.0,148,1.3629190509226206,4.525355361236407
49,0.0,1.188339701106627,0.0,148,1.1883370087326703,4.527234155188266
49,0.0,1.0107745019616137,0.0,148,1.0107727189059634,4.492703671397663
49,0.0,0.9855472875392617,0.0,148,0.9855456543926433,4.520093747427001
49,0.0,0.8511149330765793,0.0,140,0.851114221660028,4.67439815539147
49,0.0,0.7027289047528689,0.0,140,0.7027294660072432,4.522087239072707
49,0.0,0.5911080055046585,0.0,140,0.5911096892414651,4.573539633787993
49,0.0,0.41698100531502513,0.0,148,0.4169847904424291,4.526110994216133
49,0.0,0.378587272514902,0.0,148,0.37859156975275,4.614015916468734
49,0.0,0.23404567426789577,0.0,148,0.2340521227393264,4.522669491817549
49,0.0,0.1547662637905671,0.0,148,0.1547740401130273,4.5872658230866215
49,0.0,0.0,0.0,219,1.0673450560716446e-05,4.533495849055809
49,0.24612442249266897,0.0,0.0,219,9.700851823168932e-06,4.782129583822391
49,0.6113967167079043,0.0,0.0,219,8.361800004408337e-06,5.218726164920897
49,0.9389849246619536,0.0,0.0,219,7.2546401206352584e-06,5.637550890888324
49,1.3637432896131534,0.0,0.0,219,5.974802297359361e-06,6.1192009928685085
49,2.0635101255708026,0.0,0.0,219,4.13721827818847e-06,6.735397967673337
49,2.711086567586321,0.0,0.0,219,2.7400161890511754e-06,7.3175971742224375
49,3.283761831414192,0.0,0.0,219,1.7523480195791308e-06,7.9949439289128925
49,3.9753553989148953,0.0,0.0,219,7.845360414648894e-07,8.820515161155306
49,5.67701249897699,0.0,0.0,229,-6.213531307253106e-07,10.010307538880841
49,6.1906670852743195,0.0,0.0,229,-8.310841383973866e-07,11.139361843330704
49,7.348568468867281,0.0,0.0,229,-1.04755206820073e-06,12.248652292478672
49,9.54824247168845,0.0,0.0,229,-7.57864437872513e-07,13.93429262404396
49,27.89063900472492,0.0,0.0,229,1.2883868638624563e-06,16.079689786223753
49,62.06700726554435,0.0,0.0,229,-6.183392446956759e-07,18.55424754297107
49,31.733155276152385,0.0,0.0,229,6.18240449057339e-07,22.794105491297223
49,64.78418075597357,0.0,0.0,229,-3.797103893532494e-07,27.26960381205054
49,65.8165593938747,0.0,0.0,229,-2.4940414178331594e-07,34.294021090391816
49,67.19426733525044,0.0,0.0,229,-5.509713929541249e-08,47.93080728507724
49,69.14120978420027,0.0,0.0,229,2.8245809247096076e-07,71.7952980773525
50,0.0,81.91315784362448,0.0,4,81.91315205400728,4.405829555069442
50,0.0,67.17183248458673,0.0,4,67.1718278091741,4.5766800899513935
50,0.0,63.76058483473156,0.0,4,63.76058728089182,4.549979558915675
50,0.0,62.371098601985054,0.0,0,62.3711035976958,6.24673630344404
50,0.08631662169228267,61.88575167460695,0.0,0,61.885757705132136,7.153712630452587
50,0.0,61.41754431536973,0.0,0,61.417550795690296,8.05826736415841
50,0.0,35.64432537618363,0.0,0,35.644325364376016,4.511984692455478
50,0.0,31.52793308103794,0.0,0,31.52793293239197,4.31020287609031
50,0.0,29.633780968409486,0.0,0,29.633780969545185,4.531240434247378
50,0.0,27.518299804210205,0.0,39,27.518300488937378,4.540148634932651
50,0.0,26.77408188119383,0.0,39,26.77408293817948,4.869817105148009
50,0.0,26.613582035628884,0.0,39,26.6135831617809,5.005498405970373
50,0.0,25.927244783676134,0.0,39,25.92724629892721,5.769340214920973
50,0.0,25.642548375901303,0.0,39,25.642550029499652,6.1359454423637905
50,0.0,25.3305356412403,0.0,39,25.33053746990477,6.542700949153521
50,0.0,17.943033984317182,0.0,39,17.943034669451222,4.565773585607911
50,0.0,17.636703683836082,0.0,39,17.636704242584226,4.782883574582986
50,0.0,15.7359349389092,0.0,39,15.73593500344405,4.4800861767552504
50,0.0,14.874732877146807,0.0,39,14.874732826959022,4.451007233842773
50,0.0,14.23233539740446,0.0,39,14.23233529812774,4.516882243719822
50,0.0,13.454613067763804,0.0,39,13.454612861355205,4.387839637306097
50,0.0,13.126495520007092,0.0,39,13.126495291507323,4.450958801194881
50,0.0,12.673401638835246,0.0,39,12.673401329341111,4.706687524955287
50,0.0,12.319622323308238,0.0,39,12.319621968254955,4.825788409885554
50,0.0,11.163030534782608,0.0,39,11.163029997113277,4.553051612991004
50,0.0,10.664301165153372,0.0,39,10.66430057734405,4.4805548310713075
50,0.0,10.054036717852721,0.0,48,10.054036112557554,4.461763341331533
50,0.0,9.59957405460835,0.0,48,9.599573491352633,4.48227385963432
50,0.0,9.46366126402721,0.0,94,9.463660713104678,4.579712416701787
50,0.0,9.291575712123766,0.0,94,9.29157519089641,4.7441439942044745
50,0.0,8.508053930231794,0.0,94,8.508053632287215,4.549825035653049
50,0.0,8.422109785499748,0.0,94,8.422109528710156,4.650110261724905
50,0.0,7.375079665315319,0.0,94,7.375079920652628,4.205517813839036
50,0.0,7.597122146996221,0.0,39,7.59712227445533,4.566936771647596
50,0.0,6.91615384291811,0.0,39,6.916154371992917,4.40831635660704
50,0.31376517714039104,6.521146556172494,0.0,39,6.521147450534106,4.325837728690525
50,0.3231267945491303,6.496596428581947,0.0,39,6.496597342474182,4.354929794679137
50,0.0,7.118001850835126,0.0,39,7.118002254940975,5.152382311236462
50,0.0,6.058423614374625,0.0,39,6.058424597892074,4.497775328099719
50,0.0,5.680584503555547,0.0,92,5.680585608594992,4.52799730038458
50,0.0,5.368169215271751,0.0,92,5.368170345759475,4.444533025598677
50,0.0,5.3131015653189175,0.0,92,5.313102702208994,4.459229360299503
50,0.0,5.156428543050434,0.0,92,5.156429646035932,4.611753115164035
50,0.0,4.704568291087946,0.0,92,4.704569189778839,4.479995164917884
50,0.0,4.5686291781358355,0.0,92,4.568629956583727,4.519381009590715
50,0.0,4.366280665665013,0.0,48,4.366281240140244,4.564237383209896
50,0.0,4.109898280198326,0.0,48,4.109898513677981,4.524217854457818
50,0.0,4.077725345297322,0.0,48,4.077725544851795,4.536185344607606
50,0.0,3.7114332512432084,0.0,129,3.711432811094193,4.453551883274828
50,0.0,3.6216459746640743,0.0,129,3.62164533448024,4.502496236725863
50,0.0,3.4495604227606296,0.0,129,3.4495594272683583,4.495014383937994
50,0.0,3.26441430834937,0.0,129,3.2644129033902196,4.6008853199122015
50,0.0,3.2321980553348855,0.0,129,3.232196559832188,4.6173671482522884
50,0.0,2.9222801139852277,0.0,129,2.9222779028061296,4.583206931378374
50,0.0,2.666038640868658,0.0,129,2.666035838959459,4.477665866109305
50,0.0,2.532055198821877,0.0,129,2.532052099534349,4.4975008764283295
50,0.0,2.472933766892778,0.0,129,2.4729305527140646,4.5263186795667885
50,0.0,2.33929734879232,0.0,129,2.3392938933433864,4.611407454282755
50,0.0,2.2347571991699238,0.0,138,2.2347535792108015,4.656388235652054
50,0.0,2.069991260743265,0.0,138,2.0699874421837627,4.647648032763826
50,0.0,1.9271352793218681,0.0,138,1.9271313556230876,4.63791335376931
50,0.0,1.7208533879613381,0.0,138,1.7208494773986764,4.485212862224749
50,0.0,1.6699232312365864,0.0,138,1.669919360886297,4.565274200635148
50,0.0,1.4742346960347157,0.0,138,1.474231092427825,4.5021971438827375
50,0.0,1.2985574698955595,0.0,138,1.2985543443389478,4.538772195586654
50,0.0,1.1770905542006997,0.0,138,1.1770878817186343,4.544705336569404
50,0.0,1.008009545194781,0.0,138,1.008007746891657,4.493982287043725
50,0.0,0.9626075982718477,0.0,138,0.9626060841376756,4.5659205357374315
50,0.0,0.8025991201689842,0.0,138,0.8025987624880138,4.619008760107167
50,0.0,0.7009264179045488,0.0,138,0.7009269564139302,4.5227801695414325
50,0.0,0.5555825832876397,0.0,138,0.5555846261209627,4.457653835878395
50,0.0,0.4333822136235687,0.0,138,0.43338575173720884,4.505736031550573
50,0.0,0.3771302912072175,0.0,138,0.37713457195272326,4.616860540867121
50,0.0,0.2131291699727592,0.0,138,0.21313594314073114,4.52179301210213
50,0.0,0.16386745455265783,0.0,138,0.1638750533507185,4.574244153610309
50,0.0,0.0,0.0,164,1.066012320549703e-05,4.53345650005657
50,0.21029862613800715,0.0,0.0,164,9.830398266075235e-06,4.768603708728195
50,0.6706978837727431,0.0,0.0,164,8.151979232096096e-06,5.3168165322364995
50,0.9421492263002498,0.0,0.0,164,7.257618650058362e-06,5.640205381870738
50,1.354786169485568,0.0,0.0,164,5.9965210486012666e-06,6.068677216447389
50,2.0481048299076834,0.0,0.0,164,4.1860204831323244e-06,6.658939019388269
50,2.7730589441229982,0.0,0.0,164,2.6389804173021503e-06,7.361219494624624
50,3.2513758729140987,0.0,0.0,164,1.8197938977948525e-06,7.952895096595112
50,3.9312870950333325,0.0,0.0,164,8.481515685332397e-07,8.761520637937675
50,5.10114855011359,0.0,0.0,164,-2.6540815056819156e-07,9.69899753338116
50,6.044781345363873,0.0,0.0,174,-7.712523135694482e-07,10.905186914048985
50,7.394910777242483,0.0,0.0,174,-1.0382256228069764e-06,12.370004979326078
50,9.835657678355117,0.0,0.0,174,-6.742988496455382e-07,14.371064338957366
50,11.273213134280006,0.0,0.0,174,-2.1201348943122866e-07,17.001170775172803
50,58.11184870049731,0.0,0.0,196,-7.424472983075248e-07,19.486129706976765
50,31.733209327251156,0.0,0.0,196,6.528395175564583e-07,22.718801689662207
50,65.07962526870207,0.0,0.0,196,-3.4971551166051995e-07,28.934366034288402
50,66.04071670912587,0.0,0.0,196,-2.2114678621676376e-07,36.106496857884856
50,45.16044880597412,0.0,0.0,196,-4.291049418014836e-07,46.26214931159209
50,69.17100962491779,0.0,0.0,196,2.875076212660588e-07,72.11016616701522
51,0.0,81.38705492817503,0.0,1,81.3870913749134,4.587565062440492
51,0.0,67.05303981266121,0.0,1,67.05303545390605,4.586402461049802
51,0.0,62.99757193763135,0.0,13,62.99757572148759,5.2458472714355615
51,0.0,62.549638925758714,0.0,13,62.549643456018615,5.915176832382906
51,0.0,61.97867835827567,0.0,1,61.97868378638057,6.9319794804301145
51,0.0,61.40046513940322,0.0,1,61.400471377923395,8.031459393238025
51,0.0,35.199520801965726,0.0,12,35.19952078212388,4.51908473046962
51,0.0,31.214025091708436,0.0,12,31.21402493626845,4.3639979321997675
51,0.0,29.50010187056616,0.0,12,29.500101889472873,4.548533679719405
51,0.0,27.25696975828554,0.0,13,27.256970551011147,4.597764115165061
51,0.0,26.72558816761586,0.0,13,26.7255892266686,4.9015785928697255
51,0.0,26.246922892373707,0.0,13,26.246924220086292,5.367955915464799
51,0.0,26.034632071576585,0.0,13,26.03463350862772,5.615447185270895
51,0.0,25.624135766523278,0.0,29,25.624137424217356,6.130976413729555
51,0.0,25.397377448799034,0.0,29,25.397379217836733,6.422256326565588
51,0.0,18.034518950608675,0.0,29,18.034519646172708,4.518479104385676
51,0.022950525804660362,16.10529464020546,0.034008501663283675,29,16.139301535398722,4.297749743176777
51,0.31593770549034783,8.431645780867443,1.8693901678930942,29,10.301031460233373,2.3854055590191816
51,0.18339307805252805,8.502402686009924,1.9367489994859024,29,10.439146053534122,2.4991574880380423
51,0.0,14.199449177599071,0.0,29,14.199449076637631,4.516028481745597
51,0.24955644228470616,8.573764104732886,1.5692923512202201,29,10.143048779818818,2.8781457062589624
51,0.0,12.95905397782217,0.0,29,12.959053748799581,4.542465640666988
51,0.33376696555174623,8.031988467744664,1.564201868269332,61,9.596185467728558,3.2815543545282413
51,0.4178103218982934,8.1391972328753,1.4851628582336196,61,9.62435503605536,3.3780759059429446
51,0.3334673871301724,7.950693587271251,1.4823968873823745,66,9.433085433570504,3.5509709938136744
51,0.4576391319740792,8.044643086399015,1.4024360278743064,66,9.447074260563515,3.7503748155344834
51,0.5509175441805385,8.11521840220251,1.342369045462548,66,9.457582718879559,4.108245716494498
51,0.6034712715559462,8.154981042007751,1.3085268761624964,66,9.463503245604254,4.353677550395586
51,0.14407077841789023,8.474594212402907,0.0,87,8.474593959317144,4.088919550128757
51,0.1681943602468276,7.1674160121558295,0.6817540581771421,87,7.84916477131548,3.8729395362957995
51,0.14209784001245684,7.191781467786115,0.5950854559800718,87,7.786861740021586,3.9962647289791757
51,0.12434677956339257,7.208355044334937,0.536132784021538,87,7.744482827392685,4.130829337392527
51,0.10500973649953567,7.226409400262927,0.4719129386966526,87,7.698317602911711,4.298868183304274
51,0.0002044197645034761,7.324262649347157,0.12384621475530723,87,7.448107225376594,4.448968574408845
51,0.0,7.45076153649033,0.0,29,7.450761717042581,4.684650499592655
51,0.0,6.707863563429389,0.0,29,6.707864178933541,4.376294105117012
51,0.900900574007344,6.030369543403484,0.09069932701109099,29,6.121069428165752,4.065608391132065
51,0.9855316359728694,5.893550327817515,0.1596700110314357,29,6.053220594074154,4.356479919368217
51,0.0,5.851933571553963,0.0,29,5.851934602161637,4.437592932409368
51,0.0,5.788864018904966,0.0,36,5.788865064015463,4.467083674268784
51,0.0,5.37689270979444,0.0,36,5.376893812442706,4.444890768275593
51,0.0,4.628707350569656,0.6915716773571737,109,5.320274821083513,4.591864691645474
51,0.0,4.716419194519736,0.2442995789878325,109,4.960716786390938,4.528041935887384
51,0.0,4.710451347731462,0.0,112,4.71045224109038,4.479374726859483
51,0.0,4.61372199549275,0.0,112,4.613722821748997,4.50473901034654
51,0.0,4.358671261625194,0.0,112,4.358671831198642,4.56558050659128
51,0.0,4.130860065909676,0.0,112,4.130860347473577,4.524354844658969
51,0.0,4.029212615259306,0.0,112,4.029212749216208,4.579142879614672
51,0.0,3.7127059432299383,0.0,118,3.712705516773518,4.453054988245938
51,0.0,3.5842546896312113,0.0,118,3.5842540088295696,4.504870371392132
51,0.0,3.514799167633459,0.0,118,3.5147983537236858,4.491289660217074
51,0.0,3.353926941951407,0.0,118,3.3539257634584967,4.543964878127506
51,0.0,3.1311835023598173,0.0,118,3.131181810885293,4.644176514754568
51,0.0,2.92974476233539,0.0,118,2.9297425934781796,4.587085451211081
51,0.0,2.68543725053208,0.0,118,2.6854345084126976,4.480315200370994
51,0.0,2.550632111634426,0.0,130,2.550629074112427,4.49076344414822
51,0.0,2.4343694876578774,0.0,130,2.4343662239374044,4.549777370489959
51,0.0,2.3265394761533047,0.0,130,2.3265360109464037,4.618856486092698
51,0.0,2.2287961281042317,0.0,130,2.2287925042987062,4.657599106152523
51,0.0,2.106314380971646,0.0,130,2.106310607476006,4.6536704378445375
51,0.0,1.8615404044389599,0.0,130,1.8615364632229685,4.610446853000852
51,0.0,1.7211725455466813,0.0,130,1.7211686202209382,4.485039531607644
51,0.0,1.569940614172332,0.0,130,1.5699368174991868,4.5798314959220505
51,0.0,1.462045572389621,0.0,123,1.4620419561500757,4.500990916695244
51,0.0,1.3592745371378292,0.0,123,1.3592711726373157,4.523117580793649
51,0.0,1.1876082647820907,0.0,123,1.1876054926915565,4.527785576012082
51,0.0,1.0095635860367096,0.0,123,1.0095617098033998,4.496995819368477
51,0.0,1.0005179377970645,0.0,123,1.0005161131328748,4.504127114877756
51,0.0,0.9320934253232618,0.0,123,0.9320920326799289,4.630819042507417
51,0.0,0.7055038467995101,0.0,118,0.7055042542139542,4.517292785028422
51,0.0,0.5645126051352867,0.0,118,0.5645144534479964,4.491803876959649
51,0.0,0.4349234774571931,0.0,118,0.4349268725056792,4.505784659239373
51,0.0,0.3996174922110851,0.0,118,0.3996213657366994,4.565190914430421
51,0.0,0.20978402891527886,0.0,123,0.20979072748705008,4.522753437496325
51,0.0,0.13282712541797387,0.0,123,0.13283514590584744,4.614657517171668
51,0.0,0.0,0.0,158,1.0538043941465958e-05,4.5334662862999515
51,0.16946538884094337,0.0,0.0,158,9.88053448658377e-06,4.704316483136166
51,0.5314797219623622,0.0,0.0,158,8.548785942252835e-06,5.108181339709082
51,0.8748652988959924,0.0,0.0,158,7.381196928335498e-06,5.553328743909267
51,1.21832961050614,0.0,0.0,158,6.328275611977574e-06,6.004375044977319
51,1.738777287030828,0.0,0.0,158,4.888132982827642e-06,6.631965351849216
51,2.2858304664327247,0.0,0.0,158,3.617203628181187e-06,7.181998750110776
51,3.296589921771857,0.0,0.0,158,1.738779451088135e-06,8.014449414443462
51,3.836714972644854,0.0,0.0,158,9.929166182587323e-07,8.668795552402907
51,4.664630421306963,0.0,0.0,158,1.1827046009216247e-07,9.613280066779943
51,5.937136214218712,0.0,0.0,158,-6.723789969242944e-07,10.771339770948021
51,6.906388479845453,0.0,0.0,158,-9.323853866760601e-07,12.053502097833723
51,9.466142305260625,0.0,0.0,164,-7.058382642810557e-07,13.7068464057945
51,16.807852780022408,0.0,0.0,164,1.6117387957592655e-06,15.637894316484939
51,30.08437381104526,0.0,0.0,164,9.319231626392366e-07,18.356321063579998
51,57.0912050077534,0.0,0.0,164,-7.394717975728327e-07,22.01352994054256
51,32.791211751807495,0.0,0.0,164,4.851025305896428e-07,26.85091280050208
51,65.771052806217,0.0,0.0,164,-2.6511697726050443e-07,33.73341425054904
51,48.146498552697615,0.0,0.0,164,-4.996803824042217e-07,45.83460362676375
51,72.79319301780848,0.0,0.0,164,9.528352045151678e-07,70.66265389394471
52,0.0,81.32037275057144,0.0,0,81.32041405374254,4.63512421356026
52,0.0,67.14842015926402,0.0,0,67.14841574517833,4.579294370760788
52,0.0,62.97734617131023,0.0,15,62.97734985791702,5.262297528757154
52,0.0,62.32892070438775,0.0,15,62.328925403961634,6.267551691648846
52,0.0,61.841809056774544,0.0,15,61.84181444871653,7.151636211344756
52,0.0,61.35797488024078,0.0,15,61.357980903697566,8.059754265033543
52,0.0,34.85109226157496,0.0,39,34.85109223498672,4.525329914266594
52,0.0,31.355747117467438,0.0,39,31.35574695949319,4.332766585755035
52,0.0,29.423511759269548,0.0,39,29.42351177151619,4.561409272696595
52,0.0,27.19216842392963,0.0,39,27.19216923427352,4.6201438420766685
52,0.0,26.80217642314071,0.0,41,26.80217743589335,4.8373851835795225
52,0.0,26.281787901420827,0.0,41,26.28178919717902,5.316377664433359
52,0.0,25.98665368897979,0.0,41,25.986655145765106,5.655654840102937
52,0.0,25.587969510782603,0.0,41,25.587971186320694,6.15208019556449
52,0.0,18.797587116688053,0.0,41,18.797588161088147,4.511424186873468
52,0.0,17.97823715383413,0.0,41,17.97823780227459,4.546306361505476
52,0.0,17.73027132424304,0.0,41,17.73027187530562,4.7106197465898525
52,0.0,15.718093905933461,0.0,41,15.718093947291258,4.490735079017474
52,0.0,14.867769605623737,0.0,41,14.86776956347983,4.451479902550725
52,0.026174121115073928,13.437873807178127,0.6034746658871328,41,14.041332809510925,4.46378796641007
52,0.26021996783821416,13.1310749007246,0.0,41,13.13107468750895,4.333723136077261
52,0.4463532246940005,12.842197519542614,0.0,41,12.842197219486959,4.453478128045184
52,0.0,12.708027784542086,0.0,41,12.708027629292074,4.692036523043068
52,0.31985966453252973,9.735571994811423,0.0,69,9.735571640277708,3.5941128279605543
52,0.22667531785267347,9.528687258122464,0.0,69,9.528686918225254,3.720637992249719
52,0.18326706292765269,9.432313717820211,0.0,69,9.43231339097379,3.8524012539787176
52,0.14974312969758605,9.357885014436063,0.0,69,9.357884699900875,3.9872134578515652
52,0.11980611346013056,9.291419862914235,0.0,69,9.291419549983866,4.129823090160908
52,0.14540538284914584,8.506425612652517,0.0,83,8.506425473746969,4.084129017097032
52,0.04420010025716159,8.573915657125323,0.0,83,8.573915488106673,4.286108452013282
52,0.0,7.265771071706443,0.20343225425471936,91,7.469201043502531,3.828672175546771
52,0.0,7.31819433998368,0.10883648267949741,91,7.42702960699336,4.036768782462577
52,0.0,7.353835555219961,0.04452328043265453,91,7.39835845564126,4.238650295149389
52,0.0,7.363569941083761,0.026957955494740036,91,7.390527761526066,4.333814381791056
52,0.05624550983214418,6.589537785791891,0.14574922481335467,99,6.735285924149237,4.162816946800769
52,0.10908722065810293,6.512898542408302,0.22582803949332603,99,6.738724862321418,4.305031181017005
52,0.0,6.48337010653791,0.0,110,6.483370805852944,4.542851635577518
52,0.040068791615404005,5.972545795927274,0.0,110,5.972546731220266,4.336878160636335
52,0.0,5.86965968550308,0.0,110,5.869660634187039,4.433244020093824
52,0.0,5.67488880266037,0.0,110,5.674889809598521,4.530406610418099
52,0.0,5.354976153839706,0.0,110,5.354977183891851,4.445252104396131
52,0.0,5.238703780028818,0.0,110,5.238704797125109,4.522181884980423
52,0.0,5.1069478220450035,0.0,110,5.106948817763593,4.652629131292587
52,0.0,4.7625658594583,0.0,110,4.762566714229276,4.483150974528725
52,0.0,4.532012528255068,0.0,110,4.532013225837202,4.529611363221456
52,0.0,4.401404147556496,0.0,110,4.4014047203550835,4.557507329249997
52,0.0,4.183464214949405,0.0,110,4.183464522486432,4.543066767748252
52,0.0,4.018866862376556,0.0,110,4.018866934719,4.590332789328629
52,0.0,3.7377517921960277,0.0,127,3.737751396557446,4.448624857548689
52,0.0,3.535990059019719,0.0,127,3.5359892598216884,4.495199488842429
52,0.0,3.4042827724604727,0.0,127,3.40428170146685,4.513483497849595
52,0.0,3.265672659813431,0.0,127,3.2656712724499126,4.600167667788988
52,0.0,3.1628356060906713,0.0,127,3.1628339867760626,4.640178171452597
52,0.0,3.015328520149226,0.0,127,3.015326553417262,4.625477596758293
52,0.0,2.6995846847287583,0.0,127,2.699581986686157,4.483055521219136
52,0.0,2.5367782531117307,0.0,127,2.5367752092782663,4.495670646842214
52,0.0,2.446314774713406,0.0,127,2.4463115527714123,4.542278892537633
52,0.0,2.38556376803681,0.0,127,2.3855604298510027,4.581918710488951
52,0.0,2.2070555017982016,0.0,127,2.207051864435803,4.660758160006042
52,0.0,2.0820647494714426,0.0,127,2.0820609605434317,4.6495301152814115
52,0.0,1.904985669867095,0.0,127,1.904981752708082,4.6333820349038515
52,0.0,1.7320374340781388,0.0,131,1.732033511360509,4.48090859256636
52,0.0,1.6826553805474056,0.0,131,1.6826514784493476,4.538972950906201
52,0.0,1.454575056636783,0.0,131,1.4545714602676778,4.505075539149258
52,0.0,1.3632576111328856,0.0,131,1.363254231608721,4.525802040129324
52,0.0,1.185716633006141,0.0,131,1.1857138638606166,4.529520488425199
52,0.0,1.0128041052662764,0.0,131,1.0128021885428566,4.4956542337412575
52,0.0,0.9855510768237776,0.0,131,0.9855493239535864,4.52476347102923
52,0.0,0.9090738084935004,0.0,131,0.9090725441674969,4.661665053380945
52,0.0,0.7092756997526775,0.0,131,0.7092760522735126,4.517709361334372
52,0.0,0.5605254951878371,0.0,131,0.5605273629725662,4.494782948449785
52,0.0,0.4425231797268045,0.0,110,0.44252645093716225,4.507586279948736
52,0.0,0.3813407399645988,0.0,110,0.3813448408444202,4.607231050422239
52,0.0,0.22861463404480892,0.0,110,0.2286210069434702,4.520555782503703
52,0.0,0.1743340039283725,0.0,159,0.17434129266742104,4.558705763807998
52,0.0,0.0,0.0,159,1.0522245849742262e-05,4.533452585221664
52,0.22535304533547462,0.0,0.0,159,9.654488348331824e-06,4.760033496613939
52,0.5502782636090942,0.0,0.0,159,8.475830471255108e-06,5.131145022233197
52,0.9056585015149055,0.0,0.0,159,7.28888191581234e-06,5.594151367334037
52,1.1815059578324627,0.0,0.0,159,6.429415092767954e-06,5.957236237479708
52,1.666124240792799,0.0,0.0,159,5.083561900320888e-06,6.550648657046245
52,2.2159413700402197,0.0,0.0,159,3.7639625176666414e-06,7.118742616540155
52,3.043911064607263,0.0,0.0,159,2.1521167781202166e-06,7.7972500098641735
52,3.820839070915971,0.0,0.0,159,1.0321845262950546e-06,8.647383728860337
52,4.650595026514259,0.0,0.0,159,1.492274535053184e-07,9.592890361070793
52,5.905838556338317,0.0,0.0,159,-6.300961619132295e-07,10.723459157580184
52,7.016181406620447,0.0,0.0,159,-8.988522655073439e-07,12.090167039460539
52,9.471340049552634,0.0,0.0,161,-6.466775150926196e-07,13.710344679411739
52,28.100681783097535,0.0,0.0,161,1.3237399922871873e-06,15.816992411165883
52,58.69222658635419,0.0,0.0,161,-7.489291959927868e-07,18.203296476169154
52,31.475723530463938,0.0,0.0,161,7.233568179998429e-07,21.64203198471074
52,55.8690082651355,0.0,0.0,182,-7.254389444710796e-07,27.129835808744442
52,65.90369649833777,0.0,0.0,182,-2.4734325165809423e-07,34.719556548258424
52,45.43958877548535,0.0,0.0,182,-4.4562860423980055e-07,45.30828808899637
52,72.88727001830992,0.0,0.0,182,9.58259326111488e-07,69.82348752380534
53,0.2758811643592018,81.36214897040705,0.0,9,81.3621872008549,4.660541161233386
53,0.0,67.90265987202743,0.0,9,67.90265447855893,4.55667803240809
53,0.0,63.683887752999894,0.0,9,63.683890173219886,4.588473435785714
53,0.0,62.34362973029444,0.0,9,62.34363423752735,6.244028573866806
53,0.013073196501345911,61.76240517462654,0.0,9,61.76241050085695,7.303586583006946
53,0.0,61.238720125038085,0.0,9,61.2387260198382,8.286133052704926
53,0.0,34.906016391480435,0.0,9,34.90601637162983,4.5211707357934525
53,0.0,31.566044022698016,0.0,9,31.56604387285147,4.307454934582026
53,0.0,29.288396709573504,0.0,9,29.28839674676659,4.586231853412336
53,0.0,27.428256725964918,0.0,9,27.428257429658522,4.555010683354423
53,0.0,26.98395622952252,0.0,37,26.983957152962212,4.719426982634987
53,0.0,26.342341261799472,0.0,37,26.34234253058253,5.252681990809611
53,0.0,26.10862058508683,0.0,37,26.108621979688287,5.512570283136201
53,0.0,25.556138181676157,0.0,37,25.556139881730985,6.194654258854502
53,0.0,18.66021460801486,0.0,37,18.660215571896632,4.469362774587298
53,0.0,17.929884063098378,0.0,37,17.929884669841268,4.573426660347918
53,0.0,16.184368370033887,0.0,37,16.1843684611288,4.31163133588457
53,0.0,15.820454087985958,0.0,37,15.820454127182238,4.425839332438255
53,0.0,14.873972111484168,0.0,37,14.873972073591496,4.451057324493673
53,0.0,14.16621143189104,0.0,37,14.166211377828834,4.5171244226949945
53,0.0,13.193764868748959,0.0,37,13.193764781219143,4.420969602070729
53,0.0,12.935500438161585,0.0,37,12.93550033838505,4.5567749794586625
53,0.0,12.615334356125974,0.0,37,12.61533425180028,4.7417643255427695
53,0.0,12.3282768058277,0.0,66,12.328276676499028,4.843879574401672
53,0.0,11.280941593434282,0.0,66,11.280941390041523,4.649732871540085
53,0.0,10.447358986918589,0.0,66,10.447358741633987,4.4787331450030194
53,0.0,10.106019123314947,0.0,66,10.106018869817971,4.465011269370752
53,0.0,9.63585169794723,0.0,66,9.635851459637468,4.485172974601545
53,0.1372764320123467,8.521734971712998,0.0,66,8.521734902896894,4.12736927495358
53,0.13799364773392842,8.423116658311248,0.0,66,8.42311661925066,4.21995423801085
53,0.0,8.472458111533593,0.0,66,8.472458051066019,4.57949312418342
53,0.0,8.396131047154178,0.0,66,8.396131006709965,4.691698420160288
53,0.07796141086967882,7.595087439127502,0.0,66,7.595087681672806,4.347718103452937
53,0.0,7.17197529107977,0.0,66,7.171975692082241,4.392362194561208
53,0.03448095597916796,6.866564464011376,0.0,66,6.866565017470356,4.217434208747052
53,0.011107406114616893,6.716327179322675,0.0,66,6.716327785332928,4.337829232051158
53,0.0,6.486237223983184,0.0,66,6.486237939542636,4.541461719321951
53,0.0,6.406005574820063,0.0,66,6.406006323920133,4.601342204525466
53,0.0,5.857852620588916,0.0,66,5.857853575573079,4.424635634134583
53,0.0,5.7231971171515585,0.0,66,5.723198106562282,4.504413022894935
53,0.0,5.341381256849466,0.0,66,5.341382277299469,4.448177974069523
53,0.0,5.2589533462440565,0.0,66,5.258954362999571,4.502801410484841
53,0.0,5.100006199615686,0.0,63,5.100007197861884,4.6570020452702305
53,0.0,4.836172574902236,0.0,63,4.83617347194186,4.521892140056529
53,0.0,4.634901550622633,0.0,63,4.634902338344947,4.497703978261223
53,0.0,4.367778761288749,0.0,65,4.367779304125111,4.563940439199843
53,0.0,4.123415885228515,0.0,65,4.123416137397534,4.5236714601934604
53,0.0,4.018380786632153,0.0,63,4.018380877469575,4.590881067283862
53,0.0,3.745674957946238,0.0,63,3.7456746037558464,4.449957294206456
53,0.0,3.623815680200165,0.0,63,3.623815091667735,4.501877179086721
53,0.0,3.4191789954310217,0.0,63,3.419177984577132,4.506182045188989
53,0.0,3.338105813393372,0.0,65,3.3381046308491236,4.55443461077504
53,0.0,3.132574166767582,0.0,65,3.1325725070159613,4.64409939981676
53,0.0,2.9113300183193633,0.0,65,2.9113278497192656,4.577409741846569
53,0.0,2.774932464822583,0.0,65,2.7749299913708594,4.507842296517667
53,0.0,2.541289324065227,0.0,65,2.541286313410186,4.49401096033233
53,0.0,2.4309426421500135,0.0,65,2.430939423272319,4.552006434591895
53,0.0,2.373362151309405,0.0,65,2.373358816804094,4.5899445152523
53,0.0,2.197393204258946,0.0,65,2.1973895792575675,4.661515442690739
53,0.0,2.1490537213246617,0.0,65,2.1490500331540385,4.659906220851314
53,0.0,1.9187708865598716,0.0,65,1.9187669873964825,4.636612132485704
53,0.0,1.7205266359197835,0.0,65,1.7205227358345265,4.485433914584419
53,0.0,1.6647889194817356,0.0,65,1.664785039196195,4.575948091773359
53,0.0,1.4582389741304782,0.0,65,1.458235369366756,4.502527414308318
53,0.0,1.3020956358657736,0.0,65,1.30209243195986,4.530485322156446
53,0.0,1.1934446448035485,0.0,65,1.193441828533075,4.52635699050348
53,0.0,1.0317093421718215,0.0,65,1.0317073079637105,4.500959199950346
53,0.0,1.010067120111896,0.0,65,1.010065193723495,4.496768713460019
53,0.0,0.8593577881901238,0.0,65,0.8593568598602062,4.6665779358046
53,0.0,0.6997636686595199,0.0,65,0.6997640625422878,4.519189324081683
53,0.0,0.563231250846713,0.0,65,0.5632330397983338,4.492419713745425
53,0.0,0.4779087795457049,0.0,65,0.4779115758661465,4.543348431248875
53,0.0,0.4242077110719278,0.0,65,0.4242111859686588,4.514245623940999
53,0.0,0.20798080499701554,0.0,65,0.20798748190298433,4.523713019345067
53,0.0,0.15118504997709212,0.0,164,0.15119269731131801,4.591803827561572
53,0.0,0.0,0.0,164,1.0500822291703571e-05,4.533454410925659
53,0.1674564787690458,0.0,0.0,164,9.851229014756768e-06,4.7021345483549055
53,0.4795492153190528,0.0,0.0,164,8.69812815906812e-06,5.043640808311297
53,0.9000760127678475,0.0,0.0,164,7.284196680501509e-06,5.586658935466231
53,1.1896546975911249,0.0,0.0,164,6.397578067307563e-06,5.969346636863838
53,1.7255115608122429,0.0,0.0,164,4.934152135760428e-06,6.623115857469507
53,2.38093022989625,0.0,0.0,164,3.419176620056419e-06,7.271340976916812
53,3.0825384344395523,0.0,0.0,164,2.1057753940567636e-06,7.829142576970497
53,3.8023440692751764,0.0,0.0,164,1.06433676450024e-06,8.622166860382535
53,4.59252439233574,0.0,0.0,164,2.371457465955018e-07,9.505630477732605
53,6.2426057019530194,0.0,0.0,164,-7.080441566387208e-07,11.18309851246845
53,6.9381587938491585,0.0,0.0,164,-8.469368921737441e-07,11.851918605093799
53,9.873489319717354,0.0,0.0,174,-4.860897959702015e-07,14.343944462622003
53,14.047996767173343,0.0,0.0,174,9.492493191487483e-07,17.404843630240805
53,63.776671690147666,0.0,0.0,170,-4.883161892621501e-07,22.314409381271535
53,65.27493645678373,0.0,0.0,170,-3.191102422306358e-07,29.969488976708128
53,75.82321752134104,1.3325339741603701,0.0,170,1.3325140166793101,55.329786024571185
53,45.16468287595,0.0,0.0,170,-4.451583972553408e-07,46.20117257341177
53,77.29419848470634,0.0,0.0,170,1.4668003025519738e-06,69.11442313382767
54,0.0,81.48362423455875,0.0,8,81.4836537130202,4.523920202462554
54,0.0,67.21882795964665,0.0,8,67.21882383125808,4.6088672931063215
54,0.0,61.18437238458618,0.0,8,61.184373365015645,5.060831010453416
54,0.0,60.57513895592662,0.0,8,60.57513962911445,5.93297496395504
54,0.0,60.02835702272957,0.0,8,60.028357338921225,6.889313557947955
54,0.0,59.6463126672498,0.0,8,59.64631269470313,7.5966186079931335
54,0.0,35.087593305408795,0.0,8,35.08759336444498,4.517586333631195
54,0.0,31.195116890550235,0.0,6,31.19511669213766,4.368315949349716
54,0.0,29.39813775428818,0.0,6,29.398137739075295,4.565947470240214
54,0.0,27.433203570683705,0.0,6,27.43320425025675,4.554747346828242
54,0.0,26.71976164350194,0.0,6,26.71976269527037,4.8956822090953
54,0.0,26.234352852057086,0.0,6,26.234354179895107,5.3582363314496035
54,0.0,25.96293029646558,0.0,15,25.96293176150493,5.670580683751045
54,0.0,25.780411537792336,0.0,15,25.780413112509976,5.893132627685799
54,0.0,25.411844082997614,0.0,10,25.411845863185263,6.353996000667576
54,0.0,18.13481704197687,0.0,10,18.134817741256633,4.479142258583199
54,0.0,17.626249154722696,0.0,10,17.626249638073737,4.791276463096185
54,0.0,15.787773024053323,0.0,16,15.78777304254672,4.447275077681217
54,0.0,15.080263462589402,0.0,16,15.08026341633758,4.476117675746909
54,0.0,14.443161469949924,0.0,16,14.443161388181283,4.534745469938439
54,0.0,13.260628984385345,0.0,71,13.260628851760343,4.397273300199215
54,0.0,12.950283892544043,0.0,71,12.950283747143864,4.547552368081492
54,0.0,12.707839876859847,0.0,71,12.707839722682198,4.700834183783579
54,0.0,12.384489885765534,0.0,71,12.38448970535781,4.856128467768832
54,0.0,11.831405086839428,0.0,71,11.831404870299803,4.889614539642283
54,0.0,10.525153734826448,0.0,81,10.5251534326024,4.482709024480101
54,0.0,10.038426779070415,0.0,81,10.038426469868206,4.46281591134305
54,0.0,9.715076787976102,0.0,81,9.715076490230128,4.492009738640457
54,0.0,9.376807500705048,0.0,81,9.3768072278567,4.5951629149589355
54,0.0,9.161991989049994,0.0,81,9.161991755897352,4.682235308199658
54,0.0,8.515723469940223,0.0,81,8.515723363121701,4.570251121290404
54,0.0,8.395275645851436,0.0,81,8.395275569893734,4.654789011574161
54,0.04917386575753594,7.5498176933775545,0.0,81,7.549817924155966,4.355280050630784
54,0.0,7.349129872355836,0.0,81,7.349130178513147,4.407492999604399
54,0.38045471958145693,6.951733348915082,0.0,81,6.9517339518891506,4.235933041462372
54,0.8819119031670852,6.33406399359189,0.22121913263747167,81,6.555282756786262,4.231257886367651
54,0.0,6.6631587523533655,0.0,81,6.663159383446,4.5252660642027
54,0.8555216141997322,5.999899950256457,0.0,81,5.9999011973552925,4.319862651036457
54,0.0,5.861146949428226,0.0,81,5.861147904961145,4.4240113947034985
54,0.0,5.748991760126404,0.0,81,5.748992744590527,4.485951000204912
54,0.0,5.380617305298896,0.0,84,5.380618332006662,4.444760039342285
54,0.0,5.2306688148453855,0.0,84,5.2306698413619035,4.532210237628103
54,0.0,5.166763238790207,0.0,84,5.166764260446193,4.6024068526189605
54,0.0,4.85176417719273,0.0,84,4.851765090365966,4.534506971386804
54,0.0,4.579305666034694,0.0,84,4.579306413544867,4.515969726162558
54,0.0,4.3964788403693,0.0,84,4.396479425433487,4.55853187135874
54,0.0,4.177366851489242,0.0,128,4.177367170681185,4.5401842580104095
54,0.0,4.045201258105753,0.0,128,4.045201402237222,4.56267423381747
54,0.0,3.7252444293256386,0.0,128,3.7252440484436224,4.449366270543642
54,0.0,3.6192143587724157,0.0,84,3.6192137680204333,4.50298650684257
54,0.0,3.443391102638338,0.0,84,3.4433901606498054,4.497729692436144
54,0.0,3.290743067219823,0.0,84,3.29074178981344,4.580967692678158
54,0.0,3.151942318444012,0.0,84,3.151940732418643,4.627621145597248
54,0.0,2.9693959137208648,0.0,84,2.969393906396954,4.605841377633164
54,0.0,2.761130070898532,0.0,84,2.7611275800193393,4.54239748080837
54,0.0,2.5745424125672214,0.0,84,2.5745395042625088,4.5071173136088625
54,0.0,2.4612530193381943,0.0,84,2.4612498852132507,4.535603508592377
54,0.0,2.363455076340526,0.0,84,2.363451768248808,4.590981258587453
54,0.0,2.257267984923783,0.0,84,2.257264488025468,4.647064794720707
54,0.0,2.0946565708718805,0.0,128,2.094652861139739,4.653390476489275
54,0.0,1.926550481037284,0.0,128,1.9265466215378826,4.637684581043141
54,0.0,1.718798256553014,0.0,128,1.7187943850884242,4.486582255545704
54,0.0,1.6906082858445775,0.0,128,1.6906044374302933,4.523682638038794
54,0.0,1.45654153099255,0.0,128,1.4565379784366943,4.503567801477592
54,0.0,1.3805654089124735,0.0,128,1.3805620306321238,4.583303993857124
54,0.0,1.1900133024133814,0.0,150,1.1900105472428013,4.526376869383553
54,0.0,1.172549883683795,0.0,150,1.172547208303099,4.556531619744501
54,0.0,1.0066016407798601,0.0,150,1.006599789955521,4.498842321000417
54,0.0,0.9350206602127681,0.0,71,0.9350192520747385,4.625691823598135
54,0.0,0.7007246745701993,0.0,71,0.7007251060957351,4.5186442649663565
54,0.0,0.5640063511280075,0.0,71,0.5640081708908813,4.491990046099497
54,0.0,0.4373800598217209,0.0,71,0.437383386455398,4.505703712818448
54,0.0,0.42947629729110925,0.0,84,0.42947973045617793,4.508489478011006
54,0.0,0.21298889914022728,0.0,84,0.21299549015651031,4.521418725181693
54,0.0,0.2090503789180964,0.0,84,0.20905705278831377,4.523145104605906
54,0.0,0.0,0.0,198,1.0475199895054743e-05,4.53342862243087
54,0.1089644793560815,0.0,0.0,198,1.0040094307939285e-05,4.644190413093829
54,0.4495047717784792,0.0,0.0,198,8.790964407978663e-06,5.008112581489282
54,0.7818701286571562,0.0,0.0,198,7.652837823002301e-06,5.429838192431053
54,1.1211972294850534,0.0,0.0,198,6.600361944109068e-06,5.879512624469501
54,1.5281236671333562,0.0,0.0,198,5.4464756313876705e-06,6.39276588370599
54,2.1106505168254226,0.0,0.0,198,4.019877467342781e-06,7.024234378020684
54,2.86843234659027,0.0,0.0,198,2.49803571961138e-06,7.660876358119407
54,3.7237425077968718,0.0,0.0,198,1.1940893678286102e-06,8.513569945893792
54,4.529999669885669,0.0,0.0,198,3.060628444018221e-07,9.410429618091765
54,5.800023910849261,0.0,0.0,197,-5.387957209279648e-07,10.44833483569077
54,7.066895836828014,0.0,0.0,197,-8.766021064587903e-07,11.707183889856582
54,8.35000035723984,0.0,0.0,195,-8.77972517798753e-07,13.396110198053224
54,20.172815535241195,0.0,0.0,195,1.6113796075245546e-06,15.271354832588438
54,12.363068837905397,0.0,0.0,195,1.3544663879372365e-07,17.758775741147453
54,57.30582580384602,0.0,0.0,195,-7.347645372135503e-07,21.115225671634196
54,32.61930464737719,0.0,0.0,195,2.9098832143859e-07,25.92175301519068
54,54.84895404755407,0.0,0.0,195,-6.950226101309909e-07,33.462505538363764
54,45.683167294372964,0.0,0.0,195,-4.236811719238176e-07,44.57297616007734
54,73.09252147491163,0.0,0.0,195,9.775643814435853e-07,68.04319587421634
