iterID,x1,x2,ParetoFamily,Pareto_f1,Pareto_f2
1,12.499999990480822,49.999999992877356,23,-43694.330319818444,-7436.962951522862
1,12.502219034159697,49.933477030287,23,-43687.22479998457,-7416.055452473835
1,12.196396299768427,49.98864886776309,23,-43551.4431924259,-7016.527864907049
1,12.157503455524845,49.94970058535909,23,-43510.666890114204,-6896.546529083101
1,12.494265583406367,49.56616459623077,13,-43412.49052629429,-6607.669716264275
1,12.492130072973975,49.49284436108011,13,-43317.57537377241,-6328.388760971776
1,12.812751997907077,49.52298777318176,40,-43227.61848243065,-6063.697358369268
1,12.626781285648647,49.351781723424786,40,-43088.098774746395,-5653.17061115261
1,12.49214914008139,49.31409994879793,10,-43046.616352329955,-5531.111493333113
1,12.49085469910237,49.23448172545717,10,-42911.80685387859,-5134.4443210727195
1,12.091603667884288,49.328418395340265,10,-42876.13045090814,-5029.468825043289
1,12.489465461020826,49.14903274041829,10,-42760.1649414382,-4688.248989789704
1,12.48873940685755,49.104374742513244,10,-42678.67532978421,-4448.471715562485
1,13.439430139724843,49.89697328465608,70,-42587.22153651268,-4179.376357094824
1,13.459891747721828,49.72645723490499,70,-42487.69937422035,-3886.539629317639
1,12.5054372200599,48.94804881389612,70,-42385.70511658872,-3586.4281154384835
1,13.545994662297486,49.51521516787144,70,-42193.31610723592,-3020.3383213905263
1,13.54771920884989,49.5109842219131,70,-42186.92438124748,-3001.531133532407
1,12.080629942468962,48.84899065003619,40,-42055.731382874525,-2615.503798775203
1,12.042482205312034,48.81387155355863,40,-41967.85732061982,-2356.9406599938256
1,13.82832158612529,49.999999954694765,40,-41860.297267161484,-2040.4548001030116
1,11.95051943309081,48.72920992719019,40,-41755.32933436014,-1731.5922366996065
1,11.044015591873027,49.75733929758189,40,-41587.01240832274,-1236.3322308508623
1,11.825377945118282,48.61400372317935,40,-41469.35337188666,-890.1282883077065
1,11.780867015811188,48.57302662369344,40,-41369.69055111396,-596.8774855379888
1,11.740358961912085,48.53573460170145,40,-41280.27787980389,-333.7870040617454
1,14.000235522392407,49.10648977911393,108,-41117.85698377223,144.12166198266095
1,12.858241817320836,48.213923891000434,108,-40995.50869013823,504.1237910086493
1,14.26631539028065,49.31445398463983,108,-40881.187025263396,840.5056714865414
1,11.594554382978805,48.25849275130214,23,-40778.248770653125,1143.3985107434119
1,10.903601218370609,48.694011026276335,23,-40634.18471770067,1567.2977819172047
1,10.842044916029646,48.63236698110682,23,-40515.38422253926,1916.8602848277396
1,37.499999991324614,12.499999995038898,23,-44362.20875096027,1572.7760040802368
1,37.64874436861064,12.646895679086379,69,-44283.73255844538,1646.7968550015012
1,37.92884703778829,12.923515630369897,69,-43775.47308649381,2126.2010924277347
1,37.50000060806023,11.631456101239547,69,-43262.45469438357,2610.0946345937073
1,38.36249475500282,11.711593947221143,69,-42619.24359861046,3216.788978558488
1,38.55074463308789,13.537680725690757,69,-41961.54849290558,3837.144173859114
1,39.33825054456007,12.499999990739404,69,-41259.57584657546,4499.2645090689275
1,39.04921622012553,14.02995445706003,69,-40700.55491827507,5026.5464866479815
1,37.50000060806023,9.737915201456943,69,-39976.06220014007,5709.911539013363
1,40.37129393970726,15.335593833712252,69,-39192.88275828729,6448.59583727955
1,3.0149324166258284,40.89261882399906,159,-40279.55449224398,7003.799022115581
1,0.10361729252293568,41.59377414091014,159,-41111.14756972236,7153.371484898554
1,0.1692624957165969,41.26555216823372,159,-41992.808164383845,7311.933150279611
1,2.5864951445171194,39.890907241189055,159,-42863.67611755805,7468.550254515124
1,0.25895907584600997,40.817074792277516,159,-43701.24126566577,7619.184971670057
1,1.0062521757641685,40.497794346427725,159,-44528.91645356265,7768.036723132527
1,0.32126363176292777,40.50555585022398,159,-45323.9818939963,7911.025387763052
1,0.34870244432882586,40.36836347743615,159,-46172.3729066224,8063.603529579042
1,0.4538485152249552,40.2484395427729,165,-46898.582971844015,8194.20807755408
1,0.8340839209056049,40.03854647478736,165,-47762.398921300264,8349.560042605948
1,0.6974436136511726,39.979662884945796,165,-48553.16809451874,8491.775341248196
1,1.4597836075224544,39.51794605386759,165,-49301.76385657212,8626.405492707714
1,0.6456343774102695,39.819806370745276,165,-50070.8951466585,8764.729657458198
1,0.26531243990651937,39.812241631174935,214,-50863.49628823287,8907.274477729909
1,2.2572577071223408,37.492674675254364,214,-51588.535138746134,9037.668528876744
1,0.40732744184357045,39.64686896197574,214,-52368.15537290936,9177.878452601124
1,2.1129944103147738,37.66066542366218,214,-53113.42617410529,9311.911083414123
1,0.5369216464632232,39.495959978851566,214,-53722.82875093592,9421.508393040534
1,0.8835615723915344,39.288049299945584,214,-54599.75634481566,9579.218518313979
1,1.8960158334272532,37.91333116974186,214,-55274.73020047413,9700.608717006411
1,1.087413677815427,39.03503043163811,214,-56040.61546177612,9838.348468018183
1,0.863862519370806,39.11524608182957,214,-56695.58174358985,9956.140324118891
1,0.9674763996768608,38.994590491092104,214,-57392.45123922368,10081.468157619249
1,1.1532301475659947,38.77828522275294,214,-58210.24701815672,10228.543868966337
1,1.3122767019840398,36.46317430730539,234,-58910.05601693489,10354.400752693955
1,1.2178002362060214,38.56587746165491,234,-59695.556798144695,10495.668046116929
1,1.2477834981367286,36.52825778623063,234,-60239.77817027275,10593.54336270503
1,1.2852177828635212,38.323297684768725,234,-61068.56766964168,10742.595935872487
1,1.1773108566055583,36.599375429738615,234,-61739.40043742654,10863.24149638799
1,1.3281215682074998,38.09697430960301,172,-62142.3142176394,10935.702912888926
1,1.4233827111283552,37.5973365084471,172,-62598.48430693123,11017.742480308256
1,1.1435128502504757,38.27645430760357,177,-63294.7772895491,11142.966532430914
1,1.323177068224742,37.687753173442125,177,-64017.98266698551,11273.030807100065
1,0.789848529853205,38.51359921275932,149,-64837.31623286962,11420.38300412689
1,0.7960152459143653,38.44644342767051,149,-65612.38386458257,11559.774316038445
1,0.7374701463971661,38.42454891250429,159,-66483.17223288595,11716.38043592396
1,0.746673577133484,38.37853232569057,159,-66962.31021499528,11802.550556170996
1,1.0827694797884984,37.74817741601632,159,-67642.52214758376,11924.882675726267
1,0.7768574505923965,38.2276148175145,159,-68391.43013075525,12059.569285482201
1,0.806176217661716,38.081022788001796,159,-69523.86100573184,12263.230254870943
1,0.4072065050435026,36.62084392442074,236,-69919.12873064198,12334.316946627627
1,0.3763912081286433,36.652744431616725,236,-70578.76973281577,12452.949452533794
1,0.33863486420541883,36.69183042596377,236,-71371.15895475652,12595.455935217195
1,0.29366194956302755,36.73838713418364,236,-72287.15667282138,12760.192669810896
1,0.010029658523456539,38.273357397740746,226,-72926.23800799585,12875.127573411874
1,0.7271655045804924,37.544939833508046,226,-73579.4003520791,12992.594932173033
1,0.11845836797638246,38.163222927588606,226,-74351.64975457046,13131.479387202926
1,0.5850242727054238,37.68931717912359,226,-75143.3246330169,13273.857400013403
1,0.43831736463114773,37.8383320264822,226,-75920.10221426177,13413.556221734041
1,0.441434630514795,37.341986774738004,234,-76905.61683991161,13590.79519545552
1,0.05485096529770043,37.11338728581332,234,-77706.8318034026,13734.888962660716
1,0.2836176819143377,37.50124814548031,234,-78603.31311982975,13896.115761062978
1,0.16217232254359895,37.623805035441734,234,-79105.48819709166,13986.428958056364
2,1.8190459170463886,38.589878038535524,13,56553.27477634585,-39716.43975718211
2,1.7607158872032176,38.617616478955966,13,53449.688059304564,-39044.246245038594
2,1.6936590050002875,38.64990468341012,13,49538.67712708411,-37993.003717144806
2,1.6903220755047583,38.65908768990202,13,49176.89325777316,-37883.39053833218
2,1.6078122521611178,38.66988824899596,13,44456.449232765735,-36371.848841032486
2,1.6190608325370572,38.7010699319214,13,44508.88960704484,-36366.098017132834
2,1.559029623510351,38.73643620734854,13,40350.2037366439,-34836.98251682949
2,1.5355621361989054,38.75213726654206,42,38644.989103857035,-34164.70964966744
2,1.4832124781605793,38.67385211571413,42,36415.99559605385,-33391.4231739917
2,1.4793869228548144,38.6790161386076,42,36079.88432811214,-33257.89222512305
2,1.4618962880645066,38.7026263157608,42,34544.069094457824,-32631.07380234668
2,1.4268719451569805,38.749904813690414,42,31481.560429482695,-31301.657655909014
2,1.3939526558035538,38.67513182322052,55,29860.62076300116,-30699.481108498665
2,1.3760058372289674,38.70274270472301,55,28228.619852650558,-29990.50611029319
2,1.359594223577072,38.72799169901823,55,26749.451839778416,-29319.72384076817
2,1.3423710415175918,38.754489277793205,55,25213.40131421079,-28594.946160727413
2,1.3418338172964075,38.75531578831092,55,25165.78468331847,-28572.02009728055
2,1.3148442143079753,38.672653813883024,77,23554.396126412026,-27956.483735597812
2,1.2865441970816347,38.71951205795736,77,20998.641968593573,-26777.001134524733
2,1.272606165996884,38.74259019452744,77,19764.44324903202,-26176.150260788556
2,1.2561527528260727,38.67508683727004,88,18573.06093594657,-25710.526690376824
2,1.2406598099890216,38.70154954299092,88,17195.71210318465,-25063.62267322099
2,1.2275468158332665,38.72394717971579,88,16049.11564727626,-24504.490002591338
2,1.2094953722492015,38.67187484997464,102,14472.345082385113,-23821.960112480174
2,1.194804858385062,38.69732188463452,102,13197.592448945583,-23213.411770356233
2,1.1775350210487132,38.72723684563131,102,11731.93738510491,-22483.37967754991
2,1.1653876530500964,38.748278621116214,102,10723.44346047403,-21961.61185868909
2,1.1538321970254113,38.76829508158114,102,9781.996655317707,-21459.750100128564
2,1.1437518681529075,38.66669353423277,117,8473.593851088743,-21009.684917214796
2,1.1290742146813713,38.692147988835906,117,7258.092950837745,-20418.557567388296
2,1.11430206233165,38.65837415047446,122,5672.389824394952,-19681.47768646041
2,1.1083401225827347,38.668633259049095,122,5185.459617085944,-19447.914600712807
2,1.085961564812384,38.70714154051096,122,3403.71884267484,-18559.995829415428
2,1.0777819838763236,38.655218891859825,137,2182.3125992355745,-18015.714630238075
2,1.0625751159094314,38.66675989796042,137,845.9747598665581,-17372.927202861214
2,1.050911866376661,38.68642717067038,137,-52.57412216321791,-16927.13476640255
2,1.0376733097096398,38.708750820998276,137,-1046.7195448350194,-16417.46498510671
2,1.029221133807215,38.650969869542116,147,-2533.5089166921243,-15751.882668095874
2,1.021807727171163,38.663111005032725,147,-3094.508961796055,-15479.34592322058
2,1.0064550869313718,38.688254436985225,147,-4228.328710184451,-14912.238196019109
2,0.9877037112908333,38.71896406933965,147,-5561.159807300595,-14215.888647931399
2,0.9837537252002411,38.647008821760274,157,-7005.693011215057,-13596.941400189015
2,0.9760874988839633,38.65899192415574,157,-7563.160955565622,-13325.594073695243
2,0.9637651185805495,38.678253075449724,157,-8439.053827211756,-12888.896118914643
2,0.9408204324908848,38.71411798622865,157,-10003.02963273065,-12075.277741230779
2,0.9246969162856066,38.7393207049708,157,-11049.424998915374,-11504.320883849416
2,0.9255775289749132,38.64207791462416,162,-12771.10862695508,-10816.477263159826
2,0.9174427822551571,38.653748033079346,162,-13337.26581170282,-10541.33570487363
2,0.9043673213155365,38.672506106720526,162,-14224.610320423433,-10100.456700537487
2,0.8800203737818563,38.70743427000928,162,-15801.89569169364,-9285.153973091736
2,0.8629114710244039,38.731978724642744,162,-16851.64473129587,-8717.572663680945
2,0.8617366475939643,38.67453123969813,171,-18240.656278872924,-8164.375739365213
2,0.8369595743383402,38.70753766541792,171,-19791.873835770544,-7363.361402830005
2,0.850434333026461,38.63612935568049,171,-20213.854375944276,-7240.5704571777505
2,0.8052424061135205,38.749789239938195,171,-21633.026763982074,-6359.159111553149
2,0.7866739728337216,38.77452491422302,171,-22635.880183311583,-5783.392001551138
2,0.7901735565171996,38.70911502100665,171,-24035.67851780697,-5327.847646000503
2,0.7387039937128462,38.838427439605965,171,-24973.742441401682,-4341.413639493701
2,0.7174140245524265,38.86678856920429,171,-25896.723120142557,-3723.7841955695058
2,14.102891931568507,50.0,181,-29733.174481549668,-4116.608211343729
2,13.824267234867019,49.9999996509706,181,-32766.0450466028,-4837.909800153373
2,13.405690475155449,49.9999996509706,181,-37507.054681081434,-5965.454771730882
2,13.083273399039234,50.0,230,-40787.060188421805,-6745.532101274345
2,12.499999993636724,49.99999997709653,230,-43694.33031891622,-7436.96295275301
2,0.0,37.01133370196649,230,-34875.325714113394,-890.645218743894
2,38.37648316663553,11.823782943363554,230,-35708.90550466986,943.0482627058116
2,38.25208923062507,11.91975437066166,230,-37529.171621090936,1075.51467795106
2,38.125319868550264,12.017558467920596,230,-39312.48383216343,1205.2918428623761
2,37.950583739786126,12.152369506270812,230,-41516.772830851565,1365.7047955698645
2,37.670542875780754,12.3684244224697,230,-43914.703605406845,1540.2096628328998
2,37.50000002980986,12.499999947149783,257,-44362.20875009273,1572.7760035057192
2,0.0,37.127152362589364,257,-46774.169224367855,2914.9339759210434
2,0.0,37.14137789488002,257,-48213.84141397159,3381.6169507126533
2,0.0,37.15088308639526,271,-49171.49380829709,3692.861777352151
2,0.0,37.161197996046,271,-50206.460730423874,4029.9832602437527
2,0.0,37.17738739712221,271,-51821.102360480945,4557.520200256535
2,0.0,37.20750139346244,271,-54788.7333245889,5532.4232337145795
2,0.0,37.21301826916058,255,-55326.83728497365,5709.9678978574275
2,0.0,37.23833065725741,255,-57771.24827974863,6519.637303661986
2,0.0,37.247684450685746,305,-58663.70736538658,6816.585263933955
2,0.0,37.272497264566766,305,-61000.31685672839,7597.635810433231
2,0.0,37.302611260907,305,-63770.86981385907,8530.939105463469
2,0.0,37.309918024132685,305,-64431.51312992883,8754.720626439368
2,0.0,37.33421442026156,305,-66593.53627998795,9490.629257820172
2,0.0,37.35673164541551,305,-68546.99766591618,10160.544984412534
2,0.0,37.378232634000746,323,-70364.39456308633,10788.424224397968
2,0.0,37.411163608391035,323,-73051.53447675671,11725.776112218706
2,0.0,37.4153237081724,323,-73382.34279119155,11841.97081030127
2,0.0,37.44127760473127,323,-75400.52146742315,12554.9653291498
2,0.0,37.466068329677086,336,-77252.35623829506,13215.889082321279
2,0.0,37.496732740185394,336,-79435.87083992768,14004.364837088851
2,0.0,37.554289796098814,336,-83198.47207805306,15390.092593361418
2,0.0,37.585408802983046,297,-85042.56413358691,16083.890823962593
2,0.0,37.59862178668372,297,-85784.04923719127,16365.987953364267
2,0.0,37.68362126072772,266,-89948.58661867134,17991.323913348708
2,0.0,37.691599978798344,266,-90285.02983918408,18126.338782540206
2,0.0,37.82924598409725,266,-94612.39552510195,19953.653969737516
2,0.0,37.85806652895341,266,-95170.2403171574,20214.216397165783
3,1.395280309399033,36.196182681339884,6,864181.7812559113,-407451.20818831824
3,1.2172203589067052,35.97484372910552,6,809094.7841087579,-393994.2503369481
3,1.0912991574547086,36.02612681052032,18,785266.848405865,-385191.78474030877
3,1.1052343656847354,35.9082292625684,18,750475.6415903659,-372089.8210662508
3,1.0294419693273091,35.950361435382064,18,728363.6654199386,-362989.4052886547
3,1.0114657645835052,35.92834339775043,18,709829.4245237833,-355565.83597071137
3,1.173084208784313,35.68073089040546,18,686217.5418077358,-345116.89502803696
3,1.0144577514147959,35.781015590379454,18,654741.6057139416,-333487.10359418293
3,0.9419322053250232,35.84317566928746,18,631065.7776530824,-323330.3765613594
3,0.9496815486368274,35.77316660775095,54,609484.300277734,-314605.6555320432
3,0.9532885860892756,35.71654864423911,54,589615.0544806015,-306325.87008928694
3,0.906876449412411,35.761793174692194,54,573118.2165417266,-299224.48652669875
3,0.8392722593881435,35.8605485730115,54,551593.5803120071,-289065.85974751675
3,0.826555671176969,35.840093295244515,54,532238.9347528049,-280934.9490641892
3,0.8013519312273785,35.86466297596446,54,515915.238824798,-273488.5135672808
3,1.8720736258143216,39.324195927434694,54,347887.4347572723,-279407.83497411903
3,1.840977637506953,39.40317970466382,54,331905.21766098536,-272468.90781200596
3,1.6482947569067277,39.26606907199576,43,332188.6147805865,-268563.17631184205
3,1.6975724752923698,39.445115905567704,43,306095.72487650294,-258618.2975699298
3,1.8126338665814465,39.562170035781044,43,291048.8697609134,-252118.51975230355
3,1.729129389285569,39.559775547143786,43,280789.5431333286,-246294.267950724
3,1.795113376162376,39.65022351968657,43,263485.484692926,-237448.61570607426
3,1.7556993805801584,39.65631558522145,43,256098.41743612397,-233356.2478211619
3,1.7730725133504495,39.71943953887941,43,238868.45216339055,-223971.24404872043
3,1.7765422156950625,39.73204643787134,43,235356.77149955725,-222028.15204060235
3,1.7885292077378885,39.77560025975335,43,223096.92474536732,-215170.44559247984
3,1.7694124408222907,39.82248274681145,146,204750.57244631043,-204851.20190681657
3,1.7491580073826885,39.83887938819192,146,195935.0093371915,-199855.79523108742
3,1.767589543843356,39.89676925826056,146,179800.56095310036,-190564.4785837771
3,1.7648770200376314,39.92261014679359,146,170752.9826940675,-185332.8661034303
3,1.771155486747733,39.95605377280447,146,160776.42654028477,-179479.7330327182
3,1.7137110835501321,39.95488994529946,164,150669.87821183132,-173746.56373926712
3,1.7287744706833612,39.99872511131288,118,138998.55337172747,-166871.71520459463
3,1.7048573012191517,40.021946196598144,118,126746.07148367986,-159684.80765246536
3,1.6822706931375886,40.043875445096866,118,115056.11991497279,-152765.5110834618
3,1.724192767078892,40.095955013227346,164,106685.696213839,-147615.55005920518
3,1.7275688009621173,40.141390505317645,164,93158.05822415551,-139383.70732110777
3,1.649297923963771,40.12703424128845,164,81649.15189274777,-132734.86121789023
3,1.5625972722166765,40.09519314168062,127,72669.30026756033,-126832.87378967776
3,1.6294886359315517,40.17304166906312,127,63291.630216372905,-121576.0942705183
3,1.6249161263679055,40.18329852791646,127,59222.06410801061,-119086.9891923785
3,1.611597029883674,40.21244819913467,127,47713.72742531035,-112016.4910924336
3,1.5900518640631505,40.252981916314155,127,31398.915598658714,-101909.0070269933
3,1.5863169887538588,40.26508294781468,127,27201.474337323525,-99292.07972381957
3,1.5833390172412074,40.30161333480207,127,16586.62592661607,-92631.86371049631
3,1.6102079777266003,40.36882441341317,127,4915.761331768347,-85045.9617678788
3,1.5435629989688138,40.347258391964175,243,-3901.7264776621314,-79662.96659936832
3,1.5238520476169797,40.382632160925006,243,-16861.64545394233,-71347.10616752865
3,1.5355689706543285,40.428657887672756,243,-25129.419277445897,-65939.95003199784
3,1.4958413969342377,40.43479895937042,268,-34871.984661883085,-59633.42742849967
3,1.4644469046017934,40.48120054876863,268,-51289.53980779866,-48772.13830272946
3,1.4985355220506675,40.548485344997644,268,-57552.971984508804,-44368.118380516506
3,1.4214785403835037,40.54597869851128,280,-72347.07148431668,-34527.228515728944
3,1.390433717812512,40.540757032504665,280,-77453.69566274808,-30966.806846677056
3,1.4030642952513033,40.62856407267958,293,-89531.67274443523,-22515.99482406365
3,1.4224944070555887,40.70494366236342,293,-96824.49280027713,-16939.535500357117
3,1.4785701802506415,40.92537700783174,293,-110486.57635074557,-3935.0823071057307
3,1.5170925583807096,41.07680811975007,293,-114509.90059280898,2596.4214343442986
3,0.3367621898615178,35.49350450666674,310,-124323.1542698362,9529.726190713238
3,0.32597467108790884,35.50533836063954,310,-139186.68983342752,16322.079574093706
3,0.3143047951301447,35.5181401560165,310,-155627.95349975093,23849.80509971071
3,0.3037382887052705,35.468588427520004,323,-164819.99860231509,27987.735516562505
3,0.2950169155121407,35.54350982161262,323,-184077.99507202848,36923.68562831101
3,0.2833652714702292,35.48536164977375,323,-192973.52736680055,40861.3030781868
3,0.2856606730906304,35.62388509167219,323,-206258.26003285678,47544.648033824065
3,0.25578926013270376,35.4693696125524,338,-226574.31283779087,56237.86741923075
3,0.2530652792728,35.502494558353064,338,-235215.79084624216,60224.8090998885
3,0.23808288356643478,35.47018270837071,338,-249599.47685247083,66795.78965046389
3,0.2331350322162543,35.54131447755793,338,-268610.61786093755,75645.63241957138
3,0.22626437885854694,35.56313416746938,338,-282109.60467116523,81935.52792765273
3,0.21998170548391693,35.583086561763224,338,-294759.70703725575,87853.47354574241
3,0.19720678037010564,35.49232568865605,356,-307363.78599191434,93349.92762935715
3,0.18227775956079997,35.47458799751266,356,-322935.3259062858,100511.11986343247
3,0.17113077165626678,35.48015127605786,356,-338789.5332317126,107817.77690322921
3,0.16145631779363065,35.49819973965688,356,-356049.54307114414,115789.12545060451
3,0.1508654449176603,35.51020990505398,356,-373303.07056525064,123768.06305748057
3,0.13940829936446877,35.52320243311884,356,-392274.07107163174,132555.45714355394
3,0.12706703854703363,35.50242927503021,368,-402731.1240846233,137356.42875745555
3,0.11653692356285138,35.51449274632004,368,-420351.95653012977,145524.31149008637
3,0.09957007867561196,35.48986658342357,375,-434879.86781097826,152230.6459721934
3,0.09269150392931573,35.52395193699896,375,-455199.8490425274,161682.76335755628
3,0.07501619844878657,35.49499836283111,375,-468491.1350633606,167818.79983766752
3,0.06659871891134561,35.512512622889574,375,-485726.70803353895,175831.83361715905
3,0.07584700912565874,35.60742134488623,375,-507411.8560198968,186243.16715870218
3,0.0709721950133773,35.63157747733516,375,-523148.3186080529,193720.00121659684
3,0.05544642638844576,35.616596962694615,375,-539779.1501834881,201340.71035730388
3,0.059035894264144705,35.69072534537846,375,-562793.676328229,212704.75475252702
3,0.0,35.52800100209585,385,-578587.5329180118,219080.41922504938
3,0.015468447269390333,35.63608413005648,385,-604326.3726551314,231530.6615877589
3,0.00824342665844405,35.670875219435615,385,-629658.4454220823,243637.886050796
3,0.0010866025602234905,35.70533791792186,385,-655255.2355738522,255946.13977864
3,0.020600367573671837,35.794824440493436,377,-663848.1559667394,261285.50279320375
3,0.014855903905679082,35.82002034250703,377,-683583.4167055419,270970.8103629168
3,0.02869817345893817,35.93892629129705,382,-707974.818724464,285295.2891287955
3,0.020668220369414264,35.96478395400527,382,-731943.6811653809,297268.80986643065
3,0.0,35.91979686805074,406,-749960.3400621314,304334.3589969247
3,0.0,35.98198818893504,406,-775139.0716508524,317990.28848401277
3,0.0,36.04785562533642,406,-800147.7437041771,332049.27853717894
3,0.0,36.12438766730305,406,-826306.5266316237,347526.62285710033
3,0.0,36.21692703822852,406,-852295.02832049,364334.4932895874
4,1.0966751060509623,36.36507627921733,2,842277.2088045768,-402987.22773539164
4,1.04091757044772,36.40858578762537,2,822231.8113438231,-393824.7790138033
4,0.9931432186989547,36.44586574515242,2,799477.306283514,-383222.66403923405
4,0.9606524795101535,36.47121937806722,2,780943.3537562932,-374495.9220042965
4,0.9110357005985243,36.46079689022459,16,751763.8852170641,-361076.68406904145
4,0.8977308366376313,36.5054776170335,16,739291.7800971182,-354835.6701466739
4,0.8816898686620259,36.60139609107744,12,715741.4458712098,-342705.37949916744
4,0.8615067051238743,36.62075251605675,12,698312.6738822494,-334236.5592422388
4,0.8354045751119751,36.645785456032705,12,674394.4751664936,-322575.828373227
4,0.8050662056269512,36.23149031380518,24,652834.9156406162,-316711.5606854974
4,0.7815178558371882,36.34623041840911,24,638421.7613102377,-309555.30299554934
4,0.7551164003852405,36.474872373675524,24,613255.158573355,-296344.7595322189
4,0.7422325310922033,36.53764944822998,24,597615.0910700203,-287986.37490104785
4,0.7321145216530506,36.58694978017667,24,583904.1878107938,-280626.2007546711
4,1.143005806035773,37.049951449925096,30,565364.2315073224,-271814.66165181855
4,1.136390996517869,37.07473277848632,30,546737.6009468521,-263200.6393624517
4,1.1152691893341278,37.086703157343614,30,538280.0147203064,-259282.66084590807
4,1.0914479945886628,37.11826683322601,30,513589.6508917694,-247880.72231512968
4,1.4514118924742212,38.840684910310394,43,491754.7949063324,-240995.53924412653
4,1.4125228864665331,38.87438012310471,43,475589.5186591459,-235076.70906975438
4,1.4437431573050215,38.80171479078125,43,453343.8133704675,-228390.6153425785
4,1.3558248387976979,38.92350590381625,43,447767.9826730149,-223965.6668488238
4,1.3156467245534296,38.95831805892422,43,425153.8158541292,-214404.31945041183
4,1.3033911419978113,38.96893685597057,43,417800.7551587285,-211226.86269325585
4,1.3968260129195817,38.78014003624423,63,388975.18486359617,-205737.0009408765
4,1.3664413554919292,38.795468666667546,63,368901.5582397546,-198231.44394846176
4,1.346765565438623,38.8053948247864,63,355596.72737876803,-193082.65820828243
4,1.3205004200569759,38.818645219579516,63,337531.2168935692,-185878.17798626234
4,1.2768613635393251,38.85575219412017,71,316452.699460884,-176681.09485227126
4,1.3487129361989845,38.71858666874136,71,298571.1887169922,-170554.5659907863
4,1.3665496436139248,38.68453617752682,71,292652.30931936204,-167728.46748659067
4,1.3190558013456477,38.718580967387666,77,270528.33733141265,-158850.525896364
4,1.3630644183480332,38.635791523046834,77,257719.30075583345,-152231.42485327556
4,1.3917366461092997,38.58185304540187,77,248416.1020760082,-146802.74501794853
4,1.4097792151823607,38.5479111865164,77,242304.00342562707,-143039.0656549604
4,1.1611503681121742,38.88712763259853,45,219289.21352849185,-133446.76435877098
4,1.1541120986580504,38.888721988884846,45,213529.53657993532,-130690.54805611503
4,1.1309632868773953,38.89396581392222,45,194971.75594516547,-121628.96980218925
4,1.0859716419829768,38.96401028909885,49,186135.78212930312,-115449.30073591955
4,1.069057718214364,38.97114264801559,49,174151.31788059563,-109401.90498271276
4,1.0384757945807175,38.98403860632209,49,153236.04163655432,-98618.63711724896
4,1.0224700786845649,38.99078798701295,49,142712.73414431064,-93077.57693067988
4,1.6898434053633453,42.06236589338415,93,129168.73246099318,-90188.44480551238
4,1.7063269121336833,42.047020974169065,93,105897.11226470339,-85801.97896108218
4,1.7165153051112352,42.03753633783832,93,91299.54100118633,-83037.76165978496
4,1.7382141472757426,42.02742675421521,93,62347.14644890474,-77492.0323904981
4,1.745112631472711,42.010914353275304,93,49507.79861342654,-75072.05551116008
4,1.7767485746487253,42.0736635134108,123,29116.32491712146,-70749.92230125329
4,1.7901319729319802,42.06115504895797,123,10225.476399763538,-67147.95489595705
4,1.8003946310421095,42.05156330764943,123,-4405.052429403682,-64347.36160506617
4,1.8162825455391007,42.03671405863889,123,-27286.840223773102,-59948.55761224421
4,1.804320178798286,41.939756257469035,123,-46056.38072778149,-56595.85032907097
4,1.8392798947232847,42.015220151135615,123,-60862.01966954655,-53453.65946317523
4,1.8358370472930448,41.95281220849476,123,-79546.10524431494,-50000.36370633706
4,1.845143622244965,41.93523021642276,84,-97444.49352715314,-46492.577436267246
4,1.854581008038075,41.92646854701457,84,-112213.30921498862,-43579.76403361963
4,1.9006993898952933,42.018298163818926,92,-127989.19653388372,-40067.28928938092
4,1.912619744322532,42.005618840676405,92,-145887.92733243565,-36562.30566864501
4,1.916891457883673,41.97547575172974,118,-163006.84438388768,-33303.22597448068
4,1.9269023720358294,41.96562155208423,118,-178092.60253352465,-30316.905344911065
4,1.9324222126549384,41.944516236836925,91,-193367.9443360584,-27331.482835218332
4,1.9249972855031316,41.88551945532595,91,-212086.83380370308,-23680.899989026417
4,1.9519852421428947,41.925894380013226,91,-223006.4517422704,-21409.587879063205
4,1.9684014661813969,41.91943788619401,91,-243520.10460989346,-17268.964738697694
4,1.9739294576001338,41.90500589550704,91,-256294.04422086925,-14716.052254728367
4,1.9890556464775988,41.900766347527366,91,-274176.9057506679,-11081.773282530241
4,1.9949339587264798,41.885011915900314,91,-288114.8841830229,-8274.931852901786
4,1.9934283279184215,41.849912447738085,91,-304421.8606524989,-4983.431829501678
4,2.017216732891586,41.86561455562748,91,-320790.8520862405,-1614.3933112318182
4,2.0232336314329773,41.85807373367131,91,-330773.10931973613,426.4603974747795
4,2.029619345136414,41.82853724463376,148,-352829.82034121646,4945.75480119268
4,2.0491113531390446,41.85407045407017,148,-358318.17074786505,6112.081905266267
4,2.0467288220167457,41.82133310705986,148,-373642.908202022,9244.355830197956
4,2.0679664080772797,41.83473208346701,148,-386679.9216007313,11968.639281362091
4,2.078329133504566,41.82632486870948,148,-400926.8631876034,14927.643646072103
4,2.089116475262806,41.81303987207568,148,-418145.30311995326,18511.366549436123
4,2.09736645037428,41.79976344734374,148,-432990.8790516368,21611.790381906467
4,2.109360835827273,41.79227658347735,148,-447827.3662095059,24729.04143197556
4,2.122875703347253,41.77841528646125,148,-467359.8273052757,28846.108075357453
4,2.1331842618728682,41.77282345922914,156,-479253.0458838195,31366.218142366713
4,2.1448013825654373,41.75955348471068,156,-496417.37545307685,35012.16441965331
4,2.160984565253817,41.74256334503494,156,-519107.7404804589,39860.285470283074
4,2.1691504058514544,41.733674979120714,156,-530560.214723039,42319.64924043164
4,2.2007964046976594,41.75237791240264,230,-543438.6180772459,45155.11064584797
4,2.2109739670576674,41.729231705149274,230,-563788.2035585517,49540.05011239015
4,2.2025443181454656,41.6957208786287,230,-576910.1695714067,52366.932073523276
4,2.2316949499139804,41.69936140592854,219,-594654.5853929387,56277.282160688934
4,2.228346378853475,41.670241058521505,219,-608805.1950209968,59379.233642897496
4,2.2525745184088852,41.66142219430816,219,-628925.8878448001,63855.92771639271
4,2.2638706775530784,41.64089651283282,219,-646823.6438336615,67865.14834752749
4,2.262806164974953,41.61735479156294,219,-658906.9503713035,70598.18546887019
4,2.2710797494400325,41.5926091448302,219,-676628.2505776997,74648.49936043473
4,2.2997237054914406,41.57574978269245,219,-699986.8884668462,80028.79896928385
4,2.314125887799534,41.56856470086561,219,-710282.4111348025,82434.03679761733
4,2.3314850562706484,41.54609579331235,219,-728548.326595097,86759.55172277612
4,2.3411226695051326,41.50052581161453,219,-752862.4725855589,92661.08399656872
4,2.3311083767949006,41.46422590385152,219,-764556.0315344923,95643.84404183089
4,2.370972521700777,41.446287149567276,219,-784040.5011508499,100545.01591861312
4,2.3931723815301322,41.405948903103315,219,-802871.5388554946,105611.07730228065
4,2.41737830563461,41.35449456670158,219,-820450.2177841588,110798.45816105584
5,1.069722838033202,41.5488121665919,1,178381.4781877496,-397030.88797505625
5,0.9987297790065877,41.57093705908627,1,52431.027442544524,-375858.0691291039
5,1.0362263743647449,41.638305010865004,11,-106736.2845838945,-340663.98890379514
5,1.0496896045804056,41.673694278718756,11,-205827.91149290663,-315191.6156796273
5,1.0612928031415443,41.70419429210801,11,-296477.5647032018,-289827.20629491174
5,0.8870173968245498,41.695465245610706,20,-445833.339544884,-262177.35959080997
5,0.819316274455348,41.692200882143524,20,-495712.2330963724,-247842.29544007702
5,0.6655301783484084,41.684785736037746,20,-592449.7052738408,-210797.48118546372
5,0.5882636024292086,41.68106015248996,20,-632927.7282656464,-190807.87684656266
5,0.4930651509158833,41.67646994280986,20,-675812.7093511494,-165766.05299982018
5,0.7584145362741849,41.78436258833344,32,-865253.2559014459,-144512.57587555228
5,0.7370861981590905,41.786902834947185,32,-888179.8881426783,-137071.90940078627
5,0.6437567971340388,41.79801854840021,32,-978929.025025285,-104918.46693185063
5,0.6138270808621517,41.80406327771295,39,-1013132.4057903561,-92402.25741813182
5,0.6811149727393175,41.84426009619575,39,-1124626.4724457627,-63654.8092415048
5,0.700192730719057,41.8556568743259,39,-1157792.8900559992,-54067.32009504493
5,0.7393026576022408,41.879020581940175,39,-1227774.113740364,-32322.532445857207
5,0.7920360039108745,41.89313451194399,40,-1257146.9423472614,-21576.337170826067
5,0.795313549140185,41.91674426296643,40,-1349270.2429766213,9723.768535130952
5,0.6646574408519975,41.91444946410392,49,-1386780.258653371,21129.170597737895
5,0.6091683612611978,41.92804364886397,49,-1446778.4136622644,43505.602005283174
5,0.5774730905899181,41.935808624760185,49,-1477473.505443312,55709.00455597865
5,0.6097180482501698,41.95510833034782,42,-1543625.065275308,76197.60154542823
5,0.6262352881523292,41.967150653812205,42,-1586121.5382110637,90152.22774887225
5,1.2853443175160437,42.01520526242869,42,-1333466.3970740733,161878.27206150934
5,0.6591391286557378,41.99114005475995,42,-1672852.5230067298,119913.32911383973
5,0.6724361626379932,42.00083460332132,42,-1708652.5438438961,132693.2718091235
5,0.646099285025974,42.01875253206555,84,-1775795.3007303805,157211.35750776797
5,0.6118652306710946,42.02772089260861,84,-1805911.5941577533,168918.0995579684
5,0.2764539893859975,42.06598318406648,81,-1804797.6731014135,202463.07078332407
5,0.3786778125339958,42.070731152231325,81,-1873144.3163652595,212642.00095779254
5,0.42545427672833097,42.0729037687117,81,-1902367.992639399,217759.981705567
5,0.5179574919112137,42.077200245866514,81,-1955258.3933062202,228858.72693869437
5,0.5968181753089181,42.08086307125006,81,-1993990.1490220558,239456.84465843285
5,0.7635052426979695,42.0886051500051,81,-2049919.036980217,265691.08309520443
5,0.7917322784397287,42.089916205128674,81,-2055079.948575481,270669.81191222783
5,0.9128610963696173,42.09554224956396,81,-2059601.2685442814,293737.35297097126
5,0.5499834429535434,42.13662453956844,68,-2169838.325042491,309298.4985833584
5,0.6207368206358838,42.13724895309692,68,-2203732.4363902453,320731.2137282279
5,0.6970906528562113,42.13792279182169,68,-2232185.127489873,333733.0694095428
5,0.7573994937277485,42.1384550301029,68,-2247717.8239046275,344476.00947309716
5,0.5892235171214263,42.16812831976077,105,-2297779.1255260804,358998.3443413943
5,0.575974600822166,42.18211609973224,105,-2338383.198844604,375887.0305886977
5,0.5652827176359827,42.19340424633314,105,-2370048.1399768647,389232.0580617049
5,0.5499368122778425,42.20960595994988,105,-2413770.4600438643,407932.31431644654
5,0.5794790645234273,42.213368592463866,114,-2446152.34271644,420342.4177754735
5,0.5658387000164715,42.22697492289321,114,-2482054.7023247965,435839.4215919656
5,0.5548309178982106,42.23795523949098,114,-2509899.6999696186,448036.21246107615
5,0.5390316073700003,42.25371512915472,114,-2548108.870042346,465053.33226907783
5,0.6181310829438453,42.24185740727071,114,-2568292.6905186214,471545.92296711815
5,0.5159280866070535,42.27676100431602,114,-2600275.099965389,488888.0518737596
5,0.49918766980983537,42.29345965209423,114,-2635344.502059119,505371.64944816765
5,0.6181754178195817,42.27936408999495,137,-2694258.3642281224,526276.039148961
5,0.6039560694797613,42.28764693475535,137,-2710169.682186864,533366.4047524323
5,0.5687699392149054,42.30814303962164,137,-2745138.300038804,549716.2633100984
5,0.6192781998730214,42.30278498985548,146,-2772089.901601544,560796.1456662951
5,0.619874267178412,42.31120998617337,146,-2799937.83755143,573280.8999291873
5,0.5660253768367229,42.3446413816709,146,-2854484.504042624,599139.0481385263
5,0.5496570047714504,42.35480347631562,146,-2868050.155610208,606150.3590625863
5,0.48976450777294767,42.39198696778195,146,-2906313.1733991303,628544.4024230287
5,0.4053862792631106,42.444372112782986,146,-2932002.6886653644,651836.1638734661
5,0.5710170916353938,42.38345149355028,155,-2974711.8921884,654547.6329904884
5,0.5235025446309948,42.41517226964564,155,-3009488.892000023,674077.0789927219
5,0.47669696580655674,42.44641973762141,155,-3032263.0763429753,689906.8513320218
5,0.5085114913587281,42.44639253903059,164,-3073445.19539478,706274.7656398085
5,0.5654386211382281,42.44276689096258,164,-3135000.0171956816,731510.6868205224
5,0.5892454272833834,42.44125065255323,164,-3159411.2082642014,742166.1774693672
5,0.5830938341249396,42.45438270733547,164,-3187892.2975701373,756442.5209007397
5,0.6720314077685381,42.43597807282951,164,-3237225.9457703084,779560.9825041154
5,0.6898395356412987,42.43484388593713,164,-3252372.5632247836,787651.3466921183
5,0.6041481576960424,42.48259339495464,173,-3289216.227273856,805929.799331725
5,0.5959585996067802,42.50003869377175,173,-3324202.264318751,824069.010235649
5,0.584536022904959,42.52437093021877,173,-3370067.7550386316,848393.1205086266
5,0.578512406562794,42.537202365798485,173,-3392886.6255187658,860758.9626756205
5,0.5606210062450198,42.57531441304182,173,-3455147.867885558,895596.6725487174
5,0.6700932660010128,42.52733989829401,203,-3488154.4120741934,906569.040105109
5,0.6618082820083148,42.547490152906406,203,-3528839.1428756295,928055.4975875767
5,0.6351326091880528,42.579693767521285,197,-3570645.3212469006,951427.6423301162
5,0.6276401795654838,42.5974496344634,197,-3600455.7289213818,968193.783313656
5,0.6171899390135539,42.62221504302918,197,-3639034.9396435637,990508.9769271682
5,0.6045032349675532,42.65228051448804,197,-3681236.05760891,1015924.5653996295
5,0.6700368204690338,42.623769373119394,132,-3717566.1851595705,1030828.8985779986
5,0.6729201062465224,42.64389092246652,132,-3764393.8681151485,1057274.5429318317
5,0.6690140168879134,42.667551500606514,126,-3806822.975755604,1082094.787412694
5,0.6912490488972226,42.67614021399193,126,-3855537.015590693,1109181.349145662
5,0.6814692557366294,42.70355276198456,126,-3893308.1424654745,1132499.0402253307
5,0.7506631324390648,42.69909005883065,126,-3982032.8350712173,1182508.9798952688
5,0.7606148401886963,42.70293409942034,126,-4002627.495486678,1194894.210338264
5,0.7482891620294334,42.74248671600153,194,-4057515.7988609388,1229050.7258956973
5,0.7815457142076666,42.754586455900366,194,-4123157.999928928,1269462.6578516243
5,0.8020197258516062,42.76203552080192,194,-4162416.4122604653,1294371.5997151036
5,0.7596126595154,42.841983437714475,241,-4220086.8970197635,1336578.368879915
5,0.7941475588897082,42.83758172562703,241,-4262904.302151709,1362368.9603818287
5,0.8503531721093924,42.83041793098528,241,-4326358.365371866,1403656.0583166154
5,0.9442212784815277,42.7932894705298,110,-4374024.759786458,1444115.1806871316
5,0.8725923833799689,42.89979719151001,110,-4435339.516994541,1482945.5991538232
5,0.9846166808224468,42.87669721079526,110,-4527287.625418794,1556250.2660447897
5,0.9988298409824561,42.90604430235217,110,-4571978.012172396,1591760.3805278249
5,1.0265971763426263,42.96337782451983,110,-4645317.388690359,1654838.119941368
5,1.078422429764457,43.02669464378214,110,-4718773.285714894,1729621.219559788
6,1.0137621120174338,36.50966613408699,3,810137.0858900532,-386491.8488183559
6,0.9326407853852254,36.59467314442208,3,756830.7028957697,-360987.89718256687
6,0.8221926517584923,36.50787091596874,3,685201.9953126673,-328772.38547696517
6,0.7998466332881142,36.73382809082648,3,635441.1349396106,-301957.1847815301
6,0.7536015549250924,36.78941192999868,7,583535.6116454572,-276398.58170980983
6,0.702310191710363,36.84373246283913,7,524651.4323910561,-247340.03821090824
6,1.2997220743957263,38.99381145233548,30,464761.58321376634,-223831.82219877566
6,1.4300556080058404,38.76025301643662,30,392070.291799573,-207239.66605193357
6,1.3504807890019828,38.79009346027026,30,342426.14848272194,-188353.9793768828
6,1.2391197345789104,38.831853697131194,30,271083.4680954088,-156949.7207315454
6,1.1488657428228428,38.86569881554269,30,216459.59013141756,-129021.92163401142
6,1.0733885224794057,38.89400266571254,30,176125.94650953184,-105493.34813460583
6,0.9991093545184296,38.921857247944665,30,143254.13825097447,-83554.52458563032
6,1.6554081899289252,41.778971501190505,39,87112.92969245216,-72231.08969699786
6,1.616450653381068,41.77812222593703,39,21551.310728035278,-55779.50910185993
6,1.559370557363234,41.77687787844205,39,-76383.0599319271,-26635.777852635307
6,1.6284802356169332,41.89045172134538,36,-167227.6957422492,-8740.923816119033
6,1.582954871295518,41.86360782661495,36,-189103.016848909,-5348.314271402826
6,1.5642744938311457,41.87515459016799,50,-248504.09862746918,11827.277983293536
6,1.5522162464208014,41.90683069377456,50,-345348.88608443004,41175.80945139689
6,1.5165746814199026,41.90209253032644,50,-389377.61860183097,55403.88782053288
6,1.5308232170492466,41.93090874039022,52,-440885.792897666,71706.69595928493
6,1.5181164318518607,41.93083683718128,52,-458761.9284210667,77423.7726047076
6,1.4509121412716899,41.93045655183983,52,-535714.9974316917,106147.22143527858
6,1.4173047138192125,41.93026637927921,52,-561472.4341345883,118631.07714935462
6,1.4710356109530727,41.97815002402069,52,-635962.1382044419,138530.43944234832
6,1.4744122510012105,41.98149502040854,52,-641985.6782560389,140676.14933880093
6,1.4531106014263853,42.00606262371548,52,-722314.5394136828,170299.77831123042
6,1.4492810552196467,42.01575270181876,52,-750014.0772680677,180776.61220824104
6,2.2881834885223737,41.93519437463996,52,-773029.2736115776,192250.8791927738
6,2.306674153786662,42.02957060478734,52,-856029.6349509513,214654.7005748377
6,2.3137158570834973,41.94962982675561,52,-863520.4003877221,216428.81709332136
6,2.3284215472036554,41.93542206760053,52,-925115.3970870096,236638.44431192178
6,2.348958791734917,42.011250697136546,52,-988385.315367011,249007.91026495903
6,2.3649338184106727,42.00447464975782,52,-1042588.7809881594,264051.9174351611
6,2.3663533732960476,41.93563671040552,52,-1069370.8659973464,279032.7531085989
6,2.383666301065513,42.009910272615535,91,-1108128.413093732,282520.7081946183
6,2.400996157004704,42.01492374974303,91,-1168169.4457399386,299464.4307617829
6,2.3972635211392395,42.09866914462455,91,-1195201.0905072347,317505.02595549956
6,2.419852173399552,42.020358219904416,101,-1232746.746258896,317713.81671579066
6,2.4365580882995577,42.02542703193868,101,-1289209.6790218074,333691.58315470617
6,2.436518410917414,42.103693929145315,101,-1314922.3585158063,349382.8030131331
6,2.4543715843238076,42.07016092264115,88,-1352567.795971333,353782.1940814549
6,2.4625956644876665,42.06760394364586,88,-1377724.4502408043,360404.53695699904
6,2.485000491179497,42.06063797661941,88,-1447366.1309472728,379153.6513704417
6,2.487311139490879,42.05991956445902,88,-1454629.0996989494,381141.62363381375
6,2.499996599498596,42.08303661527047,72,-1496155.8083074447,394399.8272971431
6,2.51339863484457,42.0470451758326,72,-1538313.4737397435,404418.94587894995
6,2.5273078711376225,42.08219823160467,72,-1578278.8572848826,416972.43559881847
6,2.5485384168767897,42.087988292486536,72,-1641148.5761962242,434849.9269723858
6,2.551016965134013,42.081470425246906,72,-1648739.3030252834,436555.8539938252
6,2.56921645906944,42.106966575062835,147,-1700593.1491649973,452897.6555025669
6,2.587386611909339,42.081940736798664,147,-1754458.6786290132,466333.1633331679
6,2.5921175494092488,42.07542479399105,147,-1769702.4664793324,470521.0954377014
6,2.610477306111256,42.089703798326106,147,-1817736.3411830647,484491.8943589392
6,2.6139808836710925,42.04531231932045,147,-1846103.291102634,493317.90325353487
6,2.6382667752069917,42.08189329746024,160,-1896749.0791744413,506914.179871135
6,2.64826855285936,42.09878378154569,160,-1917381.2616393708,513042.9021516234
6,2.666373511583913,42.129358498144434,160,-1955646.5566467398,525371.0779027052
6,2.6769325915083417,42.12507535126298,130,-1982717.842580944,532653.270060636
6,2.6886331126858445,42.12126159519546,130,-2012518.6431883017,540846.8122375873
6,2.7020379172955904,42.11689233213969,130,-2046607.1604377204,550355.4642893506
6,2.725974310783111,42.10909032362124,130,-2107188.8520685374,567593.5372024649
6,2.733647543781043,42.10775942427138,130,-2125866.7088221484,572990.952154262
6,2.7464775928755207,42.10240732930864,130,-2158619.822836499,582549.6734305898
6,2.7607723647153635,42.09037893404313,89,-2199102.1539933477,594743.1026144468
6,2.777496019437343,42.08988620444377,89,-2237013.2956665945,605973.7479000582
6,2.804778533066382,42.12643881061174,89,-2270316.0552570764,614971.6719148844
6,2.8170506502708004,42.088720805030334,89,-2322527.3625987438,631510.7566916251
6,2.860361495239338,42.164946485227965,89,-2352309.262376913,639381.2958024084
6,2.8534274834119167,42.08764903317677,89,-2395867.566717159,653652.881337749
6,2.880746952566551,42.13582300057595,89,-2406924.984960284,655087.230228054
6,2.9057046008949676,42.151512184759724,89,-2437223.4137964854,663971.0162885878
6,2.8963463896216743,42.0863845120052,89,-2475694.0548457215,678034.4764964938
6,2.921216706350404,42.0856517570302,89,-2518586.1119038905,691271.6853721481
6,2.984391559894497,42.15849150812749,89,-2546757.618777106,696697.4845441165
6,2.9689379298928937,42.08424574502217,89,-2593932.408532766,714797.5363577837
6,3.006476971752668,42.10091375581212,135,-2628370.6706769452,724317.3661587335
6,3.0876201579235856,42.134447230282326,135,-2685784.641830034,740732.561866953
6,3.186332877108284,42.175241542224825,135,-2722137.462109905,751760.6961462362
6,3.076644365936966,42.07974566154903,45,-2732095.6504326616,759314.0173742957
6,3.2331290839523104,42.15086433058276,45,-2770684.57550698,768915.0396760424
6,3.202791827874004,42.09821164396516,45,-2811073.855442732,784770.1560572111
6,3.3353842307937818,42.09875935203625,238,-2855630.4106550873,802794.6765134832
6,3.3297317680113276,42.062289533507766,238,-2895051.533072822,819107.690591141
6,3.3240998888797018,42.02595252116294,238,-2935479.3423406016,836656.7735290895
6,3.3008027836197646,42.00102755581423,238,-2960466.9914976656,847751.8576040334
6,3.302766296876743,41.96649227648745,238,-3001837.4499515602,867080.353545059
6,3.309938236506618,41.93458121771749,238,-3041183.055884012,886106.6352603149
6,3.2919826532508294,41.898479367482445,238,-3082340.1105301417,906755.5856017291
6,3.281741233167844,41.865683542542506,219,-3120890.4336513598,926808.9798451553
6,3.2872723267433006,41.82933105249628,219,-3166039.7138406835,950714.9238740903
6,3.2864024194743124,41.79546714082632,20,-3206746.9359206595,973073.101541558
6,3.2726005806973197,41.744774653994085,20,-3265802.3733198927,1007065.1936415352
6,3.262905455621939,41.70916563057613,20,-3306364.430208757,1031413.2308704586
6,3.292392496803065,41.6720408996213,20,-3346075.321124799,1055140.9808287122
6,3.2832842159212254,41.613939019767656,20,-3405266.9914630307,1093491.9578464075
6,3.216627317548288,41.539191618937224,20,-3478876.7561504096,1147012.970674441
6,3.198811151388433,41.473754992480984,20,-3530690.986126874,1188153.5013334774
6,3.1788550651509553,41.40045869804066,20,-3575089.225594315,1229608.7697904753
7,3.4779626078540264,42.27840939875458,8,2297507.220572123,-621895.9144371839
7,3.412908142605102,42.3999085650491,8,2204090.9876068435,-590712.1019092965
7,3.3063490634223194,42.309840648714726,8,2082211.8210028438,-563960.8215655611
7,3.229702600853728,42.24505605005924,8,1948002.2848015805,-531107.5676197174
7,3.181215628500964,42.20407295783784,8,1841117.85161609,-503632.509385242
7,3.1378814133060784,42.233986347887864,32,1755650.3841574974,-480335.66589031066
7,0.19532517897078516,42.792983145003895,32,1508869.843301228,-452446.3476233219
7,0.24704993988001875,42.63100456808236,32,1419015.4380311049,-429475.3302082472
7,0.2501531524816486,42.62128670854543,32,1410884.2964969128,-427131.25132134726
7,1.1014959945577254,36.37817669418753,44,847030.5314838339,-409692.31238395657
7,1.4881840855430004,36.4074370662517,44,810766.7397455499,-395384.86839365354
7,1.6287648817968452,36.41807470030189,44,751035.3241581055,-369130.743282251
7,1.738481935668231,36.42637690017022,44,695176.1412287874,-344526.7370371462
7,1.865779442536903,36.34901715972781,44,650009.848290456,-324853.960196968
7,1.8625485067680463,36.43576491628899,44,626364.9430984615,-314180.1842762128
7,1.9249762298652662,36.44048877111546,44,590601.865172537,-298382.0275044485
7,2.047517508260676,36.4497613695809,44,520122.49151699804,-267152.68684301974
7,2.1057442114240987,36.45416733665966,44,487100.75525571144,-252455.49436784373
7,1.4690630489873693,37.09029559259196,58,459773.9184593061,-221506.61867010233
7,1.7843831755644433,36.9656223305636,58,412630.27255778154,-208786.82794610283
7,1.8799234019435378,36.92784703278317,58,388781.28538071323,-200648.08931298275
7,2.0671827444813675,36.85380725190109,58,337078.417708736,-181518.04333205812
7,2.2425479422012318,36.784470253076066,58,288105.08516069764,-161712.2184593028
7,2.455864524436284,36.700127796282445,58,233431.80851266588,-137456.19655474985
7,0.728364855864546,37.383157519667705,58,230635.38103493693,-119014.6838477772
7,2.5750020354912015,36.81260380048265,58,155209.9256350034,-100082.83607913935
7,2.5508435960873377,36.94326706976231,58,121016.1392977102,-82692.76055296077
7,2.752197919971625,36.8682542923965,58,95245.46963799596,-69352.14192437708
7,0.4544961631707811,37.49144145211509,58,68210.57009033837,-51756.93509671563
7,0.4150650466028711,37.50703197588313,58,43248.21869512601,-41632.627749973006
7,0.3306338820326566,37.540414902682286,58,-12959.610458054065,-19006.754933425218
7,1.757318995941168,41.91913782226777,72,-50415.600105668185,-10955.56733635537
7,1.695879036715479,41.91156606670711,72,-119362.30478349878,6029.3033559949135
7,2.1142493188175475,41.92515415989647,72,-160854.05293500327,16477.961031096544
7,2.1119973418707674,41.962847775397385,72,-214685.16467677732,34510.94807321317
7,2.1293061718614794,41.96498088602086,72,-249009.4231759305,43051.072844720526
7,2.4488482548732184,42.05273696378763,72,-301757.62787394854,60480.86311232541
7,2.188400778177536,41.972263604297666,72,-349602.83020725404,68605.31496908488
7,2.23396622283962,41.977879011816526,72,-402912.82034958026,82533.4762862212
7,2.2919209456917216,41.98502125280354,72,-433253.6573020896,90874.18705149426
7,2.2189429781975907,42.01677365598941,93,-452058.53515819716,103302.25896908694
7,2.2712428871720918,42.04340775093722,93,-508330.1713395987,121884.16134103813
7,2.216545452748635,42.05686661417499,93,-539308.9935772856,141029.96846916593
7,2.277806002310805,42.077505808611654,36,-571362.8775520595,150180.6951273973
7,2.2610028221971943,42.08446150187002,36,-597066.9236004007,162384.25863776205
7,2.097228183281911,42.08811262673303,36,-593505.6596233525,197765.90475356474
7,2.2191462100928967,42.10178808842467,36,-661897.319449819,196033.00070610552
7,2.2092263192153245,42.10589443720117,36,-677572.3179435248,204725.22628309362
7,2.1870049227484767,42.11509300655238,36,-713305.5583743803,225218.69208558925
7,2.1736433780607447,42.12062403137491,36,-735261.701837716,238214.39261240244
7,2.2031417063974192,42.13426384509514,41,-772517.1432643735,249808.9308170429
7,2.1691947386729793,42.14185901335249,41,-814630.129561892,275905.6487160085
7,2.1550825495312504,42.145016422045984,41,-831098.4017566028,286894.0409459611
7,2.2449679822672777,42.18273619336189,121,-895675.83716573,305376.35874511686
7,2.2224995156201026,42.18328785318476,121,-925605.2446672197,320639.95125493594
7,2.1961125978693334,42.18393572126588,121,-955418.1346357533,337544.61585331126
7,1.8271334989619452,42.192995126499945,121,-861539.1397152481,397821.64923186996
7,2.146501070418627,42.18515381446625,121,-996589.4934809153,366284.44964482565
7,2.23144326444915,42.22184214243312,133,-1049727.9441216658,381100.5738466588
7,2.16768354437299,42.20537313147496,133,-1063966.6241015494,393917.01721882855
7,2.252554607192605,42.25322703673356,133,-1122972.3188636436,418635.96402089903
7,2.2242873715521783,42.24189369964057,133,-1133298.6539164009,422523.40519262484
7,2.2668777701034637,42.274520374607334,133,-1166130.2390150162,442318.0648866442
7,2.2434045522537502,42.27162890703014,135,-1205569.6630422731,459569.13396382413
7,2.082733603712008,42.22688212652384,135,-1205531.6819578372,481768.0994598136
7,2.255488635545257,42.294268124432286,135,-1259446.2648804132,488372.5475731446
7,2.2080635812663196,42.286397062722685,143,-1325589.0030281343,518679.22642384394
7,2.2053498907033067,42.29378425178496,123,-1358010.1403975212,535007.9489513872
7,2.219731168926854,42.30491562040216,123,-1372461.4286535159,542682.1354749097
7,2.2870499601106036,42.3570215784319,123,-1391161.8057084614,563761.2453161093
7,2.196103841355774,42.3190258636643,148,-1468944.4600899373,591145.7834805235
7,2.1953748381633127,42.32102664336892,148,-1477721.527261686,595605.5987275856
7,2.2184784061097784,42.34902398791821,148,-1534359.359800618,625666.2398292985
7,2.2080773394478155,42.34682955665246,148,-1548149.3446656347,632026.7006994917
7,2.1686301926854905,42.34502392150375,148,-1613120.26031949,665125.6755015564
7,2.224058122534704,41.21956194420304,148,-1567368.0916243617,727335.2102788512
7,2.153690352769807,42.359161352862124,148,-1689083.1990515548,704747.1489080245
7,2.149990471354542,42.36266251618366,148,-1707554.35236028,714455.8227038844
7,2.172946026846931,42.38477954752732,148,-1751207.5341861665,736079.6486779313
7,2.204333224688614,42.411732174173814,148,-1782526.0260402577,754153.9222934803
7,2.1203438130577332,42.39071687279267,148,-1849596.7552017688,790240.8743665694
7,2.2064235774125898,42.441344231786005,163,-1875158.4066911386,803797.4929293819
7,2.1588287414627336,42.429169283927635,163,-1929054.4307585144,829302.3242939641
7,2.15638053785671,42.43742253263646,163,-1960588.9463060098,846020.1648700457
7,2.152776634931366,42.44995934425901,163,-2007484.4543780778,870999.6418172176
7,2.143568158814966,42.46377874795025,163,-2066165.3116065522,902503.598159415
7,2.145508383495106,42.47686310941411,163,-2103884.024486048,922832.5105205517
7,2.133214491877019,42.48725982148864,163,-2153733.3659066404,950030.6362202162
7,2.1386136208132855,42.50482608912048,179,-2197767.1789512555,974022.9117590688
7,2.133152773819668,42.52662782006432,179,-2267189.9599833423,1012398.3799178064
7,2.103095462068119,42.526715784472216,171,-2303710.3048356185,1033990.136423247
7,2.088563061616233,42.5458785994051,171,-2368066.341306539,1071347.5509118754
7,2.093578815582892,42.56588920573634,171,-2414822.041360983,1097220.3305416529
7,2.0972323623309275,42.59392293555273,159,-2478419.347627806,1133433.6945510027
7,2.132964475479288,42.654495212316164,159,-2565951.3535951963,1185298.3080983239
7,2.07542019337636,42.652606533781054,159,-2616706.940160294,1217419.76150605
7,2.174744068149125,42.7558961763335,93,-2667763.494950615,1257132.8968807796
7,2.1714148285935004,42.811569855356005,93,-2741637.5174621334,1306776.4972245467
7,2.168030507426865,42.86816464440385,93,-2799538.3897120864,1348766.6468756874
7,2.09812932196466,42.86200852159973,93,-2871438.1742683547,1387756.5818800563
8,0.4801187719780522,43.401310493137984,21,3395636.61501233,-882028.2732977645
8,2.694661368602089,43.338563087516164,21,1391993.3307993864,-854390.4102111912
8,2.7521751496805136,43.57040299698027,21,1324222.4891926155,-820094.0125824888
8,2.7672951501400753,43.72734792054867,21,1258444.3226094788,-781311.3049976324
8,2.779543233053662,43.85448246937843,21,1200254.8212354407,-744767.9899509673
8,3.0431973171277695,43.898061823040706,40,1149463.5978963333,-709140.8483087942
8,2.8881528126944,44.05941785311969,40,1086300.4262164626,-674780.5712527913
8,2.9849795242416737,44.129803468661535,40,1033427.1901715057,-642531.8418906472
8,3.026627484765157,44.21174363955069,40,982360.8716869553,-610647.8504019297
8,3.1071902282805164,44.27371194159726,40,933608.0447032882,-579857.194440888
8,3.1170298068218325,44.38929476478848,40,871992.7653501083,-541446.4744098302
8,3.1402867824611067,44.46799478133362,40,827733.6856599485,-513574.3285300121
8,3.157975183774761,44.571828939381064,40,773770.9744453455,-479372.88806414977
8,3.149076835617738,44.68586828816581,79,722725.125617742,-446380.8113238359
8,3.2891498463545146,44.72671912887192,79,675893.2624292427,-417702.9246319984
8,3.252822615189807,44.85595041054536,79,628290.4860116267,-387007.74749168236
8,3.324551396142892,44.93934194467101,79,581174.9204853949,-357398.7911780937
8,3.424966393140639,45.026228717048575,100,530135.7739341881,-325171.0384879129
8,3.440057433540088,45.158720032258984,100,481415.39654131216,-294014.6545481198
8,2.177628241466778,42.56160776618495,100,431129.93062699115,-273059.4159883704
8,3.4720236230315407,45.43936618891112,100,390655.97700525186,-235560.30361419407
8,2.1061606918883227,36.9016403005335,126,341705.68725365686,-208995.5069294792
8,2.419744717881448,36.71150742711559,126,290856.98463774816,-186880.67668518663
8,2.538613918219517,36.76133970849369,145,227853.9423716099,-155153.19664611548
8,2.60664641554164,36.790755664793984,145,194962.84207244983,-138189.44987419542
8,2.766619297478757,36.86605238345881,145,126085.51051390034,-101381.69034754355
8,2.854201991156167,36.907276179428976,145,94507.5673736736,-83690.91120148233
8,3.0221856540788323,36.9863434466696,145,44920.63064576211,-54316.39940737504
8,3.2828915807474024,37.109053624650464,145,-9065.704223312732,-18893.132314341885
8,0.20209773140514994,39.85551214959661,157,-129328.2770893631,-8378.319479229072
8,0.2929764757965158,39.857738392977154,157,-180509.33088464607,7501.703817498866
8,1.549067559134684,40.80693504633424,169,-230593.15833451768,39269.070118568714
8,1.5719569918989393,40.78201965186336,169,-305780.0159539707,58443.97128206162
8,1.5842793234412802,40.768606661059245,169,-345072.3534915354,68545.49805606349
8,1.6145555121504653,40.7356507030618,169,-436815.20509297826,92347.9709255816
8,1.6417646146705143,40.7060333014657,169,-511821.00785371574,112097.26415463086
8,1.661770737016735,40.64255012861501,170,-556776.7936994276,122353.24676340012
8,1.6797667410511943,40.63974085544523,170,-595485.5224564122,133574.99022344462
8,1.7239832444204124,40.63283842108599,170,-690006.2310911565,162675.4936760421
8,1.75204438711975,40.63937176278233,170,-756076.7539548505,184878.93164164748
8,1.7893356115680412,40.60567863860573,170,-816227.0616142007,204868.9000689686
8,1.8088568979084296,40.61958918658326,170,-872904.5327954203,225383.24339839062
8,1.8388528758431222,40.60585652625333,170,-930348.8853225844,246456.02307759313
8,1.8557355741911308,40.61227117269176,170,-977009.5095449706,264145.20047071285
8,1.8802819166528837,40.60843935640845,170,-1032819.1212164847,285612.3265157079
8,1.8811441197506786,40.64597733201943,171,-1068616.3664397052,301320.2078307216
8,1.9057478885468573,40.643397452384484,171,-1130214.1632077685,325514.8501921172
8,1.9223403745689396,40.64482511618088,171,-1175148.9823537692,343635.7138000234
8,1.944868013376603,40.63929542987725,171,-1230891.8207080062,365683.5169380411
8,1.9745695386569628,40.604738131038005,171,-1272131.7302302367,381111.31720414496
8,1.9819848434298897,40.63540346703361,171,-1329527.099709259,405578.02929198294
8,2.0017216010783647,40.633333928031725,171,-1383171.1841421607,427432.8154470897
8,2.019836243539799,40.631434479310364,171,-1433100.2276946495,447847.3166914181
8,2.0357269700405185,40.604181718771,171,-1441975.2365617382,450691.23392872344
8,2.0595646637609897,40.604091103666995,171,-1510862.63590179,479103.1834705092
8,2.068409700809099,40.6263412078589,171,-1569969.4725376,504053.6459387419
8,2.0900743180038432,40.60413308199112,171,-1601139.417764679,516418.0313825282
8,2.1021912775203555,40.622798969979996,171,-1667356.089861259,544171.9450110197
8,2.115727455022156,40.621379605777655,171,-1706789.7685689996,560430.7546116803
8,2.1297687704935417,40.61950790198482,171,-1747252.2476665005,577104.8336734968
8,2.144596435956532,40.61835248840344,171,-1791513.8206647946,595373.4996826822
8,2.1777833085071205,40.614872609473096,171,-1889663.862848948,635850.168636313
8,2.1850608344790823,40.60586037588554,171,-1895911.0988766057,638351.0900950504
8,2.2088669536281174,40.606774387528155,171,-1972606.6868454462,670012.6921405882
8,2.220648966260547,40.61037784127751,171,-2016950.2127336229,688305.9767678662
8,2.2401877613908656,40.6083290600495,171,-2074919.2653790659,712175.6669647018
8,2.228270368501104,40.64591301182028,185,-2107016.0079229875,726647.3331546186
8,2.2661919268886366,40.60887138726847,185,-2158667.8116914183,746618.3913535217
8,2.2726442141140826,40.629116421605296,185,-2220493.253610126,772280.4159755006
8,2.2949157283412354,40.62068610656785,185,-2274980.0219401377,794393.340835209
8,2.3132893945594524,40.61373122271789,185,-2318622.9243648895,812206.7224883089
8,2.325019176245346,40.62275403684723,220,-2375431.7444594568,835483.8224016842
8,2.338206976892393,40.638141140485764,220,-2450267.1367308823,866332.1810686509
8,2.3600758671515565,40.628715526636604,220,-2499486.5271953763,886123.820761038
8,2.3781173746164965,40.62093953614938,220,-2538388.901776963,901896.569482845
8,2.3444195987043295,40.717366880128914,244,-2617837.387734512,941106.5005631037
8,2.3782495242705775,40.6914149091712,244,-2686123.7609655643,965110.2924435392
8,2.4047252991424664,40.67110453221773,244,-2731449.151164354,981614.065014907
8,2.4389226011836613,40.64487073552589,244,-2779984.666675273,1000075.5604031802
8,2.516787166131645,40.58121136998182,94,-2841198.9305046815,1026759.5516665698
8,2.4835805061578293,40.63860660087187,94,-2897171.391019269,1047327.8617855061
8,2.5048367081230696,40.64321155554964,94,-2968999.84533043,1076313.7506742005
8,2.57476677750779,40.599396937117646,94,-3042301.732796135,1107468.33348314
8,2.5412201608926765,40.65203361103623,94,-3091165.5253305277,1125530.8766427902
8,2.5177908254237464,40.70460638125783,94,-3146159.510523854,1149227.585102757
8,2.524679863304806,40.737256331091366,94,-3232971.4943318684,1186095.6830339406
8,2.5330357131251025,40.77685809873431,94,-3331045.175343489,1228728.5759861355
8,2.582851014967632,40.71512288579549,275,-3348224.7704786747,1229852.207324971
8,2.5953193344419034,40.746074769042664,275,-3445948.6400220036,1270291.9090483363
8,2.6316772332554232,40.724405041368925,268,-3491194.1273828754,1286862.0798685118
8,2.6868740976679977,40.705801155617586,268,-3573590.7607652848,1319268.4347139848
8,2.8044036126579472,40.66618829549313,268,-3689662.883504351,1367944.5944065312
8,2.8564952933800645,40.648630999674545,268,-3717214.126477631,1381203.5513247007
8,2.7672000696611234,40.74687457133977,235,-3818454.830973127,1417678.7953986744
8,2.78815752997855,40.75763499152815,235,-3875425.4780034097,1440650.4248832543
8,2.8141517610277824,40.782735323710625,235,-3964924.285226106,1476854.4621619314
8,2.8468437277416125,40.80770478676332,235,-4054945.7059094035,1513449.6653209713
8,2.8673380958039796,40.85683561486193,304,-4159239.9813597132,1556383.3882994347
8,2.889257690012053,40.882783134281766,304,-4217858.333841061,1580734.9646527506
8,2.9390772989380984,40.929044941870224,304,-4309818.147845172,1619654.3973834144
9,0.4133461875774361,43.084065333314896,0,3222143.063704776,-822420.7698125141
9,0.2476979703812887,43.15924158595486,0,2950511.0175199113,-782504.71469412
9,0.1513098602468814,43.10233375877987,7,2749551.2887587617,-747936.9754943512
9,0.045154162717437815,43.09962151509153,7,2566623.919443342,-711752.761818525
9,0.03460451511761043,43.099351975012354,7,2549074.7967457697,-708065.7271205372
9,2.689207216366687,42.91689767393182,31,1216856.8871211235,-688415.11853579
9,2.6191312910446047,42.99047302742001,31,1127420.0048666762,-665182.4966441274
9,2.617112106672757,43.097617901764636,31,1058716.4752494015,-638364.8966803969
9,2.5433795268233044,43.11459906413586,31,1001454.876633204,-614032.9709171768
9,2.473597783016955,43.12114875705939,31,952510.8043116264,-587565.9962289403
9,2.6134921997812444,43.28970262391184,31,917721.9119074576,-564433.1296963631
9,2.534518506650874,43.321650243597645,31,873984.2358885381,-537579.2658926806
9,2.5979086515287215,43.39278995104249,31,834116.7218287103,-513322.3212296885
9,2.61073107365259,43.43621748220266,31,800493.2940815235,-491950.4567143228
9,2.6098632414143768,43.482267648503466,31,762553.7141001857,-467180.7182209161
9,2.261052654232541,42.82345384755602,77,726665.3081594208,-446539.72618297726
9,2.2480347752885863,42.77398462112323,77,678894.4436297232,-419170.5604615252
9,2.7216151312810144,43.60141138919953,77,647995.5242796278,-395802.413926218
9,2.2320426256006987,42.71321287194174,77,611997.3863200302,-380387.84714825463
9,2.2216865371437677,42.67385871240166,77,564258.8860408774,-352465.9684735821
9,2.2143689121517993,42.646051014293825,77,528655.0954282043,-331530.8140437809
9,2.207770175808114,42.620975164091085,77,495360.94360290346,-311876.5999032626
9,2.1939899340007245,42.61303349283687,116,461086.2107291076,-291465.8582407707
9,2.1727638174151727,42.624989270418254,116,432488.0364855876,-272342.33271344507
9,1.7688783194460223,36.911307884885936,128,393363.2349892653,-242188.14576624293
9,1.8591302140157715,36.8851904766478,128,360930.87090189767,-228057.20114024347
9,1.9625579383520582,36.855260200806946,128,321891.40719866176,-210337.01067243115
9,2.0547211624082844,36.82858968537129,128,286440.42220058205,-193600.7781291953
9,2.1415746940309606,36.843292478710346,134,235914.80339502776,-168568.5546713149
9,2.1566419896682247,36.85331528061514,134,224279.08654761917,-162675.90918206723
9,2.298796208933517,36.86630803717429,134,154475.59307903715,-126598.12568118401
9,2.294886570414325,36.94527591380289,134,127696.11878447019,-111949.92678100105
9,1.6965417483879315,40.41251708887963,41,97554.60232155627,-83576.48126435379
9,1.7182738722377653,40.48185974414847,41,14681.522866427531,-78155.23981035511
9,1.7343561551050644,40.53317494023832,41,-34728.31470090314,-73469.9926857621
9,1.7688680588030574,40.64329519619386,41,-104619.1508612336,-58469.85849785279
9,1.7019856290232453,40.639431838438526,147,-145535.8219235963,-37363.96721094085
9,1.6813015779553335,40.64141469197546,147,-154715.4713568573,-30856.615961618674
9,2.1053821881804913,41.8889079767707,151,-155404.39697130077,20640.72829679473
9,2.1163061180222664,41.88593832056537,151,-184749.6182319865,30739.397640704963
9,2.146244682396472,41.88958984777886,151,-247695.55955120764,52052.32779710296
9,2.197260568011652,41.91556187550631,151,-284372.2181777364,66178.92324138792
9,2.166022131650435,41.87242308653206,151,-325222.6333172464,82120.61812365543
9,2.2097448146158785,41.89340640820131,151,-364576.8596296715,96664.75846290498
9,2.209094302387776,41.87680339502899,151,-409325.34520699526,114105.01315542655
9,2.2052909373366196,41.86174791247191,151,-441825.5384353429,127517.75110869895
9,2.2289806918392543,41.86463654537516,151,-485925.94151318586,144936.94993919742
9,2.233038324305071,41.85420482119561,151,-526291.1953583111,161416.14026200137
9,2.255081214804846,41.85585279063654,186,-569063.782515258,178852.21754819047
9,2.2538079894172522,41.849875275830655,186,-586071.8652829695,185760.15674114923
9,2.270434944437726,41.84030161908879,186,-655046.6677381138,214088.81266252714
9,2.3464437489888175,41.87258127981805,186,-672938.1572974079,226830.31435709153
9,2.3978364631977236,41.88517817737843,186,-694858.8874123704,241212.2703175461
9,2.599390288140281,41.93458115063613,186,-711310.2884041702,265647.1431846045
9,2.3446745271045364,41.841712724066944,157,-802151.5000479977,276614.0096269239
9,2.3583865893256166,41.83775980058844,157,-845018.9473296468,294560.227440087
9,2.3179926813209057,41.814309677038196,157,-856510.8202505949,297306.8538547109
9,2.3284460064779746,41.80884978976238,157,-901103.6029301297,315767.72370686464
9,2.393545461165109,41.82762417490854,157,-955662.4070192534,340850.09532529255
9,2.405308171171828,41.82423321213381,157,-992805.9718106958,356370.5471579395
9,2.410051042732103,41.815188225959126,180,-1042752.7808173253,376401.7839229446
9,2.410844374690417,41.81407307393711,180,-1049298.6506246366,379044.926228383
9,2.37744265859915,41.78421905633263,211,-1109232.6742050028,401913.16940280626
9,2.4024715255000237,41.79099381879209,211,-1134610.5783256665,412742.8256560841
9,2.579541968402581,41.838922883819535,211,-1199891.688128485,451327.5227846137
9,2.992458121977007,41.92693284026771,214,-1208361.5138026113,484729.80897176417
9,2.41801540017222,41.7645998607214,214,-1279154.3098212997,472107.5758536045
9,2.438613647381952,41.7704207628167,214,-1297606.8445689026,479925.7974430347
9,2.5696469861001807,41.80744975019285,214,-1347953.1481309254,507785.9237644091
9,2.4649653824136855,41.76365254865658,231,-1379643.0557077357,513894.7904663078
9,2.4526766153998363,41.74794316103934,231,-1422291.2076667796,531103.3159638505
9,2.578001890096333,41.78142304193081,231,-1489990.4636261293,563758.4321123557
9,2.4792134029163497,41.734972314756256,231,-1530897.0285970091,575789.4061690763
9,2.5899943311618787,41.77099174879957,157,-1558564.5891514355,591425.6607335391
9,2.6016139010478887,41.76764205056512,157,-1591761.2557347754,605195.1689438747
9,2.505919020370786,41.72149209763751,157,-1639691.8888877754,620499.9796609017
9,2.63358144558798,41.758426423088714,157,-1680900.2382685775,642213.7889655137
9,2.6574874064105405,41.75153479495224,157,-1745303.7544607029,669020.552037215
9,2.546520856858008,41.69964225777506,157,-1805011.9087501364,688380.0317629165
9,2.7013261846025207,41.73889691942409,157,-1857950.2473674114,716094.8035787297
9,2.5627841408309022,41.68966377245933,157,-1873811.4507450424,716623.9112694775
9,2.579938333225255,41.685411975248655,157,-1920086.5995943744,735637.4231117922
9,2.751589171247955,41.72440706831291,157,-1977758.7691561878,766547.9316852049
9,2.7766349012353726,41.71718686667529,157,-2033529.9665863358,790222.7141608845
9,2.791035617060218,41.71303541762455,157,-2064380.1335525052,803383.1319839598
9,2.8159645408986522,41.7058488889503,157,-2115653.750245792,825374.9632611586
9,2.8428674146443402,41.6980933085311,157,-2167924.778521842,847973.6711934292
9,2.7097826166531473,41.653229080862836,157,-2227269.582111496,863298.2015882216
9,2.9229714215403937,41.675000865944654,157,-2304555.703211372,908215.1120565488
9,2.943242923678732,41.669156982256304,157,-2334623.156922016,921783.485827547
9,2.99221236070265,41.65504003659049,157,-2399834.400272749,951784.3003752955
9,3.0491654920980404,41.638621545583256,157,-2462733.8869166505,981802.1345064993
9,2.6028867694433115,41.47761337569792,230,-2516788.7160335407,993208.0071959479
9,2.6299374027212217,41.466771155526374,230,-2584567.1154913604,1019516.9772376124
9,2.6503218871218035,41.45860080824896,230,-2632120.3072072626,1038107.4308996553
9,2.6802361849226903,41.445577039564604,228,-2697677.944292936,1064066.3950930762
9,2.713378880767412,41.43220905295287,228,-2761742.417602284,1089651.840091659
9,2.755681950750232,41.41514626253246,228,-2832743.7704495913,1118543.2978125168
9,2.8121619952234704,41.39236524067817,228,-2909596.881754666,1150839.1048854387
9,2.870828296126082,41.368702400192866,228,-2969046.953185057,1177232.1067208673
10,0.5939756536118748,43.309253629301246,7,4292805.027056536,-1017365.5478110086
10,0.47056099322038203,43.28582548907243,7,4029848.848770449,-984087.8561880831
10,0.38049032138506644,43.36586381805193,7,3834423.74029493,-953186.7217625843
10,0.305555209670005,43.243694022054456,20,3636535.5926377624,-924614.0187935308
10,0.22739959703308174,43.28722308383363,20,3477374.303699142,-896593.106955852
10,0.1829455495859964,43.22488516526152,35,3344226.699629761,-873778.4680242854
10,0.1283434161603771,43.239171508131555,35,3231725.922152192,-852374.4611731966
10,0.10364830825509658,43.12355472583597,35,3083135.2301551765,-824302.439893516
10,0.0,43.27847132193464,52,2979869.816338019,-800792.5505326501
10,0.0,43.12734191955558,52,2871396.902026403,-780384.68841246
10,0.0,43.056869750624216,52,2796364.47612797,-764058.2341538277
10,0.0,42.98142171694905,52,2699019.543527698,-741554.1818384175
10,0.0,42.93477979950629,52,2630357.5416353983,-725011.9337174683
10,0.0,42.87932366674964,65,2540762.609857704,-702736.3951301537
10,0.27416631337356323,42.66528521255825,65,2509717.9713086816,-678468.6413029832
10,0.2515886555336258,42.66090449280408,65,2458563.7720591137,-667873.1483382253
10,0.20321837534390647,42.65151925703498,65,2355749.272302075,-645577.2562477392
10,0.1677429201412995,42.64463599090985,65,2286043.859920527,-629597.581631543
10,0.13726339558325085,42.638722080074814,65,2229847.033339485,-616131.506506055
10,2.131043876479692,43.35423391173778,85,2137016.254998422,-602933.1970531374
10,2.1362138537234614,43.27576149051622,85,2067651.5168395557,-591339.1357793668
10,2.1411454362120734,43.200907540471924,85,1979753.8637174752,-574317.7185048679
10,2.2183515657395887,43.42964782782136,95,1905163.2821139405,-564871.4358412796
10,2.203285163142117,43.22241394544444,95,1815736.0208127105,-555047.5997699264
10,2.23997485354988,43.26116746358865,95,1743689.8981307193,-545702.4219619087
10,2.2775136125899564,43.322747126990926,95,1680406.6915229142,-534151.5367134192
10,2.2889144498687584,43.30214680026051,95,1633759.3898814751,-527354.7754880948
10,2.254721651479664,43.13051931650429,122,1563181.137702436,-514916.64051129605
10,2.305204302844287,43.19188539313609,122,1492827.50885646,-506796.9953259845
10,2.294136817440393,43.12322092996277,122,1445898.8425773,-497812.0512061004
10,2.310182929402908,43.1202497201572,122,1399069.343158605,-490611.1029192076
10,2.3301885206686688,43.116545345597544,122,1341410.1951125497,-481420.16336366354
10,2.3700056973807566,43.15562193082569,65,1280274.8515832128,-471102.09690567246
10,2.342208370297847,43.066545288136325,65,1247469.5089467068,-464457.0132548365
10,2.3650451199469256,43.07097627920803,65,1195390.5457672018,-455977.4622874923
10,2.4051628936428515,43.11244019112342,127,1143141.237167539,-446541.0546537404
10,2.4124334272689074,43.090668061647065,127,1100525.5332415607,-438729.5950217697
10,2.4176023275292104,43.07518942259445,127,1069950.2679622802,-432993.3844124501
10,2.4264840961428384,43.04859233547804,127,1016970.4562626164,-422787.86086525815
10,2.4329616581715867,43.02178035916015,171,968925.2354006568,-413236.0227802916
10,1.3375531413507522,36.50175052356724,171,828578.5671882895,-439054.4421126183
10,1.4174240736274752,36.522494384948914,171,801605.1122558736,-428967.43195200246
10,1.4552138520196882,36.532309043451924,171,785839.8250415856,-422694.1578742537
10,1.519395650427024,36.54897816563991,171,755304.303742876,-410122.00354036264
10,1.6414288873102953,36.492416076840556,171,720860.7369164603,-395956.53284302796
10,1.5988083683200385,36.56960302082762,171,712065.6472175572,-391714.6653679925
10,1.6704289032095279,36.57460779485121,171,674816.9458015776,-375561.666717725
10,1.707056152027742,36.59771684091335,171,645935.9348903095,-362688.21485684224
10,1.7265626354091865,36.602783011743895,171,633374.0818257878,-357082.7840778119
10,1.777314840113001,36.61667716372267,172,599716.8800860009,-341937.7331898825
10,1.8019570433270267,36.62302485146596,172,583281.0666764786,-334481.9570380918
10,1.8548073323281251,36.61122658615418,172,559044.6848627318,-323442.95882776496
10,2.537434938283941,42.836548029446284,172,518854.82687068195,-306895.1688594129
10,1.9010830114088872,36.64855912237387,172,516168.7526264047,-303637.8046864639
10,2.5516064367823508,42.81752855834225,121,470461.3626454584,-292994.44647186354
10,2.5624255697178704,42.796399287272024,121,426850.9279059029,-279902.70160677814
10,2.5675635863617856,42.78636497610498,121,406554.68056459684,-273608.6351975518
10,2.580641124353957,42.7720463161468,121,368478.52503734815,-261432.02321487345
10,2.6506795600457336,42.873100339537,224,350424.31617978204,-253543.8062034564
10,2.6493945321356063,42.8464670543624,224,327031.68898140633,-246363.22481769125
10,2.623072720323837,42.777282041081946,224,303624.7147204791,-239417.24410334605
10,2.6464219126625896,42.78485701343143,224,272703.4669878344,-228316.39786441365
10,2.645252317906438,42.76061617754468,224,251479.63977777853,-220712.89011394462
10,2.6568934043870835,42.75396687748677,243,226939.9833778949,-211546.7963549895
10,2.7018356871041216,42.80366333393387,243,199589.10047107123,-200797.87760185165
10,2.7034217632793496,42.7686878590561,243,167645.94038063515,-188543.40309144623
10,2.731644595889922,42.79391696418059,243,144472.0022953065,-179256.72830670283
10,2.7506916423101395,42.79601270702229,243,116793.92107184067,-168065.6868552808
10,2.8083092766789406,42.890536926686465,118,94873.05464302658,-158112.67802279975
10,2.826065569307102,42.88365310402885,118,62251.46648526009,-145043.12468523448
10,2.8376944894470384,42.86115139601016,272,30024.776850886417,-131948.9507076168
10,2.861790129150924,42.887034430621476,272,9960.247924263555,-123344.09839169285
10,2.8825578349959367,42.87490729273299,284,-27454.820092610586,-107521.51245356296
10,2.912535653921,42.921853243261374,284,-44800.81770986949,-99858.53714463017
10,2.955106278710698,42.988519815980844,284,-72083.47969941916,-87143.15615958533
10,2.9508641019409936,42.91686836348608,298,-101009.67067107184,-75625.59495383792
10,2.980232488854136,42.935928723678884,298,-131587.0885679882,-62186.899782840715
10,3.0082151785922164,42.950949465125056,307,-161615.103231141,-48888.264169095884
10,3.048752598957928,42.98915037412746,307,-197839.6921632969,-32658.703294726387
10,3.0631974043641983,42.98392695858335,307,-217428.916440972,-23889.613479685886
10,3.1063186052322593,43.043398368880915,307,-248707.06572571798,-9440.226710139934
10,3.145148915792406,43.07999056312665,307,-282308.0655187133,6185.048067607824
10,3.161052052409616,43.03646368804463,307,-311811.4329099418,19295.264404017144
10,3.204876709684147,43.08172494248092,298,-345621.4892025727,35178.040650631185
10,3.2433606451114283,43.10670137966318,298,-377576.4673248571,50329.776813728095
10,3.281351580897068,43.1339849239984,298,-407047.2078517071,64525.26757848692
10,3.3256230942025686,43.160090485256774,298,-440354.85565994954,80761.87254056626
10,3.3784523394377945,43.22342833759136,298,-472653.0829920309,97378.67107904788
10,3.4305185993919065,43.22816865779747,298,-508879.22118559846,115341.61081124253
10,3.510277144957149,43.2799327063788,298,-552066.5498867879,138253.77240653528
10,3.5576133488661927,43.198936672536384,393,-578278.3868937717,152509.29072613822
10,3.662878688271756,43.28503436379804,393,-615232.6621316388,174143.63304226834
10,3.838815501268835,43.41364328812082,393,-651650.7538913307,200583.49134623003
10,2.429741945516349,41.423077013883656,393,-683774.9860969395,255157.10928971475
10,2.3855137827214006,40.90823517009363,393,-747990.6069403442,272479.1325194724
10,2.3650775964889674,41.43377365792748,393,-777153.9828564994,302408.23227734026
10,2.2820618634596155,41.447505950289624,393,-839116.6146604276,343758.8328128027
10,2.2777312160148617,41.00170511132538,403,-870095.867685241,324560.0575319811
10,2.376088855163962,41.05763919090945,403,-913461.9980661857,340295.974966507
10,2.3212762958647852,41.09383614749227,403,-955482.0860756112,362124.54165425117
11,0.31289207487122217,42.95490891054442,1,2623808.839099843,-655299.5935508921
11,0.1411749066781258,42.96861626777566,1,2372497.5115071,-623545.503432989
11,0.17534276703240864,42.803892723639024,1,2247086.404623618,-599665.0158218388
11,0.1381555484487113,42.76306465957702,1,2140601.1010048413,-578747.218849695
11,0.09465752550491066,42.71530792661989,1,2018732.9667630384,-552068.2373250091
11,0.06871873060226744,42.68682957248882,1,1948556.471300841,-535274.4890298008
11,2.168140664202181,39.99227379241552,26,1739491.6088386544,-509410.390895226
11,2.1210100822498745,40.07985874692779,26,1596727.2074924912,-488562.50523987436
11,2.0853184181516493,40.13613624992469,26,1471634.0695876305,-462429.15925151244
11,2.1456011875609677,40.18845051632801,33,1381829.337584843,-447243.96221818484
11,2.048959951213638,40.17437114736595,33,1360447.5019368797,-434066.05401351047
11,2.150731986946264,40.25411726141076,42,1226422.8971201174,-412099.1024408636
11,2.031422308661646,40.24125765279517,42,1182201.992220916,-389651.66946422216
11,2.0181608237248176,40.23982828421082,42,1170794.3093226373,-384478.8241207112
11,2.125898928256118,40.322853903159704,50,1038460.9973682733,-364164.24844017724
11,2.038377445897844,40.31587231768877,50,990384.5261155379,-341168.8368377457
11,2.0250813882232177,40.31481169165068,50,978640.6584420868,-335823.8621925249
11,1.9602335293392221,40.3096387803013,50,909142.1295816815,-305327.2194098856
11,2.1680589746807275,40.40802670776966,58,805833.6770202853,-301040.08382722584
11,2.114077210763856,40.40472847494464,58,795782.9820813673,-295561.8179793155
11,2.171761071727359,40.436540813853256,65,720806.1123525222,-276071.58536968
11,2.063882818663882,40.430835607212636,65,676292.8685693743,-253758.55749717396
11,3.1060351662927954,45.35701516533199,72,365251.36105406284,-279872.2420124944
11,3.296258562199089,45.261814887123386,72,335192.3083793761,-266629.6985204544
11,3.4013567119102266,45.21817753635081,96,304662.0193878851,-251767.62754537963
11,3.48310587052099,45.203674908972395,96,277068.1022615717,-238223.590838119
11,3.541235920858585,45.16993010880947,96,249958.23948344708,-224767.26589061334
11,3.5775863334276203,45.113431462780966,96,222059.12560853377,-210680.61753032362
11,3.6380105340138447,45.113751936542236,96,196296.37132681324,-198138.76179640403
11,3.669962441875173,45.06728777886689,97,167030.53305690215,-183461.1456211796
11,3.7807689449223636,45.13910113496806,97,139734.5179491638,-170323.78428776783
11,3.7873086382381858,45.07367838785752,97,112856.72108401498,-157196.8163789454
11,3.8783952101798733,45.11874208593605,97,86403.79375185353,-143995.63690924732
11,3.8833626480957726,45.06121775023094,97,59976.9067376522,-131351.51632618846
11,3.8584603298045383,44.981827401115595,97,35439.06288006397,-119216.35280399396
11,3.90538521571217,44.975220047945754,97,6960.246182349612,-105542.7158396484
11,3.9243286812673395,44.951964285620235,97,-15822.516861376691,-94486.37930142194
11,3.9770762485731193,44.95097801487927,97,-44745.74723921934,-80691.76402061776
11,3.986442187161575,44.91640168072779,97,-70358.30175420025,-68313.77397154605
11,4.024699927280006,44.90645839325276,97,-97244.913550529,-55527.8719554527
11,4.07282487550307,44.90550318639769,97,-123355.05648593759,-43140.985354886274
11,4.064526201245301,44.86468767534662,93,-146288.1149421801,-32162.836449950595
11,4.09067835663638,44.84623981181352,93,-173187.7595335318,-19441.1256149693
11,4.145752497024982,44.84717651739466,93,-201137.6225199857,-6343.011614163576
11,4.1409206030553065,44.81079867544549,93,-225667.20054706576,5244.075035649249
11,4.173974668660132,44.798414749602834,107,-252049.2800803342,17560.074453407622
11,4.194512954477154,44.78601261844074,107,-272023.0010503505,26875.90606892036
11,4.21872513709282,44.77139198908564,107,-295552.97375581134,37821.27325988748
11,4.248879780021486,44.75631596957502,107,-322178.97921233147,50169.134215413826
11,4.258308077822534,44.74748966212981,107,-333882.9800784198,55585.44873694517
11,4.262041661577073,44.71979825957885,174,-359123.4251607568,67256.59479903246
11,4.2969289900444,44.70908790762974,174,-384044.1541425334,78703.47953215543
11,4.318731417050333,44.68862117998055,174,-411460.9608640298,91274.00881865314
11,4.337938284704356,44.66905283668836,174,-437031.7166589671,102956.85136167036
11,4.345962362435536,44.63948033506158,174,-467524.1575317015,116849.69940619542
11,4.375106595628736,44.629354471418836,174,-488294.99114828533,126258.49214225751
11,4.390582141214866,44.596776115634,174,-525041.0361134914,142870.84491828465
11,4.405957014516193,44.582061296755626,174,-544733.1858886222,151733.82907496596
11,4.428193303799324,44.56367985475943,189,-570178.5505025159,163150.30932371563
11,4.446636644870996,44.5409283327637,189,-598534.5886991397,175831.81149153484
11,3.249807189911019,42.74789134379816,251,-625580.2717395168,186698.75064441218
11,3.268730806523093,42.72542430948899,251,-660708.0065421456,198761.29667747425
11,3.2924637871799742,42.697247365218395,251,-700264.2044805922,213249.55010801283
11,3.3097623346712646,42.67670969168841,251,-725786.7970380244,223251.06995220482
11,3.2879779050275935,42.780189233719746,270,-747455.7043658287,239706.88484197477
11,3.32981741643852,42.67535481525138,270,-772601.9497700137,242366.25169616455
11,3.316061264653717,42.77187578106046,270,-815775.0479513999,265887.09370189026
11,3.3280280099217436,42.76833329285407,270,-844098.7283256323,276792.4680313087
11,3.3409315717319874,42.76451348099132,270,-874086.5623850086,288373.0234133677
11,3.3522233108728825,42.76117081330346,270,-899844.8001539173,298349.4023192037
11,3.395714772127055,42.684153023876185,270,-933828.3613328486,308199.3893067288
11,3.3798164354121445,42.75300248381465,270,-960827.4866525589,322081.3974457135
11,3.364819611325192,42.813671802286756,303,-969537.8021606358,333071.3884793041
11,3.399210175746173,42.77563541429648,303,-1025939.0863183141,350386.10634810023
11,3.428582795902594,42.71526607122153,303,-1038859.3006811644,351449.95014937466
11,3.4353901681716534,42.73561989688493,303,-1073941.6995309724,366508.63187063043
11,3.4716612698913676,42.69550361147136,303,-1110196.293750557,380208.58089636953
11,3.43842295197428,42.80730022422107,314,-1142794.770491197,400703.0344375676
11,3.4849404131731543,42.72188287333689,314,-1166193.1889979711,403369.37220467057
11,3.4839748060807465,42.77526821311018,314,-1216578.077593157,426661.89140860946
11,3.5151230919111778,42.726559248134656,314,-1231930.8433885095,430205.40618492523
11,3.528103148204008,42.744237213979076,314,-1275976.2549392218,448655.8677153763
11,3.5723426153396596,42.713128071867814,314,-1323790.4185461393,467482.95531030966
11,3.5801247754969205,42.714630931231035,333,-1339223.4255897151,473794.0323568231
11,3.5524451720691257,42.79433022382267,333,-1371269.3536911206,490151.3767216097
11,3.5942802055831122,42.76027051952998,333,-1414093.058036366,505206.4007745768
11,3.6362205890466757,42.7261250453017,333,-1445592.5242939529,517319.452273971
11,3.6247048834512055,42.77809404543853,351,-1483282.046660358,533960.1439619141
11,3.5885392507267397,42.900102743343034,351,-1515732.1646659153,560075.6593817334
11,3.627083563576293,42.86175379943064,351,-1558395.8358970478,571073.764478213
11,3.6905126899422975,42.79864617525489,351,-1603225.1019320257,583274.9611676713
11,3.7529307453964296,42.75417216097493,282,-1638334.0381309758,596363.810886648
11,3.76626415552514,42.77824114370732,282,-1679589.6307660886,613464.3180269377
11,4.69659790171933,43.413986848117254,345,-1718296.0851944599,641361.9499496471
11,3.8829136036464513,42.75767756921949,345,-1769512.9073794016,650731.1266660983
11,4.6052327737800525,43.3402926876471,345,-1813769.1992409565,679272.6065924244
11,3.9495800518335713,42.81145003188097,345,-1868064.088636313,691220.8301892298
11,3.9882247192501725,42.84262041806823,345,-1914283.8740508647,710518.2819952314
11,4.0327546937399275,42.87853783163504,345,-1957809.2295295906,728950.7523033225
11,4.129426314185347,42.91199372791197,345,-1997556.0461028335,745919.1577737955
12,5.231829744137848,45.31367369254388,3,2328160.5381442537,-676875.651995413
12,5.263057414971989,45.199017959835324,3,2224199.0686129453,-652042.2385759936
12,5.462822016088042,45.19442902096109,3,2139743.564264356,-629943.0377148973
12,5.160003976827493,45.051196490942566,28,2055445.2907113326,-608133.591281996
12,5.378045303636904,44.99507493236566,28,1963236.3416477374,-585960.6111080608
12,5.337463104160439,44.939221713189006,28,1893831.7873789205,-567812.6775006204
12,4.621912289475075,42.37109740114748,45,1603161.4364683966,-565527.6139614139
12,4.465679608134673,42.46727839308507,45,1512260.6455582096,-543109.7077623826
12,4.41098884568157,42.50094748035561,45,1460499.0705912686,-527964.0082427463
12,4.958904744747701,42.554901718685464,66,1414631.9712854375,-515261.2509191866
12,4.89610430132736,42.62542944596088,66,1368956.9465545972,-505189.61630458216
12,4.819363557903808,42.71161275818469,66,1285444.7107878816,-482607.8666287655
12,4.7846798442101,42.7505641312493,66,1237058.656297663,-468391.71366950154
12,4.7517307970721685,42.787567395620776,66,1184718.8912189114,-452453.2051088384
12,4.76045426022301,42.808771617809064,81,1156410.5496104327,-443673.5908861041
12,4.696036210648534,42.84036198727749,81,1096866.1203495373,-424721.09367707465
12,4.668730649248571,42.85375253199074,81,1068171.7252974354,-415342.6524171524
12,4.638216169876955,42.86871671802018,81,1033613.3532270703,-403881.96820205596
12,4.662338495703412,42.90723580979723,81,978850.6558191357,-386500.35729330557
12,4.567090292337647,42.90359658111872,81,942668.3884627289,-373031.9505927501
12,4.543201075658883,42.9153117632172,81,908823.0264964639,-361340.90400043066
12,4.816156757901552,43.0137008966042,102,864807.8004000993,-350475.4923970361
12,4.7284304425379675,43.01346503523102,102,828514.8362525967,-338126.34582666605
12,4.587427886199831,42.98861648373099,102,798657.4234311414,-325919.25128389144
12,4.836398570019296,43.08499376120953,113,763180.5636005198,-317138.80568669067
12,4.755759207809924,43.07427133476091,113,740384.3521123931,-309282.5159773941
12,4.83918569029085,43.125948325031,122,701503.1104199742,-296740.09836049285
12,4.823455791305211,43.14575706086687,122,662124.5149848044,-283644.087679242
12,4.829417490819988,43.167010739403175,134,632581.3663962194,-273809.44848223135
12,4.814193917904392,43.17860125688149,134,605083.8228986595,-264599.5162964424
12,4.716557760210984,43.157467759595974,134,575078.6267167181,-253755.89067776097
12,2.5781092493007804,42.6756199544456,142,413789.8800688729,-276536.3920796957
12,2.5480556933779113,42.63299422001678,142,391102.1406442614,-272866.31101593305
12,2.5195052319276225,42.59250036329236,142,367151.9959049349,-265975.9934783644
12,2.41122649846371,42.62617154076827,120,338767.1768874243,-245735.64148650557
12,2.3885827627223564,42.621970260232246,120,326835.50297550164,-237543.8760614387
12,2.470293544469302,42.471513717796526,160,289155.0963830299,-231231.82253515994
12,2.4453279055604478,42.46744768639152,160,284603.279098577,-228544.6481361375
12,2.369914113518701,42.45516541122399,160,263348.63187041896,-212124.68755893077
12,2.3467298391057527,42.45138950193485,160,254503.46420443454,-204320.31311010584
12,2.4359801271431123,42.37113228387716,160,215525.62007712788,-188893.1351703817
12,2.4374369239985647,42.342499731173355,124,194277.88152294056,-175250.74443173382
12,2.673749353446032,42.422112606693844,124,195862.44992606976,-168434.74354665665
12,2.7526022461454844,42.44867788531922,124,169083.8293352191,-152297.3295406125
12,2.7681769275613304,42.453924943951435,124,161763.23081987785,-148340.91057296682
12,2.2539454616089216,42.31944686795653,124,136685.53057834573,-125696.04136752138
12,2.935023453297879,42.617557134203985,124,99992.00693579954,-122486.26642605642
12,2.254303869228988,42.28080281101072,124,113737.09069153176,-112710.84202973428
12,2.2356672235154833,42.27452418673871,124,99459.02262838105,-101234.96262030037
12,2.9592486531406794,42.58533559476907,124,50426.52742385225,-99747.75142228794
12,2.9477829139467784,42.51443360644655,124,29951.07240202048,-85742.33273564838
12,3.004329658129392,42.73621490061915,120,20862.240359405787,-77069.3751889528
12,3.020224670942815,42.739164034486265,120,-8763.155925558336,-63975.85718839969
12,3.0266915909284333,42.74036389591257,120,-20796.72755251614,-58660.72950747598
12,4.720919821401144,43.57031804259448,208,-50806.465943938805,-41238.75797987581
12,4.700193007680446,43.575064725436896,208,-83888.47794506325,-29793.474697259702
12,4.696263545893774,43.57596461816012,208,-90210.86086788223,-27599.853079476296
12,4.713401943542342,43.61825581151456,220,-113986.14380842337,-19391.505901498047
12,4.703957300179292,43.64313027385789,220,-152632.54065249502,-6011.686527595518
12,4.702763203794107,43.64627517879775,220,-157441.92699956647,-4345.41304199713
12,4.680107239847322,43.6428673726403,227,-186556.89020116665,5686.1288743398845
12,3.2458580612748715,44.699032259029096,227,-205942.71368800514,12582.620330123103
12,3.266343309617275,44.683947153657286,227,-252154.32252463212,27650.831942083867
12,3.2684794181002923,44.68237414751094,227,-256997.6615206522,29235.260461400343
12,3.2990845029708726,44.73720303762706,238,-280095.4576252264,37815.4747557977
12,3.3197680827957368,44.726349789957766,238,-323900.3448765688,52044.325933678105
12,4.6566401590151,43.767749955177756,220,-327690.5481442578,54847.7080788954
12,4.647650055079955,43.791427291970834,220,-356841.39229970286,65037.887086416216
12,3.3505856518694777,44.706137625727024,247,-391969.3786958655,74162.10744626207
12,3.3348145520383623,44.635668495784294,247,-407607.07721455063,78953.75932274046
12,3.3704611845719197,44.69596521565272,247,-433792.8121895784,87872.17172376774
12,3.393044132917212,44.684407134936386,247,-480985.63876018306,103390.83656976496
12,3.3806554034362746,44.6506617349282,247,-482493.4143357788,103566.98503953776
12,4.532560770051292,43.751518925548496,227,-513239.7484224492,119484.72080682286
12,4.522553418376931,43.75888822622658,227,-535225.441720364,127187.05346759353
12,3.4379423191732337,44.6643404924186,238,-570933.9775429324,133146.9819882405
12,3.4491489161501923,44.658460080345314,238,-593553.7427311605,140646.42208366105
12,3.467541679572978,44.64880888754211,238,-630179.5041355115,152816.70503167625
12,3.4640123749283025,44.61911476961584,231,-646895.7606608773,158311.00936512527
12,3.4866346819043375,44.60763391542752,231,-691332.5455579903,173211.98479673435
12,3.4975054001237953,44.61826236583297,231,-699977.8072510932,176063.21045868946
12,3.5153379780283283,44.59306695026907,231,-745948.6650392573,191595.23055970855
12,3.5339099683794437,44.62108436054946,231,-750010.1477026298,192920.64587310574
12,3.542549147528409,44.57925724157513,231,-795634.9859598395,208389.38189643863
12,3.6609120652947955,44.68862704136397,278,-808223.4781155562,216422.95554724985
12,3.679242152541762,44.66764709281094,278,-843559.4124790513,227729.75746994794
12,3.630003076130043,44.61377118166371,278,-866855.8986524859,232848.67075767028
12,3.7100941769986364,44.63233499215692,278,-899961.0498845116,246021.68141658924
12,3.6400294816572405,44.56351385244744,278,-923789.015576435,251816.21468757046
12,3.7494773305446234,44.58725847265549,278,-966221.1579953695,267941.4808097916
12,3.6287221383404047,44.46753388581055,202,-988839.5586429713,276591.1654952934
12,3.6469782322712008,44.452434669275945,202,-1019900.4651441416,287658.05778686196
12,3.801964684796604,44.51786797829392,202,-1054811.0590073986,297952.65597463056
12,3.6957901658300027,44.4120633851956,202,-1096053.2005301293,315078.2840751116
12,3.829236521777324,44.46262885895697,202,-1115930.9110967668,319232.3382005223
12,3.7376649787478864,44.377429642074524,202,-1152763.7398962646,335806.31122692087
12,3.867616621075134,44.388887067320326,202,-1186691.36501716,345108.05321388354
12,3.8781519318308906,44.34099950248389,202,-1225922.8824494174,360365.26301189174
12,3.8578789137795577,44.27800332216174,202,-1266042.0385687505,378521.3948461883
12,3.953028358782832,44.1993072944847,202,-1298340.5720316898,392184.10805973026
13,0.5283350702198325,43.11021579124789,1,3109595.291591043,-841040.478428117
13,0.4023818070257604,43.27323659896861,1,2878341.104899904,-807879.3332461396
13,0.3307672023751703,43.36592709700477,1,2733571.6170387594,-781453.5895069286
13,0.2724944937761621,43.44134923203312,1,2611823.1419226625,-756933.4410701118
13,0.1029613997202021,43.279960945710464,1,2479325.951441626,-734955.9571002936
13,0.03875480933822201,43.16005795384482,1,2389867.323067608,-713711.8793835163
13,0.0,43.43320065821204,1,2298691.318750048,-692177.1680184542
13,0.0980841708840734,43.66708781943986,1,2241824.8661465766,-672985.6023536253
13,0.05609378962763423,43.72143580293258,1,2153968.585084342,-651375.773300654
13,0.0,43.72610306876713,35,2099137.6733219963,-638493.2790374127
13,0.0,43.800094255515646,35,2032916.248088293,-620641.859974668
13,0.0,43.88855124423253,35,1948917.3164193747,-597999.8601088345
13,0.0,43.93795001661546,35,1900396.1183181922,-584919.25429485
13,0.0,43.97909222696812,35,1859387.88207864,-573861.1616774567
13,0.0,44.05716337576106,29,1780680.5730455744,-552624.080834336
13,0.0,44.13124267185127,29,1705662.8385542843,-532356.7992418284
13,0.05538698194921775,44.20871358819194,52,1653906.1265064243,-518218.5967828828
13,0.5212688232265703,44.33004014509885,52,1604631.8989385844,-504451.7273246876
13,0.6480965778868631,44.36306906666183,52,1542945.873683734,-489302.9390125674
13,0.7242590828520298,44.38290356904873,52,1497216.823690598,-478456.571444144
13,0.7940351587134471,44.401074895528275,52,1450472.0312200019,-467644.03302186873
13,0.8611541515421157,44.418554255274586,52,1401910.205816211,-456679.9810158415
13,0.81880816704547,44.49772378392854,43,1348743.3958172735,-446658.4659544602
13,0.8579663678272552,44.555231203963515,43,1284372.910595749,-433585.2412035317
13,0.8970018729469108,44.61255843413181,43,1225225.7169928453,-421976.3184753794
13,1.0133512543286574,44.62816523335074,71,1167451.4474668836,-411683.66773870325
13,1.1105392791044086,44.666580586021354,71,1104243.5899912969,-401216.13540780416
13,1.1704675858773133,44.71840795825967,71,1056419.776312703,-394302.5700082644
13,4.152472619474475,42.33104655764966,76,748289.693781691,-441915.62601628824
13,4.142561228775775,42.38714674903397,76,732222.2242092764,-436444.7924915221
13,4.105049282671217,42.47172472240002,78,695176.2683215922,-421027.05489082227
13,3.9308501168397147,41.92978240155066,78,683509.2425874234,-410084.7034337206
13,4.1396499038366175,42.579368986066264,78,620758.4161069035,-405030.72648207
13,4.105021487010641,42.59962820209767,76,604569.7773320678,-395251.8782269312
13,4.252799425964952,42.61701903769527,76,560068.3905761372,-396204.4735122709
13,4.09663620069181,42.647090377850716,76,559879.3737170082,-381148.2419155016
13,4.228762329784621,42.70784351463741,75,481940.34696068114,-374726.0639563099
13,4.1878037848390015,42.729178119214346,75,468757.322657967,-368642.8580406114
13,4.164545107047555,42.749096170746476,75,449052.84232826874,-360808.2218936793
13,4.141104029632587,42.76415454082556,75,432062.08165836486,-352927.65069980174
13,4.117865801587549,42.779082602010185,75,412461.48341473786,-343585.74403220083
13,4.082817488058612,42.80159737240336,75,377583.07714176254,-326570.2953476578
13,4.266773126199777,42.83526068258103,75,328233.2304315762,-333086.15335705946
13,4.244683800517035,42.86161091279063,114,302843.2001917256,-326077.6847729397
13,4.230574712436968,42.89452575440033,114,265190.20170821546,-315270.8800493486
13,4.239220613079767,42.91682229930815,114,236713.3146089071,-307639.7022333761
13,4.251513955771791,42.927383648685264,114,222214.6797981107,-303813.6003282178
13,4.235118677451509,42.95827677181935,114,186218.18490359563,-293442.571823447
13,4.23140010390756,42.97588997822259,114,164726.97070745943,-287291.7030282818
13,4.231201081508332,42.997868293494534,114,137857.5081102357,-279741.95232949604
13,4.230045600274422,43.00954567446521,114,123636.31266268143,-275692.2342259941
13,4.256527703566125,43.04332314592304,114,84622.28769688503,-265258.3739631292
13,4.225326578999879,43.057236461311696,114,66085.88481296581,-259195.80376026608
13,4.2240393035353065,43.07024576477147,114,50597.910934420404,-254723.73185521038
13,4.220679799563503,43.104197166663546,114,10758.341557996862,-243147.12031898642
13,4.27993845439466,43.13718458196115,139,-14074.932363311827,-236547.23698268575
13,4.294604673408261,43.16506804001148,139,-38695.672171588856,-228510.17607772452
13,4.204094785942076,43.152793040363704,139,-48523.03527285625,-224778.60034955924
13,4.320135871779556,43.21360802827297,139,-76021.91769723667,-214815.46248758174
13,4.209970022134546,43.21243098948885,114,-108681.16574791893,-207597.596914339
13,4.249774234662899,43.259403718523515,114,-134076.7519208669,-201540.7092511487
13,4.206767279989545,43.24479814447193,114,-141694.82861221468,-197454.16826736284
13,4.246503337903882,43.29180245784524,155,-161998.3578064689,-192880.90082087563
13,4.275142420027577,43.37058843088614,155,-200415.27702400117,-179059.00496687696
13,4.285370875965057,43.39872686249716,155,-209771.503834328,-174566.31907742142
13,4.227306286870474,43.3937115876112,163,-248212.97191503397,-164398.68285638507
13,4.22542166304277,43.409792272207525,163,-260273.64537399006,-160146.78956721156
13,4.218098009904243,43.42490853723581,163,-276118.0285692623,-154466.52745103615
13,4.217548394965826,43.47697148262954,163,-308659.7219206568,-142179.21314176716
13,4.185913012069354,43.45555295746391,114,-325541.0756637105,-135631.42044450456
13,4.185853510054917,43.485189043330955,114,-345083.36144281406,-128270.41307365589
13,4.178573264853619,43.52972899940317,114,-380979.9336635652,-113948.71228425053
13,4.202078717026217,43.58656932288838,114,-387416.1026567956,-109651.0945902399
13,4.173654870852834,43.5794346621396,114,-417186.3201887598,-98751.53565911598
13,4.1528065630451225,43.587553145721046,187,-447369.3853465325,-86156.55128120256
13,4.148758858465597,43.596709931693425,187,-458177.8746019212,-81509.80188401372
13,4.138583991242208,43.61972768895101,187,-485729.6021684457,-69533.03934421302
13,4.132330382629251,43.63597668589634,187,-504307.7175821356,-61359.72901007886
13,4.118913820631639,43.66422588262655,187,-540435.9671426021,-45264.48319532188
13,4.108210677772905,43.66728530996515,187,-556435.9994697978,-37967.891230127214
13,4.106809018498687,43.69160957137945,187,-574932.8963555504,-29682.489265286786
13,4.094421543406048,43.71963272769753,187,-610769.7395918287,-13306.946967548645
13,4.081852138576179,43.71610509109511,189,-624846.7084995677,-6575.410631477793
13,4.082060653772462,43.75810442343519,189,-654438.0219068556,6832.863912965843
13,4.062061305425861,43.752760542126246,189,-676864.4529636012,17749.93573089599
13,4.068932347721659,43.80119218629022,189,-702991.2508133401,29456.00188132767
13,4.043159866035234,43.787768708823364,189,-726570.196602013,41303.45866437907
13,4.029927167028204,43.81996685666331,190,-766821.4748817229,60374.99081365632
13,4.0374834415250165,43.85414514492732,190,-782679.3780547364,67138.8226175815
13,4.00742653949519,43.86227999968585,190,-825119.8659288596,88512.01649332537
13,4.001288718943925,43.873822365713266,190,-840712.2198014064,96093.37834506691
13,3.985270366161105,43.90394538567307,190,-880579.2386148599,115587.9688300013
13,3.99376207715356,43.959571746121135,200,-911474.1349406563,128980.15369448284
13,3.9810154660448878,43.98865517772011,200,-945436.7276151761,145569.2815393318
13,3.982191587286596,44.02292653479819,200,-967318.4182849062,156125.5744492009
13,3.956136071540927,44.045421494830684,200,-1007124.5547296922,176151.32235084873
13,3.940763727469775,44.08049595607358,200,-1041545.4389021144,193594.41428410469
13,3.9238076561238504,44.11918394435315,200,-1075635.8053941892,211314.9498793703
13,3.9069074585388206,44.157744447712275,200,-1105057.3143850048,227205.60007038788
13,3.8826503930650924,44.213090821621584,200,-1138381.9695134792,246597.81825679017
14,0.7193112472712343,42.82761475373735,2,3311282.68344999,-841074.398726448
14,0.34094718487351255,43.324192517561436,2,2751844.89596178,-806319.6806314299
14,0.2734827301089169,43.42958629120962,2,2599535.6749089924,-778280.4502870314
14,0.22137767658716767,43.51098542555316,2,2477070.713591451,-753584.5085687172
14,0.17458283223712473,43.584088887969614,2,2365314.6032707607,-729695.1704464889
14,0.12486745673682309,43.66175483888548,2,2246136.8150457786,-702984.1494302098
14,0.10038427282965381,43.7000027599856,2,2187639.95861206,-689447.2275789004
14,0.049921787131865104,43.77883585533803,2,2068131.8027630758,-660979.7783957588
14,0.004531075957059025,43.84974576420752,2,1962461.3547030746,-634947.3864080427
14,0.4955364610289219,44.10890623821926,6,1872638.2897737736,-621041.8187347146
14,0.5046249443879001,44.20500421438634,6,1749674.5263372986,-595884.3617622915
14,0.6928584321796223,44.2692574353832,25,1639631.7480288758,-577847.3148333279
14,0.5829857218274399,44.322397228106105,25,1602827.1230927543,-568043.9047707019
14,0.4296822381463755,44.39654225757154,25,1527179.0058494897,-545739.9812179297
14,0.3968378964942392,44.41242738047349,25,1508098.413046692,-539896.3042497612
14,2.233850777024539,44.79853990430386,46,914194.6234392948,-563153.0517354837
14,2.334130864126645,44.79956999833884,46,886339.831102037,-552110.1470974414
14,2.4130328531633367,44.76223746762986,46,846848.2749440368,-535175.8761907383
14,2.4678927009133145,44.73628049270666,46,813363.405747471,-519635.17210506485
14,2.5273029772318307,44.80985853549595,54,790485.0826624224,-506846.2803135168
14,2.566538840379837,44.78516241562934,54,757262.0857518995,-491828.0314485481
14,2.580617242457335,44.7763010862908,54,744501.82534841,-485928.14495499316
14,2.6261723481289643,44.747627463234295,54,700056.2086905902,-464908.55375783617
14,2.6429305895647346,44.73707937008568,54,682460.2299375095,-456412.4247178746
14,2.698664114658753,44.860966903979474,65,650092.3003126936,-434564.6676061318
14,2.716974430695562,44.84863161695844,65,627544.8098702326,-424668.50058422255
14,2.6906127279895795,44.57812052222703,65,603724.1739880393,-407282.56066465395
14,2.764417616036755,44.8166701091833,65,564897.4070473681,-396641.9677788693
14,2.7737562339352757,44.81037887248774,65,551843.8616590456,-390713.61954150384
14,3.8098035677396727,41.8437898231049,83,291416.2465440514,-415662.65625637607
14,3.8895576913795984,41.84160808292125,83,228727.19957466924,-421576.0273067728
14,3.9290200730396565,41.817827758737295,91,183948.5442990637,-418912.908666783
14,4.044759402743308,41.99612298984102,91,67960.44861174242,-420145.1277260901
14,4.059931349439315,42.07694080087367,91,44448.39284948277,-413671.8960997823
14,4.0697739277041665,42.12937017241187,91,22736.323095373096,-405662.59018367063
14,4.107131060539862,42.09119694013893,88,-42006.40291695258,-401309.6057732083
14,4.1264945772589,42.06860607696645,88,-75690.2757403027,-398169.7586507399
14,4.130215715680106,42.10641235674759,94,-88884.24836291389,-392897.79320106213
14,4.170453886299104,42.01732000377562,94,-152582.14666500603,-388025.80325669877
14,4.170664472648188,42.06530907387752,94,-161023.2890500257,-384474.5307871529
14,4.1963593027192925,41.98709689264007,94,-197764.81931293447,-380235.9037195827
14,4.210365746987411,42.024965369106695,94,-231766.49635575392,-373395.95366657234
14,4.220352452757884,42.014817062384985,94,-249450.94529134745,-370208.3969699531
14,4.226893771612231,42.079676205323196,94,-279443.261443972,-361668.79833489686
14,4.258442500081263,41.976110656872876,94,-316172.20719867677,-356706.7977031763
14,4.273997275957454,42.02206499898452,94,-359595.0108488446,-347583.83837497345
14,4.290676406811422,41.87705981496009,94,-357643.550063478,-342264.95538907783
14,4.2851177700468535,42.07014107799868,94,-399070.36850652064,-337546.29861564696
14,4.317787617340843,41.915805240229226,94,-416762.2867148868,-331944.35471208376
14,4.333382024834074,41.899958490157495,94,-442317.5370629294,-324792.6969691546
14,4.333577793617523,42.01537236354427,94,-479677.5728426805,-320711.1470326573
14,4.356372525577542,41.87659596615882,94,-479216.3082756734,-313829.5832160577
14,3.8570824711604086,42.708120893529475,82,-111731.53293557269,-102462.45180090587
14,3.856214316373553,42.71807736008935,82,-132338.31896129763,-91056.17038812218
14,4.386275726152086,41.944700878323786,99,-558310.9298035178,-299491.27851793455
14,4.406851510190951,41.9191860245478,99,-588192.9276677968,-290103.55896394065
14,4.418205362404172,41.905106761348534,99,-604264.3629077263,-284729.74922704184
14,4.385310269412075,42.102626264331825,99,-628800.3683615356,-282274.07583543455
14,4.44805963511929,41.8680861840779,99,-645046.1715895595,-270010.0045706002
14,4.473272595338494,41.82564007771173,99,-673466.7039566602,-256643.02288926137
14,4.476760656083005,41.83249568838998,99,-682160.4707322351,-255154.74287181828
14,4.412792398591181,42.14834768078596,99,-714049.8310531604,-257601.929933571
14,4.515245424630929,41.52482196863376,99,-660136.2526658272,-194504.51311293858
14,4.526655749217839,41.77062363515158,99,-741603.928085564,-228039.80195115609
14,4.561774428703822,41.66787033009262,119,-757884.0778071145,-202183.21633574163
14,4.400713653663608,42.31582985466421,119,-796103.2365993689,-212334.3716205972
14,4.413511146349413,42.30287174781056,119,-815934.4718043472,-210064.8673583348
14,4.507951688190232,42.068761287688346,119,-861661.3376077155,-220249.11067947667
14,4.453814726548242,42.26206233993488,119,-876608.2169185819,-201495.96272410735
14,4.459842833210842,42.25595857787953,119,-885414.3595458337,-200044.6488983506
14,4.588838121277824,41.90871931548894,119,-912041.0384105196,-195190.46396261198
14,4.682872235720796,41.55872756256652,119,-877745.4888688417,-135742.04474140244
14,4.507952007343618,42.20724561242929,119,-952739.5163352154,-187100.8218298947
14,4.540529186865271,42.17425957496116,119,-995019.875538746,-177151.71429766083
14,4.552218355780113,42.16242370182979,119,-1009483.9909573129,-173386.0474218528
14,4.695394386627822,41.8195637519294,83,-1022564.2222779831,-143786.25298078306
14,4.705335407183502,41.819291807069085,83,-1036149.5279621948,-138697.87727655782
14,4.603956559873019,42.11003616049558,83,-1068770.9663684473,-155700.68277060197
14,4.731975169994598,41.81856305426791,83,-1071519.3325718876,-125111.3195278508
14,4.628405087045348,42.12203448872008,83,-1119786.4439909714,-138426.27001528256
14,4.778720170115622,41.817284306029016,83,-1129792.9756804404,-101507.17099640891
14,4.801167312690496,41.81667024583089,83,-1155994.8931749393,-90310.34295542774
14,4.560259436792341,42.39879399543797,83,-1178913.2729202074,-88927.77515998279
14,4.579811599434924,42.38863720456092,71,-1208698.713283727,-81700.5206118183
14,4.665364636438402,42.189319862260525,71,-1228542.079420331,-98677.26046367349
14,4.608956216701272,42.359089309379975,71,-1243212.1940144107,-75987.69954131065
14,4.655388970191976,42.312014059752656,71,-1292703.4786485143,-65630.9804852453
14,4.64098316427545,42.35975207017262,25,-1296890.6754953586,-57175.08810029595
14,4.658393931958525,42.35133137514416,25,-1319942.0151853845,-50113.23427609314
14,4.680672085057466,42.34055657552256,25,-1348120.172148953,-41015.57440968298
14,4.765338689113056,42.19989657180367,25,-1380804.8269893648,-37298.555310784024
14,4.744137020172244,42.2711359205863,25,-1397938.0495812483,-27591.872259639254
14,4.7534884795888015,42.30533902150191,25,-1429530.8024957234,-11119.07701831889
14,4.8238354739340314,42.23737113845559,25,-1473053.462098192,6865.808163219239
14,4.838156429457336,42.24673159415114,25,-1493274.1828243989,17616.511915509014
14,4.864154954964321,42.25181532536318,25,-1521010.7003442624,33295.85316090401
14,4.8717416745568,42.26876803198589,25,-1536615.244691159,42598.37750315403
14,4.959067861198134,42.20591082234486,25,-1568923.2082537585,68866.72891543896
14,4.969067837654642,42.252696994103204,29,-1597448.0278158963,87723.06386643987
14,4.956821642583708,42.41540425436523,29,-1638158.9179384215,132010.21896669304
15,0.42478874034202146,43.20985836696531,5,2941262.615779028,-828713.2291024419
15,0.30826449607205053,43.31277510885406,5,2745628.214142238,-797661.0069720251
15,0.23582335025285445,43.43583535066322,5,2584808.9386834176,-766607.3072914915
15,0.18331729116680173,43.525030631252825,5,2460884.967243073,-740383.619525527
15,0.1341234728898479,43.60859920411592,5,2341912.652538095,-713767.0325889422
15,0.2151407011990153,43.793936109396334,5,2222807.704378703,-685473.7905863799
15,0.04516247581918594,43.759722736016194,5,2125459.1722770464,-662343.1602763822
15,0.3934672427132138,44.01112148124528,24,2034613.852413056,-643438.541574749
15,0.2356122795704893,44.05522920992587,24,1929766.1578767863,-618137.159336405
15,0.5379708468526919,44.20060492255974,24,1800580.569179382,-596418.6453000978
15,0.5868659028234373,44.26471961038205,24,1717272.3507442179,-580957.2349728096
15,0.6532435581048844,44.358092163308896,38,1598987.1122138612,-560115.1722793923
15,0.8269642275585631,44.4007202674347,38,1497924.563098111,-548342.1998145683
15,2.239117765806441,44.80066782356175,38,936079.7642473581,-573138.5408185524
15,2.3746514943517925,44.83003786721842,38,895149.3801516506,-556780.9724850262
15,2.441370945218894,44.79686827836654,38,855934.2942801387,-540987.4911698194
15,2.4919485149979996,44.78424085876433,68,823238.8582112521,-526502.6313051106
15,2.5301244839784696,44.70526531547485,68,781820.0606778607,-507462.69763492595
15,2.5839080338039104,44.759351267890786,68,750132.7282787403,-492827.9402044756
15,2.613674975865595,44.75129460318558,68,722445.0579609657,-479782.2689894098
15,2.6421548623038857,44.743586290541295,68,693988.578780232,-466269.022988651
15,2.6825884611064694,44.71241539419073,70,646541.6985684402,-443281.68537223904
15,2.7113357498110604,44.71366872752858,70,614501.7112596626,-427953.9871173482
15,2.7320135284932863,44.71457024382952,70,590141.682279766,-416290.5471940816
15,2.7546932740018795,44.715559042510044,70,562160.735014991,-402887.5209725209
15,2.775474180577129,44.707502333921596,68,533719.4276123676,-389042.1753827156
15,2.799956642995256,44.70087595656473,68,499285.4131952943,-372310.4367331254
15,2.8312859761477185,44.736745973683384,68,461684.7981262432,-354910.01706135256
15,2.838589481177583,44.69041966504507,68,441778.6694842163,-344308.52168559615
15,2.854578353707008,44.71968833363365,69,423511.26654304157,-336470.45064639807
15,2.8810066728280863,44.720863157428816,69,382839.3856069885,-317009.07006393274
15,2.9055961576389224,44.721956239124026,69,343602.9315287682,-298248.79810737097
15,2.923056946027994,44.75173792516328,68,322207.3342688667,-287951.6628642191
15,2.921973455909715,44.667851114845575,68,304828.03473376104,-277430.10212300566
15,2.943321458144706,44.662073104602634,68,267100.6304014649,-258974.84794500924
15,2.947597509462185,44.660915756573544,68,259421.3113888213,-255217.09628608864
15,2.971771309222141,44.65437292127278,68,215269.51771851353,-233604.97863890475
15,3.0049592528060822,44.732752096303436,68,174859.01848249798,-217798.06499941566
15,2.9962533013972323,44.647746671191015,68,169339.01275011923,-211110.7398127744
15,3.0403650042747166,44.75699176508761,68,118133.68861421214,-190476.5351892134
15,3.02584825412589,44.63973655679608,68,112324.25743584745,-183174.23376710684
15,3.0382146683091964,44.63638948632864,68,88060.72533075228,-171281.29564426054
15,3.0695269802649103,44.7314721373521,147,54755.8688722797,-160761.61299035623
15,3.1112945009956294,44.8235568817544,147,17237.68745691121,-138048.95019775513
15,3.1098252466093883,44.73080766853702,147,-22405.35524764063,-124267.76180062686
15,3.1284702614589763,44.79287986972354,147,-30439.607487584446,-118190.89303412962
15,3.143840089390816,44.808892318659424,147,-50550.129544869735,-107343.13863918821
15,3.144198502159476,44.74373932932292,126,-83317.38595361297,-95442.93415485873
15,3.155875788905755,44.73017830752346,126,-111665.87616477322,-82216.10418197211
15,4.686352560684312,42.7924232466832,163,-156168.09819032412,-70148.78320292172
15,4.6942676748922905,42.840115541033526,163,-197171.9416722196,-59918.802622861156
15,4.7020524605996386,42.88702254472967,163,-231255.35802101583,-49228.379113500254
15,4.504491454529001,42.78984344728898,23,-248452.0548064886,-49032.684106349574
15,4.449603445162344,42.80611341014,23,-287094.54097643786,-38208.112666125315
15,4.495998283279687,42.903328688326255,23,-342676.9877021911,-23645.013126043712
15,4.478237929200754,42.90656490275255,23,-351680.72860689496,-20146.820715192785
15,4.311629688000066,42.84701173983619,23,-380510.3106408886,-2192.0691928947485
15,4.257878767016558,42.86294464572403,23,-418318.67626833747,16485.395571804947
15,4.234861012782699,42.86976759322422,23,-435099.24147641676,25380.355733034892
15,4.21400662267801,42.87594927399929,23,-450670.6788313579,33909.64411315616
15,5.685305214777634,41.675954307763746,91,-474323.2386977436,58562.91665191988
15,5.730901393688489,41.62845311334711,91,-502676.4005715579,67131.73631948783
15,5.78511500382249,41.57197445007936,91,-530579.2679111037,76085.26772005236
15,5.777041467975255,41.54163382221347,217,-584808.8106439444,94291.66733603833
15,5.624782232299576,41.641813575032884,165,-600950.855575288,102373.76353671249
15,5.752384343171955,41.52028773710711,165,-643756.409797377,114302.5352578494
15,5.759301857046103,41.493284101355464,21,-673806.1526863428,124552.22134276154
15,5.699922436974424,41.52124129605958,21,-702752.5688112696,134839.189487957
15,5.65114668132962,41.544206042023006,21,-725528.3628251738,143529.62710843107
15,5.555523208193607,41.58922776930697,21,-766520.1203141438,161006.48384466954
15,5.725400953588222,41.42902163300453,241,-797960.3536257644,167575.43531795102
15,5.716583263425435,41.41547484075318,241,-825124.6088354235,177117.48526152165
15,5.7008567616913375,41.4068259588841,241,-854008.7604582999,187320.59734467912
15,5.654860702341235,41.409883279609815,241,-903665.2630714035,205149.4578274216
15,5.629251257813964,41.41895808964399,241,-922137.2721207981,212013.93330043566
15,5.6683796485350095,41.354248750114664,241,-952969.2769707561,222673.89553100226
15,5.599544138554852,41.39487528165673,241,-985498.9752564437,234961.53325075394
15,5.641882804556295,41.31203954440685,241,-1028495.6067238905,250125.0812012512
15,5.5380651346270655,41.37819534526969,241,-1074275.728398146,268015.9521052532
15,5.517044009047146,41.37249208049545,241,-1103905.00253895,279216.34852565813
15,5.473958407327089,41.39153834574031,229,-1128890.217750692,289701.05831135204
15,5.488822645781719,41.333459771041156,229,-1176303.7973689763,306112.6603343015
15,5.494325779934894,41.31195754682898,229,-1192128.9303831786,311732.83768515725
15,5.5154302962169135,41.229496529460604,229,-1244475.5466047802,331092.7239092576
15,5.4802857526731215,41.21055010792045,197,-1296074.1173322557,351096.1344600515
15,5.478940413821066,41.20771360606258,197,-1299641.697655023,352490.09128872433
15,5.338733346987244,41.30076090395629,245,-1354547.4186186672,376819.3204853694
15,5.3111996860696955,41.29240177907396,245,-1385519.2137422864,389504.68986207846
15,5.357416584230824,41.173684119223026,258,-1439175.79336341,408499.9547839275
15,5.33766070707161,41.16330300779363,258,-1462934.6664291664,418351.8489241439
15,5.286039525826953,41.13617765009377,258,-1521162.970153506,443055.76450280286
15,5.248276597405372,41.11633438195206,258,-1560238.2050190326,460191.5548291294
15,5.236049870203444,41.084738294379385,258,-1585510.8212098614,471502.52553615614
15,5.163986683452746,41.072042600723364,258,-1637075.6855118887,495795.7555495861
15,5.109251306819579,41.04328082824524,258,-1679796.1429169774,517217.41191121726
15,5.059408964520967,41.01709019620524,258,-1714282.5334237348,535799.485308404
15,4.948515580790277,40.958819102291564,258,-1778208.200082414,575007.6308795849
15,4.940018923617755,40.89451811072616,258,-1802691.8807040427,590778.2473171726
15,4.793196973090406,40.877203906945006,258,-1845401.7711674832,627943.992212492
15,4.628965315195583,40.79090517532699,258,-1896382.538183898,683834.9445090053
16,0.41845856987101393,42.99807835726412,4,2777913.763938447,-770410.4791718597
16,0.28705772958547576,43.1030602717428,4,2585978.202823945,-741394.5726708694
16,0.2274219069715133,43.11308978472974,4,2498706.868451882,-725435.5549595226
16,0.10940039742948697,43.13293856371536,4,2333559.3220388936,-691733.1824399016
16,0.027590866557137585,43.14669723621078,4,2225323.6563957734,-667150.0038289897
16,0.014781095299933782,43.14885157502179,4,2208838.884091482,-663232.9293494575
16,0.1111821593931684,42.78222754003396,0,2107918.1660683756,-623423.266104105
16,0.09108519134519051,42.768110130336744,0,2065824.3437999184,-611745.613443739
16,4.354369772909229,46.05160192340995,22,1949058.0537888708,-578565.0196514892
16,4.3121549122867275,46.07111020161218,22,1861137.8354142776,-558982.9079858296
16,4.301562556046127,46.181137679869835,22,1797400.7946587328,-543836.5558361929
16,4.271619462169696,46.25458789267101,22,1711384.0025311531,-523064.56772803987
16,4.256301762262766,46.29216211003251,22,1667681.9907149244,-512240.0443700664
16,4.224262247333829,46.37075482991939,22,1577344.0600286268,-489316.58808243845
16,4.1347291267455875,46.13483676836167,38,1505387.7859987654,-475696.40452555084
16,4.1052219648147315,46.19797554995409,38,1440570.4665526038,-459706.6138517155
16,4.079899226680359,46.25276100549002,46,1385449.2022253713,-445687.9275739739
16,4.057441777897538,46.29250687877854,46,1339164.3381963847,-433729.98229623935
16,4.020918856785492,46.35714625116158,46,1265818.5009077333,-414342.25397310517
16,4.0007476294315865,46.392845900495544,46,1226373.724659511,-403693.6617536992
16,6.036479219885082,42.01353577586991,65,1043292.8244641228,-407841.0989501294
16,5.922233892656118,42.18703808764433,65,1037954.1867036213,-398519.9563584953
16,6.001898381492761,41.855290612592995,65,942065.7881389097,-384024.89396188996
16,6.050793368372931,41.65167682334962,65,895874.9714206012,-370438.0822751757
16,5.697805407565848,42.40073876409424,74,914751.6025088824,-351949.42825032014
16,5.675720690529492,42.249917655445046,74,825676.7758520141,-344848.5907268214
16,5.6717040766653595,42.22248736711457,74,806781.043742412,-340670.6884134056
16,5.662421228279494,42.15909287205838,74,760227.3552622081,-328078.19007854303
16,5.631549700330987,42.162026976406025,80,725595.8249027643,-317588.0616548401
16,5.551843836124806,42.22112960677356,80,665464.0733125976,-299545.54190091067
16,5.5352421088602854,42.23343994001879,80,652693.0762193429,-295706.9436172361
16,5.46706724366758,42.283992228711355,80,599453.6858619621,-279586.4597167863
16,5.452871123840495,42.294518781947424,80,588206.087163981,-276141.5517197512
16,5.411472350121867,42.3252163528869,80,555061.6571507417,-265867.31286524324
16,5.327157204248028,42.43773520753445,107,500233.5877920108,-246839.99174783044
16,5.331079338534371,42.37378483505529,107,484635.3608434014,-243207.83933295996
16,5.316129024039905,42.61754960974206,107,481595.3856351963,-217869.37503418903
16,0.6087993647206568,44.577243094172644,118,453394.68973576697,-201396.72579381624
16,0.6753009879296954,44.562850611543816,118,414900.8390121918,-193075.803643354
16,0.7217887003507326,44.55278960007992,118,385123.0577283079,-186572.92640092308
16,0.7895120378692944,44.53813271034147,118,337509.98738243105,-176110.23084875132
16,0.8265614558913476,44.530114363125875,118,309357.37039410794,-169904.76010035948
16,0.8990196299129265,44.50537233023972,113,262116.2819660614,-159768.6848569379
16,4.397030822790786,43.992584727359684,113,171917.8879719646,-177113.6719634545
16,0.9635946219199732,44.490320182739666,113,206210.29811868037,-147440.48417427894
16,1.0133933588303097,44.478712315514386,113,160367.2491131305,-137358.72669946315
16,1.0521951077062073,44.469667797982325,113,123126.47476980272,-129195.63507254836
16,1.0879861073687382,44.45363648783403,120,97730.06155834884,-123776.50319643809
16,1.1220458900520587,44.44543461001593,120,63382.62410551094,-116281.39943641944
16,1.1636336146178095,44.4354199414318,120,20395.180950526094,-106943.47238446808
16,1.1954151643075062,44.42776668099123,120,-13123.423171872731,-99698.35188269758
16,1.2029585597032817,44.434527400413174,112,-31941.34473441038,-95565.12100579293
16,1.2245276549737363,44.44398531347621,112,-72940.50787100366,-86631.09687705162
16,1.2594380706506247,44.42136199689877,112,-93040.45026788751,-82512.08234241306
16,1.3027159845387841,44.41127389255716,112,-140397.42555974022,-72486.36104226879
16,1.3213981357061286,44.40691907335796,112,-160900.20571612022,-68172.6472787795
16,1.3238805941101197,44.42894914597065,115,-189911.00399520394,-61948.3829298528
16,1.3581107159708443,44.42149003385338,115,-227505.90593887158,-54168.33475380648
16,2.6458374125200765,44.330193076100684,137,-275489.5933083646,-54373.846708352736
16,2.640618506744503,44.35458473739101,137,-299714.91340278153,-51485.775318161555
16,2.6329472303312014,44.39043807216731,137,-335804.96767468017,-45859.0657720316
16,2.6290569270577198,44.4086202283211,137,-354205.25487494335,-42436.809965470035
16,2.621443097679273,44.44420507221511,137,-390138.14756362815,-34772.115019044846
16,2.529918458571716,44.349743529624085,167,-413472.17026337923,-37250.13393137178
16,2.51118279984686,44.368375719802785,167,-447681.8631162631,-31899.107350635524
16,2.480501475627537,44.398887604983,167,-502855.13510224427,-22261.571299110383
16,2.4430839061835288,44.373154569786934,167,-519114.46748167434,-19871.525891223828
16,2.455275092985324,44.423974673754536,167,-547014.5525060149,-13718.093363259686
16,2.395952320931967,44.38719781999886,0,-573250.2395226209,-9770.592881283079
16,2.332166671358089,44.342390655769535,0,-592316.7935157215,-4709.023465692261
16,2.2002894681130893,44.249751581881,0,-610536.6918518364,8539.556952909326
16,2.31753897115058,44.4141274337092,177,-656475.1324431006,7344.15674393226
16,2.285324051673844,44.41934784748614,177,-682424.3021305712,13129.312883381008
16,2.261102025257602,44.44281004249396,177,-713988.1280817142,20461.32738721343
16,2.2311926528697343,44.45401039952408,177,-738193.2191423685,26367.078023319336
16,2.2065111924907845,44.4705544123338,177,-761157.1748643033,32239.546323928604
16,2.153881836031753,44.48410827289832,177,-790100.3876757403,40187.38520843183
16,2.1130903783869246,44.518033109504564,177,-821621.9221333984,49519.73942886651
16,2.0258649635118857,44.56236315627382,177,-855066.2943261617,61767.61462405675
16,2.000927807322635,44.58959809517189,177,-868421.3841264803,67105.85502307549
16,2.1770603257115915,44.700652987044315,167,-897442.7020610984,81259.89442068702
16,2.0186127181437907,44.70681968859951,167,-923018.9533855575,88424.45672842
16,2.0474928363006537,44.829504933972565,167,-960275.7106809772,110670.38113280313
16,1.97842389693917,44.89819243690604,167,-970556.3791115057,121183.55359717272
16,3.9925084926385344,43.42681824555419,167,-886851.814749895,360237.35388030595
16,3.6247715528595745,43.81232578290878,44,-858045.8083320842,529662.0451493975
16,3.6218893264575303,43.798566485578675,44,-887379.2770458987,541470.6233776313
16,3.6172828079542447,43.77657568787508,44,-935185.2874813221,560284.6392746463
16,3.821106932578174,43.05980528106987,44,-1051794.0880653637,348863.68285293924
16,3.3840460926985303,43.66183467957024,44,-1000439.8483993198,629701.978141955
16,3.8347403789634678,43.08899784835013,44,-1117750.0795956657,378026.5503725313
16,3.4773794307657786,43.10869888164782,44,-1150259.579374055,473570.1670517618
16,3.8814712568882657,43.45972621581735,44,-1189926.240100837,503604.5789080425
16,3.593708674223383,43.66403646643418,44,-1183440.3231370593,650098.4200817893
16,3.5882727906977183,43.63808641003738,44,-1237618.386046369,667824.0597124585
16,3.750119396824292,43.557124826456175,44,-1285716.664152626,609316.1025002439
16,3.57883247724105,43.593019832461266,44,-1324894.7426984368,694460.5257633652
16,3.5129052340325755,43.278293501172435,44,-1471319.478225644,658204.4765493711
16,3.524469319524179,43.33349863374523,44,-1517353.782093276,696235.3104422678
17,4.649537110920344,45.963200915926556,10,2542261.096959239,-742903.545850473
17,4.57029670285261,46.089397071927465,10,2350215.231165125,-715578.2149251204
17,4.5209746730509766,46.19292360817946,10,2209611.2957426435,-691536.3996451523
17,4.411745119011527,46.17390586095522,21,2060939.1862086065,-668172.5873710131
17,4.384837924888956,46.26111663794005,21,1971924.0876671923,-650783.9322293159
17,4.351823588929421,46.36812169679359,21,1862110.8946296605,-627290.7774209125
17,4.219330732114454,46.222595754335906,34,1735618.7169626472,-608274.0301940453
17,4.174333562913053,46.295963177846815,34,1645475.2532147071,-590366.9712102683
17,4.109215690173649,46.268002408604744,44,1555316.909578898,-572860.0828129561
17,4.066572703044473,46.31202660848042,44,1486317.2622837713,-558899.4725390611
17,4.002046498982416,46.31383094591113,59,1396976.6189945466,-540827.6951847333
17,3.9597331591015883,46.39278575938437,59,1335059.0821511683,-527375.4800190883
17,3.900428431542297,46.33028585913904,71,1265276.119370227,-513648.2906014566
17,3.844348874280734,46.395890279126405,71,1201090.5098437234,-499864.2422728654
17,3.77688221566325,46.35380854721027,83,1126892.1005691362,-484595.72362564
17,3.7141242174713573,46.37053957831287,83,1067065.033081598,-471889.92038777645
17,3.6546692511193184,46.38787193449333,83,1016885.5183176654,-461141.4517951714
17,3.565110661349675,46.412107700604786,83,952050.496811738,-447093.74274954747
17,3.4912652265819735,46.435507597725106,83,908237.7441408341,-437375.4223124409
17,3.3831735019631273,46.46701857798807,83,856759.2042576062,-425573.1066891838
17,3.2211553713848144,46.514250224378195,83,802846.8372943786,-411974.7917964132
17,2.976103423165159,46.276217416714545,120,745306.7514239263,-402427.8128041044
17,2.861257455212204,46.03691137804476,120,714886.2452274198,-389700.2030846154
17,2.9951740049928266,45.99493535452301,120,685708.8994373226,-377558.36177517247
17,3.1183820128415722,45.95972745861984,130,659766.524222338,-364868.0217165304
17,3.142892945079845,45.92429087564939,130,642639.6002386191,-356202.9358997069
17,3.1781374368969684,45.873336291532084,130,615168.9805744272,-342017.9785395689
17,3.1740513575511624,45.80796622767252,130,581675.1460283314,-324626.06114915176
17,3.234466431151642,45.79189887172515,130,564176.6574086866,-315056.31120892055
17,3.2640169000880794,45.74917639858124,130,533894.5992743658,-298796.45913429064
17,3.1125813247261807,45.672443068595506,133,522982.37682987936,-290596.5254956689
17,3.1396720420274313,45.639317726490745,133,496023.54175312264,-275550.7609332869
17,2.701767247143999,45.37112022948499,127,462728.8984490307,-260129.81675912798
17,2.6763842190633347,45.33555345060501,127,438918.43424288096,-250262.66377067656
17,2.669018225219929,45.325232196835486,127,431585.06376226916,-247241.1325843115
17,2.5831649777736505,45.25050973181145,127,380083.0164395022,-225837.18197792873
17,2.609023888053844,45.24116794267102,127,365515.11635882454,-219884.91302925165
17,4.3953770203483575,43.8115185715034,169,275162.4347393981,-220845.15926888734
17,4.398646905330436,43.82265683637891,169,267468.76853646623,-218414.89520480885
17,4.434261278698216,43.8531833945181,169,220369.92148504974,-200004.38779993943
17,4.419598636607664,43.89402507527576,169,211108.07379798742,-195303.91325170433
17,4.426220271952104,43.91658046446517,169,191738.99763149975,-185830.2386084539
17,4.405120614275136,43.97808177076358,169,153616.60133300346,-166781.82447506356
17,4.467608831831018,43.9509282666101,169,146895.3162855905,-158157.56573644944
17,4.451016467372,44.00104416701292,169,119346.39069067543,-144954.78084812767
17,3.1727744112594247,41.77417481063179,198,88932.8774392716,-128060.34132160168
17,4.377257937614164,44.055385371688416,198,77116.18641695254,-130117.81056874312
17,3.1987843571851347,41.76826100469985,198,64003.48051947815,-116732.8015235273
17,3.237921913751929,41.759362412028906,198,22688.718550853402,-97310.95066838885
17,3.2216987835931103,41.88342468428339,211,-604.4119396456508,-84097.85189430088
17,3.2711598676282407,41.80873946172542,211,-26798.51553759533,-74210.82086814707
17,3.278723584393517,41.797318404524596,211,-32919.51922243726,-71232.12985063359
17,4.338689700189613,44.16117022606036,3,-63222.8516793945,-66139.6436772748
17,4.329972719297985,44.183870212729424,3,-95986.56070053113,-51595.5415432424
17,4.348265968738255,44.21315011584835,3,-120548.78000657464,-39617.37487055987
17,0.6550504627467427,45.29558507718045,214,-159965.01033180597,-24812.872535479964
17,0.6335049776522438,45.26662478060024,214,-181213.92402159498,-17244.104701915443
17,0.5979873705211771,45.28107115638393,214,-188719.23849648453,-14631.332798335337
17,0.5573566074033571,45.235207951232866,214,-220385.6158720373,-3178.277546154917
17,0.5439477503530763,45.14624671289326,214,-255565.48806044768,10051.26448502839
17,0.5127259428958245,45.10428001779373,214,-275138.1040931724,17672.870410878026
17,0.47586424122343357,45.05473247647815,214,-293339.6968989395,25204.28210952098
17,4.278852709374116,44.357080482927124,175,-307295.28490308655,42137.05361241386
17,4.264348637216639,44.41817170716676,175,-347426.00978462346,62446.128717443586
17,4.247673799608924,44.48840620630549,175,-362375.7350024612,75344.13905457227
17,4.20497184719989,44.408283529345255,17,-403713.2354351514,85072.64812943219
17,4.208247815143916,44.42900906729368,17,-408264.96115152177,87611.20576582933
17,4.160263249535933,44.44937914981048,136,-455287.65024629637,110685.0376050583
17,4.152017901705367,44.46031828131362,136,-464053.205329356,115340.77732315981
17,4.0980994572947145,44.53185206811957,136,-501120.0099325986,138897.73419537465
17,4.090467101766492,44.541977940613684,136,-503566.6373682813,141283.1005568114
17,3.676665261882258,42.89588658297677,275,-537205.7644404233,156859.06626447296
17,4.152240472070762,43.1347706853098,275,-569524.6057859763,167825.6475770531
17,3.949012700258913,42.94776239245693,275,-625136.7088716958,169678.39488454701
17,4.1315139940273236,43.11859136475207,275,-620372.5368538221,183845.25320862143
17,3.654120613742342,41.610186429574256,275,-616043.9819730722,229476.40879485954
17,3.9482142299489604,42.9755055189579,275,-706122.1681359126,200569.59003662827
17,3.43952742052387,42.946765451542504,278,-679870.2600297986,255544.6886093605
17,3.911033819332907,42.98452131607141,278,-765743.800748823,224367.3975734541
17,3.704189091275772,42.959713226617914,204,-768350.3243664992,243899.16053351812
17,4.049225021565997,43.127365633703995,204,-822777.3067041413,262204.01596243057
17,3.395278486121632,43.00372722116547,204,-804031.3694866414,320299.0568374913
17,3.872980621886362,43.0152235495091,204,-887629.2479310344,275106.7739693676
17,3.7196493593231352,42.99556496095136,204,-892789.5907057712,292632.28710816987
17,3.865691379148587,43.02840726675218,300,-931707.8443705795,293917.11750496406
17,3.895570543994828,43.05467842727773,300,-972947.8369916293,310994.2689730346
17,3.8618249732862484,43.05490432069926,300,-1008232.31162063,327082.60351421236
17,3.844003083870911,43.06627199955099,300,-1054527.8114871143,348309.5560756997
17,3.5126675258497886,43.0595212498787,300,-1044854.4026479773,404283.40420979983
17,3.794808777699653,43.07733203125817,300,-1121300.8059618187,381744.2556261928
17,3.782437434248916,43.08011339888941,300,-1136215.3122272806,389745.938972364
17,3.723817753079106,43.09183724471116,308,-1191837.689498224,423191.19874832465
17,3.829844314217808,43.132386563154924,308,-1224190.86579067,428612.78656621405
17,3.8172387816716764,43.137748550484105,308,-1248008.7881630817,440677.6798160082
17,3.767458653484377,43.152657273907344,308,-1318952.6396399266,479323.730612402
17,3.766915598305314,43.15915441101297,308,-1332308.788566415,486308.7336590489
17,3.734807971010697,43.17281196098904,308,-1375938.087536523,512833.36636424734
17,3.6829306200091008,43.194878914346546,308,-1427444.468278916,550413.1550207541
17,3.643970013134881,43.21145150099707,308,-1449350.2625345394,573666.9942362565
17,3.729703131858384,43.2645047380306,308,-1500410.2284655585,590422.5210726137
18,0.6952206960474334,42.79296464978398,0,2818856.012085048,-693962.6058564304
18,0.5899269971011721,42.81701856980648,0,2606946.977192785,-671316.9453996439
18,0.4849982907905309,42.84098910873634,0,2407170.9629977136,-645645.8217040014
18,0.41237617916920627,42.85757933666342,0,2278441.8945227126,-626719.9130029345
18,4.475234008472372,46.02008664327215,10,2177525.965523491,-604848.4907769604
18,4.4139715059515225,46.058489553781726,10,2052736.0642949226,-583083.1807933133
18,4.364745185735421,46.08934748305634,10,1952069.507010101,-564865.5816401375
18,4.318765194289325,46.10910707866773,32,1862255.677878791,-548175.5517674952
18,4.291675278322496,46.191396069188954,32,1780703.1959532811,-532234.7905528214
18,4.263971291130774,46.27555037746408,32,1696366.7742191064,-514542.1985588628
18,4.238615253726914,46.35257249610545,32,1619146.2157806177,-497341.16151322983
18,4.152073801603564,46.17609023217237,47,1546142.521580524,-486491.11088365887
18,4.114972512271539,45.97848345166037,47,1487964.5288379153,-470641.24373877473
18,4.087621723394368,46.286591746519676,36,1413260.0271696453,-458214.0900536708
18,4.0509985700849285,46.31652451471934,36,1349400.563911564,-444314.4489556493
18,4.010189233117746,46.31918185307228,36,1287276.8778175376,-431115.36198275175
18,3.9800952124301485,46.37447511638725,36,1232801.3921923537,-417975.68289434747
18,3.960992350284532,46.39008823248689,36,1202982.6577880974,-411014.3170620286
18,3.895859336719591,46.19888066407399,75,1119579.0798747288,-395724.03413044364
18,3.8802445931463145,46.214535244219654,75,1097142.628940864,-390599.37585396937
18,3.8359802943939867,46.258912470727296,75,1036112.7673608906,-376190.9807508164
18,6.320237063254693,41.656720443537345,87,933253.067046756,-369028.1207086659
18,6.310591264896242,41.65293600486418,87,928408.5787849586,-368132.8255999968
18,6.238664847756931,41.501017633799385,108,848574.545475679,-349653.9988492015
18,6.2098733420554755,41.475506596477366,108,827475.0286536053,-343741.3991240247
18,6.531003112650911,41.0452103740418,108,797423.4294893927,-326328.4477570199
18,6.064373190120626,41.490611884167215,123,746748.7868440119,-318235.69308723585
18,6.022121255873598,41.49249352987636,123,717022.9861923845,-308081.0294718552
18,5.8885859096803905,41.75182374989494,123,687810.5496951285,-297250.0007141611
18,5.863712369454716,41.743375367518134,123,659753.1288069983,-287692.3226851836
18,5.783089145916735,41.871063295481505,123,634441.9648065831,-278891.32931142807
18,5.565177683992501,42.20124129050097,151,594580.9215096307,-267302.0800426734
18,5.490212769855494,42.28481982137413,151,564159.3091182618,-258124.34628188264
18,5.480634163214559,42.25705269841517,151,536106.5193923798,-250008.108698396
18,5.41348880708823,42.32411100429914,151,503439.8387813594,-240209.48189192745
18,5.349091071895192,42.414232760246136,151,478270.56516579346,-230707.61141207413
18,5.316629007960257,42.44281787499488,97,454658.05007144314,-222614.25547902973
18,5.276641501783419,42.47486897897829,97,422774.9320498893,-211548.41103891772
18,5.2679285545929275,42.48185264970708,97,415558.7351055218,-208984.8471728583
18,5.225717502714537,42.51568598772572,97,379135.24908745044,-195726.4551484422
18,5.21513790899011,42.52416582783038,97,369613.5065735996,-192176.59729666827
18,4.358685922368332,43.80026055931011,151,293766.5801685099,-194020.70051175024
18,4.328891426929043,43.84195662577106,151,288294.7089056971,-178774.3113456686
18,4.458227983035587,43.73779904334253,151,214600.1753932043,-177781.89348018693
18,4.459494804420469,43.65918302858082,151,209106.47962933176,-174896.38007251892
18,4.496478127003883,43.68560814426283,151,168101.41779185602,-158826.74842082194
18,4.501326514351805,43.60064141773105,151,153904.15492844078,-147059.7077967945
18,4.5091736571880405,43.58965969159661,151,142578.38500749937,-141043.3090129705
18,4.534832117653073,43.70188916224508,50,127989.40353993703,-135157.73867918956
18,4.550374809727088,43.61666143065973,50,94947.63903876558,-119714.85448768658
18,4.565400221462161,43.614996795111274,197,77713.00810795548,-109126.72157061777
18,4.564391034369205,43.585519911087815,197,71834.61287505673,-106130.51350556707
18,4.585766383734668,43.59935198891323,31,52355.49290292236,-92658.40353895072
18,4.582466241694167,43.502981402525826,31,22996.656679296644,-78983.26461154349
18,4.576764418108793,43.44712084875695,31,2591.9992607631257,-69025.82035815957
18,4.600711120823312,43.45316832173815,31,-25989.32308981726,-55340.59719742581
18,4.601504333801964,43.445409417624774,31,-31708.319837381674,-52904.72112723296
18,4.4977887919638375,43.29062349633931,31,-55220.14831765579,-38777.48980568778
18,4.606747138324405,43.3941263213196,31,-73962.90684807577,-35918.813277831076
18,4.551996177208739,43.278728549621235,31,-121100.20610717297,-20251.6224832277
18,4.572742978838462,43.291445499988015,31,-127979.57817130591,-18245.898542081653
18,4.574471175128809,43.25962934495679,31,-162091.49065650237,-6039.637723658027
18,4.617926816496824,43.284771011595,31,-178516.60973474852,2068.0343248563563
18,4.5941948523905705,43.235216174999735,31,-200294.6372077877,8042.884468745937
18,4.625301469495996,43.21263499386727,31,-237533.19597355166,23306.864013564973
18,4.630316672943311,43.16357820369363,31,-262603.6281467692,33502.33582830998
18,4.6313704768917034,43.15327029899475,31,-265828.39682930213,35088.54712083095
18,2.713174060824393,44.621645977315225,232,-287957.1122317544,63563.657842983695
18,4.309411752595006,43.09094828268772,232,-303824.9312712975,62363.87525479127
18,2.7948446784866716,44.537020119172496,232,-322657.55145276646,86657.61673996337
18,4.188296468348895,43.0931464608975,232,-348696.42744666885,83800.77521147295
18,4.138807473491651,43.14442620847739,232,-368162.7323802065,102303.828399045
18,4.122200315600017,44.657512249777774,190,-391007.6988165242,112352.9644426337
18,4.140754771094865,44.61663763544384,190,-421865.8922567594,124126.06647410797
18,4.214362258790999,44.45448371653714,190,-431684.61942981347,147437.45465330352
18,3.7476000830351066,44.80696753080149,247,-444104.0576874127,164128.1209167308
18,3.781022338184232,44.77615760223127,247,-480060.1641328599,172389.44633990902
18,4.122967632875408,44.46093919290047,247,-536442.0375397173,181236.84648339028
18,3.877063700110497,44.711347045540975,247,-540947.5518885241,181208.27951530373
18,4.0740114451531975,44.50606890183427,247,-575372.6279941727,189696.70580359222
18,3.916795653733389,44.592791660659536,38,-610071.1914047898,207190.30992922705
18,3.9045736321880575,44.531586513944895,38,-620176.288925347,220000.51517454768
18,2.5089268919696877,41.22305771979253,256,-638895.1081962781,254534.9307344132
18,2.4834700867132846,41.219067165866626,256,-684780.1954013673,274225.0131851039
18,2.46153118506677,41.2156280709286,256,-721928.907738032,290435.17296038906
18,2.4695627167733103,41.137638412857434,256,-745871.6254265386,296556.9069849885
18,2.2002909056453794,40.981876804355416,256,-755636.8357392837,300050.60208631173
18,2.403384393066809,41.206513105136274,256,-807170.6325309604,329026.843113679
18,2.3871520276386518,41.203968554516756,256,-827014.9098071174,338466.0462354563
18,2.3455348652605434,41.19744473783826,256,-868954.5926759428,359612.29540267383
18,2.2882318338953676,41.188462038144515,256,-903871.5898331836,380886.1360195057
18,4.248623287087473,41.12031471045023,268,-922482.3100465261,490528.5080901816
18,4.1533961582873555,41.130228838195876,268,-950854.4542388744,518153.87510284316
18,4.212234968991786,41.04944402861527,268,-960409.3936892097,523545.43510182627
18,4.253020352709905,40.754176673445194,267,-1005398.2393975188,574334.1781590534
18,4.118027071320023,40.90753050060194,267,-1038821.9623257313,592270.6245449203
18,3.973886268716852,40.87251195230114,267,-1084418.6908685723,637386.0291749657
18,3.99916084709948,40.69551450464271,267,-1142158.3590972174,678194.873232587
18,3.4180326942375356,40.61996592446692,9,-1190419.6541327736,727704.3679654753
18,3.4626815086405394,40.58672091090462,9,-1218946.2770059626,747054.0585175229
19,0.657812949380858,42.873688583478916,0,2715117.3394953986,-670947.5998440216
19,0.5215860480369552,42.9409423784965,0,2451453.7262793523,-639175.9925390547
19,0.4325273491032913,42.98490972579377,0,2285092.369113226,-614695.7963181686
19,0.3104813836749068,42.92956208430942,16,2093906.3609734608,-587977.5365154295
19,0.23041583605961755,42.985614385487345,16,1971078.6693005878,-564409.7861038373
19,0.14843126831406722,43.043010154580145,16,1844250.3928829636,-537526.4674072238
19,0.08246996666238025,43.089188353023665,16,1742372.7990883614,-514351.5139270954
19,0.0,43.10710045475775,27,1639050.8974582874,-490613.4040587206
19,0.0,43.21782157788785,27,1565187.2710401113,-469075.6811355832
19,0.0,43.2879320613974,27,1502026.0434439145,-450635.11525475106
19,0.010496348365628995,43.377030440385916,27,1415110.786255091,-424561.9073667314
19,0.0,43.41492356030519,27,1360778.5655418418,-409565.90639282
19,0.0,43.4699160605027,27,1290908.4906835097,-389339.5746675815
19,0.0,43.51854940477297,39,1225713.6560153908,-370512.3876670325
19,0.0,43.57541214703637,39,1146256.520225488,-347617.3510156724
19,4.235667905297237,45.5052007434396,58,1076109.229463362,-329944.61959665094
19,4.2194084653422985,45.51947753238924,58,1026297.9060715402,-318480.90929407685
19,4.174139007366788,45.46311294022101,58,935062.4579614006,-299718.0990257826
19,4.152566299613144,45.44528906579581,79,882661.3521473975,-287555.44671623793
19,4.126109288562071,45.47471688132106,79,808926.5905667483,-270515.31116764015
19,4.102565233440323,45.461075645287686,79,752568.6984677085,-257066.60933687608
19,4.084191659687919,45.53546382211868,79,686247.8156607865,-241352.282623938
19,4.055829133153142,45.51504719769456,79,628524.3937956719,-227949.2234803717
19,4.033461069119589,45.52590906556001,79,574950.6361774267,-215144.23905245936
19,4.007676246041499,45.49103445731176,79,526524.6399208906,-202912.54294838794
19,3.987842726955245,45.497296392298836,79,483626.1855281657,-192478.64185959843
19,3.9673701654735307,45.50376008885515,79,441121.0147034341,-182089.9251426476
19,0.7554334478103858,36.28538433018586,123,339402.28802889684,-177903.59413505474
19,0.696160229223166,36.20678858127558,123,305992.06953429047,-164622.13785250124
19,0.6522700922710699,36.1485906587442,123,274334.6387975782,-151154.72523887057
19,0.6027550126593867,36.08293411339047,123,233105.84750829224,-132851.57964671188
19,3.8437422896515674,45.62647275048097,115,197431.6691715996,-122321.47181405533
19,3.8172387599913096,45.64045820333438,115,156491.20997273206,-111827.88120666593
19,3.764827897616277,45.622714967615785,115,105743.85662009649,-98689.64509109122
19,3.740268668732226,45.66149676622581,115,63651.84888616045,-87555.86986630564
19,3.7191112213603237,45.69223840328272,115,28038.32444207183,-77710.43286568807
19,3.6906451701060146,45.70725944473807,115,-2997.1633979793787,-69055.45161543354
19,3.6454371650850796,45.73111492477872,115,-47210.93824038135,-56285.250391408525
19,3.6210104837616464,45.77206472102249,158,-88864.88633313093,-43551.32680302049
19,3.5835465035408167,45.79612173758737,158,-122976.08684747908,-32820.60475441849
19,3.571306417764429,45.83478134495138,158,-158185.7865230969,-21294.00106492609
19,3.5293698900036605,45.85997855594357,158,-190844.93247080798,-10220.218694470996
19,3.499669375186369,45.88847123642111,158,-220835.26651692076,327.8586188555071
19,3.5055938430600055,45.929623809777986,171,-255939.39455000023,12419.917630796075
19,3.483201062929886,45.961215320486026,171,-287188.27187738585,23760.792247502333
19,3.5637669050228236,45.99824425428466,87,-307381.2821647512,31307.912857133313
19,3.532186174332589,46.027862807212955,87,-341906.0255789112,43593.20309184194
19,3.5017552955745614,46.061476134847716,87,-377335.57285162836,56682.018548866676
19,3.4646097066166766,46.09124060569975,87,-406808.9850515429,68030.67998902459
19,3.4480742976054755,46.106748634687214,87,-420888.1453778559,73620.76862064339
19,3.527215688981032,46.15546890909016,157,-462413.3450352909,89471.78750888293
19,3.5209973379442205,46.18682755069475,157,-491644.0145050425,100845.9022635269
19,3.485876653241483,46.2145051860323,157,-517247.2508497854,110742.85041737562
19,3.511053365092261,46.23697420194433,157,-536783.0506068385,118663.7977182371
19,3.4836683293701194,46.26439580099951,157,-560073.9352335288,127891.56270393802
19,3.4829247510705845,46.29780846552103,157,-587757.0532206816,139136.0797518404
19,3.482767924293799,46.33357664428669,157,-616417.462656991,150918.41379512387
19,3.484976658373144,46.36847692596106,157,-643489.8413976241,162189.95745174214
19,3.4558796918066585,46.418337526971,157,-676378.4811465566,176239.853618421
19,3.4624984729513844,46.48183259796958,157,-719425.0096764928,194791.73758673234
19,3.455562947647973,46.51680789142629,157,-739601.4404681894,203792.610149914
19,3.447049884863107,46.55973857887826,157,-762227.3024599601,214124.82738828383
19,3.453435804079679,46.6057283199196,157,-787088.7503153621,225493.1417456521
19,3.580458743009677,46.647812367344365,68,-823614.8194271324,243271.2243264564
19,3.522008731427681,46.703212207055316,68,-841581.1732213768,251197.2176387446
19,3.503462880301736,46.79657641569366,68,-869540.1554196362,266052.1355302026
19,3.5798484867505103,46.8565960082988,128,-895068.9030618562,280335.94555534824
19,3.6311254325428166,46.992914719914864,128,-919306.2311903217,297992.72053887835
19,4.488985230390256,41.240531545719634,128,-873303.0659107068,373514.3987054993
19,4.466225881099144,41.21205758504621,128,-909593.7940258327,395777.39265097445
19,4.447266250811599,41.188337409206156,128,-940624.8729404431,414888.20579095866
19,4.439594214544694,41.17042696008518,124,-959141.2278990677,426307.32842513407
19,4.406582475682358,41.126600835718484,124,-1016993.4914747437,462058.7527431528
19,4.393563923675436,41.10931750866598,124,-1040276.7125617677,476455.25292094477
19,4.378516824415509,41.11018024643624,335,-1052400.112574841,484044.5275526385
19,4.351939512736017,41.07884735290761,335,-1098011.0536768169,512278.88003554905
19,4.360577347372295,41.03714224329847,342,-1120719.0126761172,526047.7214580794
19,4.3479855855551435,41.01400192216577,342,-1148764.255246505,543272.387176407
19,4.331747395302234,40.9840010037422,342,-1185394.4836769674,565694.5084766906
19,4.279022363260164,40.99973343873186,342,-1221344.2766778348,588355.0052901851
19,4.253859675183312,40.98819145768821,342,-1252109.0823655287,607540.8892639587
19,4.273062112990853,40.922661364569265,342,-1285971.1200944886,626856.7774129263
19,4.190186028715468,40.958984720384656,342,-1328862.7022283457,655565.2213180294
19,4.156080331860854,40.94334063238523,342,-1369164.2019018277,680815.9561673269
19,4.210714709426404,40.84682638077432,358,-1403188.0774564045,697117.3166445596
19,4.1865594719980175,40.82833773815053,358,-1440594.7431856391,719417.1419878232
19,4.158225693595352,40.80665080153394,358,-1484435.8638496685,745430.071367813
19,4.1034683269485335,40.813918829799874,340,-1527015.3638639576,771961.7099770929
19,4.0778564008852625,40.78495011050394,340,-1573954.9381266392,799255.895261163
19,4.052214838822124,40.75594787100499,340,-1620901.2195658693,826325.1139219521
19,4.06238735894683,40.70681984511349,340,-1653265.6887795383,843530.5337393481
19,4.006787192951789,40.70456631078021,340,-1703502.4680008343,873435.3032517743
19,3.9771793299482305,40.67107793235121,340,-1756552.4951511503,903380.5892957853
19,3.9780248775851583,40.61256299098636,330,-1802323.9988672,928130.8078743239
19,3.951868907669408,40.566072729168404,330,-1858412.4123532264,959527.706728706
19,3.9269836267858085,40.52318869947318,330,-1907742.0212970497,987230.32047585
19,3.174818700078403,40.49176277373754,376,-1961717.1441089746,1017530.7749292495
19,3.782898568798855,40.51937194128894,376,-2019500.2804856962,1050152.4149594987
19,3.2763529366140505,40.44888881681315,376,-2081557.725723645,1084868.837074641
19,3.349604679912753,40.417957456180694,376,-2141072.58700411,1118820.8437294525
20,0.5089631809258831,42.86909965215617,3,2435456.7510842304,-641345.8789125608
20,0.37963065824890263,42.898464827871756,3,2212034.540491357,-609646.6645164533
20,0.3266887305851304,42.96726677099099,3,2129884.6564015215,-594909.3298051729
20,0.23953297197310047,43.080532113058275,3,1964386.1580722388,-560334.3626566576
20,0.18365047265009446,43.15315554611875,3,1844427.960682421,-533044.0191514092
20,0.1526909437869196,43.19338973927791,3,1774970.4882039863,-516667.2581727913
20,0.10941630502177072,43.249628326843784,3,1675646.6881897761,-492659.86703641893
20,0.0887100768929078,43.2765375988103,3,1627572.5968298563,-480821.1566746246
20,0.05389544035163786,43.32178178897734,3,1546464.9198492202,-460557.5174918273
20,0.0,43.37390145000782,23,1441697.4142186386,-434527.8532647162
20,0.0,43.44781447491687,23,1355058.3747900925,-409500.29603497044
20,0.0,43.48081273249333,23,1313771.3503029458,-397603.14978251734
20,0.0,43.552970629622784,15,1219037.3283518206,-370367.4413684985
20,0.0,43.567999540222615,15,1198671.7421002074,-364522.4975512162
20,0.0,43.64292438480371,15,1094795.873502775,-334755.6509329991
20,0.0,43.67247252634869,15,1053059.208265848,-322813.49469834863
20,0.0,43.715608596276255,15,991716.8857948947,-305275.6867668368
20,0.0,43.731303652134514,15,969339.1252312232,-298881.22742454894
20,0.0,43.79865084705321,15,873488.7735156481,-271504.7638339293
20,0.0,43.832053939261485,15,826330.9817775754,-258039.0147926288
20,0.0,43.87521070890799,15,766099.2913149946,-240837.6900267241
20,0.0,43.886148983720545,15,750990.9161359151,-236521.88645075055
20,0.0,43.94677067018712,15,668710.688295912,-213003.94102635822
20,0.0,43.966526644749315,15,642509.4905937256,-205507.8609425302
20,0.0,43.989724246635774,15,612183.0445219036,-196825.7318402952
20,0.0,44.046876100608834,56,539712.9765893875,-176045.43134853567
20,0.0,44.080279465012765,56,498987.14867058804,-164341.05017672607
20,0.7342089340903059,36.272730833959294,73,332850.01031714975,-175479.71989385525
20,0.671954283809228,36.31760669229884,73,311570.77115652704,-166363.05159407284
20,0.6056964740404686,36.507745484005724,73,286588.3406402484,-147339.45884312986
20,0.5687544808100493,36.61375722783774,73,261017.62879379618,-127392.92601491205
20,0.5659423236254016,36.62182722246998,73,258797.62060501619,-125640.92371328283
20,0.531399668820612,36.720953629905615,73,229764.1547890658,-102282.06231755146
20,3.775021576341438,42.723855849764746,81,149463.415377651,-94415.53701698985
20,4.515639110034121,43.5187712102008,81,106928.16060129438,-82380.27273185921
20,3.8791040640796934,42.835569068115134,81,80215.5463645776,-74002.92715439745
20,4.589916508741839,43.598494201461364,81,23544.682722126916,-63813.3296365888
20,4.590054421010077,43.59864222466555,81,23466.79358324683,-63762.415303643094
20,2.7679900205420305,44.9674136655354,93,-5615.485479758876,-30765.684124458472
20,2.7145404114378526,44.9833748055636,93,-27208.903043140715,-22093.999484423133
20,2.6613404297443313,44.99926140177149,93,-45882.93079565095,-12635.196691464425
20,2.5915759447066673,45.02009449547121,93,-64393.89765266516,-108.26425695429998
20,2.7535581776572733,44.81915706262809,103,-142524.6224459234,7936.37131754427
20,2.7025934362828283,44.82878248543433,103,-155196.9116792062,13563.84877691493
20,2.8244911718325985,44.7116151673332,7,-204804.24969637828,30937.626197803438
20,2.803800321546778,44.697549926338446,7,-225207.0815303917,38001.51650509254
20,4.258033452525616,44.57943080480412,27,-250476.46083906462,48752.5110401509
20,4.251962832307097,44.56138870636428,27,-280851.4900502859,57322.37508092645
20,4.247510245693712,44.54815546114405,27,-300869.6246162799,63122.59621041209
20,4.238879686148636,44.522505132298235,27,-334299.9816913214,73253.81086210119
20,4.223939242076704,44.478101603008376,27,-376055.3697899705,87658.16142767048
20,3.2749959095992627,46.11352124857734,116,-406407.24943013187,99540.72194928638
20,3.2835648115061717,46.12745167644753,116,-435791.0237799214,108261.85969559858
20,3.271451980376714,46.135725236848685,143,-465929.1717130288,117175.12413000838
20,3.2775301461611686,46.15206968714883,143,-503483.5025340763,128303.38014232747
20,3.3056021188765965,46.16853826189053,143,-524689.4983700082,134623.45084291373
20,3.3224616080955114,46.18473763519424,143,-553234.3337655198,143118.73386597377
20,3.2945711367087545,46.193231771696624,143,-596386.2271030914,155811.18076631625
20,3.3618901176260088,46.22262236209194,143,-618105.0092757469,162455.77649366687
20,3.3083572034129727,46.223277479500915,143,-662293.524337357,175304.44812518527
20,3.3624046930173583,46.25562134096427,116,-699811.2325392467,186494.4890886473
20,3.3659225064235514,46.26134023545601,116,-711030.7623272606,189810.42895028106
20,3.375273582984302,46.27654224137851,116,-740523.6648462291,198522.56774555508
20,3.3392863408108897,46.28259365375669,193,-785539.9460014345,211698.95572607734
20,3.3416896354602064,46.286814062461346,193,-793888.421564191,214161.12644819063
20,3.370457591631039,46.31864923512802,193,-846358.2148275754,229631.48820706212
20,3.3857488355931906,46.33633651672371,193,-874797.8657635167,238010.98989993837
20,3.3913005912858187,46.35027366107493,197,-902359.6988744456,246114.76228384822
20,3.400038416565073,46.36116378118436,197,-919587.3705225679,251181.8891755415
20,3.3996976988070506,46.38458939305624,207,-973074.955373582,266887.50151748094
20,3.4035641629753526,46.391240236426015,207,-984396.6350416604,270210.24437421205
20,3.3922051099392863,46.39943799427343,207,-1013108.4024913145,278661.3557624539
20,3.431045632802835,46.438512096047056,207,-1061116.0897147309,292695.2990372302
20,3.5019129636798256,46.488131993378694,197,-1091529.4386237976,301563.039074367
20,3.5551227965609207,46.52540505910206,197,-1106479.8692691668,305948.2293256517
20,3.5588909835333054,46.55914479804933,197,-1163329.5453149113,322461.18106779613
20,3.579633256697963,46.584996293002206,197,-1185076.0020203574,328770.9164024527
20,3.602551559967273,46.613559816228026,197,-1206411.179591994,334952.88259277906
20,3.750337886942952,46.761083353958945,214,-1236874.9115217456,343825.6592283953
20,3.4682102547910385,46.565486252463096,214,-1271175.3961541604,354187.8431670915
20,3.681839686655712,46.746733799189144,214,-1303908.0883516653,363243.9955688952
20,3.6762183116814797,46.775315871195936,214,-1345825.2736450154,375484.320732722
20,3.4951945263672046,46.64243103142459,214,-1371055.5400282394,383391.62330992834
20,3.6068066693527854,46.76418447575427,214,-1415141.49274018,395898.83251199784
20,3.649639244417588,46.83071033460327,214,-1440046.9636799558,403187.2153570798
20,3.532846941745333,46.74979567791723,214,-1481096.3154416285,415625.7219295189
20,3.611532167236405,46.85620271790366,214,-1510758.5551599476,424174.0066598598
20,3.5693553525984947,46.85389823245174,214,-1556466.280425547,437869.82806097256
20,3.596583951087885,46.93153970171593,214,-1593984.7149322708,449127.27802826156
20,3.6312499863327545,47.03038878170161,214,-1620745.0900868017,457508.17431461334
20,3.5602454443728933,46.95895174825432,228,-1654065.2544150727,467323.6928442807
20,3.5826895847202804,47.06818167594302,228,-1692177.5645543605,479323.83229942946
20,3.4111432849896373,46.889001330179774,85,-1748536.9694546766,496656.44655301527
20,3.468058417054698,46.99712389309757,85,-1770770.035418041,503232.90860817983
20,3.423214528767761,47.00461357424842,85,-1815280.1556227026,517192.836425212
20,3.43889204061423,47.15476482289337,85,-1853584.203537083,529988.404813237
20,3.3555839201748636,47.05031340789864,284,-1890150.9536752296,541147.3726475833
20,3.3084981889586444,47.087011401253825,284,-1934556.060789229,555780.8668704983
20,3.1978329950900255,47.020758625620864,284,-1975658.9078842099,570140.8076046198
20,3.1116516840382897,47.0458817997497,284,-2018149.8063363056,585678.855052921
21,4.627233829196477,45.30477966107235,4,1637810.8851881733,-411798.08097263076
21,4.5331092400277955,45.21554480143345,4,1451748.8287632742,-383143.8858789927
21,4.464513907269566,45.30686970452426,4,1355509.459946631,-364585.68273547787
21,4.4641300150094985,45.15014901573205,4,1269109.2692027073,-346889.9478606023
21,4.393888151539844,45.22627493218617,22,1189244.793665643,-330242.70597568393
21,4.3948718679176215,45.16342660786312,22,1149513.0593055547,-321653.37133414554
21,4.395706144320083,45.11012580378841,22,1088153.1883392679,-306746.2613774134
21,4.389859960661034,45.48363066246139,22,1057569.648505629,-283347.98496429936
21,4.396865028141998,45.03608626562698,22,960555.3760770306,-274502.87842163455
21,4.301886046894862,45.12729159584818,30,903038.4167396203,-261401.93786742445
21,4.2689614784716,45.16237095743288,30,846006.0302284367,-246162.86462891754
21,4.479385654620904,44.93817528487583,30,860164.6262852472,-242214.24417677656
21,3.9980926212384174,47.668386026134286,37,791016.3175827031,-215561.63426841333
21,4.079079567067388,47.53972557443871,37,740239.8064426407,-203878.26267169236
21,4.134571991987338,47.45156716344046,37,694092.0580978752,-192643.13100520414
21,4.173343016224648,47.38997331717286,37,657123.3864761592,-183401.72522258342
21,4.190443072511995,47.30570236400915,67,608415.1997068552,-170801.61422294696
21,1.5388904912320043,45.4651144059046,67,525771.5787210366,-165911.75383417055
21,1.7504600660504739,45.66112843959526,67,457533.8425809743,-162011.8029280949
21,1.4025430291512826,45.62347834720648,67,458290.7584776038,-151252.7915786506
21,1.966847234817392,45.68454493270072,67,369184.7919520696,-144914.24491779087
21,1.8388904619341568,45.868756565645924,67,321740.0235392188,-136761.3495281509
21,2.0922812199802263,45.69811886162402,67,298506.0918396073,-130281.4493972918
21,2.1506677413746846,45.70443720103145,67,263585.2755737462,-123063.64171824088
21,2.2226443072285798,45.712226196874774,67,220578.20403442255,-114247.908031668
21,2.289688430177195,45.71948142486141,67,181960.65060372645,-106424.77610388551
21,2.34833835644044,45.72582826881618,67,150392.74661249263,-100103.59180890392
21,2.3985673155629326,45.731263831755,67,125665.53183971804,-95198.77980625727
21,2.7354606054745694,45.720141561107965,67,81484.33032404125,-87950.80679191888
21,2.629900435386703,45.756297711704015,67,51727.44659819913,-80583.20467888218
21,2.681677524501953,45.7619008066435,67,46019.96396339328,-79319.40605408206
21,2.3148676494761946,45.95348673466246,81,11893.396980528274,-67602.16429260686
21,2.3265330285774946,45.97016405898685,81,-7847.920666826525,-62329.88266609799
21,2.7593419997346413,45.86203381606704,75,-45538.127958726494,-53344.825256357144
21,2.7379709064180484,45.879697933268126,75,-64966.97579156051,-48091.04200784688
21,2.7205904783624812,45.89406359597104,75,-79860.7155782718,-44012.28366358715
21,2.682028794386345,45.92593646719646,75,-109843.97245950959,-35639.88284997534
21,2.622527272448902,45.97511700473733,75,-147511.62147905215,-24686.94026127844
21,2.594655914990522,45.99815386660514,75,-161548.7605098205,-20401.29452952962
21,2.563547363781058,46.02386640673492,75,-174564.4861502359,-16248.273119583311
21,2.3970458577431955,46.161486980153484,75,-202041.35438694357,-4168.412863365673
21,2.632424764578619,46.050486574579146,113,-228047.1814844198,727.3508470573277
21,2.616307999129922,46.08254821254328,113,-253539.72952141156,8993.761938629868
21,2.6491189223135416,46.07051805987898,113,-254460.32978828394,9395.406522598265
21,2.6268356793908363,46.11709220917223,113,-290950.478803778,21430.27429718574
21,2.593790961183337,46.159971421886894,113,-313776.51386200025,29374.612889645425
21,2.698073607901285,46.1292592722408,113,-330824.4023558304,35322.99281798533
21,2.71110338028799,46.14489382524844,113,-350555.7297469123,42240.26867422207
21,2.6333511608140228,46.19891265356359,113,-365020.62488699047,47069.56560273839
21,2.677351228785062,46.20537091673581,113,-390241.85298877564,55975.88911839362
21,2.747230306190982,46.188242881645586,113,-402999.4282517269,61121.44230824581
21,2.757535281266168,46.20060792335727,113,-417182.2894507357,66368.99003363441
21,2.716566108247774,46.2552997012235,144,-443877.3920192869,75861.92700683179
21,2.6771184504313563,46.28917260147079,144,-448029.07271329674,77792.75944351415
21,2.7717349996064224,46.26151163930366,114,-468716.1785101542,85696.24194790631
21,2.7840701498991733,46.27827658477321,114,-483719.5625326562,91685.3436412699
21,2.807646279800439,46.31031936680642,114,-509293.5608932931,102330.83831814435
21,2.867218097787839,46.306804567911485,83,-522408.99359395826,108901.59642748826
21,2.9006690065729637,46.33674035876845,83,-542222.480810494,118479.7784034517
21,2.869642177490738,46.37768100037852,83,-550132.3791744498,121894.6790690989
21,2.9709851668140375,46.39966749418242,83,-563699.9916820476,132898.70407969784
21,0.19244193772878157,45.085681055552584,62,-552075.4936623621,172369.7407133694
21,0.18529697475362406,45.083667582974854,62,-557081.8154031488,173844.56211276198
21,0.6429903391039625,44.5555024426099,93,-577067.6851395592,180713.90684248827
21,0.5985943702589216,44.56780797947849,93,-607830.3863736275,189278.80980346896
21,0.5796801369883704,44.57305056795907,93,-620554.208739856,192814.42673152813
21,0.5279860795115138,44.587378966386154,93,-654076.4082784645,202110.39818991374
21,3.1885300874160514,41.10263270745301,93,-539389.9474747878,316792.534117192
21,0.4388748881109079,44.61207852987605,93,-707187.4883032806,216783.53623353015
21,0.43374787235585865,44.61349962019215,93,-710051.7774465578,217572.9762724308
21,0.3852993986478287,44.62692841778234,93,-736039.0340471215,224726.71445355992
21,0.3483127302412147,44.637180267748995,93,-754531.8978125019,229807.8516110986
21,0.26269743399715967,44.66091084986836,93,-792702.57711199,240270.58346372072
21,0.20826448144405374,44.675998406732944,93,-813519.3682347808,245962.2403295909
21,0.16285278334530612,44.68858548028391,93,-828803.1401926524,250134.6548508559
21,0.1107875083701991,44.703016771625144,93,-843988.2363888618,254274.84887597273
21,3.154183328681754,41.000612292221966,2,-732585.7199020486,407058.7874038887
21,2.701505906570191,40.27740321458035,2,-745149.7556192182,455791.9066698888
21,3.1427244632324256,40.96657594485479,2,-800212.4310118719,438747.0547503691
21,3.1614420473823976,40.94658698815631,2,-850105.6973726974,465883.4178717292
21,3.1296075496876923,40.92761468575213,2,-878252.9445221098,475403.55786339147
21,3.125556806868058,40.91558273631404,2,-902330.7746829788,486736.5388885848
21,3.1245048463535383,40.91245809071566,2,-908573.7613360218,489677.04095003847
21,3.1446877359331924,40.89545648072496,2,-952583.7499112858,514135.94926314976
21,3.1032907077290703,40.8494455879063,2,-1032496.583703522,548260.5251110188
21,2.7846782833991535,40.35407985996461,94,-1052831.6132185657,583878.8803517413
21,3.31023532509137,40.83859109375918,94,-1071677.5858787128,593646.74195024
21,2.8995629994372423,40.14738920269845,1,-1086277.0438620925,658928.4679093882
21,3.1106510022005565,40.79158378668248,1,-1151642.9601318405,608773.4286291271
21,3.2408706893198067,40.77464381003299,1,-1199855.574798859,649174.0238462818
21,3.0461426175960677,40.67969822018137,1,-1313948.9005130234,684635.6567798603
21,2.941191015389716,40.27442883577818,1,-1315857.480913438,737158.0651054062
21,3.0671855986402616,40.658936847028514,1,-1356422.5947424066,709258.8627933692
21,2.968107135994659,40.356570970284075,1,-1414312.4386929914,767970.2029294468
21,3.010296327582889,40.485323189112336,1,-1471369.2070951737,776789.6717547597
22,0.934296796273977,42.67039241851126,11,2782012.2912930665,-574024.2308363008
22,0.8812036414576101,42.60048566389235,11,2614603.848380075,-557212.1454611341
22,0.8276804797285227,42.600090714779654,11,2442981.7775628455,-534545.9738070503
22,0.745800083717349,42.63360305673262,11,2197935.5865929634,-498595.4710525946
22,0.7017388213505211,42.65163662964199,11,2062978.3907014262,-476966.4853685505
22,0.6809657242748411,42.58324014472182,11,1936340.5202296071,-458450.1525541507
22,0.6278524786651016,42.68187713289248,11,1834927.3137368928,-437628.5548413381
22,0.5941932285262211,42.69565332787303,11,1731010.6505439293,-418574.4220094377
22,0.5857516852717539,42.58363825230002,25,1636493.9435926056,-407545.2946302251
22,0.5720963424632486,42.55907631233869,25,1567730.8410332862,-395384.1201555498
22,0.5284127413916835,42.548127766246104,36,1431117.057982047,-370086.17474354507
22,0.4787349484044753,42.63864776996671,36,1367878.1173132097,-355214.55372001627
22,0.4624965524685957,42.668236436695736,36,1332526.1537872946,-346378.55579928856
22,0.4364452922162618,42.596491780442946,44,1233295.1978668675,-329929.9225517893
22,0.41795750659070396,42.54876752791619,44,1154476.0308875372,-314354.400165811
22,0.4090558173542388,42.52578876379376,44,1114682.7292207081,-305844.1483869403
22,0.37088845075955573,42.550483846581514,51,1051494.9745852703,-291623.58958158444
22,0.32632912010584836,42.61860355516858,51,981819.5560014093,-274164.757133592
22,0.3103543338852063,42.56998042588037,51,936186.0546737068,-264471.64926572406
22,0.302662629457471,42.54656886132665,51,912748.0957130798,-258890.08172683459
22,0.2533285722689463,42.60443606566105,59,830396.7119924529,-238077.09449077802
22,0.24955857320558636,42.58008343173945,59,822286.2141648462,-236149.05257441432
22,0.2918327235995556,42.85315695021751,59,803625.4326828141,-216983.43394972835
22,0.3032199974419729,42.926714027179266,59,754140.9758876887,-197452.2094401976
22,0.17269617537351697,42.64812303275793,70,672622.0576711481,-197085.70018126818
22,0.14953911580833584,42.65655002891026,70,628293.8728666833,-185262.61695809243
22,0.1326340474675857,42.6894135693969,76,581443.0213192394,-172762.1671088587
22,0.1326907940074674,42.71405622452346,76,566095.6994580533,-168555.1368061621
22,0.13280865004989445,42.76523618746334,76,528703.2003695377,-157813.80624687922
22,0.0926348298749525,42.74289548367541,94,473805.55706039397,-143708.72979526845
22,2.8433905688685797,42.87828424481002,94,355341.3213659237,-156504.30256589773
22,2.703338364362697,45.664729570248255,94,345121.69724534213,-136735.9865321839
22,2.6562479023424745,45.605302402359875,94,327736.6943390753,-133470.06818232258
22,2.4554740134983923,45.63178873070196,105,270859.474405747,-118254.12606116914
22,2.388687791663333,45.667687205175255,105,247802.98385856408,-111915.63416274493
22,4.754723602610408,42.54963938497139,105,207627.68119241757,-113388.56439079586
22,4.822958914181722,40.977513239636245,105,177164.98373925223,-95795.10936775697
22,4.908943402454406,42.55433635671977,125,114275.73290114717,-94696.03662470863
22,4.921206259437831,42.58790279908957,125,87176.07159662958,-83530.86126014493
22,4.579542661920527,43.56232173096481,125,53263.170543623695,-77184.9094999817
22,4.931527554994205,42.61615471240331,125,58950.60926016682,-70157.63460229216
22,3.9135752173414544,42.85223883661443,149,41863.42939537303,-60960.98668858073
22,4.646204674812313,43.51204262425116,149,-2886.035724023496,-50677.50476392221
22,4.6747517769070255,43.5377520547089,149,-15207.863033428954,-32038.0657615585
22,1.973492887675389,45.890859938303706,105,-25080.295274219643,-28149.082650925153
22,1.9114549961249192,45.92420612266643,105,-67171.71783813265,-14009.548343213331
22,3.9648290115025,42.93129711856146,105,-102381.21325282285,-11418.823013473648
22,3.978716007732485,42.934729291189356,105,-123095.77695508944,-4311.451447606818
22,3.952775710673162,42.976999417609896,105,-146973.97937797388,5379.130494319142
22,1.7799265131310786,45.99490441581029,105,-146116.6629552787,13950.457476131627
22,1.6923241722242583,46.041991828639404,105,-189588.77125186546,30538.39037579151
22,4.024859291920844,42.97114631599683,105,-224796.3525469605,31281.41911951684
22,4.054530739962174,42.96561639760726,105,-245497.09926858847,39649.643163498426
22,4.418549113916277,44.613334016085616,186,-267362.7699265082,55223.51501702922
22,4.422276597584072,44.62344103119347,186,-273642.12952036236,57583.37479922961
22,4.439985921764875,44.67145959357963,186,-294640.33484591974,67304.79531509047
22,4.051875447604339,43.0365643825769,153,-335440.6049786747,70734.78744052385
22,4.068558168508496,43.05021382735576,153,-363063.3766808232,81072.07200868553
22,4.0701900398073745,43.063935872367466,219,-377632.86337408685,86624.55056987464
22,4.085364679749158,43.09338096130102,219,-408978.2603786567,99336.60299659988
22,4.092117863717973,43.11645399722884,219,-423588.30593471986,106143.98355934964
22,4.032087182973243,43.19605923486785,219,-441143.61961568904,120992.50549606298
22,3.997707375249287,43.241649468559984,219,-455051.72980411164,133588.3644706564
22,0.0,43.393961955872506,219,-494288.8012487964,138661.87465097726
22,0.039887606948670995,43.4579579720806,86,-519342.0797998073,150255.64057104866
22,0.052371943686498924,43.48991059441469,86,-540743.3781053933,158051.77780513428
22,0.036660695668408,43.50112075344756,86,-573481.8944262805,166461.89244542347
22,0.006043083308328399,43.499959571765565,86,-609195.4982517732,174474.69418674966
22,0.033774719601063055,43.53972322596888,86,-619350.4015280572,180204.4309979849
22,0.0,43.53612772459159,86,-654396.1324801369,187829.93016580064
22,0.02986505990481171,43.592018368918936,86,-677402.4785028767,197622.35204550016
22,0.02672142860900814,43.6340672071219,86,-720504.2172313873,210581.88869707988
22,0.025768572686846396,43.64681249457186,86,-732919.6372482257,214320.7810396406
22,0.0,43.637628045283414,86,-750748.5011789823,217614.48912887048
22,0.02043710791831525,43.71812553301121,86,-796666.0011666602,233578.19012497057
22,0.0,43.703382308596275,86,-804171.347465541,234245.42609692374
22,0.015212114431003936,43.788014424260254,86,-849514.7455572748,249664.4895825719
22,0.01300682899431705,43.81751205989023,86,-868920.6724269699,255617.70686750667
22,0.010599561150085158,43.84971138817291,86,-888132.865647183,261549.30060029254
22,0.005940660108306246,43.91202829422067,86,-919490.5149100604,271357.8765009404
22,0.0008116146489413442,43.9806337960632,86,-945237.0094113937,279645.58007083484
22,5.529171876156088,46.45248587146478,280,-878194.7601620397,421314.1791850183
22,3.1677089700628347,40.93410999645973,280,-879026.1317188905,480900.5473871048
22,2.7212608221972094,40.602494744852876,280,-930563.6589841257,468651.5444107115
22,3.09121461275174,40.87317177605651,280,-977272.0326346515,519157.509928246
22,3.064199279682135,40.851650367435916,280,-1007812.5768597747,530823.5993994178
22,2.9500032079141203,40.80057671081171,280,-1020509.5005559698,523511.0622684726
22,2.8326115483827317,40.66715905711335,280,-1087772.5462635707,549793.6191343437
22,2.8494708443194474,40.680589792761694,280,-1097213.943270068,555199.305701449
22,2.9540956727917433,40.74529845663644,289,-1129327.5487460254,579339.6614653626
22,2.8223305777112735,40.5558358799708,289,-1169993.0505456005,601537.5537904606
22,2.8582703420093782,40.53928481728143,289,-1243599.2035637472,643322.7574679637
22,2.8990282988445615,40.52051486951342,289,-1318874.642405879,686719.6151478174
22,2.972451856492092,40.59179747294875,289,-1363442.9351692798,707128.4715994535
22,2.96663681279895,40.48937964159393,289,-1423601.621674869,748736.7137606806
22,2.9916658359605,40.47785321843865,289,-1455856.0867707294,768426.08556116
22,3.0240320884269254,40.46158543093696,292,-1492647.99698784,791582.8557656065
22,3.103267495662999,40.424683087267574,292,-1557129.0419656264,834716.9992412196
23,1.139705842940446,42.261947635007715,0,2186249.1133626658,-398159.5801973462
23,1.08764279710404,42.282290688792045,0,2064023.6569632508,-381064.0610767029
23,1.0523020264375114,42.24946211903455,0,1862921.1562718772,-351775.15379075956
23,1.024276637310093,42.30705030813597,0,1868526.179215231,-350956.8835403909
23,0.9597254160104504,42.33227297702993,0,1635151.337805841,-312943.899705667
23,0.9479428443801181,42.33687688532117,0,1590226.5473843561,-305441.62730700424
23,0.9061450076158766,42.35320892328981,0,1427622.4438155876,-277852.4093432359
23,0.8846577515218427,42.361604828665236,0,1342935.1873124177,-263222.90417737473
23,0.5823648852352044,41.097931657602,31,1187355.1167782973,-254353.86443036312
23,0.605689497320189,41.21793825283312,31,1085230.8118555255,-239928.91263508
23,0.7156372280804593,41.07436022254295,31,987099.3544200233,-227253.32543183753
23,0.7455040334227101,41.06907778023334,31,934642.6555353041,-217537.29333331843
23,0.7296130103908874,41.297863847480784,31,812810.6919421052,-204641.05330810428
23,0.7517010634895132,41.307939530757515,23,763204.2451060665,-196723.19790494072
23,0.7975235127080337,41.30134975021007,23,687414.6619854993,-183652.56268699712
23,0.7626411943027761,41.35425121175367,23,684868.3459911108,-180921.6351878187
23,2.7662962307414314,42.854940900491215,48,434945.56318802957,-182850.27429441834
23,2.76331121781468,42.92717046756107,48,428547.52431118704,-172077.63978581756
23,2.7623918223854473,42.94941745122546,48,423727.94608981424,-164342.97705143786
23,4.923073433314708,40.70789907284763,29,326842.35039940715,-150837.39305209872
23,4.7884377161630445,40.76157628381379,29,298920.4522596635,-139925.4058954106
23,4.722108521762607,40.78802072393985,29,278641.70940548956,-130205.0594178841
23,4.871892409667222,40.88685141642042,70,248906.82208926065,-128822.85217821717
23,5.133355898813999,40.84282984032556,70,245056.17240058625,-118441.13823314826
23,5.959064951087953,47.271305569941056,76,93886.15905701852,-117469.14127305486
23,5.993298106692184,47.38325505914639,76,83495.72124359994,-114705.75459841666
23,5.650122744039766,47.25076697941806,94,8276.832538017603,-106546.77826574055
23,5.573276163720887,47.25050186297763,94,-17736.79251283429,-100212.49489327209
23,5.526682279533212,47.3225278114628,94,-44035.95913250675,-92169.45697034964
23,5.419217869270566,47.22872832789123,133,-69385.53879309096,-84619.93612985782
23,5.351583158625976,47.23420284346096,133,-94021.79521051112,-75853.87754778011
23,5.289858746116993,47.23047402245613,133,-114946.7167588113,-67694.88424496083
23,5.243974996584171,47.2248533611635,133,-129693.87652672807,-61513.9345183009
23,5.195775391453904,47.27573829998133,133,-149482.02077291018,-52364.378564182916
23,5.1053110985440835,47.218080019614575,180,-170607.87160649954,-41940.30925703658
23,5.039281402612856,47.21539113914163,180,-186582.58986072254,-32785.63440156468
23,5.004785081616362,47.21581289408606,180,-193844.28041828197,-28101.17580362109
23,4.708243775014369,43.145957978948466,180,-211788.351074827,-17287.93218062446
23,4.811819276552141,43.102022328304585,180,-281049.1771602379,-23008.40583713946
23,4.838641510875971,43.12500165395107,180,-304873.70340705785,-19472.87878293665
23,4.866850582587705,43.1723966863745,180,-329830.890239225,-8992.096965252285
23,4.891274504270152,43.12986419942627,180,-338678.9614943545,-7459.005146109546
23,4.902256550182472,43.179502359842644,180,-350993.4574705626,4215.375776923496
23,4.937434577745526,43.1371283834114,180,-364056.5945894693,11191.312526239124
23,4.931172386200633,43.20427533006501,180,-364517.9785577733,23943.44966605737
23,4.9487118795841205,43.21930188323233,180,-369826.14641236846,39108.13178220052
23,4.9662152687760015,43.23062910115331,192,-373676.1926102601,55321.953207511004
23,4.980641885919955,43.22827039958132,192,-378646.8333258728,65178.862898392195
23,5.000357931236146,43.225046894956726,192,-384511.1373744859,79591.04501403647
23,5.028636096326093,43.182928979791185,195,-397141.80767460563,84115.91533655328
23,3.993685362640029,43.51743804164591,195,-408502.27165445563,101218.21052398058
23,3.97267349821785,43.52275601872323,195,-431524.5775593819,111506.44066258932
23,3.9502274808367224,43.52843697132751,195,-453807.4500199858,123317.09835303767
23,1.4815504920784803,46.28872051782107,217,-469538.4023475824,131092.5819868259
23,1.4759557453395673,46.2965275460811,217,-474681.28395295393,133268.2556937471
23,1.4529810672501926,46.328586899163405,217,-494717.22127050837,141858.49707443416
23,1.4172824883408295,46.378401453314694,217,-522390.0886604572,154088.20089885677
23,1.395239126721411,46.409161227642265,217,-537390.2734460261,160952.10827726513
23,1.368993046017834,46.44578556531652,217,-553206.4035550345,168439.0280691909
23,1.3432603487910346,46.48169351679879,217,-566603.7666956944,175061.6517955837
23,1.4512191314887912,46.49105226999063,213,-592423.4017166109,185893.40210954167
23,1.4450953099275048,46.527710372110434,213,-609577.9377691039,194222.82650237365
23,1.4384993588771,46.567194711221745,213,-626228.2595562926,202584.96924703356
23,1.527452523456781,46.569435315747725,225,-646514.1692858811,212105.52047436833
23,1.5330296752869037,46.59660385946588,225,-659779.0638525584,218926.39897110872
23,1.5459780000938446,46.65968034354046,225,-687267.268996065,233708.6629304076
23,1.5523759180220082,46.69084716815471,225,-699070.8911278133,240425.71203682714
23,1.6536571017699786,46.677698948482686,256,-717381.9432036328,250281.83798625512
23,1.6973461513285233,46.699988123995084,256,-733744.054130936,260040.17550565756
23,1.7027484885559896,46.76144275472029,256,-751275.9498039654,271347.59325660695
23,1.7929667037910804,46.76205544627665,256,-768317.3217792998,282747.3121686202
23,1.8709807533836789,46.78857261277062,256,-785450.515116439,295976.4738547282
23,1.9755391116081267,46.84191594757194,256,-802049.85197765,313134.0200780116
23,2.9063031600800344,40.895506162720736,294,-774326.1212305,394287.77994234813
23,2.895199191196592,40.87687140211458,294,-801328.8962693125,406487.97696892987
23,2.8755735253858767,40.85680481715242,302,-819403.7032954628,413474.2380893741
23,2.8714328213861027,40.84941156384222,302,-829428.5166797863,418050.16555193934
23,2.805326365464692,40.78643916968143,302,-856905.4546523358,426063.66185987816
23,2.841540982569908,40.79603949564125,302,-894391.7838581542,447829.2964228065
23,2.758037955223132,40.70193829014865,302,-908438.5176561608,450586.6514694677
23,2.8006076703810066,40.722952806552925,302,-955480.5471927407,476492.90756968595
23,2.783348812992091,40.69213700698649,302,-968878.7599066165,483275.6479206005
23,2.972157798205351,40.82719527817178,173,-988407.0490860295,507814.47148858436
23,2.8034157154967527,40.683792691151396,173,-1015884.3639359458,508864.05478956987
23,2.935764608434501,40.77858756396281,173,-1048024.8978323493,533999.0943880064
23,2.907244218617238,40.740494971197656,173,-1084006.8291574253,549858.1262232048
23,2.8492084399426068,40.66298083843067,173,-1119113.614834033,565642.4717704051
23,2.909770570485471,40.72053009539204,300,-1120676.5876705567,569075.6392037772
23,2.8633739878463107,40.65607454773127,300,-1149670.0264868177,582624.8827552343
23,2.8822985876289917,40.64652040820442,300,-1189316.6636168263,604797.5513124563
23,2.897852878706766,40.638394503820294,300,-1220818.3337409103,622537.8353107742
23,2.953710357679548,40.66619818258273,300,-1253547.7059482618,642341.1526955931
23,2.9270181178741006,40.62250062042817,300,-1277033.6482572404,654506.4500044163
23,2.909487560567676,40.515219970242256,293,-1333758.1227943953,693296.6370878244
23,2.9180541846724624,40.51145839662697,293,-1347728.110117123,701392.4780689862
23,2.9464002883320544,40.499011725182335,293,-1391057.967850521,726728.3613870176
23,2.9812822029019683,40.483695202840316,293,-1438218.8045737874,754795.6285237302
23,3.053591259238917,40.54269461596623,293,-1471299.3924829524,769937.8282302923
23,3.054300603722261,40.45163308751973,293,-1514850.201365045,802263.4713567541
23,3.0976077752760762,40.43261706535316,293,-1546339.6049065664,823198.150682458
24,1.9754822273443984,39.97151659250043,5,1214686.8315797786,-308105.38754109136
24,1.9509063120427987,40.052330490249254,5,1088439.2238250445,-288231.12900640105
24,1.9480744405535877,40.07940569798571,5,1040799.654048864,-279771.67651470826
24,1.722826715150592,39.89428219235803,5,1113210.8550291026,-257304.6832241432
24,2.038954574958505,40.185604669334154,5,852294.5530072143,-247316.70199817876
24,2.130246463865898,40.21106977022573,5,773728.987948301,-226880.43114109128
24,2.0850960376230456,39.126230188267364,5,1129659.4428159902,-201846.15351598055
24,2.0808255239172597,40.27762094607955,5,670848.8171672523,-211185.10981275875
24,1.9266805732983723,40.28395007876996,5,610002.7439741757,-186048.74801855817
24,0.7957393321098708,36.456295693243966,14,369591.8750350486,-187125.23203406596
24,0.7054390339618943,36.39798050518749,14,337400.25200351706,-175607.64373875316
24,0.6681215488050705,36.37388118093998,14,315428.2786718427,-166981.88812314565
24,0.6215589295929392,36.34381142534175,14,281099.286097357,-153080.12884732994
24,1.093852565953196,36.64881476184337,14,290869.58286443603,-145745.06714295418
24,1.12586050962582,36.669485227975294,14,270474.7033609392,-136383.33066585223
24,1.1756001540733632,36.70160668027733,14,236450.61442510152,-120938.38299595751
24,0.5380676091858296,36.28989341897321,14,201749.18535895753,-119926.25155037198
24,0.5126700155473864,36.27349186239384,14,173565.73760095378,-107935.71922817036
24,2.8119451253957726,41.85014230945726,34,134759.5879587257,-90693.02794835446
24,2.784828328519715,41.96874090242422,34,122978.76200197086,-79283.72335944805
24,5.063493847702114,46.807833493585925,55,40453.11962250533,-78199.51691761767
24,4.897582126610011,46.91385843591354,55,22644.696569427466,-69304.64854549711
24,4.8312183911650814,46.861527869310706,55,796.087947827202,-62510.70755969361
24,4.867552162028164,46.69515968537768,55,-22340.517092041075,-55744.19597223999
24,4.703533533786921,46.760843046667674,55,-42090.31128959109,-44073.20331672635
24,4.654060210253803,46.72183127261886,55,-57092.678315659476,-35911.41147470014
24,4.661357232571841,46.641391353467114,68,-70405.7812780815,-29261.075815265263
24,4.616129647914176,46.62158830579801,68,-79309.01701244095,-22831.056484105637
24,4.569986150232936,46.55238350849656,10,-92832.06454869393,-11652.039948171723
24,0.6879422497579661,42.302065421373776,10,-113432.30232669473,1261.836563962073
24,0.8168660628315859,42.250723877329825,10,-142393.63078262212,12411.177129439218
24,0.8000408886354671,42.25742419437322,10,-149139.1745504011,12625.002030320326
24,0.6104283323699602,42.455664079370095,86,-160415.08722764108,22154.669639904718
24,0.626134002146168,42.47278256901248,86,-207463.93620611023,34086.84292689191
24,0.59297724834658,42.53879067221908,107,-202263.27267576347,40660.99069567852
24,0.606578197225483,42.551921277476865,107,-240715.7318627675,50640.75939392638
24,0.6565016871992407,42.48457947497582,115,-278146.1784015121,50969.63637863622
24,0.6649004459517813,42.49395450117701,115,-304033.14273613744,57842.52584984524
24,0.7713757280271359,42.390627357639204,115,-342377.83647432446,59609.6809250038
24,0.6753766116372513,42.50564841103715,115,-336304.93826792034,66514.74845622428
24,0.6833042836639437,42.51449759163092,115,-360667.97305307444,73137.37451251195
24,0.6898789056817546,42.521836444370464,115,-380808.5925971221,78661.04218571924
24,0.7143907332061354,42.50375696131936,79,-407343.4606623793,83026.40502173782
24,0.7220950727090275,42.51280124867481,79,-431159.8011077623,89717.00140833155
24,0.7284844793290108,42.520301908462756,79,-450771.6195701131,95278.47348268524
24,0.8143198229159867,42.44940188888038,79,-477611.80173060996,98667.38450960755
24,0.7407436811991905,42.5346932452439,79,-487986.0183956109,105961.81820693957
24,0.6977945602325363,42.63959679855066,81,-499631.61838975735,120904.56317125056
24,0.7444530731994692,42.56999004674187,81,-531099.036703539,120417.31357528987
24,0.7489989943071891,42.57514278559706,81,-544289.907018392,124289.36642772426
24,0.7667610025822782,42.56991104186045,83,-569639.6082400888,130266.96953392489
24,0.7756154585884525,42.580250977185756,83,-594865.165680867,137860.77452414675
24,0.784238705053535,42.58456050383544,127,-613151.0049391487,143120.25397500544
24,0.7860876758231032,42.586734003319634,127,-618301.933437918,144696.44845835218
24,0.7943515673518358,42.59644836131316,127,-641072.767473082,151707.48315879348
24,0.7574839534662963,42.69568914405621,101,-657900.393310763,166429.02291495333
24,0.7629600590455767,42.700993023393785,101,-671777.3765833676,170540.7235207343
24,0.7646467036882532,42.7236576785984,129,-688810.994222991,177368.66261508493
24,0.7728094826214641,42.73127428282611,129,-708729.7319356644,183278.1941467828
24,0.7797114476242955,42.73771443467268,129,-725318.4977120971,188227.38028253597
24,0.8189334007279996,42.66589216832777,115,-742857.2771046577,185759.629436352
24,0.9229721525832923,42.592489842663475,115,-764488.0878105729,193193.40837244582
24,0.8473281612768575,42.66694009912665,115,-784202.4813043424,197712.20006638355
24,0.845910996274309,42.696005625868786,115,-806835.5898476616,206353.34425855105
24,0.8502203893771574,42.700815940635614,115,-816629.5981763271,209553.30426347136
24,0.8731363418205558,42.690111794227015,79,-837045.7725701318,215087.55652926044
24,0.8801209490547404,42.698311172625026,79,-852356.9199687849,220264.35521747795
24,0.8979722731775313,42.71143271074369,79,-883333.8099836033,230735.28822640705
24,0.9012726947609205,42.72314165499985,79,-896846.4168220882,235484.56817780243
24,0.9196237085734188,42.72094108342345,85,-912748.2602523881,240936.4183453128
24,0.9267594848490065,42.729585524814766,85,-926823.7493220153,245899.12321754268
24,0.940381169529798,42.746087142904585,85,-952874.0413557118,255137.81065077515
24,0.944330935434136,42.75087197899681,85,-960231.693111716,257758.47885449327
24,1.6363243588072043,43.63139163400264,188,-985359.8306391358,265104.3462225139
24,1.6270794710590144,43.62606519599229,188,-997021.4660477083,268614.2906150744
24,1.597024981006925,43.60874931476634,188,-1033242.8152744214,279601.2188966159
24,1.6503741585330047,43.568501445647925,188,-1042316.5647455524,281790.48899469135
24,1.565793820705132,43.59075549549352,188,-1068010.3549758217,290287.4633560516
24,1.5859790041826651,43.57535504121744,188,-1074346.629222621,291804.7530842914
24,1.6016984990353926,43.53599468412517,145,-1104041.9033857165,300539.8827801587
24,1.5909670057110703,43.52226563170741,145,-1122444.9579050916,306191.8664842205
24,1.637778719028369,43.47048088276011,181,-1134769.8769910377,310451.3008990555
24,1.5714448763518802,43.49602828418656,181,-1155110.1612595594,316328.30965586746
24,1.6093209195138884,43.423225599117856,181,-1184659.111745426,326438.9691588129
24,1.6006066955924367,43.4087552911476,181,-1198260.6111061166,330923.3779882279
24,1.552563108221594,43.42161961685677,84,-1217533.8053297666,336407.3089305088
24,1.5344837154060007,43.39781024864953,84,-1239329.289744876,343656.9634592374
24,1.4625603526812558,43.382442074190074,83,-1271476.6539508933,354279.51592870225
24,1.4403990415061032,43.35656284184477,83,-1288488.1558670432,360298.4515804571
24,1.4096142536149108,43.327187000339215,107,-1304707.490000415,366324.1654005581
24,1.34142816878501,43.26135890467128,107,-1324418.0135011913,374867.9216691005
24,2.9358073236816935,40.61720542297936,107,-1289990.9975553718,663711.019838775
24,2.8881696447710072,40.532943915864266,237,-1289963.0474716178,669043.3839750317
24,3.238466541519959,40.012818776669704,237,-1322116.480706325,789066.068372148
24,3.0640617214193515,40.65443668244444,237,-1354099.3190325892,706496.3644641663
24,2.963797151782464,40.50339317420811,237,-1406180.374498672,737058.3529301663
24,3.0413165940284816,40.57637261548005,237,-1429422.967783714,747267.1576640052
24,3.0400183011535202,40.47361047234729,237,-1491554.8987371947,789628.3594223635
24,3.061365906134693,40.465269095185654,237,-1509746.9725276218,801433.1384353883
24,3.0969211119761817,40.45137623075216,237,-1534571.5624598246,818272.0185580411
25,2.790747599930249,42.80514737358746,0,418640.9692880272,-173240.47408641828
25,2.796563306035246,42.93349566335169,0,407200.0590653615,-162157.93585138844
25,2.8457602546092327,42.80361223423551,10,356738.1577902917,-152635.13003555484
25,2.85544769087918,42.93172647817982,10,323646.87411756185,-134636.51090350444
25,3.8175641255722863,42.756855971396604,24,284356.04357394634,-123213.88913959188
25,3.806868496303005,42.81977105942859,24,258018.32212062634,-112737.62565691586
25,3.721486768174235,42.70071589793886,44,206008.3933868335,-101193.39011189499
25,2.8676907386293604,41.89336569794286,44,142474.47782072992,-93570.58427055576
25,1.85380845487777,45.7044971848181,51,123110.1390152585,-80528.87787635706
25,1.7234937696063855,45.825233540392304,51,88494.21964909809,-71028.10513369732
25,1.7212104122840042,45.895964949688064,51,61288.14588682007,-61383.84699670003
25,1.8607916294150155,45.87139505882932,51,44089.63612441457,-55134.13921585828
25,1.8601966364911637,45.93660151803268,51,11136.592126850364,-42212.29586194813
25,1.8699258455217447,45.96865831878299,51,-7532.068271725335,-34378.935550127
25,1.8723447199332468,46.00830323535639,51,-28571.205021368314,-25164.77434689664
25,4.7409994427752755,43.17169537517737,86,-63516.761911386566,-17372.466454654557
25,4.697823976773203,43.23496073248846,86,-80902.11864644432,-9412.001421506953
25,4.636971277882537,43.05948865409425,98,-89653.36006582183,-1720.9414243839026
25,4.585540867467505,43.12370186932763,98,-110734.53616925949,9113.537292027637
25,4.557107209460474,43.097005754574845,98,-127277.89346950616,17600.20146370506
25,2.0872623999329236,43.949218708164736,116,-147380.62074410243,26875.68806868019
25,2.049142470319607,43.95483872270417,116,-169720.95768201115,33363.33143308793
25,1.9860071755164441,43.96414674814767,116,-198381.92121360905,42058.86153509215
25,2.0250217094526786,43.8900481536667,131,-219354.70449670215,47095.15592885762
25,4.018946064553177,43.596688737284786,131,-245953.79153605486,52793.40251958523
25,1.96178561142572,43.87798847039931,131,-266594.1762966443,60085.536885092806
25,1.9433473279361353,43.85320545626628,131,-294230.5862799177,67747.800295507
25,1.9123909836690445,43.84808207743177,131,-314604.36752080335,73358.95989403024
25,1.8514793642163616,43.85461660062309,131,-336801.1111014602,79727.9503123883
25,1.8619767428352467,43.820904369893384,131,-359042.38865975017,85701.16490218526
25,1.876894164298767,43.792176054025326,131,-374371.8818243593,90047.15876585901
25,1.8036867160243357,43.79632873957595,131,-400463.8312798886,97362.24530440946
25,1.841029230106719,43.76847906769353,131,-408555.42106159293,99588.3562046076
25,1.760228942194501,43.762114066901525,189,-439677.8896584326,108478.55497024916
25,1.7640238255210896,43.735123983459474,189,-459443.10345239076,113992.18526041065
25,1.7670801233294775,43.71338689017542,189,-474963.091533384,118412.19204208728
25,1.7621769828721316,43.685958446356835,165,-496111.40843731386,124536.70646099305
25,1.7262610374383025,43.66807581431564,165,-515260.5849695186,130121.20200957872
25,1.7782523241975563,43.63005041122091,165,-530947.1234056987,135079.23818629878
25,1.6898503454672957,43.618695139640124,165,-550391.660969267,140623.75831265564
25,1.7961330954629307,43.56786331559881,165,-565725.3998357377,146340.2101318364
25,1.627473673852485,43.56176064836737,221,-577735.8889141325,149499.27317482018
25,1.6484878193162262,43.53591079893461,221,-593445.8146992027,154253.64243504175
25,1.6677295305668705,43.51224125027197,221,-606793.1064170445,158486.70720962773
25,1.6968028011385088,43.47647773716165,221,-624727.7651241822,164558.87770499344
25,1.8428071378765682,43.4055368087849,165,-630250.8794824069,170836.54871136037
25,1.8616694211625546,43.339936136590836,165,-642089.8889900725,177423.11702259662
25,1.8050430499270236,43.11039414246268,204,-645300.9268695846,192082.14691636837
25,1.7382049943735676,43.301347923656316,204,-673710.1284128558,186243.73275831298
25,3.032568547042674,46.475804001799084,236,-611315.3248441919,224731.40239005085
25,2.967884802008459,46.46790011622844,236,-626323.118769459,235728.69767588572
25,2.9140592699775905,46.492181972592675,236,-639235.7012931634,247297.96995844066
25,2.877553084444563,46.50865069886574,236,-646138.9791869144,254234.97487899713
25,2.8335148555168495,46.52851729207925,236,-652364.4446155109,261502.86978279275
25,2.719614004829687,46.579900418112516,236,-656590.9274354023,273898.34678901103
25,2.6508330091261656,40.74199601947917,208,-635143.4296995419,305375.8116498513
25,2.653082476163848,40.73478055979919,208,-649184.5961500752,312755.8019263995
25,2.6168737528228014,40.63090282700983,264,-658738.1005606776,323033.9956732799
25,2.6628207581019345,40.73244502439472,264,-673127.1280174551,325387.03005831526
25,2.670309323072262,40.73055497374392,264,-691568.640899135,335133.92255966156
25,2.636579562306254,40.62401841279037,264,-712491.0757115256,351690.2514176281
25,2.7118704652261894,40.76635568216644,264,-725003.6716026032,353575.9348921451
25,2.643966119296594,40.62143784800718,264,-732481.1380552219,362372.56627994776
25,2.6964161991163054,40.72332381735026,264,-755952.8522341409,369290.4967455775
25,2.731716140179211,40.763744433981465,290,-766912.5155091309,375974.6431901175
25,2.7251251170797204,40.73729780549742,290,-794498.3286853072,390017.59450800176
25,2.7198168828810902,40.715998396340694,290,-813576.6126507061,400040.17634871794
25,2.6759406702661215,40.6194554360436,265,-812220.1299777086,404228.64648068376
25,2.815093624904809,40.80813799532956,34,-831143.5243597812,414131.94942055497
25,2.7361918252405113,40.7104075337781,34,-853703.407870508,421561.220806493
25,2.7968842444975737,40.7701162260401,34,-871262.5996749502,433127.4279053391
25,2.827582287942254,40.792238299928655,26,-879859.9116941161,439742.8703495221
25,5.098652421133348,44.98062198438446,26,-606091.6840867037,727744.7514553095
25,2.797162509520633,40.73613712464401,26,-927965.1490797854,462446.4173438742
25,2.7751929746264707,40.695620171793905,26,-947986.3275407472,472513.27249227976
25,2.7772654654743776,40.6947788594133,259,-952926.562719508,475199.13371501584
25,2.8917725220386807,40.787329839766976,93,-977808.3595607631,494934.0784888336
25,2.793316130027647,40.688082455115875,93,-990882.7233647187,495892.5463764966
25,2.840888875383518,40.71953863997821,93,-1024643.8371963782,515321.8219641864
25,2.8133234007333012,40.68281374461154,93,-1032754.6170384721,518850.23373122374
25,2.8194607587694294,40.676510136306135,255,-1051373.8131788308,529097.4594289444
25,2.8356505444619007,40.66895421085731,255,-1087849.0951586484,549266.4228806266
25,2.8516500814678785,40.68398275025166,255,-1093248.9776494743,552444.9102720303
25,2.8456592443784867,40.66414083891053,306,-1109972.3257554441,561558.2083147676
25,2.8613764928234984,40.656364841610596,306,-1144004.955846307,580560.3637624619
25,2.925968927909776,40.69905160658311,306,-1171646.3622061508,598110.9429646863
25,2.827770010132217,40.55480643364365,265,-1176720.8272931047,604793.9262101945
25,2.843989087191845,40.54790034320897,265,-1209622.265956707,623375.6983271701
25,2.907457836597639,40.63211326586305,265,-1238139.1146459715,633800.8517334457
25,2.913146299075143,40.628971388044086,265,-1249121.531670799,640087.701958545
25,2.9277363258950797,40.620764181072815,265,-1276600.7435653969,655898.9685258942
25,2.8971337564664617,40.52527131871008,265,-1307860.384843093,679598.2528612992
25,2.917445333052863,40.51662264010397,265,-1341401.5815619067,699113.9559611018
25,2.9244573755015715,40.51363690922023,265,-1352455.1237069038,705590.1699894188
25,2.9906040320227,40.58281279256198,265,-1382897.2034648994,718434.6436605817
25,2.983450619954828,40.48851755873367,265,-1434623.1599406232,754653.7138550576
25,3.0202240630606316,40.495605282526874,330,-1467962.5718762886,773219.1887433217
25,3.026225808639338,40.4963894497179,330,-1472759.3343460213,775997.0905150984
25,3.061454902440102,40.475584123116924,264,-1507445.9860966145,798743.8447291947
25,3.121701835682105,40.454536277087634,264,-1545508.8488040047,824947.7671743281
26,4.161210880975406,39.82455458151655,11,1324681.1406957407,-603674.3329561828
26,3.8823904056714915,39.97407606476742,11,1292536.4441284884,-592970.6265801926
26,3.8160301000391312,40.0366398540831,11,1253044.2393453387,-576891.9819987466
26,3.7492884566759095,40.034293683226196,11,1236254.7908457518,-569616.4135675303
26,3.7391858834813316,40.10447307944542,11,1193579.5027646315,-552070.6734526447
26,3.6772981204824022,40.10707309588773,11,1166363.2070536697,-540304.9346231199
26,3.6197181414705355,40.09291352961837,11,1145918.6391364497,-530520.4988156818
26,3.590900347957273,40.10595119666759,11,1120425.8246955264,-519286.06499869004
26,3.5639520557403626,40.11814306907125,11,1094689.228141031,-507876.45206561167
26,3.6143622200811873,40.20361572292978,41,1066363.8229405968,-497666.0793627655
26,3.589827165923174,40.21937243926565,41,1038582.9234724173,-485611.15175181173
26,3.570923166596508,40.231512822290085,41,1015999.1495955067,-475772.102772029
26,3.557413510430042,40.25753543196978,41,985654.4516705113,-462545.1079793151
26,3.5326564229435546,40.26017991022346,39,963827.3632016748,-452941.2226171722
26,3.5238558138797846,40.2659263348709,39,951866.824745091,-447681.713284154
26,3.504143204658671,40.27879783304479,39,924240.0201080572,-435502.84883200517
26,3.5220929032057624,40.329560885963296,39,898367.2687569609,-423896.6459617097
26,3.4422710596832355,40.24960490059292,18,889624.0252522932,-418906.8777001305
26,3.42516113533037,40.25879217680261,18,864096.7273709802,-407445.4526849744
26,3.4116599812121957,40.266041702252004,18,843349.1333841635,-398106.27329816803
26,3.481715805243698,40.382137026166625,60,816762.6649316268,-387336.7989371751
26,3.477443267542098,40.38951889160089,60,806276.56998237,-382580.84346661845
26,3.4329786094218893,40.35670569906236,92,787778.5615168236,-374944.7878536344
26,3.4167767723556888,40.368286081223786,92,759710.8937739119,-362371.9579972737
26,3.4109088618226653,40.383565578869735,92,739767.0136326159,-353403.6878934609
26,3.4145031759302413,40.3941938375192,92,734746.7177776871,-351081.6945897813
26,3.3872908340892196,40.391664405187875,92,704724.7766761922,-337645.77224152576
26,3.4016130625300205,40.420348912911074,92,697187.727663102,-334011.33914612327
26,3.370207857147361,40.40451386282505,109,672379.5014357007,-323043.4099959244
26,3.3469402529564563,40.39327366557771,109,652333.7471964462,-313844.2836214377
26,3.3474069727482076,40.4043805073307,109,643137.7962360348,-309760.5200852282
26,3.346373151970848,40.43467694994363,109,615384.843197893,-297188.9425850983
26,3.3204391179705564,40.40422278048369,109,607024.9061131573,-293191.99813240685
26,3.324383324410613,40.43836728610647,126,582452.5348613533,-282232.60222401674
26,5.201246937456445,43.00256634549697,126,552037.4165903107,-281536.55544018367
26,5.1558456526913785,43.01764326480195,126,506965.07786477794,-277540.03901912906
26,5.150255414416899,42.98495420617124,126,485287.3781792796,-277503.5047718969
26,5.1285312889447345,42.96397423126299,126,448808.6295860557,-271260.40791052446
26,5.141225978927421,42.93215435549846,126,439931.5528608249,-267509.2908723204
26,5.103572756878851,42.947692344707036,144,411107.8308530911,-261868.49021160297
26,5.080171872070757,42.96235384382741,144,392016.96945791185,-255270.07205860937
26,5.072088181396136,42.97196974816737,148,386270.40246221493,-252429.8032976268
26,5.062519056090232,42.94061404263259,148,360459.75256806816,-244793.01564344845
26,5.0617622176571615,42.91871274284221,162,346620.4355891586,-240018.80092396308
26,5.0561648999179,42.90334155274284,162,330185.27696583216,-233525.9846179772
26,5.046344680572728,42.8904417828778,173,310608.2693265871,-225325.71928576258
26,5.015791144052158,42.9189581566611,173,295479.75210753945,-216972.06640200014
26,5.031325681676512,42.86785486105272,180,278269.61402869865,-210912.47893836646
26,5.026966324295294,42.860758794914425,180,268420.9370063223,-206334.4580348373
26,4.995788691129062,42.889850871383985,180,256969.67450569844,-199190.71364848383
26,4.97099491087669,42.90519725379231,180,238561.2654473669,-187170.0168763702
26,4.987088639285974,42.861063263590545,186,229293.61844972475,-186245.02645744343
26,4.983510567586153,42.838883374198716,186,210048.3288456925,-177000.35406651394
26,4.940138086609077,42.92506726778372,161,212347.33328650473,-168267.5621360016
26,4.92972428646181,42.92649025148521,161,201315.20619895175,-160809.75819963828
26,4.963384060307926,42.806150447866635,161,168094.70675301593,-154864.20103637865
26,4.906398267623527,42.929677612886266,161,177169.2329066535,-143740.778540778
26,4.960330162230011,42.76887717145054,194,138831.62320854387,-139136.86000181446
26,4.961470667105472,42.75255838780794,194,128215.88916513501,-133098.2571016801
26,4.936118451256566,43.11530767034061,194,139455.85668779013,-109807.84807988326
26,4.9352575576989075,43.12762566740402,194,125590.64036418364,-101441.60377970133
26,4.92961050426401,42.71044265657215,213,82360.11292641648,-104794.06733890816
26,4.928640088358642,42.709336454664985,213,81250.02796269838,-104055.9009221018
26,4.887822499017528,42.71112440812719,213,60166.17775424065,-88679.4474120704
26,4.85866745230971,42.71160005893447,213,46309.06034654642,-76891.42573970929
26,4.836203797663426,42.71196654284287,213,37000.56845953244,-67826.83772320725
26,4.99044907141865,42.553063768910185,172,35058.731716004884,-59927.92565156624
26,4.987377584829241,42.518262606237535,172,24088.586756415676,-48452.01558268896
26,4.427891357954102,43.15418209340843,172,7393.902664398833,-42301.11486947268
26,4.398175722191813,43.10498212030625,137,-28522.83230285031,-32233.97207061752
26,4.383912394134007,43.107953710096936,137,-48210.83113345622,-24803.8472275536
26,4.358747123363222,43.022601698294075,239,-50549.18868353269,-18245.101806150386
26,4.368284043249168,43.100242849394995,239,-69791.95524273979,-16479.247274923444
26,4.346527549781188,43.093476753617175,239,-101098.7204813766,-3904.8436684319267
26,4.341551404159436,43.12233902068973,239,-112501.51698419859,1296.9985869855896
26,4.3248886404726,43.14840025619488,249,-135794.09315164096,13130.408426284259
26,4.309803115883576,43.10040625034734,249,-159503.91977750885,20309.99638445039
26,4.059855669312616,43.608802441238595,209,-161356.14197615124,26912.729342157952
26,4.054882458664937,43.597724035764216,209,-192095.97442652358,36274.97879067211
26,2.0308715872763505,43.916467344279546,259,-199208.2785299298,40957.30518066366
26,1.9691657058235625,43.92876256762938,259,-228001.98358595464,49053.10150192092
26,1.9728736103905218,43.89726086609302,272,-246677.97184510538,54012.948082905896
26,1.8979053526067633,43.89782148208003,272,-284290.00424371235,64541.85642808625
26,1.8705328500547984,43.89802617487922,272,-295561.3369309657,67802.87044215828
26,1.6662723647235884,43.9414945671416,92,-310904.56788302335,75772.90534869842
26,1.6774551993944242,43.91880369741615,92,-329009.20378436573,79957.17324023135
26,1.8549583481595417,43.82500270061936,290,-359926.81947179465,85212.07034026108
26,1.8344947208984628,43.814945957986126,290,-376293.93936140975,89765.44120281363
26,1.818119918433673,43.79384679030973,290,-399308.09707866976,96188.89215264106
26,1.747197873815437,43.77204437887673,290,-437720.2216038707,107139.90179469026
26,1.730513182364731,43.763844774491155,290,-447642.9241923656,110013.02400958285
26,1.762226727388217,43.697978680823,299,-490298.36663492874,122098.37517926529
26,1.6693430566418224,43.710145081711474,299,-494975.4590228247,123779.82777787882
26,1.7453563923412745,43.65786361449287,299,-522423.65773291985,131527.12499223085
26,1.5673864271667837,43.608731325394004,299,-547016.7505482621,140110.33201546466
26,1.7157276038921425,43.58741090501134,299,-571672.1759809793,146430.04132946697
26,1.657279252388363,43.53430233567159,60,-599554.7133098182,155360.7043197981
26,1.6819290123691262,43.477137730050046,60,-627449.8568008189,164827.29090436228
26,1.7322121050766366,43.40483730252667,60,-655403.9205126521,175798.6880922447
26,1.7345631534468207,43.29098887148103,60,-678039.0063229426,187937.83049330767
27,3.8539785925454804,39.98810292981717,1,1387554.7725339218,-652789.0964986582
27,3.7875219191898917,40.04967759268589,1,1345540.5362168516,-635278.6219057551
27,3.819918647252222,40.13194123093663,12,1317605.0492898917,-624356.9061180016
27,3.7482324690168185,40.16675458790389,12,1269774.879722743,-603321.4847557158
27,3.7075204976273923,40.18652576873273,12,1236439.3707786242,-588448.2468528788
27,3.6732770071706042,40.20315562523257,12,1204812.5746965508,-574231.6547668593
27,3.664255639050315,40.24723415120878,28,1169112.3097595463,-558325.7565936943
27,3.649741564898232,40.275279028851344,28,1138821.8583010319,-544580.1875730135
27,3.595194822739022,40.26151084988058,33,1105222.6157919066,-529252.0679134066
27,3.669360105106022,40.37097909971586,33,1079799.9936929462,-515789.07613003004
27,3.604422654880994,40.33078510005525,33,1060701.5662629204,-508801.917843157
27,3.5464516208898975,40.294903067229995,33,1034871.7373808392,-497169.37527103844
27,3.4723459203548654,40.24903424281771,33,992575.2713184675,-475771.43536249665
27,3.5710439816713206,40.40686997977305,8,968623.5763657569,-465450.7327346085
27,3.555899890018468,40.428740171658134,8,935410.7987856077,-449753.1148151065
27,3.5447973347575505,40.444773818280005,8,910539.7581523566,-437946.516345042
27,3.537792054197359,40.45123850178508,43,897776.7795585232,-431961.38663533767
27,3.4979140820807033,40.43611621456996,43,867155.8417856623,-419000.0282579678
27,3.4031311857817803,40.332514238480115,43,836857.9929806293,-405082.29856114846
27,3.426505715659361,40.40903715890918,43,802011.7088315609,-389893.8760940354
27,3.3931602098661204,40.380303998504345,43,781565.3662794485,-380214.9653741432
27,3.8022055712377005,42.77693556565252,43,725164.1533172022,-376754.04584067833
27,3.362757958044682,40.3848631137208,43,734306.5079621646,-358028.8142462401
27,3.402205115905051,40.478899184810956,43,709483.3516695581,-346117.78440628643
27,3.320272781208523,40.36875213785116,43,685366.6790069127,-334147.6319294415
27,3.302760265947572,40.36211114605598,43,664548.1656697817,-323785.74726430984
27,3.7992696376233823,42.680711669942454,43,616990.1428019403,-326494.30729227525
27,3.281267739389987,40.35396087806763,43,638632.706559356,-310718.4657299894
27,3.25429512537455,40.34373248393338,43,605749.0111882482,-293863.5251820914
27,3.301114910429041,40.461857080118925,58,571648.2446291265,-282468.498984693
27,3.7187340358581267,42.74473185570805,58,541378.5043588877,-288708.86707131565
27,3.714731427724606,42.728222554981656,58,510515.05501348415,-274816.72502665897
27,3.8723563967981143,42.943964272847175,57,482858.7073302449,-259951.74993294032
27,3.7447154155493765,42.642486922365435,57,455572.98433545564,-252376.86980704035
27,3.678229971812256,42.81099323926888,57,461852.20134929015,-240066.43448049616
27,3.2632961000195624,40.53539296862385,57,447828.0142274154,-224023.8603608054
27,3.703457139522874,42.68172022245512,57,411454.5100076986,-229433.60067490017
27,3.8830379068420817,42.969193108568234,57,379175.3610221035,-212129.3231232823
27,3.884294198569438,42.972160364834124,57,366065.85638658894,-206119.33915441664
27,0.8639707518123806,36.30686999461744,87,365554.9044702527,-188537.5210166647
27,0.7964939736787281,36.26541299508922,87,355628.3308019164,-185937.00756983436
27,0.7038111007421016,36.20846964471174,87,318029.22256393224,-171286.99009917525
27,0.6775015296597474,36.19230533002279,87,302441.74487776565,-164824.13051854982
27,0.6384353172195177,36.168303473450806,87,275515.4432653086,-153432.352912231
27,3.712227911122918,42.56575414686941,87,235877.60570296374,-148236.7176255369
27,1.1661643139952387,36.49253443668716,87,251643.52931999136,-129409.8300861808
27,3.879077277237027,43.02156290839233,87,202487.17884387978,-132984.19513689325
27,1.2145418186668222,36.52225705006348,87,216280.1217456098,-112585.43388568149
27,0.5336057031216545,36.10389729724614,87,183259.0824877566,-113227.17374953006
27,0.5049274491909519,36.086493855569515,87,153699.3117884054,-100112.8947345989
27,0.49599829149789065,36.080791712049766,87,144154.72126301867,-95856.05866333915
27,0.4670029699004919,36.06297730141796,87,112268.71125043662,-81591.45363254742
27,4.948053330760202,43.127191638644796,107,90126.4538058877,-83942.55917576443
27,4.94059417873962,42.9677568402711,107,53842.026820049236,-80414.71670321345
27,4.94002753783484,42.95564523855623,107,40011.74372231128,-73987.93545708944
27,4.939197894245088,42.93791211579787,107,17464.848121930987,-63240.356500611284
27,4.90874217008338,42.924153734148,107,5829.709920030881,-53474.57412002284
27,5.129762991648873,47.011124164272715,107,-6477.40387402971,-28859.569921825834
27,4.9465192276454575,42.90093446192316,107,-38696.58094673166,-36477.74207379342
27,4.936778428361253,42.88619751683314,107,-59932.04117857334,-24715.996749839618
27,2.1220192015063146,43.83002602070819,115,-80325.11975896187,-15274.21995375712
27,2.0905598982616844,43.837573426018864,115,-107039.96963914053,-9288.99694738458
27,2.0501108555307157,43.83683565283356,115,-142286.1846471499,-800.8488737407064
27,2.006645587558969,43.857705318620376,115,-166114.74977248386,5397.338477755908
27,1.9532788783493829,43.87050853239055,115,-194052.9510371708,13279.420754664943
27,2.0557385475210883,43.70286538815674,97,-203190.75561462136,17795.18694799629
27,2.0050639488679063,43.72013211160555,97,-240210.46353001485,24965.02362975151
27,1.9665948760285383,43.733239957739585,97,-263633.68454969465,30004.013573153068
27,1.9041053335022022,43.75453247268637,97,-292993.4907230246,37172.06618776876
27,1.819715683829283,43.78328716994243,97,-316654.0984374243,44616.32264253025
27,1.8634542827331209,43.72683975107657,28,-333569.86685206374,47782.792457486445
27,1.903332333687286,43.64978522814146,28,-359682.9035174248,55405.91819433208
27,1.941534973498692,43.57596802506618,28,-378776.43229760736,63469.74313944648
27,1.6319713935455207,43.706017875343726,42,-410303.13835800876,72874.63223748007
27,1.6378263586217654,43.69551019428991,42,-416110.2781550429,74018.2826208127
27,1.6621889415891062,43.65178760190305,42,-439682.4047800652,78994.84307225945
27,1.6941103323944,43.59449950726743,42,-468713.24136288435,85994.98713039221
27,1.6432930373028232,43.53130232895197,31,-500332.78070796217,96549.48557851724
27,1.6813551010816967,43.471647464831136,31,-527184.6973557718,104664.19365552072
27,1.7303739631653807,43.39481995558337,31,-554391.5557614954,115103.5892426014
27,1.7504910069851949,43.36329041155875,31,-562443.6159143822,119166.4685935364
27,4.007132951157013,43.55485089578936,164,-554599.6645091777,173644.4374317822
27,4.022135111663559,43.51069171529246,164,-604628.7040741143,189060.2109919887
27,4.027674724538174,43.49438574624844,164,-618009.7853837047,193935.54451193017
27,3.9279179656917664,43.6197738948059,175,-637017.6910113863,240326.97548841315
27,3.9293674164488563,43.60915134518514,175,-657811.0073884415,244648.0360475844
27,4.041571608115059,43.36950596674829,115,-707565.8284774072,231792.68352005238
27,4.03157527615606,43.371904187978046,115,-733921.4967656775,241461.1458292069
27,4.0075939828695075,43.26338417024594,115,-745292.3541529636,254085.40876392333
27,3.998695878373278,43.44577364686352,115,-773450.2368461889,255132.96981442953
27,3.9875700373391116,43.416220488457675,115,-825459.0610520596,276873.6079116192
27,3.984874106296689,43.383108271382895,115,-841667.2559474678,284442.7389140403
27,3.9690061248270325,43.38691516076892,115,-872819.2666056223,298487.03774007614
27,3.948135164317396,43.39192231547176,115,-910005.435028843,316763.9398672718
27,3.9312349722172977,43.44314336284341,115,-929441.1211106384,328499.700749972
27,3.9051767059243794,43.40222848450839,115,-974658.4892513939,354321.1098009881
27,3.8858591885222524,43.406862952484246,115,-999217.2492252252,371368.8232343231
27,3.835472012542926,43.41895134607069,115,-1052207.560204401,416416.6157466498
27,3.824086141547288,43.421682931781625,115,-1062163.4112732555,426651.3679651476
27,3.76161986244805,43.436669224483204,115,-1104371.6185931414,481862.5482374659
28,5.819147435724847,41.96479409932798,11,967066.2513522418,-437855.81396479794
28,5.752883213995664,41.9702696928732,11,919031.7679193941,-425146.734854813
28,5.743652064386126,41.932682940876816,11,896637.5789693326,-419010.09874046507
28,5.654499234528334,42.01851988788227,22,844052.6866083179,-400309.2996835352
28,5.645291513479849,41.9382916225462,22,801003.9504561159,-387530.8471588764
28,3.8044617833364796,42.79921972588367,33,733573.3856100924,-378995.827745801
28,3.8351133749835293,42.85118797231742,33,714766.8117935878,-368952.6408981373
28,3.8444889006819247,42.86708370900707,33,689527.2297343211,-356776.4701983759
28,3.751618612536811,42.805623083018816,33,666353.2447049377,-345513.8277777383
28,3.8552982248944905,42.88541037963904,33,648695.3645815139,-337301.67066719267
28,5.495445830673206,41.955354697413924,57,617904.7175723094,-318592.7277797635
28,5.496195456205668,41.93386426875155,57,604304.384067828,-313276.77766990406
28,5.453085982461255,42.22767507141704,70,614440.4854537939,-295722.14036588225
28,5.453437090686106,42.2548281277407,70,602106.6490880621,-286357.01842651534
28,5.449193886443796,41.92667869793652,70,526863.6084793151,-281934.5922574538
28,5.398542494816776,41.993937542185336,70,495041.50684252975,-267772.9578254408
28,5.357707801899765,42.09227883952471,77,484066.52791412495,-258099.52360948766
28,5.359079083504356,42.06110194372617,77,472372.86684830615,-255236.56263105563
28,5.362505983065148,41.98318936168524,77,428174.0151597878,-239876.15307005215
28,5.363316907582587,41.96475251465395,77,415256.9938270887,-234829.09959033458
28,5.333655446084628,41.99528710093524,82,388543.1027851803,-222507.59412761044
28,5.3353992057651825,41.97408173254511,82,374894.2860626316,-217290.0723004914
28,5.336911665135942,41.955689141817324,82,362304.1041938517,-212303.2153332271
28,5.345505337792131,41.89698071081145,82,325552.73487642413,-197054.63919842424
28,5.341856378478596,41.89555788108004,82,317688.559385264,-193661.42038520594
28,5.240957226327018,42.09595864691226,92,299716.2017378452,-177557.1906829867
28,5.245687981107991,42.07468248314055,92,295214.6064822895,-177182.8124621194
28,5.264225159226547,41.99131311487355,92,264378.8303522055,-168292.78311406812
28,4.608621162067128,43.03451127853596,92,279395.97956483974,-154618.87347008399
28,5.203587385616857,42.2640262995139,92,258222.88942661727,-141008.78582666404
28,5.2905562369846955,41.87289135162317,92,202062.7796357139,-143254.49459372458
28,5.284484422473298,41.86989854578831,92,187819.36507788478,-136984.55096440864
28,5.1940922125923255,42.30673002559229,92,221172.80674337607,-118750.79843294887
28,5.1532533023171,42.240310310076865,103,196239.51608402425,-115308.7576276875
28,5.254527297723297,41.868559297356875,103,130186.12931768694,-111471.19805545385
28,4.989726964307996,43.12810796066215,121,123083.03738320946,-102964.2598641309
28,4.987926844761051,43.07862981978964,121,108893.6345885039,-96691.44842347848
28,5.202395208859096,41.91772566810756,86,81414.82338024171,-88746.4065265437
28,5.175811790108595,41.96169012746565,86,77245.5224247112,-85108.12176500353
28,1.7683082693050423,43.289226992861586,86,58456.921601697104,-68500.91859373938
28,1.60917994506295,43.2474959690757,76,45813.73206574043,-60207.059224401855
28,1.698557919904102,43.23553814671951,76,27637.951090942963,-56375.22121173471
28,1.750509727377592,43.228587547470035,76,16134.036033262226,-53027.86525897935
28,1.814827422918526,43.21998252392811,76,793.4645419106309,-47485.238318113
28,1.8957893959756007,43.20915067309301,76,-19626.419880052425,-38209.91711565205
28,1.9640429055490294,43.20001907949721,76,-36186.82637501799,-28712.59176390801
28,5.1826509614212695,41.812855746213344,60,-58970.018551777895,-26704.21456241145
28,5.165335344544239,41.82394478599477,60,-80839.40611681346,-16748.786218891728
28,5.150057945907856,41.83372853683879,60,-99760.86560011827,-8024.010624597808
28,5.130012833512321,41.86687793619031,60,-103980.11317752147,-5394.542020494353
28,1.8967601557627574,43.094133858346396,60,-128301.2536322552,5901.072279644883
28,5.120355534879922,41.85275016453084,60,-135305.34028282997,8679.473578045854
28,4.391098526504729,44.414776773880774,173,-145195.82558372858,23708.8673425924
28,4.356836227736611,44.51741488652175,173,-171528.07648243467,30035.176443722008
28,4.332417223136797,44.590565861056724,173,-193521.41658055646,36842.393754798606
28,4.3257225303373765,44.610620867823606,173,-196170.77836798248,37975.36520907763
28,4.393998041435254,44.53119527339878,177,-214777.86350854486,42708.4445670176
28,4.398338088280097,44.581643927374344,177,-245628.42555739934,53233.110619613784
28,4.400336807312306,44.604877014125506,177,-256210.4955168835,57463.13819394731
28,4.406135535486872,44.67228136288837,177,-266924.57908770954,65345.00108364896
28,3.8079375747167186,45.260314291781015,184,-290429.32950136164,71174.71115303464
28,4.44222546070809,44.64723255260443,184,-296618.38324931235,78342.94387107219
28,4.466363336838937,44.678791454117416,184,-313303.59875905444,91614.95914074621
28,0.30154848787096783,44.68748264815659,212,-320933.24038437306,99899.80382175212
28,0.12861335509081856,44.77907847754184,212,-342236.40837256686,108557.3496852539
28,4.058813451223969,43.55644503556144,212,-382790.58019405743,107376.61425804159
28,4.061033120277687,43.54375441301169,225,-405615.7415551622,115678.98713144899
28,4.041923849602174,43.56908264899495,225,-407530.34245397046,117131.62797382253
28,4.052706016103684,43.54596469105812,225,-428184.99685389735,123682.11572357314
28,4.048983186141531,43.53918522887065,225,-456353.74925443233,133914.0937751795
28,4.01420861877604,43.58296524559757,235,-463504.4415493646,142023.247180929
28,4.018671227190036,43.56505826223433,235,-493580.0209276336,150565.71731789893
28,4.043292708049261,43.52816912332753,235,-499994.85785995313,149933.3552590255
28,3.9326642043053193,43.17626656070399,235,-515351.8357613484,169356.44983584335
28,4.031609841675834,43.52272492326499,235,-549960.3649807484,168637.66610084753
28,4.030144623293679,43.51901928814387,235,-562525.221801092,173345.38330070738
28,4.033260921164197,43.506514607260996,235,-577781.092959695,178983.99049486412
28,4.0004035758263115,43.54710063207642,257,-594339.628816356,189312.6087749163
28,4.020626282219272,43.50775508225393,257,-615577.2323629429,193580.18765669616
28,4.002463076863603,43.5259235973014,257,-634780.3862713763,202959.3914429478
28,4.004249396204322,43.507555581887615,257,-666280.1028621964,214068.47614106888
28,4.019315931950865,43.471369921713546,257,-681975.4235185809,218955.99998197882
28,4.016663882754027,43.46430875666311,257,-700008.2384844112,226016.99746626194
28,4.008842035186355,43.46033129130921,257,-728329.2037244281,237259.2572782067
28,4.010089445364691,43.44750466571058,257,-740124.4721900079,241920.91145843486
28,4.005925721304101,43.4381011569538,262,-761601.04787088,250572.6456829888
28,3.963544458090571,43.50537017733007,262,-785055.9507955586,266506.3180980072
28,3.9642053829979935,43.48410350094067,262,-816565.3165565948,277598.96238440974
28,3.9566192934897817,43.478440116069855,262,-842886.0422239362,289369.858697183
28,3.966252486817111,43.41823354511397,262,-872432.9068760881,298482.96068322606
28,3.966652799534466,43.40535262487787,262,-875658.3023075634,299874.3051530014
28,3.937169310271306,43.46896579892393,188,-897931.7336861164,315709.17877738463
28,3.93943348556166,43.40867407297292,188,-925741.8832561796,325239.1624939959
28,3.9197519332570305,43.41444714942293,274,-957450.5880728501,343369.48929997976
28,3.897578288864419,43.42214057165407,274,-989756.3715473453,364046.905267654
28,3.879487450290929,43.42874951112181,274,-1013686.19542662,381159.67228741193
28,3.862277879161253,43.43280339668898,274,-1034244.9306020673,397392.98118686804
28,3.8446980589231794,43.43841809591735,274,-1053513.9973416906,414167.0035263011
28,3.8041890619259515,43.45135598897326,274,-1090825.84305044,452678.969424325
28,3.7704072008258365,43.462145347845144,274,-1114290.6421081799,483878.3504782486
29,6.004796231512762,41.839087333007,2,1042290.4412065266,-421051.33212797774
29,6.066557557827852,41.70442663003485,2,987816.2488198957,-401096.3722319243
29,5.712445724017537,41.97676928803606,2,931600.6072022583,-395378.4965056315
29,6.1191143237080015,41.589835000262255,2,925160.4633266547,-376905.21114674176
29,3.8148649125236496,42.77904041295528,18,713709.080346856,-370866.66727159393
29,3.7950594298163796,42.779865771715166,18,692412.0991398691,-363115.1751667708
29,3.7937356527122503,42.835475552424676,18,641704.9047313127,-345753.84186039516
29,3.7661715728324365,42.78106962249569,18,640745.5120363209,-340605.5027204767
29,3.756305309106958,42.78148078173445,18,618056.8111419448,-330168.89154599106
29,3.7808879750410918,42.86633939482438,25,579215.9990229245,-318416.94876458816
29,3.90523375088134,42.806173180809175,17,609223.514665492,-304968.2825610677
29,3.831874645485826,42.90893958536503,17,540663.9105956539,-299670.3328642445
29,3.7978709459994353,42.90846729039677,17,524795.4429973311,-293179.38885992765
29,3.713609226918553,42.76223531104077,17,505437.0871525139,-274111.7147131492
29,3.811039038765809,42.935749689657634,50,474327.14012636687,-268681.48045617656
29,3.8491275835585808,42.94262332797076,50,454146.1407903599,-257876.0275342394
29,3.829030777731543,42.95214029270735,57,438463.67816857126,-251038.29122930125
29,3.7970695252730473,42.9526348133583,57,422301.8076225005,-242555.09252615753
29,3.7314390672185884,42.90275305200748,57,404238.5472896944,-232322.78573032242
29,3.8801084826217793,42.951349992643095,57,389622.3012969383,-224214.22253803
29,3.844748492703535,42.9760743632054,69,369886.2865724069,-217247.68247664344
29,3.710503282465447,42.89181191682851,69,361246.8228967248,-210333.94720208552
29,3.7218675996489194,42.923473982727614,69,337100.48612345924,-197591.84857476532
29,3.846209693846539,42.9931639784436,77,322291.95268289885,-193618.72502789367
29,3.86487520012247,42.9911642355866,77,308450.7317005148,-186913.82928614694
29,4.646575694193178,42.91719559037311,77,301572.5928087095,-169377.06711200337
29,3.7798387622450393,43.000158588456806,77,280355.98992861994,-167422.29113777902
29,3.7697145824571585,43.00122554182948,77,263163.39409294917,-157549.39606794412
29,3.6866275369506143,42.912681806046244,39,246083.41643916344,-150743.22082981365
29,3.744302395752249,42.991450677700065,39,240526.6081359743,-144510.83621602584
29,4.6700632918896545,42.88734406502067,39,227426.92571189118,-131771.3308855799
29,3.630649426885074,42.75668062153788,39,204954.94817473416,-125156.73487500964
29,3.9617084310726103,42.90559448140776,39,210180.2212413316,-111412.0699651175
29,3.664576602044843,42.91324993759445,39,167771.01640187352,-110219.15513409674
29,5.000047836453177,43.12686728497439,39,129692.86681263366,-105219.23820134664
29,4.980232834349751,43.08616606720793,109,111837.22398478612,-97917.51779487869
29,4.955080420706246,43.08578568856192,109,102564.20673114723,-92196.22291611174
29,4.946248901612737,43.140615012004815,109,91305.89368737774,-86171.66347420774
29,4.923255322171621,43.085304399248656,109,86390.185225959,-80563.07885474351
29,3.9033099528455906,43.054686713750215,115,65158.30502958314,-67730.71770477264
29,3.9080723207790684,43.05356290346834,115,55830.73961458185,-63237.61798766796
29,4.982881725618748,42.99610150079807,73,31625.407302904514,-52755.40213577109
29,5.00802521722364,42.995331156769055,73,25395.68328873745,-49781.56344303571
29,4.909600576402537,43.211177242151884,73,3960.010627984198,-38251.56347026725
29,3.945909737288606,43.027872155089625,73,-6849.212223103559,-28910.230263005946
29,3.9275390018797154,43.06487953004511,73,-24936.041159294182,-24016.086949786597
29,5.240418432342224,46.922375803125966,21,-43216.080564196745,-16621.32566435929
29,5.262133213212874,46.8680910203026,21,-60585.126731897835,-10724.674400596748
29,5.248035046672295,46.82299680321439,21,-75560.01399194311,-5167.090168409593
29,5.250148879614212,46.795416228086886,21,-83063.5743695061,-2195.782131146467
29,5.259961402425783,46.6673857592507,21,-107596.23534370768,10098.318745210152
29,5.264210777959201,46.611941348852696,21,-113131.3437090865,14930.661522732207
29,3.297717078595222,46.09680357767903,170,-135188.24288353478,22517.17598508927
29,3.295911380514123,46.10330771145275,170,-141760.536286453,24649.37984438106
29,3.522056356285984,46.11408590378311,177,-153160.96971727393,33704.3129149777
29,3.5115623817067636,46.13221593302521,177,-174691.0146208084,39612.906840200834
29,3.4978164209740523,46.15596429149161,177,-200551.33505329484,46799.70343992166
29,3.4857197039945387,46.17686331606197,177,-220633.69343613615,52459.097176384006
29,3.3128300349140662,46.27851784103136,194,-242729.8906879519,58569.01340196504
29,3.371476870017683,46.267448564998624,194,-259999.91950587204,63237.325214925135
29,3.4045329880467197,46.26120939975829,194,-265632.7462137932,65095.88820239134
29,3.750194846290398,45.294073639947705,203,-279340.43720887584,70258.9224336859
29,3.7668006898458444,45.45697368100597,203,-292995.6921803049,81976.5621841361
29,4.102288172887832,43.3010339642946,203,-303973.6423252227,98164.94209332569
29,2.0906697332403303,46.29347319884383,218,-300071.434847338,114359.07019901303
29,2.196952978381365,46.292601198133944,218,-331702.39790855104,124983.03902701286
29,2.2150506698358807,46.292452715654186,218,-335861.6242795589,126619.75998102948
29,2.325389808850573,46.29154743836969,218,-351664.13283643045,134749.7686211903
29,4.654392081983951,41.34931041914897,228,-364001.3571893852,141603.09387251595
29,4.582774615492082,41.40792123164229,228,-398065.75204452936,154624.91544424606
29,4.564421914858534,41.42294084554753,228,-405398.3499768326,157507.10230895792
29,4.47933769207477,41.492572678004,228,-431642.04716427816,168829.49384685289
29,4.4193476137867655,41.541667785695324,228,-443480.5924895986,175726.8490465782
29,4.29560426836417,41.64293774637849,228,-459036.4554812889,192471.1862611886
29,4.801818032154702,41.84742122991379,222,-479790.73446964286,187547.26114729774
29,4.617526120237941,41.69387035795871,222,-501304.8227472333,188484.025458704
29,4.770768192648228,41.777086531194094,222,-521236.7738173247,202959.12417622007
29,4.72289325653453,41.668639297285544,222,-541326.608311987,209251.74932908214
29,0.08091663428706246,36.23480849785003,237,-557543.6894238435,228199.21280451663
29,0.07349884475022858,36.25711123211333,237,-575689.5268627868,236455.76145159418
29,0.0443591562204331,36.14182064703082,237,-590147.6600229486,241717.21473877374
29,0.060487087579709706,36.296233097330955,237,-607211.5492783926,251029.42566288868
29,0.04923461741877552,36.33006539340229,237,-634000.112808221,263665.6473460629
29,0.0,36.13585993858321,237,-658474.8113974776,271338.4550349341
29,0.03419507567143065,36.37528410732877,237,-668780.0669736264,280457.696357411
29,0.0,36.21942741626213,237,-690987.2011149824,286299.19037095224
29,0.014413819203606949,36.43475952169653,237,-711864.5075486118,301973.33803560014
29,0.0018571315879880841,36.4725131497454,237,-737000.2520035894,314982.5633969679
29,4.176138085628006,43.088254072046134,237,-758560.9142420335,369860.1310818308
29,4.12875353112531,43.073289189900954,109,-770099.5390143717,372061.41316821956
29,4.155284423485976,43.07369041520905,109,-805136.965950704,395290.7226281667
29,4.1482024150793455,43.064499989080396,39,-823221.6410192489,406808.93924214045
29,4.119467886920276,43.008987996028594,39,-835561.899971214,428976.2766095738
29,4.295338244913916,42.896998672501006,39,-873628.3749142927,497237.27046076243
29,4.290133277087877,42.89713277595023,39,-896000.8948959312,509535.6113971096
29,4.156847949872539,43.021409449149346,73,-935464.8758275163,483496.7192178181
29,4.183369431222022,43.02059688639477,73,-974236.8136933803,508736.19530013023
29,4.168144895680688,42.98682352822787,257,-1007467.2030112938,535915.3889132582
29,4.171888300847776,42.98865779636118,257,-1013520.936092133,539007.8793794353
29,4.201510598051461,42.971630872502345,257,-1067038.6108617806,576832.2516694057
30,2.1369993127423883,39.82642526742173,5,1575195.072718777,-439237.18087729503
30,2.1349007349493165,39.90618753424272,5,1485717.066992024,-425881.01811641006
30,1.9772145460363357,39.89393727951403,5,1485714.25163116,-411157.7941158723
30,2.0686931011353415,40.03194027958643,12,1305580.6853114276,-390509.3831689815
30,2.1314614334121615,40.03982150384679,12,1281604.3844892848,-388192.94585988607
30,2.1316230788722055,40.09711554807114,20,1175710.5354022672,-366343.2797405339
30,1.9743709464276065,40.08079933543278,20,1183672.7690683964,-353518.9524155114
30,2.1329873753628834,40.145942175734206,24,1078641.1434765626,-345305.07344620663
30,2.133695638762744,40.16174602756467,24,1046142.9142387309,-338066.95673361747
30,2.1953050058352157,40.16510074695057,24,1007090.5664684009,-326477.4842329677
30,2.1221364506154767,40.219106674934075,44,928428.1567262684,-310906.23717568594
30,2.5801489883775295,47.4780308571629,44,764701.8659541542,-312354.1849010928
30,2.4249522319120884,47.534934400649604,44,751212.3051540481,-306569.9580204948
30,2.5263302876313705,47.37455623828641,44,709067.9240927966,-295407.37552206917
30,2.5727179993461116,47.30117175770765,44,680920.689757532,-286380.64512850594
30,2.601166400398933,47.256166926527456,44,660863.9122599824,-279537.58272637706
30,2.6333984532098453,47.205176429991184,44,635565.1752422432,-270535.27385343116
30,2.662678786088963,47.1588554984324,44,610211.5756673587,-261170.12730429973
30,2.5559426930530136,47.1882565059968,44,591908.6690868716,-255791.88877498102
30,2.699162020374014,47.10113971339205,44,575461.2967017461,-247865.88628634287
30,5.706683605341896,42.161767349403874,66,541883.6852744854,-240156.3439442977
30,5.647211874944923,42.100362735989115,66,493032.2610119812,-232154.03827514022
30,5.61510971040591,42.089745795143315,66,471521.7724773559,-226406.4384586682
30,5.603032965158465,42.08024760831029,66,459769.8800220293,-222944.17842483337
30,5.537048757245774,42.12099393669796,97,440453.69768532866,-216168.78378974192
30,5.538596101474409,42.05775168058313,97,406650.26752028125,-205245.73658583587
30,4.59560748672441,42.95289376595889,104,378600.41580225906,-209521.66391226847
30,4.512702131728724,42.98917741429009,104,353947.08777303126,-198051.12586717543
30,4.504330966066489,42.992841067030334,104,340231.9532146447,-190961.3442489443
30,4.633506393358523,42.93630725474353,104,328405.94286664686,-183593.2761386639
30,4.593334190168406,42.88007514582273,54,318596.81699840265,-173136.84336904727
30,4.510949970951636,43.03937406084677,54,296166.15293132776,-169780.5488700693
30,5.398229479427815,42.05014129482134,54,289125.17340322625,-159223.7070929037
30,4.5145448435881255,43.05270191320702,54,266835.31965835346,-154231.59988947786
30,4.512466865833496,43.05725474424379,54,254207.09634377903,-147555.8003761924
30,3.5180349429081748,40.537183248151656,142,242100.18366281968,-138461.80868927512
30,4.472785848754173,43.0592943202343,142,226845.15631123228,-133176.72040716585
30,3.5691146893725816,40.58352258064677,142,221954.21903757929,-129307.63808724798
30,5.267270661543823,42.12408258083863,142,198756.63054744215,-119777.04597224422
30,4.442019272993365,43.0447332265545,132,189062.0762277801,-112107.49401418514
30,3.675702877894196,40.57231663054682,132,165403.35209979338,-104527.52494648629
30,5.002794310888819,43.153460880453466,132,131809.37088172245,-103439.59248446324
30,4.987351954975384,43.10531174828194,132,119361.16689858567,-101326.9236294948
30,4.983608845821064,43.0728756958184,132,104729.60784293992,-93806.53130261671
30,4.942295036720519,43.07072891777628,132,92057.61681082447,-85040.20616035826
30,4.918500537269864,43.06949249077872,132,81752.77777196895,-76860.71253388778
30,4.986079267923473,43.03435936568904,196,74368.44384184848,-76838.2019670984
30,4.605761300276719,43.80476865903362,196,63954.28538309662,-61513.62203497619
30,4.604446515769112,43.78934376282924,196,55795.487160798875,-59902.09410746228
30,4.895151569818355,47.290465370142705,202,15570.783810131214,-58467.493566347664
30,4.879488188111206,47.39856759806113,202,-13393.4485549103,-55453.261708640355
30,4.877773427260913,47.410402173233315,202,-17211.362088215417,-54765.03028696611
30,4.9464703811473,47.49252026594229,202,-48891.11488364863,-47242.323450214375
30,4.8577013466148795,47.54893143066717,202,-68392.5470206633,-42423.59042254558
30,4.853336174776738,47.579058054008954,202,-80589.25862146427,-38888.30832744642
30,4.847047924491171,47.62245697502664,202,-98464.75088145884,-33408.11730919125
30,4.890240442554947,47.641501697964586,202,-109189.58676899668,-30368.773121442304
30,4.839075962371344,47.67747618365904,202,-121306.70920434022,-25950.077799349518
30,4.889784718130731,47.70610826499753,202,-137314.6958137495,-21002.620989946718
30,4.89730821779673,47.74629888604206,202,-155410.21632026578,-14633.044923039753
30,4.890331000493648,47.76934738598369,202,-164663.12276637746,-11294.635297372213
30,4.818755572490793,47.8177191694541,202,-177722.11803296895,-5611.104612931713
30,4.811106381169782,47.870510746588316,202,-197437.6101788531,2122.3810790783073
30,4.802244641466524,47.93167083468845,202,-218793.9995976526,10897.516916173738
30,4.795683808880824,47.97695100679778,202,-233444.98900690407,17187.178695014416
30,4.7932230983435895,47.99393382036325,202,-238667.98018310947,19489.399997812092
30,4.905997309834367,47.9841250599419,202,-251078.67982934997,23069.08756089141
30,4.780317986642755,48.08299960146207,202,-263501.28406309005,30958.27103426581
30,4.925246313088703,48.082493033943294,245,-286049.03242611676,38767.806200281375
30,4.919562375306907,48.123470251145676,245,-296952.1248648792,43961.29566134761
30,4.90893053686541,48.20011837253666,245,-314652.07068976853,52930.60026809972
30,4.964392771849159,48.19749858085163,261,-323650.8556885682,57221.92885768085
30,4.990137798747125,48.26419849176722,261,-342827.591615189,67469.1562805905
30,5.004177096259116,48.29583882446802,261,-351398.592961312,72285.13424616113
30,5.034398822158628,48.37886942725625,261,-370016.2597143904,83464.12872571743
30,5.059039936729382,48.442709335182705,261,-381921.5060193346,91343.11836041311
30,5.089257596344653,48.520996889994905,261,-393400.40687371633,99919.56319711746
30,5.151002940658083,48.68096599709588,261,-406700.49915018573,113624.02722890537
30,5.301925087605019,48.44842292730519,270,-423822.08957246493,121723.91012431809
30,5.390452441608659,48.49007642294577,270,-439984.0441412255,135865.88902487187
30,5.49759067903334,48.540486628421064,270,-455539.6038780186,151668.03967404302
30,5.982437555262901,40.34343324621525,289,-471702.03717544564,165693.68011547325
30,5.954315241611407,40.3194473032073,289,-479805.08234332403,169648.05472107662
30,5.877251743161822,40.26174890138135,289,-498695.79937661474,179139.8255438073
30,5.775525597754527,40.16695493500785,289,-523965.9976499148,192563.04491563825
30,5.731182248944411,40.09245098976737,289,-539154.4027600569,201074.70512734243
30,5.591859234168141,40.01030313942462,289,-559440.1948887976,213350.6989443492
30,5.496796871942781,39.929223025220786,289,-574525.7757179597,223309.21680977265
30,5.301181337809447,39.76237960290003,289,-596449.9967873439,241376.6446196331
30,0.0,36.04444197425644,314,-618610.1877265737,253635.53861427482
30,0.0,36.77602562431678,314,-644656.7780109514,297467.99934004777
30,0.0,36.174241743349675,314,-676981.59027688,279446.36006126605
30,0.0,36.69370409430674,314,-694823.6896999604,312465.74055549677
30,0.0,36.25346441067011,314,-704831.0467819044,292687.328758558
30,0.0,36.535533282219966,314,-739630.7740279891,319854.382354382
30,4.2529340848321855,43.041482441774306,320,-749940.8583432699,391362.99797312554
30,4.176044863505793,43.0470350450103,320,-776528.7755705297,395956.5112857771
30,4.272753425655389,43.00615548577667,320,-807233.4167013693,428020.2833316845
30,4.186339217270183,43.02354929231972,320,-848497.7922990962,439562.86387201137
30,4.184101074277324,43.00914875720481,320,-873659.6116680099,455087.9558544961
31,2.2078906882175753,39.857868432239755,2,1489335.9165288766,-416427.5727742133
31,2.2723017476495424,39.85894749274975,2,1430892.150529519,-398998.5358064889
31,2.1217450127228235,40.00825855157265,7,1329313.2060653737,-393499.46242289495
31,1.894913990789824,39.944337911443064,7,1348486.2954603075,-367817.60619124747
31,1.8602988333576278,39.93458341224627,7,1324616.9411006868,-354983.56036403286
31,1.8468044670925137,39.930780720169764,7,1313526.4779482263,-349454.3905429829
31,2.1180912479017375,40.157407020282115,7,1052827.3451286852,-336952.69346393534
31,2.129510730757959,40.18076396108371,16,1001953.1659045445,-325749.9120558976
31,2.002191794312626,40.181881875885814,16,981673.8716930205,-310776.8147151517
31,2.1344056013166353,40.23202666576894,19,893334.3451715964,-300909.86816972634
31,2.1209486047674537,40.24194361231245,19,874895.3574211809,-296422.4409119581
31,4.472705941781688,42.51149752342684,29,615058.3217303226,-297763.69479687494
31,4.501197016935397,42.52630443707056,29,593961.6652661258,-291045.5410078001
31,4.531958907015303,42.53783100131242,29,562594.5886288875,-279812.9319013456
31,4.537037663272938,42.5579832448476,37,546712.1379181904,-274094.8216172464
31,4.540727543763705,42.567710623614985,37,536001.2256668949,-269877.61154207576
31,4.546304225783746,42.44924158655317,37,525179.6650258503,-252251.75208901145
31,4.55237862477964,42.59842556909223,37,495012.55588183267,-252499.51375279078
31,4.150854949476825,42.4653450783497,49,485568.5839596838,-233231.7787372642
31,4.182589695674938,42.333136905942126,49,482384.51561778213,-230618.7843236366
31,4.5946070495543605,42.60730702536099,55,427448.544390246,-225586.88802120386
31,4.0513253187268425,42.44974074020135,55,430986.20786459406,-210636.71286393772
31,4.050744345487096,42.482609431484406,55,416683.31936613173,-203351.2272281612
31,4.640252308436437,42.5513940350208,38,378583.37631328613,-202683.420912225
31,4.646635666829381,42.556329661786855,38,362822.38730525586,-196123.79012629634
31,3.54618195135337,42.42161952039039,67,330297.711992764,-183054.53894407194
31,3.521367726655669,42.394877197718664,67,317822.6991836595,-177573.5688592772
31,3.4877504711062777,42.50221108124506,67,305929.62177825597,-170450.2284070068
31,3.5024422651040243,42.545128953630574,89,284131.8063905722,-160521.71341952324
31,3.500034751944391,42.31935317989205,89,268233.4372659099,-154195.87949923557
31,3.5074865454042987,40.60310602184595,89,261438.40629871804,-149415.49648044008
31,3.55227206174853,40.524279301607145,89,249296.5045703684,-145170.168761498
31,3.5900295844722026,40.4578225110284,89,229002.5867676913,-135261.65307162626
31,3.614479813272649,40.414787809125805,89,211266.57399238474,-125952.9678099007
31,5.0008553882785955,43.115839357756634,110,159964.08120435447,-124616.46348679984
31,4.981683918548988,43.09639906904209,110,145702.33189138208,-118333.28768582137
31,4.967310593385872,43.14331922852179,110,137648.49422374598,-112936.38399013653
31,4.95448758030115,43.079043572628336,122,125470.31578190738,-106276.97603812044
31,4.98654410875874,43.05332699653511,122,117224.8561888056,-102441.71475226498
31,4.9815488990938235,43.03415061706128,122,95732.33171420686,-90018.6894452992
31,4.985286845738966,43.02794960838398,122,88249.26774111282,-85813.19298462821
31,4.916656579690388,43.14180272499959,122,82489.88416815942,-80824.8371028782
31,4.9947166127602,43.01230624247358,122,66481.81406894686,-73500.9518236732
31,5.002006844189121,43.000212225987546,122,47253.3859312182,-62552.43370469593
31,3.9649609535104964,40.55210367481386,148,28916.287188417675,-55309.70765430549
31,3.9758423159065033,40.56027024133329,148,24138.82591137864,-53315.032533846555
31,4.837584236816455,40.659180129836066,157,-4046.577483938395,-42777.097262155425
31,4.8791115803167635,40.63630384148777,157,-21804.73511925839,-36813.12266592418
31,4.666025828897782,40.61677126522775,172,-38035.67070739361,-30923.90012195158
31,4.8194341041182716,40.588799429800815,172,-50130.66119124003,-27349.80561814481
31,4.769142527218585,40.55775954778059,180,-69888.2523408588,-20272.5173073706
31,4.824606275913337,40.5422173173211,180,-80803.0100560712,-16417.7661923924
31,4.791541330513416,40.51539625154842,190,-97228.70855013627,-10262.034538315138
31,4.87777504333065,40.49604143199882,190,-113840.75198794442,-4167.99856995917
31,4.927920474326078,40.48478648614939,190,-125967.47705581086,428.5567757092059
31,4.974863816423189,40.47425023662862,190,-138916.20909790532,5431.602216071593
31,5.013538809790585,40.46556978563963,190,-150680.73086012376,10047.594658828484
31,5.058153539426192,40.45555618407777,190,-165387.0646686039,15901.276985818711
31,5.1258228959059835,40.45390806416004,184,-182302.08480172165,22921.445077126165
31,5.161724141722717,40.444344072201645,184,-197163.75999703578,29018.642153360834
31,5.202319903405721,40.43439404414343,220,-214038.0885901837,36047.686025214934
31,5.220917721144125,40.416716000191,220,-228276.74877749768,41826.28668543438
31,5.269063582709758,40.42148984914394,157,-241131.22425114608,47613.343921343556
31,5.298552225513946,40.405245354819776,157,-257941.28374546443,54697.559322854715
31,5.307566919737251,40.373727326585986,219,-274021.46816123417,61190.13536019802
31,5.247018391875895,40.29963491892811,219,-288579.1885969833,66694.38926795435
31,5.257817394168238,40.27145590565193,219,-302856.67693829996,72918.31143408359
31,5.298226033745253,40.2545514385799,219,-318707.71571058047,79957.18141631353
31,5.411764362690165,40.28717927064717,219,-336507.3630773777,88520.58014383244
31,5.445151171082008,40.259447655758876,219,-354042.36521406623,96537.72453635056
31,5.4655316850658675,40.242519276190734,219,-364124.2353994767,101234.97926123213
31,5.509441929782784,40.206046727456844,219,-384220.8888261299,110826.20340219163
31,5.511334596022321,40.140661984024156,220,-398946.8159215474,117906.59429353097
31,5.5469023464115095,40.106853272512225,220,-412382.18948565517,124829.71875854202
31,5.7210565781911065,40.297412058592585,185,-426775.4774726281,135114.40692866215
31,5.712081270617123,40.11479622778362,185,-442299.4758454365,141500.6507762707
31,5.8262333014155026,40.270120348693375,185,-457634.0085888558,152293.62490148042
31,5.902607961055395,40.25030232251189,185,-476190.28745122347,163465.90469217082
31,5.994200411919523,40.22653551821045,185,-494040.1137047257,175271.10713925172
31,6.047039006737533,40.27602618799956,273,-506645.4544383029,184298.61686190736
31,6.181022694989458,40.2572820905428,273,-525247.8248905427,199356.81366708066
31,6.3196556938478325,40.2378875621847,273,-535053.646251106,211069.329555136
31,6.219593024871994,40.48870428240578,294,-560891.4169265713,226062.19697322385
31,6.245356811308267,40.52611281117962,294,-570590.5324177548,234081.45759003895
31,0.0,36.02969186674168,309,-610625.1592730492,250261.83107036765
31,0.003608659968975809,36.06558526198268,309,-623189.0714688491,255690.07139468176
31,0.0,36.085035535998784,309,-637934.4817312126,262091.86663865237
31,0.0,36.129294032387065,309,-657971.0171003963,270934.9014746932
31,0.0,36.19647333274991,327,-684996.1616522586,283246.2210137355
31,0.0,36.69789662087483,327,-692588.5492172248,311890.4008250435
31,0.0,36.331761801981614,327,-725177.7923931604,303603.1107195914
31,0.0,36.47174485846596,327,-742127.415907297,317090.73974552145
31,4.142538190101049,43.01631122782053,34,-759746.3726632085,390424.1745594924
31,4.151440718499482,43.00456546451281,34,-802213.2295604248,415410.18954979436
31,4.309900678580994,42.92626946604766,336,-819788.4849555765,452062.18248894735
31,4.307744162675147,42.926432447368,336,-827989.4952012105,456194.67992485
31,4.242263717934635,43.02029966708885,47,-864949.7664275105,456159.3270459067
31,4.241230573056384,43.011566071414705,47,-892535.0778047122,472071.5683661424
31,4.239499169267017,42.996929807940575,47,-930852.3985379004,494443.985632813
31,4.260007176085842,42.953768359560804,47,-958157.3492000436,516972.28181407467
32,5.7456610028194115,40.57651891053389,10,2800860.9013322094,-1049317.3421261972
32,5.718863468546931,40.63379956740688,10,2693780.713239659,-1014056.988540838
32,5.638482558257935,40.673732430768105,10,2532505.920810885,-960366.5408849531
32,5.609127221972926,40.688316025661194,10,2463072.068996143,-936644.4424537229
32,5.547735287821959,40.71881525376296,10,2299622.5006243177,-879771.3039194486
32,5.516604014069271,40.734534803415364,28,2206714.4596313206,-846905.3861408558
32,5.534204356982529,40.77591956154818,28,2090907.9698203206,-803412.356085036
32,4.219391724168517,40.36509825300593,40,1918138.9556905394,-770585.3392680135
32,4.110052993339878,40.44786152103057,40,1818003.2779840194,-738682.31636432
32,4.033092271981224,40.488639736604846,40,1717238.026842462,-704303.9214191573
32,3.96550352535835,40.52445214105645,40,1622556.0924060168,-671554.9909031737
32,3.907905831455732,40.57831288114534,65,1538785.2773456008,-642301.6665838449
32,3.839397389761566,40.66105166317708,65,1441217.7010685399,-606293.2521890196
32,3.7819542654627987,40.73042667774529,65,1363096.6991966171,-574869.5656455118
32,3.698421826751766,40.70276830894548,81,1281016.0813137444,-546644.4419571
32,3.7209960661643717,40.52628926051619,81,1204761.838905051,-518264.1922190957
32,3.6607887676717668,40.56057827772526,81,1132302.2999165785,-492125.4105310191
32,3.6215418697839534,40.5829300123284,81,1087269.6635633227,-475408.56263083825
32,3.5246506113760248,40.63811113006891,81,978587.9505483598,-433025.9242180967
32,3.4829495032274997,40.66186057657693,81,930785.3138559533,-413399.60028209933
32,3.5298509638846327,40.53818839780073,85,851855.4087949292,-383252.5215718564
32,3.4492460842687684,40.58092149474101,85,770152.6141970363,-350877.1432848853
32,3.449641971018925,40.550859815382864,98,722682.5192322665,-331841.34233974543
32,3.3733165306839132,40.58969388812008,98,643933.1408656486,-298864.05619403266
32,4.527579765082072,42.565276863081415,120,555707.892139484,-277012.3351622643
32,4.57073665243408,42.57314683738241,120,499787.4391889929,-255711.24822332244
32,4.541279118339917,42.627119848352045,120,471893.00877681887,-238773.0247572633
32,4.60500487076106,42.62416975840978,120,394580.227785323,-210844.2671501526
32,4.641795222694348,42.622466603200344,120,324058.02316728444,-181076.4150354608
32,3.5599250782981153,42.333407443087246,120,260104.65859088523,-151861.27116558191
32,4.684594489634045,42.620485274112205,120,228999.82476224288,-138804.17167638583
32,4.992847790922479,43.109789566621934,120,155791.49630461948,-123045.0659136415
32,4.940250059178242,43.1805598142178,146,85359.56097750939,-83242.8107198064
32,4.937956512655244,43.226580669125354,146,42690.47772270805,-56682.361379525166
32,3.3749246753123927,42.70626205582096,145,12756.541815652023,-36039.796423298125
32,3.357538833698226,42.73405785248777,145,-47787.32712232153,-9399.222984608263
32,3.34264397333162,42.75787116675341,145,-100151.2032931163,13472.524686118966
32,3.97516848987135,45.25106137825649,171,-151458.21238139187,31973.688264411594
32,3.8937729489685777,45.22280464811916,171,-236328.83213122372,55806.38300235655
32,3.7683614106946184,45.31475282232101,171,-281873.6519113404,69247.72361474378
32,2.2696006321486877,46.7340471336082,178,-314494.1503783537,100316.50357677975
32,2.3012283612784934,46.6513042678978,178,-358531.1425319873,116730.92293238612
32,2.373800003793462,46.46144600629593,178,-425362.29401677666,144734.3174605318
32,3.4986725361418265,40.09959063336013,178,-436902.0710750729,167977.74161621917
32,3.484996800877648,40.08426242370625,178,-508940.6130514752,199156.0297841499
32,5.347833658420907,41.351787106197285,178,-545770.7558759719,215126.19112333577
32,4.78058333810965,40.16494114475362,178,-602710.0572952762,238710.43777143754
32,4.737435612637557,40.09189988433739,205,-643718.9256326584,255424.56747042478
32,4.743461979753856,40.08649629304567,205,-708169.9266236499,281239.66649780795
32,4.748987680799826,40.08154162807481,205,-766916.5885200221,304783.8698651056
32,4.7329793699928135,40.054938943982656,43,-791023.7740927277,314678.7844030374
32,4.7395476454774785,40.05020886400173,43,-855267.6048742883,340429.00178247684
32,4.745570233550097,40.04587175552598,43,-913739.7210067338,363879.9659314303
32,4.6885081246031675,39.96400316822275,79,-978159.739226995,390902.87686604937
32,4.694096289648159,39.96089206523962,79,-1026885.4597359165,410417.41101389023
32,4.7764085388972255,40.05695449171766,205,-1052094.5925159887,419280.32430718216
32,4.740119965114402,40.00054502529225,75,-1099284.9388506997,438710.70367358567
32,4.746273983537543,39.99639651540669,75,-1156018.2338703335,461498.6935962642
32,4.774247363355016,40.01456943409373,42,-1234574.730729909,492864.77364650124
32,4.739704675497483,39.965484185894375,42,-1268007.706669188,506796.7029372454
32,4.807492345918053,40.038408033906165,42,-1317394.8492096027,526139.3701776725
32,4.808347348054035,40.0278429017978,42,-1368832.3158930005,546905.1236605207
32,4.7988251771978945,39.99608794193318,42,-1457940.9855843687,582918.2499016705
32,4.8015565223229055,39.99403408418007,42,-1482000.8948980542,592635.3390427876
32,4.81087523525636,39.987026800248024,42,-1562857.6880229989,625317.624068694
32,4.736883001703053,39.89591682918459,98,-1591337.9224915202,637553.7177265423
32,4.743497762512042,39.89255126586432,98,-1642147.654411352,658006.5779580856
32,4.802152854361919,39.94634914874421,83,-1697974.9997789129,680011.4311857775
32,4.812684599554407,39.941346871058904,83,-1772891.6394657525,710338.9665971812
32,4.800744715016275,39.90642748277362,96,-1867697.6640976227,748783.9195197866
32,4.8036970545089135,39.90470635832079,96,-1889494.9494624445,757612.5296065315
32,4.8137697487144395,39.898834282854445,96,-1962564.8898841473,787235.2329038634
32,4.7262110972811096,39.802315616279245,241,-1984560.8994214796,797122.3132043792
32,4.800276300172475,39.85607844748028,241,-2084729.273514617,836846.950713975
32,4.803520225839685,39.85500349439872,241,-2103886.129048216,844615.070998591
32,4.814587744108759,39.85133600503893,241,-2168026.6007679333,870652.3910984185
32,4.722503058144835,39.734908081192835,251,-2274776.965422915,915086.4947372836
32,4.7304766703143635,39.73351617299244,251,-2313904.8841754673,930837.9401084413
32,4.737787840751719,39.73223990348373,251,-2349416.5385469934,945146.1532448522
32,4.80180171009569,39.77896780797351,250,-2413549.7855219347,970520.8757207271
32,4.815565631268734,39.7728145436534,250,-2491519.7837499315,1002239.2337041285
32,4.625358397976771,39.583918662415094,247,-2566531.5250488776,1036523.7577206949
32,4.815946442125646,39.74254272509272,247,-2610290.4520161245,1050629.2676076503
32,4.658333705006499,39.57920618870833,247,-2694084.423569805,1087466.9269572028
32,4.68458089458468,39.575455224671764,247,-2793959.0065582977,1127477.4223998147
32,5.010357237997646,39.8210841092883,247,-2812636.6354416725,1139789.3681342427
32,4.726041913371612,39.56953006495414,247,-2946487.0009204308,1188820.2301985465
32,4.734054693540135,39.56838496520334,247,-2974990.1931316913,1200320.1540796852
32,4.818076899504474,39.625997118173665,247,-3031580.069330503,1222642.4407135977
32,4.77786110802344,39.56212462693708,247,-3123645.7858572444,1260526.4858169192
32,4.729290457780707,39.49330117882815,276,-3205155.052786369,1294635.8474288962
32,4.757490612973568,39.49713358037556,276,-3266841.784936565,1319461.2495506427
32,4.781232911719618,39.48681651034066,276,-3354022.850903886,1354966.307030046
32,4.823747979630992,39.48150878803989,276,-3462091.044416567,1399176.0700987855
32,4.626437579776241,39.27667797543709,286,-3528753.622774553,1430450.9533271515
32,4.634787279404078,39.241968121202405,286,-3610475.679922935,1463948.995588607
32,4.788792900912701,38.601763932770886,286,-3699530.636254652,1507030.323907053
32,4.656811411493143,39.15041340084956,286,-3778740.529743568,1533215.896151738
32,4.852255149019143,39.28302314853657,133,-3877221.8815133716,1570854.8773437873
32,4.885197534057446,39.210106402843735,133,-3981909.200859375,1614921.9251310185
33,4.347754472284141,40.351260400079106,3,1729069.0110700855,-701768.6556766259
33,4.355519408596618,40.41535370092247,3,1623646.0718732618,-659147.5478918046
33,4.362727569088914,40.47485126540574,3,1453290.5348048024,-590906.6729210058
33,4.162962716713889,40.41013182595704,6,1381996.9078067148,-572508.4503661006
33,4.351859454385971,40.5290299175865,6,1256099.1172952321,-513454.2581801791
33,4.119000935738541,40.128634990606834,6,1161141.1142681174,-479824.5855323317
33,4.185401313569967,40.553811036956844,6,1074323.9954844979,-452955.5584872231
33,4.106130495206121,40.52735401133767,6,1002381.2882119835,-427090.6592588238
33,4.082952348789852,40.548531686868024,6,900919.208556986,-388125.7971374913
33,4.1032777707294965,40.027956148814305,6,854136.3634329332,-356581.3616403866
33,4.100637515704777,40.01105002223147,6,795472.3318134551,-333066.75870113214
33,4.496463381478548,42.54560904356751,6,578862.8836204198,-286297.3229357295
33,4.26645630998303,42.37593624233141,26,498341.81511339016,-251308.56149643214
33,4.189332632657181,42.463773660056496,26,424298.0348311681,-224347.964739094
33,4.123616897520676,42.48368715399582,26,346718.13934545225,-195212.23490878762
33,4.029979751288971,42.39904268637476,51,258091.19076794412,-171023.2840275561
33,3.6527658100402705,42.404179496334784,51,151822.6440594104,-149670.65923592678
33,3.734751974864517,42.35679803055425,51,101118.82346915877,-128590.55866243847
33,3.875544776202046,42.275431018046476,51,45153.2318508105,-89146.65992617559
33,3.6133247553746917,42.202644954161855,56,18348.19118309469,-78738.95902740046
33,3.656154129365173,42.176863799031494,56,-23475.15728762569,-56965.871912668714
33,3.8921606190220426,42.16600259631644,56,-79857.18200520583,-15835.785496530829
33,3.773032714863716,42.10650869776793,56,-136540.98090686958,11913.808137061553
33,3.922180026065397,45.23260845789389,87,-211766.8956031079,48831.68892655645
33,3.8088731752447327,45.25539831045784,87,-279256.9561389517,68244.7563374787
33,3.7693304236106244,45.35043909787025,87,-286654.04355517507,71929.275327224
33,5.555236541193477,40.856542841141,90,-352852.5472068932,117227.6958720872
33,5.553219230646783,40.89123002659641,90,-428555.7130942537,146774.64307753553
33,2.6709893023608995,47.70623586389938,105,-470287.2848421085,171395.91821910677
33,2.6396242187408667,47.788545218533955,105,-530926.2996035209,195472.35976291567
33,2.609496547491657,47.86760731214116,105,-580725.470098236,215398.3914093726
33,2.564813094832109,47.98486719882938,105,-639417.6538263219,239187.9948387297
33,2.5599242987011017,48.18914400806026,87,-699807.9063593077,264434.06454165117
33,2.5020546367164123,48.3963295247573,87,-721753.0376013381,274962.2816795434
33,5.531876094817658,41.11417021117616,87,-808898.1689409611,305393.2525489875
33,5.640820404298669,40.85232315882675,87,-879930.9766424372,321703.5579219169
33,5.632948383850147,40.89508781470406,121,-936432.6511278893,344044.16613814083
33,5.589211553782667,41.03601175902253,121,-985087.156692366,368728.3812874058
33,5.585911914757695,41.04664348851707,121,-986961.889905756,370129.0904939118
33,5.588728578095163,41.06754349919009,123,-1044026.925721342,393807.2367004793
33,5.613067077807853,41.03269328027398,123,-1121296.5801230094,421706.88408927596
33,5.675469385609485,40.873242947234885,123,-1154191.550762678,428607.47542590095
33,5.643800613663297,40.98868602981599,123,-1219343.1224105328,457550.30485554424
33,5.7093673906458875,40.84684975490134,123,-1305155.03269587,487390.3843627428
33,5.709815792110745,40.85289466859556,123,-1323143.8396373843,494421.4685023624
33,5.726391545873771,40.845276422850404,123,-1409495.8547338895,528145.1181408919
33,5.714278137928071,40.88776949106928,123,-1436506.6120161295,539051.1417884671
33,4.732894137725613,39.70326028098304,129,-1449193.0547161973,575225.3265076082
33,4.548468352011891,39.50173639521053,129,-1524728.7923443425,598084.2834216101
33,4.914311991534713,39.90149736972111,129,-1532262.1304826064,621030.5909061843
33,5.768114560522527,40.834455907591,129,-1644736.0821059286,620183.8803658483
33,4.439063984647309,39.382189157569805,129,-1651976.644426997,647617.7619455007
33,5.779200208511039,40.839969972732185,159,-1727231.8538338304,652497.6140839584
33,5.782387515750619,40.847758685499954,159,-1766079.3734611603,667741.1072207749
33,5.785812327286854,40.87056653648369,156,-1841868.7442566024,697657.4628411143
33,5.790688678009872,40.88230583008681,156,-1898888.154703924,720226.4600372335
33,5.814461833849287,40.836135234365045,156,-1932995.023713347,733233.6664931301
33,5.799439443570148,40.9033723636483,156,-1998933.6634877347,760017.6060016702
33,5.824111041066319,40.85482239603945,30,-2035980.1897437924,773785.8192619216
33,5.846223425091742,40.83253421789777,30,-2113040.225079668,804019.5660497542
33,5.850012705146829,40.83209500488481,30,-2134151.483791935,812328.5567790734
33,5.85902412028699,40.83105338377124,176,-2184052.1438888097,831976.2030589628
33,5.866272182263482,40.83020869758331,176,-2223846.0664210077,847652.3238998388
33,5.87015117908226,40.861552568538585,176,-2319902.367956514,885725.6716129987
33,5.874507949259555,40.87349444294322,176,-2371432.459321718,906249.7507821147
33,5.879814107966414,40.87355117462645,138,-2401429.2966320724,918103.575512418
33,5.88395607483009,40.87807815238449,138,-2434525.922064337,931270.1023753975
33,5.918762235804322,40.83305070368986,138,-2524060.9593930882,966169.5574444662
33,5.92856781122967,40.8228543105748,138,-2552795.4902247917,977518.519762193
33,5.935781956798931,40.82200057796231,187,-2589310.3880848014,991967.246063951
33,5.947546743891282,40.82061158892489,187,-2648129.688469565,1015256.5415840929
33,5.94684928336148,40.85252148869026,187,-2717711.0496174484,1043032.5386882407
33,5.951182665542457,40.8644718698368,187,-2766177.01225991,1062444.3449633443
33,5.958959056885642,40.88591720666946,187,-2850410.4071696275,1096381.2960356837
33,5.925080108813994,41.01211235327455,176,-2885527.1738413586,1116618.5674943062
33,5.928895425813089,41.022570108575614,176,-2917252.6051226077,1130077.5044817165
33,5.963099706035866,40.94121133501787,176,-2972522.504374065,1147057.8513787098
33,5.943616538337756,41.062920567679996,176,-3029558.433890218,1178470.2736259003
33,5.992965239681253,40.93562155837087,173,-3107510.2082494516,1200734.5997809626
33,6.04978809715537,40.822880849959624,173,-3151100.665474978,1215290.7228001105
33,6.072479459915965,40.806861319163794,173,-3215311.271991562,1240914.179437421
33,6.07754658520968,40.821877277955345,173,-3270433.6149856886,1263014.3507866892
33,6.087283669448481,40.831584620325536,173,-3332381.5756423622,1287915.387448026
33,6.043859439781214,40.973241316343746,173,-3391224.651063105,1316694.2935247638
33,6.0587157301448045,40.98422272575298,173,-3467120.3801695653,1348031.237366107
33,6.156264879306972,40.80003095281793,239,-3536518.5476970803,1369838.0271491688
33,6.170358984479069,40.80124418872941,239,-3590390.571055209,1391570.7423694904
33,6.1217521325192426,40.94145802668588,170,-3660791.208870846,1423759.572138186
33,6.172159679200871,40.88450980523256,170,-3755139.055077789,1459630.528493878
33,6.204431600811352,40.84805041255065,170,-3799358.501383488,1476709.4489145337
33,6.18747026880311,40.926819350748985,26,-3869838.001848801,1508086.231458966
33,6.221879971285375,40.90086239147108,26,-3940929.2172392905,1536031.3377099533
33,6.283746656958608,40.85419325675518,26,-4042540.9103307626,1576410.8853664391
33,6.2759534855455374,40.90169030129959,52,-4094214.367441025,1599166.8772143521
33,6.2971681041895655,40.91677635831115,52,-4167428.213757665,1630179.6489905042
33,6.386542633606769,40.835247158940064,52,-4244782.175756628,1660279.5645179874
33,6.421317710473913,40.86093466062059,235,-4345169.315921309,1703164.4008618963
33,6.41803348179269,40.92755428598659,235,-4420316.427495506,1737457.7781014675
33,6.513507310870146,40.88308482086471,235,-4495657.743456591,1769179.1959257796
33,6.611577142242117,40.90129748199582,235,-4585771.32121407,1811841.4206687885
34,2.209900587719198,39.82191397411026,8,1551594.367879364,-453118.3147662877
34,2.158345939935751,39.939415251365595,8,1440757.8157355562,-433908.56289677863
34,2.2294560222803512,39.983137012917545,8,1321705.6875287378,-406718.5233298986
34,4.492047229837848,40.343304476309264,8,999507.0468469233,-398526.7922052819
34,4.3716995714126625,40.20106153549997,8,932767.1858132667,-377657.64973725396
34,4.505587797918883,40.20796096211707,8,892297.6899987609,-361251.1927230807
34,4.507736204707381,40.18648675786438,8,849146.0993133575,-344989.30606801005
34,4.381936809559562,40.11208016993461,8,829123.7570879022,-340252.9208722917
34,4.292726853891641,40.11267503203891,8,781333.645316167,-321206.5655251167
34,4.5125030957136305,40.13883973325686,8,736279.8341917052,-302061.2648335981
34,4.474119502409944,42.51124602161348,34,599529.2419017389,-291641.9220102495
34,4.525605505004605,42.52468697280374,34,567205.150902621,-280720.35378865927
34,4.544233722655839,42.55873688449732,45,535605.1299236551,-269729.83677858027
34,4.5516659204816,42.59629062979045,45,496937.08545628586,-253297.6574833273
34,4.554546133881306,42.61084390231334,45,477633.6361337156,-244372.40820284738
34,4.557653448746784,42.6265446833931,45,454372.4749235539,-233244.28403343997
34,4.624680340360714,42.565107610679675,60,407413.6607110803,-216266.09294518392
34,4.6360344357785594,42.5805404463152,60,374787.71846662357,-202811.35515294562
34,4.613140668759216,42.644516687556674,60,354070.5465778023,-191937.4624141614
34,4.647963943985567,42.60894908349348,79,325829.7927452958,-181867.55517942354
34,4.095760182717431,42.43413515059352,79,328610.44965554436,-173289.0975855527
34,4.075033006948464,42.511655146051275,79,286099.05863475235,-153318.28589686833
34,4.652528686739115,42.67338133621292,61,240128.557847267,-140244.44799824935
34,4.657577523996533,42.68264815498663,61,217304.75034366501,-129143.05416318956
34,4.998349798275084,43.113971410331494,91,158505.26976058006,-124113.91350909749
34,4.998612648367364,43.183369654711775,91,151230.67456810383,-112659.7655180236
34,4.9869198112585025,43.06532349133216,100,128270.46308106111,-108695.83179730862
34,4.935042312038139,43.0526908460925,100,100438.68713436977,-89849.02392986052
34,4.919491421418205,43.04890406208566,100,89649.2593206905,-81770.09758422965
34,4.9462198480717525,43.00661352473193,111,56416.98288398037,-65065.155390336564
34,4.913930752068825,43.19384979594162,111,34783.311278323,-54928.89419976855
34,4.913374702208871,43.19984363758689,111,28185.997004440036,-51242.80563297636
34,5.0259744353797675,42.97321694735856,111,-2418.3373677568716,-33772.71382465865
34,5.0279156408041334,42.96939438753361,111,-9531.00782066185,-29641.672513036418
34,5.064360788324967,42.04909042178934,121,-32840.807669265414,-16129.434924996664
34,5.047018049271175,41.96144325764863,121,-63633.37924394564,432.0555453183412
34,6.056546424472767,40.689775327936395,138,-94231.53328990488,8417.354317535026
34,6.069316313841925,40.67021641382863,138,-120042.7042378686,16185.239204740392
34,6.082354145989691,40.65024710698831,138,-146087.91012221237,24181.987983345578
34,6.091087799869642,40.63687026548666,138,-163305.04871361324,29555.604270506305
34,6.1525148499944455,40.627576849239986,135,-200007.03948320204,42414.467089965336
34,6.159794196955741,40.614928256011076,135,-215877.76311976393,47596.169252379936
34,6.163358810476357,40.58531266668762,108,-245614.65056627372,57045.754704859704
34,3.8322685623127755,45.222639210656176,108,-274309.0937260779,67222.3938882723
34,6.187310800000622,40.53766406239646,108,-298450.36614059395,74948.21246111416
34,6.196936790945431,40.526674654699384,151,-312020.89245480497,79775.46186094635
34,6.180302386406544,40.46823066303513,151,-346450.19941106235,91054.19576057744
34,6.215249687380946,40.465660664055356,151,-366128.7809151713,98756.71076040082
34,6.198759371822882,40.402446395675696,151,-396040.85341312335,109376.2561612015
34,6.231785229729869,40.41056837268988,151,-409134.4632212196,114608.65894045054
34,6.236707051040352,40.39417009509099,151,-420962.2514520146,119113.31963628366
34,6.2795570051191465,40.36128175573622,170,-460295.37796135875,134869.80338385724
34,6.290633599307292,40.340075982819776,170,-476397.19801711827,141346.3954994502
34,6.306187961593433,40.310297671102525,170,-497967.1995370287,150199.56501093163
34,6.314114693376877,40.29512220549332,170,-508513.4034805204,154605.4538350408
34,6.338318443058792,40.248784927918365,170,-538966.1045555249,167629.95424045087
34,6.368429385172323,40.252403754428556,170,-550808.245384026,172962.0809458054
34,6.410468191806228,40.22389849210894,113,-578649.3695034237,185591.77319610943
34,6.428404295224172,40.190499701023775,113,-597296.7235753516,194011.36841086546
34,6.43979316278396,40.152933509331106,113,-613744.0419538,201555.01162205797
34,6.469862619532537,40.11330021794481,113,-635576.8112791887,212026.55791309103
34,6.518591539460273,40.022562169744,113,-672716.918353863,230673.59653428162
34,6.541548844420937,40.00629949912568,199,-681737.4203017937,235445.6917005687
34,6.583306189391768,39.91214948494829,199,-708382.5936541249,250194.97816140062
34,4.444377365427538,39.38276582571282,125,-718234.5906304482,259038.33346165204
34,4.391470867556243,39.22705612147779,6,-751174.9451109901,271546.6623662473
34,4.401478529880042,39.223707781194975,6,-773424.5336802108,280691.8886252564
34,4.411780573351853,39.22184349090979,6,-795231.6466557358,289667.9999534348
34,4.4233308452089295,39.216396484578325,6,-822061.3911742311,300730.7914054454
34,4.430131357306674,39.21706171792032,227,-835212.6679869501,306160.17410300474
34,4.477060625333606,39.307150069513355,227,-864090.8189628193,318533.6580939003
34,4.510768120955926,39.37185708167475,227,-879601.8057509124,325808.8487754771
34,4.469858997634925,39.21845317833698,140,-914503.360972682,339010.11633930606
34,4.479539286088326,39.21425119031989,140,-936749.2699333462,348254.15810853784
34,4.498212855500483,39.246251095090265,140,-954915.986208284,355916.50620082254
34,4.5006767614461065,39.20507590400562,140,-984844.6650834382,368287.75814144185
34,4.515358538443327,39.19870288616542,140,-1017795.9218172823,382052.40076091693
34,4.538468177883784,39.25153070472545,127,-1035601.2669314492,389692.3747483425
34,4.557800691555015,39.28160814679455,127,-1057597.737555853,399153.3294861393
34,4.562950276182731,39.23583478247277,127,-1095156.438062936,414638.2277934664
34,4.5767916952842755,39.226960794817316,127,-1127787.652861831,428355.6878088756
34,4.592137384405886,39.24250669027852,125,-1151476.4403582953,438446.81956897763
34,4.593073185377066,39.209058625242236,125,-1168218.433833037,445382.62286333385
34,4.6165037027107205,39.21937730275689,125,-1210289.394354473,463265.9809981129
34,4.628111970389932,39.20835831670211,125,-1236835.905148224,474520.2593709985
34,4.6300607465554355,39.16787331053838,125,-1252322.464241113,481063.0770689329
34,4.661722279509566,39.26174350269152,125,-1282689.0400835779,494400.97998251865
34,4.666836948411839,39.17159917187647,125,-1318351.0771417038,509319.06636969524
34,4.705475942104416,39.2954861570157,248,-1354845.0098396307,525725.6821218684
34,4.74085618297307,39.361877079841406,248,-1395459.5825137286,544263.9887576211
34,4.762894898858418,39.40323266842978,248,-1418417.4825551435,555064.7937107958
34,4.755213725098986,39.197204682689105,25,-1464851.3204109946,572837.470196853
34,4.7627993987311275,39.19430465725895,25,-1477041.4093583298,578177.8594879085
34,4.788269413566982,39.184567395373904,25,-1515927.344081937,595305.5208159699
34,4.8125955833543745,39.22637646953801,258,-1549957.3890635096,610495.0547955339
34,4.856828442069938,39.18744043341916,258,-1607495.4382671064,636303.175087643
34,4.879721937419729,39.16728840192697,258,-1631456.5819434864,647308.0802684946
34,4.911500969525836,39.13931486420329,258,-1658533.925142143,660067.4193445786
34,5.019684898523797,39.03487165795006,260,-1699586.532422483,682443.5956619929
34,5.052467456129264,39.1228913927138,260,-1741821.211027892,702082.6282945387
35,6.7413795260076075,39.38377145431403,2,688903.7365104854,-489579.16375159856
35,6.820380536284756,39.25890266899623,2,670346.6804952062,-479113.8537464507
35,6.8643912663436435,39.18933942690447,2,656082.3378204139,-469943.14157258376
35,6.831756590417267,39.02513238691554,2,636913.309608425,-457016.64936004917
35,6.9487367610124515,39.056023163867145,2,622798.8461376512,-447228.48881411826
35,6.870840582224336,38.9118707394217,2,608228.6219079209,-437048.18031401647
35,7.009106225003528,38.96060335072289,2,595397.5272112328,-427826.783292387
35,7.135813422618749,39.12070477264561,42,582654.0514338961,-417557.7935771525
35,7.077278094582866,38.875161067517375,42,566229.7204617101,-406755.79711645935
35,7.181741078413611,38.97060323524112,42,556073.034210454,-398707.2115513389
35,7.1198967127502275,38.78548820243346,42,540363.3315269053,-387911.4890455287
35,7.218764586789275,38.8496023822449,42,529766.6349139168,-379677.0558180219
35,7.189075782797946,38.725572261755595,76,514408.3835084615,-368747.6004339786
35,6.215440351450149,38.86202863399701,76,495002.37538415584,-360121.2983627588
35,6.1915662812920385,38.86749200190012,76,484837.13230773504,-353574.8703251917
35,6.152088797693483,38.88942687921847,76,469797.18367082684,-343941.8333074195
35,6.12202709415413,38.906130065921595,76,456831.5398954589,-335680.6389721071
35,6.1004916469810135,38.88992589302817,76,440063.2746031456,-325140.9388080615
35,6.067117268660586,38.93663961658144,76,429605.2823387465,-318466.4507274324
35,6.069164452901242,38.8983374810624,76,422408.98907383875,-314090.7256493116
35,6.022972999737906,38.96116750019666,76,404240.8257484821,-302590.02527792804
35,6.023505899558835,38.911341102608105,97,394547.6875425341,-296817.76712460304
35,7.409245767417547,38.34760074453865,97,395098.43393428077,-280018.2102210362
35,5.973097714766092,38.939827086316086,97,362961.3269552344,-277447.94189703924
35,5.954247163635587,38.95047965185872,97,350065.80546851567,-269598.4021170683
35,5.950588962765456,38.93414383877516,108,344656.3338152881,-266349.6694162601
35,7.421791609176141,38.133596307823986,108,349080.21875183744,-245648.87231474082
35,5.8995587892099985,38.98138439777069,108,309220.99519913987,-244953.8041949479
35,5.895539643267908,38.916199235553925,108,298536.3638530807,-238536.56341872914
35,5.874953502026071,38.90948870507302,108,281167.3391424229,-228102.3439543097
35,5.854348376667502,38.99830713516995,112,270719.6474215777,-222076.89796959003
35,5.840220147849832,39.014714864477796,112,258977.85186420497,-215077.72510424105
35,5.825705441894234,39.07077528888434,112,249769.85442821175,-208960.72103742548
35,5.8152299113248,38.890020414677004,112,230937.49645778153,-197998.46565668852
35,5.79923196335581,39.06231623367113,112,222042.99047141956,-193093.0407034289
35,5.790713710915518,38.99439672722561,112,210709.86082961826,-187054.62937131056
35,5.767215658406534,38.87436905467026,112,191299.88550170805,-174257.21941729044
35,5.7662798746778146,39.10058493374205,112,189192.9874145546,-173605.15927680576
35,5.745602484032658,38.99225482074572,112,167092.47131354007,-161870.27466671268
35,5.734751591324644,39.007341315865645,112,155845.6794638288,-155474.0341396889
35,5.726926348594437,39.146287902714185,112,146207.58647843136,-148231.4329563285
35,6.030370643184403,41.224702567079795,32,131543.05111651475,-135094.3159510186
35,6.0442981738005175,41.28306197467552,32,113526.63110579389,-131779.2497375497
35,5.991433744708308,41.303708520850016,32,106489.71047586911,-125617.33934964433
35,6.09166599468602,41.35641934140776,1,80781.90026542968,-122001.38409425512
35,6.08120392441759,41.3894175386367,1,68812.80016477534,-116784.65065036641
35,6.1417148071517405,41.414099969358766,132,47562.973278361584,-108749.80388831558
35,6.067928998852656,41.44383636175562,132,45162.97966662961,-105614.22163160781
35,6.009665938492635,41.467316937018616,132,32527.125079493333,-95922.19513392543
35,6.12464823417662,41.520003615450065,139,2839.219231667218,-87369.71523470158
35,6.178222360765517,41.508724216211675,139,-1924.5666818337645,-85910.19091595098
35,5.989490025165697,41.548459579118465,139,-10907.263107385155,-72463.69440821676
35,6.220758386232614,41.567239631170736,16,-38945.913703016784,-67627.51200691752
35,6.216855428068311,41.583205146426735,16,-45171.54051584479,-64588.742027843735
35,6.207514818433858,41.621414022705025,16,-60635.044698278434,-56793.46483281952
35,6.198634570060036,41.657739736412665,16,-75818.01877332562,-48855.65117840789
35,6.189439000448891,41.69535530919976,16,-91720.7341784591,-40290.70183107799
35,6.178624265707785,41.73959426981121,16,-110257.94863240466,-30025.01719689428
35,6.223166830212799,41.733524663313325,164,-115717.66776776675,-28667.57520828015
35,6.1701008180408685,41.79588058652341,164,-133753.575324981,-16966.075731583544
35,6.224519619728222,41.81646794328275,164,-152421.42039026885,-9755.994856344018
35,6.252052772580509,41.82688410135504,164,-162675.92228910874,-5408.952809402862
35,6.303259511539346,41.846256292045396,164,-182864.00687306185,3783.959209668356
35,6.293999407702613,41.87193549976872,164,-191111.29252403622,7733.131823235531
35,6.231112917853195,41.94605228228436,93,-205418.00809256374,16384.262475655367
35,6.2099705887905605,42.01258305148091,93,-223966.9021874924,26176.263931989808
35,6.1835670734660715,42.09566974353016,93,-243237.39056471322,36055.77377184041
35,6.158291369565472,42.17520743389102,93,-257929.3674136709,42849.276003990904
35,6.110383349344397,42.32526184939505,142,-279793.9384043108,49856.960270134645
35,6.084739399334341,42.44026938479972,142,-302779.9495219755,54732.814837360675
35,6.078988889597022,42.466059169600825,142,-308658.83988856926,56071.76340730068
35,6.038222167774229,42.591045961977905,142,-335009.31169058714,63361.02675632574
35,6.043971122414654,42.62310623518313,142,-350041.2423194898,68864.2648580279
35,6.02944942546089,42.68823288594836,142,-368200.8599821723,77266.76671369416
35,6.020974418122009,42.72624144961343,142,-378153.60159945773,83138.41939275285
35,6.419291680122566,42.36526683223018,82,-397579.8872063326,92337.08946365547
35,6.401844464571521,42.439913928834834,82,-416062.312681822,99502.6632515107
35,6.280512258113672,42.60878816092992,82,-432545.58212329866,106340.08735829344
35,6.354531299571034,42.591641967390544,82,-447402.74533541955,115473.923897769
35,6.3470253488465005,42.67445495432598,82,-465632.27138429397,130231.98576749806
35,6.455809287874765,42.63613591214017,214,-478257.94122148125,140144.56470205847
35,6.534599064593993,42.67820697920094,214,-496488.4525879489,161087.24632404
35,6.571251326540158,42.717016418055934,214,-505151.3762233572,175127.04178080976
35,2.902867670813229,47.87800639592161,227,-521040.39809971006,194768.22024094887
35,2.8722345387982964,47.905705579414395,227,-543349.8875965066,203014.2657616939
35,2.7680897905766444,47.902751157283745,235,-565745.6162061999,210422.50767261852
35,2.7249652572036327,47.94162200481535,235,-591565.208074164,220246.38100859226
35,2.5291760744599663,47.95206778885322,235,-614281.6558075153,228396.2857236236
35,2.6302273016556104,48.027015267942645,235,-636672.4007709727,237772.42805745453
35,2.5469923518198248,48.102040150331106,235,-663514.1308291634,248634.23868255367
35,2.2984095735249896,48.3261034043147,235,-682655.1872814111,258920.5189043906
35,0.0,36.26661804550979,256,-711946.1925634025,296334.5955949001
35,5.056148136143189,40.164219352409724,256,-725891.6841183202,315213.338223045
35,5.1765995408752055,39.84200363214258,256,-759089.679831111,331327.84343414905
35,5.140661190310584,39.93814117024897,256,-783782.725813182,344222.61930404993
35,4.989406957938245,40.135489257163684,249,-823105.9956161334,347801.8793398272
35,4.915141458684468,39.92032310679988,249,-850168.4747013283,355270.3975234277
35,4.929028683942445,39.93862811181889,249,-869568.3751502399,363949.6081917184
35,4.9989488550477805,40.02508864426934,249,-899826.9529108916,381234.29647330294
35,5.006493739115857,39.9377936529515,249,-928374.7793790005,393296.65435111
36,6.765861893123229,39.249472260429776,0,625058.7800508644,-511690.9810956606
36,6.781448303160384,39.15181583787541,0,609454.7718102062,-501393.59103801096
36,6.778621403232356,39.069842333974776,0,593862.4695809926,-490328.4420831918
36,6.899404615806155,39.043973653176536,0,582037.9057668354,-480809.15493557416
36,6.835444789773608,38.960651749717854,0,568323.9995926162,-471101.8761614268
36,6.861112299458641,38.91044241451399,0,555685.9849512873,-461193.12825844524
36,6.643157362258709,38.87448427141559,40,540281.479518479,-450025.9854382383
36,6.5856746707403895,38.863703226399046,40,530111.7502953958,-442199.0238967096
36,6.539386577199728,38.838586690120025,40,515388.6557052441,-430976.13648620556
36,6.47493824150604,38.843666889520975,40,503233.5398396378,-421707.887133608
36,6.441656013727959,38.836692110818674,40,492913.7309740906,-413940.98690406606
36,6.410482762960464,38.83084547749377,40,482608.2989767458,-406235.9682949283
36,6.370280411934881,38.81269354157035,46,465270.21654337575,-393378.77394066524
36,6.3294590531395345,38.821485005641,46,453632.6486169231,-384843.1057682304
36,6.303151785635301,38.81747381504026,46,442794.6239011206,-376939.611548424
36,6.25421045286033,38.83866116017673,46,428199.2357775297,-366420.7434257943
36,6.266134106268793,38.811829558466975,46,426604.917712319,-365222.17403438006
36,6.20310517159353,38.83347437543534,46,403724.564479874,-348961.24179324857
36,6.20044888432709,38.80181422924978,46,395279.33829523984,-342822.79090433667
36,6.175173307338019,38.78671250864916,40,380007.2872861318,-331911.40245073073
36,6.168372473058581,38.78543699251413,40,376448.2316801814,-329396.2379341913
36,6.145592990923361,38.78116463476841,40,364319.6976262204,-320850.2275825177
36,6.108844828133088,38.82575141321799,97,353488.80303245137,-313798.3316728044
36,6.091280419890823,38.81609898019611,97,341927.8848057974,-305739.7689559726
36,6.058771997283756,38.79823413854967,97,320463.4430191339,-290790.149155693
36,5.980986665854418,39.090609794642916,107,317123.5704607491,-284897.54184039606
36,5.968461265910028,39.067302555838545,107,302172.61314724264,-276101.73033602384
36,5.961010302999189,38.999358264930464,107,284539.8961051753,-266604.1373698277
36,5.943898393270174,39.02159601226467,107,274136.9004745842,-259316.3422507904
36,5.958899763925358,38.86440114794139,101,265804.41312108166,-254872.8181839807
36,5.941583837435167,38.85961146502921,101,253323.05720597235,-246565.42994529483
36,5.922739518265695,38.85439902008328,101,239690.30361754153,-237511.4383046598
36,5.8911133852593185,38.958651080160195,123,223484.07343283852,-227582.8121760979
36,5.876320576874998,38.944466769350534,123,210437.6161019589,-219251.7842322666
36,5.872189565940407,38.94401127497893,123,207050.96600492342,-217083.65980414613
36,5.854327429097444,38.942041756397266,123,192331.44887921112,-207684.04674138103
36,5.8352138842526085,38.918808319436394,96,176139.13611097308,-197223.77239915237
36,5.826378851933673,38.92030382946422,96,168975.09264079345,-192683.37799634883
36,5.811076416735805,38.971215805213525,96,156291.83147303443,-184963.93612164384
36,5.795525434473175,38.92552640178079,96,143501.2089775517,-176630.38164934228
36,5.777677726559718,38.98599793585275,143,126422.66784385352,-166370.5655650184
36,5.762107424255052,38.99315003769288,144,111985.87167629303,-157461.56129433174
36,5.758010325210927,38.99384753743259,144,108183.38513868116,-155123.0769712364
36,5.740294820472725,38.996863466462095,144,91606.80786708076,-144963.40546715885
36,5.732223613679036,39.04448953306167,144,81200.21194166402,-138435.49931182901
36,5.706898564753924,38.925785924838515,123,68920.32028909569,-130050.46173002824
36,5.688365772338641,38.923742458295116,123,53586.17893656058,-120500.42813595757
36,5.690262075785289,39.02838541151182,154,41042.31353659496,-114380.19803333322
36,5.677748031473681,38.998626912327936,154,32828.4278329355,-109286.96253788762
36,5.671247475289453,39.127298908946614,154,11643.718314444473,-95678.57829495537
36,5.663052160637076,39.16993073994526,154,-556.2222487000049,-87158.78127801561
36,5.655555988269912,39.11968478055515,154,-5199.34450527216,-86106.55141294815
36,5.651563395502047,39.229695021659275,154,-16704.57588620058,-74923.08002321873
36,5.623967836432581,39.07860893559267,114,-33527.7678650917,-70236.27320367296
36,5.6092075090290745,39.07277059446096,114,-47785.23584837713,-61959.02606523553
36,5.592001129117569,39.09415572898178,114,-70388.16390144936,-48853.2351535689
36,5.587447985944351,39.096370119581586,114,-75725.81755186662,-45778.49689946828
36,5.519029127608335,38.94043824768149,128,-89417.91060646296,-33477.16725437566
36,5.546396862554293,39.03501384765746,128,-99979.26740397206,-31103.581369276508
36,5.525698678459823,39.03339681642191,128,-118669.31306972909,-20129.59948315263
36,5.4652831072293795,38.93784409107746,128,-127930.86637996932,-9615.385816175894
36,5.433138377825379,38.93629256295536,128,-148975.1125149485,3612.060233154668
36,5.424720488693407,38.935886257101835,128,-154209.01872470108,6933.558152259505
36,5.496023576672291,39.143685532940445,168,-187705.81338208466,17537.427809539324
36,5.495315553178173,39.15335785123137,168,-191866.00770526953,19859.754946591365
36,5.428300681784934,39.030151722929055,143,-200866.3747930361,28212.699460783086
36,5.401899368716991,39.03348828431216,143,-222900.23583139526,41044.58180450818
36,5.466498646696106,39.18895390414952,143,-236783.4704334485,44693.07809442812
36,5.36474935525221,39.03818325156585,143,-252162.45071174463,58152.84849136445
36,5.438924695812143,39.19806473199985,170,-271219.8586343857,63383.16943589425
36,3.775160160916834,45.314787553511415,170,-283857.3942296548,70024.70105903395
36,5.416423154438952,39.21982206353859,170,-305644.90110041836,81960.93083756404
36,5.3920938758186585,39.19137927888939,170,-317590.618955118,88405.60379949605
36,5.3895478502954015,39.245808501212245,170,-347626.6850128975,104366.60709000751
36,5.377205542108746,39.242051202739475,164,-359248.8632728171,110440.72381402085
36,5.360525082173394,39.25471711509624,164,-383720.48201901116,123308.50089663027
36,5.34936107506318,39.26319423959738,164,-400134.14360515476,131887.52743736166
36,5.348659472106667,39.279749574850634,164,-409915.920345875,137064.6440511975
36,5.319809745766966,39.28563334189686,164,-443577.68192553084,154396.95558774887
36,5.312099718817296,39.29148776833302,164,-454880.8087314922,160206.99050157133
36,2.487810849328077,47.694721829892124,205,-468749.88519787113,169665.8741742032
36,2.457503270977358,47.7431567293857,205,-501595.3870513997,182955.22033396945
36,2.521000318212986,47.75719216102057,205,-510758.1321987894,186492.93905356294
36,2.427264041697307,47.791482399420886,205,-530818.7244914114,194866.81659968113
36,2.3888938570159555,47.85280224547012,205,-562847.8227547648,208053.6081856114
36,2.3675416819195494,47.886925409082735,205,-578272.8478087577,214473.40520131314
36,2.3278658285450677,47.95033185971621,205,-602531.1524600312,224710.55518445955
36,2.287040781552797,48.01557485026494,205,-621778.8010224003,233042.6422710796
36,2.543620347002451,48.06616507820844,213,-653086.044654401,244199.03259142232
36,2.5440163744750546,48.15020069022829,213,-673414.3922335665,252681.9437189456
36,5.156234996415181,40.02042793648033,213,-697150.2943670761,312465.19879677484
36,4.849818046439091,39.871587612005705,186,-731842.1529065103,299876.47263385035
36,4.860022295569424,39.92601990058492,186,-743737.9740031083,304909.1751797219
36,5.131929012495575,39.53476298113257,186,-774527.3484437818,317336.31305816525
36,5.104821975923528,39.5671272586191,186,-811605.3824258747,334434.5236398217
36,5.083516761793659,39.58090678503892,186,-829727.5953577178,342490.60507814115
36,4.914025610437932,39.79492739086832,186,-861018.9589027425,355404.4203453625
36,4.966844770321836,39.73186428389444,186,-899645.817395576,372847.08633851295
36,5.002232964520225,40.01755155633749,234,-919997.6468207994,386586.7857756443
36,5.01061336920526,39.91916970421565,234,-951094.3328872925,399398.4366126057
37,4.27657512958087,39.70697009694014,0,1140490.7826873676,-485821.0973380841
37,4.174664521496964,39.66481346768267,0,1046796.1063557438,-449662.5788214738
37,4.111092588483767,39.63851612276827,0,964774.7856285931,-416692.47285130207
37,4.043133119358911,39.74212167886498,0,862103.755253705,-371068.41250987287
37,3.978510552603237,39.58367186427642,0,772124.9228106174,-336695.1524361919
37,3.919501029099458,39.55926181853358,0,688180.2218273865,-300661.95346386626
37,4.356923681319064,42.51079450113509,19,545499.3015217935,-267760.22444313247
37,4.290104458281518,42.51485923538228,19,467123.2246577231,-233883.5194437977
37,4.251862142072447,42.517185584677,19,419990.16547043005,-213937.13593452596
37,4.169988397775621,42.52216611269366,19,333802.83013382315,-179021.97305505094
37,4.07744380302107,42.52779576785263,19,269471.04855627083,-154755.2632759628
37,3.675307914046561,42.52373640431923,50,160161.8053212575,-114884.75696412676
37,6.4459044173825975,40.361247379909656,50,62966.093086885725,-83034.55154979927
37,6.418561971237999,40.311892342687976,50,-23316.38915982578,-56666.363258139405
37,6.441591984102972,40.28127363668144,50,-99038.4142565848,-33172.81736952028
37,6.5122807281619055,40.25612558230533,50,-180501.85166728095,-6768.344689944324
37,6.488280544491067,40.22661117631125,50,-260960.5964049871,21113.35664309962
37,6.498201428490566,40.20601063335358,50,-328117.74466013,44891.306861802936
37,6.499665553724896,40.18474040703772,50,-400446.4810346392,71137.62230624881
37,6.5322084598292305,40.167125966461086,50,-465786.8740803209,94805.9320650882
37,6.537021966030827,40.1543982164205,50,-512402.16510000586,112078.21972915926
37,6.544537529495488,40.13379051709257,100,-590192.6522711283,141206.42323827164
37,6.550290477533897,40.1172991230201,100,-654339.431574027,165484.7722008886
37,6.613603757672129,40.10455925352603,100,-701210.2083183302,184650.46175434932
37,6.566486523868842,40.08807809641115,124,-770789.8200643654,210105.2095474802
37,6.730826966543596,40.075414803286016,124,-800445.5219234359,230841.43244333958
37,6.635318679857659,40.05859960513402,124,-879547.1587987234,253854.62965657542
37,6.571714612252529,40.04740146686598,124,-941472.7046951519,276541.22455504205
37,6.573638436347917,40.040126191700985,137,-972508.1382655681,288747.74179624475
37,6.636734706332441,40.02635170693283,137,-1011562.1116802457,305369.8064669491
37,6.5801799774823255,40.01326736568579,148,-1088504.350957105,334677.7226804125
37,6.684887794079857,39.989840744721576,148,-1143590.0841802002,359842.1272689354
37,6.71185711345392,39.980033893537,134,-1170205.5791925245,372177.50949455664
37,6.587807092260767,39.97527152018884,134,-1255643.1562734984,401654.4097888886
37,6.694836205445662,39.949611524966585,134,-1303892.831488996,424421.92980220774
37,6.5913525602749505,39.95267961417729,178,-1356234.6165816705,442386.6209987163
37,6.755593861655147,39.918080113740814,178,-1387956.363637357,462696.72508613527
37,6.658792042934847,39.923910345898825,178,-1437344.1181821057,476712.424961285
37,6.594326543282112,39.92779300878807,178,-1467727.87844925,487885.9085448145
37,6.700268644713173,39.8908064768261,186,-1542896.701453196,521877.712496746
37,6.596409981144554,39.89998849969472,186,-1592786.6161769426,539349.054435443
37,6.6874954536717395,39.87529219867543,186,-1618718.4785694194,552435.1886132563
37,6.716221889687771,39.85672976265959,151,-1665912.6214580063,573619.4158584268
37,6.693791779078308,39.84615542607521,151,-1731973.977403174,599801.3366393022
37,6.596890363452925,39.86012424527578,151,-1772298.225178136,613995.5552923626
37,6.596355102355023,39.84708553249746,151,-1830925.8424605378,638572.1073118523
37,6.589688792802141,39.844703201217015,114,-1848439.9424668702,645945.4913580451
37,6.587859210893887,39.8374792183985,114,-1882470.6087357337,660278.5351592322
37,6.594097092400199,39.820278077205224,114,-1951134.338630621,689270.5524193926
37,6.592372120240783,39.80700929608813,114,-2010409.1326238099,714424.5055927099
37,6.5788865333637885,39.80205119627985,114,-2047619.5787426885,730314.2110120668
37,6.576974087265663,39.794500029703556,114,-2082313.6271957792,745128.6007588087
37,6.588106680831548,39.78276958587908,114,-2118195.815084131,760434.1946095506
37,6.572798364154951,39.77801246395393,114,-2157257.319449591,777252.4159332274
37,6.62010346502412,39.752225213109355,114,-2199147.2765206965,795633.0274750761
37,6.554162339242128,39.756938041851555,114,-2268416.280402048,825371.9354534914
37,6.510113964290406,39.76154804948613,88,-2304182.0874671256,842166.5956260477
37,6.5088461844655585,39.754204614864854,88,-2336772.5967777353,856306.7526801431
37,6.567758156763681,39.71506579694775,88,-2414268.80088909,888742.1509563599
37,6.566000569759045,39.71077226874608,88,-2432723.123860412,896842.1973516046
37,6.5540546789731025,39.702800636197054,88,-2479059.3702993784,917257.3975732209
37,6.501303510336251,39.71051474596763,88,-2522202.207750714,937402.9806308814
37,6.548351068912031,39.67397868607906,88,-2588737.5266183848,965875.959172981
37,6.5177545818713805,39.67387386718441,73,-2633137.9532779376,985952.0359520394
37,6.439754404879125,39.693809788994905,73,-2661676.2012632573,1002259.5193620189
37,6.510909874838341,39.64350759755449,73,-2741943.6677076225,1034871.52737405
37,6.509860351717865,39.63885143010928,73,-2757709.3420935282,1042019.0303208906
37,6.4747157543922835,39.64192214377738,73,-2796790.591219324,1060495.8534019147
37,6.5028153988107125,39.607596777649206,73,-2856681.290610468,1087322.4631463327
37,6.483016548289923,39.604590114910295,88,-2892466.2849177658,1103981.2851065774
37,6.479058188251866,39.58166187644394,88,-2954176.4102037945,1132808.5598321925
37,6.06570815950489,39.59230767826314,13,-2976364.20108102,1205869.071810247
37,6.085639101619987,39.58752323430147,13,-3016460.2365645096,1218536.827209002
37,6.481551054565353,39.49248414675206,13,-3095676.840611345,1203723.6105006072
37,6.167616112425013,39.5678445652212,13,-3139296.1259466177,1254378.7436581142
37,6.312965218859641,39.532953356837865,13,-3205446.1404553945,1261254.4547642807
37,6.339360715724333,39.48703891188847,212,-3236307.1194694103,1276099.4150303432
37,4.241220312857934,38.27841422748317,212,-3265771.415089566,1385697.2799013157
37,5.123267778526963,38.68819676885746,212,-3325087.782349944,1423800.6515198755
37,4.275261649350649,38.285463942345956,212,-3384617.573216826,1436220.3140355502
37,5.245406112595133,38.486373852068326,212,-3436305.673841651,1466523.9977669402
37,5.196100574612991,38.56403972699754,212,-3479274.258515172,1485576.2007071192
37,4.329200126705566,38.296634211338365,212,-3569387.734732283,1514894.045540394
37,5.214033006491707,38.479876708443065,212,-3618501.904051962,1544062.485045021
37,4.36615511720538,38.304287322896904,212,-3692574.8185149394,1567433.3814325214
37,4.389640642518186,38.309151005522686,212,-3769047.2747378876,1600085.3918944723
37,5.178877836049092,38.472596326615935,212,-3805361.324917728,1623548.7487637117
37,4.680111338613442,38.58437851578916,212,-3860893.467045613,1643844.9988958745
37,5.155498099658047,38.4677545521116,212,-3919170.5208681636,1671934.3974339578
37,4.719500433200303,38.5694904348198,212,-4001848.337717505,1704451.2702867573
37,4.491131962218882,38.33016912462886,212,-4077999.2077036807,1732313.3484272645
37,4.875650608559878,38.57922966123897,212,-4138518.313654885,1765531.9377600916
37,4.565591977121974,38.34558925579373,212,-4274938.631809799,1816919.0960395776
37,4.586381041127755,38.34989452076288,212,-4324211.486121107,1838139.1194429938
37,5.013814868375257,38.438412978475235,212,-4425594.2829662785,1886691.2008606708
37,4.651805587650089,38.36344347170104,212,-4459913.0109211905,1896741.2931108125
37,4.711618045403379,38.37583019959855,212,-4554318.004669136,1937749.754945811
37,4.786419212984238,38.3913209810184,212,-4625007.368641846,1968891.7000142077
37,4.793444221383052,38.314125999734735,32,-4760623.512852756,2026527.1167310257
37,4.819537495249465,38.22713661854027,32,-4855496.914975667,2067537.3899789264
38,3.677013197386051,38.5193152745488,3,2021439.0561516543,-859245.3788799363
38,3.7625551682076304,38.432074140990444,3,1924276.4177698167,-822848.4076754823
38,3.7716992738347077,38.58352924387614,8,1895451.6079368687,-810441.2284483952
38,3.8379177883615374,38.5615032396691,8,1791935.8255509145,-769502.679978589
38,3.880421639752761,38.54736535064745,8,1710788.5881635195,-736638.6177996952
38,3.921882398766309,38.48170858134253,8,1627607.9728449224,-702578.6712580156
38,3.948070094844443,38.52486371093088,8,1556556.7516823285,-673160.6005108933
38,3.9466410198251367,38.710606476387255,27,1504350.323431599,-651070.7340348562
38,3.9369223470016514,38.912471289654235,27,1429302.6268438972,-619020.4431968473
38,3.999789359149836,38.676259905763274,27,1375540.4440152894,-597619.2560521972
38,4.020785244837483,38.66269152940859,27,1318135.2648543695,-573621.2745480989
38,4.046846884914818,38.645849461098145,27,1241758.6615868884,-541574.7914343958
38,4.040249036016677,38.90322582933347,27,1193921.576920156,-521234.84645190835
38,4.0785709468820475,38.625348110563365,27,1141206.0121450343,-499227.9231423251
38,4.075861948649555,39.02919627030996,59,1079262.6694254344,-472769.9113338281
38,4.0777617564122455,39.31274261865578,59,1021075.9599967991,-446830.1727660847
38,4.078619727216763,39.440794779188046,59,976177.6049267212,-426181.55501194583
38,4.161596980228373,39.35002223726337,78,917231.1146321627,-401643.8077670841
38,4.148697411474644,38.813880872368344,78,870868.0987709506,-384577.7271621749
38,7.077962618548705,39.4508999363655,85,806842.6606832724,-361053.2987991581
38,7.115773034932669,39.26280781120155,85,762405.7497636602,-342543.1969662546
38,7.071736149836036,39.373551656822194,85,719209.1427117176,-326518.4656977448
38,7.039498807013461,39.42713268407493,95,667686.8011605106,-305180.61080574983
38,7.038397890553892,39.38118025281246,95,622580.0279144787,-287136.8520058105
38,4.281089973265045,39.13337882378446,114,575414.8350530696,-255681.99603091387
38,4.45469513150068,42.55417430327312,114,512600.2185100072,-247154.80888581518
38,4.599421831950663,42.528455163794135,125,456825.669754478,-228058.10245786505
38,4.604473379058443,42.595446098807265,125,419733.29209062376,-215881.35447975138
38,4.63811938202279,42.567277766256105,125,377246.8358474081,-197435.71786101625
38,4.653818695963501,42.47829414768612,125,352288.44317777135,-175996.5293481741
38,4.637436941321991,42.66640061792476,125,282320.32152296475,-153239.04034885595
38,3.5668390485410586,42.48575014358708,125,220369.91556629393,-135697.4930571742
38,5.051422021095099,43.17657935159649,125,182756.51030279024,-118437.40681490283
38,4.98009595615928,43.182635977149296,125,132939.65760396476,-100127.27398951494
38,4.956661353085537,43.19094646131983,125,99677.78847748187,-84498.3438577666
38,4.940015964962967,43.205985307462925,125,63464.42424175296,-66537.46959556482
38,4.769843718944414,42.63622855568586,125,24540.69638077757,-47512.511243003595
38,6.219922760623909,41.034141573087304,125,-10901.938009262061,-23699.499088661967
38,3.915287923774086,40.73523871172535,42,-32462.821124867805,-17053.903985539433
38,3.6321593102263967,46.07270873081989,42,-93736.75626852414,9511.713434665824
38,3.6300581821848503,46.11231867270286,42,-131737.96247574713,20556.64633139009
38,3.6285239975690713,46.14124073850142,42,-157588.6497198075,28553.81302570673
38,3.6442599175325134,46.26082367383716,189,-228910.2131344751,53360.14593240931
38,3.827462903344951,45.295197881340854,189,-272775.35648597666,66568.38217003689
38,3.7791962607478338,45.296466304732554,189,-282786.2750157525,69419.30541527229
38,3.8403986657333613,44.9605716086541,189,-289575.766128897,96295.48870589335
38,2.523187542999752,47.52475557270638,198,-331304.56462209,114587.92981190406
38,2.496618579118699,47.59499666571925,198,-392317.4818288189,139009.7943492852
38,2.475650715216499,47.650429978257485,198,-436427.97597256885,156719.1508093165
38,2.5195729747489475,47.698852205153955,211,-471684.69297212234,170766.22055612324
38,2.512659792270149,47.77411233501062,211,-522160.1135275963,191036.37478694008
38,2.4971210187131194,47.8459694277047,211,-564079.1482869321,207938.83328080125
38,2.5024973861752007,47.88474502910014,211,-584069.7475535414,216007.8711088438
38,2.4950931721365572,47.965350757611404,211,-619990.172452572,230600.9937549322
38,2.488284765882942,48.03947024459666,211,-646399.691738632,241429.4889480825
38,6.686957951471315,39.44254255669911,236,-696393.6082018618,260719.88320408054
38,6.696660386361889,39.33526156880467,236,-724051.6572829278,274195.3990330638
38,6.686605195703285,39.34000796272509,236,-765613.2348804828,291560.13069765066
38,6.674367994265612,39.34578434036711,236,-816409.4308472163,312800.44287055416
38,6.649371868190772,39.446361525596906,236,-861669.7998643097,330298.38145413506
38,6.641998387604551,39.457588374259736,236,-883558.795086754,339542.60058888124
38,6.641869335987442,39.36112481866438,236,-952173.7785837402,369662.63797917723
38,6.62724141865986,39.40940727964305,113,-992127.5039818812,385568.99467180006
38,6.611086513926027,39.46012902122699,113,-1021062.651787637,397556.53912120557
38,6.608976855506849,39.41844519129275,113,-1067404.7873684287,417271.90683770267
38,6.406207274662902,39.82018089832881,50,-1084082.7148436597,436178.7586265576
38,6.336186142576839,39.86018728947565,50,-1155590.36090043,466450.10365009145
38,6.335454675703725,39.86060521116535,50,-1156032.8155094518,466639.7186194254
38,6.1212038129215784,39.93968061707352,98,-1206327.239802852,497801.48703086417
38,6.156753375028785,39.92248595605868,98,-1245564.2806066421,510999.58242690546
38,6.524768459206815,39.53602805213833,272,-1312437.141095095,521780.22775311564
38,6.520801567873204,39.519622498041095,272,-1354910.4240395958,539422.5589105003
38,6.412822577208354,39.71396746175464,295,-1379806.869260014,556879.6431965317
38,6.409074293708665,39.700704282034934,295,-1431240.5748729766,578080.1853098975
38,6.4018804446165145,39.697100800764304,295,-1468068.2064002617,593522.4677041448
38,6.501531335021828,39.456319441751994,295,-1513136.2840001187,605931.5210967626
38,6.3999649744948375,39.66847125113766,295,-1553729.166827276,628669.1515065556
38,6.476995321036794,39.45854537314028,222,-1616202.6583864822,649742.6236980298
38,6.4652013525935805,39.45537210244346,222,-1668264.3624665157,671894.9485269206
38,6.456913836358272,39.45525401959258,222,-1702734.7108327234,686572.6584165283
38,6.443604818471256,39.46119533838249,222,-1752727.4242775114,707880.0853406152
38,6.428253808603358,39.461958654133696,236,-1813979.7659275194,734006.782189228
38,6.422069037916598,39.45408196163288,236,-1844060.1676383496,746838.1017651492
38,6.398170947960671,39.476158793316635,236,-1919900.2715141277,779327.6498518197
38,6.330682391994537,39.24438960494124,236,-1943444.1525384905,796102.7163863408
38,6.37512310439909,39.487038163810304,236,-1996404.2805771949,812189.1933436401
38,6.232124102006286,39.68162486614977,179,-2041074.294107559,839453.2472357688
38,6.349883079497712,39.42596530818878,179,-2117159.9382656077,863903.7111101409
38,6.327061250630911,39.47551243235919,179,-2172698.7621799633,887879.274834465
38,6.294819719385833,39.496770936816745,316,-2255782.305208535,924133.0418648106
38,6.282760480333674,39.48496190698476,316,-2300608.1475450816,943407.9736640432
38,6.266059492590322,39.47528584036213,222,-2352254.9847837104,965784.3752002747
38,6.240750320958965,39.47729444819907,222,-2413817.2223412227,992827.3620032254
38,4.843573750063855,38.36567631215503,319,-2443808.2889778507,1033532.9142036401
38,6.053080330172721,39.40660239427374,319,-2554963.8115723007,1061808.3784485457
38,6.13172109702847,39.45559463560343,319,-2589687.4577810233,1072445.801478765
38,4.8955064960407375,38.493654824709886,319,-2663108.7906615892,1129903.6645438548
38,4.934767589367012,38.44415959403238,319,-2755540.4270031773,1168783.2758498127
38,4.953341380031972,38.40010547988296,319,-2775010.153950563,1176632.3858624874
38,5.082068210395418,38.570929518944205,319,-2869705.266310775,1222048.8183998163
39,3.9623052244118413,37.93942038880333,16,1257719.401483015,-540990.7613104858
39,3.9414472028742127,38.137989140520375,16,1204227.220859251,-518106.61335240194
39,4.017349428138741,38.10432908198488,16,1144533.9996005762,-494783.5054902156
39,4.073883546605335,38.103613269155844,16,1058254.7777973579,-459475.34468917624
39,4.087902216871332,38.073041316833006,16,1054355.1976204114,-458058.558741267
39,4.1702261669113705,37.93606973734317,16,941510.9645370356,-411040.3090002105
39,4.1732106756449125,38.03520991326238,16,898347.6413470872,-393363.5733006873
39,4.196992263677491,38.055717757416026,26,826769.9806404625,-363469.0896944603
39,4.217029902333722,38.053547552952864,26,775136.3183608303,-341872.97204111505
39,4.085963565217124,38.36144039891032,50,719267.2706317551,-315411.6570799174
39,4.241140632005482,38.10488945406863,50,665583.488045468,-295862.9900071478
39,4.280238865490299,38.02062371322794,64,612315.5634497972,-273576.8770480366
39,4.517569412472789,42.542596073247346,64,534435.5622618663,-260771.7196924539
39,4.473425825786838,42.583536037146715,64,496691.3331246432,-241006.47979580867
39,4.588958996970075,42.6148785271935,64,424804.96989250736,-217080.4610630513
39,4.631009067037082,42.59339008599005,77,373903.9719903842,-196861.5196177152
39,4.639509327653183,42.61284783573456,77,340203.3218870396,-182337.70385183216
39,4.649976880993061,42.63418180897598,77,296488.30943156575,-162848.35851600193
39,4.660100239000228,42.655952858421855,77,249364.3436684947,-141205.78279802267
39,3.580242470961576,42.531505857773354,99,195735.04138053773,-125350.57251388411
39,5.026188055368246,43.206027033572894,99,161125.72769745256,-109082.9938927264
39,1.258490252249965,38.51532086390255,6,118733.48549095707,-92049.0356950225
39,1.1887807733350984,38.52547055232982,6,78245.77858197964,-75876.55967061789
39,1.1339899357391956,38.53344808908557,6,49161.557131255606,-60120.21764013107
39,1.1413565501981007,38.368923280480885,20,3923.8692898722966,-34156.297241107415
39,1.086295642885373,38.37475195640678,20,-18896.204219864183,-17969.084393396763
39,4.815390325702011,42.64988196982302,132,-78043.56320158373,-2904.645954571019
39,6.131985442004917,41.863515238273294,132,-119911.97871469762,8538.512094579426
39,6.084824594090023,41.8360024359043,132,-135176.2254015798,11873.809322761543
39,5.881131417498554,41.77139083208024,132,-192112.87221410044,38845.972626960225
39,3.881206056148942,45.26106023158717,117,-238326.65562741473,56721.5778452882
39,3.820814575235476,45.37547792623596,117,-273230.85386870493,69695.0997583498
39,3.790551022968542,45.43281524981024,117,-289147.5977035464,77411.13742507911
39,4.98835400265704,46.19043495646612,99,-298699.1771615189,100203.68631715527
39,4.989482595633666,46.101409816947715,99,-345967.263421892,123516.72047492844
39,4.990075557374913,46.05463608821031,99,-370818.27402585145,137040.3649339207
39,4.502537798076653,38.15634764756229,163,-403630.611406963,155682.95204750096
39,4.516566477133718,38.137351119512815,163,-441698.45062251453,171670.58145671763
39,4.5297942843921675,38.11526086591016,169,-472105.70482096594,184406.2562455666
39,4.585607296449403,37.95237400403215,169,-513535.6550070241,201578.19904537353
39,4.575134290560403,38.0171188453746,169,-547712.3790804863,216032.86080466033
39,4.593645562753367,37.98254285392827,169,-585953.1937144111,232185.44260514432
39,4.569640127517382,38.08066379911806,169,-608370.327702284,241918.3379692203
39,4.58390296353553,38.06380041103477,169,-650705.0621631835,259766.63775964268
39,4.585116611547827,38.08517565525694,169,-686661.7794069529,275097.6375272227
39,4.598630639566526,38.05549212240012,169,-706940.5205181197,283543.76680103806
39,4.640776000740302,37.950580667760775,169,-751962.1221390911,302446.50553468155
39,4.621777668405564,38.035394183946,169,-784620.8346563871,316361.7148830006
39,4.654693005648865,37.95611754762089,169,-820360.2197970205,331386.5361908439
39,4.6407428454185204,38.01892723421227,169,-847271.0309742503,342839.7579399199
39,4.667980671650354,37.9616282682949,169,-886316.0722954458,359299.94517831615
39,4.661544127270929,38.000866044357466,169,-914684.3759430686,371341.91569417494
39,4.668318154322183,37.99498434007009,169,-936301.5873153647,380484.27319967595
39,4.7074490261020685,37.894479539616896,38,-960098.4461951721,390662.12137982086
39,4.6857981677237905,37.98018185822831,38,-991796.4895816592,403961.28756774875
39,4.727144222251369,37.899790367282726,38,-1049401.8770746598,428440.78010344354
39,4.72914331274403,37.90032942386355,38,-1058455.7898077688,432271.42562940565
39,4.707804735651306,37.98197572834852,39,-1091186.4482352028,446048.4229940964
39,4.720759245849201,37.975696345788066,39,-1137754.520966167,465760.9278596569
39,4.729409956167957,37.97150312515052,39,-1168461.8179597436,478760.60168377485
39,4.741513188199951,37.95368722569067,206,-1191804.5112250305,488638.0235681751
39,4.769351699511834,37.91374962892643,206,-1243711.716678196,510665.5123467053
39,4.752536972976398,37.968857614041134,206,-1262830.0984307956,518723.47378384107
39,4.784660454376093,37.917601829101564,206,-1311627.6386268178,539417.186243478
39,4.772272945772784,37.95855324689976,206,-1328440.290724475,546504.4942919736
39,4.717250778660889,38.121173271495515,206,-1361533.2766051812,561390.6017239051
39,4.8052078197836545,37.922772240759684,206,-1401837.4025667582,577613.2991871098
39,4.815758137706038,37.925427057360295,206,-1447658.1753690133,597017.2274512452
39,4.799450175770565,37.98168225430287,20,-1479330.6026393834,610448.916443622
39,4.806779408945262,37.980906391226036,20,-1507684.6595067882,622459.3648275163
39,4.7403768015856445,38.17021119344553,242,-1550849.697297227,642266.8665871775
39,4.748472793734349,38.167251569584806,242,-1582697.621830882,655736.978385029
39,4.756831410043021,38.16419593911785,242,-1615238.202663647,669499.0444006842
39,4.820435721408335,38.03073087780746,242,-1651349.2166721246,683516.2098464281
39,4.869351841227528,37.94922623095911,242,-1692319.2461169148,700651.9971617446
39,4.788382350482323,38.152661970897874,242,-1734664.0026643067,719997.2759714724
39,4.845154292309352,38.041639129135376,41,-1769394.3929520622,733604.9949349411
39,4.8597838602616905,38.03700892114929,41,-1817326.7879255267,753889.0187544267
39,4.910979145853492,37.95208665245179,41,-1844494.2095113127,765140.1559285512
39,4.883289410094116,38.02956949539823,41,-1891166.9340579745,785137.3595243001
39,4.89833959578763,38.0248061633424,41,-1936308.5390597545,804241.6481603981
39,4.931768267208538,37.98049220158976,61,-1966834.7192399753,817019.634754032
39,4.891076122061346,38.08034800553546,61,-2013862.4262024704,837518.3668954851
39,4.906919639475629,38.073117816050114,61,-2056675.7952041987,855595.91017382
39,4.947947406777065,38.02112168621559,61,-2095304.0145566943,871605.702090163
39,4.94371046601217,38.056328321632535,61,-2148031.53356795,894170.692738868
39,4.962986100661734,38.04753188537898,61,-2191284.385417948,912436.6153241176
39,4.991333532272653,38.02974531824702,55,-2239968.2419612347,932963.1291553469
39,5.017528778612327,38.01788625089378,55,-2287307.578876629,952977.9764064255
39,4.993508973431496,38.0786955721196,57,-2336463.6832479513,974205.2028512219
39,4.964493288543351,38.146697929804624,57,-2376127.985721954,991842.404368492
39,5.044963334835787,38.06518396740985,57,-2438795.8231777176,1017450.2424246159
39,5.06815730841877,38.05909336995321,57,-2476645.2260294114,1033448.4937835898
39,5.154114890361011,38.03652142780268,57,-2572224.806440686,1073914.7688514525
39,5.167044925339244,38.04152890119673,298,-2593705.3896067524,1083053.0447977819
39,5.374649709029241,38.18705597996737,298,-2638636.465737149,1103015.26971543
39,5.2434609537965775,38.09509511096796,298,-2702980.635441856,1129671.8622217015
39,5.2294044201685965,38.140834246211035,311,-2753868.1176761035,1151503.1949011073
39,5.216955226774006,38.20456666512691,311,-2816840.1051006485,1178910.897124771
39,5.2279484075675615,38.33347026582045,311,-2876735.010701201,1206741.1970066715
40,4.386342995156651,40.21543090293065,5,1183640.2554486247,-476631.60206189443
40,4.374272991055962,40.2784730491358,5,1119634.1806522722,-449051.63195793185
40,4.280923505482077,39.973620946778915,18,1038453.1371971972,-428971.2764352994
40,4.45322344494367,39.96334693262198,18,1022980.4056157399,-421634.5079033101
40,4.225497529473266,39.976925923344524,18,963265.066041145,-398820.8843651054
40,4.365445359646327,39.77966797420039,29,892938.2643435568,-375141.3321898115
40,4.203255781092865,39.83318282887322,29,864127.9978623838,-363026.49705222377
40,4.166790733740172,39.84521456190516,29,820711.8596882999,-345055.4507042502
40,4.23883800629775,39.68874652533651,29,766258.1811015743,-325480.6398636165
40,4.124097618496623,39.80757912075505,29,735088.2689468337,-310740.4566272425
40,4.504276201244148,39.73386039285962,29,700889.2993378727,-294888.83282622014
40,4.077751019457215,39.874593436999724,29,671800.5989358523,-283434.2437474908
40,4.537456071204032,39.72291261227591,29,632459.234281568,-265973.01417897857
40,4.509056062827048,42.53445672363396,49,539721.1318886647,-261944.4508836972
40,4.464037483332362,42.55974497620829,49,515001.11586626153,-248750.53446192158
40,4.5841658323599965,42.58588041831007,49,456942.88864437107,-231272.43739852664
40,3.5059775775938746,40.91621310804536,59,479456.35573657585,-207135.58901417418
40,3.622612590507675,40.90250328596004,59,441491.35071668593,-197480.00784055475
40,3.6936076491249836,40.894158196451635,59,396572.9291535845,-183376.3303671205
40,3.733546062692439,40.88946364949956,59,364313.8927182496,-172499.3029695979
40,3.742010345112099,40.88846871836221,59,356867.0872519297,-169920.42683169522
40,3.9015150046225964,38.279554542763314,80,273193.8721773895,-152705.40827843203
40,3.9425071862252734,38.224212924561726,80,244130.00654771758,-139526.93863710988
40,3.966116505756635,38.19233909163993,80,219870.3000628742,-128135.78511163672
40,5.078694826355301,43.15224158157485,104,183211.40189683015,-116343.23621390712
40,5.530248827759479,37.82593983600188,104,149304.72379694914,-110124.78612837136
40,5.523278562652205,37.73258410166201,104,116360.93510403972,-101481.8504235401
40,5.520365748962459,37.693571545207355,104,92432.89508193941,-93461.54206428087
40,5.367303639419263,37.68683753654478,71,60123.89163157935,-78134.64950927666
40,5.545220399513081,37.60041932993959,71,20532.017519667552,-67535.89593749864
40,5.410484348780281,37.62304154541965,71,10870.431877424964,-61787.34129502921
40,5.561065425408194,37.550718259983476,117,-23819.027726156506,-50758.00211580247
40,5.542851696573214,37.51958308842422,117,-59465.122895708315,-37092.35737719103
40,5.549167823018782,37.4929270036126,117,-86223.16384713436,-26696.820695443424
40,5.54655486282278,37.480234845341414,117,-100791.94735386605,-21008.779986186444
40,5.542393394939443,37.46002098632566,117,-124543.90878908774,-11687.59738443999
40,5.467690082914859,37.459000186803834,106,-155780.45344880177,1117.3030835659347
40,5.533434456714813,37.41647894991239,106,-177669.20370962739,9349.338946439497
40,5.53006236699272,37.39251382931735,106,-207142.33157113133,21119.017471025294
40,5.452080932571984,37.40715814170956,106,-228609.25291639555,30282.176931333495
40,5.449850331853533,37.399749736992256,106,-239305.13330739838,34594.5331253536
40,5.520549106445017,37.33479314636394,111,-280220.34661545244,50565.16540379087
40,5.5162970133100755,37.31855223838652,111,-301874.6219823159,59356.857341001334
40,5.50255271096637,37.31534118237099,108,-313503.2756495827,64102.46755061702
40,5.503430280045577,37.28782218418863,108,-346012.18740142445,77366.36035997483
40,5.504005823773494,37.269774161328975,108,-367114.77755819145,86013.79909666881
40,5.4914791412312844,37.25888015556825,66,-388015.3140602068,94611.13086821818
40,5.4954475989591804,37.24126443182533,66,-406192.04931333766,102096.89033421244
40,5.2011889136942395,37.4195421221788,70,-412425.7355344043,113596.51774216173
40,5.256766505673012,37.36264047468561,70,-441702.8961474917,122156.01815520426
40,5.313277246392541,37.30478344753643,70,-469529.25505612546,131067.59108501066
40,5.389766000016403,37.22647246030329,70,-503650.8525796343,143176.61837810304
40,5.461266429289275,37.15326863701331,70,-531416.1786327835,154193.45061673768
40,5.460267904963593,37.151120935457705,220,-534564.2500635633,155513.8911623348
40,5.335894453209652,37.21019248588306,220,-571675.9457686078,172361.52402122464
40,5.352017379876693,37.189496211467734,220,-581993.0446728781,176309.01320961592
40,5.422273708292058,37.09931132864053,220,-621394.2591651363,192146.97971583245
40,5.468854788699685,37.039517294803616,220,-642487.0886816971,201315.9431912736
40,5.493568069944386,37.00779396932391,220,-652052.7640801034,205719.91086810676
40,5.619149725791988,36.84659045679615,220,-683762.9797331129,222933.59563997143
40,5.682201856460336,36.765653277974174,220,-689635.9118711671,228291.27916656708
40,5.391775903374868,37.030203165210615,28,-717090.7568842099,232983.14179856743
40,5.34572114677696,37.05390965026172,28,-736669.5241375634,241523.5239995431
40,5.359250129567726,36.997975659573356,28,-776352.6652678982,258531.55315044374
40,5.355096688294208,36.99386030622773,28,-783852.3471222539,261779.51410969655
40,5.340136274960081,36.98525362273205,79,-805374.6746672327,271120.4392049652
40,5.322303493123189,36.961393413435,79,-842269.838028409,287195.96357458294
40,5.188205439999419,37.08483558124055,79,-865800.8378126086,299442.5918059206
40,5.10410988781838,37.1622486161222,79,-876022.2136226392,307353.36834545684
40,5.460536528969937,36.63153730728384,87,-905431.9321499371,320376.8704388818
40,5.393290186969944,36.70993584150939,87,-930614.5055688036,328915.8860805613
40,5.283472966584407,36.83796524585902,87,-964183.1060270022,341259.68388240703
40,5.198904575803601,36.920077079898974,60,-993652.5616674031,354204.4145635802
40,5.1978263669736435,36.892565212383865,60,-1012597.9958475191,362625.03855829994
40,5.197119235940689,36.87452186609146,60,-1024190.9023697779,367824.1325713553
40,5.111297291612642,36.957745312133625,245,-1055261.197960922,382638.6914178541
40,5.249044297322702,36.509266588256935,102,-1085536.505129639,402182.7608598274
40,5.228631402880972,36.531652093513955,102,-1099342.4669218753,407644.6615470494
40,5.156008488270877,36.611292961761485,102,-1147117.942197719,426993.1628766202
40,4.4413041684249865,37.39506311032106,102,-1128068.8538398796,459337.5356304523
40,5.073779162650159,36.70146856161178,102,-1197619.1493878702,448417.95975663234
40,4.643984425338467,37.27307173064321,76,-1207398.5309063205,477659.46936530713
40,4.987156419055934,36.80821180773482,76,-1241378.2773654326,468177.0455888317
40,4.8789059001518496,36.95484768943202,76,-1272516.3866126463,485392.6245580932
40,4.912241023390493,36.55419634690155,269,-1299178.4596184217,501266.05444910855
40,4.8648085289385055,36.633497934854674,269,-1333207.0839450194,515860.10235837003
40,4.750604035611111,36.96414594052872,269,-1356076.3576001595,528187.352547153
40,4.770888531177763,36.79052119599731,269,-1381565.115409665,538533.5001127932
40,4.6759591291799945,36.81948263812881,269,-1413947.893145811,557386.7809079931
40,6.014524726620716,39.27518016043392,106,-1439725.1297696866,611382.2070823407
40,6.0954162703189585,39.54384200070275,106,-1467410.5856637992,634475.3467434966
40,5.961860191187025,39.2887922491673,278,-1526445.2610062324,646542.9756637905
40,6.0696254865618045,39.56427445962735,278,-1535264.7685820095,663557.5638529393
40,6.057518962083694,39.54713756283867,278,-1586904.298130407,685068.0851916136
40,6.050042031339577,39.5365538985765,278,-1616569.8419415203,697351.4061306432
40,5.846910221838655,39.36437054259627,278,-1669528.115852587,711900.5120393813
40,5.920445898188694,39.353109379711086,278,-1705174.9469700153,725177.8255554163
40,5.950239151748688,39.395282004247534,278,-1772350.4403853186,756330.4911859503
40,5.807839131160313,39.494163835739656,278,-1779689.4900836963,770789.2573417065
40,5.915699285279354,39.442355468489254,278,-1840331.4974398129,788266.3514849554
41,7.156690631751543,39.196068710884525,2,1090331.618835832,-449841.955738842
41,7.251204003817923,39.2004904962207,2,1022910.4350256663,-425554.84174867754
41,7.130370502668926,39.34405829224914,14,978113.4728477555,-411667.3132586515
41,7.114029665677128,39.37217715685274,14,950715.8630223625,-401365.2488078576
41,7.0811844668940385,39.428696275054826,14,882162.2101810605,-374866.9557602717
41,7.005364760308473,39.47308139034193,24,838678.0569569697,-356745.3814827965
41,6.956809684682799,39.50099273691042,24,798730.3127262308,-339889.51681939035
41,4.389850620442893,39.89787681993297,37,794960.120109642,-320997.48011261085
41,4.41463478912327,39.86507886393302,37,753297.9661555733,-305527.544827074
41,6.887752629611469,39.552614091079356,17,697666.2293924494,-297754.8129225947
41,6.857944322705658,39.578854070472666,17,637625.6395398993,-272758.18194669776
41,5.125143693451606,40.744949904243505,54,626147.5552268523,-255637.18164605595
41,4.491498508080028,42.5586840826689,54,523532.63029463874,-254061.84112991762
41,4.566839189905095,42.56457639001419,54,481865.9926452519,-239502.4464087972
41,4.430596457503504,42.56556456505395,54,473512.08444519073,-226890.6742904555
41,4.471511038271285,42.61589584402885,54,446481.3522846277,-215266.48958998424
41,5.646399636211839,42.76612126897794,81,351490.4520540956,-197841.82540299825
41,5.632822988153865,42.795674071344195,81,327031.8099698852,-192266.84095010237
41,5.573104337310732,42.823277929663696,94,272618.60256395355,-177471.92102142167
41,5.55795431348272,42.85205587743971,94,243383.83075629023,-167272.50528834865
41,5.534792139706932,42.87698094512241,94,210588.35959513788,-154614.999682197
41,5.527502657643469,42.909899757514346,94,180803.57532234848,-140360.34479905802
41,5.438731779341569,42.85736643493731,101,155545.99496688793,-128367.23067526473
41,5.44404569432612,42.91730015249751,101,125041.4718292876,-116392.82291263196
41,5.397362161638395,42.872262268881485,101,117144.72289266999,-107994.01630305544
41,5.411908498603504,42.94147466395608,101,91258.4975455334,-98036.1943026006
41,5.347669837956336,42.89015483456045,101,74506.87674583249,-82477.71849248467
41,5.331164592858898,42.89609782856981,101,61631.3032976501,-74023.4535418653
41,5.3114718809742385,42.90318852416794,101,47348.66698723329,-64112.31994986375
41,5.395891693147405,43.029649272012165,121,20009.72354128836,-47858.10415951074
41,5.3940894345953,43.04444041241161,121,6716.105365820795,-36598.339307455026
41,3.6072572433801566,37.865518062409706,151,-8201.828214408946,-28949.445778322355
41,3.6383329843431884,37.845782765293876,151,-43658.90994523042,-14035.785738362167
41,6.417293619242502,41.87392947963342,151,-89484.02179464155,-1662.7017470783014
41,3.683204006746192,37.81728648711768,151,-98935.35718011118,9686.17256635766
41,3.701060550739869,37.80594631660988,151,-122233.74455804688,19819.818450593775
41,3.562998141121993,45.380830662256365,183,-139301.80943498906,27912.344028606454
41,3.6040181974060017,45.3423103992878,183,-180758.51356066234,39961.53955087488
41,3.621101260075822,45.32626839140283,183,-195324.8336740879,44235.558165213464
41,3.6888119857794983,45.26268400863553,183,-240650.9323410648,58108.82480205152
41,3.7281041785881293,45.198584970427646,14,-256371.69495027285,65238.67338320356
41,3.763419452358722,45.32309190190404,14,-284137.7306289486,70156.45326451838
41,3.804539433701844,45.06705727753384,14,-282941.8359814725,82993.08208122473
41,5.973770496098518,37.722270297011185,204,-294205.68833061896,95971.24209922171
41,6.011804144560887,37.688825277727375,204,-330038.0927839196,111301.95728713731
41,6.039610711931822,37.66437347729447,204,-355468.5374085734,122208.28067283727
41,6.069483187389534,37.64407956825832,204,-380747.19821998524,133070.10739514107
41,6.099307554166189,37.627701795058975,204,-404344.9102804254,143248.11266876248
41,6.100711214674328,37.610644540547966,204,-407895.3678599058,144766.87407641404
41,6.145581617720011,37.584754107777165,179,-441102.49238707806,159137.32337338704
41,6.156729874816409,37.54551823422356,179,-451927.44329699996,163803.73604185358
41,6.191800474671033,37.42208857078405,179,-473801.7172753671,173690.5423415342
41,6.240665967726527,37.54102582572563,65,-501342.15496029047,185579.45664694105
41,6.280888162819434,37.42967561331461,65,-522766.1151068531,194719.07672237215
41,6.387517604548341,37.35770637236182,245,-561918.7411092375,212266.81512769725
41,6.378581117616661,37.45749022591714,245,-565713.75211294,214492.7362497574
41,6.4728237749738655,37.338291255617776,151,-586282.1889340892,223786.7351218009
41,4.018246017149127,37.60451107399234,151,-611458.2546025651,239971.18580509396
41,4.037710167045889,37.59731465969674,151,-636227.2699098131,251231.03644379403
41,4.045699809033613,37.58707597114344,151,-653877.3269017718,259257.18030044396
41,4.060775159849738,37.574452538650206,151,-679711.1690693978,270998.4502361802
41,4.073338950174064,37.56280045167995,275,-701902.1193735993,281079.09192450694
41,4.05808079475278,37.53348157074296,275,-716616.8552983431,287864.46515010716
41,5.451519819750322,38.47056302862061,275,-739961.1990286376,302395.86532311473
41,4.190279285937504,37.581284300132204,275,-765288.4658863405,310661.821181145
41,4.353231056409219,37.60704081785351,275,-788052.7386658081,324180.5169721719
41,5.440704336318064,38.50723691668944,37,-816489.1770719517,336675.5717986408
41,5.4432595371151455,38.54189850293918,264,-848827.6694316026,351347.1410212278
41,5.438403380414194,38.53486621141595,264,-855783.5514113771,354384.72478108335
41,5.397286473068936,38.48129411984299,264,-882861.073214373,366873.45889781736
41,5.430622222084162,38.58407639886936,264,-926819.0229306539,386706.530586485
41,5.382211533774941,38.49140601539477,264,-933673.0382669502,389808.17761259724
41,5.886253954697702,39.16456168203521,264,-955931.0165741718,397735.4394921132
41,5.887383973831643,39.16983355525806,264,-984009.5944575587,409847.6269170909
41,5.416085830232367,38.6325925924771,264,-1007094.6133345097,423558.33979591983
41,5.40287829379495,38.60364278784094,264,-1032704.2771383002,434277.9507831208
41,5.403465949614408,38.67471229987148,264,-1065327.0895506495,450866.39641095797
41,5.393451572324628,38.635455479198065,264,-1086384.4141998764,458947.8795109214
41,5.388477654318273,38.72473675187107,264,-1116372.101562902,475848.17451380845
41,5.377264956025302,38.762159892826084,264,-1138960.9225122533,488095.2355463922
41,5.813002516120854,39.24542210333881,6,-1185483.1931678415,499682.617483208
41,5.897362512166536,39.21759216647443,6,-1224620.485614636,513938.3010557714
41,5.902957484479714,39.217662962111675,6,-1231761.6961811788,517047.661097947
41,5.322547232632928,38.61840186502803,322,-1273943.37865782,543126.7892667832
41,5.330660022467028,38.7365156975083,322,-1313709.4682351216,564495.7138445482
41,5.902874423910264,39.24571751519913,326,-1351508.0197451054,569111.5827600821
41,5.897820879541029,39.25044072817416,326,-1365528.834531359,575236.2101115821
41,5.904542782811304,39.25465969409617,326,-1389145.5150524192,585527.259210402
41,5.87485658941941,39.271903928086886,326,-1422328.631811011,600417.6317605036
41,5.952623305769701,39.26605728939118,326,-1451190.808720147,613422.5738110269
41,5.826302785109359,39.31728395084877,326,-1500123.2539921417,637217.8612882597
41,5.737629615784446,39.42646196171378,35,-1538065.488520565,666940.7884295873
41,5.912915057022812,39.3054338875313,35,-1575867.3140549297,667451.9472020764
41,5.773812340767087,39.40147913660072,35,-1598340.9653022601,687858.3208368697
41,5.851722646946947,39.3476849695022,35,-1639413.4665056637,697595.5332311412
41,5.916882608908692,39.3377897156351,35,-1670014.4728431932,709235.2486187592
41,5.8401317635773715,39.39333375680747,335,-1728210.9888008358,738895.2093922823
41,5.831982173573666,39.42720419982759,335,-1772209.7794611007,760460.7671901374
41,5.8272064336523375,39.44705261266931,335,-1789222.0984668862,769450.2733931685
41,5.916178655600604,39.436531682642325,335,-1842968.2785169827,788664.6124733321
42,5.789120812378531,39.84441061262146,1,1472854.5672779842,-629091.217949885
42,5.824693856815513,39.82801150328426,1,1415113.51971621,-609890.936612808
42,5.841926380045888,39.8013219169362,1,1352018.8208371478,-587338.0064832601
42,5.917599619658896,39.85524549875629,25,1302778.8175158906,-566942.8551586529
42,5.887926629728396,39.778834387129976,25,1242394.3772674655,-546138.0208337336
42,5.9021188689010415,39.76409701165082,25,1187613.4775581637,-524811.9557593409
42,5.816636738077354,39.707583994061316,25,1148471.1412642482,-506512.1462419771
42,5.807285838583377,39.693907998805415,25,1113055.252137549,-491572.81534126465
42,5.964899517435467,39.75425265080029,25,1053161.6802154507,-470645.8456071454
42,6.0395382159226445,39.872548058964114,25,1048079.5669679714,-463365.5966681113
42,5.84634776343114,38.38127009895726,25,941713.0488766499,-436648.78766336024
42,5.795158045333964,38.456012186401765,25,901744.0903751443,-420002.5244806922
42,5.787514205103311,38.306501089213775,73,862727.0492135063,-406603.046541432
42,5.761340055098172,38.27247900381362,73,817413.4742566313,-388338.53729240067
42,5.727074673779329,38.36334231398215,73,787981.734244146,-375100.38932006777
42,5.71875436877032,38.235893532187056,101,746768.2636877699,-359127.89590301405
42,5.701584953575289,38.394421130121245,101,735775.4766014616,-352281.3794361535
42,5.673543399150197,38.28942355436587,101,683157.1089636903,-331580.8300231723
42,5.656983491567134,38.16755382671166,101,639825.63403495,-313571.4543932685
42,5.639110648204336,38.1604950605635,101,614411.1129067389,-302495.00062429346
42,5.6178688267083405,38.266322266973226,101,575384.5824132141,-284943.79299315804
42,5.602084909736331,38.12489680106056,115,560589.3281939061,-278652.8919187849
42,5.657579388259651,37.97536420894533,115,517478.7411077744,-258514.1221273773
42,5.569015381996552,38.239656633432304,115,486578.5023098058,-245751.89000745225
42,5.558433886215489,38.24251662323461,115,463482.8549476733,-235432.6831158298
42,5.690060005525098,37.887843593877946,115,427821.4751339268,-217331.4981836458
42,4.57448101933157,42.6407290820719,134,405777.32778679626,-204845.0785104472
42,4.617217669702931,42.6151570922312,134,369843.6017737058,-192595.41795657793
42,4.628015911395219,42.61593187077284,134,348263.16245492507,-183422.97203126753
42,4.63981013718332,42.61046881858944,134,328918.78314579796,-175303.25544520945
42,4.652817314500713,42.604443930672225,134,305658.4171286,-165345.98502455454
42,3.871941454062807,38.28011622596009,156,233412.9779822289,-144816.21817665693
42,3.8446263368475058,38.20444529299644,156,208708.0279711466,-134560.65121908765
42,3.8416761051707673,38.15038414797354,156,180459.26870701826,-122178.9188750608
42,3.85397249814545,38.11311915039999,156,153896.88555063176,-110284.90644586226
42,3.837118696680903,38.08563377978269,156,136211.84719674525,-102357.6661830336
42,3.8601862928177106,38.052400971009185,156,103324.2275394639,-87399.18195973974
42,3.863281096154318,38.02216005799507,156,74517.45188673044,-74284.66369505241
42,1.1467007044563415,37.53501282690201,192,37761.35632183239,-64734.90137826126
42,3.7437151509064117,37.921825308228215,192,24919.9105515576,-50403.09278729418
42,1.237563147646149,37.595433728472365,192,11091.481718330573,-48542.04058266655
42,3.8383640484331236,37.9166577022761,192,-23303.463597554008,-29572.407209566707
42,3.8552569239595775,37.91573539122546,192,-32371.836243261125,-25441.144062530606
42,3.876196806359439,37.89595401956658,156,-64925.15980379501,-10465.476657667019
42,3.8524456645299696,37.85042713617761,156,-103214.86834738874,7159.7907224719
42,3.8800473042730044,37.8583288266867,156,-110385.24532158849,10410.902491723651
42,3.8828299634436245,37.83113803464791,156,-143732.91620998085,25743.63799620639
42,3.6041971256970053,45.34458037710937,212,-181842.56290674463,40278.071110355115
42,3.641087932608135,45.306483783128535,212,-210280.30273528682,48703.51573215262
42,3.881093729134389,45.22795290063088,199,-240764.26546082023,57432.86592731594
42,3.8513492722711895,45.31217316284023,199,-255419.28668537916,62151.66624736645
42,3.7647639770061905,45.31855962608732,236,-283512.0192599675,69890.14921962186
42,5.099365530224281,46.26235819664246,236,-283198.2615377148,92070.69286801072
42,5.089869342934445,46.21076103124699,236,-312421.52759152674,105102.5481522209
42,3.9528758636293433,37.70266928681964,251,-345821.80942627013,118706.37604980906
42,5.067033413577567,46.12247264006072,251,-360278.1129730644,129078.85215376524
42,5.063480713201812,46.07955671943389,251,-384409.26977978414,142454.97661725015
42,5.342090974542592,38.41162674065476,261,-400814.5948620618,153996.5980599238
42,5.846644566587267,39.38408132326347,261,-431799.86930851906,163183.79906272262
42,4.00841725757537,37.632422513119955,261,-470490.33257157216,175970.74724679897
42,4.027955434044901,37.611395349607456,261,-509153.8828832711,193712.70497779557
42,4.083604253646684,37.645282213593504,261,-516209.1025274282,197393.08696233653
42,5.8805476776552235,39.367574846701956,264,-546133.8087251668,211755.6838781161
42,5.8924594641650385,39.364503530037574,264,-571218.9422550846,222466.4496089866
42,5.915272574561579,39.35862143283331,264,-615306.0696807024,241586.2905252927
42,4.377785419883523,37.67661279120944,294,-618404.4086367125,251610.98300551268
42,4.304463500437502,37.621985850815825,294,-669318.9446065647,270796.3700459725
42,4.15048107781254,37.507264513922955,294,-700621.8842629038,281575.5510534264
42,5.905164251972442,39.33176375786849,294,-712749.3361644855,284485.31201512215
42,5.390017788640564,38.607847771758145,282,-731396.9080892615,299879.1722755771
42,4.206238015873015,37.473356117301265,282,-759629.7157553853,308799.5219359655
42,5.917362883477107,39.30202189033567,282,-818354.5456671291,331201.90157912724
42,4.315088135799466,37.445513519159746,282,-819187.4972566396,336909.2036073434
42,5.924938412106115,39.292621826221136,282,-849021.2049994789,344900.8640365686
42,5.382509150592794,38.681038971541454,282,-899716.1145218776,377114.71618654684
42,5.932059516295479,39.257400050335725,282,-926644.6181724346,379987.4180346798
42,5.935330336281761,39.243195795292216,282,-947603.7909735003,389714.628343457
42,5.951689433862548,39.22589752474725,282,-972156.384217275,401561.73783709994
42,5.3770707220486695,38.73405059729142,282,-994705.9700875371,421999.54356206406
42,5.373968405238248,38.76429074044629,282,-1035855.2415816146,442195.73019354703
42,5.318092260910275,38.62500797997362,350,-1084206.0755033162,458614.2260341751
42,5.320212458611664,38.639185098788396,350,-1108276.4688041122,469539.4275449193
42,5.322134942621486,38.652040166128984,350,-1128204.3760184043,478658.3821955966
42,5.3277289936855095,38.68944588850035,350,-1175169.8877519262,500614.20440089295
42,5.343905228233724,38.797611461463354,350,-1206029.5637394455,520360.9579758671
42,5.2914543134675505,38.64869889319597,360,-1240958.478871441,529628.8234722215
42,5.326982787314761,38.77440781307702,360,-1277643.0183572848,550658.1225541814
42,5.19337850387185,38.57831793366302,82,-1309867.1994841904,564808.1756320277
42,5.26678645188522,38.65971310635672,82,-1351741.3296700306,580017.6701809576
42,5.26482869375255,38.6708419869023,82,-1382633.6836195113,594081.8976380072
42,5.256011962466704,38.67788316768622,82,-1425932.9460761321,613846.425702866
42,5.1338591051492175,38.60917078550632,82,-1487839.5506832008,647573.9450839057
42,4.858749034590212,38.75177858111108,82,-1512188.9656865578,671072.2948880871
42,5.104132367431282,38.624580125222096,82,-1553822.8261802748,678749.1039059472
42,5.215448442141072,38.70889271267238,371,-1600554.2867361412,694006.7047543837
42,5.192421128103696,38.72361769728971,371,-1677653.4657717058,729743.6257836516
42,5.208239718676653,38.87355290380455,371,-1690876.4251531432,744263.3149370712
42,4.946309360091173,38.88099566991154,371,-1727757.5056951814,766503.2640620098
42,4.969533330975067,38.86614493163336,371,-1777124.4955161035,787498.2065288551
42,5.098571460986583,38.78363055429935,371,-1859827.1691086565,816974.375978805
43,7.8429577918043725,39.91345571410061,20,1209357.0798397935,-463136.6664145575
43,7.802434765146334,39.8492751185189,20,1126601.418314916,-444438.3839569057
43,7.773555018669848,39.8031570796574,20,1057319.7898765518,-426340.32869355736
43,7.650649228425752,39.799843275318835,20,999993.0699072446,-409137.01548279676
43,7.4858844869012815,39.84936207409906,20,964687.8595380578,-392345.91766071896
43,7.7192106525672655,39.70760932350878,40,888256.5051567382,-376093.8748790461
43,7.707898412125955,39.68413082680578,40,842009.3561008052,-361256.36613364797
43,7.5069319504326035,39.728674803645056,40,793587.9967784048,-342636.9697659932
43,7.821987729845335,39.60466405216509,53,753960.9435074058,-331116.58944371337
43,7.710345175165376,39.61023889215003,53,706011.9758223408,-315620.35674420715
43,7.895723887523112,39.5432930744813,66,674436.1772317279,-302537.704591781
43,7.854445620161643,39.528271412171705,66,626399.0988369454,-286354.25916453917
43,7.751991073602412,39.540642440058235,66,592585.8893747741,-275522.0620924497
43,7.664604568925452,39.54575172524359,66,544315.4871514519,-258509.9684648908
43,4.547542527562258,42.567564798917026,93,501171.1037586471,-247477.8703136771
43,4.544428745146305,42.59765766454748,93,480673.53312692465,-238365.6733414729
43,4.594620100199745,42.50301632366208,6,451998.4953516555,-221051.57501606122
43,7.657263145365436,39.48651314664204,6,409115.0089733785,-208879.23177688528
43,4.615320560817923,42.48694142185466,6,412609.77916764043,-201462.1983911386
43,0.9861369422848247,36.94587026285574,121,362645.8858210696,-191926.12550971366
43,7.654646224217225,39.44672970247321,121,316923.7008581668,-174265.74309951704
43,1.1143261498364687,37.05624760245127,121,283626.240782655,-166478.55016911472
43,7.80665031604189,39.362738478654144,13,258299.44742158256,-151050.4554309424
43,3.5424281120375536,42.49915545204271,13,237034.70408239137,-140696.40400998096
43,3.5654066118691916,42.485151188363105,13,219249.24378089508,-135118.60103626375
43,3.5741433773102695,42.38806018303229,130,202515.63810949252,-123678.27269140776
43,3.6110196132080588,42.366621923898116,130,166910.72747374538,-106529.88409529364
43,3.6346823775831134,42.352865409379945,130,142600.89106445518,-93842.52846711372
43,3.6483436165656706,42.34492335200148,130,128220.83029477659,-86062.87169993846
43,1.4981061049881166,37.411262437663034,153,75195.64100162449,-75084.60682300187
43,1.3581335078989725,37.568054405764414,153,58972.45720244863,-68574.52364728953
43,1.6054225532077675,37.291050642812266,153,53065.38348668548,-61820.48802637612
43,1.226836642356148,37.71512815006947,153,11420.473786926997,-42660.59248563996
43,1.707624783225195,37.17656760025946,153,2898.7398960371515,-34446.02615476374
43,5.981545720865329,39.734526808486706,161,-54577.299155664885,-39074.83596350555
43,5.987213277727276,39.764244732404826,161,-92451.98212753772,-25125.766025644843
43,6.20722833335795,40.09179408810969,161,-74947.76364851481,-4629.756491651525
43,5.956534827346321,39.7558625527861,161,-148159.34865847416,-4859.908751227302
43,5.951429675597116,39.75891917471526,161,-164914.75158937107,1362.999929065233
43,6.00815393669066,39.874047408412764,161,-181505.91545807442,12224.03043938636
43,6.0318745324418765,39.99842672687359,161,-180441.16255284924,22988.782808175474
43,4.913847032685204,46.4645541538394,183,-188202.88879583424,50239.050869122104
43,4.909941229401019,46.43215637073741,183,-212145.49975809516,57720.29523352229
43,5.954334669356358,39.92051711388066,183,-279984.58804861276,52722.41078475139
43,4.903568066345895,46.37929237854158,183,-254134.50546804478,70929.76380428359
43,5.936080435465988,39.903886190125704,183,-307918.49121733534,62002.6667385929
43,4.877531602230965,46.30455796494772,183,-311126.537246563,89236.49512130916
43,4.893444630400027,46.29532069380538,183,-327706.45044820145,94550.9827740257
43,4.888558627316671,46.25479236797515,183,-365744.55824022373,107067.5536879434
43,4.886361607583488,46.236568570306005,183,-383272.8505035627,112914.12033777616
43,4.6950755167662,46.10976845360515,214,-397597.8706910282,119816.62829055106
43,4.70717170901743,46.08032283189544,214,-436725.5527852643,132578.8102042283
43,4.714615178378177,46.062203280018934,214,-460632.3931935433,140526.27083237495
43,4.852851598046858,46.12568248221337,221,-483248.9760157354,147339.88697404182
43,4.854835088557202,46.10983646453576,221,-501150.3626421466,153689.35434819458
43,4.805221044441784,46.06768844501787,200,-517308.4187040958,159530.03191293604
43,4.782272008437283,46.02935562453202,200,-542087.3580418605,168490.62888753938
43,4.806857196490645,46.02822473837911,200,-559247.2824837813,174717.5801949431
43,4.807941475945189,46.002072104008526,200,-586567.9120877945,184885.1444864589
43,4.814171383685875,45.987817857925265,200,-604862.6539820544,191855.06169545857
43,4.810407186835093,45.94259958048424,200,-646823.0264742676,208230.96616738025
43,4.764377897632299,45.88483606023689,234,-666218.1023523987,215914.17856169894
43,4.777156559701466,45.86743806669745,234,-691160.3697302813,226262.75687624767
43,4.789616412348765,45.850474128322155,234,-715101.8911086255,236551.8309453285
43,4.789587505430889,45.845907658866885,234,-718885.4248100336,238211.44103531228
43,4.8073542873032205,45.8263242265413,234,-748460.747973665,251543.61941641418
43,4.81579250745299,45.812706571354475,234,-765710.7723985298,259628.46224972155
43,4.828060377596902,45.79813313554863,234,-786179.4339651299,269562.87094451673
43,4.87826482694613,45.78956527994358,228,-825714.4424382889,290468.01261625654
43,4.8810223351887005,45.78275267151201,228,-832787.2539130857,294289.6522407659
43,4.888085608586403,45.76530238245727,228,-850564.6875049482,304168.9432987663
43,4.9018120315850275,45.73453975110234,221,-881347.1713475881,322363.1317692972
43,4.905779511089352,45.70284373338348,221,-905705.2231493139,337650.23257359915
43,4.910609004599533,45.6642611240203,221,-932867.375041623,356306.53626128816
43,4.912805471429404,45.646713647975986,221,-944257.2183132396,364793.35788007313
43,4.94460676130789,45.6256630966528,228,-972092.3302189047,387671.3517566794
43,4.954479872293148,45.60127091602189,228,-988902.8410951357,403001.204247295
43,4.960764917159817,45.58574329257169,228,-998825.2560917911,412862.3525673896
43,4.9964302182177045,45.56889963805866,234,-1019376.8764833251,436579.8480661724
43,4.994483991489929,45.52820525413267,234,-1033668.220948832,455044.25021837733
43,5.045736307077724,45.50176999562829,234,-1054107.872273343,491869.001861761
43,5.069031479980044,45.47005390004168,234,-1064118.4605272687,518870.7974917979
43,4.945804352838296,38.53061746166283,243,-1137355.1779968878,500826.58142378775
43,4.966604112349143,38.57143690846072,243,-1304622.7038206095,572293.597042769
43,4.99347139667997,38.62416384901858,243,-1496696.3943685864,654761.5469012498
43,5.145573215880822,38.92266307510312,243,-1547234.6732373373,691898.0843568855
43,5.0082674758984105,38.6532010966925,243,-1586216.5825381558,693476.3445888456
43,5.0318715598599475,38.69952401927142,243,-1698499.5600850014,742623.0372141383
43,5.109606963990529,38.85207944624962,243,-1728230.0606826278,763466.2686930879
44,7.8338152119496005,39.936961072661795,9,1441486.4393860968,-471196.43858753657
44,7.885094689495197,39.86711655433722,9,1371938.6637641967,-457262.6268299385
44,7.55441871257327,39.94091154768909,9,1295458.635342266,-435451.51180631365
44,7.742086839147616,39.803863357971935,9,1232485.0242578734,-426819.51173696324
44,7.615416899668192,39.79213922012968,9,1137711.1330872313,-402731.5012573011
44,4.462094674142046,40.20113697049308,28,986279.1102924674,-390585.4485226331
44,4.488725487407624,40.174400736440866,28,949475.9509418496,-377824.3806660011
44,4.362283528004821,40.216778091056575,28,925795.7335865997,-364327.11391923623
44,4.411379845195454,40.033725361921974,48,862151.098838442,-348369.4499088938
44,4.409049533568819,40.02624158497393,48,855535.8135928432,-346078.44134145265
44,4.301920246456598,40.02238161267122,48,810746.3838888048,-327123.6568595713
44,4.276037103472352,40.021449017881125,48,781400.4303986066,-315305.83422616054
44,4.580581155317407,40.16046293285248,45,749810.0691818715,-301536.9654172763
44,4.58110944187122,40.14671833738739,45,729374.4426049776,-293985.3996394297
44,5.260921188987394,40.68183137689609,45,663151.579725426,-274247.12523857283
44,5.203576060577871,40.78290080947388,45,622685.2475923512,-262332.31118313834
44,4.4885495955040025,42.55487662846401,45,533202.655652271,-260398.11309476543
44,4.5065944125109505,42.57405412715689,77,519420.709799647,-255183.20647924123
44,4.488307365160288,42.588297307002634,77,502313.91389924614,-245922.89336220938
44,4.570786497980336,42.60797138901859,81,449832.2908202165,-226912.8248992499
44,4.568226470830722,42.630685482585,81,427287.6596858,-215469.84188011882
44,4.612913910998858,42.592914011589116,89,399079.17668430466,-206115.57188125965
44,4.61355827852942,42.61756620721318,89,376220.60764145665,-195752.48647204135
44,4.613651213227334,42.62112170038218,89,372468.6643982698,-193969.94777243712
44,4.6142484769605865,42.643971800197804,89,345887.59379190963,-180902.31133924538
44,0.7017640974791106,36.52747657103422,102,324157.87229132943,-165106.49771259032
44,0.963016045127982,36.41876987114098,102,291830.18715155503,-155695.44208597267
44,0.6740677438594465,36.43127027993713,102,276045.2333373603,-144449.529060993
44,4.6555902652625765,42.6567166415267,102,246944.6882338767,-138055.75806718628
44,0.9433880054624869,37.36678344683037,102,229797.39883894505,-128209.12113433205
44,0.9521161569746035,37.39710162866201,102,209152.8584471398,-120493.20293502987
44,4.700506284562981,42.6144946374963,102,184176.73070324303,-112994.29522506731
44,4.710718420247835,42.617273874666715,102,156173.1224214252,-100790.39197415399
44,0.9797460342930344,37.493077007109896,102,144226.80922257766,-94914.614388074
44,0.9926931426691367,37.53805019363119,102,115210.32791954723,-82610.78672715649
44,0.9960610184901325,37.54974887592212,102,107909.9798786405,-79405.32034629946
44,0.9270374708921624,37.580715937604126,102,76869.84676409092,-65687.29883188437
44,4.734623602403924,47.249280106332044,89,53676.30377003813,-56329.80262535663
44,4.899933409910568,47.16622147244563,89,25221.193594528264,-50044.47679179031
44,4.898115644750359,47.06305795823527,89,8577.71858759798,-40839.66829275244
44,4.906088444492522,47.05007336168929,89,5825.1054651825325,-39102.093796252346
44,4.823447434836918,45.83241223027392,89,-34373.87476601825,-24414.197150749576
44,4.788051997766684,45.804957821440304,89,-55350.66237122753,-18156.677635814704
44,4.697306593054447,45.82160696801299,89,-75904.20260171985,-10071.264588775672
44,4.716957719197825,45.74325531408839,89,-101691.24919456175,-2957.4035738828225
44,4.675332777973876,45.71676196595254,89,-123329.93386685848,4872.232631527078
44,4.693285360754303,45.66776277101182,89,-140057.21366460106,11629.491035463325
44,4.610534485177087,45.69142030442934,213,-144260.38015364643,13661.825569932282
44,4.627587108136447,45.61820077857781,213,-171448.61273473012,24519.610104162763
44,4.629815687478479,45.58970993853564,213,-182571.87392988178,29863.119210624907
44,4.612930576112703,45.536267966102294,213,-202835.8278768692,40639.24796899401
44,4.622761766221606,45.486236883035566,213,-220343.2660074493,51745.397513156895
44,4.625091648032068,45.44713962833329,213,-232453.82087171637,60766.16170476195
44,4.6279066872321195,45.39990104991825,213,-244798.7399892218,71922.94118244215
44,2.8959703209311884,44.463550373931085,234,-260721.38052014794,80110.40570579501
44,4.141060477869717,43.25878843621376,234,-283144.3818610471,95083.2980931557
44,5.79645787280787,39.55150116477004,234,-331548.60427618184,97681.58723397958
44,5.794109113870591,39.554172026052,234,-344116.8398698838,102330.90168138928
44,7.237367654408483,39.35434222179734,234,-369381.5615377976,110752.9138030189
44,7.238428567570307,39.34803529740058,234,-386247.0642149022,117223.26451918004
44,7.266391028610617,39.32966142155336,234,-399011.8679534576,122165.8634892563
44,5.779014336969466,39.57133685916672,234,-421599.35743067326,131284.08701325275
44,7.2301328589337075,39.334481309472395,45,-437623.66146221285,136994.94327418788
44,4.556352806009399,40.790819427111366,45,-430585.3551236968,174388.96001096818
44,4.555671959351241,40.80853322622776,45,-453479.0167583847,183274.64797824383
44,6.8738286597319735,39.45807876012722,263,-497826.9394329175,170516.24120226462
44,5.74741904446456,39.54500152988004,263,-524512.1310185645,168739.23416409883
44,7.2493200492178795,39.281267700746,263,-562349.9641750449,185296.33510328253
44,6.996517880377587,39.39139520995465,263,-572965.831281313,193910.87239005457
44,7.0390865952733845,39.36825843379291,263,-592094.7700028722,199938.63303054086
44,7.252571298333605,39.25829896145409,263,-621949.4112293493,208539.9852729424
44,7.228629360473712,39.26523891482807,263,-637315.3415932405,214585.59111778825
44,5.7253025843369425,39.706684255031824,263,-644112.241478124,229899.72836043334
44,5.532735235010118,39.93302653032952,84,-648630.0226780674,271011.4855654098
44,5.536981430510595,39.917418020166615,84,-678104.2323131858,279469.7704006336
44,5.697314337820263,39.62359855569821,84,-722580.2009145714,246517.42840359805
44,5.680054649133815,39.56887202605724,84,-744265.5730845983,252170.4020110647
44,5.660974122646762,39.75647469823833,84,-765954.9739398933,283348.5720882449
44,5.552241023390162,39.861325569756396,84,-770609.8257220676,304190.17518022907
44,5.56165156903148,39.82673352205993,84,-816099.75975494,314811.6061285116
44,5.626148967507567,39.589648748294294,84,-852969.2494448175,295836.39614061685
44,5.323749935712017,39.86769580191233,278,-842979.164221698,335180.19909052114
44,5.579969521291492,39.6203926296732,278,-909031.8398176273,320986.33733100153
44,5.5643161002176695,39.6355013134188,278,-921895.6368951029,327740.2629683141
44,5.502838323449085,39.69483967033128,278,-939206.2481613534,343319.93067098886
44,4.186697229609223,43.00809792923405,278,-892791.7572355104,464025.2007129314
44,4.191110626100062,42.99085288516905,118,-926156.6771158049,484120.8713923779
44,4.202596637598098,42.98234701357328,118,-954094.102475217,501156.7339113178
44,7.477615860186554,37.91971319339505,118,-1045883.8073089973,423036.33017172816
44,7.252400041958872,39.04449243152217,31,-1148537.5244626717,418567.3025006528
44,7.229889532617127,39.05456332660537,31,-1158066.867274911,422495.20536276646
44,7.10003553347175,39.11265823603957,31,-1188601.4367891,436989.91034503316
44,7.214178184958714,38.91771390326361,31,-1422035.408609994,531981.8648000754
45,7.657501661689385,39.95236914647513,9,1260282.8530798436,-425637.925002826
45,4.456181408537041,40.16608727575167,9,1007673.0100054834,-404952.1312211705
45,4.368021815181202,40.173924253708925,9,964339.925165659,-384594.96236471354
45,4.45889418252818,40.06337020333685,27,926934.2026262583,-378635.00842950563
45,4.465462245806057,39.95776336678091,27,822625.1206722318,-341891.9649429115
45,4.5560526807133215,40.07278790493915,27,785477.5097562703,-326319.5307698625
45,4.325444687052628,39.80858012349876,41,724465.0818577003,-302811.32535144757
45,4.415863496471184,39.77121933052922,41,692113.5590274783,-292161.6582308017
45,4.195746467582008,39.86217105615227,41,645681.3320637296,-267141.73599453864
45,4.542720371723607,42.559328614879064,47,513668.68258199596,-253949.9816871945
45,4.4960457817647,42.59938000143707,47,491590.55736190605,-241032.53406595733
45,4.599866075691894,42.510291983131935,47,448467.8608361912,-221618.94031469917
45,4.6174670028325036,42.580889506692934,62,399109.1355976405,-205880.62110893687
45,4.6385713807580435,42.554376681194796,62,370410.9991621495,-191985.94391874422
45,4.63287288411868,42.61893513497578,73,337382.3093655062,-179083.4521326638
45,4.644476809190517,42.64372841211777,73,286495.5261383052,-155901.23673502117
45,4.681991592785996,42.57697003570333,73,260305.02401984239,-145217.5018125848
45,4.695360984382484,42.565547751592426,73,235634.3090582136,-133722.2547903707
45,4.700810802285168,42.614965194404895,92,183109.63074543147,-112438.37233281291
45,5.4392435361036275,40.26682334354464,92,146117.91162759892,-98584.18782721195
45,5.442652196813304,40.25254356662815,92,119798.12787763307,-91958.9492332704
45,5.467176588847804,40.21525730734227,92,49365.727442924384,-74849.34396353755
45,5.476591770195246,40.18777115321859,92,4127.434549248478,-64054.25648523017
45,5.464835319699366,40.15961262597316,92,-36672.52475602113,-54069.20594899405
45,5.468478059247282,40.144352231190716,92,-58296.88762966492,-49011.56524675005
45,5.490261617421727,40.08457865778451,122,-126002.15493862094,-33515.50615884634
45,5.492628928983712,40.004776744571295,122,-170127.23702236358,-22378.468730174394
45,5.404344807059574,40.004521854661114,122,-192022.83413277526,-9275.536694829882
45,5.370429730417098,40.01953907302273,122,-206880.53549346252,856.3871905341542
45,5.345689821675183,40.00611131658962,122,-224600.85761653812,10720.06036404615
45,5.308040964301248,39.985677139080074,122,-249829.85866744618,26081.80293395947
45,5.290512571914355,39.97616348298333,122,-260284.62115165574,33047.67303636079
45,5.266434268982369,40.04096262891963,36,-298979.84166289,54235.82193437784
45,5.248331650705494,40.03748701654458,36,-322352.89969227876,66087.06553824396
45,5.2234549325863915,40.032710810803344,36,-354943.1890971207,82525.476665046
45,7.547152326314978,39.26830736897513,172,-363557.33945515397,96538.99552379473
45,5.195353810811184,40.066671696474174,172,-395882.8061956754,106238.74551021638
45,7.5375856497119464,39.25128217506953,172,-426072.6922124902,119317.27684503024
45,7.544329473437153,39.24595860733482,172,-433949.0191543554,122194.15360396248
45,7.517259595866058,39.244788005054296,200,-470235.4873676182,135485.0137579718
45,7.552349930784754,39.21630844129334,200,-512526.9815995583,150924.56438811688
45,7.5148142327119665,39.22239479527388,200,-540992.8985609901,161427.54399341333
45,7.560938088672091,39.19309562363264,200,-570153.1168319717,172043.21638753434
45,7.5627644845273405,39.18268161896966,200,-598249.3973543493,182354.59201383716
45,7.5682002848816845,39.170863975751075,200,-625546.8913665087,192381.5865926944
45,7.596315488262133,39.14814953250219,200,-653707.1197102583,202761.0720666998
45,7.603550362838673,39.135172563950704,200,-680548.4103490295,212648.51678537438
45,7.509055172343973,39.16965667875208,200,-706230.3132849822,222282.5864038395
45,7.579577547487336,39.12708926680148,200,-735306.987200174,232789.91473246965
45,7.629616654022165,39.09994387210491,157,-742026.8415137728,235373.40673140986
45,7.624639684227881,39.08506506260962,157,-788774.1587288816,252600.17453957317
45,7.619436697170675,39.0795952905471,211,-810599.0035343426,260645.2260987383
45,7.617669653187595,39.074420181011035,211,-826834.9799682017,266642.01526861376
45,7.615285763698365,39.06743852727364,211,-848681.3782824039,274717.2115303552
45,7.60025032696485,39.057897408561125,211,-895209.3240480612,291923.4448425926
45,7.528562634527261,39.09306176823094,180,-900865.7946121987,294194.0255097113
45,7.52606814385155,39.07695715425615,180,-949156.904743706,312141.0342472647
45,7.593723074233989,39.03526691627198,137,-963744.0293070273,317354.72460270877
45,7.5897860056086035,39.03030042093348,137,-982306.2130875755,324253.2238988645
45,7.590565851797059,39.01989873008057,137,-1007839.2456722885,333750.3950207696
45,7.597292016038322,39.00409307371765,137,-1037807.5195917512,344910.9141604598
45,7.586049897971667,38.99791674413981,137,-1069945.278660566,356884.7155524409
45,7.587309843368456,38.988551705784,172,-1091260.57824292,364835.3211173736
45,7.58742449267288,38.97453679214368,172,-1125301.97206942,377545.0414317538
45,7.513946710410642,39.0054157387399,172,-1158025.4043979936,390061.9253945284
45,7.512106986609717,38.99085049198762,172,-1197967.8354311294,405009.5767513823
45,7.567198408365962,38.95627887070355,172,-1199838.5899679514,405434.95742925355
45,7.541442608809574,38.960674350263794,172,-1228519.6241390659,416253.4849712843
45,7.508304020076603,38.96074208880365,172,-1278464.8721893365,435182.45951908606
45,7.5243671288709875,38.93731587350773,163,-1310061.8546340584,446916.4409370159
45,7.505605341071379,38.94484780511099,163,-1320813.5650220371,451087.81942532526
45,7.523055458214179,38.92168165717245,163,-1348251.2884063465,461265.8514055304
45,7.637222673469693,38.82488661868027,163,-1368536.1055342543,469186.12755647214
45,7.521179301485093,38.899319153270135,163,-1401336.8221081565,481240.83215076034
45,7.109480216556024,39.08116727967094,329,-1424862.3311649596,506256.63072171254
45,7.115433571968106,39.06868997435903,329,-1456871.9421844517,517817.18550848804
45,7.5421534504675005,38.84234095996636,329,-1487322.476801597,513624.3861079002
45,7.476529118976252,38.87180204919572,200,-1529436.5854075272,529847.8942770782
45,7.474825972136371,38.85620562360612,200,-1564447.7493899064,543079.0575751943
45,7.51799593895169,38.80369265449001,292,-1598522.1426293568,555774.2962472541
45,7.514363553862164,38.79534182469372,292,-1619205.2482776525,563633.2429383843
45,7.61697626988208,38.66416814369367,328,-1648259.99988396,576051.0695033777
45,7.595477676479125,38.65744161956008,328,-1691072.2116143676,592196.7789118591
45,7.5099052591822355,38.74234204309265,328,-1713890.7869391262,599736.1659163468
45,7.481873286946043,38.75148777046716,328,-1743439.422148523,610971.7026340971
45,7.546915393404566,38.64224735252314,328,-1785830.3649762936,628067.3914271599
45,7.197903822664356,38.894648819746514,251,-1838929.1348674416,655070.3033560471
45,7.455959898878282,38.70646891320973,251,-1848984.310959568,651385.0128174819
45,7.231343310298093,38.85938541135994,251,-1881787.8854054518,669297.9701657206
45,7.266066856126974,38.822767907210185,251,-1916545.8842447097,680750.0341526453
45,7.407081049408426,38.67406224699035,251,-1961608.268249571,694706.3622045696
45,7.260077574323716,38.7655386833635,329,-2023182.9940557603,720915.9184260905
45,7.374732396301583,38.64687541026528,329,-2036098.370521405,723501.9819570928
45,7.300645727004973,38.68051415653665,329,-2093655.6376508377,746314.897852101
45,7.331923778609564,38.6149602340142,329,-2120459.5927573377,756272.5479341747
45,7.351075932077719,38.41534791108342,351,-2156784.983737867,773756.2035999078
45,7.286333735173119,38.58514925282074,351,-2194636.4321214412,785265.0220797973
45,7.272643826478932,38.438752955273756,351,-2239196.4124399833,804584.5047869978
45,7.054570891184915,38.65011643451857,345,-2307031.7293565357,834289.4902160915
45,7.1622381404723825,38.522666405449954,345,-2325468.784590578,837165.7875442611
46,4.461529656806946,40.29811662833481,15,1021961.1311717593,-392475.2366394482
46,4.524543040572465,40.31827753432219,15,1005023.3260203782,-386326.5145426974
46,7.740248333856087,37.77390866712747,15,765238.8135511857,-366455.02086361084
46,7.873128903112314,37.686387979728885,15,729277.1465089549,-356382.3314135705
46,7.842719773279805,37.811243472980735,15,695308.1390723435,-350455.4301741038
46,7.810185899497705,37.94482285788357,15,642882.5758031568,-336350.35799837613
46,7.8023312243261564,37.97707301920941,15,627680.1825389236,-331633.22592228896
46,7.7844696358994545,38.05041012045369,15,589437.4149053798,-318901.9890959956
46,7.964254401778602,37.93252702355159,23,545217.9160140278,-310085.56808668916
46,7.8802730134145085,38.06579845113155,14,512878.29757457017,-298381.7376408225
46,8.054922220132946,37.906815517664384,14,493473.8072207153,-294615.469219695
46,7.891248765103192,38.09416147343496,14,482701.55127144814,-288896.9403220554
46,7.905290175570922,38.13044662725073,14,442518.3138977229,-276005.3295869012
46,7.915527570145864,38.15628769416557,14,412702.2287065265,-266275.8900123437
46,7.921751598656593,38.17764432300804,14,389232.35118510196,-258425.87770208347
46,7.923720924490324,38.178074503454276,14,387297.4052919268,-257861.3657588863
46,7.936131740459425,38.21014595150808,14,348696.8104617343,-244917.75768771552
46,7.941201155728542,38.22324609648417,14,332637.5720884013,-239474.81848308633
46,8.16645759467784,38.059427501238126,16,293176.8670037311,-233349.26511613542
46,7.945536117913463,38.25835192192154,16,296388.2981969956,-226572.26779957613
46,7.959921079219029,38.271621244040226,16,272073.7265977347,-218663.57532070862
46,7.9555886653324155,38.29246305767272,16,255603.2001446914,-212208.55790852575
46,7.957931061060246,38.30041146868985,16,245996.75856157066,-208794.728065427
46,8.236857290533752,38.11128933469215,16,195219.9720003077,-201685.56238506333
46,7.9690696354450345,38.33820780101034,16,199894.09973921653,-192254.1104191918
46,7.91699431393153,38.3873141479402,19,193561.9329773222,-184749.5233599513
46,8.013868284884525,38.33619942579954,12,165235.92434757887,-182745.52024118655
46,8.020053077849605,38.34822824947846,12,148357.49475305225,-176811.29283044924
46,8.298869730346274,38.16218926368372,71,105470.39345556412,-171888.59028685777
46,8.298793937770865,38.16819381581539,71,100321.23923688394,-170154.48793119038
46,8.573054635768933,37.95198994286398,31,90324.52498826689,-159379.30900983233
46,8.58704773444041,37.968918602720116,31,70430.0101742258,-152765.58880029176
46,8.635644804182311,37.94726913314753,31,58262.00435816362,-146619.7535107076
46,7.922126880803174,38.501022079508246,19,75066.76620109947,-137113.6774896028
46,8.538041383175951,38.069195408961946,19,25403.914318709303,-141037.1073137021
46,9.140111525663556,37.47111351257972,19,81122.12224011816,-115716.0147122517
46,8.07182844095301,38.448926319276325,19,7882.9152468794855,-126396.05396727612
46,7.925038756515919,38.565532366964774,19,9283.22197220706,-109435.83053807629
46,7.92564866022888,38.57904429801035,19,-4168.653518080793,-103651.146719933
46,8.407792229878675,38.27322666422535,19,-63347.97978422421,-113693.58122700485
46,8.748754201665212,38.040834956683526,23,-60497.35546462572,-104695.65403796754
46,8.425972480920084,38.28666548887604,23,-85616.40510749625,-105784.40959851304
46,8.435024040349314,38.2968089399642,23,-99441.4858443758,-100842.0539560287
46,4.594705170271937,43.73622065633462,23,18778.318389007272,-43460.50787684011
46,8.8676898224299,38.05725519192469,23,-117041.0599642781,-80723.05983012063
46,8.472376995603648,38.330751930373346,23,-148226.72877612885,-83193.91708616757
46,8.912219760811823,38.06340298901697,23,-135265.23375225457,-72539.40936726703
46,8.483804884878712,38.355127116711294,48,-174031.77543893535,-73723.55684895422
46,8.427695339244865,38.40383001660454,48,-185351.31911227154,-69094.08939422114
46,8.41231307363614,38.42766279169658,48,-197036.193660332,-64359.287241153106
46,8.509000965378165,38.38794782556847,139,-212442.33423355463,-59419.6828462333
46,8.43069886732137,38.45307297171202,139,-227106.96598430292,-53043.11733424821
46,8.399478686034007,38.47903931130476,139,-232432.87849998366,-50180.25453476142
46,8.286253862438418,38.563080235117084,117,-239987.32604614197,-41826.462634646516
46,8.259166442508652,38.60113210447653,117,-254985.60992432057,-33428.989008295146
46,8.247251777587975,38.61786958904311,117,-261247.4972865342,-29697.09094513802
46,8.808640393028801,38.34729804900495,150,-287147.5229730481,-25706.84200367692
46,8.878091127714772,38.34221673559494,150,-299045.5000487925,-18637.122299553175
46,8.901545470652636,38.34050071534214,150,-302400.2588406821,-16412.97701796735
46,8.841552426893596,38.39109887633628,133,-321440.75554046786,-11764.55666558696
46,8.594529666647176,38.517138714374596,133,-340051.63337367575,-9591.636529441508
46,9.005797190059086,38.39532289655591,133,-346517.3311920164,4775.011012971049
46,9.15998928573611,38.3992883839011,133,-355533.61106982874,16280.38436081565
46,8.62155871335865,38.5653506578752,133,-378541.13291351683,6458.631638977776
46,8.71150947453121,38.55347428053581,100,-392150.8907893422,12909.945236204663
46,8.713364379414948,38.570489332132865,100,-402060.606407593,17163.626146219423
46,8.74334120285364,38.583630227909005,100,-414314.5378573101,22936.832761875958
46,8.771946422701523,38.61072952630693,100,-432037.5470676788,31322.076476180435
46,8.5787790639882,38.71759843112479,100,-450420.5111435418,40012.20354346746
46,8.870441358149286,38.641628775306,82,-454112.32575338875,44099.156740766826
46,8.68988609495903,38.71103957746846,82,-466884.1011458029,47049.302289300336
46,8.957402167464132,38.7141450295447,82,-480394.77845429874,60674.78797124899
46,8.991744950337901,38.74278333217506,82,-486931.66199005506,66060.34258935021
46,9.089750647037567,38.82450987168992,82,-494914.0454289529,78126.64663384666
46,8.663065784335808,38.89264382832763,77,-517125.3242579744,78892.45797230827
46,8.716232870833753,39.0030604364928,77,-527576.612651567,94197.11480971941
46,6.74192362402252,38.523151073090574,22,-484744.41198906506,155774.5957939334
46,6.272106638130241,38.436889416181195,22,-514815.21371960064,149330.53613563886
46,6.779964996033402,38.830000084575225,22,-501830.64742702385,198276.0868631453
46,4.889917032424801,45.01561117559712,22,-463811.403811784,296603.720706211
46,6.719687914442246,38.864212256335996,22,-541561.7050766353,218452.30835357594
46,6.374068364000515,38.65747695390457,22,-583583.6448995925,206993.0342706998
46,5.421564877457034,39.00529274917334,22,-561763.5190799476,253096.62212454577
46,4.852357806360187,38.40322511629007,18,-578935.586622521,255089.7882109031
46,4.873077840581935,38.400539893369164,18,-604133.7580855454,266548.9962042004
46,4.8934075527805865,38.397905254420834,18,-627455.5407026468,277127.4753060111
46,6.425612207477793,38.550830382181694,18,-677519.5300161408,226289.56504057
46,6.487581314678542,38.52134792122472,18,-695468.5524231945,230734.53832627324
46,5.200500720708442,38.358107365838706,18,-699115.306612875,312098.0044872807
46,5.181424382955157,38.36057957311568,18,-714426.9225143717,318564.1013820231
46,5.0496718519866715,38.37765410650005,18,-742440.4157119863,329347.6628126474
46,5.010230736770552,39.15549536080183,22,-749511.8365490232,368828.06130537513
46,5.306104294620519,39.04745428979637,22,-840127.3700806241,385763.89441690675
46,5.2740956732002475,39.05914254529573,22,-877909.9755178118,406108.9648337216
46,5.39486267673072,38.93320789834753,52,-886303.6624792716,388251.31796408043
46,4.261268692339853,42.96625704892561,52,-953139.5925512864,508932.84386086004
46,5.415674468323166,38.820657495734615,52,-971600.3032285882,421988.2098496455
47,9.129737912068354,39.493463956100896,0,7928224.994476482,-3730440.958481084
47,9.26279318155766,39.38083022139357,0,7651954.347078004,-3617655.3033834556
47,9.096983883171822,39.34391977470578,18,7443305.198736944,-3518676.9027352454
47,9.179388233408229,39.27008162633307,18,7198033.812303593,-3412880.0335532418
47,9.457354438295644,39.24044012842646,18,6948613.554718673,-3306265.6033739685
47,9.571582126232665,39.22954472016317,18,6730359.654636594,-3207170.650063742
47,9.556218334189449,39.17838978774961,18,6525910.205595945,-3115088.004778918
47,9.383251601301371,39.10638907298269,18,6318490.855815205,-3019037.741309317
47,9.3977228264697,39.07444362868952,18,6120281.990476508,-2928548.5683653806
47,9.483065567365454,39.04883526453411,18,5915822.029258647,-2836410.4993768604
47,9.569225672341613,39.029443018308925,18,5726026.700711813,-2750255.1573018385
47,9.604466781103776,39.00299171291158,18,5537914.637124921,-2664071.4534606664
47,9.459514829542593,38.95818535431218,18,5354717.464181003,-2577551.23368781
47,9.66618132364351,38.95151387131759,18,5180042.7815948455,-2499609.0377643616
47,9.916156321020866,38.988362212158535,18,5000527.845443209,-2413547.5151705346
47,9.831994555194399,38.923614581936825,18,4830009.354631243,-2337180.8407932254
47,9.4930142026838,38.85591443391173,18,4661836.382064814,-2257524.7811869984
47,9.718002697921621,38.83956682749057,18,4495586.505682365,-2183567.2429689486
47,9.692998044842623,38.809863235513006,18,4336828.549931202,-2109882.5167005653
47,9.65967027026831,38.779296095527805,133,4164194.5018217033,-2029423.1285859933
47,9.70510510430037,38.75670571988588,133,4021804.1564993546,-1963600.9971986979
47,9.777506087135594,38.73351679768599,133,3870820.856934105,-1893598.7149834724
47,9.690348599360446,38.70701253696384,139,3732690.2690063477,-1828805.9996728846
47,9.798516168732393,38.67437231743946,139,3546978.495576696,-1742714.710053281
47,9.567015093146814,38.66172331143621,149,3405120.7004578463,-1673550.1795624138
47,9.815809304143693,38.61792998063881,149,3252130.3535484183,-1604979.0215755154
47,9.824231556073899,38.5869173718565,149,3096260.620629275,-1532020.1353476197
47,9.743289666780337,38.56578056040899,149,2964246.1358956774,-1469783.265035025
47,9.837401354964513,38.53218783722434,173,2832099.5377500486,-1408129.767499093
47,9.907725900597022,38.49185214754664,173,2663981.3287763097,-1328945.3384326259
47,9.92209705194177,38.45884345866649,173,2524787.7177727195,-1263377.223667341
47,9.816543125176512,38.43998271675647,30,2397818.241520285,-1203670.3838565722
47,10.037745902232711,38.38363612462284,30,2249796.3238394987,-1132622.2986093424
47,9.820549228647504,38.37459402836582,30,2120956.5687894337,-1072837.650649094
47,9.826919955023309,38.33855441982929,30,1981149.9355131865,-1006625.2808541288
47,9.82503122703438,38.30143765634278,30,1837505.1158633493,-938443.8863556933
47,9.88638518100038,38.26086062271376,53,1740549.6728488223,-892464.0198851986
47,9.917852873603444,38.20236386828416,53,1569869.09297119,-811158.8409488117
47,9.935480748162657,38.15579588137192,53,1439968.4176050532,-749144.2548224162
47,9.872257304904855,38.12966822947207,53,1312548.3225789282,-688367.2339988675
47,9.901474753114032,38.070652574231154,53,1174241.872868796,-622182.4010846973
47,9.877138219775034,38.03489752609251,53,1060713.2415218765,-567793.453669698
47,9.874735012665937,37.9761716260957,53,916209.7399829961,-498492.6446447329
47,9.87306706308079,37.93541282500603,53,822302.4237563267,-453439.7774046132
47,9.87604848756174,37.85430284676728,53,654309.9326098048,-372880.74764580536
47,9.867464706431381,37.79851100114988,53,537901.1600638707,-317143.3496103725
47,9.857501571372767,37.75078192824321,32,440325.56482442486,-270527.8529479661
47,9.797487351908801,37.737897951246715,32,360763.1545241592,-232489.7714250151
47,9.83038573945305,37.659145610769095,32,253496.27901377875,-181680.45768347417
47,7.946442844536501,38.90686438450204,32,111259.96391048738,-115006.72941793124
47,6.159180479997593,38.2687894831184,276,-118030.60266628125,-19305.442731076837
47,6.3240415457343175,38.23784422796489,276,-251309.48575505882,28852.0935973619
47,6.38645406471958,38.324268327939635,276,-328585.7473558079,57294.159202874864
47,6.595880303431162,38.186818719425624,276,-475271.9166742343,137301.17921113814
47,6.665983263653091,38.1736600395312,276,-582812.2754147599,191086.07056846734
47,6.719550361891197,38.16360522449404,276,-691279.4221327262,244300.8352100128
47,6.719334679333204,38.09591093133589,299,-819105.5733788869,307865.9328435136
47,6.776086177945055,38.09875864739503,299,-964704.8873994269,376188.3516742557
47,6.844580489764088,38.10219560247989,299,-1168258.564253405,471155.5423059855
47,7.933498703259264,38.60189219973164,307,-1257912.037288726,515000.05308232
47,7.948807772443793,38.56981551078502,307,-1377698.7041033872,570613.654445613
47,7.833638910545661,38.58681659379221,280,-1563301.3608902488,651073.3277385556
47,7.779565931171642,38.57946475349663,280,-1672448.4979503846,700903.0767462137
47,6.969080967029649,38.06107859074102,327,-1817510.9774007085,770418.7806515364
47,7.726473074752661,38.53798306164351,327,-1933655.19088308,819451.6768561138
47,7.069207213937556,38.111976608465284,327,-2078214.3443914228,888071.816751769
47,7.106834083369734,38.122239089410236,327,-2219886.8131131856,952107.5843092776
47,7.1549229586917535,38.14358989201477,327,-2359996.3102704617,1015338.1010011892
47,7.127744812655701,38.07434940183505,340,-2583529.6082039527,1116038.693628028
47,7.779619718104069,38.41468568929704,340,-2715763.31936621,1167688.8026991962
47,7.742614778380371,38.395365841734176,340,-2872745.784628747,1237804.4387661128
47,7.69946412548175,38.372837388979924,340,-3025193.4872688646,1306175.8228117332
47,7.427522776074383,38.230859981211715,340,-3253942.6307581323,1413165.3409599832
47,7.446170377840475,38.24059567666815,340,-3272764.1268785307,1421251.6149334807
47,8.017142845557917,38.220655643907286,297,-3536890.1971202316,1541266.102827029
47,8.01892333764878,38.21295512516339,297,-3594949.33428107,1567030.3794622466
47,7.500070180292029,38.20435476902338,297,-3774060.559029247,1642489.7416044232
47,8.846076184831421,37.06109024103495,297,-3946292.7067368496,1705156.7521551347
47,8.03405605804324,38.14750704053462,297,-4096336.7086420376,1789127.1435083444
47,8.762795333171399,37.073998763954805,350,-4415706.762609932,1913360.9601853257
47,8.27927307817871,37.87487653758608,350,-4482111.585089125,1961480.9733623092
47,8.706783703061012,37.12540232142581,350,-4664529.987976972,2023813.55355081
47,8.659262021457481,37.169014397821584,350,-4882162.354854067,2120531.017160013
47,8.653614997042206,37.102254971524836,350,-5057084.060096924,2197949.5464330087
47,8.609482923470173,37.18552028951533,350,-5186699.627772915,2255699.764916357
47,7.680838984607205,38.066942644269226,350,-5448484.925342669,2382371.4389989506
47,8.428147994822286,37.48430601531808,350,-5593327.769933853,2440426.3674824657
47,7.73944812743399,38.0422816730132,350,-5741132.353005052,2511555.305113081
47,8.021931727207514,37.944392799747256,350,-5947494.645347472,2604450.66261685
47,8.394639245493407,37.41186667770703,350,-6160817.4717226215,2690181.1667960198
47,8.405883248397892,37.30818098565306,350,-6381133.87275881,2786613.1018186063
47,8.279347111958318,37.517673735999146,350,-6687223.251640846,2925213.073769235
47,8.024879086218593,37.82365288473779,317,-6822753.617012101,2989960.949688298
47,8.019529442458738,37.79303235963578,317,-7046747.296495302,3088713.026556976
47,7.542880939366145,37.679996587933566,317,-7273578.395466206,3204981.0985389873
47,8.089726742753015,37.63792323231698,317,-7505127.900631003,3289801.128065397
47,8.192814573574687,37.34267020374899,317,-7762392.477890918,3401574.656286777
47,8.131837472046685,37.38056075598895,317,-8039780.634262324,3525691.7541938312
47,8.080604416364316,37.39675667400531,317,-8259770.7507949015,3624449.560106335
47,7.7846741897454645,37.53334819078996,317,-8536266.851261063,3756614.02773731
48,8.117406852339244,36.56755877831421,5,3382082.61615254,-1497262.776911774
48,8.288659729920706,36.59312717007923,5,3252591.689588605,-1445828.395569093
48,8.626225586336627,36.471218283692394,5,3132766.1532346956,-1400392.552847311
48,8.708814639359753,36.560082150674425,5,3022912.5985507905,-1355671.8459948604
48,8.700626065999453,36.65463455508567,5,2923744.634580665,-1313792.9571662175
48,8.859060815208467,36.678289175049905,5,2823534.0328128464,-1273547.477590365
48,9.02893637898442,36.70365193115227,5,2731601.534517289,-1236298.9809667112
48,9.299328528024137,36.66328611154823,27,2645685.7287763176,-1199396.313495892
48,9.327497101447738,36.783276913605874,27,2549129.6710201614,-1159976.0609680456
48,9.350964026078703,36.88323991371777,27,2451413.2008095104,-1119318.0546956812
48,9.074166293181078,35.70415350850088,27,2461252.405836658,-1092829.488678949
48,9.387665731096833,37.039579638693645,27,2275097.7798603126,-1044866.037209087
48,9.40877024628694,37.079638063255885,35,2227115.327608764,-1024432.5453592592
48,9.375777350630687,37.16681159266006,35,2109866.9147980567,-974081.223648155
48,9.579739378620006,37.23502318330209,50,2044183.6047691721,-945626.465504195
48,8.656298446868977,39.03544411497176,50,1861903.673437934,-914686.6713289248
48,8.59666205840332,39.05817217738764,50,1788891.7492756085,-883350.3800580666
48,8.548584201217452,39.067993197510035,50,1709007.6065356007,-848350.5877002113
48,8.524086614426936,39.066237636789964,50,1661279.7195506087,-827244.9261678497
48,8.48319754040645,39.06269089062738,71,1570616.9665753439,-786867.983550998
48,8.455470808629883,39.071271013828955,71,1506203.1577717185,-758166.0986933091
48,8.42585680765505,39.08511875424701,71,1434663.6633149232,-726166.999710202
48,8.400746466314866,39.086012388474536,71,1368901.813216274,-696621.14951794
48,8.375434846161516,39.09603839081623,71,1302806.024632822,-666815.8574658068
48,8.35367984543853,39.07952115912599,105,1237180.247657341,-637211.6404023656
48,8.33399383578005,39.1674784991894,105,1190135.8647903982,-613553.0165831407
48,8.308335503789358,39.096284766415415,105,1114313.0382841008,-581506.9238061974
48,8.287361313357792,39.09453139985091,116,1053467.7677207163,-553858.8810043783
48,8.28006760580029,39.07852053016185,116,1025851.4525842695,-541371.2024864377
48,8.253838238292452,39.19801626141882,124,971038.6128424879,-511249.1651857027
48,8.225462182335665,39.11394041620809,124,882393.8098625463,-475227.5038800781
48,8.209212312302007,39.06579343060428,124,816691.8033937792,-445795.65399538924
48,8.184056756756517,39.1280338639716,133,770268.2661049248,-422921.51254807785
48,8.166032589940436,39.069514468593155,133,698423.500396506,-391312.316300185
48,8.177204352502411,38.93733423604881,128,651531.0403428657,-364991.09134601784
48,8.12697914834492,39.04517938763238,128,584042.7208434868,-338411.4529774408
48,8.127813985492864,38.945442322572745,128,543732.9091574721,-316383.7681362031
48,8.10283562100631,38.94954285376427,128,490311.8774534562,-292068.1898871962
48,8.05928086985485,39.130605169400305,153,446464.91321189696,-270301.96320318535
48,8.028298577810215,39.07634502112886,153,355566.8015268424,-229849.27924241146
48,8.01528101527484,39.0535470024321,153,321076.86960155563,-214051.04847452833
48,7.9900839998927955,39.009418769806246,153,263808.9249436862,-186992.1691432416
48,7.959099487229704,39.10405216544521,153,222300.5081100058,-162583.19857260614
48,7.93517793896036,38.97706609513173,128,171565.01995423093,-141293.59117936553
48,7.9078015445252765,38.981560294876196,128,129484.40487041006,-120069.27584175207
48,7.851884460923783,39.076193284474044,128,50193.24491148664,-74665.20953172863
48,7.820455318514591,38.99589934115008,128,21552.392689197255,-61925.214143561294
48,7.778821195228816,39.00273413696935,128,-14138.607769788845,-40104.731748854
48,0.047043789018059966,36.04905302554843,174,-114828.3336064019,6813.892164928451
48,0.0038606112013079424,36.1073420824852,174,-175674.21316738136,30479.560094851066
48,4.389387056793706,38.754191413892755,0,-184507.34634766929,45933.050812976624
48,4.4563385353948926,38.714493266361025,0,-281732.6288735733,89358.28251238291
48,6.71422085439867,38.46092144501216,199,-334270.4279484676,108834.60259297818
48,6.685924596181279,38.472967986211124,199,-404646.0018869457,137964.09678172882
48,6.681550808604871,38.47456672269913,199,-414206.3366852511,141919.86417199898
48,6.651993430220962,38.485329046232344,199,-473612.55050620623,166501.31201435404
48,6.6133021751694665,38.503885465828624,199,-545608.038705351,196333.89099531216
48,6.576283223156751,38.51964551180847,199,-594074.5885712231,216533.2502662461
48,6.478072712613934,38.561456586344775,199,-641677.8593892705,237588.4629719898
48,6.590096032864736,38.60763584001968,199,-709671.5275487043,266623.17299064767
48,4.623324941053811,38.878419927690906,193,-756123.0557297694,300065.7780144065
48,4.643282343985267,38.78545109140727,193,-818622.5220804162,327094.3835388538
48,4.662250325980115,38.87124255312466,193,-872488.3849116373,352322.02921005536
48,4.6844601257799505,38.74989443950384,193,-926499.2200261443,376269.6068813369
48,4.712129218989056,38.86204548291579,193,-1027093.0070041609,421828.2380750349
48,4.730709052554817,38.8586195842347,193,-1085555.7717290032,448112.4154740168
48,4.736450002790967,38.795084821289656,234,-1113999.992883706,459554.9877212988
48,4.765662374402797,38.88180900890561,234,-1173540.985719164,489314.06054115563
48,4.807811392556887,38.70171655156687,15,-1267811.443456284,530713.2558820175
48,5.173192032210019,38.499192318000084,15,-1299718.654545585,558249.8750309099
48,5.350560847886345,38.69017281361869,189,-1343932.3556231202,576522.0816024363
48,4.856158721876694,38.7529098961458,189,-1467146.016452792,617828.6829157687
48,4.865602654354191,38.75171150977153,189,-1493717.9192857197,629684.1831182259
48,4.883769528111154,38.7649814323348,189,-1552684.9316010121,655887.3475381158
48,4.91531342652489,38.7454034689034,189,-1624620.9949619719,688012.3827601003
48,5.245211410362409,38.70354111445806,189,-1721735.7980577392,736435.8682770733
48,5.227429435648162,38.70579755543284,189,-1764602.876609179,754556.5098817375
48,5.008467131539089,38.743805304603946,189,-1821049.9457545225,775368.7542937946
48,5.117872308345367,38.71969979042625,189,-1892512.8714617842,807972.9117669074
48,9.979723766895617,39.09817642719111,276,-1964810.1850558321,913126.5511572968
48,10.25478263247592,39.03164411834237,276,-1996770.7080838666,930579.4927834738
48,9.84825120352802,39.19039404935912,276,-2080899.8758796502,969981.3366423531
48,9.709024735047304,39.288050423717955,276,-2145807.517263777,1004367.1236099724
48,9.9880212413001,39.17311284759389,302,-2231582.2208582796,1041926.483552876
48,9.899757307041364,39.229660596964976,302,-2304861.4043139075,1077969.6431235657
48,9.88624409380994,39.25750075453266,302,-2379905.075082904,1114576.4065713377
48,10.047855361451298,39.226232125810185,312,-2466861.3513293928,1155825.5033871466
48,9.97025961659276,39.27599331110163,312,-2550239.4635738833,1196595.0746984493
48,9.866032673155534,39.342832752545185,312,-2633828.6827747426,1238685.55718062
48,10.061161672895418,39.30884658963368,331,-2729409.8326081224,1283497.242366921
48,10.115582319517753,39.325477605486284,331,-2805117.95581962,1320463.4685805773
48,9.857309119057664,39.44409125737878,331,-2932119.325270018,1385390.3465527461
48,10.087709215469042,39.40030650085149,331,-2997073.168793347,1414447.544582829
48,10.10998493244848,39.442356081609795,359,-3109265.9233004185,1469666.9797228533
48,10.029585980356519,39.4895128827638,359,-3197959.699793194,1513885.3402409372
48,9.877125185112497,39.57893647869426,359,-3302109.3148714923,1568968.2633875192
48,10.28834632445113,39.62198389548704,374,-3417487.604189768,1624812.7575658266
48,10.23613202256332,39.67317157843244,374,-3521690.386654671,1676960.1375598735
48,10.183121091968738,39.73535380594645,383,-3627084.6864453056,1730749.9107000313
48,10.124058540869187,39.8300343320041,383,-3745243.919791279,1793389.7950984172
49,7.507380156977887,37.36423391217779,8,2926656.1787418453,-1259210.063370527
49,7.562703368550363,37.39655369784079,8,2855284.1637457036,-1229951.2495436464
49,7.220963240933232,37.65180205255347,8,2825053.8666882203,-1207163.5281003504
49,7.651189885982814,37.330462430928776,8,2687441.1256029834,-1161879.956050957
49,7.2291974743402045,37.874694888356295,8,2598062.2527577253,-1118839.8219999399
49,7.727120403398323,37.2737493379188,8,2519789.912480751,-1093800.6009029837
49,7.769514867600044,37.242084583440395,8,2421869.0064800545,-1054063.3833089976
49,7.397478866053523,38.09607600333005,18,2323913.584061125,-1023793.4260523745
49,7.4654958249427725,38.12572140882054,18,2251751.851662764,-996863.6327690202
49,7.489382321914989,38.13613241366481,18,2214129.6719475803,-981852.6396258596
49,7.103793489952065,37.92478018885114,7,2203374.7969865273,-946238.8030242089
49,7.088507847353568,37.94781370449167,7,2110945.303572355,-907106.6222609658
49,7.451849637243652,38.23011661591727,22,1963661.7496691078,-882490.2370335241
49,7.486227207745889,38.24358709327013,22,1922384.847618402,-866448.340557452
49,7.534689782862817,38.2625766265919,22,1845122.5705856057,-834877.0874193716
49,8.896412907309118,38.89278603526128,22,1667492.014910307,-815649.9499011695
49,8.941877788204323,38.853146431684344,22,1606523.5210565985,-794312.3355041837
49,8.99457790342515,38.834617919168466,22,1543659.8021984892,-769518.7613744731
49,8.842359551854464,39.0677485820983,60,1557085.4317532068,-734013.8848795622
49,9.043674174599706,38.91264321337461,60,1444747.734249811,-722275.0583507629
49,9.10358080544788,38.8664874004486,60,1386533.5282470577,-699865.8863777533
49,9.16329208096571,38.82048210147995,60,1334712.2678713424,-677254.1839109515
49,9.115598167549011,38.92072498289244,81,1293253.702183067,-654360.895479837
49,9.211407236402504,38.84945993174199,81,1236081.4903688326,-631086.0146404349
49,9.22406283408401,38.85903262880589,81,1202740.6307515688,-615367.0379386843
49,9.480762235144827,38.75272406400679,95,1154630.629940539,-580045.6441808292
49,9.508905825725018,38.76117924262131,95,1131853.410774304,-568048.9885680347
49,9.545834511902935,38.77227372741152,95,1103176.037851104,-552717.6436444466
49,9.280266432128577,38.91015069161696,100,1010097.9722135348,-523939.63170151867
49,9.197926622371513,38.978833584222485,100,983514.9537036371,-508384.4166967722
49,9.035790044757347,39.114078117584384,100,956498.0112239713,-471472.60982148635
49,9.287180577723364,38.948600897968674,84,896469.3045523181,-469577.94022996514
49,9.172651846800822,39.035658242253284,84,864491.2080305411,-447530.4033607997
49,9.306380082894886,38.97372130919244,84,788279.9880499616,-417735.6176566832
49,9.335438190785709,38.97503784076844,119,737406.8903955246,-393427.78637392184
49,9.341547030759042,38.98330453018674,119,701145.6542560239,-376000.8915726377
49,9.304076185022046,39.01007773433819,119,672098.949180086,-361533.02881151694
49,9.279394338180543,39.037654072820764,119,620376.6777401059,-335517.729105218
49,9.358832331297863,39.00810073438613,140,590989.1309078818,-322968.79602033587
49,7.532138353730857,38.66562097679228,140,527168.0163981961,-292918.1897737375
49,9.357819722304521,39.02998317192192,140,513798.6310672972,-285690.9293827548
49,9.357186101580968,39.04367568897014,140,463876.7444412567,-261512.7320833053
49,7.455363701038483,38.688191540211946,115,427819.58005053864,-246986.55006055936
49,7.442351021788242,38.71130057892609,115,358181.3265663355,-215113.41263132406
49,7.537565357319025,38.73194097966293,158,342285.1578767506,-212083.5193238187
49,7.413655828438831,38.73666745464978,158,278942.8407200006,-176622.85358995476
49,7.4325262994729036,38.75248550030217,139,252580.2356129486,-166180.74912462418
49,7.383354030254257,38.75203345979688,139,225501.55694605122,-148620.96816149537
49,7.546754172911951,38.80862350296197,168,166735.8160781791,-131731.90253856202
49,7.512393909949404,38.8309044858061,168,118743.90676194613,-107667.54883666297
49,7.587840997118082,38.866755075187314,145,70294.00911136727,-83449.13823019364
49,7.59770843759154,38.9023849595592,145,22540.942793281953,-57482.31478378267
49,7.598264722052551,38.904393621387676,145,20191.78266453178,-56133.35259796669
49,7.608837037045463,38.94258548458188,178,-17337.433298676795,-32867.59117237037
49,1.7827927286217675,36.23107599410685,178,-84697.97294786302,-659.2838040264847
49,1.7951315968709711,36.16193374802529,178,-116059.95331659555,9982.611105720718
49,1.8796622145566024,36.0686562960124,178,-158486.07857492322,24648.16406045514
49,1.853259822793291,35.965675924846465,178,-198932.0492611321,39949.11291542904
49,1.8576038776869765,35.81186324510573,178,-254481.30081184037,62193.900100887906
49,1.905522753099292,35.54334439809364,178,-325101.49958315404,93343.11827758937
49,1.9117792771092668,35.508285257013924,178,-331818.5391159581,96639.27939033438
49,1.7711048953742425,35.2902234338628,204,-375720.82592949027,120484.16690047663
49,6.729903854453603,38.51269526454235,204,-418963.7301560938,162345.47048409676
49,9.552267539622637,39.23045920984687,204,-431981.6817842306,177306.90163914164
49,6.338186712934306,38.582342973292725,204,-498965.93700670847,188758.5906312949
49,5.0577996590751635,38.809997102159954,204,-525296.4400836729,219832.14564685393
49,6.4676304038614685,38.55932775253853,204,-631480.4842553545,245736.44692190288
49,6.520870452372727,38.54986161741311,204,-640221.2499405921,250691.0159913677
49,5.111441135384073,38.73114777220715,139,-669010.0213744164,280630.86373293406
49,5.128048277224924,38.73130044160616,139,-722289.8745348895,303873.1716257356
49,6.590839016384123,38.744747871943915,139,-777522.9706451809,323977.44381216116
49,5.147065059253164,38.823125571897044,158,-822021.8896265962,350191.2459610097
49,8.418343483589311,37.68909759300126,158,-873612.4437072802,367874.0388159474
49,5.19058132588335,38.82146566286819,158,-925662.7935158437,395389.3786907761
49,5.334200108025444,38.81598738700377,158,-970975.1359297659,416959.41469901055
49,5.27130703502586,38.81838641586834,158,-1014840.935461533,434786.6750643185
49,8.48004709606302,37.79755585523601,236,-1108172.2955522477,475754.6428382575
49,8.261680978469567,38.115127551387104,236,-1150705.9416259853,505750.25143404474
49,8.391823594441757,37.769658702174716,236,-1173383.9191162332,502931.67560850695
49,8.44347094088997,37.82426024051681,236,-1243123.6646986655,535829.0487987087
49,8.279591520698059,38.06758329106757,236,-1317423.9475818747,577426.8447298259
49,8.305896858879887,37.842913927798136,236,-1351562.3507741315,585046.1565742886
49,8.354023757410198,37.869999901728434,236,-1430133.5299831585,619831.1190384973
49,8.348110191777323,37.88569770139743,236,-1453964.9686949907,630915.284120493
49,9.528577779415622,39.506201486756545,260,-1494431.4282322004,708584.9342504469
49,9.53094599367804,39.52201947413507,260,-1546388.7882842494,735248.9756446988
49,9.53428595498102,39.54602066530137,260,-1622932.4077431671,774678.7242705903
49,9.537124319568417,39.56838212023207,260,-1691738.3936735976,810286.9676603911
49,9.539564539178096,39.58957633864208,260,-1754708.6358710362,843025.5283738557
49,9.5433390707742,39.608859851576675,260,-1809027.9650783185,871394.3101491181
49,9.546074161893106,39.636158098262946,261,-1884113.9402909044,910823.02599617
49,9.551348290179629,39.67601160746702,261,-1985782.401900664,964674.346895469
49,9.58775367871477,39.70760080367518,264,-2032957.7795128324,990349.7050380852
49,9.604583915539374,39.74873425564521,264,-2108938.0221426864,1031746.0400552072
49,9.551952361272706,39.74998236491942,264,-2158805.2989479485,1057872.9039884182
49,9.642339542237675,39.84100979957117,264,-2242806.962003269,1107109.9031944112
49,9.671386695021466,39.91200165050886,264,-2313944.748345066,1149731.2854420922
49,9.549377084784652,39.88692156651628,272,-2407078.291635534,1197428.721868766
49,9.534716909753763,39.94165761062394,272,-2488629.958513624,1246175.0790632898
49,9.554341844260266,40.075305021871884,272,-2592951.6366905738,1315724.4173638443
50,9.569847529356858,40.31704789881777,5,2285414.8154336778,-999641.7507631414
50,9.576601205377985,40.22409681198595,5,2206867.281072785,-976923.5188392886
50,9.60121904159068,40.16017632813168,26,2126310.4027388664,-950060.0041399462
50,9.597037288329869,40.11164261838664,26,2068825.664739157,-929519.4384069986
50,9.544489138631912,40.0485513824539,26,2005949.9844102038,-905285.1675863487
50,9.57364239908869,40.02618693438342,26,1956038.1550983775,-886844.3870861878
50,9.611268998033513,40.00320476981171,26,1897559.2635263945,-864345.5007223946
50,9.607833366480168,39.97517112601704,26,1850355.847940121,-845627.2926432884
50,9.609641489627398,39.952314931308614,26,1807153.6647459692,-828291.800025701
50,9.65041447033771,39.942420091676226,68,1765091.7025771579,-810925.6189564308
50,9.614934227223056,39.90217340597759,68,1704867.006303932,-786556.5418267781
50,9.62552634446458,39.89120034321418,68,1676135.5367061985,-774618.6540876759
50,9.597490036860457,39.85769224083348,68,1617712.1044558121,-750431.7255399025
50,9.603195070783602,39.84524259506522,68,1586532.4197444655,-737374.2493623893
50,9.591309491099066,39.82078207903959,68,1535017.1104053962,-715713.4856293985
50,9.588371870064933,39.804378165448206,91,1496619.0049384157,-699471.3768622999
50,9.610372478921162,39.797924627207806,91,1470178.95567751,-688142.8734029058
50,9.614887854131652,39.77834577904029,76,1418939.064948582,-666214.4546800053
50,9.601673253914397,39.762944025639214,76,1385528.677669364,-652016.0323477129
50,9.565164919363431,39.744554680852865,82,1352840.7526169184,-638039.9298633871
50,9.56632732898784,39.7402484615861,82,1340724.102202272,-632835.8976912941
50,9.571959922764902,39.719382165114226,82,1281116.0146794869,-607133.2338571136
50,9.554565640689571,39.70682177040222,18,1252768.3034109506,-594812.4554894614
50,9.566422672945045,39.692132861392324,18,1206162.158982805,-574617.6876279514
50,9.551369083544715,39.67833496649683,18,1171690.3406058995,-559573.1516710476
50,9.569214501255402,39.66948813264038,67,1138978.5756717394,-545312.4031544403
50,9.558838949531753,39.65526968476467,67,1100319.6778768657,-528407.6983666526
50,9.556574077573812,39.644303854698926,67,1067867.81867909,-514175.8128601805
50,9.554408975825188,39.63381028509224,67,1036406.2713996351,-500351.4085805388
50,9.710563351143081,39.65033738269873,142,1026150.5450346731,-491511.73381987354
50,9.623506508796007,39.62541687949033,142,986402.4460498022,-477332.0922874278
50,9.548238336040972,39.60387094823366,142,944510.9968200267,-459828.49230675236
50,9.546542341396465,39.59560500835185,152,918596.8945240667,-448364.3403797714
50,9.653776542466304,39.60112579290874,152,901180.2369342711,-438453.9870304165
50,9.543749125683824,39.581941760332455,169,875263.4273139494,-429159.55643129884
50,9.541369848545067,39.57025079719383,169,837704.0124708137,-412479.919427598
50,9.539418624350484,39.560613270359276,169,806416.7321188647,-398562.4178315024
50,9.877854872965685,39.598529160431504,169,811576.7937778996,-383054.9570211542
50,9.610515500165233,39.547599724912956,183,744255.8194134599,-369749.0189161669
50,9.533321204560414,39.53018479296653,183,705797.6526890431,-353667.28910091246
50,9.869544551650602,39.56142096363798,183,710811.8412957761,-337949.734202631
50,8.595263569370651,38.722086128455565,182,680477.0216242354,-313723.8412010477
50,8.610716343079531,38.71587531170847,182,652644.735762921,-303567.7444988082
50,9.527800037542326,39.502126937404036,198,610723.9840485649,-311065.414666234
50,8.888311940773622,37.210909429286964,198,606911.5614004503,-289358.7764407662
50,9.656806419824415,39.49290289755089,198,553142.8306843383,-281796.5667002455
50,9.665081870662336,39.48438821873538,198,523409.3348123249,-267894.884251773
50,7.698830496769929,38.479818714197265,217,483975.62297199515,-250225.88353716655
50,7.675847562257124,38.510865406615515,217,443611.89836483763,-237114.03099343722
50,7.660277544644896,38.53207545638435,225,413781.10442656564,-227091.14278500003
50,7.645178992850342,38.55469442148854,225,381804.45469080855,-216099.39709799906
50,7.627903680781123,38.572507188827394,231,351790.2774865929,-205577.97257227468
50,7.605230718063805,38.575914784385,231,330689.7085318867,-197933.32470945938
50,7.594355665170656,38.6157878256155,238,285877.4092276701,-181719.56706882681
50,7.5669662003751625,38.63208975929571,238,252456.73615543684,-169063.2836404165
50,7.587467433634471,38.64867692143515,238,249204.65908602212,-167824.1038946998
50,7.531715417551811,38.653070670315785,238,213824.55348784293,-153566.93806552238
50,7.488518358759777,38.678781124786724,238,174810.66834003787,-136267.55453194186
50,7.5076659504831875,38.738054966253394,217,134055.5202154555,-119451.4072282826
50,7.505413758899823,38.74109735839512,217,131174.24524495075,-118042.20864131238
50,7.542883405135484,38.78229540543177,249,100406.22336181694,-104252.59428768803
50,7.539580814652977,38.83245620938754,249,56724.34344213453,-81610.37095742296
50,7.58344499272652,38.84726912788648,290,45039.38742613014,-75084.37536322759
50,7.571761332152607,38.87748840107496,290,19807.168854767817,-60824.283539865915
50,7.557055586153813,38.91440450145792,290,-3327.923648485036,-45020.68169017609
50,7.574265947061775,38.95865385714447,290,-28261.76954036718,-25902.19147004419
50,5.682925915686756,39.892620028286835,290,-63047.18007609377,-11996.082923776923
50,2.0036734221074397,36.01627385692156,290,-113481.36993435798,16027.728104123746
50,1.8642213170444126,35.98350507176441,290,-123946.16074514398,18748.001217687375
50,1.7329815838253735,35.952666049148064,290,-150055.32069013026,30334.067630565798
50,2.9454328886051653,44.534970703085776,303,-207900.23736595476,52218.055325309
50,2.9371569324115643,44.509065251965225,303,-223653.79410930394,59493.090216943936
50,2.097859137163516,35.34888128818858,308,-249269.6713714277,79525.47211336963
50,1.8626569960768031,35.283213018121614,308,-282431.05732810043,93486.18814892495
50,1.7040632912807385,35.238933768836944,308,-310433.43591776607,106989.42779284163
50,1.4952949293668347,35.180645791064904,308,-344321.40267703024,125053.4817344271
50,6.307066861881358,38.58599657764223,316,-403913.19944293273,147727.02703635153
50,6.776455527448102,38.46265968983415,316,-429381.40390720905,171240.08793599656
50,6.727540539092825,38.47551262573456,316,-464497.7610731189,183968.42601482966
50,6.6905943499598965,38.48522063173961,316,-489167.4037045502,192658.88334462693
50,8.420960629417348,37.26205661239638,329,-541793.6000181345,190718.73384822294
50,8.49753598213984,37.145027530756764,329,-596255.8348699315,211273.51298781668
50,8.463094407269441,37.16256851106892,329,-644757.7315323214,231644.92274382422
50,8.47369988677152,37.13752639348257,329,-660385.628514494,238095.19739877325
50,8.366238722799801,37.22961939280141,285,-700025.7732227236,256430.3618236299
50,8.417396067816235,37.14597971508568,285,-760984.5691955517,280304.8571421363
50,8.429040738924106,37.123016338246174,285,-772245.1710556421,284949.12682108994
50,8.252845498479687,37.237037739968756,285,-818419.0731122834,307565.23353918985
50,8.168321467041528,37.24256742318352,285,-862086.1030577752,327547.75837588
50,8.356320326818373,37.09619843773469,309,-932857.8261914204,352480.88696281693
50,8.334218771512857,37.09009956907384,309,-972851.8184058885,369374.1174499972
50,6.846410774280394,36.679542690055904,309,-982908.5478804496,410716.6862719332
50,8.273083423373437,37.101957859939574,309,-1033124.260272096,395115.0252650209
50,6.963745334687502,36.71192086722076,309,-1075980.610356349,451166.8128804107
50,8.22288437040655,37.059377120793854,309,-1134791.9771620955,438462.1943208676
50,8.148910632766587,37.03896425373624,309,-1210611.8824691502,471616.09279349685
50,8.114305388395953,37.02941502349088,309,-1238915.779577485,484288.59593075153
50,8.029204153621226,37.00593155155453,309,-1292751.0156816726,509294.03866425157
50,7.890268457932114,36.96759259537711,309,-1344976.9136039848,536426.4759248848
50,7.858408618382971,36.900602282401415,309,-1397733.5749732698,560360.4063553895
51,9.400639446645425,37.587860818657646,1,1951629.3501386878,-837085.2529548182
51,9.234148771071773,37.63082335564559,1,1890275.7158010257,-813722.911406985
51,9.167367954749219,37.535489315824385,1,1834156.0991998783,-791812.6668530516
51,9.249051586986692,37.7562864007504,1,1790610.0711055163,-770223.4464413171
51,9.085333024752691,37.534998885718565,1,1735374.4729040712,-750928.7487644649
51,9.19875271506175,37.81055802430072,1,1704301.4773892134,-733238.4595213925
51,9.05206446297356,37.485927692564516,1,1635734.6478715504,-710087.9347397371
51,9.15556858459674,37.85819357274535,1,1611017.253014955,-693020.8556270517
51,8.966333321932757,37.56421851419059,63,1568892.533255221,-680267.8559972413
51,8.979011834529048,37.488446636296544,63,1500721.2489987675,-653692.6131845274
51,8.967725837096676,37.477840458036965,63,1461595.9951065285,-637547.9326599234
51,9.017101980215696,37.38602441469827,63,1426359.4416382767,-623869.1563110147
51,9.001448329249067,37.375952372074465,63,1374229.5372412475,-602301.742686987
51,8.992342331829994,37.370221638990394,63,1343098.2837623353,-589419.1778274302
51,8.978431715553821,37.361611421965925,63,1294406.7904460912,-569266.6434529101
51,8.969683782750105,37.35638861034467,63,1263303.7786763476,-556391.9772717219
51,8.95609866224646,37.34838359169716,63,1214003.7595542625,-535982.8569302749
51,9.25298138787685,38.00742604821965,104,1221625.8345520822,-528279.8560124511
51,9.24383143075282,38.017150080835094,104,1192575.7240056521,-515994.9862482842
51,8.72866463957437,37.726998274162604,112,1137282.3572764255,-486162.65045189834
51,8.801104336224938,37.49767259476312,112,1081655.907378306,-477143.51273639704
51,8.73325591062405,37.5998780448967,118,1061296.1789028386,-462209.2801406922
51,8.754637978623665,37.540169324627186,118,1029000.419396149,-452500.50695017946
51,8.688081831866127,37.6774809205228,121,1006750.948891383,-433025.2207582459
51,8.679965497544808,37.66732962100547,121,976804.7475420099,-420886.6283205403
51,9.020219835593082,38.092894113651504,121,927377.7272376202,-400084.139358453
51,8.871274135782047,37.303127589968966,131,887431.0914572356,-400768.1190947846
51,8.78617973975449,37.403198516654946,131,842293.3486908178,-380504.9142132599
51,8.6174421203657,38.81350810422064,131,819712.2356311777,-362132.6897650683
51,8.808261528836459,37.35158869467654,131,796603.223592532,-362684.3929676344
51,8.83607302498212,37.286587332707974,131,745538.7939532249,-342026.91423513973
51,8.625808104613432,38.765375897962976,135,736532.9405509316,-333964.30361441965
51,8.628094586348437,38.752221030918676,135,709312.9155628186,-323935.4237560054
51,8.505903465986759,38.707003067566994,86,677061.5879085364,-297784.6928749027
51,8.743263078267564,37.37130944542468,86,637385.0461704435,-295939.78252251813
51,8.517401658141244,38.691605266074966,86,624439.635757507,-277125.0864500469
51,8.52619168911033,38.67983409803808,86,582462.9313477576,-260379.57909466402
51,8.718144807581208,38.84895880639967,167,570049.3929593079,-253186.92378616074
51,8.684489301138834,38.705313833511156,167,519542.227313744,-250288.9938577055
51,8.698600238836956,38.69456759529921,167,470750.61738530756,-230624.54396664302
51,4.5302277836896065,42.635944793585175,175,443554.3844327412,-219294.77210105257
51,4.581910539433363,42.630384942603506,175,411954.00236307504,-209462.7609844275
51,4.605030850598575,42.62789773999833,175,380443.84602854116,-196794.7434950086
51,4.457672212651861,42.643750069388574,175,383375.34217600885,-183146.14703478783
51,7.769185690801393,38.307441781510335,175,340583.91316352756,-178707.93363595716
51,4.6377238770932045,42.62438073799575,175,321816.0362517461,-172213.52235282297
51,7.762140290799222,38.37381569234501,194,263854.9529326025,-151570.2834738272
51,7.759129480808976,38.37929080627471,194,256057.81108152325,-148672.31488878644
51,4.696201497120459,42.55948694826079,154,237202.25657912449,-134010.82723924512
51,7.854709751586389,38.508656381251974,154,190855.92686127164,-116632.07113518917
51,7.734861047932215,38.448264377084286,154,165076.53363660653,-112875.38510362615
51,7.825648897012591,38.5459273296006,154,153867.62660542157,-101824.83725101713
51,7.712145361322416,38.48142245129368,228,114860.2028016121,-91358.63767475142
51,7.6954884084202755,38.50134455433196,228,84048.20794722813,-77372.0986706662
51,7.684312172498031,38.50865005063872,228,69302.8630456322,-70404.0733527157
51,7.6508049687662405,38.53055248315856,228,29284.608643885873,-50185.38727155138
51,7.629414060852533,38.544534936629404,228,8207.420552199896,-38297.67207536035
51,3.9262597642946067,40.66042215855293,228,-10705.10148945855,-29219.974952106102
51,5.653410708336349,39.836175994888976,228,-43387.283363698094,-15659.000749953502
51,5.678892042990336,39.91815717664354,228,-69611.72175143278,-9879.886714590759
51,1.844059595460619,36.08075289112192,228,-91808.64570175207,6017.334335758298
51,6.9638286116570445,38.67763454226366,196,-125943.86901009211,21319.30995650481
51,6.955266188492798,38.633417825139624,196,-164868.6134071488,30035.28125556606
51,6.90172717570295,38.69857179855118,196,-198609.08134946,43869.912651067294
51,6.87759908701641,38.706706489300224,196,-229255.48854868763,54152.9329497834
51,6.855910542642064,38.71401869722412,196,-257387.32237565526,63931.796363867004
51,6.932724898538846,38.47235333823385,69,-295269.42500788305,70784.51471297226
51,6.8830298351174894,38.484513757334426,69,-334300.4742325615,80784.79270894664
51,6.852892675061215,38.49188834288789,69,-359998.2881317696,88221.98501549117
51,6.906583728042724,38.34880804163359,190,-376511.15614971856,107510.92699290262
51,6.856437365397891,38.35894793486021,190,-400442.2678666481,112047.46748713976
51,6.754845317554933,38.379490452073206,190,-450039.3427600358,125115.68877804058
51,6.703415949822092,38.38988977657091,190,-472671.0458091027,132764.4694189595
51,6.657488444179266,38.52763194415946,290,-523976.02022056014,148051.0629309204
51,6.593636471591044,38.557989512774576,290,-561108.8283492371,166127.9228251602
51,6.542939242510802,38.58209283406623,290,-577550.6398721462,177090.44695666546
51,8.406497975805372,37.25760135003263,279,-592800.7040183467,212013.4620971837
51,8.340382550914835,37.3027072750953,279,-616030.1750175459,223044.07349821247
51,8.458421156886523,37.17198100748714,279,-641591.0665895644,231248.87114518596
51,8.343590198440715,37.26565961629788,279,-694336.3316635021,254389.40903704852
51,8.331545925589197,37.26720244552623,279,-710690.1178736872,261245.16034724494
51,8.414005120587564,37.161826291689394,309,-761096.5709928126,280632.3733368988
51,8.057083980856456,37.32703706826752,309,-782576.179505149,297067.4570730662
51,8.342369045958154,37.194985021176386,309,-840755.3804776957,313842.5574220704
51,8.29923745256906,37.2149496667119,309,-869011.6727265285,325960.4568837365
51,8.163516708255564,37.26412947327194,64,-896874.378909189,340010.89124875056
51,8.143866436403524,37.25239370921751,64,-933811.2880798114,355465.7827888407
51,8.288265225424855,37.17033021429766,64,-968447.8027131936,366806.72195608425
51,8.274335150029517,36.482516653069844,64,-1004222.8498210071,406952.8164028958
51,8.065410791069466,37.20553751560801,64,-1061528.3686808003,409889.3132628574
51,8.255446468185008,37.117330215032766,64,-1097637.3937466159,420594.1948556081
51,8.00613042669621,37.1701334064647,64,-1139569.645079436,444286.0450596566
51,7.970893929659622,37.149089055605856,64,-1179411.0175071948,462356.5440112021
51,8.206203950019383,37.06517157262433,153,-1222965.3000682981,473558.8811627297
51,8.17900754836229,37.02458765082555,153,-1294554.3084696338,504270.8902266488
51,8.171574582460677,37.013495782471516,153,-1312191.700537723,511913.56127916987
51,7.347509825836542,36.535694175019714,319,-1350659.90443426,562865.150515814
51,7.43939336996854,36.588091125470804,319,-1410734.8468107828,585742.9514345303
51,8.025790922371016,36.922486623469155,319,-1468383.4677056612,582254.7471135121
51,7.911941988136595,36.85756382339278,319,-1522998.1569252259,610547.8370548587
52,2.182164382092358,39.78407702975863,29,1593831.680315626,-451432.1396904952
52,8.709759742436523,35.387555693241715,29,1069803.9426524197,-429582.8002861534
52,8.65273757070179,35.395215547816846,29,1052026.7052349756,-423598.8665981241
52,8.494602521733988,38.88436813548497,29,966659.7823548579,-401589.08446350676
52,8.52645563203026,38.900666731668075,29,954980.6887732302,-396785.6096836307
52,8.557510726977679,38.8457427245281,29,880888.1632936107,-378603.66314917995
52,8.461979203512195,35.637586115690375,45,902662.8584468035,-368445.7557271894
52,8.584137733011907,38.815951600027276,45,818420.6833161449,-359297.24765305506
52,8.603486704059051,38.91821040066479,45,844735.9244927561,-352392.1824409503
52,8.599243603595054,39.008605052360046,45,849502.4256649096,-333666.8306213049
52,8.60982158236396,38.78325269161148,45,743949.0599080608,-334297.6946792033
52,8.610536573421552,38.76802058288239,45,720449.2329405772,-326130.09018831135
52,8.891125158133914,37.799533324050685,64,742349.0898984995,-306589.72762170417
52,8.865869151874808,37.772013968754685,64,728674.7982681599,-300906.1666609985
52,8.645909727989972,38.737147455878265,64,622590.8583029072,-290043.39540772507
52,8.678584630325025,38.866450367537055,64,654961.1548698666,-285675.0992314994
52,9.030005736347643,37.95085986144411,64,636624.8681434747,-265848.31183513894
52,8.699785425771735,38.86542484950341,64,592665.8871971002,-259669.78811840533
52,8.769358295605842,37.666854169681976,64,594429.7009634209,-247644.8480389209
52,8.714075630185803,38.845968239717145,64,548001.3259361192,-244540.40570635686
52,8.349679478742924,38.69381775477071,0,562485.2354786732,-232338.0114771791
52,8.690357318071404,38.70117984157637,0,490621.8751105928,-238562.49825366188
52,8.459539883166812,38.674397238890315,0,514367.8325477514,-223173.40275751802
52,8.70955381678105,38.68695387233227,0,432494.8653778084,-215092.31144932908
52,8.581430581730197,38.652850074017444,0,447052.53999062866,-209869.0466352269
52,5.876445755915753,38.77367349958911,105,435792.34917139326,-196601.64030351018
52,5.69423022576999,38.86903675304838,105,439885.94317409786,-187993.43536305547
52,8.730399345284047,38.67253925540477,105,369811.38247488183,-189340.9857370348
52,8.737261384678979,38.66803590464942,105,349412.2635395966,-180872.5659499955
52,5.663275996038658,38.88523677756409,105,376799.8800068677,-159987.11025578543
52,8.746978586327646,38.66186444641088,105,320806.0319924876,-168930.306832872
52,5.935836941112663,38.74259087648531,105,327949.59001050063,-155417.90601237662
52,5.950450405432533,38.73494285932267,105,296779.61782642134,-143279.30219662975
52,7.743613058925217,38.366218134372374,105,263222.680076677,-147813.2370981322
52,8.745730573912624,38.623806028311805,0,252609.77961150667,-139314.83229124034
52,8.759207872331052,38.62142358589015,0,228174.07351420826,-129164.98268898179
52,2.1770895539504695,40.593502955621574,158,221451.33202776112,-118495.45454882983
52,2.1085142759307782,40.57977286004104,158,218547.34495562795,-114131.98958285041
52,7.876168538634092,38.579115018472415,22,201309.6846653898,-108417.04550399074
52,7.7937829190747445,38.530353036243376,22,161563.46256515576,-101169.94710648869
52,4.245115322957172,38.47516998644868,177,154048.62173610996,-94136.58626950986
52,7.658377340210021,38.408733127096525,54,126037.2080868892,-94885.92417136533
52,7.650927541050614,38.4093419879386,54,116044.5072764777,-90873.11764613687
52,4.301126707448722,38.65402675371048,54,98441.91550005121,-75097.90964303863
52,7.638083596368599,38.42923787873793,54,82229.32128250487,-77025.05976824254
52,7.6207912746254545,38.43088899903346,54,59201.541605699356,-67633.81747484933
52,7.5997104609409565,38.41160249002268,199,46954.83740287698,-62929.059855248735
52,7.592361926346529,38.41833806689398,199,32137.269877798764,-56864.00579215831
52,3.8773372355567486,40.683579374676846,53,24680.448377726974,-43507.58970463342
52,5.8902425482892875,39.474607993149675,53,1616.3655754878225,-38217.47308789618
52,3.9067539662545734,40.66024041782215,53,2317.9985800655145,-34629.9358040797
52,3.9384690580413726,40.635077962943726,53,-23765.33160862331,-22913.954738177552
52,5.86615157020315,39.46519711248004,54,-33977.516638897774,-18854.404568612088
52,7.506729685923243,38.39610987657398,54,-66852.97524318052,-17649.422819813124
52,7.531984152980602,38.48323816576986,54,-67827.28905395285,-12440.373552451183
52,7.451875830332508,38.30331057258689,131,-88551.93675096692,-3672.4025919240908
52,7.444408633367636,38.325333348341466,131,-112398.30602848003,2907.7188906322785
52,7.078018986347259,38.59214363351423,242,-113361.0440592615,7609.631750434129
52,7.097942149788924,38.560222953223665,242,-153219.10587438184,13482.79517445006
52,7.107616420827988,38.544722939192944,242,-171351.84573256897,16702.1960222105
52,7.145606822749519,38.54845355927891,249,-185797.57597217502,20650.34178985007
52,7.100172762635235,38.495285613468866,249,-201480.9759198762,22554.45573824481
52,7.137294191649366,38.49112437187558,255,-224308.2497305285,28430.667358674833
52,7.154747606578171,38.465455277893966,255,-245965.83299564332,34670.845668637834
52,7.154348442907789,38.45069187266953,255,-252900.13945998388,36885.17117993043
52,7.18981456162487,38.41388159054313,255,-276198.14534311293,46264.879897432904
52,7.25116022399722,38.3337594072034,275,-280137.93346241256,57245.42015775919
52,8.225292659997221,37.41110850347999,275,-282785.73683153786,84892.64340186852
52,8.258145758578797,37.40246082564372,275,-285170.27875377773,85349.83674658286
52,8.164693591188946,37.40872941110324,280,-305566.08382062026,95039.69837289276
52,8.293358464691881,37.37492325761221,280,-321670.5890955202,99137.45171802859
52,8.113918062991868,37.39394419315279,284,-339203.2710565706,109904.76800578681
52,8.20937263958272,37.36804361729793,284,-365111.44902246987,116631.88337995412
52,8.284939757494874,37.34753929011406,284,-377372.7546878974,120628.6067087196
52,8.13497413441916,37.361068212223564,289,-392117.3301636432,129307.00453652671
52,8.21180324793577,37.337309285032546,289,-419148.389332935,137468.2212323418
52,8.278617678707466,37.316647336412366,289,-436808.55149047746,143734.0470969641
52,8.0841148600774,37.33166793355412,298,-444352.7397988019,152143.3488481923
52,8.117968362986355,37.31524226423658,298,-470161.17953532503,160390.90456486525
52,8.149992445145127,37.299704227149185,298,-493227.0996801615,168052.95738658746
52,8.273274351994475,37.277680150226914,298,-506739.6273214931,171141.64248489897
52,8.206759030192345,37.27216116441859,298,-530585.8224922247,181144.90531392943
52,8.230497812942732,37.26054944888698,298,-544867.939884887,186418.24262976274
52,8.269680039640203,37.24163198411202,298,-565874.5084885356,194508.32668428755
52,8.397321525698958,37.199107646075845,309,-586791.6695580255,205006.57319344115
52,8.266278814070507,37.201434496276875,309,-624646.4913251055,217923.23282495144
52,8.002507687821472,37.20142647367148,309,-629368.4851248082,230924.9765676937
52,8.292316688350047,36.77496144298708,309,-659200.3783601305,238153.6360239928
52,8.281354427154037,36.791092829689354,309,-680717.766949533,246339.22268322148
52,8.035573570683013,37.15276876213238,309,-690510.5643975128,252619.52606559786
52,8.25779710437884,37.11416108948743,309,-722568.9822267719,257543.40480319672
52,8.08545798653029,37.07936193592553,309,-760090.5693963845,277566.0893592579
52,8.248611706814195,37.056042653543656,309,-763603.2854433417,274641.9033932775
52,8.121300487573787,37.02661832451442,309,-789754.1781511649,288246.3147323017
52,5.008612082163702,40.16461100015833,338,-819796.5807945094,336923.11628165893
52,5.008628908398976,40.14902185540389,338,-833080.1043892687,342617.21731687494
52,5.0087128181337786,40.07128129248085,338,-864927.406477347,358241.50281492155
52,4.271397819981008,42.98610725204805,209,-882504.7138392662,470682.2391715308
52,4.24851297721087,42.98617950279412,209,-934362.1177007223,495938.0939771722
52,4.235828886511085,42.98621954829609,209,-949488.8013397297,502548.0978336611
53,2.105493774971033,39.88535495283405,7,1608235.7530257178,-452318.9558521017
53,8.792146987160871,35.38546037792201,7,1097574.9443188168,-442672.46426995174
53,9.008142334047726,35.13079207365402,7,1064513.9580954674,-425405.3315226056
53,8.446439532572084,38.89355949825124,20,1021547.8717768271,-409768.5336534716
53,8.536936397962801,38.88378313922626,20,963666.5185130001,-397675.6015418605
53,8.546608538406076,38.88273825974778,20,951950.3179091081,-393947.097345431
53,8.38921706679158,35.56645123255396,26,911685.2133843007,-378020.37150649074
53,8.32729347359579,35.5589480933702,26,873750.1699676703,-363905.92387196695
53,8.350340767682013,35.61472170689605,26,866781.6920615716,-361220.587329095
53,8.624828246413069,38.883791517436606,53,817622.5567762838,-343373.9054327958
53,8.346152169640453,35.72888049314908,53,802320.8197052946,-336593.63808323425
53,4.48728672929573,40.30594134409558,53,665941.1644018781,-329209.5526701503
53,4.466406310367507,40.27021633437642,53,626612.1757679095,-321981.38943528844
53,4.446502983607227,40.250894773750545,53,593853.6987731211,-314298.4668078426
53,4.585938186453896,40.3862543424112,53,674112.9217201096,-303976.5244044199
53,4.417532627099762,40.222771208963906,53,538913.2295408469,-299407.31415305706
53,4.406329756468947,40.209345649968775,79,513333.0625836906,-291891.9886424484
53,4.369557891011045,40.240030611676275,79,487572.33291999483,-281542.14998701593
53,4.372750180929364,40.205637012559315,79,468292.0130385058,-277443.90750129835
53,4.353781764177867,40.21274451506719,79,445441.1030336085,-268971.7346368868
53,4.53701144428684,40.177941078057536,92,460757.8932132958,-255503.88512611628
53,4.566344454389812,40.20322567723433,92,469009.09498889686,-251599.3571438136
53,4.314446572293617,40.26335053854926,98,391900.24926473055,-243238.97437422653
53,4.322147465958517,40.153871400543565,98,353446.68926714506,-238705.95228584332
53,4.297636966127245,40.21302427550118,98,348588.01253902126,-232401.9844545177
53,4.289489568287454,40.18863178927726,98,324316.735655634,-225094.85108750753
53,4.320941326732478,40.10939205928262,98,311221.3059230201,-223887.4336082562
53,4.279960054482397,40.16010138745065,98,294194.33373468614,-215223.09122754866
53,4.299057503789223,40.0844457473132,104,262535.7391586796,-205428.2132814101
53,4.257827198393368,40.141224927629125,104,249814.09092431562,-198206.24087489073
53,4.282525296862293,40.07455935253328,104,235326.8839032891,-194710.47429866536
53,4.275703395254703,40.05767957237369,104,213301.12922723955,-185839.82130685152
53,4.245824644105677,40.09834632710072,104,208472.61000527034,-182880.33453872972
53,4.219853274521411,40.135577970225775,125,190649.4401788502,-172984.3507945521
53,4.316090985887073,39.987511073738816,125,173546.95427940114,-167275.22528716733
53,4.214444273849321,40.28387472917899,125,186602.7946141706,-155537.50532901273
53,4.213347866622222,40.31393455873507,125,172804.91359383884,-144936.56383729106
53,4.1907075930505995,40.08942913629318,112,133932.92614175574,-149540.733393241
53,4.204012955962493,40.01018452938781,112,107733.10527385025,-139625.7660701479
53,4.213547274029565,39.97568913413029,112,93322.06979382772,-132969.39925715263
53,4.144359325955141,40.12752178908248,112,87372.57329941618,-124037.00262366391
53,4.209702544577073,40.39251087144689,112,118349.38580024488,-107153.80192238373
53,4.123853450101317,40.14437513135375,112,65185.284639096964,-111047.03254479961
53,4.115366905576308,40.10692166510977,124,53093.70005337282,-106728.8624791786
53,4.107590057406867,40.11028895457831,124,45801.63538744527,-102340.70270705571
53,4.086025149694301,40.119626321728646,124,26613.690770971647,-90254.67098207618
53,4.190529239925582,39.854964701351484,124,2844.4773391523777,-84922.34668641843
53,4.058705909300488,40.13145525145213,124,5072.082585718745,-75400.10098682482
53,4.422001934312184,39.83075514047217,78,-9140.639382097179,-71238.33021326228
53,4.062701298238411,39.926544893063515,78,-18414.003203823668,-66466.08545042026
53,4.004228503198829,39.9421337732597,78,-32713.83558133194,-49360.392623835105
53,4.233334678260337,39.73816725051694,163,-55145.35242064398,-47887.53153355812
53,4.383133734851144,39.74104383435742,163,-64288.00078332769,-39544.701966810935
53,4.636456482889311,40.02577823654123,94,-71354.52332761283,-30304.690702377236
53,4.641776909778167,40.0231302247044,94,-90368.87143438109,-21685.66801764117
53,4.085683766867522,39.633695283307304,18,-86587.24105493973,-11072.548086627203
53,4.58926605364996,39.90955112718986,18,-114753.26503167929,-14164.186929688829
53,4.375903105036945,39.58714577959321,18,-117781.12937180887,5968.35206950268
53,4.413832185526738,39.58106217439905,18,-121330.11069316379,11490.177671026258
53,6.611508183809955,38.157683521775205,169,-145402.87782821356,17260.573341679545
53,6.652865778204449,38.102164946130415,169,-165040.1931910775,21132.071293307126
53,6.68152115289872,38.06369787349513,169,-182432.33422435165,26641.9645424253
53,4.650916693710296,39.950995802255356,169,-206129.9829649258,29839.048621180442
53,6.674792532878415,37.975638595371905,169,-209134.35565844146,35488.09720887764
53,6.743230403239968,37.98085916555737,169,-226148.58115703912,44206.58224864059
53,6.76709431727005,37.9558258740987,183,-241121.17541999198,51228.89037515143
53,6.750993619969349,37.88016109445477,183,-260375.6185308114,58978.77002887899
53,4.690349326626612,39.97589785749106,183,-286595.06654557795,67513.42159177423
53,6.84388011901542,37.87848831647311,183,-284591.48470043344,73865.22513359411
53,6.861508057300079,37.82882103004867,183,-301388.1603939849,82552.05472241121
53,7.9191824716118076,36.40604322246849,183,-313978.9784313384,95329.49026746013
53,7.912868063471043,36.41453732958606,183,-328068.856933446,100854.68616049067
53,7.773734981423015,36.38629182923398,14,-349276.6215345537,110649.96285497426
53,4.74920699001715,40.06016262538446,14,-387109.61244483903,115080.20466283393
53,7.966590164080999,37.33853803470341,235,-397401.78538295685,126962.15856669526
53,8.034939878017612,37.33411793029291,235,-419400.9135920604,134441.99089997646
53,8.244963658836012,37.32726317939994,246,-424262.0001857491,136948.63004040445
53,8.177005055177828,37.31872802228091,246,-450264.13164504664,146135.48678604103
53,8.103591128143105,37.30950771214742,246,-465744.6578371073,151752.11780867775
53,7.887139475256974,36.52937845237671,250,-479998.85879647144,160146.7438888182
53,7.793714842040628,36.52866205811234,250,-500775.0880538309,169378.35885106612
53,7.673890694909918,36.52774322836924,250,-516063.37631895766,177506.7296419884
53,7.978073662408221,37.23993479404289,255,-542390.357780727,181976.1938004256
53,8.089048481584495,37.24166903704055,255,-563540.7413591404,189320.79538644748
53,7.980554703661623,37.20128792002272,255,-591715.9759610789,200942.15152901466
53,7.937720351797628,37.18213470120594,271,-601039.8592064488,205211.20993861675
53,8.270327635751645,37.19506295838863,271,-622904.6620576466,214931.69894518974
53,8.009246887706992,36.71040162137789,271,-646569.7064147439,224062.94660876642
53,7.949418766795739,37.104981106864976,271,-679326.4248586654,235413.1609868803
53,8.07065407415402,37.128713424179466,271,-689172.3247745085,238321.67028592853
53,7.957372978342585,37.05252134961695,271,-717711.5427708329,250372.67271840613
53,7.9657375939871375,36.99735488797559,271,-743926.350696036,260715.6896886498
53,8.065590385603796,37.0038864994032,271,-760811.9908601086,266971.58751055476
53,4.8849440017245955,40.04710786962502,35,-797272.3714886291,300787.4703674129
53,4.986354670435586,39.914887916970315,35,-811113.9491932803,326977.7967436003
53,4.939371931870708,39.97614434637362,35,-852834.1998380215,333745.22611532285
53,4.993148974503887,40.16811889158006,295,-863751.349018459,339971.4111234775
53,4.992687039315821,40.1403175890898,295,-888737.0332219495,349513.17136135
53,4.991440244609243,40.06527996979506,295,-918504.636995378,361875.1160024483
53,4.196407007815347,42.95513870976624,295,-943938.9734735879,497378.8813711455
54,2.2331511862929676,39.82198120291203,2,1687792.0007138737,-502360.49113861687
54,2.240447653360381,39.85134667118106,2,1651198.6379823165,-496215.7865050533
54,2.1547615121170005,39.97796875420413,2,1503127.02030854,-466227.24553554616
54,2.272830756599748,39.981676182962964,2,1435721.974870323,-450936.3403047297
54,2.1799610397671376,40.04554337236492,2,1373781.4832719103,-439594.2319261053
54,8.855151922799505,35.52973691988173,22,1101110.1645615732,-437928.190300828
54,8.64657626205246,35.52851778577997,22,1053708.6556465551,-425828.4854499481
54,8.487543968545035,38.89089280961809,22,1007500.0855254147,-409327.8639603054
54,8.496170977161054,38.866102827419894,47,976350.0747013307,-402647.0689238352
54,8.525367096555955,38.84226046677304,47,929090.3609733984,-390860.82246872335
54,8.539900008645676,38.8303924877925,47,902117.5495578595,-383329.8555831599
54,8.5740168532822,38.82003054948093,69,854642.1365578966,-368676.31219247985
54,8.570950235967617,38.80517521732663,69,837349.6632450934,-363640.45135463943
54,8.581880785521061,38.78992472404445,69,802239.5898806002,-352278.3452409414
54,8.619770735733972,38.81335892014302,67,780152.633988198,-342272.7144552329
54,8.62345509115677,38.79742826380702,67,756049.8687699705,-335123.3091527325
54,8.615933191911097,38.75960942280845,67,711610.366632086,-321139.4860785143
54,8.631948665246316,38.76070319405731,67,691393.8543582023,-313736.3485862962
54,8.659947144131026,38.77606471629804,67,663335.4517688937,-301548.11805765436
54,8.636176499908222,38.7424226067319,67,654174.8151748726,-300348.83435975894
54,8.662214808526983,38.74735471967794,93,620979.3489160354,-287510.76392742107
54,8.655559389584637,38.72660409460598,93,597245.1517015389,-279082.2930804728
54,8.669818165016418,38.72360449834833,93,569248.2103133186,-268362.54801925103
54,8.693529420378324,38.75580523621854,120,567803.7287129201,-265366.25558309176
54,8.67819398247439,38.70906764746362,120,529171.8481907051,-252917.9814166976
54,8.692082893275673,38.718138551890384,120,520178.4335630017,-249139.25284160365
54,8.691362857474552,38.69938925837476,120,489155.58499169047,-237212.0330900434
54,8.693241464514411,38.69804262291124,145,483439.08476738795,-234950.47606218245
54,4.370772001092232,40.3229599588839,145,456064.7589625261,-220009.80961304158
54,4.3710551625792045,40.34172093642939,145,449666.6521052419,-217650.47090157177
54,4.364014237742555,40.36656786530213,156,421208.1563852462,-207017.86608318414
54,4.34370286923636,40.3348138126735,156,399148.0056728886,-200353.45072874395
54,4.333592507344431,40.31900764168543,156,385563.0365025016,-195690.45136959135
54,4.316124547844207,40.31826779701465,170,350682.4740261099,-183230.18948017247
54,4.316054710291216,40.33125111746161,170,344600.0193800081,-180951.91257510518
54,4.301090751923913,40.318121093141116,192,320197.4818558524,-172125.71821098367
54,7.728957422802263,38.351255270463525,192,313703.72948228335,-158258.7901597259
54,7.785785969349507,38.392129225667446,192,286193.5345872791,-155252.1566459441
54,7.816387183189898,38.41413916116101,192,263019.3773673354,-149150.74667928673
54,7.8316195072041195,38.425095016399915,192,250622.7175103941,-145356.7216810935
54,5.807380236942629,38.608379693401126,212,253947.05990175935,-130790.59791035939
54,7.838819336721399,38.46496138845211,212,208062.19614062228,-131501.06758077603
54,7.840056685945558,38.479401896203484,160,193730.20835372192,-126654.78418097986
54,7.813429380006178,38.493773943264934,160,170639.33307602754,-118177.80981814022
54,7.831186913608796,38.52557371065385,225,147343.43785886734,-109951.38867226632
54,7.812428912288957,38.52601171222349,225,137539.88979156758,-106041.47053050746
54,7.774744734282322,38.52689164227767,225,115438.0634181534,-96126.14126188507
54,7.758398034515117,38.527273339668255,225,105177.03256457194,-91088.3518447938
54,7.7913935486092125,38.57466225467799,225,82406.35195520666,-83438.70812447296
54,7.788963136648733,38.576915129816754,225,79009.28658398808,-81948.72402277053
54,4.210746118330432,40.43831664323505,160,70666.13549972253,-67490.1572543741
54,7.705673605359244,38.55193495541893,160,47605.978940010216,-63502.67292347469
54,7.6952523514176185,38.55755981106258,160,36484.50633896203,-57750.75834627118
54,3.7024854217522627,40.68081096837053,257,10147.616300377216,-45208.95095025892
54,3.6852028615542216,40.688116279581635,257,-9154.297419849789,-39045.955041757436
54,3.673385331834183,40.69828598623933,257,-25589.91099508777,-33302.77662071187
54,3.668146173302268,40.701553860040406,257,-32249.16227747163,-30850.980603983095
54,3.650482793898371,40.702792397968636,257,-48667.75810149972,-24444.629420016045
54,3.635421870405031,40.709158626813476,257,-65696.98269992044,-17419.221965627297
54,3.6362930010261945,40.73753940636343,257,-83449.26598539136,-9698.88607524143
54,3.5992679906016156,40.72444081535653,257,-105158.58439681416,396.4454123186674
54,3.5860052541773872,40.73004695333491,257,-118877.28886146886,7072.226798236767
54,3.5897110504312253,40.7528761751198,296,-131870.59717537547,12946.21377836567
54,3.5715697884295428,40.765162347753794,296,-153220.2645227509,23891.31092304135
54,3.5542749267691827,40.772438488148204,296,-169440.74288259936,32581.088195500226
54,7.879986402998293,36.26879387983674,296,-177555.53538124592,37899.21586631563
54,3.5195301458996022,40.78705600337004,296,-198307.36051425777,48963.528988401995
54,7.2007837628440985,35.98013432129473,315,-216157.71724703407,57231.82026521316
54,7.883564951902907,36.31346205412368,315,-232695.1557986361,59485.01815089627
54,7.273769014636132,36.05897530459829,315,-249406.54250770144,69564.45253459335
54,7.887513618050747,36.341657719463676,315,-266697.52041768236,72814.53895927468
54,7.342685705731998,36.133421299626285,315,-284480.82776942675,82871.52863357302
54,7.893212156203032,36.37322178878624,315,-304163.2875679004,87516.42183270867
54,7.418734799224107,36.21557194188682,315,-327687.8215416648,99506.27408600859
54,8.268703966562574,37.36509101957087,344,-347995.39672235085,108478.66461996468
54,8.156839481318274,37.37170453470188,344,-362233.6548019155,113303.73368672928
54,8.183355517213167,37.35537921766337,83,-386383.3176094517,122457.33255460131
54,8.180184257315135,37.34499262064021,83,-404320.04667971795,129244.74428296353
54,7.920430171199655,36.48364066506641,365,-431073.6819201256,137408.36299948065
54,7.864522066270549,36.475783162020086,365,-442736.989484607,142097.96529933278
54,7.725329409089107,36.45622058286961,365,-463556.40238899156,151242.39371647904
54,7.935257185848718,36.53510150566447,365,-487815.2508055101,159746.92144840048
54,7.940386818064972,36.552450283042724,365,-506481.94913181185,167098.33010296166
54,7.702019375556183,36.52158492402183,315,-529348.6411010962,177845.44595643444
54,7.9523616880647765,36.59264192837263,315,-548597.2353268623,183686.90276513746
54,8.095670506679815,37.2299480130099,315,-578009.6742289918,195651.83781109267
54,7.79186748830998,36.61864170444733,315,-601408.8073783657,205683.835065876
54,7.973723001364943,36.66470567359976,315,-618879.9149453327,211369.5743008252
54,7.857572570014384,36.68961841717248,315,-652627.136164486,225405.67049141842
54,7.9926493428231185,36.730773147235084,83,-675083.3086744965,233492.6751949382
54,7.998221245817821,36.75089367024049,83,-690195.0359511222,239436.07621910423
54,8.10567964759437,37.10097308820861,83,-716946.0861230257,249735.74712123114
54,8.089849707998134,37.0491264377373,83,-747545.4073553593,261750.29031424888
54,8.05197247336511,36.925069884463696,83,-767681.2723580704,269787.7189729938
54,9.231731201374089,38.69220502700443,409,-787571.5829060831,318170.35980640136
54,9.246669611496445,38.71369652088659,409,-818659.9551961294,332471.4083335815
54,9.312081509317881,38.697831634923965,409,-844563.3472120626,343671.74646689097
54,9.39169221648533,38.73818459589742,409,-874898.4992268602,357953.75128043775
54,4.9337102774115955,40.100778003766614,166,-921298.5290793973,392034.02477839956
54,4.97110696490584,40.096049440201035,166,-952024.7555929265,404848.1785552924
55,2.449122226689953,39.572859153006526,10,1542513.520371835,-471891.17509678093
55,8.19975426658155,35.380008393221686,10,1164585.369531747,-462585.64760825696
55,8.064361951258187,35.408088590483935,10,1131286.785453087,-451463.2207623951
55,7.966502679696632,35.502599485134084,10,1085798.9854718929,-435074.72052159766
55,7.917144647023471,35.55026867121808,10,1055578.8412716673,-423843.13134539657
55,7.871652371316115,35.59420437202767,10,1023514.5167376966,-411756.4607006044
55,3.1269608891617255,39.48668538519089,10,998960.1667473434,-396018.23522418644
55,7.814487388505581,35.64941338372245,10,977720.8573868868,-394280.5509144175
55,3.2109846937831685,39.53235460615285,10,916678.8779828699,-376441.4257128623
55,3.2495258208046858,39.545395257338676,20,880710.9450493449,-366666.5671656709
55,3.3033542349210507,39.52891063170941,20,841744.0156507356,-354411.8035095403
55,3.3282094286866832,39.52129887923824,20,821746.3689519477,-347501.9208423804
55,3.3176100173181076,39.62224857728888,42,786848.4206184598,-338193.0836158277
55,3.3154368806118732,39.67700502261312,42,750897.3694039525,-325811.1776693755
55,3.3593476055886784,39.66935268185564,42,723120.0508976966,-316572.7988096973
55,3.3778620896638465,39.671031685868655,42,706942.2340773515,-310786.09620666184
55,3.367317842936293,39.7273645524299,54,671919.1917877471,-297862.593467938
55,3.3948775653950625,39.715242258498606,54,660833.8118937152,-293938.28666462726
55,3.4560079135290995,39.68835374213885,54,626824.3861080398,-280155.03492727963
55,3.482319110688692,39.676780618856135,54,608161.4725791803,-272052.56330445193
55,4.483593575248788,40.399607302263576,68,590412.7270430508,-267015.826855913
55,4.4604817967315755,40.383530240695286,68,571255.201667796,-262858.7346727208
55,4.432696562794907,40.372120533622244,80,534880.7269996448,-252337.70085220766
55,4.43630711204853,40.42036585190222,80,508343.9384444027,-242128.8661453407
55,4.407682100374753,40.37456388287856,90,490475.1323132697,-238174.5363128147
55,4.410530602285646,40.424008037623395,90,459726.530803996,-226341.51981136226
55,4.382652348786715,40.389194441813316,90,433753.6501441189,-218869.1395952462
55,4.44096883309137,40.48002027299171,31,429754.4856845164,-209553.00513942816
55,4.407335338793756,40.454135545297646,31,417383.67046843155,-209658.08040667739
55,4.359902658946453,40.385494205514725,31,388121.20578210754,-202703.314579568
55,4.362514198923885,40.41964067568336,31,368887.84338072443,-195186.24595725036
55,4.338964668911169,40.392809723856764,42,338042.54595542664,-184256.2472433686
55,4.330943044257405,40.39594980542594,42,318381.9303126498,-176834.34481165718
55,4.36262796825355,40.468347677013924,42,315970.6843883252,-173317.14709085188
55,4.31559481911175,40.40232115657585,42,280475.8385341718,-162234.74258465704
55,4.3302002578921295,40.44209257152183,42,281031.8021885534,-161788.02389848043
55,4.3168257769707274,40.431263919002745,42,262547.25190451235,-154934.00506960775
55,4.3016704680051445,40.41899341851962,42,239384.76168236925,-145922.27388150926
55,5.774440724496617,38.60798864770344,129,245761.66981499974,-124990.32265426846
55,5.77485454016418,38.60577946736419,129,243203.1877317211,-123971.09194631308
55,4.275098702653708,40.41833608406101,138,183778.78709170697,-123073.59012995107
55,4.285798570042227,40.466692585582884,138,173015.6125701881,-117866.04794336273
55,9.38383944367728,38.92782895725722,151,150879.8239388098,-110085.70862164075
55,9.347135617113121,38.94145548490081,151,143170.2518394501,-106182.2604111098
55,9.380621344197987,38.98874677059857,151,125491.81419602768,-98190.53856636751
55,9.41468957890621,39.01578357629944,165,113663.36013186909,-92777.07291077074
55,9.339055710381555,39.047525366860945,165,88651.09888319454,-79351.21799995654
55,9.432462431366515,39.0794349261669,165,79935.58945635553,-76741.6420502987
55,9.443071016221328,39.120171825752436,165,56743.334887953,-65533.47643584488
55,9.472157750744362,39.14048660776221,165,45743.64151004924,-60014.9494427715
55,9.487246329211052,39.15102478564346,165,39861.59445584061,-56947.27838394517
55,9.452073695061165,39.17793515993747,181,22977.50924304904,-48908.56924728199
55,9.34741571957133,39.176209317163604,181,6970.6224425349865,-38545.40212601238
55,9.323583730690864,39.175816320207524,181,703.4680117415116,-34183.64035136356
55,9.460653960932214,39.26044857489696,46,-23677.164345266014,-25114.814833373952
55,9.383227757243365,39.25653873001576,46,-36082.72956595649,-17393.328105395532
55,9.460292268835582,39.30379018885542,205,-46574.769483991906,-12907.491024500852
55,1.811205474817508,36.15019413121405,205,-68699.27148866982,-2691.9299191697523
55,4.386614437162502,40.69816869403965,205,-79381.89800545499,1925.9886062115943
55,1.902173154615732,36.049270178909985,205,-100569.14224780399,9340.507187575387
55,1.9560846598774058,35.98945814239617,205,-119583.24170053359,17129.58853222307
55,1.9879536370054436,35.95410115478492,205,-130660.67178398342,21850.56140068404
55,2.058341021010377,35.87600997996461,205,-154239.95841070317,32328.5322732173
55,2.0917114021886904,35.83898726194125,205,-164816.8822283587,37221.19007339993
55,1.8644415136527592,35.75260395800713,170,-195207.15573042852,47867.54176906367
55,1.806747243571931,35.727002239901694,170,-209742.73393897506,54341.58198207606
55,4.58784020059457,45.370121994228,170,-219960.1792934435,60136.20974895364
55,1.6838142098451803,35.67245094961051,170,-245370.54272819942,71200.90461914586
55,1.668698772116245,35.665743504049026,170,-249988.7554634832,73463.88582092123
55,1.5724606555588647,35.623038030391974,170,-279279.3883950053,88176.71835457416
55,1.5509135730711234,35.61347655520436,170,-285628.0590694744,91449.38017731423
55,1.475371210883443,35.57995478156829,170,-306535.0648445099,102474.38291729559
55,4.465208317787027,40.80655304160181,80,-320910.5546064007,107906.29117391068
55,4.467164307260667,40.83268960091152,80,-342300.8689985326,117480.8384385278
55,4.466764770041881,40.868486830837305,265,-349959.12242083816,121802.04062846527
55,4.496290942516707,40.82523012255508,265,-381466.0159692884,134122.1643504037
55,8.535957875947448,37.25965279161898,270,-403065.06469199044,130033.15962187733
55,8.53294106072086,37.24749136624022,270,-426180.13674033294,139236.17191192927
55,8.437082481086026,37.26976757874,270,-445379.4503804021,148488.35858758452
55,8.407110675568422,37.27283364419408,270,-456519.03704069066,154031.51312555026
55,8.283751643142013,37.28545306638903,270,-487459.7499526025,173458.06643022576
55,8.519975266893669,37.20002684377867,281,-507465.46790740476,171848.06033172228
55,8.517677194081761,37.19255366239419,281,-518926.95265565376,176485.16800924105
55,8.257382698804875,37.25547609361391,281,-537532.6697257775,194889.5497861937
55,8.299630292525007,37.22596801069328,281,-567824.8137086688,203786.95791357855
55,8.126894466103638,37.2119874288106,293,-586334.8261752216,224064.8923345377
55,8.486264101630523,37.11716649752484,293,-614062.7760844515,215634.6688017731
55,8.27833728817831,37.172028712196685,293,-630657.2258161516,230001.63741235613
55,8.17939157512296,36.93307882113465,50,-645040.1637197128,242808.78535875626
55,8.208364712608201,36.98270623862149,50,-676967.959470331,253542.7601769165
55,5.1763443691874835,39.97677973815287,113,-684481.9798865685,294712.7295105277
55,5.159577420496304,40.00840079756045,113,-727576.1754465726,312216.1680602448
55,8.237382341672332,38.05630984917314,113,-734216.8091110628,319458.43531685055
55,4.93451617480829,40.25370425646758,113,-771469.2730042776,322888.33339983295
55,5.082811544089304,40.153174804032936,113,-805285.1990357571,343265.20772376726
55,4.160389699522255,43.01516720697329,160,-820449.8125249237,421809.19195533165
55,4.234875532949903,43.02590055307479,160,-858272.8355882749,449271.34495130787
55,4.23503247899093,42.87488948014768,160,-867093.3650378933,465305.95656443655
55,4.2223845310351145,42.892876252566715,160,-903719.2685328724,482484.2386183801
55,4.234980581909326,42.92482405590039,160,-961039.904641794,513382.2730014812
56,8.372821999334288,35.3628165357569,6,1200243.9556863708,-466466.9057499394
56,8.598219920755687,35.11065305302614,6,1164635.8462570223,-446116.90680058976
56,8.69180410036174,35.00595593554987,6,1123791.1722359902,-427770.57628221426
56,7.965552758624721,35.627621044911336,9,1057088.978306679,-418733.23078785033
56,7.933913575214971,35.67786883118422,9,1022354.2542582608,-405819.5222043163
56,7.888729943915503,35.71209616816952,9,987306.5828748574,-392634.5536201278
56,7.865712717968099,35.742767652588206,9,960501.7970311558,-382461.5960286249
56,7.857887287323761,35.798610021486255,9,920833.9725796494,-367287.6232629513
56,7.836702088605646,35.83225530630762,9,888222.7172990653,-354728.26949565695
56,7.822428400214116,35.854924072259465,9,865257.5151915167,-345841.0249716913
56,7.811497042552117,35.87658498022318,14,843623.3667543122,-337439.3647793187
56,7.800890555106987,35.89406684051632,13,824989.0311025392,-330180.6083397997
56,7.7836065095843106,35.92987297973582,13,787157.0602571174,-315387.097759163
56,7.7719612527605095,35.95399763773518,13,760688.9095044029,-304993.99227925116
56,7.7911011043576135,35.98310724666893,16,739344.3981759717,-296626.2586343666
56,7.760333322372278,36.00145594815422,16,710407.8368141942,-285174.0433025361
56,7.781622741022008,36.02172043695301,16,696667.335526356,-279789.49654066964
56,7.775236621801969,36.04773636690729,16,666772.6254901714,-267954.5232757643
56,7.76302726236946,36.05913341679582,20,650508.3006160123,-261475.6369677203
56,8.101494414220548,36.14429553528992,20,614090.7510300124,-248210.40158111815
56,7.71939942386042,36.08132641649366,20,612484.7804364377,-246227.0925770228
56,7.683491029550686,36.09959262016773,20,581064.0398254668,-233570.51633085075
56,4.53544125534611,40.43978242263261,50,524684.721795797,-230445.58105828645
56,4.533349184207256,40.46430800212815,50,496948.63562354574,-219989.01043004452
56,5.752498660146112,38.778401789876426,8,477495.83169905684,-212925.02595019396
56,5.763382303625483,38.76308413763036,8,469010.62718257436,-210988.75112921913
56,5.782409544166149,38.73630517759215,8,446274.26832694036,-204370.86144610285
56,4.415338736712424,40.38192956621413,67,394616.62055814726,-196108.52248930215
56,4.432993024860359,40.464965857526266,67,381313.5578717817,-190071.91769289697
56,3.5229975268405473,39.61028492951425,67,320050.2991187603,-187867.18443187306
56,3.4618323495592906,39.67264130014283,67,291728.3162993438,-183028.32639027067
56,3.393463192155483,39.574717152785624,67,257047.56171315964,-178429.68852400043
56,3.3652845820472717,39.58564284682633,67,236662.79713036073,-172881.2228600936
56,3.352046331940136,39.5909743756994,67,226246.19716986027,-169818.05007997685
56,3.3192503617717284,39.5618417173253,67,197283.86996680463,-161175.52358944467
56,3.3044033147059304,39.55553399109395,67,183471.7338234017,-156772.5290332273
56,3.2811365519973283,39.54548702805183,95,160848.63401941184,-149310.86455361097
56,3.2651383131822143,39.52758027909387,95,143532.7774712694,-143363.16228863582
56,3.2465483679234954,39.55274570691481,95,127301.13749023454,-137760.3088412137
56,3.2365137609006362,39.53337390118886,95,115475.8089214161,-133595.30476461674
56,3.218607436712797,39.52851312105373,95,96546.4161274924,-126782.7027867183
56,3.19839166293809,39.553619253925376,80,77382.84367149754,-119651.03847621931
56,3.1925726490192283,39.55298990033585,80,71174.27277294367,-117336.54418470389
56,3.1720330371052214,39.499187182549925,80,44046.80331754691,-107125.7949699151
56,3.1530436707357903,39.54871465633065,80,28637.945938008153,-101111.53045101321
56,3.141476106226556,39.51286920740547,80,13205.164427857702,-95253.99142191051
56,3.1264107216678703,39.54583417824121,80,-85.0689888071015,-89799.06177589639
56,3.1129899471289657,39.544382658662805,80,-14480.104015944946,-84020.85030788399
56,3.0990469822029016,39.54287466175007,80,-29331.894157742354,-77981.26356703248
56,3.0841520444725696,39.541263704523125,80,-45039.916388513266,-71504.49852389135
56,3.0778567749610426,39.50570640405097,103,-54540.220284033974,-67832.74622324143
56,3.064032849007905,39.5026727549193,103,-69002.58335181444,-61760.64471621382
56,3.0571708502960906,39.484857369752376,103,-78016.24310804003,-57967.50144390878
56,3.031974817445868,39.49563764637337,103,-101624.00311797483,-47742.60081163902
56,3.0284778477395564,39.47305856466052,103,-107766.87395988032,-45106.15543341386
56,3.0225947010370713,39.421672645225705,103,-121586.17798445933,-38737.750577153914
56,2.987788778968311,39.48594105672771,103,-143859.18329356355,-28814.715907738726
56,2.977094486002192,39.483594202969925,103,-153505.26448929662,-24342.229363151946
56,2.9623648256107007,39.444359852066086,92,-171246.81988199695,-16140.166496923717
56,2.9422353781251203,39.43816366094149,92,-188352.38144607158,-7862.972883017509
56,2.930726444100318,39.434621012544945,92,-197680.08820952056,-3235.3806485724976
56,2.9226437854685416,39.37911577907545,106,-213299.20400754205,4609.1821400178505
56,2.9096731371745443,39.390184453386794,106,-220334.29481833798,8220.014398021809
56,2.8999240377190088,39.34661245551119,106,-235333.6704790115,16146.7413520668
56,2.883903334233976,39.33240519261644,106,-248319.03003185333,23188.667996330158
56,2.887539552843441,39.256333544217235,106,-263089.42351654486,31776.92182504216
56,2.81879725867994,39.334050584832475,106,-280900.581849958,42975.929027190745
56,2.799689103725612,39.325758418100754,106,-289624.4127669853,49016.625285857896
56,2.8533592094482527,39.14895180083148,126,-306605.90817368805,57843.04086997543
56,2.829763709882585,39.12345851976784,126,-322219.241990027,67729.7784963275
56,2.8056837610470704,39.11455692427457,126,-332294.43457457976,74619.29939085705
56,2.783289605995754,39.07324651263187,126,-346666.8587155349,85035.64023275897
56,2.7288736966710445,39.01445394217206,126,-364369.8346437408,101254.87108658378
56,2.853677334550132,38.832282459007125,202,-378475.71996085835,108997.14069445369
56,2.8186578131947835,38.81172455671563,202,-387671.0593839209,116017.30654490844
56,4.524665632418164,40.80861136170512,108,-394595.9824224212,140106.9217529795
56,2.891153491725312,38.537401807228186,108,-414872.09552288364,144907.20614427942
56,4.545838211327193,40.82954965161487,108,-437572.5675157146,158821.72717118243
56,8.529363292700552,37.229048035281124,108,-462121.2390231896,153043.15105237786
56,4.57392574236538,40.85732637500097,108,-477296.0995213098,176375.66389507198
56,8.706129483416225,37.117796266381795,21,-500414.8294545997,174661.89663479963
56,8.677214999613692,37.09640262877767,21,-532957.0602112765,186599.9008369026
56,8.674087447657612,37.07031418620404,21,-550812.6387375698,194176.03077394117
56,8.662322088795174,37.052879472722196,21,-565084.0386551085,199788.45822469168
56,8.642689329363217,37.02378630696701,21,-583600.5300274381,207191.22960278718
56,8.58129798162796,36.932812408886804,21,-597937.2586696501,214014.0702565292
56,8.532391626570057,37.07122750459428,231,-624060.4751591493,219685.4806734222
56,8.037418817818809,37.05275617031526,231,-632906.9741916739,247111.50067922607
56,8.14046842725947,37.04617270261965,231,-674055.3439667383,255854.62367170185
56,8.332949492794638,37.03387578190498,231,-694434.749089623,252549.75207701113
56,8.204467394744242,38.11789273188683,231,-701817.7139991953,304922.80205988913
56,8.21384679919515,38.11608143923448,64,-724011.3284840693,314848.8869800454
56,8.339315750872702,38.134572209095175,64,-747168.394436569,330148.31802802585
56,8.246429954931541,38.08986223795425,64,-775584.0248596884,338098.6599655946
56,8.281782745052766,38.1092283146214,197,-807470.7225727832,353767.40985353495
56,4.24615014225537,43.02606840459512,197,-838237.0376673085,439864.8839638657
56,4.2836819344834245,42.98227299382582,197,-850394.0931207589,455146.91031715524
56,4.250304537036834,42.895413108177124,197,-910249.8106998317,489866.508954717
56,4.253886466364573,42.989108534406625,262,-919792.252435928,488462.1503643647
56,4.227362535898297,42.91846909190684,262,-952021.7933665906,507874.75412901724
57,8.353731618863875,35.52135105886927,1,1176650.3127828785,-459233.9171641048
57,8.268069171333698,35.5815925586752,1,1149109.256247532,-450598.06517853
57,8.175588278974748,35.68117513469961,5,1088736.7867229532,-429425.3522351459
57,8.007357941743527,35.61443982548908,5,1076024.1924226822,-425465.72358220065
57,7.9581673178385355,35.69195855897326,5,1022983.3809087443,-405806.3387621815
57,7.738838113934345,35.459000201828474,5,1013519.4047359659,-400934.66084650747
57,7.9024703284494,35.77973057188098,5,949847.5288924348,-378133.2508305938
57,7.899887306615988,35.831746649109476,9,911141.7416176972,-363303.4168842757
57,7.900592060110598,35.83772453890518,9,906736.3702665444,-361609.40131961496
57,7.899240378703307,35.88432513430678,9,867802.366817488,-346593.0246186231
57,7.898702939065237,35.902853914085306,9,851235.1590444252,-340181.49361480307
57,7.972998220659691,35.97420203990328,10,803086.0106419385,-321534.54681515135
57,7.845511841896624,35.96739866258975,7,772565.8544929313,-309498.3721206511
57,7.841158089729398,35.98146579268126,7,757011.9868695962,-303403.4290764197
57,7.775904014539771,35.979184442907005,7,737293.6749986943,-295505.7931248126
57,7.829946050807115,36.01769229434075,7,715637.1639174714,-287142.9391018547
57,7.82014318215155,36.04936571610462,7,677971.978665852,-272283.34043329826
57,8.061710667364807,36.10525932453882,16,663132.5794149275,-267216.9726883923
57,8.026766141520477,36.117893969791275,16,640087.2963007778,-258195.23715438275
57,7.892891873626542,36.10319632310274,27,632971.4440618975,-254885.17743028371
57,2.0504952090288073,40.17674849744187,27,620429.4683475242,-240497.29770696952
57,2.1197460344514654,40.17045048194432,27,574629.161630771,-237335.74887463663
57,2.154396265053225,40.16729921713279,27,540639.0167054095,-230997.99380332904
57,2.172768868528146,40.19576352899668,32,508198.29275471787,-224172.5418647105
57,2.1270237577125135,40.28382911216924,32,496465.21079728985,-218827.4805673369
57,4.501824709279722,40.45304178295353,32,480959.9705021458,-217418.31845427916
57,2.221655658451006,40.10164978465922,32,464176.7870062446,-209605.7366391263
57,4.429817230534413,40.402667991571676,32,415104.077228587,-201981.55690882614
57,2.0835123826322905,40.367594449114726,32,428936.668727652,-192193.44385001654
57,2.078806250859233,40.376654395231185,32,418282.459853312,-187955.9672833846
57,4.414473634067896,40.446690901310625,46,364905.871967242,-184460.41265314416
57,2.288009213325159,40.150151110490285,46,347441.12375950924,-177225.64680821024
57,4.4083728939917535,40.464194772081655,46,337996.0352836425,-174309.81718451245
57,2.7837419876375455,38.49501622952531,67,71054.79610375623,-231592.86331323933
57,2.864987420137329,38.45543117810916,67,54605.3401578519,-225687.18227870876
57,2.8636985904883487,38.43539682968931,67,50340.450606647566,-223298.5219849215
57,2.9022125210662497,38.406679033478476,67,36182.778489594086,-214527.13755676476
57,2.917072771016169,38.395598532908934,67,30110.52721284805,-210395.52908136416
57,2.5945912655570003,38.63605589513031,67,66412.90106603708,-193642.34532602917
57,2.9533202416466198,38.3586328149588,73,11217.941494842431,-196510.77776925615
57,2.9744856168959806,38.35142121605388,73,3697.309146782257,-190665.89216452502
57,2.9877126550497968,38.33942677263452,73,-3387.0487192293845,-184977.46657257117
57,2.9955251193591605,38.335063993017286,73,-6810.938339687536,-182175.9576654257
57,3.0031446900092997,38.30321740171831,75,-18378.02631278665,-172282.97713667227
57,3.0210570778107595,38.29844761297079,75,-24884.42859974414,-166743.1328288432
57,3.0468307236534655,38.2987015137256,75,-32262.25892692521,-160298.99119390943
57,3.0661074236289867,38.286451410402115,75,-41520.66688944559,-151880.31274789953
57,2.75766187374158,38.0388070134827,88,-11810.462812991549,-131565.17567600266
57,2.7874174413863217,38.024181416939335,88,-22497.551832857032,-124323.21588109212
57,2.8076795395985337,38.01422209513737,88,-29653.966316010254,-119190.21504716195
57,2.8346657485892277,38.000957706783396,88,-38935.21360327206,-112158.00314335918
57,3.004106020365044,38.07248750963056,86,-68817.19316975755,-107774.52058490842
57,3.026195983285472,38.06871200118122,86,-74669.92575929768,-102279.10760964097
57,3.0439923898440786,38.06567032639109,86,-79218.3594208154,-97772.15944339489
57,2.9672901445511664,37.935769539973535,88,-76349.19133542187,-76844.63016337926
57,2.983925772132243,37.92759271807078,88,-79602.53474924745,-72632.73723557094
57,3.014660635556301,37.91248577346052,88,-84484.8975178877,-65167.99109667944
57,3.188630684152902,38.040949456363926,86,-108829.14692489342,-60123.191112837514
57,3.2391252382831985,38.03231917407458,86,-115272.73114832013,-47353.06686702736
57,3.4140552724058657,38.28425119914841,103,-127930.9988386619,-43562.41860672398
57,3.3661974562193158,38.20493024943642,103,-138527.84719715957,-39192.42293785374
57,3.3581556996639588,38.10672118968425,102,-139661.48309367165,-25958.96214279305
57,3.4950443733496552,38.22579764295501,102,-150687.54192763014,-8361.062877109323
57,3.502290011846629,38.18609447493116,102,-156202.5567276889,688.4344528764473
57,2.6366701723252604,40.03385498074361,23,-175701.6579696448,-5494.287448945999
57,2.6629046559176124,40.02201777128517,23,-191667.02513339612,-617.4288313068066
57,2.581449462327565,40.16123642154982,23,-189566.18585306872,18903.703782793582
57,2.712576619059023,40.028111153557596,23,-230054.80838002532,16144.766406740793
57,2.6768395381997214,40.085031706151746,23,-242863.2729182439,28141.31804155249
57,2.764234320393058,40.02420222457913,23,-252151.05947749465,26970.83861652342
57,2.768702110747611,40.04035377834715,31,-264627.2898416447,34203.59975041575
57,2.657598742315195,40.15141175521536,31,-271488.4140288668,50403.5344914762
57,2.6845472335528213,40.14793490113783,31,-292009.39688656246,58517.365575707474
57,2.8353149504506128,40.07625934130221,31,-302207.04031662474,59396.86760259085
57,2.7365334770196115,40.141227713674915,31,-319489.3067939656,69968.44884887841
57,2.7844759537177084,40.13504224695898,31,-331808.8853701773,76196.09055399081
57,2.7688439919249603,40.18576875412601,139,-359654.9250944137,95595.60696704386
57,2.7680482255726986,40.19259539850806,139,-363580.0872444615,98418.11506373475
57,2.7654741062156316,40.21467800780374,139,-375988.7283659521,107520.64943827085
57,8.451070851172176,37.291960449831784,119,-399335.55632559286,129482.38755487243
57,8.421983515591402,37.29297434662565,119,-414471.08646401716,136498.07199609134
57,8.466495354797345,37.26412465248089,119,-440578.8089302646,145265.1491732253
57,8.340312947497738,37.295821136319184,119,-450450.2149805782,154893.43309874638
57,8.082734752354162,37.30479953537198,119,-472170.8458910074,183499.24968600174
57,8.221659366910599,37.2999570422912,119,-479604.068372105,174957.8377854844
57,7.974214647938595,37.255490645113106,111,-493383.93938849366,199672.6229056258
57,8.413725521132614,37.2274179612015,111,-527100.2267826609,181167.20978421054
57,8.078725568512606,37.24881526523623,111,-538121.802051774,208996.6723813024
57,8.03991928836349,37.21179092941866,86,-561789.7756291068,220949.648057818
57,8.495753220503332,37.13388202262291,86,-599287.2558366293,208666.6412667063
57,8.448104320349046,37.14202593964904,86,-613605.405524802,214987.86616444465
57,8.293969965169177,37.16836982996751,86,-633866.9266201912,229632.22068813528
57,8.121372409150426,37.06607027104802,95,-666565.5075392209,254331.76803149204
57,8.34688284328076,37.034848062684276,95,-692675.2270899629,251214.0835634425
57,4.254976654951531,43.054849771024216,165,-704042.0192447776,365431.47074771207
57,4.242467060503757,43.05581563193219,165,-733371.3531852841,379412.88254549005
57,4.165200624795801,43.04845009752385,167,-772862.0796054994,392020.8242251176
57,4.25484856550632,43.03459063742162,167,-787316.4212679286,412562.63375026354
58,8.132732451993501,35.21999623818896,0,1159134.4063344232,-455536.1675700001
58,8.037477681143503,35.487147148136216,0,1124222.6119185868,-445388.1886151946
58,7.988079395296952,35.51417292805934,0,1102161.0769280298,-437510.6119631453
58,7.894134262519496,35.558767605921524,0,1055154.5457558027,-420324.8427609411
58,7.9587759940884535,35.70787338707967,0,1013860.8394150082,-404527.5278363238
58,7.948460558294995,35.73680399112327,0,993297.0605338095,-396706.9655497985
58,7.73725010894088,35.67564214081977,12,940346.2883578929,-377068.3396959288
58,7.684528727526974,35.73010706186789,12,887022.5946461078,-356579.4352313369
58,7.5576374624106215,35.6310078739681,16,868383.2427996763,-349617.9809708742
58,7.523178196892437,35.6436592099646,16,844169.1792107648,-340327.1099078068
58,7.490128193798125,35.655793150939374,16,820474.0186426772,-331221.8657565796
58,7.416027227021918,35.64555432641946,16,781918.054473244,-316409.02576982806
58,7.617057241054602,35.87231139465237,10,762197.0614641248,-307766.9810557898
58,7.6017149872251615,35.88967287907977,10,741896.1473446176,-299776.1493321328
58,7.323173375385285,35.65315665691219,24,723385.0123037338,-293893.34050069994
58,7.287795939093078,35.66295126175057,24,697876.1971676691,-284078.5537794764
58,7.248410911337891,35.673855409247984,24,669255.3148174253,-273066.9879178399
58,7.2226102884291326,35.70246710729733,22,641048.9845059827,-262202.84928800305
58,7.194630900440411,35.71228838179591,22,619522.6583934859,-253922.57601844688
58,7.13368306963686,35.70186032114152,39,586746.6668428144,-241341.93070839642
58,7.108176144736217,35.71224891774004,39,566535.3279904412,-233576.75092894927
58,7.099686368949768,35.71570667896375,39,559804.4958686633,-230991.48821371095
58,7.067080013416392,35.72898676958635,39,533954.1785295624,-221066.28962101656
58,4.497255950437394,40.334661944282495,46,475102.9819133402,-212299.71206644533
58,4.552503641309142,40.32495563190657,46,476758.9892351894,-203728.5903745502
58,4.441381624934366,40.40265248195968,60,433900.7677689827,-207648.12097960446
58,4.450239483431394,40.4587562903833,60,409504.60134021944,-197011.57732812894
58,4.403703889089531,40.40280183764768,68,370039.33950603794,-187569.6430251186
58,4.4049325392313925,40.430315771862965,68,360299.8919357908,-183815.8892915159
58,4.383065992018441,40.40311566791973,68,331916.1791243261,-174899.33050015898
58,4.406912110182135,40.4746455473275,68,323815.24168604944,-168551.12583466663
58,4.367563534380512,40.35744724233159,46,303796.3923238942,-164066.58129197548
58,4.3538377117902165,40.36555148028803,46,278737.6523315777,-155728.7215399224
58,4.341650141388442,40.36199989391092,46,254855.0248482936,-147102.27293932636
58,4.337212173548422,40.40311968781459,46,243651.32781237282,-143840.802296143
58,4.326425331836942,40.364674698143254,46,225503.38929986698,-136527.47624666884
58,4.317341338652577,40.40189228024417,97,205396.4836810066,-129616.40403822494
58,4.308018262386384,40.41185035498108,97,185469.74701403,-121960.98869212155
58,4.296619891145448,40.398850709680126,97,166325.77234499867,-114563.67277959849
58,4.2985182380186755,40.42199742982581,97,165177.33703944448,-113920.33247639844
58,3.046138098776904,38.87594865750146,110,153390.27951971098,-102176.58092308673
58,4.27384276418465,40.39236012109434,110,124742.37662382459,-97896.46687363432
58,3.009724398000187,38.88058974339734,110,120402.5936427239,-92034.0730746397
58,2.9747998891562366,38.88504102524891,110,86276.41168397418,-81155.79281663794
58,2.9691857166804216,38.885756576158,110,80584.09590686287,-79305.21749029166
58,2.9454085513873256,38.8855647893484,123,54284.593954955846,-70633.47685000174
58,2.913474675667064,38.92134012399771,123,36090.33384291589,-63538.62557134587
58,2.9139261490881494,38.904442173383856,123,28199.75822321364,-61566.2374789272
58,2.8837312660064103,38.922547538991694,123,2925.902402575841,-52012.947399971614
58,2.878877388683027,38.92545800641485,123,-1168.9361725908752,-50388.829393013366
58,2.873021734949859,38.88330162194914,123,-33764.59068341566,-40233.8888396829
58,2.840161029572896,38.94867299402701,123,-34244.080668179675,-36468.09162587002
58,2.8429233322962078,38.90184927090875,145,-59043.058012199355,-30812.025226531703
58,2.8367364857173643,38.87974089578311,145,-82853.14639814128,-22472.283547846004
58,2.8292982451751354,38.878834229910275,145,-93271.52966730531,-18634.997758651607
58,2.8081434028493777,38.896469388070784,145,-107352.7150481361,-13104.358987087293
58,2.774059240150188,38.92488272203533,145,-130220.12977816333,-2695.0644551492223
58,2.7503180571944745,38.971003857206696,145,-130226.29544528294,3105.4821758746084
58,2.734854406231179,38.95756476410267,145,-157259.65414058746,11733.95068708663
58,3.082924647265297,37.495483630953416,163,-147877.16804391934,19817.29676285322
58,2.995969759253948,37.63592217625934,163,-171734.852033127,26004.477492306458
58,2.987857631477344,37.50382544385646,163,-179309.75406850057,33871.071462887034
58,2.8715917762785543,37.51402738406719,163,-198661.85773624614,45800.07859808665
58,2.8660402103225353,37.68462194888668,138,-216943.68506286052,52804.6761239455
58,2.825235821882698,37.687237642226066,138,-228430.1592579845,60673.196313701264
58,2.6938916857003377,38.88595949594699,138,-264399.5037316322,48002.22217800705
58,4.620744802678481,45.334290058312284,138,-252313.87960223362,75765.46328325178
58,8.55257227237914,37.320096842454774,138,-277416.8381302877,80015.76318609556
58,8.563635924727734,37.30933665950509,138,-292645.0321439981,86023.43005439329
58,8.548516632680098,37.30378987901094,138,-313871.14278755727,94335.15175999032
58,8.43010572200123,37.32794734462793,138,-342390.65499745694,108097.09841779739
58,2.5600026787764136,38.937908749256,110,-369553.19992729044,98045.5295556189
58,2.542743449597831,38.94010851372393,110,-383556.3363138168,104688.05565795513
58,2.6229323878294313,38.83423393566477,110,-400572.2565918759,103376.12515422032
58,2.4864711436382207,38.94728066596186,110,-422089.3913611401,123898.98425549523
58,2.335877050183968,39.0209710655404,139,-422897.48393266625,144121.12402838876
58,2.370429302294694,38.97359237784378,139,-453356.13814226957,147455.3045632165
58,2.3826326504606654,38.95685892094043,139,-463351.6006588131,148598.0691493821
58,2.412847403260755,38.91542789259071,139,-487027.00385962275,151859.07253373016
58,8.489034864587902,37.219611031996095,139,-499926.2887738698,168505.24065252385
58,2.4883007240748642,38.81196490236163,139,-543367.4685689013,166595.4415078452
58,2.5204363683591113,38.7678999120509,139,-566553.6822376043,176783.20734790678
58,2.5364049597033325,38.7460034840025,139,-577602.2740350921,182673.24255897713
58,2.556496419023074,38.71845370306698,139,-590720.8626242654,190705.77460244618
58,2.6191850812992956,38.63249384891373,139,-621127.6872765563,217369.77737822325
58,2.624808536042882,38.62478286367264,139,-622695.0014618693,219638.2053600982
58,2.356875645751684,38.724809971022864,222,-663034.728689297,226300.0983535642
58,2.568933195586426,38.631472858834584,222,-667783.0205817875,235573.10090499523
58,2.376538589695366,38.68417426322732,222,-696214.6102601038,242023.83100868046
58,2.394338863971702,38.647387973938926,222,-724326.7016798621,256776.28285112669
58,2.4103278858180035,38.614344843594665,222,-747428.5786673347,270095.2204666321
58,2.317212304773265,38.50808924741233,15,-773576.3710423526,294135.5495321978
58,2.3660333142847745,38.48139988514641,15,-798720.8331157187,308821.232666625
58,2.409372849735594,38.45770712308235,15,-812867.2685240777,319321.82863868703
58,4.154120001706414,42.97262855704565,227,-823678.9992835483,427188.9509030898
58,4.186568008715709,43.02538207686686,227,-859189.6539943869,443915.87164024747
58,4.179218313624519,42.963586694425565,227,-905586.0383111729,474227.8783773063
58,4.188611344294468,42.9655658015928,227,-929160.6933264399,487764.44306007057
58,4.224573408471247,42.958201888048066,227,-975467.8167520798,517504.5939322815
59,5.026868505593829,39.52908889391914,4,762995.286272006,-280097.58557748556
59,4.970596417046681,39.584828233834415,4,711074.6404117213,-267849.28785121214
59,5.2045869364340085,40.71503615916099,10,649218.1850417003,-258064.9031249869
59,5.240294999755337,40.75085851124115,10,604235.8099843967,-245228.8669465122
59,1.8858399709940608,38.482071576960294,10,459202.384331949,-235961.65486616959
59,1.948055068437722,38.417259155853536,22,412329.94958752,-226258.82921831464
59,2.010126127189931,38.4166453604301,22,394302.555561998,-217960.85001711172
59,2.0330219566602756,38.4164189528961,22,384544.7233012157,-213296.51416174858
59,1.6964896997554848,38.41974678334206,22,375456.594168909,-206748.392046855
59,1.6412345663492818,38.42029317885534,22,349178.67623723083,-194387.39688580824
59,2.1088654632381907,38.41566896734452,22,340018.66497547954,-191366.55797592917
59,1.8803452080660297,38.206371106909145,22,280373.9815507171,-179920.38296693072
59,1.5566677412900214,38.42112942575107,22,301092.5168404982,-172288.09595606016
59,1.5198114187723661,38.421493882915826,22,278007.0395296263,-161792.47287791292
59,2.099703924161202,38.26242031228564,22,221219.32866095522,-161504.23453460986
59,2.116251372259148,38.26524754940542,22,209863.46701821653,-156347.0062466216
59,1.4649549754824303,38.422036335944895,22,242169.03741458114,-145492.46195048362
59,1.9666217284492706,38.08121588776466,22,192180.7394778819,-139538.96978839533
59,2.2370009571098763,38.414401887624926,22,223483.84046511794,-131563.66393188766
59,1.4037310823385492,38.422641754092616,22,201121.4076124795,-126568.7739339498
59,1.373563687112886,38.42294006717925,22,180843.07116652484,-117004.05792506672
59,2.2766661410496645,38.41400965477339,22,178000.83452583302,-107668.63435541949
59,1.3309691512741406,38.42336126719882,22,152482.94257922113,-103232.64368342998
59,1.3036224103080984,38.4236316879841,22,134582.383952695,-94214.27864827175
59,3.3814381301944905,38.790342921580454,71,-5757.504436204981,-110351.56186901324
59,3.3617612015501424,38.803871916170365,71,-13875.376479077777,-109413.84986685314
59,3.300605436358083,38.84591994263729,71,-40532.14631272059,-104113.75949856051
59,3.2442919437112443,38.855445152198456,85,-62484.09536327301,-97770.44771532735
59,3.211251572496728,38.86556914363703,85,-74587.72374286002,-93012.02855990517
59,3.1877448289711876,38.86152916849748,85,-82542.59040554764,-89070.8220286999
59,3.14828212183883,38.86746225367301,85,-93905.78279763187,-81818.13169581264
59,3.148125308564221,38.86579191132749,85,-94058.38629533956,-81686.20869641745
59,3.10269484687045,38.870679864863014,85,-103067.26495859004,-72200.85213400825
59,3.06222778934404,38.875033795893735,85,-105999.94064766997,-63127.91493832421
59,3.0733227968604995,38.81974878980065,58,-112718.69913613198,-56898.671164211
59,3.0522961586928603,38.84120878105983,58,-111928.84260488611,-54895.08705329639
59,3.0430915241617367,38.8177029091798,58,-115803.59949296074,-47191.500001523105
59,3.013824065460628,38.81572225400942,58,-115882.09359868789,-37482.93593533321
59,3.6415433173657994,38.403897931419564,112,-69108.72206899126,-14130.791288378921
59,3.0469875395609547,38.71499520819777,112,-122470.90165552242,-22256.45791983476
59,3.743147888443249,38.36474122652264,112,-87615.93074766557,1455.1640241219382
59,3.0411780711131144,38.63526867122581,112,-118965.56093747716,600.5929939442992
59,2.3630083334889322,38.14848078572327,69,-147501.67664313444,1074.6079625498435
59,2.365746626998763,38.142160428900915,69,-153690.43444538256,3689.119684294019
59,2.371527612271688,38.128817122356715,69,-166219.3418372828,9063.446730886068
59,2.3602370204772294,37.99065416979352,51,-177338.41385405746,18071.37161754964
59,2.4268256127431855,38.258475059888944,51,-165110.61743760132,26388.700774372082
59,2.9693366455834918,37.85051452181136,51,-164352.17576501644,39400.564260830084
59,2.389637756495026,37.98388974468781,51,-208370.65718720068,32552.775919762247
59,2.938993947597998,37.857495670443285,51,-190374.77628347444,49347.23222998863
59,2.4251037679493996,38.12447097971727,51,-232305.454069423,41381.777313339466
59,2.90222622963946,37.86595506663963,51,-222072.04297431323,61528.13571901324
59,2.894963508555248,37.86762604973366,51,-228264.98310777967,63910.368203018734
59,2.4493057360086765,37.97016153127216,51,-265383.236828296,59713.095491449385
59,2.4612385791993563,38.05566205197275,161,-282881.02188199706,64460.76507916813
59,2.47497008885803,38.10856786517433,161,-290883.82651078043,70151.91589820953
59,2.507241167850095,38.232904352524,161,-279605.7612810764,82252.19060067186
59,2.8552206503873476,38.02151385720722,66,-281855.47521534294,89681.86044086589
59,2.8350214725671554,37.988687977737015,66,-299204.46328134637,93610.4232851425
59,2.7836123836330113,37.90514256950076,66,-316498.579791974,97233.25890455913
59,2.540358714883476,38.035796498974946,175,-348785.17759969557,98123.0437289472
59,2.547661659063256,38.06520368317896,175,-356104.47171412746,102591.76288349713
59,2.5547317754724457,38.09367332644482,175,-361149.87716506654,106894.25895901638
59,2.585033429638882,38.117961071715236,141,-378778.7630337178,119479.89996923538
59,2.591059772919885,38.11042630196808,141,-382290.8880421843,120897.85165625285
59,2.634282569340843,38.05638460476063,141,-393823.77589274856,125600.95386948156
59,2.6376647871164267,38.15618253426872,141,-397814.1254197043,138007.9792954465
59,4.5849213668435365,40.96251131170088,185,-417387.52330385003,153314.16903213944
59,4.5203492669458205,40.868718913245786,185,-421150.0577343748,152849.86316712102
59,4.539103715158243,40.895960162675976,185,-437314.29885891126,160016.72260579356
59,4.551329759338131,40.852967196895285,163,-456848.51535659074,168273.83956405497
59,4.566377285650119,40.86559173452169,163,-473223.35293176287,175418.18321647498
59,8.490562531442976,36.83283075526164,206,-486710.74069284013,172480.36338310866
59,8.516585981280796,37.18306225524441,206,-510200.08855869237,172670.36128697483
59,8.464879946852943,37.18729419118453,206,-527552.6624652907,180181.1534980787
59,8.28759551328549,37.22483658894028,206,-530386.5222090684,189462.3317652947
59,8.465430986353976,36.88136924379874,206,-539089.9997094279,191697.8482937588
59,8.454308629991901,36.902850707229426,206,-558818.3273475299,198936.47608016923
59,8.442811621782276,37.14709140482779,206,-573349.7077336438,199300.72912287439
59,8.525010001569825,36.980697781497575,206,-589213.3742897739,208522.10805661898
59,8.493120725184514,37.010225327489614,206,-603920.7564290703,213491.57061670723
59,8.35063709418964,37.10307952859082,206,-616296.4142331365,220216.16958591354
59,8.85832215977476,39.47735584766636,206,-598218.9169102075,278863.23822768556
59,4.181150576096389,43.10565127337194,148,-616733.503078586,298953.87329414976
59,4.180328215118714,43.10144898401251,148,-631161.2001255901,307505.6603911053
59,4.125744295485141,43.06331944088577,148,-644999.887599724,318678.06490512873
59,4.129914942409658,43.06081652698105,148,-661556.2656855173,328078.7616445447
59,4.129753222216579,43.0384829366199,148,-692005.582516133,347920.56674557016
59,4.1680943214283435,42.86014707443855,148,-708093.9257492601,371683.0436461391
59,4.146973458829823,42.90127207473787,148,-720207.7918033584,374901.23638420814
59,4.161724917862999,43.05616959421796,148,-748616.2964707395,377424.356373357
59,4.17079936944734,43.052756295692355,148,-772108.2284278056,391450.048489784
59,4.149050977676292,42.94162135883915,148,-786185.0086959138,408681.46300072817
59,4.153274655404515,42.963204479216785,148,-818146.3433895288,424843.8620398441
59,4.160956011520995,43.002456440278486,148,-835841.8755091397,431561.31882712425
59,4.2440061145105155,43.022114951516215,239,-855213.1298828262,449175.15400832467
59,4.213373559837812,43.02650340233355,239,-873083.0376572444,454451.6636670932
59,4.2537628098903655,42.98689030303566,239,-924102.1875481331,490976.99495363544
59,4.222361792729262,42.955897151690955,239,-974953.2043598961,517123.95306727715
60,5.211016318897538,40.713519381866796,0,647695.8207500913,-257701.96012234612
60,5.236053213764244,40.61185040089743,0,639510.781959598,-247414.66115113904
60,5.241586818415865,40.58937972516018,0,628607.7253588026,-241757.87012822164
60,1.8900349196234285,38.33651656111389,0,462552.7042779458,-229624.95642646917
60,1.8702018811079788,38.28634027457419,21,435783.6940064749,-220877.55347810814
60,1.8552565980244424,38.27423954998822,21,426924.5253484906,-217492.1593182759
60,1.8086581769489858,38.252377823188006,38,402568.8384490384,-207516.14003321755
60,1.8246620068118322,38.196336133764625,38,377194.74592361064,-195900.20460302627
60,2.030932153651576,38.207061899631924,38,372393.9974619402,-189853.6599268615
60,1.6962840145685862,38.248476913649675,38,346386.65339240973,-182920.7330005318
60,1.5942159434820857,38.33387653083758,38,322512.2732487332,-171769.20766641694
60,2.1088470568509257,38.211113368165265,38,325273.7515562992,-166636.2711122596
60,1.6611801142432916,38.187835298669974,38,291697.04313523986,-157405.09882668505
60,1.6417902002555194,38.18682704962955,38,278459.73056597356,-151233.3616093441
60,4.3393478030746,40.40806373673723,71,245785.89678785924,-144699.1979415709
60,4.338727620926701,40.42782319822877,71,237802.2005060794,-141479.29825863487
60,4.337772684769646,40.45930920933644,43,218842.8800010886,-133295.8966305987
60,1.318940935897521,38.59155939170207,43,214661.79579939003,-123005.97494572517
60,1.3051397719409357,38.595660816514346,43,205062.97211031,-119327.3640255299
60,1.271399666136743,38.60513465155344,50,181599.81273848275,-110125.43069158564
60,1.2505944872555113,38.6118823762667,50,167553.1413153745,-104332.15637864872
60,4.290135347812397,40.455023812565244,50,138748.13465543557,-102487.78321282829
60,1.2073191023570358,38.62591784242742,50,138875.15982419963,-91807.40673806898
60,1.1830151300658107,38.63380032761998,50,123196.11550037388,-84442.41214042799
60,4.25647863562929,40.424154372075506,95,90370.91770001776,-83179.99847569007
60,4.248182176887177,40.4397610794618,95,74819.91641822801,-75862.2891987445
60,4.354407365663904,38.67619169919906,105,69952.91977179657,-69489.5016158158
60,4.235147336763854,40.35346121703401,105,56273.42978286612,-68935.7997864531
60,4.141630836580279,38.739889994920226,105,44889.72565333046,-56720.28374687319
60,3.1402000233296583,39.03968544868317,105,20003.419165928488,-54233.610528693745
60,3.053617760282903,39.06560533101001,105,-18224.097812488417,-55299.60703726861
60,2.994040460489404,39.044870152068114,120,-45895.11752903793,-51163.86383769842
60,2.9796350455598994,39.0227967291482,120,-56568.28954818912,-47910.41306608555
60,2.973780217812704,38.9883512654284,120,-70380.84736111607,-40776.15251706281
60,2.9194369374974114,39.71190698821951,120,-40020.57251484491,-30589.76116289864
60,2.912967461726766,39.769751155311624,120,-55144.59375115565,-20719.29410639115
60,2.9115462607236933,39.77935675212181,120,-57462.689516544124,-18754.846986057164
60,2.9068528080851936,39.82442282570545,120,-68560.57490001255,-7796.009980754845
60,2.904782930870665,39.84292978480105,120,-73071.16907625539,-2722.00357740755
60,4.405476793613862,45.56977320851528,153,-76548.11817419351,7356.954176925105
60,4.4373480603492705,45.54511400060684,153,-90520.46347467769,10968.915691468732
60,8.513492366814665,37.40881811246013,153,-105728.75336986184,13842.19199232609
60,4.492113165399151,45.50274153631904,153,-119915.1085264736,20225.99989460133
60,4.496518680304941,45.47013581738991,172,-137686.70663255538,26372.38023657752
60,4.507611488006162,45.458109488174166,172,-146784.8253017917,29701.127930072715
60,2.975569532019851,44.59991689939914,172,-155060.78262678752,31712.484680195255
60,4.5388493122049205,45.42424282718838,172,-173797.9284505384,40177.44662447511
60,4.6042902617223485,45.42952051930892,192,-186525.82026468878,46845.10083034738
60,2.955672137734257,44.55381613139137,192,-192289.66796012543,45550.695032959215
60,4.594396099478656,45.40105934982053,192,-203865.40133653447,53247.726486065694
60,4.588231484808474,45.38332645453972,192,-212752.30010457066,56882.38619781593
60,4.596710273434209,45.36151254399721,202,-228026.35138192066,63878.6411561484
60,8.554919893368124,37.32861430517394,202,-252187.18496923253,70091.06754913171
60,8.552951884386358,37.328755298438764,202,-253117.69868727028,70455.92083559882
60,8.521305705905245,37.33102251269659,202,-268269.35268645186,76587.97941932887
60,8.496052253269927,37.33172112484578,204,-282658.0988233191,82631.84416726007
60,6.097481047215936,36.98128704413822,204,-291981.729247965,90179.19704296446
60,8.439134046096115,37.33561908470096,204,-309412.94563618995,94827.77151264135
60,8.420154597351269,37.336918864384025,204,-317741.4307753888,98891.55342205676
60,8.420526219588075,37.33033117787166,206,-329963.4373913717,103611.85979805456
60,8.393998841281867,37.33190394543825,206,-341056.1543223103,109238.17751913109
60,8.363378330339554,37.33371938855994,206,-352571.5043320121,115462.91393062305
60,8.32721288363326,37.335863582417105,206,-364127.52710274816,122300.23732570163
60,8.538893656034924,37.263277969250005,224,-384787.6687425928,122335.44458091728
60,8.52605359115534,37.26378697151547,224,-391063.6439775484,124855.24158479765
60,8.299828739014016,36.760490592042814,233,-391995.55835025647,139214.79260688563
60,6.796276926102478,36.043085648055495,233,-409138.43982343754,151312.20704749113
60,8.53088205292892,37.23207809715041,233,-438819.82204248407,143868.53964033813
60,6.6946788636872085,35.99460913287967,233,-430157.0372395286,159180.63742347935
60,6.564834924369093,35.932655375640515,233,-442526.17126154545,164604.25181597605
60,8.70614229070255,37.13727629237235,216,-466374.498121631,160856.66102045248
60,8.837374511328623,37.00450131756283,216,-474778.3107279913,176142.1578826096
60,8.494205651315172,36.83923778014523,247,-493318.7060559961,174881.51973506846
60,8.45117083794526,36.85058592186648,247,-510055.6360470171,181187.6965512866
60,8.512422039512138,37.169832523719016,254,-526425.5211669279,179275.45405368772
60,8.509746880727425,37.15746137406123,254,-539803.8311479207,184770.3118013897
60,8.37383999168827,37.18497943680934,254,-558278.6726338931,195486.24983303432
60,8.29457491027535,37.193643050301226,254,-561032.5472734467,201005.79052947712
60,8.335965836526603,37.152243437000834,72,-591255.5121208903,210606.27418113334
60,8.350416673692026,37.139870797545115,72,-597957.6893974823,212601.86770202548
60,8.393753851429603,37.102766007764615,72,-611497.9353968574,216525.15253806155
60,8.396987450655862,37.052160948604666,260,-623252.9933108251,221900.25926359248
60,4.152902195840381,43.1046900822337,260,-611454.0160447519,293549.2212392797
60,4.154687664078972,43.10385041466732,260,-615324.0535239512,295933.32144964085
60,4.157244000095844,43.09485246283289,102,-642271.031778416,312532.15445016563
60,4.267439082844775,43.05647848809883,102,-655428.8172406612,340645.05651118397
60,4.164732798919943,42.84960254912697,102,-669375.1781597233,350805.4668218217
60,4.122333223913924,42.99741915382154,102,-688120.0665620471,350422.5127151787
60,4.168689666809768,43.07427631485579,102,-711626.2423798408,354942.17359314166
60,4.168794463735535,43.07119797354929,102,-720416.2621587418,360253.0794314511
60,4.158609202403477,43.05014359082249,102,-755874.0458740061,382061.8676035084
60,4.262850996697257,42.84530851226063,102,-768193.3137607634,417255.15605626727
60,4.159230713365507,43.02978979131668,102,-795962.0023282145,406683.0841419799
60,4.1568358513097365,43.0143038653163,258,-810981.7728536015,416537.00054454064
60,4.171163090759434,43.00162110043008,258,-865849.2857490986,448696.106536226
60,4.187064164784041,42.91307557973667,258,-881207.485588467,464951.877285006
60,4.258160920381273,42.99473780923747,71,-899216.2296887379,477335.43994670117
60,4.258575725454869,42.98152181308861,71,-923486.1352047833,491717.8657185055
60,4.229422146884442,42.95334766411393,71,-976474.3859225912,519019.57768855314
61,2.0917345311684743,40.160085631702025,1,744926.7426963516,-276307.88683717704
61,2.1221563310734255,40.15857596726246,1,728089.936441806,-273229.70877795445
61,1.8944019871636335,38.4430018443668,1,578472.1840097659,-256799.63074577402
61,1.8829618531249381,38.36114679580482,11,521557.9226381687,-249139.65017583934
61,1.9002763706918109,38.3146040909334,11,489026.8964112743,-240715.80711851895
61,1.832206697834339,38.2934730258673,11,462399.8894254181,-231487.67969728837
61,1.8167938397296597,38.27292247868675,11,442603.6841742337,-224262.0934710853
61,1.7968177378978138,38.246287585898486,11,415935.0643012148,-213829.1581732418
61,9.584492124765125,38.002994868356275,35,373551.7638243578,-206868.98211285713
61,9.582440935191443,37.88138250800544,35,330525.26765946194,-201393.96830858756
61,9.581826333162843,37.844943553589246,35,315091.64304883644,-198422.67258885418
61,9.670668147932822,37.813239593468815,49,275696.8197970187,-189559.4002214525
61,9.657949568212478,37.78556283921413,49,265041.9949649627,-187170.8682708699
61,9.478773480694597,37.667809104154486,27,246372.23986517516,-175192.76302717387
61,9.531210481745406,37.64547819015716,27,215405.59914449273,-168421.7944845272
61,9.779242585787093,37.67813005343344,27,172652.98371120266,-163491.8730634422
61,9.792804505549185,37.66514330750299,27,161762.14748499412,-160533.6025078851
61,9.827266401209583,37.63107925811261,27,133772.05460540482,-152802.75989029335
61,9.690239492893097,37.57775381424216,27,129277.54299998321,-148525.5694477075
61,9.743251933776635,37.55517784242004,27,103422.41329972714,-142158.42373786482
61,9.75914551237064,37.53855730533046,85,89435.22061871915,-138162.28154018297
61,9.916906240411212,37.53378277346173,85,59573.87401925697,-131520.26739320913
61,9.850432182718809,37.49820364802155,85,48726.934074693556,-127524.51750662438
61,9.92981117453903,37.476892216346585,85,25029.246937806623,-121162.67045734976
61,9.945744842544864,37.45607028509844,85,11211.567731033276,-116996.94271898607
61,9.995009807737599,37.43429249963272,85,-6211.56027163406,-111789.37469395998
61,9.91845073451695,37.4044177734156,111,-15519.091804284779,-108091.71302515939
61,9.972657149457834,37.37607244471467,111,-35649.74094685592,-102369.9747726144
61,10.010925294627995,37.356061470832586,111,-48698.57513930166,-98512.64625387726
61,10.062912339542079,37.3288766832408,111,-64932.90027118574,-93502.40067708238
61,10.075629865161815,37.306058201657216,125,-76274.9706074524,-89892.20241397343
61,10.169064104260531,37.294074981371395,125,-84394.68220531833,-86677.85578036205
61,10.15056261831636,37.24925956766707,125,-102800.73230354313,-81164.06649254414
61,10.123138974034235,37.20633168922664,125,-120774.04457883854,-75456.91070400928
61,10.13596605249201,37.173477099687716,125,-133785.68344227714,-71146.9601088892
61,10.147508589513523,37.14035838075565,125,-146156.0367922063,-67008.05150576777
61,10.156197005194615,37.1123536874388,125,-156064.97365990558,-63661.7916385418
61,10.181794999244444,37.064386030588935,125,-171027.5360795655,-58539.154864310265
61,10.077191053947395,37.0715345448634,125,-176087.5141839247,-56099.32551379898
61,10.19312068238456,36.985697962782005,125,-194335.46065135812,-50439.10573947472
61,10.092021594988832,36.99970223908618,99,-199706.78239269461,-47863.32256644436
61,10.191370029754493,36.89175038021242,99,-219104.18485584747,-41600.29972834027
61,10.19144622484529,36.84548096576064,99,-229432.27619668437,-37827.42004011296
61,10.111400072738,36.85023903789259,99,-238523.25480562556,-33945.06014969497
61,10.187440765097074,36.729643546218746,99,-250598.39780495715,-29896.46713946198
61,10.163494726113335,36.65246625259807,99,-263608.33361650567,-24854.165905040452
61,10.14455792904739,36.59449762141668,99,-271407.63849408494,-21734.2889215316
61,10.094928365958133,36.50131037884901,243,-282611.9862331171,-17026.850522490833
61,10.077702640068049,36.48163147428154,243,-285182.58186145953,-15879.60399686654
61,9.992403071599483,36.44207434604466,243,-295476.5185265594,-10756.225870932725
61,9.91968722977964,36.4489521651099,243,-303637.9270874198,-5749.38146321359
61,9.82082132761442,36.48092165176847,243,-314183.03695682547,2676.1256190821878
61,9.785697192382749,36.52144974125482,243,-318224.2910592286,6892.038148818942
61,9.733821824515068,36.58039280703239,243,-322901.82473700977,13471.675118307769
61,9.674733069739348,36.64948602919767,243,-325993.1308980552,21423.678124183778
61,9.503349624979363,36.49437072189377,234,-326677.967062384,32046.44698166446
61,9.40485904630878,36.51904217596266,234,-323751.3102609239,43196.82795394879
61,9.442600576573236,36.63759994113299,234,-336124.58139024785,51524.3601446957
61,9.33330293660896,36.89529312394823,234,-320363.7483252093,76638.42958915613
61,9.25094281095071,36.69162306970539,265,-326112.63757899974,80231.56807287871
61,9.221677296196388,36.81310873035471,265,-328866.4408641701,96696.65809027298
61,9.218680242795054,36.82554996077621,265,-328469.39067578106,98010.54907463094
61,3.920958704385849,44.74046878868517,283,-319975.1339266832,117043.95531425378
61,4.944042904762007,42.780337201853186,283,-330286.881994079,128597.33916229547
61,4.920730992898761,42.759747354015154,283,-348405.12362602487,133986.26251792503
61,4.879382290258917,42.723226818906376,283,-360342.48422362155,137427.55468627164
61,4.491384719350644,40.86266637371539,294,-381578.6342591876,136314.72948486943
61,4.504971245224942,40.835405205162964,294,-393821.3939144156,141184.9570495069
61,4.511570636410546,40.887265994634724,305,-406582.93873854587,147158.1094646312
61,2.6205443810624773,38.317200550885985,305,-420808.8014008178,156367.66948728813
61,2.6301505801071077,38.313466596434274,305,-432373.58386594855,161585.40203996317
61,2.6401879698636086,38.309565037035945,305,-443394.2374443463,166619.32611989204
61,2.6574783168738634,38.30798912625944,305,-458861.45953726437,173807.00096017157
61,2.7702956321207157,38.25416359960402,19,-474246.29618830385,186179.80889871073
61,2.7224677960188974,38.26029759131121,19,-486167.26282627217,189350.10277688006
61,4.957855627372693,40.304590991146746,318,-499982.7744180557,205770.2812913873
61,4.938891737466683,40.280755390130416,318,-510071.49464759696,209715.78051583056
61,8.967292734557075,39.498744958427416,322,-524285.87221221393,225739.03812158536
61,8.153868299918015,38.15883207356874,322,-530193.3343578144,230767.23590349915
61,8.939749506038993,39.50011214701311,322,-544359.0473405158,238479.24055121694
61,8.199454877906778,38.22912219898151,89,-569787.0587540321,251415.46576616223
61,8.873915189702194,39.43770680463195,89,-576508.2604763057,261191.1472293618
61,8.209924206216936,38.224482044221055,89,-597317.856130425,263315.5820195462
61,8.214282296426802,38.21995209800988,89,-613241.0393183202,270123.6949331225
61,8.228764688838345,38.21613167516825,89,-641296.7297150232,282504.3394248776
61,8.216649973962557,38.20529925267647,89,-643813.462371571,282943.0246426268
61,8.243328551866632,38.20967676456088,89,-669594.3879954534,295022.62703134544
61,8.254505740862154,38.20472287590733,89,-687498.1790645265,303062.8001860157
61,8.333548535636647,38.168333215837876,63,-703451.0495034724,313710.1404789685
61,8.289195401182814,38.18791702935192,63,-721905.0826369943,319277.13634060253
61,4.166397839607425,43.0657384030442,290,-732287.943523397,367400.4713369044
61,4.161272767772027,43.05687574491406,290,-746130.9600874337,375931.51321977476
61,4.172909362101857,43.04685179213698,290,-789872.1227846399,402150.27850999363
61,4.239901059937992,42.85784521524475,341,-820012.8115827999,441253.0043797969
61,4.2911926873043305,42.96499799395827,341,-851835.7179995998,458555.58874536614
61,4.239912693887575,42.872492799753005,341,-861111.2320483733,462878.652273545
61,4.240014954351215,43.001242608437565,341,-917426.7711633844,484360.95368147834
61,4.207856338204144,42.95745825186226,341,-962901.5380755812,508740.99407052126
62,11.22537640310727,36.791492375305296,4,764873.7104565966,-325158.67749602115
62,11.257341927590753,36.944932347821606,4,719385.7155944124,-315892.82083411043
62,11.02312197054102,35.820636583769556,4,700763.7723552557,-304347.1326517619
62,11.2966408923957,37.133574085350624,4,647939.7670535813,-297344.79829379986
62,11.315761831692113,37.22535785700885,4,609421.7966675593,-285605.8462103405
62,10.936378129535129,35.47255822650661,34,591567.9528386454,-279445.4232938021
62,10.666182612340897,35.49736503824042,34,531394.5409450413,-270328.6514163702
62,10.5356213512461,35.41372600492455,34,472936.1671537361,-258919.98043213
62,10.444535142338223,35.36363960482233,43,434407.0609190588,-251368.9772977183
62,10.380970459942294,35.393612205844285,43,414931.77380860556,-247261.91732248996
62,10.26458025680178,35.295881358445676,55,365482.60426114104,-237666.2225974553
62,10.176268813616693,35.344954007853026,55,335727.46952247235,-230957.73328639532
62,10.116151066917203,35.231487725554764,65,313979.8776639687,-227186.9537022027
62,10.005260342769175,35.297165168442,65,276674.7298580979,-218643.9408897947
62,9.882508224737476,35.18624785888257,69,246809.68284604186,-212863.47534123616
62,9.781231100651917,35.176677834582776,69,222292.1015456323,-207309.55760163715
62,9.766153364828295,35.26153566619269,69,209259.60970880318,-203617.22169728385
62,9.68453922913375,35.314344369900894,69,181141.38562574732,-195729.0024582845
62,9.46657876089131,35.23557888478652,69,154266.42446181347,-189472.11833909494
62,9.403674729795126,35.28533470565809,69,136493.49010385462,-183726.9749609178
62,9.434498413508303,35.371306464793626,69,121313.11553476755,-177977.0174793558
62,9.48398480201881,35.44411379316012,69,110838.94829107773,-172734.1247780706
62,9.306466745039067,35.431118531832084,69,91916.53112736074,-166841.0467139314
62,9.289496421754428,35.473582436193304,69,78970.39837854991,-161326.64861975235
62,9.347583443569304,35.53237275543984,69,66903.82264039978,-155546.3542849278
62,9.298765340335253,35.563960674950884,69,52820.05658669214,-149349.89771002834
62,9.238027723175128,35.58623649964044,69,42285.10446952506,-144358.08299001507
62,9.252988451012552,35.62964445424799,69,28880.23935415778,-137767.93477337807
62,9.15331582898489,35.658074275297665,69,17948.884053430444,-131324.26663863796
62,9.138670229599226,35.66755076012477,69,15103.502703057065,-129566.9840237922
62,9.124576987625984,35.697130902692514,149,5881.693074963567,-124390.28230105266
62,9.262880370711553,35.73685585122942,65,-8304.907706136837,-118259.51712055049
62,9.188348456496136,35.78099899824886,65,-24762.81198870091,-108764.6824706561
62,9.252256575780812,35.80973639809946,65,-36202.079187599506,-102734.22033775465
62,9.128024264051609,35.81672731307802,65,-34819.760446032036,-101669.66753700598
62,9.258246853462287,35.858347990335034,165,-55587.33176968279,-91529.77268160625
62,9.254943429715246,35.86579510262485,165,-58610.22765672144,-89753.68122771726
62,9.265463863053998,35.906371882281505,179,-75632.1060875424,-79649.63427360861
62,9.270262538728819,35.92870235323834,179,-85283.40675708608,-73835.36715244433
62,9.272092829546933,35.93803730393369,179,-89376.0771105347,-71352.89709026672
62,9.275307293779388,35.95391226937264,179,-96419.53876822304,-67058.34267470005
62,9.271829802132554,35.97600585234406,179,-106170.0742607265,-61058.72224967893
62,9.249515449492,36.004588694377254,179,-117925.93874650823,-53560.33755780546
62,9.32134150147,36.01522988534928,179,-125084.4142827266,-49134.39668746005
62,9.294441742511237,36.040215708597984,179,-136542.32342915956,-42128.681120259425
62,9.222342110642739,36.08468760217845,179,-151579.73302563786,-31340.940185709132
62,9.289153573428836,36.093090630731076,184,-161692.5137505938,-26111.64488325192
62,9.2936340824652,36.110148757384444,184,-170300.1252337004,-20605.453400093254
62,9.29429510430359,36.11899130468425,233,-174696.5681562595,-17772.870618623867
62,9.316147330886801,36.13170022667474,233,-182238.02353896058,-12993.109260462403
62,9.323748383246254,36.16371347780711,233,-198883.09950193545,-2235.155289654735
62,9.32311047451289,36.17183537182005,233,-203024.66070275303,452.9103307623727
62,9.314555977092196,36.18980228011574,233,-211749.55147273096,6175.964639903355
62,9.319082386792246,36.22312123738477,233,-229282.27875807046,17645.797996559733
62,9.337742954535782,36.22384979437649,233,-230836.95918304074,18582.611716115265
62,9.31686011019988,36.2514154023752,233,-243797.6802141974,27258.306251055306
62,9.34632336837243,36.261933717175616,260,-251388.02159678334,32067.46245511382
62,9.353969113472928,36.29693172308612,260,-270364.5570400756,44575.7617996985
62,9.354019175444689,36.29775241989891,260,-270803.19132809766,44865.48661676886
62,9.35599909588297,36.330210478103794,260,-288114.0460860839,56326.709137219754
62,9.348511207039115,36.33724016297975,278,-291331.09076920134,58505.7953102617
62,9.31709138425988,36.36466463496055,278,-302419.76317308564,66534.31437104268
62,9.341679576437944,36.38743758355017,278,-316798.649006011,75658.48764348481
62,9.341698224215756,36.413600551274335,278,-330067.68534824444,84621.07297318867
62,9.341712244343803,36.43327089275967,278,-339874.11572927673,91273.71596836163
62,9.382258651119255,36.43867265661751,278,-345573.2025981395,94629.12731225637
62,9.341748862724865,36.484646747377035,278,-364599.8779139325,108172.88660895468
62,9.378976095380862,36.48564448281537,278,-368252.9596767857,109942.63891179337
62,9.394514188146779,36.50828738087211,278,-379435.20673053013,117475.24221477073
62,9.341792838785837,36.54634548035127,278,-392020.1009173005,127194.03194684967
62,9.341810940033664,36.571741662534215,278,-402376.2924319122,134492.21323968528
62,9.393109752330382,36.6145693177662,269,-422553.1246657723,147351.50751158755
62,9.39629296596115,36.64360605563425,269,-432185.0336452248,154261.34319734573
62,9.329843642414236,36.69448203648261,247,-440301.30142389174,163335.53845272478
62,9.32868185911157,36.76369979521417,247,-452367.01370988775,174200.76657671336
62,5.284092374203017,38.733589211537286,296,-462560.1863061523,193009.07649599155
62,5.301004340590325,38.73152868833105,296,-479087.34471898084,200239.41490320044
62,5.316372057316718,38.7296563136931,296,-489633.94323173555,204889.9561133821
62,5.2812409951429915,38.83159318971139,314,-513008.99282378185,217865.85447531554
62,5.287584278988329,38.844774301352594,314,-523817.90988594096,223286.80945392887
62,5.306400055237102,38.832059629362405,314,-544405.2542810197,231556.0079141572
62,5.3459681355740605,38.83279320690921,314,-565397.5069681748,240908.36503798395
62,8.16248901584479,38.12720047819634,314,-568571.9297511249,247707.26431228983
62,8.170511283572889,38.12946156531635,314,-594321.643394485,259182.45822719476
62,8.22467731602675,38.23039349396016,32,-605355.5341440502,267770.8387363014
62,8.367707096114929,38.045842473978446,32,-633954.825802718,290775.92414500174
62,8.191157798285058,38.13438006823769,32,-654333.6303200527,286066.2206808576
62,8.312861567501043,38.20135972075709,32,-671077.3459206799,298403.0217284463
62,8.232793388009119,38.19447434567317,163,-685555.1965620369,301694.2119336739
62,8.30206512070712,38.03693405396916,163,-714903.1781482967,321974.61034595745
62,8.224053236834278,38.143435364167814,295,-726657.2966342237,318923.31449060654
62,8.247583267966418,38.14381218834645,295,-761675.9255810747,335295.46365258936
62,8.252506889829665,38.13998804765053,295,-769056.8262748395,338813.9821095351
62,8.278838216698762,38.119536700765195,295,-790918.8300209732,350268.8734019189
62,4.1754118418100195,43.0400406474404,295,-809918.4413074091,414211.87259359815
62,4.196004796011152,43.0288143527805,266,-861501.3493979389,445799.57091395126
62,4.210271497505142,42.979388380600994,266,-956961.1339074655,504089.34876213473
63,11.210375933757602,36.687757227433515,4,82185.96498283853,-268685.496544927
63,11.213850625831554,36.511253140645394,4,-329540.8411411935,-234056.40304174443
63,11.141313796210314,36.42223844081793,4,-591465.7506169153,-207939.98241634746
63,11.152802513805295,36.3075938308727,30,-869772.1981795433,-177472.53537343408
63,11.103504409209533,36.236561057712265,30,-1081299.228487588,-151813.9768015624
63,11.1014988901789,36.17163172289178,30,-1241524.1129393745,-130674.96958667306
63,11.054698614956807,36.11179134665413,30,-1421445.1708970468,-105306.36406233715
63,11.055657069709492,36.05014419230151,30,-1567096.4178141095,-83065.73398913164
63,11.022294505979389,36.00817656953696,30,-1690929.4725615208,-63122.995743042586
63,11.0097186623035,35.96059834643476,30,-1810792.2679862087,-42667.64411623645
63,11.009770605231854,35.92853834855831,30,-1884325.153676821,-29568.905402491586
63,10.989792088433086,35.877450524268475,30,-2015872.3500810307,-5142.592584406321
63,11.104731291440359,35.798370037806855,100,-2082810.7263076513,11506.11687300721
63,10.892472754463697,35.835309900017855,100,-2178996.7150056404,28873.516448682516
63,11.062796462231217,35.735816856827334,100,-2256560.5229410026,45522.9830436248
63,11.044782183415567,35.708945388307676,100,-2330905.265433578,60802.829050016044
63,10.87618781262239,35.73650159211862,125,-2417607.617484569,79203.85443838846
63,10.883592204494889,35.7193542996782,125,-2451786.1976249516,86308.53606876124
63,10.933274932089633,35.652857131563245,143,-2558900.827058526,109301.77397076756
63,10.900803361989205,35.63848730080903,143,-2619160.3324864404,123461.4360282111
63,10.902263694996424,35.611658294311525,143,-2676323.0893335906,136783.54779855243
63,10.906119211558462,35.58562351499732,142,-2728655.8945445297,149185.15789562845
63,10.834006514478602,35.58935466285374,142,-2784604.651719802,164417.32058205965
63,10.860187092450737,35.54991807658888,142,-2849451.0461574933,178994.1778759201
63,10.885597493762845,35.51493488922917,142,-2898765.118087384,190826.50520413
63,10.878312548967527,35.497047854735406,142,-2943838.7789767925,202124.45015168702
63,10.866814493100216,35.4749482885403,142,-3002252.233761353,216920.95898864983
63,10.867648286559632,35.4720407248736,142,-3007355.3422236047,218220.39757135478
63,10.851803329532537,35.43717173806082,142,-3096992.6058977055,241268.9606436519
63,10.905928305373774,35.388283883957925,171,-3125651.0365584036,250208.57214004511
63,10.89318884293534,35.37535165399771,171,-3166715.618550324,260726.00239814454
63,10.820213446443152,35.3938106015589,116,-3222595.822338836,274207.17558222945
63,10.817641217957787,35.36962121284034,116,-3274739.425888089,288041.73215057096
63,10.811251370808078,35.35795668572616,205,-3306044.173202374,296416.4484289369
63,10.79286939501356,35.34202414506725,205,-3360984.6748305815,311229.48036161636
63,10.806516139833564,35.31155658811837,205,-3403164.9766352843,322759.96277376154
63,10.799218898180762,35.296765327571286,205,-3441300.9272285635,333173.2787400804
63,10.756090576251111,35.31014617765669,205,-3471765.07816685,341560.4250776124
63,10.779636619248615,35.280862629523064,179,-3498365.9570396235,348737.8777125151
63,10.758737026314948,35.26549735984036,179,-3556483.652746798,364748.4255952723
63,10.752810738327177,35.24987023497108,179,-3594562.526057468,375343.77053216635
63,10.742626570054856,35.247170190850326,237,-3613941.5502164117,380731.8789211826
63,10.743622431030326,35.21962269767503,237,-3664287.827394351,394921.89332039317
63,10.725259654914938,35.23013689567643,237,-3670861.8492662124,396681.8289995939
63,10.709694187643192,35.214870442398855,237,-3722049.513120386,411122.6627294768
63,10.70713786008972,35.19799471976602,237,-3757560.217799689,421155.22780109796
63,10.690511778433438,35.19605652895575,237,-3785333.538548437,429096.66299263726
63,10.695795905665088,35.15881829486587,237,-3845960.374767777,446430.50010939245
63,10.675933941553415,35.15823848633782,237,-3877200.211566875,455311.37644531997
63,10.64286131574797,35.176098097445276,202,-3892200.321254364,460110.14468240715
63,10.65761991759368,35.136218211066264,202,-3944903.9044977245,474826.90049782686
63,10.646867674560044,35.12370173072675,202,-3983858.659733864,486115.68798817106
63,10.639869147443559,35.1157103256638,202,-4008912.133581507,493399.05470478546
63,10.600683993358698,35.128979908008326,202,-4044428.2232087064,504282.4309466313
63,10.62145171486451,35.09523485605904,282,-4073757.306542818,512334.0012690462
63,10.624271291761456,35.06962268780868,282,-4112501.6886433754,523840.4784875222
63,10.600483519068952,35.07083665857087,282,-4149170.218701945,534507.3773994565
63,10.590881563503055,35.0629001118366,282,-4178111.0293211974,543059.4124937829
63,10.569399492295528,35.06302232619843,282,-4212454.893967841,553327.6968269397
63,10.5704584487899,35.042349662128565,282,-4245691.399140356,563126.52131696
63,10.536460520813868,35.057232969742856,202,-4274828.6648487635,572263.3164300467
63,10.555224118270116,35.02752695705444,202,-4295046.33769103,577867.5571676571
63,10.549446568202818,35.022013496959836,202,-4313534.830162825,583408.5541264925
63,10.51237182925512,35.03032240577491,202,-4360117.363620944,597789.0172441871
63,10.525462392752742,34.999730497119856,237,-4388974.323245114,606127.4529582739
63,10.498628814335387,35.00785965346051,237,-4420209.77690878,615806.1086471317
63,10.484207713928098,34.99371558365936,237,-4466958.043478932,630005.4997924732
63,10.464682657796795,35.004218508429474,247,-4481143.168502908,634871.4184003616
63,10.450730390653632,34.9926051231982,247,-4523128.925485144,647735.8446284954
63,10.45987822158163,34.971679428684986,274,-4542200.61012459,653030.212772132
63,10.430969153616163,34.972019893893496,274,-4588961.307406322,667913.062008755
63,10.449365193022132,34.93483665824782,274,-4615006.041013776,675332.8444361355
63,10.432488433398714,34.9331910527062,274,-4645955.38134688,684987.6603290745
63,10.426495612276563,34.91686913687689,274,-4679132.712695189,695311.5392386935
63,10.379283244908025,34.935583412988244,274,-4730250.853272205,712130.3176197238
63,10.401058154069624,34.89763316310457,274,-4748439.333230501,717099.0049327246
63,10.390631938428566,34.889965659667205,274,-4776235.126949692,725897.9696482734
63,10.361731176214912,34.896423169113774,274,-4815996.126999938,738751.3931379956
63,10.305260486071726,34.93538033363674,274,-4846423.4265221795,751495.6036333841
63,10.352019301909912,34.86260569086632,274,-4876083.283109187,757822.3101443615
63,10.300581033605111,34.880101528447284,274,-4937450.930254046,778524.551153041
63,10.337381977221332,34.806535807218346,274,-4962233.535123079,786433.2195263403
63,10.271061712740858,34.85929159789,274,-5011785.3249226855,802905.3713050226
63,10.291156363762676,34.82254291177827,274,-5023518.474518504,806018.4148625422
63,10.239857103615947,34.837293607084504,274,-5087860.738973984,828244.5204821884
63,10.232917365080368,34.838793249613445,274,-5096612.0432741055,831389.0419860142
63,10.206733783411165,34.813943002358265,274,-5165413.673214738,854558.7400994527
63,10.21309342815281,34.776036934573455,274,-5194372.816841994,863954.4111063216
63,10.218850322324919,34.746873647689355,274,-5209719.318346241,869677.0897345531
63,10.20250811092094,34.68924779205158,274,-5270519.233975445,893208.8786901989
63,10.173940261410975,34.68940839617109,237,-5314435.71168939,908264.7632095229
63,10.149335254610174,34.69958873406086,237,-5345658.061228403,918762.128025277
63,10.14205492541002,34.65813558027676,237,-5374226.666843229,931360.0761670964
63,10.118877648986825,34.63540354137046,237,-5413429.140948401,947229.7034615817
63,10.073023394732793,34.661093676090594,228,-5467289.9802958025,965534.6714939548
63,10.050873912285583,34.64147883187051,228,-5501049.462074386,979767.748359446
63,9.961116105959098,34.68658601322242,282,-5579639.706770439,1012833.6366324478
63,9.964383135929653,34.65774368980606,282,-5589834.114701276,1016916.72997962
63,9.88857072348465,34.64169128665987,282,-5657556.065559927,1051218.4461689917
63,9.847046807713838,34.615994201873065,282,-5689142.746069352,1070336.4201989004
64,2.10294869668545,40.12110100372034,16,762530.1323685641,-280307.9461472367
64,5.249360214620202,40.639998132673256,16,642573.2993291701,-251958.09869679582
64,9.02675591423118,37.81761625499936,16,482867.9441533806,-234352.75823806363
64,9.012162662755165,37.7755365899266,16,466679.04982155294,-229042.65138735904
64,8.927679356173893,37.69362098834569,30,410297.8710376265,-202332.55514688714
64,5.339274202238366,40.786433354772214,30,397575.33493962255,-172640.0252276214
64,5.366096687269027,40.76331530933352,30,362725.66534737684,-159516.21083885073
64,1.80237655074154,38.02154603342054,53,260469.3610530031,-141312.45616112405
64,8.811548438129298,36.16405874871088,53,241152.2098794157,-124196.22892203159
64,10.72415142473609,36.82365783686154,53,133819.31032970143,-111795.57883111507
64,10.626998599397423,36.761701890426664,53,16145.397720277886,-102579.06548206217
64,10.62438970975311,36.697899797114744,53,-64904.78494197416,-94980.6182814407
64,10.533482824799096,36.67112976074664,53,-151811.530482354,-83984.81663721804
64,10.575343493032179,36.537821986986856,78,-264091.8900863259,-77387.37295396604
64,10.544620662489262,36.44535830486202,78,-343822.3632514738,-70424.91229534222
64,10.450537224102284,36.30918636210918,78,-407853.3911067077,-61381.73735086422
64,10.42509562964806,36.281923000860466,78,-406621.3342272078,-59651.26595394171
64,10.421430496963694,36.04238449891342,100,-382618.15872455435,-39379.60307409374
64,10.320606430457323,35.91533363628054,100,-379701.72538243746,-13610.656935817606
64,10.31074801949015,35.86128000814398,119,-399039.01885540754,-367.50067643794466
64,10.363307297785598,35.7821411005221,119,-413723.30903971626,14399.154622108545
64,10.209178789862621,35.80307566362097,119,-439212.3294238399,25374.522646644626
64,10.273774316703435,35.73908597517912,119,-472185.0026581297,35779.75671315913
64,10.204374712304253,35.73843936870434,119,-503575.92637648375,46471.13591286849
64,10.198393106053516,35.71074958750053,119,-533902.6492855352,56380.45094444664
64,10.179834714750829,35.69391176911726,119,-562589.7593778134,65405.428808001256
64,10.162767529102279,35.67882481375596,151,-591237.150328394,74002.01875982824
64,10.10600759966829,35.69967083650212,151,-600131.8556417135,78602.10126021846
64,10.075230158709351,35.686039523536344,78,-641470.494860943,90877.81163769822
64,10.088678009888131,35.650716069867975,78,-689133.0005808723,101700.64296304982
64,10.059839493245134,35.65982646732779,78,-698767.3719452174,105421.55584543919
64,10.046976926085033,35.637919214731205,78,-749366.0932308967,117986.90154414646
64,10.071699945433455,35.61111043137574,87,-768037.5160611381,121790.46642272762
64,10.061397398515066,35.59672472119526,87,-802625.2852358399,130478.20442080179
64,10.00940546629768,35.61615868541377,145,-829408.4025318334,138222.35059608286
64,9.967210296727133,35.61949619098347,145,-869066.7701016194,149455.5568000519
64,10.000389909772169,35.59145684417312,145,-888075.4642076254,151928.75105966482
64,10.010673148630335,35.560437245746144,145,-930489.6213364367,161659.62110944925
64,10.005968648462643,35.55723018456944,145,-942931.0987381139,164630.5310835315
64,9.985822935768951,35.551544601577135,145,-983171.4106587559,174200.46835614214
64,9.982105730797475,35.541359783057665,145,-1007339.2732229504,179881.66741145393
64,9.916586572370685,35.58015140327424,189,-1021647.8137551519,185175.5368107069
64,9.961678162416868,35.5282733621933,189,-1064037.7413748617,193162.50703985058
64,9.952347562517046,35.52243791235814,189,-1090363.6661423761,199293.30665464737
64,9.914118356809729,35.53704771687684,189,-1123256.8088158765,207334.77510277805
64,9.932873955635456,35.5105171381836,189,-1146091.549357597,212213.90167592026
64,9.91360799398275,35.51286289082246,129,-1174754.6223277336,218888.52431513672
64,9.913356374169485,35.50774652407737,129,-1185468.7445016121,221329.11747406106
64,9.912906960531245,35.49860827314372,129,-1204237.8198392324,225634.23085755
64,9.885837089237715,35.50159533880262,179,-1246220.1866179197,235392.88848341582
64,9.887887815299504,35.48402019575848,179,-1278406.2737881239,242700.90693566564
64,9.880622471230385,35.47983026455826,188,-1300203.912542533,247711.7975970084
64,8.304267927231354,34.870950516916935,188,-1105825.235592163,349549.1814750606
64,9.868810851568652,35.473040824494085,188,-1335887.3185679591,255914.7232707834
64,9.858847919076544,35.46731989683276,188,-1366223.6263111047,262891.337364826
64,9.694568773809602,35.55193268681019,188,-1384642.6489003254,274328.1640230625
64,9.840694946657944,35.45685481137423,188,-1422070.1711312067,275751.0861716144
64,9.83308264711817,35.452430336161086,188,-1445715.490282612,281205.5278063291
64,9.709002842198919,35.52518096595046,188,-1455461.9373573416,288189.30295801675
64,9.818516386663761,35.44386248017105,188,-1491355.1242446383,291755.88511278795
64,9.72106594463479,35.50282353072412,188,-1507679.591762862,298594.96359707956
64,9.803890716713674,35.435076057672525,188,-1537720.958851174,302511.7161652339
64,9.65196455227748,35.515329971004064,55,-1552356.1534204609,312324.9853106513
64,9.789720707887986,35.426325495595236,55,-1583189.6209908049,313104.88159892044
64,9.68933189619194,35.48548082921702,55,-1601876.7342291567,320684.35459922586
64,9.775085723860158,35.41698042504836,55,-1630734.6011459623,324239.2169512141
64,9.769337354524426,35.41321291580057,238,-1649569.8758465012,328668.5187051155
64,9.612213960187145,35.493503986716405,238,-1663474.1402807375,339071.9771286641
64,9.757249665510779,35.40508596306357,238,-1689477.7332452757,338091.48270810855
64,9.63237025528407,35.47075051077997,238,-1716069.6058668466,349193.02242232155
64,9.74414258057752,35.3959394702306,238,-1733179.0161599235,348475.5571772024
64,9.649215641208794,35.4517345615971,238,-1752287.2454507574,356177.27591617336
64,9.731567171597161,35.386810150022285,238,-1775483.5369720461,358600.15420011815
64,9.716704396936548,35.37554973834228,238,-1825861.63607445,370760.3639440191
64,9.705006685331695,35.36632483668136,238,-1865694.588441523,380462.95010294014
64,9.698798230628162,35.36132655729638,151,-1886814.2518950421,385641.3414205002
64,9.687821090779767,35.35220581314823,151,-1924268.3250490315,394886.9264458681
64,9.68168759818654,35.34701346658702,151,-1945119.0409302884,400070.32215478364
64,9.677674343098545,35.343572410917005,151,-1958735.0064878305,403469.94627890177
64,9.547412330273444,35.41163788079033,29,-1974031.3888615877,414357.9049227945
64,9.654753386815376,35.32333427374977,29,-2035744.346736277,422935.0237570814
64,9.554883659338104,35.38217305190517,29,-2048635.8456027529,431153.40257259255
64,9.639197478110525,35.30911741190185,29,-2086876.5790437348,436106.32292250247
64,9.561127734494752,35.35754816864217,29,-2103236.519081767,443687.27769773913
64,9.578159602409599,35.334254014896246,29,-2134453.464410074,450123.97055619536
64,9.48614163814761,35.36262257242166,29,-2148708.033114372,462267.69887875736
64,9.610056762162559,35.28175193543308,29,-2178895.252975262,460397.32600460865
64,9.600574147614536,35.27881320356893,29,-2198880.4411210264,465796.2311430308
64,9.586143775378348,35.258891911149,29,-2249635.3176216437,479687.5586162708
64,9.578938459844263,35.25197631357745,29,-2269969.366409338,485350.04204328556
64,9.547808769413592,35.222148314237046,29,-2352077.489594338,508861.9312689909
64,9.529466424725559,35.215945928976325,23,-2384325.5474316627,518475.72823636036
64,9.53205820979101,35.20717140603094,23,-2389886.3683241084,520106.46942852286
64,9.491962938760846,35.16969739736829,23,-2474387.797559799,546551.3191326513
65,10.789346425553806,33.87877496652422,9,835539.3134349845,-369779.87376249954
65,10.79628284539076,33.63705354498254,9,773130.1695963098,-349217.13375203783
65,10.702759989647621,33.63540038583595,9,739134.9284597542,-336895.01781734003
65,10.566036579071378,33.63298359097922,9,666585.513316077,-310651.51031735423
65,10.701606619015822,33.25457077426455,25,607958.7064591472,-286799.4205569056
65,10.527288291331255,33.30902093292526,25,545556.6934183466,-267337.9915286865
65,10.392054074503127,33.4581428047551,36,494029.6170010541,-251112.9185668338
65,10.323910778712865,33.47715434616136,36,439567.5384287104,-232334.38830217448
65,10.290800208799945,33.4863919822866,36,410237.2558853497,-222219.8518386066
65,10.227888941330859,33.41653532193152,50,339231.78188195924,-198223.16435864978
65,10.1858432029427,33.429553534861114,50,298080.64996355673,-184274.37327508014
65,10.139751142278316,33.417962266582805,50,248565.43459801655,-167594.06583276315
65,10.093233614578399,33.363191086883994,50,197327.8946685154,-150370.93402034912
65,10.06750731137689,33.466192725720276,50,166511.71991527287,-139789.8981796225
65,10.026774266599741,33.47880450209781,50,115926.899818978,-122757.51993527105
65,9.986202120970786,33.38092763642207,68,76567.4250122189,-110176.48796909074
65,9.95677349171724,33.46085438939777,68,29669.03723421895,-94269.29519717021
65,9.940609967302072,33.504753750527264,68,524.2844963133298,-84094.43198715133
65,9.882002120270847,33.37417468407365,77,-46874.23920879504,-69421.49077373049
65,12.260708362612686,36.00747577764414,77,-122921.20396330421,-57756.52826976529
65,12.092168939962832,36.30624841033274,77,-189785.6030175507,-48767.67678473146
65,12.077004281692563,36.34126769799878,77,-193613.47441750424,-47565.586251293505
65,9.757925993730748,33.357067933589256,77,-193945.94586845097,-21314.569628444453
65,9.724215827981423,33.35242021117607,77,-233470.2636972212,-8460.718321269971
65,9.707563994318962,33.35012437255252,77,-252859.54901718817,-2165.7093203268996
65,9.681369202287323,33.3748032159982,121,-296103.56380629167,11801.24021544271
65,9.66384927942852,33.40079771328835,121,-330735.0318521652,23016.253569878052
65,9.647090723781416,33.42566256188765,121,-365180.5061677544,34209.99907736726
65,9.586234849436078,33.38118398252681,121,-417297.0720821976,50821.464392868314
65,9.612326616526682,33.47724244035575,121,-440784.85817090754,58888.95504592851
65,9.54300655516711,33.39559035948457,134,-479063.8526832664,70600.10950815842
65,9.51030500938267,33.38903957891263,134,-514316.2863573426,81846.0946420723
65,9.53485938108703,33.479029976790066,134,-545451.7170539822,92237.85628938414
65,9.474268848377216,33.40367513217806,134,-567460.9148455102,98767.96524596262
65,9.45294144034669,33.412336943190525,134,-599069.5055107104,108811.28591276311
65,9.521416682715358,33.57382484799587,147,-634405.4721235533,121983.35485682868
65,9.516097157273272,33.568764721580145,147,-637954.0598515619,122979.8551453923
65,9.414247724058095,33.47188182985426,147,-692414.084350497,138579.9962029887
65,9.352535929098247,33.413179322038886,147,-713640.1761273332,145016.14134898744
65,9.321694347305755,33.42489893836376,154,-756924.186836265,158637.0497569258
65,9.305725514575583,33.43292265943349,154,-780969.6874341283,166191.96116718015
65,9.285156772970424,33.443257656874046,154,-811878.800892265,175890.95398211523
65,9.251409853187551,33.43427011980474,163,-837408.3612450948,183868.62311909476
65,9.260196962978801,33.46436078759166,163,-857496.4299464878,190199.5666233056
65,9.208336613755028,33.45391631252895,163,-897878.430367701,202754.55814074987
65,9.286038132446532,33.552851550100776,163,-917740.4520086742,209769.8489603033
65,9.209985712109706,33.510208196329025,155,-953648.1569038683,220322.40854188
65,9.16949293476053,33.49704731509207,155,-977939.8341885903,227736.75100851443
65,9.160811103742644,33.501548359330386,155,-990517.0397696295,231647.0239650252
65,9.131637220310456,33.51667338764081,155,-1032315.5986311024,244624.6705693055
65,9.114862552068987,33.52537011574833,155,-1055989.5800326155,251962.91304309014
65,9.038386628052773,33.493917778556735,182,-1079007.4938954972,258926.5426738626
65,9.069888563253341,33.54538222724552,182,-1114184.314458792,269947.82015995705
65,9.027747829886316,33.540447403789145,182,-1138828.487373499,277441.90281992377
65,9.024586388729782,33.5542742167342,182,-1156924.3442669553,283063.1397507629
65,9.045199868546291,33.577935145832285,134,-1170078.6472472853,287306.1785640137
65,9.00877575314443,33.59272826103202,134,-1212621.3400940814,300372.2504204441
65,8.984395750429572,33.60262983818089,134,-1239837.9865770417,308714.2053710576
65,8.854161691168807,33.5658207016483,202,-1258551.7271727093,314091.1579397841
65,8.805274406091183,33.58954631556498,202,-1301383.892505692,327189.2972726772
65,8.779919055438809,33.60301055146772,202,-1323039.306244322,333805.62380546296
65,8.84446000873846,33.64084528198121,202,-1351209.5893106512,342587.4809744783
65,8.739667368787616,33.626552289379006,202,-1357084.3898858144,344202.78979754937
65,8.840680426978993,33.67007336044839,202,-1387937.547455485,353958.8515031777
65,8.789646901927266,33.68118605902299,129,-1414132.3032987008,361838.8689414988
65,8.650444595477502,33.69668914486184,129,-1439213.7043122854,369304.00937417714
65,8.700811761552375,33.71534359579121,129,-1463110.0829024275,376699.70891489775
65,8.617637800108401,33.74732438215787,129,-1491388.5861326326,385321.28186035313
65,8.64315332029171,33.76583957110258,154,-1516554.4319576113,393110.117744781
65,8.543027955148661,33.8161486961017,154,-1543613.3305857033,401509.5207662503
65,8.464427460473864,33.882272096565416,44,-1569558.4461910601,409887.9305933754
65,8.630435124477827,33.840656462789326,44,-1597944.3298904314,418435.0186407564
65,8.636633211877237,33.862033478205845,35,-1623291.4921695325,426408.1314357636
65,8.4301880453295,34.005419013709925,35,-1650495.5233185717,436071.9799513432
65,8.482203988762393,33.990878437077406,35,-1677542.4255728622,444129.9036678115
65,8.74689959648294,33.916885224336454,35,-1704937.5383452151,452994.7482766572
65,8.587918533747278,33.98330396526349,251,-1733929.0022662876,461591.96396192914
65,8.537819969437118,34.043557031675995,251,-1761532.6008416577,470900.9715686517
65,8.632711756815878,34.01684069600256,251,-1789046.4336067075,479378.52364349435
65,8.7280253352204,34.01430902006108,251,-1817544.598350902,489119.4521850199
65,8.65023032841755,34.07239191703037,251,-1853847.5441305675,500597.44906924036
65,8.640673139463068,34.10359604933607,276,-1879805.8965806807,509223.1040546075
65,8.658090322741279,34.118646864263155,276,-1903646.5386347526,517120.38038777007
65,8.687519516386224,34.14407768966864,276,-1943382.5752965808,530400.9247373426
65,8.689795719342367,34.16395491704962,276,-1963931.931274915,537329.2502080663
65,8.677465437228317,34.20423921198403,276,-1994558.1932170382,547829.6908085613
65,8.677604191526122,34.24290152523921,273,-2027989.62081787,559428.7462065378
65,8.703014060100584,34.26718073712885,273,-2064790.7283105142,572004.4762892693
65,8.737457372995179,34.2699352942898,273,-2087542.4766001943,579714.2781333169
65,8.747986343001815,34.31015189939675,273,-2128085.7484492296,593948.8397487676
65,8.769665901750585,34.330866788141364,273,-2157598.4426929518,604338.097168534
65,8.740598672578995,34.39421331685886,300,-2185278.521943891,614991.358969292
65,8.78475579088987,34.41944977376848,300,-2233342.45348065,631845.5436609329
65,8.789952009856,34.44682125493004,300,-2254263.2013941375,639678.8113718029
65,8.847852311001377,34.45551038351505,300,-2295159.6761409678,654284.8700593291
65,8.948155830903797,34.46267975227839,121,-2331095.1559146885,669957.1090846417
65,8.901029436549736,34.53260168859078,121,-2370722.055350942,683033.3173878506
65,8.892313980414729,34.616788890653105,321,-2403993.698233318,696840.759622368
65,8.951131848997887,34.634171223302005,321,-2442797.6298396136,711956.6076914354
65,8.992096081523071,34.69694353925624,321,-2478715.7379118577,727648.9702101282
66,2.070122560774269,40.21175779100359,6,707100.5679695212,-265357.6387671857
66,1.8671256596937822,38.38922430674888,6,539002.4083735325,-252261.7984047035
66,1.7419202824677775,38.39138374131492,6,492698.73360267666,-235073.51007380208
66,1.8202332561468595,38.30010626772158,6,463715.7242117369,-231612.69622887808
66,1.7954904741777828,38.25308312447498,6,420471.1697586627,-215555.3553068695
66,1.7906148813814609,38.18238619498897,6,366784.08593115286,-193119.71963039302
66,1.754231161996858,38.17467065859445,6,345741.80397077004,-183626.17919033178
66,1.74517572161801,38.15746098222792,6,329254.9356303097,-176072.9909389084
66,1.7201299299262784,38.10986197529666,6,284205.7193473823,-154741.48165031013
66,1.6753698262365821,38.14068688083088,35,279635.5908268318,-152690.41510249441
66,1.5404082717932268,38.22922886810101,35,241931.84022408613,-134459.49289495833
66,1.4711640284007472,38.27465678972116,35,214498.82917621895,-121819.6013569136
66,1.4400312977106997,38.29508152368197,35,201168.27757226175,-115889.17098975736
66,4.274326608511315,40.393884837609036,52,127000.2828657261,-98497.32998994998
66,8.855969713020201,36.210614783671346,52,94451.40742586504,-92064.3423017403
66,8.77343806788747,36.29225260863786,52,72732.21795407266,-79435.379782465
66,8.018748316606203,37.23381377562994,63,48231.63473399744,-69400.04773034743
66,7.946034712963257,37.369190419019134,63,25459.351086113365,-56498.956721017064
66,8.920272469396071,36.22480317606727,60,-50894.50053940253,-53759.21955407625
66,8.903492541636508,36.2394760892821,60,-52465.198503568114,-52454.24843036486
66,10.358512830008966,36.519263800228316,83,-49974.76800049259,-27821.073885259542
66,10.251771620705567,36.49946777715666,83,-87607.6455910086,-27650.519454738438
66,3.387638759970085,38.03196094734971,86,-85422.2949251268,-8371.81107034402
66,3.405651768300913,38.024991197149035,86,-98702.91348108335,-2736.3642344766786
66,3.4404034321016947,38.011544780465016,86,-120290.69487236303,7108.237452859252
66,8.921108585190659,36.326696799341164,58,-204633.49001332407,9526.166046845052
66,8.95655055841647,36.3085472270098,58,-227807.80491965238,15938.899810299663
66,8.998303267370254,36.28716597359145,58,-248044.112728755,22794.818986467373
66,9.037398305137176,36.27598709090272,58,-264814.1735168407,33553.463771750336
66,7.628386053582716,36.988690445753555,58,-214893.50655267542,48358.573617348295
66,7.035413927399308,36.07311910662787,101,-243513.25659729016,63230.14013392759
66,6.977638406592843,36.13509598356189,101,-263024.3474672711,75097.02666786063
66,6.933576991585973,36.18236148385166,101,-274143.5921241779,82846.16354854945
66,6.860577708838454,36.26066917368227,101,-287255.3821842875,93410.34496809273
66,6.240967457427182,36.92792613559417,86,-290450.0110025819,97111.45885495127
66,9.306574678659432,35.74175466701227,86,-378921.44678573,96488.34722349187
66,6.507313651228919,36.824869144579516,86,-337966.1629653688,121343.89178019215
66,9.327363137585893,35.733711015273855,86,-432016.5545214546,110029.98539878002
66,4.499371018253504,40.82970228023963,86,-383058.32895364,136580.575910635
66,6.687433963515164,36.75517542326184,86,-383872.68167199224,139052.43401680246
66,7.543686707581116,36.42386664767194,86,-444427.6032039614,146499.7917204092
66,9.36124440828304,35.720601378676605,86,-507276.9403113757,130082.66712026393
66,6.937356810270863,36.65847309684664,86,-463678.38433505455,162317.9658512554
66,7.460446327769085,36.45607474102556,86,-491155.72931258386,160336.092110278
66,7.145880733560143,36.5777892027687,86,-519573.0952753423,174439.40504765522
66,8.149991644662695,38.22105092989179,148,-461320.71700168797,203700.02600570163
66,8.148759155333801,38.19821927739977,148,-483014.6576287668,211996.3216049057
66,8.145228421913444,38.13281304904082,148,-506920.967639454,221021.31329172401
66,8.944280593225786,39.44952735226684,161,-517955.8310071492,230563.19444551412
66,8.943811165652562,39.56894504199205,161,-520228.4992829355,240173.99514257783
66,8.903595576716462,39.51442612172304,82,-550309.8975318171,255362.8665719926
66,8.861624107058955,39.42438923016925,82,-567441.6086983213,264649.4789704963
66,8.282751036473284,38.24152946687276,94,-593107.4182747942,264134.6755729748
66,8.284752842613734,38.233960477945125,94,-613568.4992996111,272937.746896058
66,8.388095120641262,38.10220856542084,140,-617920.5987058074,282678.19242474844
66,8.680401312993748,35.023275458229755,140,-730752.2733670115,247821.18185082395
66,9.461287016734293,34.303648402427676,140,-749077.6318089839,251255.7253069922
66,9.408324944837156,35.62976234917935,140,-847456.3831435048,229086.57068440222
66,9.431347987504349,34.33123878518807,140,-804734.7988667919,268681.3396470301
66,9.348927068597535,35.61999429808124,140,-876642.5981342719,235751.4505700164
66,4.247930448395908,43.05980727312921,140,-702353.3971900361,362967.9406508289
66,9.705056185329274,35.428066630601805,18,-822139.7772593128,301016.3874459454
66,5.35568669328635,44.89909414965203,18,-305672.90623199637,653566.2825897541
66,4.266985307412562,42.836392042134875,18,-734702.3225647932,400089.6724482016
66,9.636862187689893,35.47441981314416,18,-923568.8694588684,308601.9036592865
66,5.559523721049948,44.65715090934433,18,-8772.746781233182,954069.9530817667
66,9.556473325811176,35.529062152910505,18,-983665.5793736195,299993.05334767245
66,8.950992859920257,35.34796292249418,57,-998458.39125308,319896.1617422921
66,4.169126592487126,43.00526799170846,57,-856503.5382700476,443089.35072836647
66,4.24788177774912,43.01538056056537,57,-868152.2240782904,457327.2245882479
66,4.250185084367833,43.00525268487306,57,-891292.8120954676,471099.9136421152
66,4.268675858037928,42.90454128206396,57,-903213.8853232175,488263.3111812003
66,4.2699452689458335,42.95571359671311,57,-926033.7323954934,496821.01700012496
66,4.247842214980576,42.979267546617415,57,-946032.4868421416,502780.98503063695
66,4.22930167912113,42.95346593514206,142,-976471.27764361,518993.5599921154
66,9.28749602825768,35.43430267198018,142,-1461720.4540443874,418185.21293844824
66,9.569485944135655,35.2274821407479,142,-1458260.124759499,499509.7087097095
66,9.336585030686557,34.86072327082035,142,-1720463.941704762,553998.1960701407
66,9.408484926968775,34.97394706336738,142,-1767236.0430607218,577193.4531928031
67,2.0627095473712025,40.1793299172945,1,740376.652350858,-273209.3418438181
67,2.0139567652821864,40.21157524812576,1,711397.9969087607,-259598.18707756422
67,2.1932295924489185,40.246197635631916,1,603975.4750217954,-238750.52549109032
67,2.2660647325894496,40.044829793555074,1,592206.4301075266,-226035.74676477455
67,11.181970846220372,34.42297856906127,29,398063.21193582757,-212769.34608377205
67,11.337075890709608,34.310529808696266,29,359572.9252282414,-199251.45961366536
67,11.332972844594735,34.173567537406726,29,327975.88066331844,-185987.89306634577
67,11.253687311738915,34.08036979503875,48,305292.1504939593,-175401.80795091193
67,11.336639524332002,33.97629969272952,48,266604.29974238225,-158567.2476866598
67,11.25678649712585,33.89913519845568,48,240470.70127138708,-146014.84866550312
67,11.588284403968864,33.906765820732026,48,233368.85994151287,-142173.4164701746
67,11.187808054962217,33.76361933720484,48,187058.80680247376,-120305.1473952544
67,11.935565087168973,33.7265810307158,48,171455.30102634503,-107350.42381381958
67,11.294354879884615,33.60247795029291,107,137414.20681347005,-96332.4415331114
67,11.255543653175925,33.54401100125106,107,116358.17131427761,-85572.75208952492
67,4.249200675407952,40.296882887823045,107,76520.90181941021,-75233.67573208678
67,4.119528227629046,37.23021439173582,107,61291.75689471909,-66084.95639318503
67,4.156275214785913,37.22001369168295,107,36696.11387461581,-56653.162489934475
67,7.123827736046239,35.8221935617245,107,-2485.0066317028727,-42883.91105073098
67,7.246043634690485,35.829463491242,107,-23663.509356485683,-37561.04346374539
67,4.2735121658868955,37.28433780832198,107,-50497.65082824908,-21543.402534378525
67,4.331308157662621,37.171425802231354,107,-62141.605495058815,-14547.552494052265
67,7.239810476292765,35.93345689393428,9,-92766.86712250464,-12427.595632568587
67,7.15053988008049,36.00771581292158,9,-124925.4381302314,2118.3733914416325
67,7.0627636173378665,36.08073168444677,9,-146627.18195925475,16529.32972693567
67,7.024434693902487,36.11261524455529,9,-153755.0852969959,22719.311586735123
67,7.381832706658028,36.102173491045356,147,-196189.3174851497,32055.830544820197
67,7.25597838120611,36.13670008687411,147,-208054.00030871617,33229.802031185136
67,7.275779458016282,36.19279286066146,147,-233570.2858675859,44217.92191234946
67,7.3630251619451945,36.2878801509969,147,-265656.1006676519,60564.90470099257
67,7.290587623314327,36.349951049134496,107,-278016.810412125,65793.72415292037
67,9.331451242629978,35.76878772511433,107,-312022.13121285377,77780.70545181975
67,9.362398636531974,35.77483117272515,107,-323794.73931781173,81905.08133579198
67,9.344926946805517,35.75668127893781,155,-366994.9246050744,92555.71819572677
67,9.228267802863467,35.70825864862823,155,-370476.514824239,97406.97768951913
67,9.235481186163625,35.70424524190228,155,-399425.69064011023,104298.30085988049
67,9.313867686871795,35.73035245624685,194,-423697.94030478515,107109.80059722376
67,9.315521333691223,35.722528585154826,194,-454033.6650288728,115149.63522559831
67,9.3004146880811,35.71245334178851,203,-471826.57763128367,119990.36040199256
67,9.313923122228267,35.706670654421885,203,-510270.6143687452,130116.58369368201
67,9.302872055274621,35.698927259183336,138,-525526.1383889649,134248.00678573214
67,9.154710166470055,35.63112331511481,138,-530013.4960570949,148448.13663785433
67,9.284696879715542,35.67765681438758,138,-582173.3972115738,149733.52818639277
67,9.17443902029232,35.62728437860841,138,-587718.8800319061,160518.05213534794
67,9.244908067160058,35.64994614783114,138,-629649.7115362214,164296.97003344403
67,9.300014140304667,35.66834245757687,230,-637687.415016162,164368.26488608206
67,9.3069185682596,35.66430805783426,230,-661085.4776588295,170665.60335426463
67,9.235414919654726,35.63367738461075,4,-678129.7837065121,177892.3362403771
67,9.245925985979204,35.627370135865746,4,-720308.6755446632,188486.28303116304
67,9.24030809302343,35.62463318269817,227,-721997.3367091374,189292.3896741555
67,9.269089698965834,35.62652709443025,227,-758142.1373399474,197625.53924707012
67,9.298484192676579,35.62846133592494,227,-787383.3131909012,205122.82470578558
67,9.236591752362068,35.60316957399664,253,-800020.2085941379,210543.4468915057
67,9.265067386159673,35.60776370308683,253,-824762.682489746,215904.26573280632
67,9.294149392224526,35.61245566151745,253,-842857.8847916937,220408.044849528
67,9.29186713586458,35.60443464370696,138,-870372.8415894465,228023.97363455262
67,9.290071349346908,35.59828271521878,138,-891331.2938841605,233840.5866342881
67,9.277978694017827,35.58974610277428,138,-909331.9365363346,238905.9577127086
67,9.162691245556818,35.53808483971302,250,-916380.2155321316,248590.58380782953
67,9.284315529372533,35.579330554052305,250,-955016.7547039521,251597.827465975
67,9.196551321139108,35.54373612299766,250,-959534.7151805189,256760.56797037504
67,9.276184085328234,35.566262779438446,275,-993644.8670439667,262439.81864851085
67,9.127871295548186,35.496619657916085,275,-997373.2405132059,274375.2985761872
67,9.14763748228595,35.50026149378393,275,-1025590.493619067,279506.04756258935
67,9.219013820911208,35.53303081730967,275,-1036740.4582363501,276269.9366259353
67,9.184851105933166,35.50711794572222,275,-1072324.8608755297,288476.735274477
67,9.284487969390183,35.5437742250848,275,-1082354.579992529,287571.8939183353
67,9.211199930763959,35.51197260467174,275,-1099597.162196903,294126.133735783
67,9.265287807113518,35.521938065927294,275,-1137865.2310981667,303281.174649857
67,9.264817971032032,35.5205878225406,218,-1141956.521841011,304449.6744309162
67,9.281301651986764,35.51563565041557,218,-1175164.2951889266,314180.3679579069
67,9.280981538826394,35.51280871043275,218,-1184242.2483830773,316802.112899348
67,9.348483524065266,35.515099663085344,269,-1212896.0022852377,329659.28968112945
67,9.25483792070428,35.49238605572273,269,-1224899.3950599278,328255.4805735362
67,9.370137868183619,35.50270951640164,269,-1250352.2467906422,343818.70647285046
67,9.383008406137359,35.49534527335307,269,-1268694.129230893,351509.6229634619
67,9.238948279795903,35.46649729995932,269,-1289039.099501719,346849.87426283763
67,9.138803631194461,35.406590945488816,285,-1314034.6461119892,358815.4444709211
67,9.324239023945244,35.47279102336711,285,-1333941.1780172153,363914.42942415434
67,9.282899282699136,35.458032815403875,285,-1356177.3451982427,367547.75628234167
67,9.234268756504866,35.43602524080983,1,-1375010.5439845358,371928.46205338836
67,9.287381485611078,35.43959178083214,228,-1411216.3570866745,384451.69211212016
67,9.268172875593226,35.43024975066522,228,-1423724.8223864075,387181.1914849555
67,9.283740905546663,35.42129413332601,228,-1458140.6229072486,398569.92725449085
67,9.283533850439346,35.42025346911839,228,-1460736.3379495617,399354.21206010104
67,8.96086295839154,34.981459227202876,293,-1498505.7385462937,418252.9999292579
67,9.212792569839449,35.37745539195459,293,-1506785.3329633006,410966.5538439316
67,9.116156680038207,35.300664191150155,293,-1534382.69741557,422204.19640288496
67,9.097374046428815,35.26205664268943,293,-1572757.625864609,434189.2135682731
67,9.00270831422027,35.062917327956754,223,-1583354.933449141,441316.810462382
67,9.122265115207156,35.268036906939194,223,-1606104.7100662729,442669.6266758257
67,9.080409356195414,35.19622639013371,223,-1637401.922241724,453694.323028594
67,9.043828336710874,35.040702827852336,261,-1662310.0083672265,463561.16608596954
67,9.071822259206424,35.11394364963375,261,-1691416.56491918,470501.45909780194
67,9.21131694013016,35.26520175988737,261,-1725595.3779332608,478871.30504930887
67,9.109940355469197,35.12931827572713,261,-1742838.1496202073,485272.2202246352
67,9.193071816426873,35.22732095704736,270,-1758950.0278996606,489334.88678774604
67,9.24493381519159,35.23581390424495,270,-1786630.4562054577,501658.5950238733
67,9.23604810695094,35.20265540744151,270,-1815577.503950759,511365.51182576065
67,9.214877111518497,35.12365232008368,270,-1850385.515763574,524337.5510243307
68,2.0893328097874666,40.12855412376521,0,766941.3127179113,-281177.59252498165
68,2.1175660879755682,40.172669944239594,0,721354.0055468522,-271754.5818076658
68,2.136964141395936,40.20298031190373,0,685509.274159663,-262961.6053187109
68,5.2082267993150495,40.73646792549284,0,637846.496442667,-255449.76632211267
68,2.1684451200818997,40.252170816627086,0,619920.3117440771,-244746.36876100965
68,4.51493034939226,40.405274859844056,33,522852.7160834981,-230854.13673083225
68,9.025018142559905,37.814915168846596,33,459962.2481687136,-221224.315226876
68,4.454807650337225,40.40277456947293,41,454496.76221759967,-213316.88816460915
68,4.458049716822611,40.43739311011911,41,441543.28447954997,-208174.2774444048
68,4.422255505727646,40.40256555429275,41,403115.3549736939,-197755.80216502814
68,4.462046015840397,40.480065288683356,41,397238.7348571344,-189721.67846704362
68,4.3938235242561525,40.40286258996549,41,352686.3076207124,-181463.92547405168
68,4.3936787768933465,40.32395810468269,20,339668.60670050647,-173019.83252737398
68,4.390704525272003,40.32717644381643,20,336428.7990511183,-172311.3622326453
68,4.362415258472368,40.35778732211358,20,295634.63090201106,-160902.28277906778
68,4.349754671650113,40.38764647455218,67,271766.9871011803,-153505.35025036172
68,4.347912139107585,40.38964486696036,67,267932.8501846792,-152168.5348563151
68,4.331197805001466,40.40281321800606,83,233011.39553252238,-139589.7212969301
68,4.334305554604181,40.43744407482441,83,226396.49355159263,-136606.52528246766
68,4.338136289334896,40.480131434788234,83,204696.84800822183,-126450.00012783507
68,4.365686026854777,40.51785896890983,80,206310.6842815303,-123551.13768382535
68,4.3698272297338425,40.540282723303925,80,180171.0852933423,-111466.52504955386
68,5.9610659695922985,38.64003432078343,67,181494.7414629277,-107099.40809660258
68,4.293143382400956,40.44904651392302,67,147226.38424659398,-105773.6244641362
68,4.274900501949778,40.41624060972352,67,124670.6498358394,-97413.20762275113
68,4.2567274726326785,38.71216866691542,33,126600.11366786734,-90283.04632182476
68,4.348608510893801,38.694879330192315,33,109657.05649376185,-85027.11313185649
68,11.55703068574329,32.7753134138037,112,49614.24975268805,-84651.21237032475
68,11.468306832493063,32.933971093832525,112,37802.201497412716,-82387.9223837208
68,11.315907071258763,33.01854481156529,133,12892.41104891737,-73930.85442297964
68,11.242045504473404,33.03767145915525,133,-504.47622535064374,-68603.27350811704
68,11.187031090892729,33.070137705168015,133,-11928.787996017205,-63714.664983755196
68,11.132236289866777,33.10539721261726,133,-24134.907395665025,-58207.10736265427
68,11.118564006391441,33.242761253030565,133,-34595.87824887984,-52564.69179841039
68,11.045494416471605,33.21566179334055,55,-48219.75925421083,-46514.65293451118
68,11.011991781330558,33.26447226990933,55,-58467.19047890143,-41208.310037233496
68,10.987377618536259,33.32213217626489,55,-67605.04636112081,-36168.49292246397
68,10.963944375022985,33.334473235203355,55,-73460.84228430527,-33132.56618877286
68,10.921220325645448,33.33729522363011,188,-82655.93316213254,-28411.79285486423
68,10.827492470383895,33.355106328816504,188,-102635.99191518463,-17378.044640927536
68,10.81477470286283,33.375750265958025,67,-106595.91520704846,-15084.884687117117
68,10.762153518408212,33.432822677487714,67,-120177.82729303604,-6987.621801121853
68,10.749018141737405,33.4471170879064,45,-123373.80872311792,-5022.119436131037
68,10.70852403317321,33.49082461486403,45,-132565.11160277724,802.9977928550809
68,10.650821031238982,33.55310665049838,45,-143604.95991644874,8330.19863513493
68,10.57038661062812,33.64139848220072,45,-153742.15251649654,16738.14757829004
68,10.479404744348084,33.73812571242891,45,-155742.2176107852,22424.18118981661
68,8.696370501690511,32.76676803986386,212,-168056.5223200414,35886.627912286174
68,8.66305819118731,32.780362850293066,212,-180637.10735912767,39992.34570345035
68,8.644025867655742,32.76355190341123,212,-184214.7937041366,41179.249690905985
68,8.608075455580362,32.781168596302074,212,-198393.35737259942,45773.85193881832
68,8.555704331886812,32.78193607037257,212,-215161.28648903585,51222.3013247119
68,8.515662475338775,32.782522864859075,212,-227814.77900637456,55330.19869500941
68,8.46132662391765,32.78331913108602,212,-244663.02275363242,60800.39609897679
68,8.407967836065005,32.784101078908066,212,-260753.74545367245,66031.69760562846
68,8.485114065529116,32.947906729203766,223,-267687.3619503091,67624.11313335311
68,8.436355092664884,32.98215119308314,223,-290653.83464627236,74722.67412983556
68,8.402963397246806,33.005602891108026,223,-306430.105408209,79560.01944741565
68,8.373201504097272,33.900837060589005,253,-316199.91214184684,82395.79430415554
68,8.421606290964165,33.18746885010999,103,-329882.79182422825,86473.05213133196
68,8.412686627028206,33.288153001651686,103,-345836.0794141924,91155.90210475744
68,8.39633470323975,33.47273165669253,103,-364298.4394864129,96329.5560008226
68,8.31033922748427,33.85308956318763,261,-367554.53227212117,96478.93354650815
68,8.283361228580373,33.83584385557852,261,-386812.5955910344,101856.63943038147
68,8.271371206111446,33.8286939594248,261,-394927.80777858204,104140.91850597682
68,8.252730763174185,33.80810874305048,261,-408850.2327433532,108088.36460116676
68,8.212112477731932,33.79029803399911,261,-432605.2839612201,114909.31088421243
68,8.192899676288578,33.778016235144264,261,-443715.98243272986,118143.89007400902
68,8.167760749467243,33.76713631612737,266,-456930.875702219,122030.21385740956
68,8.139146781393551,33.75012478494563,266,-471560.4639472592,126393.41119939188
68,8.11968132635951,33.741421403866916,266,-480717.44177909207,129158.02348020175
68,8.085668066146393,33.75210689613036,266,-494362.26452951424,133311.73152323454
68,8.055391652612247,33.700330817844524,266,-508448.7157110393,137756.2442839562
68,8.008482085712217,33.67244221609637,266,-525404.1645137401,143225.2787295156
68,7.969248934582087,33.754818848023795,266,-538739.3996188333,147398.44663969247
68,7.917692108068357,33.61846590174178,266,-551164.3090909111,152063.9111920525
68,7.859856843788066,33.78288535771112,233,-573838.1798879504,159368.70512319834
68,7.825578938891785,33.825959843454314,233,-583749.8746251761,162996.7803761715
68,7.770888148904542,33.70943461844619,233,-594408.5645411604,167162.64671713312
68,7.721555142228406,33.95667878791393,233,-610054.0888553412,173787.77596778574
68,7.639689735875599,34.05955293642079,233,-627220.5978554855,182188.21745874584
68,7.500362588069074,33.70953110368595,229,-636481.0180493434,186519.3431711186
68,7.368037370727919,33.81075728749982,229,-658165.3254866394,197802.02681682224
68,7.31714510512078,33.849688867863456,229,-664735.5206454584,201892.25600248209
68,7.166532151430076,33.964904809627136,229,-678384.7176998933,213021.35737804516
68,8.241984790156792,38.02045708347796,133,-659389.0100605389,295940.7816255521
68,8.20333286444824,38.08465387084759,133,-672323.6205769369,296392.47617525153
68,8.210342248378906,38.14476259853138,310,-695516.221323811,305419.18429617304
68,8.236234833896535,38.095369310884585,310,-743976.2275120815,329164.02642465156
68,8.250483587330281,38.12974400550643,310,-767904.4485061629,339279.28163586993
68,8.26063367101966,38.147256077299986,310,-768642.8490007168,339699.8783040428
68,4.191605756707114,42.89076485262459,308,-849507.41724587,449382.6068156439
68,4.191302234327628,42.924968567335924,308,-909353.6308945873,479993.18329472607
68,4.190989575434838,42.96020186904191,308,-934193.4473757198,491132.3835941848
68,4.227992588373272,42.954755155444,308,-976373.0243319691,518679.2159202755
69,2.1287242537030187,40.17366446627687,5,713418.9209728127,-269933.37228502147
69,5.236107960695594,40.676394586001926,5,646751.9572680166,-255779.24200070236
69,5.2676478683705925,40.657117211220104,5,627450.4231119392,-248866.04671816417
69,8.928423317015488,37.85742178118093,18,488172.51248207875,-226019.50871939037
69,9.072731954874811,37.81633537172164,18,451912.2356248533,-218127.948749674
69,5.822455079570435,38.74172839417529,18,453112.71314987954,-207912.06719344147
69,9.22891612111109,37.77186785612292,18,422279.58708057564,-196766.7887488234
69,9.036562178486122,37.66717595815377,50,358157.9984558102,-177347.50384978252
69,4.3955330356693585,40.47474442213625,50,305193.83314827987,-162047.03386265284
69,9.009977464413298,37.6177985236926,50,306160.9009325188,-151045.03765718927
69,8.90597703058129,37.61107195965924,50,290030.6097147943,-139931.1462529404
69,8.812503188229796,37.605026236936226,50,270223.3373260778,-124918.51347408305
69,3.9307610679551264,37.42383720628472,50,206951.38095982902,-112961.18204116834
69,3.92994719359519,37.289231154798145,50,190743.93835677323,-108106.11510527332
69,3.966937358992864,37.29162361324264,50,169924.53967509358,-101941.34009736011
69,4.357244793975315,38.689527190274525,71,109037.36170049844,-84674.36177561825
69,4.319126246586694,38.744587079398165,71,96929.61900116557,-79500.85164939304
69,8.097361923559948,37.3555125026745,85,53292.14962846065,-63633.00029077011
69,10.62956525030235,37.30526147335555,85,18141.199709198743,-54005.448688373224
69,10.641601235807858,37.4331891144061,85,-1577.2109786925903,-46149.66842937242
69,10.838862714316726,37.403032659569,97,-23809.836297266876,-39183.27520524046
69,10.85891810485659,37.47301281135575,97,-31829.138489044715,-34495.741259973925
69,10.75469660332559,33.24029737006781,114,-140587.8477600377,-27552.16736832964
69,10.721347851619464,33.208378225279624,114,-199170.55660536757,-26354.950573894344
69,10.633175758094449,33.18682771797847,114,-252606.34394255799,-24581.229541754754
69,10.520378345782676,33.1592584343152,114,-307002.8263755727,-21382.429496650373
69,10.51756531394873,33.10253444131228,141,-380170.4430407777,-22442.1590146273
69,10.331549826550832,33.03922026438861,141,-425908.65717948193,-21114.37408879914
69,10.387636389491165,33.01730022347383,141,-474279.20729473094,-19709.500912558364
69,10.269387606058999,32.96217046867566,153,-503199.8580151884,-16738.79990973807
69,10.316672105314767,32.953563182040526,153,-537813.6540597267,-15232.862807624871
69,10.371920443840892,32.943506222713594,153,-580454.6513284747,-12104.62510552072
69,10.370733239747084,32.928489363654855,170,-604084.948821843,-9891.965192703477
69,10.296873294653679,32.880375854246076,170,-638976.7290441678,-5499.086306083231
69,10.301237465979613,32.86942052862056,170,-658903.3246455322,-3425.684875923832
69,10.248012508891065,32.83201234521433,173,-683545.6762247987,1071.4844444919747
69,10.296254237758493,32.834209754510105,173,-711913.2198147493,2906.1663307387353
69,10.307834419206749,32.83473723142602,173,-718825.6246314077,3487.615022364209
69,10.36872229248458,32.8375106722185,173,-755649.0456399578,7495.554180464567
69,10.261090197074004,32.7751945099854,190,-781100.0859406319,13023.434024483653
69,10.309577303937804,32.78132693683784,190,-807101.25509877,15112.633621416782
69,10.338906749927894,32.78503639062444,190,-822941.0227284427,16833.1385213278
69,10.370046594009825,32.78897481525691,190,-839756.8532854536,19049.96171506925
69,10.417046070175552,32.79188337363474,190,-870309.6201268779,23976.29531311586
69,10.413127838353981,32.78119720723102,190,-886163.7348909962,26277.59762702598
69,10.412228855921322,32.7726645607553,147,-900438.251566146,28430.75941923517
69,10.414016090870287,32.76087671084247,147,-922438.2212459005,31861.556878332365
69,10.388952928334755,32.74268260328561,23,-933653.5642075386,33310.96881237789
69,10.374412196618527,32.71689401653451,23,-965024.4872244679,38286.67818686397
69,10.37522598617432,32.707059271946214,23,-981970.8439182029,41060.64282614505
69,10.397286300721019,32.709904078573445,23,-995799.4237608482,43454.235944479384
69,10.397881354425092,32.7030009948977,26,-1007795.6664847989,45464.50557141579
69,10.399663069134355,32.69612372460121,26,-1020697.5679523248,47659.24354664911
69,10.429218001646355,32.695408683182656,176,-1046944.6806500801,52640.27199717309
69,10.393227961002482,32.67201493260848,31,-1054516.7888467046,53422.244510592616
69,10.386185135368086,32.65071351735898,31,-1082269.599757397,58285.422546680784
69,10.400251251133875,32.650107141978324,31,-1095574.4369634418,60741.13884618062
69,10.46173682859699,32.67697076475886,112,-1105068.8498832113,63862.41694425079
69,10.455296568973758,32.668040161536126,112,-1114316.5929364816,65291.38346427314
69,10.386119951034251,32.61100578947481,112,-1143191.0699495315,69406.29734195916
69,10.426709744815687,32.628399277644895,112,-1152705.3524183002,71567.03831772604
69,10.404950693826837,32.60907048782633,170,-1162920.182530811,73188.25989155754
69,10.390129657667735,32.58464888818145,170,-1185609.2538858233,77457.76359093639
69,10.413464710841644,32.587697855587045,170,-1202119.6597083677,80774.24695269349
69,10.392307294318206,32.57153272721499,170,-1206363.1721107545,81490.8917288942
69,10.419508149744711,32.572527085207895,170,-1229360.9604807808,86183.04836512268
69,10.426847206912049,32.57240838446827,87,-1236045.9908224517,87610.0432820858
69,10.436460846790538,32.560918786084734,87,-1260743.4569275004,92721.16105539561
69,10.44757259042056,32.55919570809777,87,-1272865.1134562492,95417.07876673045
69,10.40259987516401,32.517838455088,87,-1288634.9594870014,98119.07647750483
69,10.443486453698702,32.53713371415572,87,-1299462.2525953727,100787.33929872506
69,10.405403687604329,32.50505179533143,87,-1307549.3713145575,102095.34373381177
69,10.40821847146903,32.492847119890975,87,-1325348.6808917231,105893.37886236436
69,10.453301381465879,32.5163263816143,87,-1335289.8942129682,108540.94504642363
69,10.46026823579513,32.501556873551166,87,-1359950.5472944758,114017.1014002932
69,10.45551565411694,32.49112836167692,192,-1368794.3874906593,115835.64031987061
69,10.418773260075978,32.45166822894422,192,-1383495.3858790665,118708.5892754515
69,10.455153069164364,32.463518583898995,192,-1401249.4322565445,123056.84192992742
69,10.45553158660888,32.455754329993034,192,-1410425.1990766923,125148.90008893583
69,10.380909456354782,32.38445895852711,282,-1420876.6631250605,127905.1459193142
69,10.432150873520797,32.40743369481764,282,-1442544.184859696,132445.60947283194
69,10.356006210374066,32.319373615334584,267,-1457458.375010266,137943.7117551339
69,10.392586555267215,32.34382494602625,267,-1468664.5533288706,139451.42018311276
69,10.44265010642698,32.37728883075948,267,-1480669.2632398014,141774.74625799753
69,10.481691628120831,32.39345533974495,299,-1496555.5707743354,146160.6279437977
69,10.367093036127226,32.25143686904143,299,-1517565.644215158,153832.8567198297
69,10.45876329950999,32.33684119275327,299,-1529018.8958951135,154243.34411366846
69,10.461652509910211,32.330200268115185,253,-1536640.1656043346,156284.9697490175
69,10.532076013959788,32.375101512445504,253,-1549860.8296401375,161403.73584611044
69,10.540196046228978,32.35888943524062,253,-1569021.5319716446,166820.84031234676
69,10.52339366356056,32.330399995886204,253,-1580753.7396329434,169313.76786039196
69,10.505358347661293,32.288148757726084,253,-1599024.2805784428,174099.9653660225
69,10.506626517496063,32.24407350329027,253,-1626848.9644561047,182657.3462126343
69,10.504553377221736,32.20988809540523,288,-1643233.8975216271,188155.49346090766
69,10.524820090604662,32.216071240514886,288,-1652418.8803995014,191207.96088070655
69,10.545384359661721,32.1878112852924,288,-1676080.6618991932,199839.3457399534
69,10.550592323649097,32.18114734134955,288,-1681320.1582190923,201876.09296820758
69,10.597094313525426,32.16524226114441,191,-1707305.3252445844,213204.92778234053
69,10.59599589227306,32.14154444256225,191,-1713699.7843213975,216114.8095222016
69,10.62398957811358,32.10333467608856,191,-1730735.9422644791,225734.7788248068
70,10.892375096709584,32.17482854993003,17,516235.44836618647,-332026.6032002826
70,10.820144219009888,32.14810615694983,17,446190.68736414623,-312354.8407275233
70,10.78593663413934,32.10389397709732,17,392802.94606420415,-294614.3917418496
70,10.738618266467482,32.12799434140267,17,344105.993651573,-276875.0648207822
70,10.697451678110884,32.148961458938984,17,297821.2309238035,-258456.54865236703
70,10.705479097537406,32.03702299543958,39,249576.16019128333,-242783.20951789716
70,10.693235712251484,32.00078133954582,39,209888.789157566,-228045.77450151165
70,10.680973737560196,31.94545624335779,39,158214.4191424643,-208564.55949340353
70,10.669104597041262,31.929350803516922,39,128582.77444411552,-197232.9932507127
70,10.636950478350297,31.95560556118,69,85663.52690684117,-180374.59965016576
70,10.634933595040506,31.886084460154496,69,42408.43364177543,-163913.65498675723
70,10.58054636811928,32.01965072570445,79,14792.01184323426,-150086.21746942707
70,10.582962734080864,31.947360811702364,79,-24056.140043080257,-136785.52763609187
70,10.596980551151445,31.807805041650735,79,-71785.71479142582,-118970.5942682008
70,10.57594502308782,31.821830511583325,79,-106622.72663136697,-105244.14422880099
70,10.540446872035698,31.932507959735744,79,-121951.22504435474,-97426.88970626655
70,10.52952240814064,31.90876731225837,79,-158936.58949791556,-82990.61961688852
70,10.545316314997656,31.793254295588657,104,-183238.1493253186,-74657.22325547997
70,10.518260939227183,31.809275990095347,104,-233215.1542805043,-54446.82722042627
70,10.518154565216472,31.770389132987198,50,-250524.9176172439,-47588.24100490043
70,10.504327742557914,31.7824329374741,50,-275116.9730838608,-37607.479803829505
70,10.483775874719951,31.762327544226572,50,-328016.8630674459,-16168.735063843293
70,10.473563455673904,31.75233698266068,50,-354192.91052949626,-5522.413496672416
70,10.465682252429117,31.727974226346344,50,-380036.9222943896,5003.272438305616
70,10.452433479274816,31.723703887454786,50,-410555.4453918501,17480.80148562787
70,10.441209848052475,31.71684966970697,50,-437494.3908627045,28522.021323945904
70,10.42041521569122,31.829433881470294,50,-447387.6376466673,33990.97950064444
70,10.41898344128944,31.698942679947795,50,-491858.2843729283,50877.65288680333
70,10.395166052663532,31.841546367199612,50,-503966.00604447286,57956.89220148153
70,10.40320653181942,31.68350851252193,50,-530683.1815221648,66909.18332062889
70,10.413235784726693,31.172442446177477,119,-532076.9228288551,85247.25640123381
70,10.394178394589753,31.19882180855045,119,-564572.9648435103,96796.723823599
70,10.316746076865718,32.122682272441985,149,-584948.1289894965,112860.67145831368
70,10.319137726464755,32.06493877389217,149,-609469.1489976102,117109.3009122998
70,10.328058076909855,31.849567657990523,149,-669623.5439449616,127981.61892316237
70,10.335658397820916,31.66606706505976,149,-685843.8481247219,131368.2792511788
70,10.31581405685615,31.837000047163798,162,-704196.3748351013,142129.74862738367
70,10.311907452826743,31.65771085134399,162,-740607.3232295569,154285.108955873
70,10.300252250891598,31.60105483346831,162,-768314.7525669492,166154.41198881852
70,10.289780990819963,31.730870928850592,162,-786703.4415560924,174237.04276916647
70,10.2790069242303,31.766494859441906,162,-809291.3043686299,184489.1838168564
70,10.266231986550807,31.644439200065765,165,-844912.6475220541,198153.88228208188
70,10.21642112269122,32.28494358578249,165,-800775.3799534269,229210.592634338
70,10.24220980632994,31.953333898806903,165,-872057.8423116843,220046.3068128625
70,10.238209058301042,31.638030074592272,165,-908287.9698418191,224944.67649541877
70,10.229401823360728,31.63627042342788,185,-928112.7732317193,233345.91571800073
70,10.223261139964594,31.693989187124423,185,-946389.8902194815,241424.9143426909
70,10.209723364162661,31.821236210310833,185,-979919.6731502422,258903.48468122998
70,10.193313688269079,31.630297344730213,185,-1008892.3869159975,267678.2377318114
70,10.196626007948986,31.94434355188493,185,-1001482.3499308104,274943.8115713072
70,10.161541718060738,31.470662916959967,140,-1037724.2175953499,282006.7845167893
70,10.170485251415208,31.627510434375388,140,-1059619.796926552,289319.04035381705
70,10.129309318353544,31.440363528112485,140,-1089677.7594502387,304961.1674092006
70,10.155963019304194,31.695837870002876,111,-1105210.005501424,309281.5322006143
70,10.141239079656698,31.692506733423116,111,-1139040.3580148807,323755.7628673029
70,10.120697629805308,31.62396811465669,111,-1169255.0761966696,336301.02580398746
70,10.118556122645824,31.623892041101552,111,-1173939.8909028005,338314.9862805294
70,10.112236193003246,31.685945135171366,111,-1204695.2469859943,351915.13781602046
70,10.088844308457322,31.623450173692717,111,-1238663.3476549902,366192.45997736783
70,10.084870660608726,31.67975397111023,111,-1265312.6824961733,377997.5012773686
70,10.085326512089065,31.771129741787107,177,-1287738.4325510547,389541.51483249647
70,10.081812804953778,31.77387794673756,177,-1296802.035118028,393545.7877880451
70,10.048239559550147,31.633006314699873,177,-1329574.0286308252,405524.5514784971
70,10.064741514803652,31.78723005671567,177,-1340961.6849117219,413097.593196513
70,9.781698356444052,31.075502156554947,50,-1358645.7924282881,440650.8606478481
70,9.730486491447998,31.025402832600406,50,-1364692.7106885468,447323.494360523
70,9.936118538676324,31.404459284833802,110,-1415474.1473037633,447181.87114047585
70,10.012370458236877,31.71949461249976,110,-1441354.8349601207,454952.47197433165
70,9.896179926948882,31.37373859137024,110,-1457040.6655669126,466717.13720109867
70,9.204504338066359,30.841703229517968,110,-1457505.5537881502,516210.705183993
70,9.969000564776062,31.66971186196929,58,-1512560.315126075,485412.06510660675
70,9.944752576567325,31.658015656271736,58,-1555877.118704708,504336.43876529514
70,9.972802893027321,31.803252393716253,58,-1561363.7272619847,509576.3231741517
70,9.940929702737215,31.710792985967146,58,-1590774.0135808773,520145.3198436305
70,9.907839317970508,31.640210258900254,58,-1617814.0620639313,531565.345339791
70,9.920825056188711,31.764561539456267,191,-1658627.5935588283,551031.0849857316
70,9.897680051707287,31.702580094859524,191,-1673483.836865465,556451.1311813506
70,9.904138980333393,31.783515160955787,191,-1702394.398953258,570806.5372659313
70,9.854486452286599,31.657938732444663,238,-1727582.3028489281,580159.9403936816
70,9.875313243956402,31.76893898647056,238,-1753616.347469886,593022.5930746113
70,9.845657090625343,31.732816463255087,238,-1790377.0266918635,608608.4990075688
70,9.83436407032771,31.753492132174888,219,-1823557.2440008128,623702.4280519834
70,9.794572460884618,31.67704238053458,219,-1844291.8969910063,632250.5489190865
70,9.804331346182076,31.772971857881988,219,-1889711.9516111743,653565.3595507477
70,9.786253901591834,31.756854635354642,219,-1911461.0511717955,662991.5584700104
70,9.782295640425948,31.78726458410323,219,-1936990.39278607,675015.4628683736
70,9.760127918319965,31.8016429383305,219,-1983332.0571374348,696135.5020468351
70,9.726691760317548,31.780200211747022,209,-2023715.6862066058,713897.1587797975
70,9.707995026947822,31.797173633815007,209,-2063162.3065107176,732069.4457356863
70,9.704692224653568,31.800172010923934,209,-2070014.4943163318,735236.5486171711
70,9.690139292029448,31.834886296351318,234,-2113011.0334008336,755555.9123438698
70,9.67572575142994,31.84658808153198,234,-2140667.19228651,768459.1999050389
70,9.639737716449666,31.84928527994738,240,-2190842.618272422,791501.0291482481
70,9.620665056277538,31.86734318638651,240,-2225403.327884513,807893.0323804643
70,9.601478131420361,31.885509278100965,240,-2258473.094934177,823713.7649775257
70,9.55386668539056,31.885763296302862,249,-2309695.898827343,847697.9525653047
70,9.535883455398153,31.90563994177134,249,-2337477.142763582,861353.6046373383
70,9.501872784045938,31.965217242454568,245,-2393599.251799988,890115.1364378443
70,9.470728638112673,31.99717285327106,245,-2427483.050457988,907897.8173634331
70,9.42640368687232,32.0426526970379,245,-2464448.3345777374,928553.8650354738
71,9.61277866033256,30.653091954243823,6,280913.0042166182,-409542.75172935333
71,9.524886375694937,30.723439546729796,6,26978.914292647838,-395461.2279611277
71,9.449854616151708,30.758561469146535,18,-163633.5681530709,-380105.17117116647
71,9.424849215412362,30.820792292787182,18,-289055.3573806695,-367334.92841270706
71,9.390497552130729,30.83160026530068,18,-368809.67386129464,-358674.2277432952
71,9.369113113881346,30.85791379094298,18,-443428.9479799826,-349503.2397255508
71,9.308604714080698,30.832511313315464,51,-517829.53251501935,-340563.90083952073
71,9.280661201962422,30.85021359148779,51,-588888.9189742495,-330766.61868916673
71,9.277083249016654,30.877385406994897,51,-631872.0500088261,-324417.8849709693
71,9.241680334194408,30.887758545883308,51,-703739.9016243918,-313475.9697404442
71,9.21871412833224,30.89390145712214,51,-748125.1021649068,-306320.7492259843
71,9.266326772156404,30.95907262009778,51,-764396.907665437,-302051.72737742553
71,9.210914242799038,30.94535816208264,84,-832594.6933951994,-291561.00271640735
71,9.178888104307559,30.925673174898442,84,-852070.3421167119,-288376.0325509138
71,9.159394827398076,30.942416183683424,84,-903498.7818853783,-278875.82156242034
71,9.159798981177712,30.945338237404517,84,-907091.9188270752,-278194.64689917775
71,9.130695749967344,30.959406918959253,84,-966785.9034410315,-266578.52403081715
71,9.127371236102057,30.97517090930767,84,-993725.3248731489,-261151.50295260974
71,9.119753170387352,30.97918347785494,84,-1009430.8332075437,-257924.88028737588
71,9.123223942944156,31.01232095006734,84,-1052639.2607917793,-248644.478160802
71,9.102410939931545,31.004457737579074,84,-1067824.159220818,-245525.99553648647
71,9.087566844354654,31.01204736495931,84,-1097011.9342331018,-239103.32058809247
71,9.078093718415404,31.022293182931953,84,-1123099.9669296497,-233217.72303356155
71,9.069855100194921,31.031431930333536,84,-1145915.066460492,-227961.12030198122
71,9.1597640982297,31.11551750385317,84,-1154783.0802761035,-221661.89391707774
71,9.0543272492105,31.049262777062086,84,-1189256.9432484899,-217685.756823457
71,9.046811230112572,31.058194136773764,84,-1210408.049000318,-212529.7199700969
71,9.045058655144029,31.063540402484165,84,-1219995.2368302895,-210160.14191225191
71,9.038034141889117,31.07175663513787,85,-1239371.5714379116,-205312.94013392463
71,9.105441517937741,31.14155833156203,85,-1263211.9424611246,-196447.67389323833
71,9.102870651553447,31.148573821586535,85,-1276552.8643556773,-192835.69746944416
71,8.659197305514548,30.85449246659444,85,-1214361.3356261486,-170619.41837950097
71,9.00808573065422,31.107644396564943,85,-1321370.7032853626,-183864.65330024742
71,9.011236112066975,31.12192374736196,85,-1338563.8972230137,-179132.2576668152
71,8.993503589278246,31.117769394551054,85,-1349769.6269602624,-176056.43186442877
71,8.82707169238748,31.020605476710912,60,-1344659.4499031098,-167180.0027519869
71,8.997923897471996,31.145211967668303,60,-1384390.6111390123,-166233.70067886333
71,9.052126957448653,31.187627907841936,60,-1390491.626861128,-162447.5461630075
71,9.033454330700764,31.18581197377298,60,-1407242.445208644,-158330.10630900334
71,8.778198882337644,31.03851920370946,60,-1395624.6396816678,-149064.6965618178
71,8.95120642010441,31.160224260398163,60,-1446523.984918591,-147859.38989682603
71,8.961585280296207,31.17614893478268,60,-1460024.0328221545,-143825.77072763033
71,8.735161118690648,31.054294166266637,60,-1435726.4936765605,-133333.31901846136
71,8.971704769494373,31.200837984195402,60,-1485749.6089838275,-135673.45343245752
71,9.04844811143918,31.252491692216278,18,-1486374.30778185,-131288.2732734511
71,8.947413017739605,31.199478854133783,18,-1503756.851478522,-130102.59296055822
71,9.319866846628596,31.454018343395184,18,-1402615.0245957375,-83462.4657481858
71,8.93525034564332,31.220590903986654,18,-1541945.3755511825,-117645.90640305451
71,9.029478770931055,31.275833442981813,18,-1537708.5473381577,-114928.60050131021
71,9.120793951437049,31.34942768329075,18,-1543074.514712985,-98615.27557333575
71,8.889699998487654,31.22502810501463,18,-1579416.9185539354,-104493.93895526988
71,8.900269751996104,31.240232885315073,18,-1592828.7216953388,-100162.0736118629
71,9.007421058643232,31.302975431521673,18,-1595259.837688365,-95676.30574318944
71,8.9824012457822,31.294276089165407,13,-1604816.9642787469,-94017.99061649533
71,8.97307021929432,31.303865243799738,13,-1625250.1614289915,-86909.14681238779
71,8.861131553496271,31.25454745541848,85,-1635197.4662785942,-84347.5426853899
71,8.901657835300664,31.285184515642033,85,-1651212.6089879698,-79319.79972998648
71,8.849139627478987,31.265370517935537,84,-1655593.6436252515,-76598.79946422862
71,8.887583143471137,31.296186227340705,84,-1674054.687525064,-70733.0937442774
71,9.175199537941626,31.465003302536402,84,-1633820.1433937163,-41308.531528068765
71,8.825628185676312,31.289591325225246,84,-1697734.7989393666,-60027.973786313145
71,9.17763171750458,31.487083032081763,84,-1659696.427427921,-27287.365684760956
71,8.8798164936082,31.333454010273005,84,-1726019.0767375496,-50484.46827968727
71,8.87678607354021,31.340642304138473,84,-1736690.902541767,-46177.48572737222
71,8.872758567473287,31.350406459630886,84,-1750998.703480176,-40322.158461915635
71,8.947032138890346,31.38631296206614,84,-1751761.1970341622,-37233.544375641075
71,8.868012336271255,31.36224385443449,84,-1768056.986439863,-33216.42821855136
71,8.863579288195545,31.37364543039414,84,-1784193.9569736994,-26365.14646046576
71,8.764097488856862,31.35297846934738,84,-1796892.5043441819,-16920.841561815952
71,8.87775423391792,31.394227568409338,84,-1802241.942113258,-18371.916944143235
71,8.854258945911386,31.398826898735688,84,-1818834.6106649921,-11210.547383822512
71,8.852293226383495,31.404368889850165,84,-1826276.6247318177,-7871.444819620548
71,8.848121086212842,31.41642636717364,84,-1842244.9565320644,-602.3553287664433
71,9.02373975613092,31.50910251430511,84,-1845906.521964445,19678.770542292532
71,8.869478884213644,31.44805821541131,84,-1869804.640601072,12706.622120161484
71,8.786811178009653,31.435259518746168,84,-1884619.8224233696,20645.056187808383
71,8.835607001659755,31.455365815001606,84,-1891766.6964460218,22907.08048104728
71,8.754134699749732,31.44744429569754,84,-1905407.6824744463,32570.786596401653
71,8.844866895058917,31.48129643349675,84,-1917239.6045899189,35744.99774935764
71,8.82504202722016,31.49234015297172,84,-1935970.5837760756,45263.06066037601
71,8.652741401457922,31.46769428967274,84,-1934859.5896080656,58253.04582375853
71,8.857236064988113,31.526375852240328,84,-1961382.4291724823,59588.99158570024
71,8.621274072393694,31.500111021899674,84,-1964243.6583300985,78426.58451528958
71,8.608723394741888,31.513040366995178,84,-1974808.2584079837,86308.77509229166
71,8.810974358965403,31.550296091776204,207,-1999916.9327302142,80319.63856525428
71,8.805786697976245,31.575493051699382,207,-2025732.8951497595,95547.32867180242
71,8.779957814804652,31.584657008232586,207,-2039125.809990083,104047.1122535871
71,8.264718363222729,31.76746134813071,207,-2002151.4682391863,217016.60971241645
71,8.327801978328921,31.745079601968868,207,-2030152.0989555435,208376.13547777018
71,8.637387187490097,31.635240342515473,207,-2081747.4535463308,145796.069301436
71,8.579410390283115,31.65581021563037,207,-2085425.3085543052,160319.47926657533
71,8.79104883918829,31.671846774692035,207,-2113639.1736817933,153529.07336079003
71,8.899856382586705,31.719471306675423,207,-2127445.0163660822,173304.10694262479
71,8.761219537401145,31.71193982257986,90,-2146838.890505704,179223.7598178071
71,8.748331695180783,31.73684719250483,90,-2164606.051917654,194323.59756768588
71,8.812996105056241,31.784954062339366,146,-2193337.808887162,219450.0843912225
71,8.794541640190694,31.80843030368164,146,-2208996.328909438,234009.2492846749
71,8.785495726795087,31.84480962469452,176,-2229161.2361598425,255354.4915945068
71,8.873622445912256,31.907660505969666,176,-2251598.786759025,292167.1618600124
71,8.80015260611684,31.96648320085245,176,-2277416.1973867714,323934.3042443269
72,10.09310246088849,30.904679047801803,6,1483831.4467376014,-380080.09798843786
72,10.009123815077366,31.062231449926188,6,1169823.7350710202,-356758.6315293817
72,9.969314617292603,31.136917516569135,6,1000738.8793638127,-337339.37182511436
72,9.855200176699187,31.115659092333537,6,868653.389384942,-325948.67316721467
72,9.914613323226265,31.23954265652254,6,751962.0579007135,-301018.48788496316
72,9.887327017668174,31.2685228344077,6,664055.340461786,-287173.0037700679
72,9.882849622245903,31.29913456041048,6,601007.1993684508,-274564.4030148146
72,9.736575018822865,31.243334743288724,4,540184.8948755946,-265859.61809756333
72,10.035350659902301,31.38555045321184,4,630685.7171575157,-243908.52108446005
72,9.771967040838424,31.328130813882428,4,425739.2282124131,-243923.7917315877
72,9.917908450006589,31.409194130012676,4,423312.66643625573,-226318.1415863307
72,9.75692808263152,31.374006802584237,4,323994.42987890297,-220674.8164959013
72,8.98798660133432,37.71580246841494,4,406368.3072913737,-198858.63715660071
72,9.78426233856796,31.43395931473053,4,225865.16986082276,-195299.32579781403
72,9.737221664434584,31.434312110495767,4,186753.66750250835,-186588.7318980097
72,9.615353054729612,31.389910358878215,4,205113.95696156245,-180785.04234793017
72,9.60292753422327,31.40493468496351,4,172399.6446059742,-171076.65038453887
72,9.721516053143704,31.48064449625655,4,79076.27222447371,-157542.40376852555
72,9.571211832902945,31.443283745545493,4,90035.86412458292,-145548.58448792645
72,9.714751195567995,31.499763913015876,106,34203.05151891858,-144812.8319499453
72,10.53808890846866,32.47067764021022,106,129348.0832883289,-120298.29730348816
72,9.703005984379805,31.531504716708742,106,-40715.867774189195,-122713.05446709452
72,10.509401595323771,32.43684837951648,106,71769.08346712371,-94788.74869112775
72,9.69537794270319,31.55107231769559,106,-87098.31567348022,-108488.90664359018
72,9.674781541665856,31.553902343993123,106,-104168.89488188027,-102909.89591792392
72,9.683614859472355,31.579613527486366,106,-154919.93458820917,-86929.91009098662
72,9.820388280561247,31.624335512632516,106,-137893.74054887026,-76316.72470246175
72,9.676359470507977,31.59627012798299,106,-194547.36822194382,-73911.68469981334
72,9.671169371994507,31.607763490744095,106,-221895.48089697145,-64745.6300905285
72,9.669272684356036,31.611879359663913,106,-231688.1874444979,-61427.44091955214
72,9.66321810620109,31.62472805180126,106,-262250.4057495087,-50949.83297859137
72,9.88982345602452,31.706216330128335,106,-206350.26297147138,-23126.395510283055
72,9.65174628721927,31.647934940864065,165,-317393.4967313458,-31582.31839773794
72,9.649442666872016,31.652429546671513,165,-328060.42707785533,-27767.917771401146
72,9.645059503325184,31.660833989304304,165,-347993.27761774295,-20581.92705394771
72,8.757741153621993,31.456327041580217,165,-288493.42455787986,15518.300173782574
72,9.675474759068683,31.688190701030678,165,-390204.2020771882,-3801.5185240132732
72,8.736148699098646,31.49738657446534,165,-344553.3103445571,24297.7207449218
72,8.68664127997927,31.474141004244387,165,-388140.77564184513,28023.077846916418
72,9.560433351613188,31.690949823555187,165,-438733.5821967547,15774.4547396102
72,9.526659359424007,31.7029689444792,165,-469407.32896634104,29821.99126397036
72,9.549402258822541,31.713705808270625,165,-490267.28441162413,35294.27371488083
72,9.501538420317972,31.711908711005727,165,-490473.6934703479,40028.006734438786
72,9.528626932792541,31.731065569597167,185,-530952.9077809083,51904.90326035445
72,9.519716674624162,31.733027503425337,185,-536118.2622729692,54573.757065052756
72,9.467576270036602,31.7445082059641,185,-562619.4295514657,69601.1568302417
72,8.477992162408569,31.362187969842775,10,-628540.3191348504,58816.58271228884
72,8.4803881311671,31.290634384002892,10,-640455.7390166795,68198.3149133991
72,8.46561683301299,31.5165867907733,10,-667732.6403243286,61438.29540831594
72,8.461184281066418,31.58182248053169,10,-702419.8555943138,70365.31168157389
72,8.386838138506329,31.461574229961077,10,-737211.5288814711,68052.17566516646
72,8.386654507368364,31.34725104693609,10,-739744.9704905263,73560.57874682454
72,8.342185032553706,31.413680704287987,10,-780915.3231304599,74317.76334522832
72,8.45782163548452,31.674039647108653,217,-763622.9094116247,89383.23335668969
72,8.320690255355698,31.543280050880597,217,-817862.1026016905,79874.52337488942
72,8.268974363239572,31.493967128008187,217,-853708.2662749726,82483.25466086998
72,8.246453794111527,31.472492972907855,217,-871211.9085999161,84524.80651405397
72,8.205203498925224,31.4324261240869,100,-905628.5602589467,89547.05853605007
72,8.183173937919683,31.421683816330603,100,-923899.9738824012,92302.10138135635
72,8.166655069103872,31.413628695642508,100,-937385.3447929885,94406.8898687169
72,8.108031644183141,31.47835177141605,241,-973568.1985633037,98210.8635117654
72,8.077309825555187,31.552010330133996,241,-993778.149353942,102531.42800674235
72,8.042851476443092,31.478658558856026,241,-1011738.233993358,103797.99283255477
72,8.001044200210531,31.4936318566538,241,-1032101.3055775461,107021.26358444054
72,7.964249251027869,31.522135439907718,241,-1047383.7870288866,109926.48926447684
72,7.899926584870751,31.557713935181457,241,-1070207.0366507776,114954.4138553373
72,7.88371750344233,31.483380330967602,96,-1078714.9288564175,115084.46805246256
72,7.802792986422627,31.444396083234246,96,-1104493.7220940313,120530.20239219254
72,7.663972564454416,31.40010518616086,265,-1129187.414150322,128209.40950950893
72,7.709880598177865,31.322897664080074,265,-1142718.765478232,132274.85296208505
72,7.6501681180731325,31.294991190737708,275,-1152575.618918197,136478.29777069582
72,7.69517631858698,31.217255671747264,275,-1174297.3344903872,144812.86832041436
72,7.681470886224987,31.177037607437903,100,-1188252.2132273505,150782.63387074514
72,7.584581701729887,31.129791389601746,100,-1198572.7051903843,157570.94120963584
72,7.513766094379179,31.007567017132985,239,-1226951.4933077772,175006.92763711826
72,7.699765718991205,31.060441507277936,239,-1234217.6616742387,171265.37903361322
72,7.668378943335405,31.01653742254979,239,-1250899.8713328918,179233.47095310438
72,7.595988436451928,30.931353669269534,239,-1274649.612208219,193116.75241869455
72,7.636001872096003,30.894264505751718,239,-1298982.1921077706,203291.7986307841
72,7.721139960426017,30.921250930004536,239,-1300485.1381442982,202303.15312016747
72,7.6859233646651175,30.847991388456343,239,-1330451.883291295,217256.31278385193
72,7.695792003374026,30.83884397212277,239,-1336823.028325646,220182.90239525723
72,7.747158343906108,30.816026059773588,239,-1357865.8774054402,229966.1316375935
72,7.757556818011732,30.781593069447922,239,-1377831.425152955,239713.14932282583
72,7.4979933998684825,30.487309898925147,304,-1385565.722360305,267840.35639164795
72,7.777165405356294,30.723863611411517,304,-1412447.211833343,256739.1740300886
72,7.6598561642883745,30.56264659557283,304,-1445104.0800062162,279340.4087430985
72,7.81337724498516,30.63410077545743,304,-1468625.1499254256,284692.1063591888
72,7.686238596544904,30.528187124721228,310,-1468953.1762593787,290644.1800499565
72,7.757130585357064,30.536386134677578,310,-1495366.4497260118,300164.9888100219
72,7.8554241796551665,30.547754276153068,310,-1524491.5622052716,312900.64746296155
72,7.8018389397504055,30.454318754219017,311,-1545158.8554700352,325523.4526484949
72,7.895475869225069,30.477638402322533,311,-1570334.7358365767,336419.87174554565
72,8.501997892810829,29.635493259453533,324,-1566373.837248271,417637.07370172755
72,7.9553740084433295,30.43471978039251,324,-1608522.6467252418,356550.4110012713
72,7.986893078156157,30.391012623958474,324,-1636815.6781402538,371609.07409974316
72,7.992935965120259,30.340267428424728,324,-1657755.4911828807,382767.19432470546
72,8.043717225917405,30.30555191127889,324,-1684922.1086870343,397963.4926782582
72,8.102758678689277,30.219226567217778,324,-1723493.3602098485,420701.35755135043
72,8.148966846508127,30.186143450381902,324,-1740278.617150101,431652.08944324503
73,10.03878239876853,30.569586922675306,5,1512460.2860563926,-371144.3403213177
73,9.953771199094124,30.586926278384013,5,1336593.541332572,-354021.7030529885
73,9.894709269591202,30.60524119152569,13,1212269.196347244,-337999.11885739875
73,9.85181959366615,30.692067365130455,13,1117180.9070716393,-324095.74868476467
73,9.830611776918438,30.61874928119576,13,1075863.6164053013,-316470.3300821126
73,9.789720733399593,30.724089049695312,13,987385.165299637,-300729.471503
73,9.765514312273408,30.632468107830817,13,935878.6129558912,-290283.27650036715
73,2.1005324342015297,40.09595174990979,39,775521.51920122,-282768.2133268277
73,2.1376119934619355,40.09276335860095,39,746810.7073613777,-276405.58744640637
73,2.1881051803970264,40.088421558385654,39,695621.4407864665,-261791.62098354253
73,5.250258498266672,40.68107885446057,53,635912.5113639458,-252905.57449258654
73,5.276321841910392,40.5794768200073,53,617702.4082656088,-239626.5231786228
73,5.222695654075628,40.788526351735285,53,585174.2598996293,-239008.84248981994
73,4.505575639365679,40.42570886329372,77,507582.1941213479,-226705.04096634337
73,9.028806336701347,37.81452414385124,77,459134.67483793135,-221007.12049752794
73,9.032189564289004,37.776065873520146,77,441679.3856046765,-214825.50124449303
73,9.145681817801977,37.75176899258863,88,414538.52578372526,-200757.97916632777
73,9.144058321303952,37.73293639366874,88,403812.9321907059,-196017.75922080025
73,9.14112899918375,37.69895618572618,88,381707.9631662609,-185604.55574553148
73,4.390390186856623,40.40291486332181,98,346342.8498417486,-179354.29329700285
73,10.690068420214715,32.6255141264999,98,271316.9373086734,-173186.78800007215
73,10.636016577669277,32.55495767510698,98,243435.2168099199,-165307.38188986405
73,4.384270679303699,40.27154985449271,113,288087.49133928353,-149774.54518763922
73,10.619848984614402,32.508944067696454,113,207400.50801972198,-152066.08408102923
73,4.4594389657968545,40.20407770005681,113,277337.806467752,-129126.70824924589
73,10.814956308841735,32.68683042300534,113,206329.51516289066,-136083.32216008563
73,10.60183289184993,32.448143314071196,113,148921.2535082513,-129524.45317663022
73,4.302297997616406,40.345129733672664,113,179050.28478442036,-118070.6204041127
73,10.772196542259897,32.82383337074914,113,131046.10282580343,-110191.67634714553
73,4.28187013745172,40.42123338538904,113,136035.6053266288,-101978.30016471368
73,7.9802177892763835,37.043775083153285,113,140644.73829920316,-86893.89374047946
73,10.583467119997128,32.35957525718641,113,57031.5316529964,-93058.395029284
73,4.247411534714669,40.39439662632271,113,79413.83903808818,-78579.89594398948
73,9.470125779163311,30.22225087925498,148,63367.82093191751,-71935.61406923589
73,9.462095655054018,30.250514172119924,148,52975.08736004442,-68979.76770208398
73,10.871463665319961,32.86367999769284,109,6255.444740658691,-61275.51435324001
73,10.876156747418394,32.870065290145476,109,-3568.480550488335,-57439.816311426905
73,10.58561464572507,32.24729215006914,109,-38972.332741366175,-54265.8817454813
73,10.4797610961442,32.35732233492182,109,-26695.760823408447,-47418.6309775231
73,10.565694691563108,32.23288637740136,109,-65389.59409162278,-44394.47580455083
73,10.911825099792928,32.91859477597972,109,-71823.81374254079,-30869.03811704611
73,9.415218340920456,30.130529747923884,192,-90815.18444372754,-28872.429567636307
73,10.555290311112833,32.161414308248105,192,-122316.48118775788,-22191.664199277853
73,9.394966956179909,30.136957777272606,192,-135937.83091292976,-16007.23909118479
73,9.389956980512615,30.092362799040494,144,-154193.86453470693,-10870.427710432547
73,9.380025414743184,30.078101361102235,144,-177845.35488019115,-4105.127947574603
73,9.372466049716714,30.067535150572706,144,-195383.42324270168,928.6950668359409
73,9.347613809291685,30.313879152084937,144,-204297.3423793755,7844.169031354217
73,9.333140405046885,30.389596100816014,144,-212314.79521093867,13915.264379119255
73,9.34992719900697,30.037518212216845,212,-245382.42050492426,15363.038664910075
73,9.345396636013101,30.058276635667973,212,-253862.21803342857,17858.86525550149
73,9.329666751972285,30.130348824973847,212,-281988.1944060982,26746.88731469054
73,9.32446267077241,30.15419321724191,212,-290733.5007143995,29744.049881395116
73,9.316064672888535,30.16200229640924,212,-308096.99605326715,35145.99315758829
73,9.298163576435885,30.332091061521147,212,-314093.4300619978,42964.59884117114
73,9.293178017491199,30.297535243654917,212,-334782.69744841097,47819.51027268624
73,9.278954546757264,30.362705252070914,212,-348332.6625454134,55687.618149170725
73,9.244791662052307,30.519234943408858,212,-356929.8593265162,71611.35613340391
73,8.538561340712828,32.070060482866865,213,-351629.3351966398,90892.95418577942
73,8.19800741792261,29.06649493106835,213,-387958.0451217868,84361.95397042127
73,9.251143432642538,29.932491967394125,213,-429826.8873454823,69838.37590340376
73,9.2524688298031,30.046610289933813,213,-440194.1447840159,73676.83572178317
73,9.237148118909097,30.271879445300666,165,-461713.96785176045,87275.43251359582
73,9.23181284436582,30.273849518096185,165,-472479.4434624981,90883.89540803041
73,9.222826791731581,30.27716765621452,165,-490452.7989218682,96941.8481315811
73,9.21614031319932,30.326405233481474,205,-494624.9299122535,101284.40462039917
73,8.043600375015828,29.888488645070733,205,-487549.8310657946,125657.76235478533
73,9.166493240571349,30.542381331461936,205,-508628.05325938144,126777.98842574097
73,8.87250456526369,29.319768218025427,205,-557626.5243747844,119057.72006698718
73,9.177705698181335,30.045174737916835,205,-574443.9983142057,115924.74196155253
73,8.116617650314678,30.169195401832972,205,-549681.0576003551,157153.50783996412
73,9.152696735387174,30.041719541484625,205,-615263.8998660533,129078.57453107528
73,9.141987276676373,30.39037858753065,205,-623532.851977069,150296.9858877189
73,8.169635847871094,29.905901495004795,205,-614516.1094527529,164493.11528225697
73,9.126108951833421,30.03804621781937,205,-656365.9715912233,142504.66660939387
73,9.125203390371945,30.222583927802305,213,-677510.0973555221,156597.97524461607
73,8.995964248811058,29.722657327004526,213,-695900.1585502567,154445.10127403896
73,8.96320618187551,29.695720266182906,213,-709831.691132759,159566.8420805835
73,8.840222111690085,29.59459008090083,213,-728456.8712246914,168834.70711270743
73,9.080461688382549,30.317805302850875,37,-743760.8064555546,186358.40194768197
73,8.307353093561593,29.924928279117353,37,-746043.2934048814,203612.73162012917
73,9.055588157669112,30.31526813744567,37,-781515.9485841866,199743.26859047043
73,9.040512608219439,30.249465785029205,37,-806502.9528865935,203724.29885666972
73,8.351309654408581,30.24342988196497,37,-795545.8446193897,236656.91345901228
73,9.01994834845426,30.260110358337617,37,-833555.4149570133,214377.21907071292
73,8.99114641320546,30.30869491040414,37,-866388.2828744664,230593.51958464732
73,8.418200700236591,30.250252944173056,37,-858967.6330160999,255620.80759393622
73,8.467619487799647,30.05076440172012,222,-896442.4808854739,252500.25990699226
73,8.798868916892019,29.932327995421094,222,-924054.8731140982,237939.3088950354
73,8.748318811428858,29.95040190681016,222,-944744.6309472669,248018.93158616728
73,8.636491049090864,29.99038530642556,222,-957921.7380541404,260354.22521885042
73,8.865618115345733,30.29589069461457,222,-976393.4440505711,273508.6522159659
73,8.778716551321345,30.126702089509827,62,-996497.1602131971,272619.7700378512
73,8.72943641769054,30.24881247193192,62,-1016714.2210376449,291456.86114218197
73,9.424986058699899,32.78940050252839,85,-1036135.9551802289,433488.87497207563
73,9.26948073854601,32.56538268817057,85,-1047925.589100991,438456.3274721501
73,9.358986023392255,32.70256182088675,85,-1071940.549765201,449081.3700847096
73,9.432143355117358,32.712441990713046,85,-1100544.3713809135,463486.57290668215
73,9.77377269342942,32.71771140608023,266,-1129771.9210294278,482344.8696281985
73,9.6273886600778,32.62770187539181,266,-1185960.8569689328,509803.8985307728
74,10.039058762099625,30.991151643095648,0,1657542.302069753,-322403.29407001915
74,10.051439965979334,31.03623927406329,0,1626148.1136556435,-318658.7898974917
74,9.914316269998503,30.99886680716048,32,1343981.0966523543,-298889.55791360565
74,9.856161368798215,31.017225649822507,32,1187993.5063502195,-282599.93215812976
74,2.112684141098131,40.125659035294845,32,753765.7741277557,-278889.91190780984
74,8.840682322147089,28.82815302394168,32,368379.1848772906,-283153.75049749337
74,8.7855427999597,28.912813551430798,32,329561.5086138949,-277432.7507260277
74,8.742646275149474,28.978676335035303,32,295116.63348852785,-270533.801403827
74,8.72508581277208,29.074778400132335,47,249762.23680752475,-259118.92946127075
74,8.694684222222978,29.115867434046542,47,221998.4270742366,-251555.26249618712
74,8.676620297065204,29.1402815919911,47,204999.9476914482,-246620.0090695565
74,8.634989304079642,29.15965734978717,62,185542.33113268655,-240710.8239245914
74,8.61842452580827,29.205779026600492,68,156054.25455142325,-231171.40967340668
74,8.572270021746029,29.230254417863822,68,133800.3663861513,-223227.23863783397
74,8.633843265820966,29.274464371402548,68,115921.21254997408,-217615.76332599606
74,8.507555510938474,29.264572043079646,68,105191.08239577056,-211717.67915681514
74,8.45758923380432,29.291068789338283,68,85476.64610465289,-202695.52500941945
74,8.428405386785354,29.306544767010905,68,75016.8866334567,-197428.9833369213
74,8.668335988186708,29.366222603997745,75,57537.49263739828,-196477.28961092117
74,8.72707765842066,29.41422239920044,75,32980.84772394735,-186036.53536812347
74,8.654699257284431,29.410576787407365,75,20582.69485424487,-182776.3629356333
74,8.464386707422939,29.407239356400627,62,7665.396634128386,-173424.52682685765
74,8.456237231432873,29.41906604402443,62,-745.7981481398597,-169678.71668924254
74,8.44080609011037,29.44146003454879,62,-16506.65147311804,-162504.50895735447
74,8.457932496516987,29.462429049028984,62,-32813.58272522211,-156871.80991294154
74,8.683220467585667,29.511185611548395,92,-59404.92283004265,-151317.26057140314
74,8.642888983500283,29.511190758010308,92,-65651.62088264522,-149133.36599919802
74,8.645242776977659,29.534285206729365,92,-85914.45780374386,-140959.70865956735
74,8.669791925142995,29.555603268662438,92,-102036.08378068343,-134293.57629664903
74,8.680646126787193,29.570303671092756,92,-114102.42021224469,-129240.13845881767
74,8.72511381052414,29.591236382140927,92,-125932.65966229762,-123392.96938084571
74,8.652473859557233,29.596169501769126,92,-142302.0777019682,-117765.62220101012
74,8.653982530987257,29.607896080915765,92,-153314.14562198764,-113162.99271736875
74,8.311943405411618,29.628468220124727,62,-133277.1798110929,-101109.77149022801
74,8.300275213521475,29.64540134082936,62,-141976.91455118454,-95676.74098680928
74,8.65883084056472,29.64363654426131,62,-187474.2542487411,-98741.26839288778
74,8.271874492826523,29.68661705241125,62,-161458.65910227704,-82737.42235572434
74,8.256726711233176,29.708599825452918,62,-170803.49343156398,-76037.48864437961
74,8.66313799961543,29.673417298773476,136,-216580.58896866615,-86286.34255599302
74,8.522752759317347,31.466402314659604,136,-81557.52907927653,-28426.203453720784
74,8.690466034429663,29.706473262313544,136,-247319.7273150549,-72850.48873781314
74,8.697524176059401,29.715868047017725,136,-256169.81581426362,-68916.03875616597
74,8.671236338444741,29.725707584000272,136,-268921.2852960831,-63516.68325359099
74,8.69286173360182,29.743665016415637,136,-285597.5003949512,-56074.9936613264
74,8.726731887959696,29.751925828163888,136,-289897.3425054075,-53577.2555338304
74,8.677613893756122,29.76430999979639,136,-308391.6491257589,-46036.52637298297
74,8.679512522416372,29.77544937147473,136,-319885.3436857348,-40896.73934106279
74,8.679607871927898,29.77600556797748,136,-320460.2834259849,-40639.04823420164
74,8.682170758970958,29.79080631063748,136,-335792.71464585664,-33746.27386190146
74,8.776205599390634,29.81300258300709,136,-346345.5862752446,-26657.728049539528
74,8.685365622213483,29.808923750910093,136,-354636.11693042086,-25220.27369642684
74,8.954260833556667,29.882598502171202,136,-351117.0971959918,-5103.629154767745
74,8.68908178945587,29.829576238874278,136,-376190.58967650495,-15392.769613594164
74,8.709175705333779,29.84286215863633,136,-388976.62239235686,-9436.131032317768
74,8.69304434769121,29.85115034556134,136,-398755.62228098884,-5017.649708272713
74,8.696582664134636,29.87006598026283,136,-418548.39365963824,4157.510695325533
74,8.69885937568762,29.882079236772093,2,-431108.4030140975,10016.872703097211
74,8.700885346159222,29.89267150088043,2,-442168.44102159794,15200.800851902248
74,8.701585768749363,29.896313648979834,2,-445967.2599585721,16986.671308585126
74,8.740955832252002,29.916898247407893,2,-464979.5746166236,26360.798957610878
74,8.719567087872719,29.918158289154288,2,-468086.26550310757,27499.330485294362
74,8.707707801135827,29.927746960585072,2,-478622.42614441493,32454.162099172467
74,8.776712677080596,29.94647360984927,2,-491474.3054714869,40019.81912039274
74,8.71251902964093,29.95200248624682,184,-503592.14190674655,44427.917383257394
74,8.26565895401109,30.2121588435589,184,-462192.87505275535,91876.28644602408
74,8.749033702483645,29.98287887362589,184,-533315.508773327,59174.415183233046
74,8.720318230024896,29.990664583589226,184,-542771.4819918531,63494.77078123742
74,8.72288573691999,30.003252684775266,184,-555316.181019952,69678.01544889805
74,8.725370383719547,30.0153853313655,184,-567289.3500443057,75617.91220969416
74,8.65668588363346,30.035456405892237,184,-581208.6670765505,84398.8105518439
74,8.731447912430989,30.04492257654121,10,-595885.4092156555,89968.42652837181
74,8.73203271550189,30.047757447653666,10,-598584.3315704212,91335.64202884279
74,8.734841905720362,30.06137576007003,10,-611426.902031986,97874.10669731535
74,8.774176003032279,30.0789635141091,10,-625643.6486171412,105684.53701903303
74,8.836822047964596,30.10385641231356,10,-636903.741761989,114712.50220287027
74,8.810469359531677,30.10787797916801,10,-646822.2111407495,118051.90836315305
74,8.746220042485907,30.116853942643694,10,-661334.5787664788,123873.88631775015
74,8.87194514553096,30.156854972141222,10,-672195.6327889787,136213.78917188518
74,8.763779496324576,30.151398850417266,254,-689817.9454958326,139293.48943068826
74,8.756496860123004,30.168626956318274,254,-703640.5181178735,146884.00838417976
74,8.723415728727055,30.185600503327496,254,-714896.3080233318,153831.575602147
74,8.796183350171196,30.206169700818208,254,-729079.0292181696,161903.05933693858
74,8.829893162878934,30.238058610220143,254,-745138.2445600699,172951.01196615514
74,8.886992793003563,30.292073889026778,254,-758514.8604948346,187163.88360386863
74,8.913970344020749,30.573330503237038,241,-758357.5002234143,229489.98194226768
74,8.778806608212758,30.308056497335794,241,-789457.9230885409,199622.97181694634
74,8.813540912703804,30.376226469403022,241,-810452.7011150555,217903.33772087708
74,8.772729281275781,30.40112869709936,241,-817269.3965979744,224814.775709676
74,7.457915770834883,34.3447241384487,241,-805862.3447861468,296229.4065318917
74,7.231999443759743,34.3596140752799,104,-827771.6949837932,306983.26323338726
74,7.3501127455946556,34.121253039999864,104,-856031.1402793013,319683.6779639467
74,10.020128755583501,32.67584774650537,283,-856766.4302867968,366034.0696018202
74,10.017992230340067,32.60025084994194,283,-891551.1862588448,374937.739166775
74,10.00364841139209,32.52509852557262,283,-915476.3669362159,384508.86625073315
74,9.866911549409277,32.34792582354819,179,-927014.0242026437,407724.34575884754
74,9.94321451559198,32.44495394940653,179,-952304.164997399,409181.2454221212
74,9.871025440842688,32.433836055713506,179,-999458.3359373013,439308.71402315
74,9.925026312881336,32.534510486464725,179,-1004847.8535713758,435554.0557852669
74,9.880312730383944,32.62778215603973,179,-1035814.6256228955,460411.3640108746
74,9.819018595539992,32.557725948192854,179,-1074602.5537269774,482484.91700107395
75,7.67062248087019,29.352566426050057,5,1980355.9516915972,-1015294.3941638073
75,7.529074922645745,29.33479548041888,5,1920376.386595478,-991604.6301454513
75,7.497677008445583,29.343049704735986,5,1893737.3783885888,-980020.1367775559
75,7.900311793158486,29.508054130348103,22,1876414.7516541767,-952585.1016169644
75,7.958984820344843,29.507888696623503,22,1840071.2856445478,-931539.2755603687
75,7.983645147512136,29.50781916467724,22,1819535.6817951584,-920125.3139098402
75,7.484773413858263,29.509225777101296,22,1745272.245540327,-909527.4468735482
75,7.337690805832669,29.413028881218946,22,1696364.2242568424,-890247.1496266733
75,7.405836858169207,29.50944834561431,22,1669865.1782673628,-875769.613998707
75,8.107259260038594,29.281583267670218,22,1689588.1845721002,-841264.425647883
75,7.218198011422751,29.38356344978534,22,1590990.1703369487,-840915.9456643885
75,7.2147979116198,29.43654616401925,22,1538153.112834642,-816285.7527621926
75,7.252766582367815,29.509879940625954,22,1502823.3325369444,-798974.9357813164
75,7.165931619198491,29.449546434982786,22,1468121.2858594917,-783208.4872677911
75,7.161314542598149,29.463040111527516,22,1448581.3480503159,-773964.9727814409
75,7.168877263981183,29.510116473885965,22,1404921.1173050634,-753085.9144671559
75,7.14604910634953,29.5101808398702,22,1377951.8937785763,-740350.3518234175
75,8.224491730843965,29.48885919154846,22,1445362.581840845,-724602.9993340785
75,8.241514478891872,29.507092079575337,22,1400788.1487654925,-701733.168048773
75,8.254095126858994,29.50705660733961,22,1370606.7115197442,-686359.9536309681
75,8.261398272327906,29.507036015483113,22,1352683.1551024178,-677241.0139377246
75,7.051310672454171,29.531504106889724,49,1240977.4281356225,-675145.5950905785
75,7.034030681590801,29.544281946957696,49,1205305.8861723454,-658088.3026656802
75,7.0036900345063575,29.534120657580832,49,1182332.0817491463,-647043.4701287898
75,6.985094982516098,29.535142376277452,49,1159629.3898590615,-636124.064350556
75,7.065319037625219,29.62801387356093,52,1132116.8489114947,-622512.0078251967
75,7.009187489225718,29.599563078676145,52,1106547.2825627772,-610721.014210667
75,6.8818665415860885,29.490579229867965,44,1092676.9057462392,-602905.1036301511
75,6.835880286256628,29.485718915353882,44,1046797.0381319883,-580261.1502031827
75,6.809128073572619,29.482891458178685,44,1020556.4482738852,-567239.3454288768
75,6.937646659816939,29.621576957843438,68,997766.0216754636,-558524.3905859585
75,6.927950761954506,29.622604722326766,68,985848.8185211065,-552787.3657373668
75,6.893654394344065,29.626240134852498,68,944196.4380980694,-532686.8904878525
75,6.88422769227132,29.627239364601284,68,932891.0935913566,-527217.8137628313
75,7.108859641680746,29.810404562034932,77,897857.6396169228,-506107.33913118567
75,7.0984138151781835,29.80593123929734,77,894461.269220226,-504855.1602592572
75,6.95516078364289,29.744584533697815,77,843316.0618589362,-483624.904088214
75,6.9156396813824825,29.727660009313556,77,828023.8169339247,-476629.6855223762
75,6.8317267456625945,29.69172511768558,77,794413.7847426725,-460499.8897772316
75,6.854691085490624,29.722566832050703,90,774821.3123391715,-451129.87480046635
75,6.8373105431892816,29.724012772252134,90,756037.6017930808,-442056.53780964756
75,6.825502247434488,29.73963198720825,90,723308.1116563694,-426259.31526701094
75,6.793493891643271,29.727658012824275,90,709818.5556994225,-419634.75062299776
75,6.766076696635574,29.729938932704965,90,681747.3149064523,-405946.4026320813
75,6.804192395959008,29.774579579380745,91,655315.6075704431,-393429.1939296272
75,6.798965063401343,29.779679711937472,91,643573.582969267,-387754.8791573192
75,6.789960281695295,29.788465374574898,91,623461.5100226307,-378033.62831130007
75,6.596300339087009,29.67764794336578,74,600463.0335347872,-364025.7469451723
75,6.549389052995713,29.681200203001506,74,559309.37871459,-343232.30683201767
75,6.775949974791608,29.838998181791858,114,540914.1475500698,-338146.7003791917
75,6.75863588392618,29.841094905726624,114,524096.3647994913,-330004.02537008526
75,6.724397517481963,29.845241147245673,114,491726.96204280964,-314265.2153000684
75,6.714986757613947,29.846380783488367,114,483037.3093602255,-310024.39510983694
75,6.687674387412374,29.849688291850306,114,458325.58506765356,-297925.686597458
75,6.733164235602375,29.900481593010326,121,422181.48704620556,-280714.1243910432
75,6.727460099440941,29.908052854643035,121,407640.3634607116,-273676.4074186553
75,6.710905274888377,29.930026542581707,121,366030.39189892064,-253532.28134038972
75,6.661722842002538,29.90913002402716,121,361771.4086444744,-251234.5960165286
75,6.71457796333264,29.957180723074245,138,331093.75913694367,-236633.161805778
75,6.70570764804514,29.972197097485378,138,304910.2686398754,-223956.80366877338
75,6.698086291716184,29.994842168184118,146,269463.58171394566,-206793.53622956702
75,6.694447446227294,30.00161716306141,146,258167.62096198753,-201323.26863185552
75,6.686973550889876,30.022032133203343,146,226470.6782190917,-185971.80420209144
75,6.673515042271537,30.04059021921418,146,194597.63217094558,-170530.4493780941
75,6.57881507639627,30.013828458069895,146,181477.03819799266,-163621.10923093505
75,6.656011838032244,30.073178610070432,146,143395.81759503705,-145716.98927440986
75,6.488287476861361,30.027225067021835,148,125742.94401090157,-135488.77359717127
75,6.44149639680323,30.028448016255822,148,106211.67215021755,-125183.54675833971
75,6.649219757088967,30.128779387165782,165,69650.42233261114,-109976.00172412484
75,6.603289895633702,30.141625371860464,165,36301.26429998499,-93718.73167857945
75,6.585355063206591,30.14664151115548,165,24015.062627081443,-87681.10060061564
75,6.6300532857668335,30.194844028419332,174,-17985.54947471462,-67462.85734379012
75,6.6252896016905165,30.213048741589,174,-40875.912179311366,-56350.80283472324
75,6.592736288947577,30.23095596855984,174,-70527.39970647401,-41911.887796243755
75,6.566153716563707,30.256680124963868,174,-105113.7998825972,-25027.940614615734
75,8.686723810204624,31.56704735851627,37,-123276.05197922952,-12546.05000211874
75,8.62685116342308,31.347309085018686,37,-158088.22520087758,1006.9038054407688
75,8.608181316796097,31.278788983022082,37,-175951.3214272313,13491.497333897238
75,6.626844418135229,30.369843552193355,199,-210516.5112737403,26234.023136054013
75,8.784176753428701,30.266639431705205,199,-248142.06548299617,35206.85065912102
75,9.085917878949529,30.170332901305763,199,-299763.7651736335,44547.60359971888
75,9.084715045683673,30.22334692554181,210,-319492.72086269344,48191.40099844065
75,9.039610537052688,30.288078711647117,210,-361303.0435268165,58777.216798222784
75,8.954136861122821,30.344874114309388,210,-394808.4707653514,69412.75208419273
75,8.97354753771383,30.406685670047334,210,-429949.04858056095,82263.82414825581
75,8.89218764536571,30.499652839851926,210,-467708.69956211105,103298.70671647406
75,8.927010875003322,30.571629613981187,235,-495825.72035185876,120647.76714664669
75,6.622288839819849,30.899734928088563,235,-514272.7432160878,179524.28736632937
75,7.590923416168948,34.81590280059208,235,-562591.2844628056,207604.81181725144
75,7.321767731100554,34.93309380701445,235,-597926.0099472698,221060.26661867634
75,7.552732425816347,34.66523305272144,247,-633919.4499994183,232375.9314246029
75,6.922856856010248,34.79772893145633,247,-667765.779421327,256758.32398284963
75,7.056218948403463,34.610979974246305,247,-715536.5205728078,270266.74663868954
75,7.350786479355086,34.19849260061578,247,-755529.8455093565,282149.0414302804
75,9.950098974474445,32.836255606616724,247,-805489.1678094186,372444.8394688128
75,10.049121949116564,32.60645187217653,247,-842453.2370366695,350030.60337442067
75,10.026136504213694,32.523905933821425,247,-887804.8125854791,370033.19616682286
75,9.894390508625552,32.714162297461904,261,-981931.9052667309,442705.5746155069
75,9.879655839278458,32.67970709661986,261,-1016157.5788519741,456680.1258511369
75,9.826285256742311,32.554906594007804,261,-1075739.6105737963,483223.7709232789
76,7.852914798888317,29.447100648866765,2,1747432.9154454796,-871327.1446171628
76,7.994252008324359,29.470287406301786,2,1697943.4285380384,-847280.3044573445
76,7.767128521330034,29.535708967434214,16,1667226.2069571163,-832507.5128064058
76,7.710687321386963,29.539991703731683,16,1629156.0038800866,-812966.9690283053
76,7.672027780020698,29.535124990265544,16,1603457.7721012225,-799484.0707817138
76,7.676850283897305,29.569931765060552,25,1575551.3875772282,-786156.2523203468
76,7.848616142067198,29.69112099298557,25,1538855.6307105983,-766992.9059744222
76,7.872191230626646,29.70775437293211,25,1523221.5022759878,-758230.0995027866
76,8.169507764205218,29.538179823999084,25,1472409.67269131,-733737.77344555
76,7.683999527952209,29.69255109752905,25,1440288.5743834423,-719262.7824909476
76,7.963691364161793,29.772312199826857,25,1436307.8005685122,-709070.8288439861
76,7.667922165257833,29.71907588395392,25,1390008.9617948043,-694120.7268426395
76,7.658748477694605,29.734781740346268,25,1359360.4903015858,-678811.7669487046
76,7.521014671293962,29.64130207583243,25,1335829.0510219692,-664461.6460469331
76,8.041897822302783,29.82749068746019,25,1328479.51093082,-647979.8953207557
76,7.306944407442863,29.308945047152392,25,1313465.9849165573,-636416.3392978664
76,8.07182104448053,29.848602986676042,25,1279196.372668955,-620182.2865836881
76,7.625874925914668,29.804810023034385,25,1221580.9067200795,-610174.6558757845
76,7.2462368856115456,29.26611291637643,25,1244408.9697131878,-598503.4393908941
76,8.108303393433966,29.874343071170507,25,1213371.4392178487,-583260.7520349233
76,7.613938371395472,29.841029632083643,59,1150894.4779448227,-575091.237520341
76,7.611366102909504,29.8502419874611,59,1132997.5391950822,-566223.5714159496
76,8.33781669987301,29.526650137658695,2,1111270.0592930112,-552869.7225813776
76,8.344367747056284,29.52772485494362,2,1093465.3719504897,-543977.6429811625
76,8.163048649240181,29.912680499755794,23,1103998.5518661242,-522608.65222495474
76,7.104576713477295,29.165809745207817,23,1072758.738611021,-506151.3405772545
76,7.092164186770149,29.157051314422468,23,1057374.8951124174,-498002.7272929337
76,7.20814305885174,29.532276452153962,16,1016317.8174176879,-492094.8120108746
76,7.595298252768637,29.93467271389311,16,970691.3617574902,-486092.4802044592
76,7.175902906180818,29.532078477744765,16,968655.5827563419,-467265.96877029724
76,7.592787208661644,29.960579287964105,16,921570.8039713808,-461945.9535440603
76,8.411916424093913,29.539668362583694,16,897453.3205371288,-446275.62305655266
76,7.5063430291896465,29.94564337175298,16,866706.0752510751,-434187.08664375095
76,7.590921399224388,29.999436808107117,16,848571.8152850796,-426150.62148980965
76,7.09435327829673,29.531577712764996,16,848498.7021053411,-405013.3341200954
76,7.082225957602054,29.531503243541035,16,830766.3247580542,-395876.67315836967
76,7.064289019651801,29.53139309968627,16,804637.9658245059,-382441.5528918655
76,7.888993514983202,30.12959236148358,85,767663.4746344358,-376703.4531585257
76,7.591856358533609,30.052381380777526,85,750588.4252086525,-378267.1454977679
76,7.399604641094666,29.968230365813348,59,724914.7952357962,-361903.75965333305
76,7.384090394622341,29.97687452970861,59,696532.0257109533,-347495.79868198617
76,6.821852766364869,28.976866572150676,24,729818.9144790085,-329578.7456129978
76,7.596134488959693,30.10099900506647,24,662382.0776932746,-335312.07534351636
76,6.772035692979641,28.941804745740196,24,674721.5340553785,-302073.25603399094
76,6.75448455826441,28.929452056252924,24,655807.9170592371,-292692.3548449311
76,6.731313439907424,28.913143957957242,24,631256.0911608358,-280561.9912873289
76,8.510068705622423,29.561927939885702,24,579991.7163699463,-288770.79944669694
76,6.699590964656905,28.890817316808665,24,598440.5730954241,-264432.45001254964
76,7.433689485093543,30.107383276516547,75,531635.2545930763,-268927.86890568933
76,7.611513112719226,30.186009469648422,75,513241.1667638587,-262966.2511866085
76,7.398211524797521,30.124996301801865,75,478833.128154257,-241977.71133077578
76,7.619312887474557,30.215552912401538,75,463259.25226543477,-238787.12944381256
76,7.624973066813817,30.234360702346606,75,432020.2924077743,-223688.56457503635
76,7.385004065829611,30.15946328636564,75,418182.1410049763,-211866.2885882097
76,7.634890060322452,30.25349600871913,75,402587.7863503005,-209469.77993156775
76,7.37208944666327,30.173278377280933,75,390330.50246259756,-197733.61820204786
76,7.640895642099264,30.279534877447123,127,359054.38905025827,-188454.63242582735
76,9.493374608112694,33.78827982487538,127,325409.60696062003,-171326.45578576744
76,9.29911403765936,33.85016349568437,127,309725.7086562633,-151319.36525843377
76,9.630845755919967,33.74448699941015,127,287654.5219110628,-159298.97356173754
76,9.532300928113646,33.68298701907552,136,251193.0046071204,-142334.07761268123
76,9.603297716051385,33.6712051754832,136,240124.67114536144,-138345.26266976463
76,9.669387451624429,33.66023765215999,136,218233.77951252088,-128310.77648905695
76,9.878508605339425,33.88359585928906,144,191387.01287975087,-111942.23763296305
76,9.875342563866601,33.81169779313076,144,167688.6336575251,-103319.55760054619
76,9.872395348227272,33.74476907256974,144,140408.30156980682,-91319.20055986881
76,5.321452465224994,30.81610811243005,1,99331.11739036356,-78478.8462646823
76,5.384984484179664,30.782175087403875,1,97486.91974945288,-78491.5124828883
76,5.4567556525065575,30.670249999592038,159,67058.75764478944,-68681.49318142788
76,10.587993760687914,37.26432603072869,159,31514.475529174488,-56862.63971515382
76,10.756059707063185,37.358090905894244,159,-2158.5105504424414,-47428.743921340705
76,10.858359617693718,37.389459970603326,159,-20746.08552512714,-39762.84597880423
76,10.979481108855307,37.39455518547462,159,-40381.58898889942,-30406.8511543868
76,8.584270226847892,30.327897107584644,159,-65041.48254336826,-20024.708279170456
76,8.659003492781695,30.2613730830031,28,-98218.2110465707,-7376.452887843157
76,8.684181353304679,30.261596140001636,28,-133164.33646771708,3137.177501424771
76,8.633594429273469,30.350205574359123,28,-154185.93526121433,7144.561652854425
76,8.671001005068995,30.330115692164583,28,-181717.86683787405,14960.722883178634
76,8.722746027105662,30.306370289312202,28,-223312.51178207406,26956.582790217813
76,8.778064438534765,30.264883361610096,10,-251668.38050873272,36281.6260050393
76,8.79190315005904,30.276014555454424,10,-274960.52383155964,41819.55358147982
76,8.776681153320306,30.33707863315008,201,-309304.9871327561,50020.47807924157
76,9.080664052701959,30.220488140827534,201,-351706.3693024466,58744.46016561554
76,9.053176873330123,30.247468362919843,201,-372775.2138191145,63721.524234108416
76,8.973875984387995,30.32530667316745,201,-420317.775527762,76529.34274261017
76,8.921012754765517,30.377194924647803,201,-440473.03056107287,84283.43342328767
76,8.949899933607549,30.44006699684717,27,-486834.4609770452,101253.38367630896
76,8.973651689650417,30.457150053199534,27,-497805.751251913,105831.42639768486
76,8.957313221286034,30.531156324502952,127,-527127.9945053083,122833.96902185288
76,7.662801449443274,34.60900881811053,127,-545344.4149653441,194617.57613865694
76,7.743135457562607,34.34583622027198,127,-580103.987075411,205422.71525981897
76,7.613338605604109,34.387184321123826,127,-617806.1379108627,218474.94658499677
76,7.472845897298949,34.431939695266564,127,-647742.8110989906,229769.8543468099
76,4.327478650363842,42.941940185789704,158,-721095.5962874326,395157.17949884
76,4.158874286344064,43.047331526692034,158,-762361.3326918846,386017.66577964125
76,4.20467886615024,43.0504717669,158,-801795.7267287532,411752.278337053
76,4.181955031129605,43.02355438230355,226,-855976.7038420655,441920.45750782307
76,4.179825027602383,43.00202542774513,226,-886251.9470180598,460481.0997773979
76,4.213677927798598,42.9693271078843,226,-966356.5523180063,510393.6671681437
77,7.914780748008175,29.263375885611687,2,1664441.6875069984,-770077.0005180854
77,8.037485335799463,29.39254161756981,2,1566466.5510675,-739585.0481555642
77,8.054750461571421,29.410715857407343,2,1546556.8197091592,-732069.6414522763
77,7.5133876125912336,28.95876988114361,18,1623737.0938191963,-719030.3914782978
77,8.066636925868117,29.517513157727667,18,1455089.797963344,-695217.3770194744
77,8.035562471723821,29.54323308818555,18,1437259.2148518134,-686463.964564608
77,8.13420238346454,29.549357663909404,18,1385571.738897059,-664173.3497235207
77,7.737177522966632,29.475529995220835,18,1371072.8933102298,-641728.9838016025
77,7.497592205895565,29.268682609681672,18,1398507.037366306,-636300.5192156335
77,7.880637963166713,29.59938740579363,18,1315728.8665558605,-623621.7429999755
77,7.12213153957495,28.94452644622958,18,1332170.9636236248,-591293.7983350855
77,8.100888044400937,29.697676956944512,31,1231964.5894854628,-585635.8462630872
77,8.072965330064392,29.707352891208682,31,1224229.8038680553,-581123.7810370373
77,8.281768826087271,29.564232387198174,31,1180250.8366509592,-568180.6452508497
77,8.268085813266318,29.639738656206355,31,1141660.8729869348,-547380.0067803233
77,8.282918954306373,29.634598593678597,31,1121722.5434437972,-538249.8201671666
77,8.33099717624662,29.568882606777162,31,1077908.858383318,-519608.37313995225
77,7.875740219911398,29.749036279379336,31,1067396.4379268053,-501797.02430827176
77,7.904055013814429,29.765884633390883,31,1063239.337941497,-499610.922349847
77,7.880122085173559,29.774178004926576,31,1027425.6206628287,-481899.1607464261
77,8.356104902705413,29.6281718066502,34,981244.2077260374,-471886.87146377953
77,7.8340096491276645,29.780581522267557,34,969036.1809982852,-453138.0388723809
77,7.822204199997512,29.784027761497534,34,949703.8959323526,-443614.5658490933
77,8.40240147565329,29.575877110953915,34,900429.660401918,-435015.7532913512
77,7.799520769339341,29.790649494202714,34,911383.6949568547,-424752.01325464895
77,8.417178398585799,29.57746626381764,69,859668.6759220953,-415549.6138303194
77,8.417597986860343,29.62579028017725,69,831459.5978616017,-400689.94885469263
77,6.537350048064944,29.006155736141388,55,835208.5559501942,-387025.703349073
77,6.506556646524293,29.02196263968348,55,803063.0529991452,-374130.0882827407
77,6.497483785001358,29.026619931173485,55,793584.3049855458,-370329.6827421814
77,6.437710039334455,29.031506078306013,63,744850.7860387583,-350976.7783911749
77,6.417533585892013,29.046382176184103,63,721504.8648207342,-341607.10476458794
77,6.388195085863338,29.054100662842693,63,694938.671289634,-331023.77423640434
77,6.382040626513158,29.072551132943975,63,680292.8347105427,-325063.6095854075
77,6.339457039866485,29.06312207992513,75,653042.0352851234,-314352.47277465253
77,6.327798875215117,29.075410673701622,75,637649.461212907,-308159.8602564157
77,6.296956990493824,29.107920370036805,75,596687.6859600911,-291663.0214022182
77,6.234692666682378,29.053559512923183,78,579253.4020599463,-285006.7750817132
77,6.212938582656778,29.06601533043151,78,556797.7830507051,-275998.8801519433
77,6.173602231117424,29.03045206683572,82,545602.0873719114,-271486.6939117931
77,6.142893171031749,29.037729080199576,82,519754.8845312694,-261079.5442742181
77,6.090319567177975,29.050187254326776,82,476210.2318123102,-243496.99469986028
77,6.082317220872252,29.052083540987667,82,469667.91476132337,-240849.41903655493
77,6.034177177639958,29.063491110511467,82,430839.2273180201,-225100.9451263864
77,6.061986988306639,29.144486084421157,82,408338.2524947912,-216196.4161375269
77,5.980427569926601,29.076227957961077,82,388657.05971244106,-207917.52340349247
77,6.117296238132341,29.267747154160627,63,374828.45191978296,-202075.82585548327
77,6.09535985042056,29.283920851466906,63,350434.76426473644,-192196.40620859404
77,5.990124357236028,29.193592907443417,78,334418.5012053679,-186202.9110676847
77,5.966379608361925,29.23347812712836,78,297575.97633317515,-171194.1727466004
77,5.925883016325147,29.230375813031824,78,274663.53095942904,-161818.26702650273
77,5.931005398000843,29.26182332786094,78,260464.37559122528,-156028.30556998166
77,5.889225175371434,29.251365130560952,78,241822.10694778367,-148353.01575377295
77,5.865573544877426,29.26490743336998,78,221170.51803020688,-139859.58415652957
77,5.875000408178333,29.321638311777225,125,195538.15044507923,-129369.16121868958
77,5.851477091909127,29.34401578788813,125,170717.267203697,-119130.04641744657
77,5.897162387083505,29.4210010999492,125,151549.95878631307,-111018.8498104779
77,5.903522328071654,29.461684568565023,125,131607.24170597654,-102584.45028364193
77,5.7856632642134125,29.40906826037083,125,103455.93657940585,-91224.95488935456
77,5.763107875374711,29.43114213019871,125,81859.12045737437,-82207.38439109674
77,5.726986668822811,29.466492210711827,125,48842.13475362504,-68355.65775250476
77,5.709117305479502,29.483980093681527,125,33259.14685736757,-61786.532063832376
77,5.683257450220168,29.509287885218377,125,11626.85640290078,-52628.37222766805
77,5.664005985517511,29.535136814654038,125,-6902.5369386466555,-44753.04790079616
77,5.630673613900025,29.560749146484238,125,-28872.738872489834,-35334.68324007274
77,5.5918535371216676,29.59963444491121,124,-56017.8564802678,-23605.17845690687
77,5.553698341651166,29.63720106644756,124,-79781.78435313371,-13208.5714706032
77,5.5118321100773455,29.678421478433204,124,-102838.17673734142,-2964.133536414701
77,5.626656567072821,29.82324148307649,92,-121984.27632779877,5716.837973212128
77,5.432494620123421,29.78547073360087,92,-144693.99727529252,16221.45077627008
77,5.4962331248299785,30.001307516814123,92,-168040.68352268726,28450.008524846788
77,4.509368034066839,45.32618200374007,144,-194476.50184006421,52676.73202199845
77,4.531968399667443,45.31666807228323,144,-211120.71489589676,59391.29974168386
77,4.562290494197377,45.30390357395236,144,-233359.58786314368,68954.2206054343
77,9.36350536533738,29.845916036291452,164,-290225.56411948474,58501.25482897437
77,9.423969271545504,29.814100197155994,164,-330444.50777925295,73666.84001997476
77,9.378847728644512,29.809733406604078,164,-342300.6295858706,76432.91492543506
77,9.38747107250095,29.787648038318697,180,-374708.66691727604,88200.37894068345
77,9.495396473893013,29.763892292400673,180,-391671.1377869207,100704.66606780681
77,9.403027012142582,29.74345244553738,180,-440405.3263541418,113389.28391925555
77,9.409502634509423,29.72289859830849,180,-471137.32796365075,125760.49025370345
77,7.453042161283198,35.11099368772726,180,-457922.13541216723,168503.84281829942
77,9.299795033236549,29.708733808490294,168,-520857.6565285694,153862.66333892895
77,9.303112014681975,29.704338367860643,168,-527258.4716627164,156328.65921310813
77,7.69114536937255,34.624195872183314,40,-552189.2595764714,202827.46407678133
77,7.704644611094922,34.51115406323857,40,-584439.0717487445,214099.18408843182
77,7.914103218875596,34.14263007176261,207,-599844.1045581809,223476.43272627017
77,7.81172678188763,34.160216634609874,207,-640705.5307793549,237998.75930404174
77,7.689995569666275,34.18112802474212,207,-679797.1620325363,252208.22759999937
77,9.446776234971667,29.55095255619429,207,-720282.4966067795,239603.75931712746
77,9.427464863829831,29.53955433920389,168,-743410.6792310338,251699.2431127687
77,9.452305967467508,29.50663658008741,168,-778922.8591518332,270196.6336770915
77,9.244353353602355,29.519459028039886,168,-816574.5577565464,310909.2806037474
77,9.242342478987643,29.501732079944087,91,-838305.839747018,323941.77319846087
77,9.418821591060816,29.409781740154596,91,-908616.1715455601,345598.99946105963
77,9.461679060580522,29.387451851713063,91,-917173.8090238435,350066.61983229534
77,9.227807995409847,29.37370479215153,34,-960214.385104401,407692.7439783792
77,9.465221632468248,29.304399153650134,34,-993125.0437454116,400874.63270477933
77,9.4673750360575,29.224154284873887,34,-1048945.5757516033,444317.14869801933
77,9.484396177035254,29.106891091958104,34,-1097043.4195251993,492874.2381168675
78,2.086413385233587,40.09664712643627,2,784451.1831334153,-284164.30703955056
78,2.1299840815353064,40.115121732702846,2,745309.1402840875,-276765.31705358153
78,2.176228981775109,40.13473024016968,2,694313.2341050406,-263301.1190155541
78,5.221631755562515,40.752886324888685,14,619227.6003988172,-250132.83926179333
78,5.219086266992142,40.76262408148075,14,613138.7818595523,-248245.2821428088
78,5.274189731009689,40.73682429630873,14,573628.4197452288,-234585.68079455377
78,5.200979557402478,40.83189122835372,14,551093.6706718672,-226511.27776385288
78,9.022673260691253,37.82099545222958,27,462637.099474681,-222308.34496701893
78,9.13651551521843,37.816454894962234,27,443926.8477988554,-213466.31466507225
78,8.967774334937463,37.743183432294536,42,431426.5907564743,-208839.21914822076
78,9.01679073057767,37.72205505981816,42,408214.2899785464,-200742.42783226873
78,4.420521525894294,40.401933709945716,42,400198.49401431717,-196811.1523482351
78,9.166936385988663,37.696909092740775,42,381021.86363103293,-183991.16410211564
78,9.113409422781023,37.680407858093304,42,368740.8310224612,-181208.32684712167
78,9.141964163611352,37.66809942144982,42,359711.68715924583,-174869.71727553837
78,2.2090908968581005,40.46364807152613,72,354688.4906499829,-163121.29385283028
78,2.1817969373572077,40.48587025287638,72,341244.73518129403,-160342.20380579092
78,2.279610003771432,40.40623286277144,72,339948.48435179907,-146698.79713658843
78,4.351647822522012,40.409060466834234,81,270940.74194108514,-153319.6614952911
78,2.2066628957857013,40.52482083306322,81,284599.72620651283,-140088.0153431165
78,2.1049680372401127,40.53030909264122,81,269063.9046372917,-132117.4357581304
78,2.2445396776575857,40.52277670208289,81,258465.21598299633,-127182.96324502905
78,2.2480422105000777,40.522587677684854,81,255104.65837501796,-125520.82955287561
78,4.310367590923447,40.41128827490333,81,191104.68083506924,-123829.49602485438
78,2.907319420812014,42.82826621518577,60,214852.50565625555,-109932.7559312358
78,3.95795975536784,37.428994837502636,60,187362.01081786523,-106506.56582808004
78,3.9750001804145993,37.34142359528737,60,171548.08227887348,-102711.48598370262
78,4.297859346830832,38.625700216965114,106,149796.0119256137,-100270.13045940187
78,4.272349289677308,40.39137010899043,106,123763.72988519556,-97262.5489387358
78,4.269593377883156,40.39034769457453,106,118874.64414075203,-95258.12808908863
78,4.193124274054257,38.74374734725489,106,120760.95249442269,-83538.52248884104
78,4.3478394699524365,38.72232290203792,72,97322.62036961337,-79971.98275228505
78,4.278656306736153,38.778650412867776,72,93806.60479081911,-76671.78703448462
78,4.203873558708049,38.839536990665195,72,83268.87976726699,-66331.99777321873
78,8.078982350704177,37.342258034281365,127,62945.29740189897,-66972.07110380204
78,8.09863158747644,37.363272091738494,127,51012.70883075487,-62676.29058011364
78,5.947458387385103,39.51307088838488,127,36030.814503949,-57614.531612263054
78,8.140790316561871,37.43726863207108,127,25362.91111115033,-52310.9452053547
78,8.203475200918042,37.332511691610065,152,18041.070274451737,-45524.132393616244
78,3.0024367877801086,41.993765601687386,63,9007.425248711541,-40699.96697975149
78,4.205322303170299,37.312857223957536,63,-2167.1832095032846,-38064.26358881151
78,5.960274123997648,39.57321172423462,164,-16297.046800102624,-30770.4461501
78,4.21422438596095,37.41460339663942,164,-27116.904516774437,-26323.029313937095
78,4.2321179555200095,37.379830092812945,164,-34711.18684606155,-23958.083752774557
78,4.260253445470571,37.32515324719372,164,-45028.40423886096,-20075.521527654535
78,4.259804258414025,37.39216017422725,85,-59166.68230081496,-13392.220382911322
78,4.275364983878698,37.38948090735083,85,-70462.64763745558,-8601.404319174138
78,4.283586187240516,37.3880653693734,85,-76278.75044048831,-6113.980586526785
78,5.268517267220496,29.07184320307857,186,-103312.6992197793,-4772.84879501438
78,5.252121714272205,29.081320522621045,186,-112232.08472238314,-3256.3291468913458
78,5.201989653820877,29.110298963160293,186,-140161.2410749705,1657.7327998590683
78,5.170785203783796,29.045817116160084,186,-147660.27220800894,2757.9460254949563
78,5.166310329931159,29.13092311378387,186,-160398.65517630792,5364.039516080074
78,5.123646211550073,29.096125742288866,197,-175740.40429152042,7837.272122569061
78,5.1028423899609345,29.108354747677147,197,-187020.36597383308,9941.593937209427
78,5.020304817685713,29.039814301989757,229,-211102.9243588396,14127.197755433801
78,4.98748936508627,29.041860969166507,229,-223985.44109709185,16551.72637521069
78,4.964217178775854,29.072663247597664,229,-237965.03705477808,19273.558133237915
78,4.935582689014479,29.074828532327974,229,-248631.01171851993,21363.180562450405
78,4.90513478220626,29.053923117295927,245,-255094.59418009734,22624.561816538237
78,4.845368802025479,29.069837776332196,245,-276773.91334923566,27080.891078904777
78,4.826243559994279,29.10549666030716,245,-289379.61606795975,29806.58198560079
78,4.804340644454601,29.120417126395143,245,-298482.9701048763,31822.847411498795
78,4.740811406351369,29.115962337425564,245,-313565.64511873235,35219.62219747018
78,4.738464853718354,29.163875461635097,245,-323852.56516663363,37727.783337705485
78,4.669549585864185,29.16487526743988,245,-338375.9250350527,41278.62093276903
78,4.668131599574858,29.17019577619801,245,-339709.6112206977,41621.87302820258
78,4.656789548146378,29.217756755061757,245,-351205.5384820229,44706.90669767406
78,4.600288591306632,29.255030501551587,245,-367202.70862631826,49221.11545742387
78,4.541935456180523,29.25610366904631,245,-374398.14322384563,51451.899402458585
78,4.510401853697149,29.31432888617818,245,-387486.9579932459,55748.09108533137
78,4.555511199379218,29.39897134021921,211,-397104.32117449143,59405.15070075287
78,4.48581560120564,29.440538345230653,211,-408250.55343781516,63832.1251477421
78,4.38899700312361,29.498281721529025,211,-417515.7759704828,68931.87634323828
78,4.444062793132031,29.60824099059255,288,-427250.3175262231,74684.23237354042
78,4.5323968376237325,40.95484218925509,288,-388274.39173655404,142034.00330740173
78,2.6041210557687147,38.31721511655287,288,-400941.79867114866,137388.57529706816
78,2.616286169005344,38.31303854055009,288,-418536.34596918715,144942.92987138793
78,2.6408378101655914,38.352251796861616,288,-427594.8835168125,152010.7443165509
78,2.6469064936016156,38.34261972825708,288,-439358.1562019413,156380.05969950443
78,2.645870971185028,38.302881366307055,288,-455305.5843001203,161086.47516407803
78,2.659997617249923,38.29803134890017,288,-469584.1954801334,167555.08389068354
78,2.694201883713978,38.32763479713911,306,-482066.117299887,175816.62354773053
78,2.6973517010113053,38.266224359161356,306,-498144.2072303845,181075.94295783414
78,7.896701065524706,34.433788784904515,305,-508406.56370032433,192129.0723771251
78,6.785909070381417,35.16069057786179,305,-524657.7742015055,212816.42037948922
78,7.812080481018552,34.48916445817868,305,-538656.7497845457,202643.16546736984
78,6.86754527704925,35.10726788013212,305,-553241.8635183593,221675.60846326387
78,7.7065349135805175,34.55823343107806,305,-570983.0903481948,213884.23526467592
78,7.030204827297444,35.0008235420076,305,-598314.5870481029,233530.84203211326
78,7.552643003164569,34.65894022955345,305,-606041.4409369929,226422.32040850088
78,7.438310391124019,34.733759440575085,305,-621920.8560400691,232809.1126725729
78,7.375696723254845,34.69927294619213,302,-651302.7081188725,244959.1935707717
78,7.374599332560406,34.649703519904236,302,-666407.4788061307,251053.39482414693
78,7.320180869383963,34.66639048510102,316,-674082.1252359847,254965.61334299552
78,7.450599805487023,34.48149706505048,316,-691495.5958370627,260999.0436426235
78,7.334210429840674,34.45148929667971,316,-722299.3096399787,275674.5713907121
78,7.339795834929179,34.36593350218153,316,-736347.2139957721,282557.7590412399
78,7.347217996205953,34.25224275014729,316,-750448.7582860028,290556.0648858401
78,8.293309888595639,38.08286787091813,316,-773342.6035688565,346145.9815055706
79,4.947577523192662,27.728626062089223,3,1144695.1145925391,-673726.4219697993
79,5.127870451570154,27.77385441370612,3,1113071.4263179412,-658356.4484693327
79,5.236312618353348,27.801058256327714,3,1081961.706684229,-642382.6402783149
79,5.309902136942674,27.819518950554766,3,1055636.9998799455,-628647.3543163004
79,5.365622964121003,27.77720115063957,3,1028681.345070624,-614521.2410661833
79,5.436769041927542,27.851344829910328,3,1000386.9600437364,-599475.6691596985
79,5.476108061068614,27.81887618001856,42,979066.51902509,-588297.193493374
79,5.527600478613551,27.96032799768841,42,950795.4827829343,-572027.0286049083
79,5.577632066804552,27.852333453324228,42,924380.4782110197,-559066.0915019491
79,5.608587471187891,27.874277623077493,42,906176.3996131262,-549222.188563979
79,5.642399079312735,27.888417268480296,42,885209.2142375752,-537896.8412318458
79,5.679007334865683,27.9258326316836,8,860661.2775943121,-524412.250272732
79,5.724714707460008,27.893478400667217,8,831420.5989395804,-508902.9645466545
79,5.751135758570126,27.93970942091365,8,811235.9497292023,-497658.06144602166
79,5.785899852685173,27.937478540492823,70,786923.9458757238,-484529.83978092467
79,5.810693580578083,27.945296210319015,70,768570.3486046477,-474513.39191296947
79,5.837877211217563,27.952080980815946,70,748174.8090692055,-463378.45289259515
79,5.864830206184933,27.95880818688653,70,727569.301311783,-452108.63430228824
79,5.883733422276656,27.97313468408148,34,711909.587555806,-443448.7804728172
79,5.914123779310209,27.98578390012158,34,687285.6122679384,-429893.4350046078
79,5.929754978494354,27.992289990695895,34,674417.5613371271,-422799.0498537928
79,5.960642091682396,28.00514596889777,34,648612.7823777907,-408550.98760902183
79,5.9945638328785265,27.986542554182936,34,624549.5346564951,-395489.28103519755
79,6.003328936804789,28.059855160853143,25,605976.6681286467,-384522.3059983675
79,6.038167825279541,28.026525143507584,25,583793.0607083797,-372733.4416959402
79,6.04911977101451,28.078649918050374,25,565425.9389504935,-362009.9093888491
79,6.085059139988741,28.023233152616424,25,546834.7115738183,-352328.15803452354
79,6.079154039325301,28.09097742398557,25,538463.5916535277,-347007.48014326376
79,6.110769692535924,28.08428474581583,42,514110.22837145807,-333670.1305588514
79,6.140280388752834,28.082140945697137,42,490630.8633422296,-320693.1112131224
79,6.17497770232997,28.048010330817018,42,470199.7265696859,-309524.92790459836
79,6.17270470261073,28.10142908390314,42,460046.05980177165,-303514.0620880998
79,6.189796292797549,28.117332807326623,42,442444.2907878529,-293558.09186806704
79,6.234146674876442,28.061037812098476,42,420732.8747689922,-281696.6696201728
79,6.256852877075174,28.07682328029687,42,399317.3956103209,-269593.421951153
79,6.2513403016786775,28.143069839976278,42,386629.1981756284,-262151.25186456606
79,6.261449720924141,28.14729748874209,42,377509.03324526193,-257003.7608414749
79,6.311555717460829,28.117502240276586,42,346886.3309883105,-239851.55596690252
79,6.314018039379604,28.152229752772417,42,335363.95407919795,-233237.7032840611
79,6.343647696073232,28.134966212305272,42,317994.22302819067,-223389.79153972238
79,6.34898042236364,28.183901872527787,42,299751.65621483437,-212905.55293118465
79,6.359101824738398,28.18813453250745,42,290951.45878381777,-207887.49775172662
79,6.378414876163109,28.206763019417696,4,271056.0702706434,-196482.1575729833
79,6.394588600708398,28.262178647947668,4,241811.27571820104,-179434.2700231341
79,6.406934457173875,28.252073922192743,4,236146.58871803462,-176322.65086317068
79,6.424703379055479,28.261980829525413,4,220350.79596689076,-167250.91653890954
79,6.456263585032265,28.244233050585795,4,204445.98315283994,-158185.0042919266
79,6.465727957688962,28.288683562396294,4,183454.0568194048,-145960.41008576314
79,6.496075387212681,28.299990327840934,4,159838.3351378942,-132291.4911196586
79,6.519452691404333,28.308700182328494,4,142240.925509849,-122047.2229574991
79,3.9416984598019718,29.282961392225808,153,130349.70073615396,-117367.90829776217
79,4.215971173239769,29.19193236578798,153,116705.30784021472,-106668.01327967447
79,3.952960011350897,29.32689373575064,153,88881.85091232992,-95561.35888047238
79,6.601114883700074,28.400321318680515,153,64552.0174792832,-76367.96240231289
79,3.7241569360451114,29.495874259071293,166,45648.48479289492,-70371.28404269913
79,3.798795552826327,29.49150244229115,166,22917.480012148877,-59692.802178383965
79,3.809734603564891,29.490861707941562,166,19386.02838452598,-57998.2320540916
79,3.904448529358252,29.485314017644594,166,-13333.31852262231,-41915.53949062191
79,3.961189452102464,29.47149896476411,166,-27315.08129791872,-34922.8709004101
79,3.9893849946136664,29.480339023733094,166,-45893.720123789,-25332.30488749403
79,1.7527223425385312,36.356455626405115,192,-73916.77108865268,-7963.40728702443
79,1.7752031137187811,36.32096303374979,192,-77915.72216175898,-6262.815799874205
79,9.92227438862998,31.7564379845506,207,-117599.40829719427,4688.614299512533
79,6.270536241084712,36.78772974412841,207,-122872.65759760157,14274.904247390643
79,6.228207194000683,36.88453664870905,207,-145475.34850590405,22365.874696746458
79,6.141223413736321,37.083469322515775,207,-170725.55524954945,33697.12499696221
79,9.370558693927325,29.89984004833798,229,-219733.95643820197,38032.3334102489
79,9.345867984093529,29.896272308946326,229,-227143.40758939766,39776.40330260698
79,9.41956062188994,29.87022098917161,248,-256890.97306324058,51642.79660702192
79,9.361002866779108,29.8625329944939,248,-275016.11932791595,54895.27534746534
79,9.368212685616722,29.84531540817663,248,-300344.95906149194,63357.070903322696
79,9.437464903235988,29.822091783628014,266,-324562.57640034053,74102.54324482227
79,9.380931553120405,29.812552789393475,266,-349909.9664187391,80747.31168884336
79,9.465533591192917,29.785319323358955,283,-374907.46813371347,93515.38057620631
79,9.39448893350733,29.773067276177994,283,-411481.8806468681,103746.86169270743
79,9.399732105037788,29.756051877697793,283,-438458.4451186034,114275.87713123392
79,9.402622298691163,29.746144751976882,283,-454252.8956916926,120562.87562384184
79,9.407341885022012,29.729007077734966,283,-481687.30631943024,131693.239487137
79,9.258074614607752,29.75195941508954,263,-490498.8569571523,146916.63407251763
79,9.415318149631112,29.696597485647963,263,-533777.5112376228,153544.1039103739
79,9.418534264557744,29.681919734911013,263,-557373.9803964925,163746.77152584252
79,9.311758409098104,29.693102922914488,263,-577055.4709997579,178425.1240235407
79,9.425544216990273,29.64027279126842,335,-624302.8775332153,193712.49461910906
79,9.428607871376107,29.624029341652243,335,-649803.41148543,205531.9363748538
79,9.430167941063727,29.61575787556071,335,-662657.3042380627,211575.44727144434
79,7.392916767630379,34.61268251058372,349,-669781.6895676123,251121.19443294063
79,7.386931813285051,34.48171991990226,349,-703607.3297291065,265525.0846394805
79,9.383184669041121,29.569998462318292,307,-756380.044764791,258853.60938785644
79,9.438209255009983,29.542914336294945,307,-773696.2314296829,266291.6906699315
79,9.439743837877527,29.52210756351962,307,-803923.7697905332,282023.7211932268
79,9.56891422238482,29.451734218129218,371,-830710.7918154988,304052.26039009786
79,9.442003232769945,29.48058960556756,371,-861677.5246135133,313217.3160381024
79,9.477840888165863,29.435838353718907,371,-902715.1166358604,336981.0717787622
79,9.443112791494192,29.42908729062666,382,-928022.0261350414,351189.0118749747
79,9.210370513386348,29.438804364449812,382,-965391.0815939917,400752.5916087154
79,9.444904240031725,29.358310179032866,382,-1006813.1131972482,400192.2353242705
79,9.445197488258529,29.33660983463719,387,-1028082.9823666259,414401.7533400605
79,9.446042837535733,29.28000673320256,387,-1076764.382020836,449210.8868592483
79,9.533560584011083,29.18547700024432,387,-1106282.042912376,477415.7015108327
79,9.394002925416123,29.15771725411264,387,-1156291.0548135482,523345.2416849335
80,4.376383055328572,27.863277484388462,4,1034158.0852098801,-609111.9219992533
80,4.392757290992227,27.76107784626544,4,1013665.8318594269,-597236.6958492041
80,4.363362082360844,27.695855709043858,4,994296.379831666,-585783.6727329771
80,4.253456787552239,28.30455465398189,4,977722.077558536,-572831.6241734958
80,4.422772002846818,27.57374130409545,4,954017.2205981178,-562141.1264741617
80,4.430283165876714,27.52686045058225,4,935578.2490445421,-551233.1916489626
80,4.349608098131083,27.49285957159807,5,921003.0320506701,-542553.2169583897
80,4.354739876846231,27.462552983022054,5,908616.9500355354,-535238.0696344675
80,4.346497570608028,27.397087449862873,61,880273.511290971,-518462.0039913489
80,4.041901995272028,27.441813995497878,61,866348.4998054613,-509080.9345263891
80,4.053673587966359,27.393802241664687,61,849915.1236495017,-499568.37530133285
80,4.318363244291356,28.550978642030856,16,834205.9776516,-488223.0372280162
80,4.319409912210116,28.56436289494645,16,823354.5276917927,-481822.89061346505
80,4.2287681446167875,27.224366447463836,43,797468.8842485632,-469350.59976593894
80,4.235102534011106,27.194288216550135,43,784021.0748262476,-461404.69339477696
80,4.2317528111822655,27.160985618858795,39,768458.3720054581,-452193.7402687316
80,4.239169582548481,27.126232573680348,39,752649.8377448403,-442841.18101701565
80,4.4549183800085554,28.647179020872777,56,732889.9949679635,-430556.55247638334
80,3.9520820252642688,27.120211660066595,56,720792.3135825201,-423371.8641117647
80,3.962243184994316,27.084527850633023,56,707273.9007280476,-415478.326010725
80,4.150338826389868,26.999542284500965,61,689567.6003868589,-405458.9933576596
80,4.158800878250325,26.965028862112206,61,674390.063187164,-396485.1659066793
80,3.854735797664314,27.006538882634366,61,658320.5455422833,-386314.87156974635
80,4.170106922606127,26.918915899105993,61,654047.9015273512,-384447.3878067588
80,4.039563720071223,26.878380028016718,71,627531.0658424515,-368691.5263308494
80,3.935380217138819,26.87650155475477,71,616128.8574459275,-361790.1057423372
80,3.9441036163334497,26.84775438534455,71,605183.5276363068,-355361.6315819469
80,4.554897304488128,28.75818624185901,102,583654.4402565276,-344186.6417068981
80,4.551825131317677,28.767074005081273,102,573254.6991854777,-338163.9138706108
80,3.9811346745732936,26.725721897674408,71,558449.5272048521,-327847.74387483764
80,4.54206698051426,28.79427288244169,71,541169.2155436953,-319600.34464809083
80,4.001878545530449,26.657362355788933,71,532316.5265777555,-312423.8685638433
80,4.012735372601475,26.621584668662067,71,518716.50874068134,-304388.04935452924
80,3.8572398114595603,26.60588597242618,73,500405.7198161555,-293492.39004034345
80,4.652504355034011,28.811068918725418,73,483933.75629461685,-286044.00493917003
80,4.554809367169674,28.843382954330465,73,471948.2103159315,-279714.2900934042
80,3.897263079487634,26.486589794324246,73,459749.885685364,-269543.9313464507
80,3.9123647228754264,26.441576769951563,73,444608.34224018216,-260607.92694307127
80,3.833206592789593,26.422592801224226,111,432354.42525582213,-253360.3984830823
80,3.8473789037609945,26.382198835664806,111,419611.4686505804,-245849.31112857178
80,3.8550324049765265,26.36038480229135,111,412776.55149962765,-241817.93552308323
80,3.343057524253925,26.51344149547161,126,401454.9116375892,-234270.63560107592
80,3.370420386147985,26.447211770655088,126,386834.44186195615,-225852.46090569798
80,3.8033175499937815,26.251345987102546,126,374119.65117922466,-219013.26513933708
80,3.4177675866875616,26.332611475016797,126,361182.42248312116,-211003.63356098774
80,2.9978128835876126,26.523507068931433,135,346069.60030367813,-200770.03154340916
80,3.0312042591016306,26.44867738003567,135,334544.18870360526,-194302.36682665392
80,3.301491222087554,26.21396551049262,138,316296.41457857774,-184544.28793652062
80,3.3397585236069527,26.125128088547093,138,298932.5427360962,-174465.26601920335
80,4.5546054476340725,28.983509292233293,138,276021.5173101597,-167927.83658395894
80,3.3977168735916647,25.99057795858174,138,272851.03514541616,-159258.64812501127
80,4.554537344772707,29.002557056406804,138,249009.1653784533,-152669.62562323757
80,3.4601807224088343,25.84556832703248,138,245450.57580763445,-143213.02627329563
80,3.4884424547024127,25.77995880305276,138,233407.8042485753,-136142.2581213564
80,4.3179492492437905,40.39602410876677,147,209337.9340811747,-131333.44306413343
80,4.319613435597931,40.44347368705748,147,196631.96163657564,-125593.47065790625
80,4.320859002198506,40.47898750423499,147,177078.85744681532,-116287.15767021028
80,1.1677216085584992,37.40434443371762,161,166794.3236942128,-102476.12556924709
80,1.1442537851130898,37.47116437579296,161,142294.24469359373,-97017.57381065865
80,1.8065586780744098,35.585383417587074,161,128027.24409903909,-93339.67034120353
80,1.7871061447136862,35.640770622770624,161,89495.2859000598,-86103.45273023199
80,0.9942035053499443,37.54326811710745,58,93182.9285553231,-79383.66545513824
80,1.6282452008651593,35.31138165244057,58,48883.90470408792,-77909.61034023261
80,1.6229380579185781,35.330063295292,58,39320.427971547055,-76747.28250295723
80,1.61038641879095,35.37424624678634,58,15962.576101006875,-73690.23570874656
80,1.6473739197806414,35.57711283051266,178,-18685.348947952887,-71551.89674582564
80,1.6469020862552224,35.62458923906798,178,-36306.02468532132,-67989.40151644495
80,1.6465489406601808,35.660123137458996,178,-49635.32170422713,-64983.55211111043
80,1.6023275855398182,35.629592019496975,178,-77371.07487745018,-59855.61182962542
80,1.6450166329302955,35.814305627463085,178,-105410.95988950251,-48905.82769726396
80,1.6448862716038113,35.82742272758962,178,-109724.44232167033,-47344.95479287726
80,1.6438370166935234,35.93299991131192,178,-139289.42256230154,-34095.78276230831
80,1.6620848936936254,36.10975977359965,200,-143079.32926313992,-12770.906728094926
80,1.5064064442411729,35.72943721743371,200,-186960.81867069888,-33726.355621348885
80,1.537160114973945,35.83653722977775,206,-194838.84168332285,-29654.767873217257
80,1.4748061360608575,35.75700754170529,206,-216299.20685022773,-25233.094919530624
80,1.433592634673957,35.78321605898401,210,-247829.67280938078,-14894.356230867394
80,1.460012520616522,35.8718242379217,210,-249703.88730169905,-12691.597002393264
80,1.3867443889306976,35.79092798915529,210,-274050.82656954305,-4844.466148081054
80,1.3516806413833569,35.7967000125969,210,-290958.97585279145,2689.575319610163
80,1.3074663518926823,35.80397835371117,210,-308897.1389072239,12078.648987635273
80,1.1865946007648172,35.82387567301501,210,-338306.94270956627,35831.4025163257
80,1.1494085210382394,35.829997064449095,210,-341497.684311161,42158.279480847465
80,2.5408690613766938,38.25663008318259,200,-322244.2028656232,105431.09466967058
80,2.586317137083766,38.36765976254111,200,-346553.88485407486,118187.50711505485
80,2.5915081719848687,38.312568640176295,36,-385300.8829173643,130479.23708881442
80,2.5965058580324283,38.282272527724956,36,-402320.63344744034,137675.2907630836
80,7.402513490315202,35.21829026527746,242,-422060.3493900504,154043.72047232353
80,7.466107191733405,35.14124894842687,242,-441416.5853565506,161168.7403403321
80,7.577230556332215,35.00662727755948,242,-460856.6638177624,169238.44791570125
80,7.959773469163801,34.37016049874088,165,-499379.1507224536,181679.93725707292
80,7.908532819306821,34.39441699920806,165,-523090.01681201544,189879.66668913607
80,6.480857818563254,35.07025540912625,165,-536324.6965464636,220278.42914541933
80,7.79646000941403,34.44747046697458,165,-569554.8110364416,206087.15963510604
80,7.674994870670273,34.50497011233246,165,-611183.4873231599,220994.8717375513
80,7.472536281790933,34.65354521815091,232,-643230.4482321339,233824.03683445413
80,7.465835782287749,34.59728369003121,232,-662857.9133377564,241292.98237432857
80,7.245374227674688,34.69390506598591,255,-686477.2643790953,254673.58095762364
80,7.2664111033960515,34.509315204545295,255,-728489.4919103362,270937.7178837573
80,7.278366465583785,34.40441185868083,255,-746146.5576370887,278575.8255327813
81,2.571849226963108,34.71414896055594,2,8013295.86375885,-3442187.7617320013
81,2.511451003238795,34.66909031035172,2,7786333.43041998,-3358951.5689682937
81,2.47166723578938,34.621953370463174,2,7551676.613621978,-3269594.845397297
81,2.363358496628856,34.73918729880309,25,7422244.787600635,-3214042.037215492
81,2.36324540309876,34.64549820993512,25,7193892.121191989,-3128322.1411176487
81,2.383557534620404,34.52887694977423,25,6943246.076520929,-3030771.453819183
81,2.363081056089079,34.509349647040956,25,6789105.7996065,-2969257.525288784
81,2.336624624794543,34.4852433164078,38,6584841.141189048,-2887295.4978212556
81,2.2546842485403884,34.575329282799686,38,6407833.957666046,-2813673.327669134
81,2.375069812007247,34.36298471723009,38,6348791.5605654055,-2790180.9720149804
81,2.272292135591574,34.43158407475511,51,6069707.083203227,-2678785.07798422
81,2.246330930356958,34.43819996034573,51,5940136.311666042,-2625940.2543001142
81,2.1807558972545196,34.51585681553421,51,5749007.508104069,-2545905.539038724
81,2.184894626675999,34.46469156668787,51,5629480.339103665,-2498168.3624170343
81,2.1545789307708723,34.47776382907652,51,5455482.095201529,-2426098.455779949
81,2.139424592331499,34.48429844695322,51,5363287.451972795,-2387794.2400950696
81,2.1723471124428873,34.36107282964472,61,5239106.188288556,-2338517.860729527
81,2.134078148015114,34.374659582009706,61,5019986.945216467,-2247977.4814693984
81,2.097377290898469,34.419350581910926,61,4874612.402504193,-2187042.3842169186
81,2.0885270306646784,34.390831740327634,61,4734048.415159689,-2129203.5070232153
81,2.0691374956428388,34.39810182616914,61,4605021.242232144,-2075403.7084217859
81,2.055429127201124,34.402582594443594,61,4509205.398380775,-2035397.4264543764
81,2.0666320925954693,34.29882268837765,61,4340636.52032848,-1966307.0683537659
81,2.0156468693512277,34.41670661619356,61,4220150.047475718,-1914355.5084313413
81,2.0444429795597587,34.26747195607901,69,4105837.887215256,-1868407.3602672808
81,2.0276415767007903,34.26590538843581,69,3980748.1826370237,-1816208.6418834373
81,2.01617581096587,34.24343275833549,69,3848136.912599586,-1760702.3847864328
81,2.006721844788472,34.23539283875019,69,3762665.224147516,-1724917.1749617343
81,1.9932966733549562,34.23391395080833,94,3662052.82477229,-1682814.1288262338
81,1.980590207915105,34.2233829992675,94,3548451.2847497687,-1635165.4210986597
81,1.9607935640252205,34.20697580102166,94,3373263.3464603075,-1561579.066597879
81,1.9524361024982828,34.20004924675989,94,3300030.1118532894,-1530779.744608329
81,1.8870212184600141,34.46195587397686,100,3150987.1394515005,-1463273.700784925
81,1.8853648757635253,34.39842278722042,100,3054956.219255559,-1425338.4789010207
81,1.8739167689073581,34.39253418346875,91,2944367.435604638,-1378842.8029284363
81,1.8670459708907252,34.40093754301896,91,2891693.2143513677,-1356302.1922300803
81,1.8878480313202903,34.11126663641292,91,2705933.7219454055,-1279497.2650487402
81,1.833687956578411,34.441736208249566,91,2620138.618368574,-1239762.2307922656
81,1.8224854046423378,34.45543753836739,91,2523032.5516473902,-1197966.2229604784
81,1.8453215752691439,34.09813349556748,69,2396649.7273700815,-1148683.3036969227
81,1.8152344330105163,34.217477409144315,69,2279519.390740197,-1100428.9178961953
81,1.8191063764865578,34.07583935084877,69,2196861.2005857397,-1063673.527789163
81,1.793777975520787,34.24984236497481,62,2130094.5968103018,-1036967.4697344889
81,1.7789689162256956,34.244499852041585,62,2007457.3291883923,-984945.682203005
81,1.7670111189980582,34.240185959776824,62,1909260.2075817233,-943255.333086928
81,1.7505567958960533,34.18465631134579,59,1762739.0668775027,-880999.4590753585
81,1.7389105195798529,34.17956093805466,59,1673253.212331302,-842903.7959448553
81,1.7220228103798516,34.27810475423182,125,1547675.1739311577,-789002.0146962511
81,1.7073858800571444,34.21208799143308,125,1433075.9690495268,-740635.842005145
81,1.6985338653364996,34.304216499613695,125,1346885.450336641,-702933.9035449113
81,1.6904545574834267,34.313197951489535,125,1275580.2212529662,-672310.7406535123
81,1.6742026298184634,34.20398449508127,142,1178916.9776702505,-632141.4180846195
81,1.6579414349207726,34.2218385663209,142,1046562.0732296864,-575524.1295554132
81,1.653026817231173,34.204205933445934,148,1017624.4297487021,-563172.2807747861
81,1.636776808091697,34.22207018608346,148,883440.9779575752,-505699.5508068517
81,1.6222329958227077,34.20565806737483,154,784734.4758177964,-463428.6508823
81,1.6149286536138157,34.26463620706266,154,680924.9548336489,-418594.6503662606
81,1.605499063277166,34.340774438291334,154,531047.7307258499,-352881.242021789
81,1.6017952559783004,34.37068043913333,154,467272.75071684975,-324628.6620595717
81,1.5248929484780047,33.96074578155919,71,386733.20405344956,-287317.56177079596
81,1.5036593670934617,33.94758197888286,71,288970.46653391304,-244587.85078875985
81,1.4784835471377358,33.93197417725438,71,179771.21625045664,-196701.983394737
81,1.4518844111695406,33.915483987921505,71,72266.70352580782,-149368.88639499593
81,1.5231613456828574,34.275848197518336,156,-40073.6394817626,-108315.34234071797
81,1.4999186903929822,34.2343957413146,156,-139449.56636848507,-65652.67105565293
81,1.4997250044995973,34.30200716726256,156,-259649.62698887754,-13176.369904320229
81,1.4887126900040852,34.3142987958683,156,-364823.3345678744,32479.919326591236
81,1.4672755769282848,34.29173831806368,168,-476462.4504761917,80494.05150098719
81,1.4374280055840247,34.25218259547454,168,-597709.8368396827,132840.5237030444
81,1.455248772608419,34.36750970716537,168,-726961.9204815193,190378.95427037068
81,1.450524817056626,34.39727161770238,168,-831275.6041153899,236440.27027804762
81,1.4297350809705123,34.36697739880476,168,-914412.2759840435,271697.1953440351
81,1.4405618303532512,34.46004052306067,168,-1061777.249324226,338787.5207757879
81,1.3991103112377743,34.380450887248884,159,-1166986.7558008397,381826.9083553396
81,1.3893459704312001,34.39153358118829,159,-1264961.3825036734,424756.40061252547
81,1.3861199423136688,34.428809869155074,156,-1391591.7461419876,480981.59269597905
81,1.330332911237393,34.344727737040074,156,-1509553.3026633882,530833.6719858522
81,1.3605082733654965,34.45739687716436,156,-1656103.6410535201,597324.6767746457
81,1.3473331994843925,34.47210251557177,156,-1792512.055514856,657453.4758740294
81,1.3050958728738875,34.415421332857,156,-1880154.1958701902,694268.3418676994
81,1.3243698459609297,34.49773355009841,156,-2030044.73880618,762376.2382708992
81,1.2752971795907155,34.446659201378345,156,-2156851.0138410763,816540.8898489936
81,1.2993065821722678,34.52570844404676,156,-2287796.0728439703,876556.2548588784
81,1.217546096506651,34.4331450548928,156,-2402818.354038306,925152.9452899145
81,1.2625310673698655,34.53455154783187,156,-2541970.88930976,988733.646881474
81,1.2591096590543034,34.57057509312954,156,-2693906.3277898035,1057201.3450809426
81,1.2429127068099404,34.58865366522387,156,-2853638.7289866726,1128527.056508312
81,1.1609896471110943,34.51903879094394,208,-2967041.1776053845,1177238.4492770452
81,1.1622058259023496,34.562813533511495,208,-3134884.6136876335,1252830.3579550935
81,1.224932358948782,34.67482644140016,148,-3280616.189491044,1322001.6537683685
81,1.12682513031977,34.60288385401404,148,-3420005.257696029,1381657.1766126868
81,1.1891293223858828,34.71418608020777,148,-3615099.461819108,1472899.4902906439
81,1.1787073351229946,34.73387113614902,148,-3739270.216940468,1529445.8665590407
81,1.1513033492786393,34.75576961004139,148,-3938275.9685102203,1619775.2503237128
81,1.1283326674328056,34.781022153607864,148,-4116348.552901951,1701320.9682277974
81,1.10442426444444,34.807305569664926,148,-4284985.643956132,1779110.451972961
81,1.0713089179314628,34.82959673256175,151,-4437710.148149006,1850201.3794499754
81,0.9759536488279551,34.87626303304222,151,-4630010.674000985,1945607.2410394591
81,0.9624904716204651,34.94942135676135,151,-4813779.678943152,2035740.160637464
81,0.9962931882782853,35.02030118785851,151,-5013406.075882695,2130477.416748893
82,2.2175227897522922,35.29701718000554,8,3940951.2124852673,-1630549.8875111137
82,2.1687492000327797,35.26651003751881,8,3788392.984424291,-1577464.184649901
82,2.1334221153462702,35.25361917470805,8,3661068.5239020614,-1530737.4453674045
82,2.10949042001421,35.23807411257256,8,3545579.0312266317,-1487281.5491844756
82,2.0894166113331605,35.22320992569324,8,3432996.916338751,-1444262.7067279483
82,2.0745694637434333,35.208585290943404,8,3332698.1380983125,-1405527.0199368587
82,2.0059104905523086,35.33345519552828,43,3237537.406936998,-1361573.6345245794
82,2.044406013115323,35.183731383418284,43,3123676.133343296,-1323889.096316254
82,2.022229631345473,35.18824064103377,43,3029930.9964190032,-1286836.1282111655
82,2.0249311620976314,35.1642012881291,43,2965163.238231053,-1261352.0879180091
82,2.012064623772844,35.150661341393416,69,2852996.606889447,-1216844.9134597117
82,2.000432429424961,35.1380604974764,69,2747010.6974039576,-1174625.1633741932
82,1.9690279357634257,35.165336968058966,69,2665959.0802353867,-1141656.961502184
82,1.9578435527373108,35.15796332680959,76,2575325.5638630823,-1105260.5817800167
82,1.979122336685382,35.11432076351149,76,2543368.578235844,-1093117.4212999647
82,1.9358409542868882,35.15654149619923,83,2434730.870967136,-1048237.0125760918
82,1.9012082942323594,35.21152538290971,83,2360797.663353046,-1014697.1596101498
82,1.8786131753540782,35.24739809539144,83,2278101.721564137,-977622.0533584636
82,1.9295367577623377,35.09495092413961,96,2182091.320859711,-947290.4772300671
82,1.9022353494819622,35.12193886605286,96,2102814.875709431,-914087.1460362306
82,1.9292348150459855,35.05735478864947,102,2037859.9187355419,-889036.2695163995
82,1.9087119652274176,35.070832561414036,102,1965319.3481883665,-859387.3587866875
82,1.914631693210012,35.0407278928819,112,1887551.5055113793,-827954.1208286415
82,1.9039643368936587,35.04524952186141,112,1841177.2815955915,-809036.9297617722
82,1.8920258926598106,35.05030993362766,112,1786863.0198889596,-786772.4049960559
82,1.8970327810264012,35.0208941656087,125,1707802.372958959,-754694.5763291568
82,1.8856563335754857,35.023088262872946,125,1648244.9804508435,-730340.6073848568
82,1.872924305184923,35.02554380172025,125,1579689.6804681337,-702205.5494016526
82,1.8557239725933377,35.03670231669058,126,1510332.6285078118,-673424.118388539
82,1.8075338105528926,35.1232067266975,126,1426291.6403218715,-633779.1972586069
82,1.8254555296352948,35.058019910825884,126,1377173.4637976766,-617469.6869465293
82,1.5177066265232346,36.0083081691407,140,1253504.524674717,-592414.4855671606
82,4.62240845887408,28.137665132880713,140,1051003.6027857296,-607829.0692980334
82,4.748063727450033,28.2362017875272,140,1002193.046982674,-580635.2637527984
82,4.620519353706016,28.329410327665983,148,978874.6297643223,-568024.8596271073
82,4.558770678206589,28.430219276621138,148,921597.7927247047,-535405.5393387257
82,4.478037864406565,28.52787580200052,148,852066.082478386,-495211.2049528558
82,4.481693138584792,28.55605364787651,148,826273.8973337826,-480511.0995602673
82,4.450004497047775,28.607787529151302,148,780885.670620707,-454227.0630746266
82,4.418548048277858,28.659142339804472,148,733130.9930845634,-426494.7851648095
82,4.400555567128415,28.688516299636007,148,704861.6391388138,-410043.0413685174
82,4.361404267744104,28.752433481814233,148,641685.1831284834,-373184.09499945637
82,4.324314592202516,28.812984921633696,148,580751.2681836633,-337507.9191760753
82,4.3068129408929785,28.841557568078724,148,551972.6376033908,-320611.985526624
82,5.7033425338439265,28.399279168493045,139,521676.855374646,-293849.8808097802
82,5.776750707309854,28.418328321441294,139,463753.3898064055,-260498.50638171093
82,5.8123471679972,28.427565473001327,139,434760.8391182255,-243935.5555995434
82,4.190664584753825,29.031177727710578,148,369769.79039973987,-212742.7689754364
82,4.157896514557963,29.084673850323995,148,323461.5887019456,-184981.44687553923
82,1.7276031702951804,36.13970102729884,180,247795.19520294707,-153257.09194965634
82,1.7087894792427405,36.197146387119496,180,226342.2322889387,-140621.7484371411
82,4.2816043762243625,40.34564331279909,180,141466.93115194738,-104297.00444992763
82,4.26930361552603,40.38459557645665,180,119210.47857024164,-95901.9477539732
82,4.231750775297207,40.392703234233196,180,54457.17361179337,-68071.2015258598
82,1.2052421985499024,37.7346678998032,180,-27370.686134566957,-28337.28834665906
82,1.157091846707334,37.658933113588716,217,-69899.28656642145,-14153.015667155829
82,1.085672402166761,37.63278047147379,217,-100790.1101030914,-2150.8865927873294
82,1.1471200868121785,37.51576138290466,217,-157342.00487859256,23075.15764496867
82,1.5974376383505677,34.79558917440874,226,-241603.2408965102,58142.863460569286
82,1.5828883899077717,34.82997659084316,226,-277629.9958654643,74110.69568248159
82,1.5575670210757364,34.81229435335247,226,-345703.3801578741,104107.04679232946
82,1.5518686787076434,34.90329224909921,226,-404526.30367531226,131410.22179355135
82,1.5440050633108136,34.92187804879836,226,-448607.90967174026,151428.7147129617
82,1.537052301690316,34.93831102883533,226,-491788.8884466148,171059.42473134326
82,1.5273563059572959,34.961227693179104,226,-558651.2554911546,201481.53631567658
82,7.647011280986718,34.51817943227312,226,-613118.8086626896,225787.30206000846
82,1.5120934154182537,34.99730181584068,226,-679488.530366798,256505.26596540923
82,1.5039839703970233,35.007984355670935,133,-736079.5056853701,282071.66471871635
82,1.5184458152010358,35.08079841537254,133,-781837.6357677563,306730.8710004293
82,1.4788030745141088,35.00807250241558,133,-851589.1919002963,333485.5346727544
82,1.463114130160571,35.008127422199934,133,-918511.665487771,363471.483840699
82,1.4384993084872586,35.004847152837826,270,-1005698.7046933452,402800.70393963956
82,1.4781612239199846,35.087691601450366,270,-1035400.5118281705,419014.77845639543
82,1.44185180167667,35.04630808455666,270,-1110955.438426628,450845.32336076355
82,1.4448356174522738,35.08320951138868,270,-1202639.0178759785,493146.1035109277
82,1.4473381101283278,35.114158322350164,270,-1276249.513306745,527472.9320112742
82,1.4075463523242893,35.06036410749351,278,-1298590.6349525584,535798.5606701236
82,1.4059482636865521,35.07183946073925,278,-1344578.541963977,556691.9147197941
82,1.4026966876658669,35.0951879675502,278,-1439599.4413787872,599920.4704877707
82,1.388218392254414,35.0996204948566,279,-1517607.1055372388,635271.138140477
82,1.3605375072811847,35.094483842662086,264,-1603994.0775901123,674758.8125664785
82,1.3537928867115971,35.09546577786162,264,-1631371.567369681,687321.271319316
82,1.3692140263089354,35.125279281859214,264,-1694299.269259824,715529.0422406987
82,1.3342895173284595,35.112309809388734,264,-1768368.8212067098,749793.6831331318
82,1.415093261653874,35.25246990107203,264,-1846451.1895898907,789917.1978132753
82,1.266546197473992,35.10816784083471,264,-1912925.4107186445,818935.0132385811
82,1.2305831968668812,35.11340361886141,264,-1988675.8443308724,855844.3815041049
82,1.1681660209690083,35.1224908049287,264,-2064382.1316957644,895569.7715320233
82,1.324968736547216,35.19550966252682,286,-2156334.7619412243,925548.878912753
82,1.3068657809444948,35.21209642597889,286,-2293219.0430217795,987855.0740290935
82,1.3002032995926411,35.218200898895475,286,-2342391.2303443444,1010256.6244971628
82,1.3480579863666284,35.33734037432865,280,-2453067.8954521813,1064892.6289499481
82,1.3422190827149947,35.36936625910163,280,-2528218.601218308,1100377.3797504376
82,1.3358654358708495,35.404215466051966,280,-2583223.724160807,1127044.449727975
82,1.2684038061230976,35.27769897857614,289,-2676412.5356860994,1162568.119834372
82,1.2513411671726749,35.29484701369762,289,-2787449.503265306,1213372.516855635
82,1.2502191744173585,35.32246144304418,281,-2870337.796530089,1251452.0176975245
82,1.233401960099267,35.35033493213193,281,-2985960.8967555845,1304736.8030955081
82,1.215102182083653,35.38066567854323,281,-3086710.722451625,1351569.8400029324
82,1.1873094940522826,35.42673033419362,281,-3184123.537266722,1397962.8630936453
83,1.5243602860275471,36.005703575203036,1,1173813.7711629968,-557954.9440798296
83,1.5347812335761084,35.983561291891405,1,1147424.0908371934,-544854.2819615309
83,1.5024053864421565,36.12631974627645,10,1075774.7187900115,-519729.701867389
83,1.5559885479080156,36.090433701383695,10,1013618.4694351127,-495024.3769494626
83,1.5647261515565565,36.09365488669629,10,979786.1443541582,-480637.83167763153
83,1.3771521524785382,36.19197008435995,10,956936.3569748154,-457112.22909215436
83,5.071222436765164,28.18561519513817,22,758266.3471652938,-441560.3539695944
83,5.234432527971725,28.050662057530655,22,731421.9120140005,-424111.88699522277
83,4.893759313422847,28.095433055405657,33,693590.9142367891,-407179.1930611812
83,4.810118280508291,28.17897247117115,33,655970.7248815331,-385924.23105438385
83,4.780387757670488,28.20866687380735,33,636737.0271101692,-374900.2768529271
83,4.736798088143823,28.252203585380347,33,603222.5722215974,-355586.7758479195
83,4.690460038397271,28.047993766178603,46,572084.312222439,-338576.64638644026
83,4.650175666540016,28.204911718150584,46,542145.7682958094,-320864.14171527553
83,4.613226513938408,28.049660280845313,46,516508.6837487397,-306561.5423331874
83,4.589747225057241,28.050166907722158,46,498607.58943050395,-296193.23878795316
83,4.542894993648271,28.05117786677599,46,461772.55334832624,-274783.24868707196
83,4.513160629205516,28.051819463217388,46,437765.0747961163,-260778.36897308414
83,4.484776502311834,27.99909890712366,56,415083.2263792638,-247620.84770903504
83,4.447720127622397,27.99463038537116,56,385497.16219736054,-230285.94549995445
83,4.4333594911370655,27.747094694885256,56,361081.6442705238,-216087.49024092377
83,4.376912412030075,27.986091886394384,56,328852.31818442675,-196950.39481973575
83,1.7090038372211342,36.13660525812447,90,299356.8640626843,-177937.53378033655
83,1.712943460791146,36.13802389118737,90,280002.3341245491,-168981.95631142074
83,1.7101678569316312,36.149935302571315,90,267018.6505593976,-162856.1110956593
83,1.7184988131560164,36.15377906857666,99,225127.9478507737,-143335.54018199467
83,4.126556401985501,30.358718903744208,99,212167.1274179143,-131384.34245199818
83,4.174152077489164,30.344990375738412,99,185540.90437554062,-119863.3592583386
83,1.7452379986634161,36.15055963032062,112,126182.84083108335,-96878.08964653597
83,1.7358898762697645,36.18644753935406,112,98770.27756542835,-82684.26858923813
83,4.2359132562605595,40.371184404024,120,61505.87609007094,-71417.75701105075
83,4.23573489463253,40.367270657199875,120,61173.86922984692,-71276.79672115338
83,8.195728904243081,37.41882138282152,120,8954.139857840777,-45707.7413971174
83,4.463386171710137,30.195589113428422,135,-7914.797329552133,-34059.21095414041
83,4.50399195730748,30.18448760173275,135,-32003.811355020563,-23265.135702190084
83,4.549196119447875,30.172128906356903,135,-58000.635253971355,-11578.102011865094
83,9.394014628738171,29.827887253105807,142,-90674.49186423093,-8492.371362964188
83,9.127308405912858,36.140025909966496,142,-113045.65684771814,2010.6495489659917
83,6.179370989622813,36.827476011863034,165,-149114.56150746986,23001.173985492387
83,6.029520108460701,37.02102140892213,165,-177784.33399982404,35156.25634449977
83,9.289083532158807,29.838825362854394,179,-206931.89781193633,35571.04156442962
83,4.568513908837548,45.33192096408239,179,-228087.3101113985,64863.53389773643
83,4.588890226970208,45.32485923056521,179,-241275.02139414306,70851.526640573
83,4.648106325396509,45.30433696033509,179,-278489.5191309307,89665.40562235794
83,4.654655730150631,45.30206716111186,179,-282490.55095472164,91882.52707894315
83,2.553464436559939,38.31516835640363,205,-320061.43944399845,102316.6926913071
83,2.5960641165637885,38.36682938676926,205,-358708.8037997223,122867.79331217651
83,2.5962045781919314,38.2986354467273,205,-392408.21107297426,132853.2059635765
83,2.5998951671628814,38.30450283491921,205,-395645.3832089223,134322.30486329502
83,2.6462829100067453,38.347087115934684,206,-433192.11759342265,153680.44340048666
83,2.6628619808922056,38.32288437891474,206,-459884.62330600247,164042.58443006934
83,7.53045830559752,34.967716593458356,218,-495692.98517558485,180575.44558231978
83,7.5573212732435895,34.90020873168231,218,-513106.95615257294,186661.84871983554
83,7.615830888475711,34.75317140246016,218,-544909.8053448255,197441.35762867323
83,7.713180656990144,34.50852699818625,218,-585649.4070490997,211243.3916414193
83,7.749286747920989,34.41779074640846,218,-598612.6008664703,216068.73896621997
83,7.830980152995286,34.21249149688281,218,-624764.2871103773,227584.73920298758
83,7.430500768832417,34.646416324267015,207,-649549.5938410328,236114.21323270202
83,7.428034369953964,34.54966149177771,207,-676749.44435688,246567.35614128548
83,7.42356763648245,34.374435151632014,207,-715770.0475556641,262985.3657613347
83,7.421227823469222,34.282646180217455,207,-730711.1828838306,270285.0103380596
83,0.9137364863458625,36.052248899351824,239,-705036.7911028736,316010.4079496512
83,1.099242731458936,35.937815802286984,239,-751697.4956666973,333664.1358001942
83,1.0807531464562097,35.94922145859799,239,-767164.118036363,340926.8053230085
83,1.201026279193105,35.845639321396014,242,-805603.4649901552,356094.00322650984
83,1.1663415663555559,35.87202614540839,242,-823959.4700633403,364929.46955812426
83,1.1438737666970908,35.87550145908322,242,-921622.0740364962,409078.5031198524
83,1.1277907924463517,35.879347956892396,242,-977379.9895230206,434324.46999573015
83,1.1184497906829474,35.88112206016058,242,-1010691.9538758448,449396.07203751785
83,1.097390954316211,35.890188391895016,248,-1047946.4333869752,466415.09240865754
83,1.0766758942298713,35.8967336218434,248,-1092236.3744955955,486555.9425730801
83,0.8895564889487105,35.95585676849448,248,-1131775.1776670818,505634.5555029693
83,0.9249342725004186,35.94467863396602,248,-1172461.0088333203,523835.0760702746
83,0.935498987296903,35.94134055590137,248,-1180563.172205019,527432.3025225573
83,1.1092824681041273,35.84562220269565,250,-1283312.1892332626,571508.9114025232
83,1.3807532112211356,35.38016764385007,250,-1330253.8539574156,592098.5432347445
83,1.3788786777076436,35.45861527356345,250,-1538706.7381451726,682964.7148613081
83,0.9765355329634989,35.85392065416743,250,-1601646.3193848543,714989.4210852792
83,1.352466966698994,35.42866628246683,250,-1621616.3103792507,721556.4322883938
83,1.3458049760510924,35.44008870641736,250,-1682717.8967354465,748663.5028696146
83,1.1950715885877212,35.698531076889765,250,-1846457.6536640767,821488.8711634722
83,1.319185537510116,35.51726426463856,249,-1893995.3689780827,841432.2649202842
83,1.2946974231600552,35.541324034240404,249,-1994012.8967065956,886191.2223246223
83,1.236426656665022,35.598575531695516,249,-2128468.3449384947,946925.125415473
84,1.4977763586482875,36.08316157517181,10,1160736.7076294578,-555530.3673642515
84,1.4972597033228499,36.11871290765599,10,1100240.2619271723,-529990.8939456844
84,1.53628827364967,36.10903721140162,10,1034838.13140898,-503701.09638378123
84,1.5586624207635595,36.105491047074466,10,976261.5612628169,-479043.1054633003
84,1.57920897189366,36.09839660541077,10,920871.8951173751,-455363.4546364807
84,1.5477998293950148,36.164513805268996,21,876999.0168380417,-434238.85501276195
84,1.3835778823421914,36.23888652473316,21,846694.939642893,-408674.9256309098
84,1.5924085843052147,36.14431142383264,21,772749.6116823844,-390184.81209095265
84,1.6043447981102772,36.13890575974986,21,738607.8840419188,-375434.0778459214
84,1.601456975828254,36.16963170490287,32,680423.2908028986,-348409.0497648543
84,1.5732364465442694,36.22893583359307,32,641725.0844161886,-326447.2352839428
84,1.5552177869007877,36.2668012081071,32,601732.6513872782,-304753.94993919786
84,1.5459424855556774,36.28629282214011,32,575831.4340203189,-291111.89550993947
84,5.3538591705251894,28.57211080801235,39,488329.2396426413,-273841.27349017805
84,5.2186509372870855,28.540236053647295,39,447133.1813068495,-252677.33349483047
84,5.178678707215864,28.530812773833414,39,431964.6574122436,-244692.74271155757
84,5.098611721532054,28.511937329340864,39,397495.9970713371,-226319.35291545442
84,4.990543164459372,28.486460635882327,39,341562.96369631763,-195926.08520248692
84,4.972699908994793,28.48225416582214,39,331209.6768041868,-190229.08555624788
84,4.921161698581369,28.470104256323292,39,299477.8909612009,-172643.19328409372
84,4.860673664197086,28.455844464653442,39,258842.8139345495,-149871.88944160598
84,4.318163738203734,40.396051382555726,56,209748.0453804103,-131487.03203894664
84,4.295262581804073,40.42301092783082,56,160202.2872497245,-112051.75525672533
84,4.276994987887075,40.44451578185119,56,121676.84178101523,-95789.98087329064
84,4.249622953209844,40.32321431442362,78,82205.0510976256,-79536.14868496014
84,2.8768661970806972,41.88785803185838,78,52368.290687327375,-60715.15187009846
84,2.9405730248549893,41.99900263161601,78,16328.233159834002,-43821.19077863829
84,4.185193110242995,40.27780933360643,100,-19020.43745354256,-33398.14566549426
84,6.079329036431001,38.562961141432844,100,-53979.02150018519,-13797.957932700996
84,8.688492272954296,36.380577365191115,100,-80625.71747079225,-2033.045947097412
84,6.126214876349632,38.52374439372555,100,-120103.29569280056,15553.588931650967
84,4.535995786155855,45.472811103389574,114,-145179.4223889305,29487.64964811571
84,4.533116367118264,45.42868494584544,114,-169728.6207425814,38527.828139160156
84,8.179403628230121,34.94084382555476,129,-205014.9231005065,56365.858765702986
84,8.129320905839844,34.942211694359194,129,-241173.16568193331,70121.95743535456
84,8.063006134416915,34.94402289596273,129,-285392.92369979294,87290.19773319394
84,8.027896167276944,34.94498182603848,129,-307233.02197616856,95927.60881473214
84,7.956086091481981,34.946943116436366,129,-348802.93022009276,112706.04143682492
84,7.899218646149163,34.93183877408129,129,-383935.41891637765,127081.16055870446
84,7.88294291410903,34.835976971496294,129,-420569.8746231344,142011.99459129423
84,7.742058137379028,34.95278868847642,129,-451900.27885180543,156924.3529900781
84,7.676480624079171,34.95457975394638,129,-478282.71664238296,169066.8783573124
84,7.623568218798901,34.95602490758613,129,-498011.0429171419,178438.746610047
84,7.529852023416595,34.958584502073315,129,-529667.6781469574,194091.3732599866
84,7.390007281821201,34.96240396815588,129,-569115.0482111026,214941.82433843712
84,7.818665773148756,34.40409063848387,16,-573198.3868696865,216474.39010335473
84,7.661209278302595,34.446885590752466,16,-630952.2975626879,241657.7375872238
84,7.570969503158802,34.47141177415175,16,-656211.5506860114,253685.08113183806
84,7.394135861219989,34.51947322295795,16,-690839.4132765722,272371.4132742541
84,7.175792282241636,34.57881661841242,16,-709180.8679285888,286579.2176900916
84,1.420974688245762,35.68978030835301,185,-693782.1765600139,301310.8528033936
84,1.1197409135833736,35.923611481126024,185,-738980.0174557719,327640.5554956448
84,1.2009462532950326,35.853534686184,189,-750255.5255891016,331301.2596454373
84,0.5560275558118557,35.78432190745787,189,-785685.7290998579,342433.7666769309
84,1.234556269314335,35.81510041872198,189,-821875.1083012793,362747.65898223384
84,1.2561521744335378,35.7904047210776,189,-871967.5346957239,384706.2546225344
84,1.2668087123048515,35.778218585059996,189,-897814.9369818212,396024.2529326257
84,0.6049564356261649,35.82049270911569,189,-911542.2977814679,399560.2692448732
84,1.2888403193774618,35.753024646492385,189,-953360.635305494,420319.5325920709
84,0.5871157251822248,35.75557278411519,189,-984228.6638151644,432038.6638281488
84,1.3086228224180712,35.730402639633056,189,-1005084.3461795556,442915.7220966659
84,1.326875428814501,35.70953012485305,189,-1053279.5597731897,463955.77368735813
84,1.4596380727608231,35.520079410534684,189,-1079979.3564952987,477293.95224019274
84,1.351856427076153,35.680963450915584,189,-1116028.1512629124,491351.46535368
84,1.3646072422980489,35.66638243309294,189,-1143793.0983927457,503489.0800866731
84,1.3937165231463293,35.633094918885654,189,-1183260.403955254,520842.64844866225
84,1.3833263634796102,35.63852037692008,185,-1209764.997312661,532762.4773460164
84,1.2415686266245358,35.75253087514077,185,-1243582.2507554004,551141.8793031785
84,1.2487462130597393,35.74245151137211,185,-1274634.9630626352,564833.477941313
84,1.260982324515914,35.72526854609623,185,-1326468.0375887498,587665.6662058575
84,0.6909876634036517,35.7926753555073,185,-1343036.4427262538,594653.2838111778
84,1.2784141685162145,35.7007893010988,185,-1396544.8720045064,618489.209073215
84,1.2881047766422087,35.68718094328615,185,-1432684.0385665537,634364.2275430339
84,1.3079853486291113,35.666622946390156,185,-1453046.0026599376,642940.7003483307
84,0.8733264954579923,35.87928860557095,185,-1487623.8876940263,663690.9452329422
84,1.3165105332898366,35.64729121754613,185,-1519917.0600811336,672619.0603571716
84,1.353396596849892,35.5954927396076,185,-1563342.7089512413,691571.419450207
84,1.3474096193763305,35.59192246429726,185,-1607767.9161092627,711564.349495777
84,1.1422115843024085,35.76951961986619,209,-1641727.8673722823,731100.8741151666
84,0.6797643146278634,35.44759869413613,209,-1673133.4628840226,746194.4028944368
84,1.1619522796513464,35.74331722403677,209,-1722921.8285579162,766985.777243079
84,1.1716933609549949,35.730387605114394,209,-1760428.620282092,783537.6625232954
84,1.1918323290078403,35.70365657040721,209,-1831238.2869854048,814729.0380325181
84,1.272313054066353,35.630110175609154,209,-1837553.2848234973,815685.4526447816
84,1.2099154037207809,35.679654382385664,209,-1885372.5994982363,838503.6324617574
84,1.2876990767327814,35.576409863725125,209,-1959058.8869333498,870071.4649571106
84,1.2573196371351358,35.61673337246393,209,-1968219.0387351722,874537.5966011373
84,0.9143039535285623,35.768935327853,177,-2038027.0380392978,909341.6898237678
84,0.9264341638107483,35.759941135174316,177,-2087426.4327413265,931485.7662962952
84,1.2676752222134267,35.50692096835498,177,-2136151.1698390343,951312.3634562311
84,0.9564800445844325,35.73766300193567,177,-2199179.069616649,981546.8875610705
84,1.250363950835158,35.519756764822404,177,-2208365.243571883,983726.7490104861
84,1.1974673104530966,35.607809925409484,177,-2257855.2246037805,1005600.0379493663
84,1.2143862444105615,35.54643317159461,177,-2330006.422472588,1038442.4403694071
84,1.1870113864036151,35.56673082033593,177,-2397497.0989548024,1068903.6617822538
84,1.1721505015202676,35.57774972758545,177,-2425330.348846117,1081506.9874311714
84,1.1284678332875906,35.610139135985136,177,-2472387.9654563395,1102993.4174463374
84,0.9148810963313383,35.61080400086251,208,-2537378.557150137,1133367.0023661747
84,0.9379658365381716,35.595444499468016,208,-2599576.3423880963,1161538.1145143325
84,0.969560220510117,35.57442308097565,208,-2662644.7831921224,1190192.6253173507
85,1.8946412427678836,35.59193805388333,8,1232759.7289198204,-484193.2645819496
85,1.841774010015546,35.57057089936792,8,1162809.670990088,-466918.3567117364
85,1.8316651425860808,35.51034746210217,8,1095241.2311874402,-443914.10930611985
85,1.800549457140467,35.60533446753429,8,1050011.7102491495,-425136.9752742528
85,1.8505094898171637,35.45282123096925,8,1015609.3005733704,-411450.4534377283
85,2.0383658010680166,35.51893072884612,30,1095108.6686744278,-391470.215357132
85,1.7876568164731315,35.482561936709914,30,931475.6730937384,-383355.66634598706
85,8.245384901393091,29.49832748321528,30,744942.4468041578,-376701.68406040076
85,8.18594568295865,29.48474443574337,30,707561.1587021131,-362223.08737849095
85,8.183362691917278,29.547960773466375,30,694319.0690636082,-354815.34135011246
85,8.180307045154846,29.62274492664468,30,663172.1452291216,-334917.605662078
85,8.13658724493933,29.575959762899718,30,629839.05318722,-324816.59339012846
85,8.097344517155108,29.29860879185684,30,607675.602548047,-308888.1657718889
85,8.075883552527593,29.509497538914285,30,564487.7023826897,-299185.7138222775
85,8.175554214526484,29.739066099010525,30,584172.5478525385,-283705.8644978747
85,5.373087035118802,28.569827087165912,55,493094.5841684939,-275843.7116864399
85,5.3040084489374255,28.558486796147236,55,475492.47719910456,-266970.6461223755
85,5.233424721298651,28.546899413474048,55,453233.53006434854,-255448.35822433574
85,5.2070995368725175,28.542577737698448,55,443966.4021235925,-250598.16331958314
85,5.223690109080451,28.40986480926151,55,408410.20093947265,-231197.3740028137
85,5.071221285839889,28.52027127494351,55,388319.0634379067,-221055.73110974577
85,5.053272966298717,28.489092088685215,55,371906.73254470347,-212104.3904485823
85,5.00576108764142,28.50952499684567,55,356571.22282099427,-203912.09589123906
85,5.060245702760936,28.38930211115189,55,329618.335063637,-188113.71660709954
85,4.943131486545964,28.499243403922776,55,322833.8307222087,-185466.5682380258
85,4.894354951282795,28.49123600053854,55,294164.3046744914,-169615.4382272764
85,1.276613596449622,36.84262105939636,97,264164.9085265971,-159796.86510125277
85,1.3127578232572596,36.79992304989324,97,257684.64845146687,-156363.00038649348
85,1.2381979990715508,36.80020376114649,97,219058.29450181752,-141429.6110327162
85,1.2395193542079745,36.780029231662226,97,202553.88390317358,-134106.99570995278
85,1.2255504281159229,36.776234842181324,97,192207.54223439502,-129461.13512519421
85,1.182867913618537,36.76464095994872,97,161799.59063125492,-114929.69816866015
85,1.236008523793291,36.73362038841755,120,152109.38258599042,-110653.57487755395
85,4.307210149935095,40.51186996418821,120,132197.01236500038,-95763.26812049962
85,1.1939942699118662,36.72110010309376,120,115695.09937228762,-93200.34454340873
85,4.2857858597980965,40.51668737108055,120,100828.98417464057,-83147.30045214965
85,4.27041882469217,40.52014276028415,120,80438.4532915777,-74476.51183728567
85,2.893179373053133,41.84048842177414,137,55259.64390708107,-61102.70291847392
85,2.891847988486581,41.9773856692654,137,32089.17382099393,-51103.13504015031
85,4.081568956921848,43.18565607344515,147,6731.76037338303,-41939.32791826008
85,4.3638069012244625,40.65370075025407,147,-15662.918182303898,-34888.42302970966
85,4.026385443413753,43.25060717030185,147,-12919.580692549982,-26146.010629055807
85,4.10516514051247,43.22376047345988,128,-58367.33683951673,-16911.684166034604
85,4.3459925425159165,40.690201583635606,128,-61612.188962719636,-15114.772165755468
85,9.382913170740549,29.83322305932297,128,-103659.96649092148,-4261.049263784652
85,9.37110363978791,29.838127655721863,128,-116746.518511845,164.37153321119376
85,9.35198822670321,29.843618085376526,128,-137171.64089559266,7381.602538211228
85,9.293730737625388,29.945627303894636,128,-141515.99588325561,14612.000738359187
85,4.354454291962182,40.77838613283416,128,-154846.95210547172,28845.99823321336
85,4.356284062433299,40.79745517820792,128,-167988.3524313772,35747.50338651219
85,4.362534652401361,40.86259601723403,128,-189146.25122669112,50221.970403698346
85,4.522111846006984,45.32603691511585,204,-202842.59808569803,55619.54833530873
85,4.597349854557219,45.35985428737389,204,-228692.1944858863,64165.89625120887
85,4.574361946420544,45.299965599502706,204,-241888.98225047736,72719.92607210428
85,4.607516014555597,45.30004993111711,204,-260752.69099473258,80952.48648287736
85,4.624533474598074,45.27493143238039,204,-279387.1848474851,91405.88434399705
85,4.657763115421614,45.25835078570671,204,-303880.4802245905,105097.67484602246
85,4.688100759656537,45.27230170589454,204,-312242.56496469746,109492.42845225666
85,4.6915057943998235,45.241514147569916,204,-328105.1775709328,120118.66997148377
85,2.562220591497777,38.226885147135036,217,-364222.3888279808,125753.37537723374
85,4.494322461684868,40.84293978091299,217,-393781.7813074936,134097.7972772857
85,2.5982331958143643,38.21791084884395,217,-414299.6131483908,147173.32105728163
85,4.515551674995689,40.83675217561884,217,-419905.27126110625,145910.4910181804
85,2.8022393575850564,38.16707275524605,217,-450848.1396931039,167539.83898395445
85,2.655813969367494,38.20356178835516,217,-470937.5806328793,172050.99010142515
85,4.628185705425693,40.80554362184824,130,-488689.4829318117,183629.81888584606
85,4.629765066763052,40.81321675314574,130,-496495.3590909817,186780.79398377117
85,4.636077793331469,40.84388635272303,130,-515559.350031377,194542.1649953285
85,1.3293162858354037,35.35712862208224,77,-533144.3722634033,228498.62553802333
85,1.2434013516923088,35.5104109918779,77,-549438.5240892424,225635.58190809746
85,1.2501078844569302,35.498445746888464,77,-569049.7959263596,234881.30733183827
85,1.2662393365640887,35.46966533482283,77,-601563.4190126653,250871.32824652173
85,1.4296958722735766,35.38915609561353,257,-609739.9892821797,260424.44656801366
85,1.2700407046868083,35.56442222253368,257,-644605.8732199045,266564.62792759517
85,1.280002292681884,35.58472961178598,257,-663143.4540948165,274706.4704978754
85,1.4069573114197358,35.414118015436294,257,-688199.2691489988,293856.3264427779
85,1.2894261319637763,35.54314130310662,257,-711377.4229669423,296755.36904317944
85,1.4525019542017008,35.59784229756452,257,-721509.1986166624,306233.6261384234
85,1.3835288249480702,35.439837321272464,257,-750474.6089469652,319883.78446694074
85,1.3269884739872662,35.49164566132819,262,-778530.0391952893,328871.7170477198
85,0.4936982532416978,34.78660092588923,262,-786789.7799421584,345330.7193788104
85,1.4162674761314025,35.56718439786904,262,-821870.4722307607,348866.99456344557
85,1.3779194181474164,35.54237776567705,262,-852273.3961964265,361152.35585156083
85,0.4622074748079248,34.75995665838572,262,-863302.5333556023,380070.1020402018
85,0.6015001956166758,34.57323978553392,48,-898000.9668466696,390258.1859968593
85,0.594765095023372,34.54373250094419,48,-921245.9545958247,401029.1081922402
85,0.509144929584153,34.63228554626512,48,-956376.9930073239,418917.8811324772
85,0.5523951506832631,34.4531378890866,36,-989692.5985320589,434523.1540374508
85,0.5125726170403522,34.36946462726217,36,-1020443.2090944316,452405.5666507454
85,0.4889698049152344,34.53115047171052,36,-1041542.4076520064,458085.2972173531
85,0.4677019054780088,34.48320320301849,36,-1076567.0027582147,475265.80662438204
85,0.39964985139337594,34.583507333280814,36,-1105091.992550015,489373.1583492645
85,0.3998597171089108,34.507286548581654,36,-1137460.3734582854,504557.5352022261
85,0.37455972853617514,34.516416713094735,36,-1158255.530299622,514736.17893125577
85,0.2795071400735247,34.605374370053845,36,-1200580.7637036585,537259.988649664
85,0.3013797453601044,34.43322920155859,36,-1230549.9235067908,551603.8673799271
85,0.2308790499752328,34.56727311295856,36,-1258441.208940789,565526.1884417823
85,0.15636499397806425,34.59372490944438,36,-1298515.8981039906,587071.9307555424
85,0.0,34.662815995772974,281,-1348862.0212324944,617942.7796370424
85,0.0,34.592812758210655,281,-1381000.7412316592,631943.0410373121
86,0.8694291185169998,35.36746377681545,1,1248444.3154756674,-527330.518283538
86,0.773064811785408,35.44011019995309,1,1141061.347985599,-490971.2629372437
86,0.7606919764101259,35.44943774315421,1,1114117.9868998236,-480396.4026174014
86,0.7381724782438176,35.42490071195971,1,1082347.8045048667,-465740.314337746
86,0.7435757373889879,35.46234120901858,1,1072673.2584189295,-463866.8850427266
86,10.18864339689086,31.04307633967313,17,2059847.2976075376,-352970.3819683844
86,10.118933945927438,31.07405645579533,17,1831360.1502600592,-349216.1024644366
86,0.6920237314825051,35.30939471933598,17,938280.4965624788,-398977.38703708956
86,0.6788447243029544,35.31754357736357,17,913796.2407225568,-389263.6843423541
86,0.04866099831668531,33.60436316691456,26,946414.5204724459,-374338.0832949199
86,8.23184986037446,29.523188163086182,26,771818.0884673903,-378404.14710997825
86,0.021009444214378694,33.71318833393021,26,889482.8642526019,-354961.0518900757
86,8.178474677888854,29.525823298743582,47,731735.906357557,-361423.0169706974
86,8.151198183819456,29.489444098382577,47,715078.026038842,-353728.0095559942
86,8.172786842251382,29.571469795997317,47,706585.9559142442,-349728.8150312619
86,8.366603466992691,29.363638733104295,47,710123.1443910945,-331121.8272424699
86,8.124165374123834,29.525453566332615,47,669364.7634048087,-333870.60739556485
86,8.381877889802464,29.354717854689937,47,688096.9181558719,-318639.8359399625
86,8.40279954661782,29.688261234563296,47,659017.0763177442,-313357.25187978253
86,8.282684871532545,29.77358597653993,47,633508.0278175324,-297276.32012951927
86,8.411989420268458,29.337131507532817,47,637186.38551281,-290315.36457431404
86,8.116901370757896,29.64667877212036,50,585258.7876111622,-292136.7393932174
86,8.139046029915121,29.71301130580395,50,562688.1326066331,-276674.79846874747
86,8.32097392768575,29.826343511036622,50,583152.9157861789,-266003.09977451083
86,8.086176439067717,29.655018179406532,50,529931.5232496471,-266786.76639118
86,10.1150933331846,28.995383714281743,95,572339.5589722904,-246078.2059498898
86,8.02789684773568,29.558381468765454,37,498234.01740866643,-256095.6572579824
86,8.13594238923382,29.77821238511389,37,496748.31327606324,-240859.96836216294
86,8.005974149680384,29.56133651094614,37,456378.39179631195,-236863.64325744682
86,9.134400020407297,37.80515539904955,119,440748.20489579375,-228565.56070828793
86,9.058994485476056,37.74896014813331,36,419940.92113189696,-221334.54842901873
86,9.057692407458815,37.735622534748344,36,411422.01793659,-217487.91704508755
86,9.9838020178999,29.012390345712134,136,397793.39512555697,-206067.78262223373
86,10.090996625747646,28.85935930040905,136,368882.4918432941,-202469.0544754532
86,10.08569384261488,28.847184745144954,136,347337.5715665353,-197286.60631406074
86,9.983971645915116,28.970378592949135,136,345724.94504193007,-194376.72428070393
86,10.078663349034075,28.822300260042727,136,309266.1836636525,-187867.11568586307
86,9.984160196018358,28.923680408626538,136,289845.16797220515,-181060.3558191956
86,10.07002129106139,28.80947136552978,136,283091.0825051736,-181197.94715682225
86,10.062758676752882,28.79290798383937,136,255082.30644320374,-173883.22238457386
86,9.984360736899083,28.874012469701267,136,233023.65139836303,-166700.2076543079
86,10.050101030231723,28.772640498736745,95,216321.1985339095,-163453.27086950102
86,10.045240210063195,28.75598137657409,95,192572.16059612695,-156886.4677045915
86,10.044585560129947,28.753737744258224,95,189409.16345808317,-156001.42226057645
86,10.03578102631781,28.736033189016446,95,159872.03183664184,-147617.94238897634
86,10.003941948924757,28.76785030547075,15,148155.72772690232,-144035.6709475229
86,10.02609554185749,28.717555333266766,15,129049.03851201484,-138638.13296951086
86,10.018749538720977,28.704230044629785,15,106783.72882649578,-132001.5886534342
86,10.000355316027765,28.720309571396065,15,97275.5153678291,-129070.14988122974
86,10.007607864647905,28.68513629010529,15,74746.34966447648,-122226.70962633374
86,10.001643719061306,28.675446804787956,15,58400.75724809892,-117134.85914867844
86,9.996344293995865,28.667143569392866,15,44325.57299320678,-112692.49103902518
86,9.949302323109736,28.719556867462874,174,27906.788419288,-106980.91766980953
86,9.985262567528249,28.65065617222735,174,16158.234380045098,-103638.66696313793
86,9.955173889116873,28.67224397234408,174,-4899.120426396363,-96593.81546035077
86,9.975857397262269,28.63755924187359,174,-6490.307315505131,-96196.67701409083
86,9.96808042219604,28.627317293707105,174,-24414.793535259072,-90201.83618138576
86,9.961740209477156,28.619332768391892,174,-38533.199715385796,-85413.10313493456
86,9.907513668128102,28.681330899956926,190,-59912.14711849494,-77427.83150125742
86,9.917462204073576,28.634704598747852,190,-82810.6967610659,-69827.34434115322
86,9.936923877018373,28.591078165350858,190,-89909.4553488172,-67471.66153822969
86,9.92858790274653,28.582561230082383,190,-105936.81759650286,-61702.784957199576
86,9.914064931439981,28.59379363867443,253,-116024.08660883458,-57999.78788114354
86,9.914514478759724,28.569209308977527,253,-131754.65902125865,-52229.93987612606
86,9.906295495297313,28.561962963442657,253,-146176.02564753132,-46838.960433962486
86,9.892913673399287,28.55098216523012,253,-168710.32064612012,-38267.124854775146
86,9.841956782224207,28.625239361606138,253,-183939.29744886083,-31656.91691273826
86,9.816572654966961,28.662230513913656,253,-191400.93404065582,-27809.735700807163
86,9.76958367651684,28.730705448702953,253,-204885.3312920738,-19650.127749550982
86,9.856798440491351,28.525938733580713,253,-224434.79194618558,-16249.379586662015
86,9.679123867124915,28.86252847941088,253,-229129.64709300795,116.73787652937176
86,9.8337011237325,28.513014602902604,253,-256798.13748343123,-2884.791971139836
86,9.57687374491841,29.01153300517899,253,-252848.96401683235,29237.332179499706
86,9.708574390418,28.731922001628128,277,-283348.61635467137,14565.758409618007
86,9.727556223784907,28.65523913457591,277,-305453.5375343956,20943.837383932176
86,9.782496311945607,28.491684593451467,277,-321323.6664656468,25180.782186265373
86,9.768497796535613,28.489843246862318,277,-336579.8598438671,32120.84944312403
86,9.850908975673098,27.906427519165277,286,-356320.28678831394,65709.51113013616
86,9.775334422164647,28.350464228788987,286,-372522.007638274,50615.35708868827
86,9.791395225814558,28.032331371234758,286,-393393.6093448859,75672.85086035493
86,9.704247763338623,28.475343423299787,286,-405218.7723928479,65007.518946985576
86,9.73728904172315,28.146795289473502,286,-426595.54784147436,85989.23916551127
86,9.66253842772497,28.473482073596383,286,-444282.7309965452,85133.61873768248
86,9.645916310177167,28.473950998281357,286,-458914.897699171,92982.76620485226
86,9.621551340722425,28.47583979547802,286,-479466.4314760482,104329.51706759365
86,9.578571253820718,28.482569475041743,286,-513264.30368677166,123924.16765967257
86,9.589896636095018,28.276610120801504,288,-518674.5167697889,132668.08756497115
86,9.54175704116266,28.491732289405036,288,-539847.9760973635,140314.18323730322
86,9.500358762860673,28.490669712436905,288,-568427.782285313,159197.87408989045
86,9.44050366576748,28.628152164319914,290,-593428.9223362455,178944.94664766165
86,9.423609934798126,28.59233804187299,290,-608005.273827464,188770.68270092527
86,9.405536491218736,28.55402296969834,290,-619910.8789368125,197951.71767959476
86,9.31773598985494,28.808139013208816,47,-640256.0171924732,228333.3643511568
86,9.239926583524479,28.853582841889736,47,-666647.0256010016,260457.73423310628
86,1.0305646368244925,36.09348398240696,47,-690520.8061039719,321029.9815616804
86,8.330809559307053,38.15804203533559,33,-722445.9630430132,323176.3041283339
86,8.330399264319789,38.12156060805332,33,-752102.4213930577,337408.97154766094
87,11.042653433958845,28.158513239966815,20,6080270.354271654,-2280769.5971332863
87,10.95511109214369,28.194413600513247,20,5952979.5172339035,-2234929.370423525
87,10.899982667476475,28.22024156563785,20,5836200.433095165,-2192229.4324029707
87,11.303689573280217,27.79132542712228,20,5733931.23931636,-2150778.835278699
87,10.824118546927588,28.28470955359837,26,5613958.822337167,-2110435.9696358535
87,10.786431662032033,28.17949619959409,26,5515246.953813579,-2071435.9663619553
87,11.423352482206859,27.664095510549274,26,5418410.266613587,-2032995.7610919087
87,10.754575107386716,28.356734238183172,26,5326127.7769554835,-2004161.828612695
87,11.523767504853081,27.621261858729902,18,5233206.333124062,-1963848.9675992907
87,11.552791665176375,27.586734860435424,18,5129596.062456511,-1925314.2982293356
87,10.700654913002108,28.430754231187528,75,5023239.314735155,-1891861.7669829542
87,10.674538101463787,28.408022804059385,75,4932954.566660111,-1858879.0585042923
87,10.674815158862119,28.473870993908935,75,4844509.494289818,-1825243.2037533936
87,10.647326783351426,28.43548519318262,61,4766759.468933125,-1797388.338963932
87,10.631952813262933,28.44468283239518,61,4676757.581190906,-1764084.582009288
87,10.618772137179999,28.45597403447132,61,4592145.001808039,-1732767.0466573557
87,10.613089153473533,28.482397437256097,61,4520597.513005079,-1706179.575809351
87,10.599018899892007,28.483719355921096,61,4442949.688363447,-1677509.3828946417
87,10.60494671319974,28.539336529663668,120,4378161.509087479,-1652362.6911515433
87,10.57325395739315,28.49473699940379,120,4281489.624683826,-1617752.4114222466
87,10.574270349282463,28.534446605232166,120,4215796.511430323,-1593038.1275600144
87,10.578431116996422,28.58121927850607,120,4149920.2793900035,-1567021.9606386917
87,10.545895418277489,28.521870129626915,120,4074264.7624625806,-1541006.8112177965
87,10.562260781799548,28.606761155164428,120,4004539.0664145714,-1512546.212299572
87,10.525761448214784,28.534796125626205,148,3928885.8921026085,-1487166.0810964487
87,10.529324203245812,28.564546319763856,148,3892228.2848388273,-1473322.7597936816
87,10.511461589944226,28.546780759648588,148,3817537.4953397457,-1445923.3117666412
87,11.919480796809003,27.160312580263696,71,3741363.0344515,-1409949.0552908361
87,11.936144697150366,27.140548007860232,71,3678243.495647533,-1386552.1298897474
87,10.504401746328968,28.62856124708469,71,3604834.3344857306,-1365619.5307009977
87,10.49775969868948,28.639241901351536,71,3539799.7044663783,-1341298.4430528001
87,10.453134094061834,28.526297663378674,57,3484788.79906008,-1321472.5273549485
87,10.461684543233163,28.588236084931275,57,3413715.9616468386,-1296346.6665652087
87,11.996352583898215,27.032854640293923,57,3384333.2349962196,-1277628.446015449
87,10.430445368053968,28.544354996515292,57,3296766.136310559,-1251774.739790515
87,10.442091938329739,28.60454859526298,57,3248597.81781913,-1235190.7680409688
87,10.420264808951194,28.558106771969307,57,3199102.683911763,-1215772.7736696983
87,10.41535471724386,28.562858491995545,57,3155564.017442704,-1199665.912780362
87,10.420762535887325,28.622048981394382,57,3066204.210353284,-1167644.1067769292
87,10.403233861847063,28.574588397414242,57,3047253.7596688312,-1159599.9558444016
87,10.414983799363704,28.6473136189216,100,2971990.7727312283,-1132640.0445860021
87,10.400888527644092,28.638403346949893,100,2893725.016712336,-1103780.028363535
87,10.413761339112696,28.704751522847978,100,2840500.9436071254,-1082351.7180700756
87,10.394935077501707,28.6653340215869,100,2794283.656307272,-1066826.8697896346
87,10.372859960946377,28.60398260872181,57,2771483.6787272394,-1057610.0055291895
87,10.362621140400053,28.613891183048928,57,2677452.9488422223,-1022843.285912806
87,10.372223362785823,28.668846790743874,140,2627436.5007373835,-1005197.32724244
87,10.362908849613312,28.669600457004574,140,2559945.956661303,-980236.4577546829
87,10.357119520940996,28.67433333202103,140,2508849.034760965,-961330.5661508525
87,10.352709059971511,28.685803084046064,140,2453441.6632366157,-940814.1018380676
87,10.318306126246926,28.584933669508413,250,2421643.5717487386,-924959.2790747046
87,10.317958217019942,28.59595301318116,250,2395283.517826504,-915876.6896356042
87,10.343446361644906,28.723240362142878,231,2311273.619033479,-887818.9407551035
87,10.330952352783896,28.695808761416288,231,2277760.0742580937,-875857.7013298653
87,10.320751197648034,28.704191601596424,231,2187935.2495182375,-842649.8880972847
87,10.31907033643487,28.714465873228136,231,2155525.378212177,-830646.5504498981
87,10.318758761470956,28.750622404276925,231,2084066.953842272,-803639.8947494639
87,10.306604269097203,28.715835204737623,231,2063912.6284629633,-796816.7411608808
87,10.297715677380655,28.714506529953844,231,2003003.118130233,-774292.7107751912
87,10.30144776423612,28.769822749888768,231,1927933.3906363496,-745811.187938292
87,10.29406531157594,28.77801093457944,231,1862401.3146664042,-721545.5359791956
87,10.287986785442275,28.760985791190137,204,1848874.4955600554,-717126.5868996264
87,10.280422990673324,28.763068079744574,204,1792263.6822129097,-696307.824159339
87,10.273722501801451,28.76813333499725,204,1736929.33429364,-675901.5217147421
87,10.268432044313055,28.77549894221678,204,1688127.5408235718,-657852.6036516199
87,10.262433389176827,28.787561678251166,204,1627849.5026296312,-635485.4360637215
87,10.257120421099392,28.797186473365848,204,1577140.2424532778,-616669.8049875549
87,10.244515293899237,28.806196746228018,204,1478937.4709710772,-580540.0479788607
87,10.23687393804013,28.814143862462405,204,1417229.635481654,-557788.7363959887
87,10.234118077057897,28.809881246261483,100,1404217.6791298012,-553162.3641280858
87,10.225162212758558,28.817931050234062,100,1334726.800526022,-527596.7118316463
87,2.9290831711100473,33.4512421821484,100,1297921.9604150117,-515857.63344372326
87,0.0,33.34963543313768,302,1173393.8830327573,-486822.1678436629
87,0.0,33.32989857957522,302,1171789.0047214117,-485829.56196100457
87,0.0,33.79538356006406,302,1083896.086771569,-458232.0715475707
87,0.0,33.931939141197134,302,1001493.1844589695,-426235.1100602236
87,0.0,33.98331564432425,302,963674.0030389191,-411180.46113722044
87,0.0,32.634220865824524,302,942607.4456796161,-386213.23358388897
87,0.0,34.0925704487727,302,871786.971107229,-373949.4992165859
87,8.157919201801096,29.417850427331217,286,743426.2191733189,-361945.38131529646
87,8.133593467673068,29.434262877439217,286,712942.2272835205,-350142.8177336796
87,8.10152101448039,29.522752074644306,286,636580.6008199105,-319262.53761965485
87,8.045485444017412,29.463847712119236,286,574418.2266091161,-290379.25897156954
87,8.033999449539786,29.501458459083924,286,535369.1193375381,-273643.45803236926
87,7.999796481257565,29.525278592226872,311,458883.8964229991,-239021.12857134605
87,7.9691476302575905,29.522102204453805,311,402174.05249157624,-213104.15708126366
87,7.942466123642671,29.522513405592836,111,350065.87082330656,-189172.11212977927
87,1.3114060619060188,36.86181758218593,111,277195.7436351175,-162618.22310378056
87,9.683398062043219,29.060014975732063,111,192077.19233017767,-128157.9522549539
87,9.8564351995527,29.117023467143827,140,147096.93130538426,-105442.61703673587
87,1.1019790073655666,36.72391203028854,140,81923.82222038611,-72731.01664921473
87,1.8280937925731182,36.09297915063635,140,10534.155509817545,-32754.95971397128
87,11.572626536575095,40.682523722295514,331,-65912.39392808305,-4126.189111070454
87,11.517712628215952,40.14983436015692,331,-141503.96777844412,32475.025880700196
87,9.101102023581053,29.951470923416434,331,-221554.19252102432,67116.04650921635
87,2.5345445574833954,38.27674974980771,1,-311352.1285871523,100052.77735901233
87,2.595308359125634,38.20472913415621,1,-409176.2717079076,146470.44785938523
87,2.7755012670543158,38.34997297250188,164,-471544.5868450689,180179.27356664292
87,1.6863365048120207,34.818572667231,164,-617398.9661708695,239671.43829939308
87,1.7651619513263896,34.757557043048806,164,-683052.2759754598,269051.30005580717
88,10.499886126158115,27.8373150638401,7,2218641.0039070337,-791048.8077098546
88,10.775702221755921,27.668723259110976,7,2095726.6663125777,-729032.0006704375
88,10.359909552219463,28.09868656046699,7,1876693.7827872154,-693205.369609471
88,10.455371329826196,28.085402780256523,7,1803334.4428753112,-677331.9978975545
88,10.22725111572838,28.11714636246933,7,1796319.7735538334,-637455.5349966649
88,10.181420682381498,28.123523798745854,7,1710383.9106687529,-594412.2317413399
88,10.844310564209064,27.818491651564166,18,1659274.454645347,-583710.6885679378
88,2.767082763649271,33.79225913967542,18,1338225.2240820718,-515272.3636542565
88,2.7220797537846466,33.9561032851345,18,1289238.827044584,-491413.8486465301
88,0.0,33.680087013936316,26,1148971.7999456702,-469689.047758219
88,0.0,33.7905818867364,26,1100530.4478035055,-453530.26555313007
88,0.0,33.892930440268835,26,1040038.1871013031,-431743.81297940033
88,0.0,33.99406727497437,26,965790.9032698955,-403720.53032632556
88,0.0,34.08460385604559,26,887978.0285674414,-373381.4926884457
88,0.0,34.149527400871165,26,826348.1902276725,-348831.378508667
88,0.0,34.201803343762585,26,773723.9017937451,-327568.99002893415
88,8.309237729450562,29.757654211851886,57,674222.1423414544,-312861.3346799719
88,8.365799013157735,29.780225413956714,57,672342.2303111319,-306850.05102174415
88,8.392343893993905,29.638094356518113,20,585352.5126631955,-279315.9111796483
88,8.108450969115491,29.829432950546042,20,515683.0066648587,-245756.72886019712
88,9.185759672693028,37.851337270996474,77,451558.59501946025,-228259.35905890077
88,9.215580335814215,37.73412311242066,77,409034.24928139936,-208758.84378406
88,5.638816160130658,28.657138296481055,22,362856.2825397239,-192041.709492795
88,5.45726351607333,28.7626219691254,22,331181.6274309801,-176853.7882078086
88,1.279419110195681,36.84182869779426,22,255053.89524451588,-155014.03010435312
88,1.0802244483887244,36.878876872520834,22,218864.48460888068,-132350.44590889502
88,1.1079599608560988,36.827447473426936,22,190194.6404083575,-122908.08240693694
88,1.1328630669931554,36.78127014803204,22,154610.04081260378,-108780.91047359281
88,9.778178108692634,28.983634464130546,22,70941.77665832144,-75130.92081870332
88,2.8955672839427122,41.90296731262982,118,47060.18661189561,-58854.35716385604
88,3.004517331400816,42.00615609743076,118,4851.107020752748,-38443.88897258704
88,9.835468325685358,28.9971746799277,129,-48776.01829922334,-23855.503922709333
88,9.844182921644391,28.92686119213578,129,-94263.64585269049,-5625.048084146794
88,9.863192498624706,28.908513156166403,129,-134085.56490430288,11992.225335392146
88,4.486798789303513,45.39180488074889,154,-165516.46619584406,38443.97875773455
88,4.536177698750159,45.370754750863185,154,-197336.47729381538,50680.08759516803
88,4.568818526558503,45.35684003154997,154,-218240.9284866213,59578.41733321816
88,4.624839170231343,45.332958543708116,154,-253882.553487267,76539.36270201842
88,2.5669650883776938,38.38313634762877,167,-307757.2384491894,103931.05751454957
88,2.5808598409341665,38.350487015247026,167,-353541.723284459,119259.58566756053
88,2.604707060326362,38.29445177538566,167,-414476.69064187683,142995.3210603318
88,2.6186270052982668,38.29135659847751,173,-433015.3975224313,151073.4552294712
88,1.5835859509237635,34.783281547297015,173,-462565.5548409627,175023.1714294587
88,0.6445813063860639,34.73030954917151,173,-481995.54938415793,203646.03263647915
88,1.6388008650680852,34.78639638208038,173,-549986.9848977268,210820.06699577632
88,1.6736068757523461,34.7909328599344,173,-599590.6662596881,231602.31816130827
88,1.6895389266809926,34.78925866451986,173,-619846.7191005071,240209.5430924374
88,1.7161134033782162,34.79075780846764,173,-650856.3331684946,253668.37512126277
88,1.7819837656713817,34.81219172240363,200,-710715.6324399174,281412.8599905253
88,1.827989384727927,34.83984796368059,200,-732372.2141594954,293888.31500474096
88,10.72202453211566,28.51779518114456,200,-788123.4518827812,301395.023889951
88,7.638167996857673,29.473656720492276,200,-752439.6230157602,342348.7518154856
88,7.031166209941542,28.96043182070109,200,-800088.577490737,377068.3320684209
88,7.601578455149275,29.4251276449496,200,-850940.253648571,391435.4794728344
88,10.72279533261162,28.55680719565176,108,-964561.3377064766,376884.47841911146
88,10.752044669603297,28.538941730319365,108,-999849.732913055,391547.8962229167
88,10.75754761662667,28.542766955288812,166,-1037759.8896020177,407842.954485734
88,10.763182029103582,28.546669136348896,166,-1076276.601221806,424447.84100743785
88,10.755148075560275,28.565644905311498,166,-1128657.119441863,447305.69264383893
88,10.774360177394048,28.554368996779527,228,-1151773.64473526,457141.6466494361
88,10.781195718019154,28.559052244616367,228,-1197331.2788093598,476966.0843358643
88,10.777538285725948,28.571333415906853,228,-1236852.9815735281,494296.24223701283
88,10.79135066985847,28.565977229686247,240,-1264142.864037838,506173.21968063054
88,10.799343810319103,28.571401715821278,240,-1315985.5571544825,528949.2575120314
88,10.808448057786336,28.577555626894963,240,-1374228.4847199172,554658.0320062228
88,10.813982632992646,28.581285232836645,240,-1409212.5543901077,570163.3135945153
88,10.819681450044552,28.585115478651318,240,-1444890.934694948,586026.2825698076
88,10.82529862846977,28.588883779976467,240,-1479724.3510602782,601563.25604882
88,10.79529426284028,28.632165513795705,240,-1549740.7565841256,634373.9163425796
88,10.843595958369642,28.60110896042194,193,-1590836.241921519,651463.8268351997
88,10.845022223866664,28.602059311520765,193,-1599345.7755968748,655307.5857905067
88,10.489735011895732,29.18528614294555,193,-1530636.5544870077,804675.9130260876
88,10.86210798465046,28.6134210882393,193,-1699565.385003045,700825.9344289579
88,10.786164059203381,28.695921358840703,193,-1750671.360988076,730801.4021420822
88,10.875615515223195,28.622383829666877,280,-1776548.3254697125,736117.3979078112
88,10.892072775915501,28.633292879525783,280,-1867639.4162162154,778271.0704989815
88,10.885445477335713,28.6472599364355,280,-1900455.5836064382,793694.4388849485
88,10.906590647050791,28.642923604097238,280,-1945542.278527269,814686.7911088465
88,10.913822675875199,28.64772835295141,280,-1983493.1430757006,832557.2083121755
88,10.852250093985695,28.71721933283321,280,-2041158.6679653437,864675.5202106425
88,10.932769058100455,28.66035259445302,280,-2080218.5278323956,878519.3028279189
88,10.828542681427248,28.767182794777675,280,-2116163.030363883,908273.1109974935
88,10.913096167839987,28.701473086126132,63,-2167317.1151750525,921631.3954453805
88,10.96254442094459,28.680375911429767,63,-2224415.8337040795,948275.6134307303
88,10.971099683682866,28.69285639778226,301,-2285872.851496615,978535.0869368017
88,10.9558589647559,28.720885767372266,301,-2337624.797504802,1005079.251568985
88,10.944059106024895,28.750292634972823,301,-2394793.52272698,1035849.3327952111
88,10.970256074504361,28.75719209164264,301,-2475355.547937848,1076291.4977259294
88,11.034155358200264,28.73032543300124,315,-2532932.6026271475,1103994.3109690018
88,11.033737722189528,28.745779408067463,315,-2575080.386002302,1126275.3427932393
88,11.060781488024555,28.749948183799695,318,-2634188.334605622,1157754.500716853
88,11.032852557717899,28.795885046635462,318,-2698774.0105820075,1194984.6896166122
88,11.095066616322532,28.776472075931242,325,-2754032.586670089,1223881.7770773135
88,11.064076214652827,28.84029752267906,325,-2842785.8024876867,1278938.955525915
88,11.14394267338642,28.817624752376155,338,-2904339.7064260636,1312487.2031788793
88,11.141822593330701,28.85964765261392,338,-2976348.252158088,1359436.1100858566
88,11.197955719823904,28.86974746668255,346,-3041099.6264303247,1403218.3011516053
88,11.193982947177368,28.946343338050383,346,-3123491.347965194,1473233.3258076198
89,12.106323975268227,28.80813995018412,6,2189286.9411502234,-626370.2133830502
89,11.94751507676741,28.70156889152617,6,2002534.0401229854,-598810.7853422884
89,12.047133127914082,28.641086747755246,6,1952026.5993867319,-587917.6110963393
89,12.187734001325868,28.55572227673695,6,1849281.3272533012,-558658.2698591073
89,11.738663084920834,28.6127733228779,18,1705411.8814318776,-530249.1734903194
89,11.627344279902491,28.67096091811484,18,1662351.5549987855,-512029.9295694198
89,11.742238158734445,28.52812288270709,18,1566965.0924864435,-495108.24881083355
89,12.175272409343638,28.384552703351833,18,1582960.9991156205,-486255.88565698895
89,12.29055948069892,28.324290850532197,18,1505565.7065014462,-458131.6646744932
89,12.343705441073348,28.296510857473194,18,1466772.0492632298,-444168.2686775529
89,0.10443243814555192,33.53866813912219,36,1109399.8244057233,-443274.9427001996
89,0.19875227684849894,33.56802300134893,36,1075873.8478159315,-428850.32658778457
89,1.8740807533616022,35.57062953649467,36,1050013.4375094094,-415435.6089543006
89,0.344021068943725,33.6132345436548,36,1007833.2759518275,-399486.1589407359
89,0.0,33.92396088172536,36,963713.5827910742,-399009.86648613703
89,0.44755672653441425,33.64545761576693,36,948102.1925209762,-373659.5535319401
89,0.4750638055234277,33.6540185561278,36,930810.1961624097,-366178.32328260003
89,1.906023674971991,35.72445843032299,36,903930.5357743368,-344767.3316600571
89,0.5769373029697211,33.68572431944564,36,862157.0138294952,-336468.35315276735
89,0.6340626770318804,33.70350326720792,36,820846.8913028615,-318592.84600977984
89,0.02409760733833137,34.17794167548313,52,753172.2774728618,-318094.9618423974
89,0.09181816464393401,34.15872641144826,52,714892.9110952973,-302189.0546330042
89,0.14579997245339033,34.1434094274864,52,685411.1834591003,-289807.3985334319
89,0.2061464909140689,34.126286498616004,52,653942.9696805071,-276436.2285825619
89,8.337500595210996,29.95768384301535,66,605743.3512678302,-269515.764070619
89,1.577670879527137,35.90635774500273,66,564973.4195764367,-259739.94422378505
89,8.357368564603442,30.00009717483857,66,553021.2892316327,-243929.78273375545
89,8.201214389243388,29.666745601544637,66,498736.7719655501,-243962.49897669777
89,9.05109771119956,37.82506666785562,79,455412.1691546284,-234495.54427697876
89,9.161824722643011,37.83027881370152,79,447104.43068647105,-228998.07209723972
89,8.848777112266326,37.95446006498554,80,459638.5876809247,-208644.33623560125
89,8.976224237287134,37.70683947916605,80,394800.83286791196,-206404.62680517044
89,5.825779348196788,28.59691650559668,98,358975.58288908185,-189839.27742794945
89,5.763211173916261,28.581418954397208,98,343194.49990305054,-181764.96650883937
89,6.054096191236312,28.611203968667713,98,317162.21974704065,-169211.86163005806
89,9.020755473080488,37.62031849493344,98,308258.51933755766,-163301.19142443693
89,6.122222710811604,28.618179746851286,98,283856.0890829363,-152932.66694184617
89,3.1365295131288975,40.7142485200185,112,258387.9598298864,-131740.4962346454
89,3.1520861311181148,40.695251985971,112,251808.7393003174,-129104.95635837772
89,3.199856153833873,40.63691894317218,112,212806.6826072548,-111183.87871576243
89,1.4704957272594403,36.654840755509674,119,190707.12975907637,-103666.42734486383
89,4.263610639233977,38.638886272327625,119,151420.94339831464,-98451.32970317786
89,4.230305711872454,38.65810767925321,119,147959.20272064887,-95613.34313973092
89,4.33218447696605,38.732058553219794,119,98983.36846872984,-78640.06098130374
89,4.34102665604134,38.738476837440125,119,92752.06958875559,-76064.08618008239
89,4.378969141891414,38.76601819982805,119,64274.74888103135,-63797.73828730535
89,4.393082138143042,38.77626241908352,119,53336.98469759529,-58895.836241012126
89,4.600283556946726,43.74536323641408,141,26319.496885117624,-47644.14048123601
89,4.429775424771067,38.838624589565356,141,8010.030359379889,-37500.34665274268
89,6.056081580546622,38.457993913427764,102,-31664.37995343571,-18654.394501661704
89,2.9052198477377944,38.87738638399886,102,-56221.16995916672,-14985.980471615561
89,8.641301120517404,36.43721813361202,102,-77968.03835012257,-1131.1281420302216
89,8.708062477919214,36.38503311335385,102,-85809.1443991072,-385.96531070765457
89,9.201885036471097,30.08533905029685,163,-110842.5188559402,13780.798792054386
89,9.208820893642072,30.000886406366767,163,-150152.39177315324,24292.1751642405
89,2.461133263923271,38.33310516949039,121,-147999.57224462877,32942.43023587469
89,4.471043553751166,45.34249728365991,121,-166199.5054510769,42016.05022981672
89,2.4875880462768465,38.337593088525715,121,-196395.5019301164,52701.86143193254
89,4.550986686136116,45.31143442529514,175,-224443.60941481363,64813.78615846223
89,4.572229155936224,45.30348129548006,175,-239588.97655690738,71486.00309819572
89,4.617358076310098,45.28658513578089,175,-271159.3167937709,86652.4910802979
89,4.643260200025747,45.272679641252985,172,-290498.17578077567,97113.1339022414
89,3.843746450814378,44.887133068943605,172,-322039.48737439327,110982.88487853306
89,4.699989855958575,45.23422555143923,172,-335331.8157660238,125025.69679308997
89,4.711470588764944,45.226443358453835,172,-344141.0576747489,131200.77239910595
89,6.4664856698040865,35.518709651732564,36,-378493.05516424886,151964.7214116963
89,6.405312602935702,35.499670953462896,36,-396236.2862204611,159940.01321808514
89,6.372236177192997,35.489376683095365,36,-405154.9607785436,164062.77241262363
89,2.6931715362024877,38.38332690087469,206,-451084.4445931383,167922.19901378066
89,2.7140090271471045,38.365623007717446,206,-471336.9133433334,175859.04672443672
89,6.5294284158086455,35.2986331355926,34,-482927.45816699957,199509.6644032621
89,6.6083891299903526,35.21269568907704,34,-509119.0345103536,212166.46349966535
89,2.1376137774683093,33.886925701538175,211,-530669.7326258203,222328.05257276006
89,5.3434357035659685,38.82207309262589,211,-560151.8014191228,237301.35202648255
89,2.245630103578277,33.82326246043537,211,-589966.5777114829,247335.4915105408
89,2.319648825913113,33.77963690922632,211,-622321.0447723353,261435.66300633812
89,2.3655944390533667,33.74483296473414,47,-642432.8006877672,270445.52845106553
89,2.377355436026413,33.687348832729434,47,-664815.4407355103,280600.5087048684
89,2.496505700030125,33.623689032176664,49,-687640.4068182566,291749.10935491894
89,3.6049588187175754,34.00709338566049,49,-705732.4581346257,364401.3699610077
89,3.7375194021469604,34.06426543290431,49,-713558.4136253756,374949.08659562457
89,7.632939102571648,29.4619374536563,228,-772616.7501231175,354603.4975553242
89,7.6229489069794685,29.451946120123257,228,-794645.0096014685,365600.30027508846
89,7.527634708110953,29.443461240936937,228,-830534.2958726629,384580.2555051151
89,7.598441367395918,29.40791803838393,228,-877012.2703693049,406950.6572255362
89,3.7428072222721958,34.42996070993976,228,-852517.8929701692,467869.1046892467
89,7.548136359161401,29.37712505072476,228,-932600.188776276,435227.440285556
89,3.375577526295183,34.52046161343147,228,-918749.9216755629,507411.8095445131
89,7.162460916810071,28.99140567771744,228,-986482.3193880661,471844.2414882603
89,7.465920760169964,29.294900086902693,228,-1029462.1706099882,485451.3078340895
89,7.259462047987018,29.088417857882366,228,-1054981.1987622697,503911.5942166708
89,7.219699386513281,28.347147625739943,228,-1080408.1012709169,574785.3844108098
89,7.338902015997065,29.090673020268763,228,-1147288.9889388334,550543.1702898906
89,3.2158899378918298,35.028443242082666,225,-1139405.1599240352,680014.5994744466
89,7.448278213388569,29.119366300336345,225,-1218977.7315510632,586971.0480060728
89,7.516734736168116,29.023790272349814,225,-1337756.2955606377,656864.6207374752
89,7.5991123586266225,28.812906524144577,225,-1453471.9995495498,749412.2965387352
90,12.120767566270993,28.787786140091733,5,2150418.5840119952,-625344.1578645271
90,12.174139749625631,28.680696650313465,5,2010406.106666862,-600530.1139562574
90,12.166898755543793,28.64579405399153,12,1962211.4291780614,-591257.7597671853
90,12.017386435881125,28.597531632516542,12,1864688.120117798,-574077.2185906293
90,11.953591222463913,28.530893077016795,12,1730332.500896071,-541602.1286115692
90,11.86605962057638,28.548683493733172,12,1705582.9981527722,-536003.5706452242
90,11.7943299446796,28.525529228865864,12,1607793.2177708237,-509968.8527733259
90,12.194616115012385,28.395611586622937,18,1586676.7181702403,-494009.8644614654
90,12.219113601995835,28.380247813036412,18,1565604.4868499148,-486958.40882965946
90,12.306212877519858,28.325622881523817,18,1487349.7365614139,-460626.52781345765
90,12.393772711159928,28.301392760031614,33,1449767.657498839,-446593.4535123383
90,0.0,33.56605862622541,33,1104081.2824253468,-452181.82267638826
90,0.0,33.691631758496506,33,1067065.80079652,-440610.0996165435
90,0.0,33.78903836291986,33,1025862.1091663179,-426378.62905006047
90,0.0,33.85672150028044,33,990964.7855169427,-413776.6869949086
90,0.0,33.908652524287604,33,960850.9223424019,-402626.4704331004
90,0.0,33.946147226633975,33,937387.2485932435,-393796.8598617716
90,0.0,33.97059270158852,33,921344.5023605666,-387697.5554837255
90,0.0,34.036248681490875,33,875511.6380786779,-370028.63655105693
90,0.0,34.067102289410506,33,852681.8802591503,-361107.10530704755
90,0.0,34.1003430158083,33,827239.248490604,-351079.55821320036
90,0.0,34.12752060439532,41,805831.8254791375,-342577.451000521
90,0.0,34.17524029809142,41,767058.205516647,-327037.49230565113
90,0.0,34.21165527819086,41,736582.1382663597,-314703.8950431887
90,0.0,32.28120697224651,41,761482.6426140664,-293727.43826349557
90,0.0,34.27527158560733,41,681891.5808698804,-292327.3034771101
90,0.0,34.289440965183864,41,669517.4984568343,-287223.34753673803
90,1.8055470726947163,35.79605909603435,66,649988.8333470678,-267313.49556251965
90,8.361676640187618,29.704925180936108,66,580077.099737621,-269292.5435086891
90,1.5984706865259088,35.92012923279509,66,559633.2625676076,-258074.51924589757
90,1.6105299554497015,35.92854931452716,68,550788.6805664402,-254699.17777341977
90,1.652379853590761,35.905490830861524,68,523545.88833790435,-243202.26854589177
90,1.6976558975636202,35.88054460717244,68,503203.2488126754,-230624.27594262338
90,9.075405659113384,37.780962968509236,90,447257.5556091558,-223939.6790722282
90,9.294642790093887,37.7834910497125,90,446707.9731823626,-207897.33734255563
90,9.302043243155978,37.76427427307883,90,439219.8449058757,-203590.59909899996
90,9.318971881566101,37.72031563158622,90,419752.4985094642,-191523.6030305287
90,9.16055755285479,38.13167055065342,90,395647.474093817,-175795.78618229617
90,3.1787471714539968,40.776172770610074,94,357740.61229213135,-173174.34125944754
90,3.2453386026351323,40.724423032337604,94,335134.31322863407,-164308.14784975172
90,3.266503016417832,40.70797567785793,94,317102.58725398127,-156233.14737399475
90,5.830630449962514,38.62096286436889,116,297015.4939100001,-152701.49890239298
90,5.833394498905024,38.59940293365592,116,269268.5059933001,-141736.86507224926
90,5.8345728087360005,38.59021196821259,116,257833.5066580737,-137116.01530493956
90,5.9206622683396395,38.615078336769464,131,217906.35264754802,-124356.22342680114
90,4.747145151324298,28.80080867309856,131,194797.44842522146,-115521.57552579774
90,4.700539611327404,28.807246099487628,131,188955.52920013934,-112702.2589643227
90,4.611450354485229,28.819551622243427,131,167159.02618970093,-100659.72609002504
90,4.57226672950173,28.8249638908601,131,153506.94773609898,-92793.38468450012
90,5.995000056600614,38.636380152580365,143,126199.90193990793,-86272.37907644441
90,5.9970455215017875,38.61012230609517,143,101177.50600948412,-77660.3823756626
90,5.997172051285676,38.57064311863016,143,73596.06860100891,-67313.06793203947
90,6.001824671605803,38.54877185726127,143,54653.38076501883,-59360.832618121436
90,5.02474863735595,47.3818193651459,143,50471.227497688735,-51635.857567669605
90,6.0111856198066915,38.428604387912934,143,14903.808674817763,-34317.89795177541
90,2.9416898194691856,47.060626209668875,166,5573.196350034552,-28213.69598638507
90,2.9286306444485577,47.10256154001659,166,-15980.685114359885,-19470.21756089768
90,2.9158346639773147,47.143651705921926,166,-36871.358933081305,-10564.9751274594
90,2.8990009228708846,38.860775158418434,166,-79336.13375114663,-6673.393850784392
90,4.129515963572118,43.24630549875712,166,-96597.32979534341,-563.918207355211
90,4.11552723605524,43.29122578726215,166,-102410.39414712132,4872.103432941718
90,5.424180477057565,46.13420928682798,182,-111744.4346658185,20995.156311429222
90,7.142660632072877,38.74162305401934,182,-148433.93669707165,24393.364584347015
90,5.484311575516679,46.05299307458003,182,-175290.9361413832,43340.62316881449
90,5.518826046590669,46.06117150961011,159,-189721.68926534845,49035.26127988312
90,5.529787537687306,46.04190432054712,159,-205013.3805223113,55242.589161021286
90,5.543210835663258,46.01655613289543,159,-225309.10104818846,63885.23807983994
90,5.564845092231578,45.9802830935137,159,-256764.98575580586,78223.4411426821
90,5.5818293995979,45.97879984130291,159,-266409.3811226539,82871.8408416076
90,5.588046868587176,45.93950095833706,159,-292644.7587440865,96060.45119573698
90,5.595475725476969,45.90284894901283,182,-318548.1504985443,110095.74826623262
90,5.608283411585888,45.885550217074076,182,-335635.80057993665,119836.2380085505
90,5.625547627356832,45.86223226266649,182,-358449.24927298806,133589.90800788376
90,2.607835945512039,38.36840085559267,211,-379850.3353029983,132738.0156278283
90,2.6274210134167095,38.34699512600667,211,-418554.6938105275,147399.88210642542
90,2.637112076267969,38.34374984189135,211,-431383.8774724533,152879.44574894436
90,2.649424088761181,38.32294660684008,211,-454246.2021644251,161716.8220749962
90,2.6685452067148625,38.30204795679246,211,-478019.2709436029,171861.8568813534
90,2.7003042313319665,38.26733655848747,211,-501660.9215195211,183089.10379930862
90,6.3734679199640984,35.27949537725402,230,-520889.83542820264,205332.97427221708
90,6.25741842978956,35.23363368109818,230,-544275.0659363964,215767.47498459325
90,6.347624342203244,35.12452665606791,230,-575116.3024946704,230980.55730144706
90,6.321467124340163,34.96767721983513,230,-610938.4251765163,249866.4919334595
90,6.310945353964592,34.904584357275446,230,-620428.5357297778,255608.1952648796
90,2.7023978870215073,33.81566855550046,241,-643486.8281654239,275491.9571515301
90,2.758328755741836,33.21705928365207,241,-683995.0821359702,287914.39069806924
90,2.743366327931641,33.37719711489748,241,-704750.9800151007,295564.8330307731
90,3.849111583842705,34.06397208701319,247,-722401.1584094047,365425.21684960194
90,3.844730467988769,34.147389780008865,247,-752080.517452349,384648.0972894633
90,3.8422395501618856,34.1948175645021,247,-769473.7625117659,396039.58825250925
90,3.8345282910566723,34.34164213296699,247,-825169.716574424,433101.21929064725
90,3.832198888289959,34.38599462473741,247,-842335.2410000273,444707.855583193
90,3.829148000671042,34.44408439347303,247,-864854.0541031319,460081.06148079043
90,3.497457576427919,34.47085189640626,141,-913142.267303627,489856.9977671152
90,3.4382682395407036,34.52476079177787,141,-939075.546029218,508423.21202201094
90,3.3669397256428124,34.58972589520623,141,-969169.474698289,530710.7097200787
90,3.395058936570209,34.69921178509376,164,-1025204.0102720896,571022.5253477897
90,3.336254324360905,34.75131243400173,164,-1049655.776240852,590176.2371624325
90,3.2045583011139196,34.86799457868359,164,-1093044.6260498536,628428.3544811731
90,3.3203541334628732,34.96098961160346,164,-1135371.091401822,659894.9777404309
91,0.0,33.67806611340628,1,1086679.580997641,-438374.82889389846
91,0.0,33.762911884300756,1,1051163.137035346,-427206.9383067099
91,0.0,33.84470590321414,1,1009289.5372283717,-413110.796749641
91,0.0,33.92142694633339,1,963509.666070461,-396966.7532761651
91,0.0,33.97026717048796,1,931285.7803600419,-385264.3024076937
91,0.0,34.001887871635596,14,909224.8062517323,-377119.20226725726
91,0.0,34.060855352264355,14,865747.8864783873,-360792.2783829119
91,0.0,34.1012701553179,14,834337.6587968718,-348795.1929022936
91,0.0,34.13617675094702,30,806262.0313473782,-337943.20782286033
91,0.0,34.179553078665506,30,770291.7147924433,-323876.66709160263
91,0.0,34.21289909342821,30,741932.6146318613,-312666.3194607557
91,0.0,34.24441097705814,30,714661.1057863131,-301791.97840439325
91,0.0,34.25797670887151,2,702801.0428465832,-297035.3041144464
91,0.0,34.298137002747474,2,667356.070042228,-282724.08867227635
91,0.0,34.32624867707636,2,642328.5963429781,-272536.0622073064
91,8.36991418854009,29.693612503927387,58,573859.5060180661,-267304.6670946767
91,1.5956189937055263,35.91436520537255,58,560744.1838837483,-258517.78496020858
91,1.5950330279989606,35.9545529760252,58,540966.1940933624,-248830.56819798882
91,1.5947500093880893,35.973963475473695,58,514414.8102984497,-236417.6458609667
91,9.038783805898717,37.83319784050715,69,464586.91210971406,-230693.92661962647
91,9.097667965724956,37.84243713995847,69,459516.6535563673,-228740.01874896447
91,9.073202715983369,37.74104220127286,83,420567.1140767669,-214321.23533914547
91,9.556636252824179,33.98384052319589,83,429690.9103715928,-202309.99931641
91,8.92932589646895,37.70495431657852,83,401018.7541692877,-199085.90329067365
91,9.054173764422988,37.67405996052046,83,369787.767003117,-189710.03768950974
91,9.623664685812319,33.86566758932163,83,354347.71285997756,-182031.60386790906
91,9.636995420236055,33.84216514524942,83,337906.47358383593,-176427.74631763328
91,9.656642979354546,33.810386954850365,32,314165.44470895105,-167703.45768073128
91,9.690504112018846,33.779335170727485,32,283795.49625725433,-155601.48240417702
91,9.753542452488192,33.80834652557467,32,265087.9868477914,-147444.34850261512
91,9.762756655813885,33.79130238049465,32,250644.93678416865,-141371.25010931908
91,9.793948298464167,33.80749569255801,32,235668.3385856566,-134659.6035526896
91,9.800048728340713,33.77105675642383,32,213662.95002856944,-125137.42921212404
91,9.821562480980289,33.77583686068944,32,198469.64536497134,-118348.99401036977
91,9.85290271021079,33.80625427912439,32,183410.77627093947,-111502.11084143705
91,9.872349229884703,33.80584479033389,32,163840.70808844612,-102738.81623214614
91,9.878681444905606,33.789205266729525,133,150488.6991173025,-96779.16011235346
91,9.935765558164347,33.976462290367905,133,143407.85965783068,-88547.55661584073
91,9.952181215191603,33.95025401034434,145,116854.00732124352,-78080.74155106346
91,9.962515382942051,33.939413432001665,145,101074.5693080634,-71504.39564332756
91,9.94423162841311,33.801194670548725,145,81298.28685793065,-65446.75476488218
91,9.98433421906869,33.91652539611057,145,66935.19356548598,-56997.53535793507
91,4.853783152161915,42.98485474342079,165,49982.75978339207,-55812.54713761256
91,1.7564284760808329,36.126067391095106,165,25917.343749979325,-42113.8480914415
91,1.7587402156093421,36.12606082100645,165,23690.757640715594,-41316.249847286
91,1.785759976168806,36.12598402938688,165,-2737.9340362585735,-30982.954114902175
91,4.862662555757979,42.92519672273205,177,-26444.65823392471,-21627.552692618243
91,4.840015719787461,42.91045921350668,177,-31915.03557218174,-19787.044616870815
91,2.9441512658214615,39.60992060272012,176,-52983.44840790589,-4733.042915042322
91,3.026094731632777,47.149141443414116,176,-50877.60949761549,-3284.7463135414605
91,10.944883841848933,33.18197930621505,176,-96846.22562127914,-1151.94364132687
91,2.9358381327981893,38.845069554256625,176,-101425.36991982312,5389.239151806854
91,2.9355089295031935,38.814781155811666,176,-126393.76700993863,18406.427361879316
91,3.0077886654605677,44.5732745374248,176,-136867.73591068314,25591.6254791405
91,3.001673975864212,44.56968514579665,176,-143388.57058619885,27776.63774797214
91,2.997135575532471,44.48474995058823,176,-167594.4082412505,38413.08434726621
91,6.181968544459954,38.52238866205177,176,-191635.44014224067,44415.4756086511
91,6.1998310210638,38.517677973553646,121,-209425.4004921732,52040.83571398606
91,6.207696962708884,38.51556635849563,121,-216565.98126368888,55132.58709025205
91,6.2301122896762235,38.50954895535559,121,-234574.0914066546,63039.26776398696
91,6.269112826409344,38.49907924627915,121,-257570.72225576453,73547.41912870869
91,12.434585794375648,28.134243151264315,59,-271169.2612125837,81012.13946736226
91,12.443687580664164,28.127709456777396,59,-283468.3937171578,85213.41307593958
91,12.444063598659163,28.112348192825458,59,-302373.6694037777,91670.40049968676
91,12.469286659165006,28.109333222402157,59,-316900.74990502413,96672.87815204513
91,12.476203528884522,28.087660477797545,59,-344988.9782341942,106347.47713778178
91,12.479311152191535,28.078705521215863,59,-356415.7929697018,110312.39763577367
91,12.522299643037377,28.07127798472875,59,-380697.9192967635,118719.59663914205
91,12.539109038692436,28.05899286157651,61,-399633.80733741616,125315.4213099099
91,12.549805972801389,28.05130639732668,61,-411162.46990116284,129344.50506179762
91,12.5649908814467,28.02710232133571,282,-440289.95524536935,139585.55714821286
91,12.574100931270799,28.020580153790124,282,-449286.01100830844,142760.78530142154
91,12.599723251241981,28.00223633932311,282,-473476.8946048795,151339.11261100674
91,12.654240373791412,27.99867083149939,282,-489142.6979040056,156950.4449726375
91,12.652784365741098,27.964248239850463,282,-518466.9513859305,167478.2033888951
91,12.629419120207425,27.949360182509857,250,-526530.8883911343,170504.23849810756
91,12.663833708039581,27.924056216073943,250,-552740.954201786,180066.5060926737
91,12.76431513440858,27.92191694956226,250,-566048.8632634486,185021.66656131082
91,12.716409342704466,27.885399001831107,250,-587445.2636107735,192950.9145810637
91,12.77146823697422,27.844915924730344,250,-617223.9723735477,204310.97958392047
91,12.803433499705008,27.815980026831866,294,-634646.3345293197,211155.52381236412
91,12.82412021573191,27.792209065767402,294,-647192.6080445654,216195.7508600208
91,12.909486193510455,27.69411561626267,294,-684973.5674427173,232430.76101439173
91,12.781150828514374,27.67016895940041,277,-704602.2890446716,240779.49863636552
91,12.778779359833866,27.659218716773527,277,-708998.2228307918,242819.8026655921
91,12.751601567924242,27.6008933492763,277,-731419.6808412545,253812.68197375402
91,12.743832084176276,27.497849877815206,277,-760202.2267536576,269598.92888033984
91,12.70566434734364,27.44840601951923,318,-773631.0511991745,278271.40388598334
91,3.1455580606029354,34.42204571427731,318,-764415.8231425715,421217.4650910288
91,3.1271129356990586,34.475847176344494,318,-789908.7165443088,439082.75248000625
91,3.123394895253804,34.48669210220008,318,-795242.6988576524,442811.03583454026
91,3.105582731910331,34.53864731722044,318,-821594.1191458546,461206.6456078308
91,3.462151896240198,34.58035064181566,55,-850203.9444507428,489713.01552895707
91,3.391772858833569,34.6310960608727,55,-887826.9724687708,512615.7888103758
91,3.049839802973866,34.70124047353236,55,-908626.337267852,522542.3969375453
91,3.2378219377483477,34.74209934100496,55,-958206.7022116641,557904.6092630777
91,3.0931788709391133,34.79233202200831,55,-972678.5916671214,568178.7757124444
91,2.9592928391496356,34.94292726290888,55,-1009665.8845085594,604308.9643959877
91,3.2476578342080202,34.92298359999795,55,-1045327.3632142056,624582.8300289639
91,3.178105178017,35.02373317109077,55,-1080731.9000470166,655932.6729555049
92,0.06207254645637372,33.273543588013936,0,1145914.2333087814,-440660.54813753517
92,0.43472649225960447,33.280370360123634,0,1073804.1817849563,-400820.1562999154
92,10.174605561647079,31.0478989492363,3,2045399.9666886437,-352346.51128778415
92,10.035675268881239,31.091388643096025,3,1637048.7396325427,-345528.5158571263
92,0.06078135245024957,34.02415910085596,3,858577.7301750192,-353114.75742630777
92,0.08708272258447086,34.016426098181995,3,848004.9225739748,-348490.370676293
92,2.0134489729950023,35.69172724640274,3,937816.3414670158,-325116.9315146219
92,0.27646124803324124,33.960745932615986,3,777552.9239453553,-315774.40400801884
92,0.34465591269421114,33.94069566445573,3,755414.4244798595,-304598.0264990915
92,0.4413880921101912,33.91225493310734,3,727438.1475917337,-289557.75843153463
92,2.107236858710751,35.68665364625695,3,751726.3138600424,-279106.0849068642
92,0.6310214032733394,33.856499856667845,3,683219.0230759141,-262774.1450341999
92,0.674179256383739,33.84381079173313,3,674459.9626593571,-256990.1851468737
92,2.1612024495478526,35.68373429449366,7,606732.1572288302,-241319.28162994355
92,5.78796524963785,38.827094355976854,7,540641.3588463642,-231303.7055860079
92,9.085934744579783,37.90967980758745,7,462189.1678866162,-225668.291245419
92,9.021852599328145,37.95742966579655,7,453428.1994913232,-216670.16128147946
92,8.977313259916201,37.71417967013937,7,406994.6973217627,-205190.67911829893
92,2.219492055729229,35.68058102845975,7,430932.47409754357,-194427.5062665307
92,7.708683315440439,37.90953580349667,7,408160.542400724,-180080.38549448483
92,5.724070579957723,38.7192527862456,7,382937.85414123733,-174634.28168237858
92,2.812475717994551,42.83281310363834,7,354069.74829440645,-162417.04234844292
92,5.8395678160108355,38.632868176423514,7,323281.3986944881,-159044.07594320487
92,2.1215688095536316,35.85387920501199,7,283973.9063494542,-147075.3358337865
92,2.27252988143352,35.67771186558043,7,261077.40295073346,-148239.8924896184
92,2.138338989534329,35.85783977405975,7,232307.0571261408,-139012.16242352905
92,5.939416979994095,38.632488554639245,7,224324.30362212713,-122270.2488706955
92,2.3043901013928667,35.67598833790521,7,157039.14376453278,-119549.3050764802
92,4.054953819460614,42.983311240164575,7,184988.89852744655,-98886.02551913596
92,4.054699507131725,42.950313595475166,7,166513.60638974633,-92011.38540581834
92,2.324631107869272,35.67489336948124,7,90785.9304596832,-101118.9302018438
92,2.2088472994111963,40.66787364726261,94,129898.10522444767,-80023.16740145387
92,2.2007903552003536,40.68795160085254,94,112263.79441807132,-72123.6914955786
92,4.637876645583675,43.78363337101172,120,76096.7877022833,-60630.187736333486
92,4.622200145768277,43.73097435577933,120,40635.32101150922,-54919.88797111728
92,4.614446227599305,43.70492812736235,120,24467.747173331503,-47321.68661026987
92,4.903749817046287,43.14288654464812,136,5416.2529099605,-40887.39148377805
92,4.90213622301745,43.155088376292525,136,-18172.69222352657,-33090.418330058164
92,1.9840421729225775,36.554118053759495,149,-37309.521108912646,-23101.680885805596
92,1.9928527551031208,36.54249336171508,149,-73034.3335019032,-22055.496312281502
92,2.0054114327333,36.525923428316304,149,-124845.93064800338,-20742.324808318226
92,2.0092230145167913,36.520894423021616,149,-140721.56305026708,-20379.36363328901
92,2.298440807630108,35.89565059695902,60,-277414.11108617095,-55680.925314977976
92,2.307633048015812,35.8978215040568,60,-305969.31553655444,-50687.94085939119
92,2.1276826692931694,36.03373178574555,60,-305467.84485340776,-32181.518791751212
92,2.2390824882820612,35.9741579283472,60,-355813.5938398458,-42372.90357145054
92,2.281702337971082,35.952025490274494,60,-387996.27615129977,-39353.71135591192
92,2.336746942825178,35.90469725558566,60,-394944.52830811933,-34818.29410564016
92,2.0188611585732166,36.38421547640695,178,-373760.080440129,-13747.815625950365
92,2.036301407247929,36.38038549469675,178,-411107.80091710517,-13709.135205949666
92,2.0557537257943768,36.37611365054801,178,-452576.43038429343,-13366.670167701655
92,2.103795425622116,36.11800818257876,106,-465553.5425871655,-10615.083634224968
92,2.123878369763769,36.11908220719302,106,-500926.40702733386,-10231.129675290442
92,2.126514622790433,36.11922319252963,106,-505567.7773928543,-10156.714148827316
92,2.06589480271975,36.29188401856591,184,-538940.6254873961,-9187.565710666502
92,2.0767634867014726,36.29138358509583,184,-557669.8004001713,-8891.271727619896
92,2.099491071052996,36.29033712501635,184,-596691.929264105,-8015.638922912058
92,2.11776478855585,36.28949573705471,184,-627854.8179865516,-7059.338552047002
92,2.123600838302479,36.28922702424356,184,-637756.2026660546,-6706.270237520186
92,2.1605819094204506,36.34138233158087,184,-675417.1524288055,-5971.228450761524
92,2.1663539321752587,36.33770614978351,184,-687908.1696733896,-5272.176244429566
92,2.1680204313101714,36.287181785730276,184,-712080.2932007421,-3254.006527703872
92,2.176735740252827,36.28678050142536,184,-726411.2572902896,-2416.2678922748173
92,2.207707282129133,36.34261685297033,184,-754922.0251522831,-735.7521066914802
92,2.202843286322629,36.28557841569936,184,-768760.8099566271,412.27400071073737
92,2.2209621396503065,36.31149505436544,184,-791868.933197126,1963.619221775401
92,2.231297946556232,36.284268260359084,184,-813823.6728843553,4043.8200653693907
92,2.2467974948693907,36.30365863399203,184,-834928.9766539222,5843.839755954575
92,2.252392386777636,36.283296996134546,184,-846417.7873285286,7106.847767328718
92,2.262167403356139,36.28284691906223,184,-861271.1802876345,8633.134562731331
92,2.2858006501134778,36.32559398600298,178,-887640.1327878721,11818.997754796228
92,2.289654312178163,36.324747699031946,178,-893740.0118445773,12536.714690551747
92,2.305455221781743,36.314855523112,170,-920287.2172133868,15694.337071287442
92,2.3130030006687714,36.312711883254984,170,-931764.980023936,17201.070511369664
92,2.3288890325712237,36.29804820672216,170,-957066.5439816517,20629.01374657389
92,2.3356530633965567,36.30627905341803,170,-965120.5137337914,21923.654880667546
92,2.3525352080541495,36.31093868256564,178,-987182.5369609396,25505.98156664206
92,2.36225207711238,36.3088048006774,178,-1000601.7307375546,27717.411080620015
92,2.3729124691284125,36.2907509589113,178,-1016895.5150713407,30397.925127182356
92,2.383378981072771,36.304165207672135,178,-1028843.9162707746,32711.53158497917
92,2.4044130336758816,36.299546005373834,178,-1055698.6073419082,37931.48135157713
92,2.4221475938025967,36.2561172753458,193,-1075471.0937643924,42872.91988943884
92,2.426149956599254,36.25614431071597,193,-1080227.3683003078,43933.53535385596
92,2.4396114190357836,36.25623524090856,193,-1095948.0612096933,47564.40192344934
92,2.4611718332530357,36.256380878325466,193,-1120216.9229575808,53573.586635158914
92,2.472059491363094,36.256454422849586,193,-1132034.7871196542,56692.850881545375
92,2.502784708025167,36.33019204414294,168,-1155668.5900074446,64188.87349434156
92,2.5065552001958853,36.31362083582687,168,-1163972.7588316863,65687.43284685578
92,2.5277499599054587,36.319645208384834,168,-1181693.5796716919,71805.26052517976
92,2.5494857904896673,36.26768717035334,178,-1207520.339139362,79919.508951376
92,2.5565988782801123,36.25895363447839,178,-1213296.8792927475,82419.99591545224
92,2.58348663147392,36.260220384670994,178,-1234911.322092553,90997.35341964223
92,2.606557902079827,36.27398477095984,178,-1250985.9225544995,97899.2789417797
92,2.6320187825485037,36.24956243738831,178,-1268786.980965187,107362.03240660267
92,2.6775918841992876,36.23955431485206,178,-1295100.6000243607,123135.97453269873
92,2.6950912650539487,36.23571134736557,178,-1303811.8237880685,129254.63038226859
92,2.7555298864803413,36.22243866880635,178,-1328067.6863491954,150443.71567746944
92,2.822238010995166,36.1628031964675,171,-1347999.8742245531,178961.19393250687
92,2.9225994405269122,36.09712830770601,171,-1363674.0993082314,220877.54261744765
93,0.0,33.785202473648454,7,1055177.9047270962,-423984.7436349828
93,0.0,33.933184399399224,7,967602.4470049182,-394045.3099999071
93,0.0,34.020241633296685,7,905400.1278032205,-371676.30559600313
93,9.414134609490734,28.963243052352162,19,857728.7962062798,-346288.88446392474
93,9.475489663715322,28.96237693637725,19,798176.170347651,-329122.33323259105
93,9.54073108624684,28.96145595865186,19,699412.7272711311,-293458.34389469476
93,9.587786540311214,28.960791702365444,19,608086.9232656002,-257553.92651155373
93,9.057529595773918,37.818772642848394,19,458402.1891920502,-229185.74231971658
93,9.277498770710954,37.74092527569831,19,424064.3821895033,-200982.52240283016
93,5.683718633337979,29.015903308477053,19,344881.4292240274,-174541.94277293584
93,5.758202179755928,28.69452980610607,51,277944.7409471628,-152476.1491057676
93,5.360473220565469,28.72995209966081,51,239490.8363877836,-130486.32130642663
93,4.638941695582574,28.79421269948982,51,176362.84341613387,-105794.13829665966
93,4.527280428233194,28.804157407058494,51,136710.37415916924,-82812.6455461892
93,2.249232910917378,35.553617828947246,8,58339.44230818873,-76044.2237240591
93,2.2648737314436875,35.551441224553635,8,-15444.363414869074,-51851.51069165526
93,2.2778182817686665,35.54963983791517,8,-77717.76646035012,-31581.359102709994
93,2.626966959974513,36.546316751951565,69,-139706.1448139647,-7199.3409458601545
93,2.6518422435614966,36.52200706512227,69,-242038.1140787117,11252.42396279311
93,2.6645090776218914,36.50962824065379,69,-298691.31805809785,22015.765378786917
93,2.6389668125602097,36.43686352495143,69,-392049.76636093215,41845.9364744323
93,2.698126877028361,36.476774819200166,69,-462246.5839055654,54693.590019860916
93,2.710611973681819,36.46457359992089,69,-527312.6304566155,68223.21077765115
93,2.6818145024759383,36.40795305915756,131,-588976.940888107,82631.88680691716
93,2.7027052065250516,36.40486711320167,131,-660876.4941176531,97683.79378025609
93,2.732127837921024,36.415537298628934,131,-721027.9192496802,110087.31942312127
93,2.731015787076381,36.39288481923428,131,-781473.7478344344,123877.06565292129
93,2.7481436695228396,36.395755494502964,131,-826140.0825452281,133496.06228316546
93,2.7646796052159606,36.39271462796233,131,-885802.351159359,146768.2609330929
93,2.775864189259889,36.38484335384947,103,-943570.4808349315,159871.8542467638
93,2.7694515490300904,36.36058587420395,103,-996873.0667442969,172587.37297321222
93,2.7998985451473306,36.379192401528506,103,-1034046.4548189736,180541.0655152977
93,2.816015498690996,36.37540298705612,103,-1094333.8483414866,194518.2450725626
93,2.807294028782521,36.35074638013597,144,-1145314.8487542032,206655.0546687852
93,2.819229303041116,36.34710364998405,144,-1193415.9725505738,217897.3725055448
93,2.8298694475697355,36.34474526225513,80,-1233232.2531342758,227261.44977775062
93,2.8489920884330644,36.34433891575986,80,-1291605.7622878263,241105.73578065916
93,2.8521057362657163,36.33401535125424,80,-1334351.4561602366,251359.2157802407
93,2.8420229511410056,36.309946412270286,80,-1382152.0755297772,263182.21296562185
93,2.8670169422732763,36.32682008969038,80,-1401620.2132595617,267572.102617025
93,2.8781007463806314,36.31587057623007,178,-1469775.7823908944,284134.8594790685
93,2.802080616967543,36.23146374465202,178,-1500629.0262619636,296371.3163651385
93,2.8577045849959357,36.274714073981364,180,-1543981.7757488831,303002.0389781556
93,2.8632066689413183,36.271993037191294,180,-1569516.7317205747,309228.13865632535
93,2.8762445103732976,36.265545217319456,180,-1629613.677317378,323958.487916292
93,2.8821923574864785,36.262603729879906,180,-1656823.851105249,330663.6947470053
93,2.864588305618796,36.237276407360966,138,-1685300.1647035608,338864.9317674805
93,2.8896700645861766,36.243131451136165,177,-1742131.6166270422,352223.0647032029
93,2.895123239946431,36.2403136776454,177,-1767239.3022749627,358476.01478422637
93,2.908045186676715,36.23363662867113,177,-1826198.2143355878,373233.70608589513
93,2.913940162770524,36.23059056719896,177,-1852832.7379596028,379934.9176518402
93,2.940756952198048,36.24716344495161,148,-1871870.7541906382,384358.52568105736
93,2.9505052759644657,36.241437975618354,148,-1916436.1656012011,395725.03618572693
93,2.925897018790938,36.20480003635896,138,-1969519.1686961262,410012.68534884177
93,2.9313211590359574,36.20192676791391,138,-1993754.9751959683,416191.89355967875
93,2.9441743036119736,36.19511821705392,138,-2050519.605037924,430736.7092398954
93,2.950037892248221,36.192012164584355,138,-2076095.54116096,437323.5183635459
93,2.9843794982492495,36.20514321529342,226,-2121006.2931143693,448608.7145303885
93,2.9951183669319366,36.2016094475086,226,-2158212.7102194014,458363.26085410133
93,2.9932973539640177,36.189665472227276,226,-2192592.5399604803,467396.6588151254
93,2.9245170300685768,36.1234397739736,194,-2214871.506030259,476870.95052470494
93,2.9323716492895047,36.11934091320912,194,-2249396.9255063706,485791.47985637275
93,3.0108106496139437,36.17626840681471,194,-2276329.983679221,489552.09977826645
93,2.9515043966919055,36.109356665031264,194,-2331778.403729104,507235.582936016
93,2.944718939778254,36.10165799298472,242,-2335120.696458203,508830.8459938911
93,2.952530161552261,36.09747702215612,242,-2368594.985590084,517600.300135719
93,2.8950201937242266,36.0221991548415,238,-2395469.5150817162,534348.2483594617
93,3.0429130277804335,36.140553515520786,238,-2458407.855645282,538488.9598077971
93,2.9091597876875537,36.01192116442309,238,-2465242.738442911,552817.2894625573
93,2.9192103007319607,36.00461550366379,238,-2513850.7965203524,565778.3084980386
93,3.0441037107701163,36.103183616601164,178,-2573341.8619040553,570161.5472252059
93,3.051085931770593,36.09948281189717,178,-2598609.3507349975,577096.4717560896
93,3.0659414283510698,36.091608914519604,178,-2651107.9257319192,591599.5728674332
93,3.0492216071957254,36.0766166523069,178,-2660373.4071383155,594622.5829632556
93,3.0532514540988878,36.06662167209671,178,-2696598.097105647,604866.4592990916
93,3.087756324035655,36.080046308786955,178,-2725049.839277705,612256.4635010064
93,3.102384952402271,36.072292658957124,178,-2772506.891593811,625667.6333968039
93,3.074262147778887,36.045296662208344,178,-2796225.289059696,632984.5870052831
93,3.075223377855301,36.03046636895827,189,-2837272.7143862806,645018.1653480774
93,3.0932528362982628,36.02033052199128,189,-2896610.584829495,661893.9766193285
93,3.0990369190369735,36.01707881159357,189,-2915062.1226390586,667183.5055846663
93,3.1231560486393315,36.01978182995205,194,-2947803.5063809818,676304.7004780985
93,3.1460292434535893,36.01977350645849,194,-2981573.4307580213,686103.5056726009
93,3.1523973528617564,36.00452252441372,194,-3028991.1915913858,700154.9776153087
93,3.162420082094761,35.999292255389776,194,-3055182.4938478246,707964.9491482427
93,3.171710278888251,35.98745327255461,243,-3095702.745049942,720152.138680369
93,3.1193044204071225,35.93135015534234,243,-3148533.988480941,738568.3273496238
93,3.1277531318730643,35.92679695598967,243,-3171369.3980444637,745359.265142387
93,3.2029156255222992,35.94618432887867,243,-3225457.7571648513,760033.5205998465
93,3.105206856403465,35.86235779254254,243,-3256580.8612018116,776946.731440505
93,3.1828279605748486,35.89711590043421,243,-3304966.265882891,786121.6615056287
93,3.232202974946173,35.90471110849726,243,-3338354.045332513,796056.7774215643
93,3.2185638483260384,35.87785703218769,243,-3377645.599399703,809276.2581923124
93,3.2657283332597467,35.85243903760541,243,-3457095.2138484777,835844.45063142
93,3.301498255174106,35.85637397250629,266,-3467131.2753847474,839830.4635440647
93,3.2249084181495054,35.78458863824178,266,-3528534.0905936724,863729.2262883086
93,3.246708162094853,35.77678267028381,266,-3555764.0661105793,872831.4771307487
93,3.3185271165632857,35.75106601697076,266,-3620930.3295463393,896678.891995753
93,3.24282398128651,35.68000763125841,275,-3647651.7993369475,914899.2405533434
93,3.287499215974088,35.6477967378978,275,-3695195.71024033,934170.9793686669
94,0.0,33.679922909274765,3,1099450.9375393877,-438006.12063352775
94,0.0,33.75084044255955,3,1069417.8011006855,-428651.14603031444
94,0.0,33.80465293623086,3,1042801.2662378963,-419928.1230764547
94,0.019453006594109812,33.89646923838582,10,980894.6126192472,-398057.1311549668
94,0.022917709940135922,33.89842451913454,10,977980.5483802842,-396926.417265466
94,0.03153000316329403,33.980552891186086,17,916151.2124518635,-374544.1216103671
94,0.05845898459481101,33.996956903471464,17,887674.6770705391,-363413.56778344157
94,0.06335806148341332,34.037801486261024,26,851326.8190345216,-349876.8418164979
94,0.08518147215341165,34.050020591928146,26,826278.4342967198,-339991.0138062563
94,0.0911891561324811,34.053384343198054,26,819211.1796112153,-337195.77072631137
94,0.0,34.18891360374341,26,768786.2128916376,-319694.14366672566
94,0.0,34.2197805435478,26,741853.5875484244,-309214.7079817285
94,0.1648972436751904,34.09465410271568,26,726691.7951718942,-300393.84549302683
94,0.19073131867595494,34.10911881206015,26,691851.2084067306,-286448.995922347
94,0.030650073863787777,34.26766753043249,26,670356.9564923737,-280927.3670911494
94,0.22053834861509025,34.12580801128554,26,650224.1239626835,-269736.1509074049
94,0.42402768293724746,34.00575594670907,8,641478.3766674098,-258566.8495672323
94,0.4354424878825522,34.01358732157007,8,624659.0312467997,-251807.86683991126
94,0.4476825965407622,34.02198491396881,8,606424.1322108236,-244476.41347505516
94,0.0,34.43274335853601,2,549142.771780797,-231940.088262803
94,0.0,34.45853494014918,2,525958.4641590373,-222390.98302186534
94,9.067386462954497,37.80189499752253,73,451737.48355557217,-227064.07958009042
94,9.073861726725099,37.749903947761055,73,426000.19881433196,-216744.4719795615
94,8.964703902216863,37.7249414900658,73,417141.76598064305,-208953.15053079787
94,8.903113003283233,37.7217140369834,73,418292.69194062153,-204535.18897998126
94,9.083446305870622,38.03996448472352,73,412599.87824005657,-194049.35674682463
94,9.085443313345069,38.06956792156043,73,394880.9366005896,-184237.75276470737
94,5.617661780462218,28.783161396018492,15,328114.997178323,-177158.6918121307
94,5.626616304382736,28.77674493445248,15,326127.9444555762,-176213.67279955125
94,5.684878735307238,28.7349963555121,15,307136.7499693546,-166972.53705148326
94,5.673290028983784,28.684356861175747,126,281957.4006058491,-154607.09008438495
94,5.740247477850863,28.66668963493858,126,266207.02443815494,-146821.13612419314
94,5.775782664763392,28.65731340873543,126,255007.0069696258,-141273.93906077795
94,5.813146078572133,28.64745479112199,126,241343.18366269875,-134517.60641586827
94,5.861535157083497,28.632773469498062,124,220223.56623213133,-124107.60979109642
94,5.877971352428949,28.628989743591386,124,213072.6705598711,-120592.08227806413
94,4.6825466627060335,28.832235513512565,124,183149.350602862,-109974.54046173791
94,4.681095807437508,28.904518776404014,124,166648.86582998317,-101639.89601124385
94,4.632571120099998,28.91568949521901,124,154065.55488700353,-94920.32063141566
94,4.606627767395059,28.921661834539186,124,146004.09481827155,-90453.0308470435
94,4.578424196675124,28.928154491687074,124,136322.0063356995,-84981.96110328648
94,4.611866665243379,29.013595912537642,147,110266.53602088602,-72064.14793443278
94,1.6417493183362477,37.56967185155644,147,81333.49158123054,-68386.63320359292
94,1.6565078444445995,37.5554850971859,147,79002.63368228896,-67705.71612445495
94,5.008501902485902,47.27797940411118,156,52478.369426109435,-53667.45396213687
94,5.017125115036866,47.30830460265395,156,52509.608666780354,-53573.09710632742
94,4.960160414374366,43.14680975980562,170,19276.883911599743,-43288.278655015114
94,4.9511250762367744,43.153801830058995,170,5774.044109524206,-40335.290790897176
94,6.07911301103462,38.662733101790664,188,1317.1815775144582,-27996.84437883926
94,1.344603130371515,36.62871715741779,188,-22557.603480745423,-23949.51631631669
94,1.3183022488832912,36.641067034948044,188,-47912.24474990571,-16910.11220210471
94,4.938204225761678,43.18538478191882,188,-56344.33646146725,-19057.14689658892
94,1.2781388939276492,36.65992619429327,188,-81478.07011397506,-5257.249244939754
94,1.2681586335334585,36.664612538879986,188,-88679.71830378239,-2292.145537616363
94,1.327213493821783,36.58510956820666,193,-124602.4172546427,3237.7843412433886
94,1.3138910329058153,36.58814343378096,193,-142152.9138513637,8206.335430664734
94,1.2998460999691144,36.59134182473881,193,-159787.83492432168,13528.037825350537
94,2.604014034564722,36.29434938281425,193,-168106.29147749563,18048.749026762405
94,1.823215164930541,36.288834754714486,162,-196431.6568877823,21302.707849709404
94,1.8331711064956604,36.289145490288234,162,-211591.2193180643,23579.28360354675
94,1.841530585290091,36.289406398553155,162,-224249.81581517827,25599.78925224013
94,1.8976784443442716,36.21585696531227,162,-259663.8435947683,21486.63064134661
94,1.8711534781135248,36.29033096068897,162,-267285.2141973793,33393.968596864914
94,1.923030866397961,36.24214790511701,162,-300990.2019781894,33047.18792943491
94,1.9381289442200829,36.259538231682,162,-322291.3027913587,41401.88282742178
94,1.9174142389684525,36.291774808462904,162,-322313.45471931394,46437.09271657223
94,1.9524826971611027,36.276690244236285,162,-339932.71912921,50133.66741968263
94,1.9751886377365353,36.29357800917793,162,-356620.3293246169,60831.46237785542
94,5.0678926859063,42.74653101846647,190,-376772.92229454464,73861.73305274772
94,4.992531063928643,42.58739057276737,190,-398913.104465015,73543.34470739329
94,4.989485382016246,42.5955622989516,190,-408858.0983606075,75640.23079765828
94,4.972382112018571,42.629840623020115,190,-442345.39067823126,82966.54572709487
94,4.970728801502817,42.63267456352676,286,-444282.4001077564,83423.19996889429
94,2.599130755179615,36.10094246438041,286,-465382.37710919994,100833.13080215528
94,2.6047072988004474,36.09652409946452,286,-474677.9583713385,103447.03851832078
94,2.5927669015649526,36.078127604027884,294,-491548.96014888847,108977.30310657901
94,2.6415756847784237,36.08196077363517,294,-509683.2614768855,113721.86649586074
94,2.6092799522198886,36.05676593253141,294,-530670.140074711,120269.48634851769
94,2.6166966730926484,36.04717148761776,294,-547682.6119194927,125294.81194742434
94,2.635149944228508,36.0407148406553,294,-565478.0567296125,130559.73731536904
94,2.638335677427732,36.01917876163538,294,-595159.3655978198,139721.50294466718
94,2.6098450510330715,35.98816394040513,210,-614063.4700144625,146262.63474463366
94,2.642779429849991,35.99702086461342,210,-625227.6879032581,149132.00462013067
94,2.645667357261621,35.982504392280596,210,-644355.4912090728,155198.05069444486
94,2.6612350163314034,35.968184283935045,313,-668069.3793546044,162902.70961648226
94,2.6603518194024853,35.95539761592503,313,-682924.9231396817,167698.10299573428
94,2.6585824084726277,35.92978059961462,313,-711006.2022845519,176967.82687027662
94,2.662127389467841,35.90537347309153,287,-738438.9157807893,186310.00809176784
94,2.667478498681602,35.893726819246055,287,-752771.7055804278,191293.29410916983
94,2.6664657325544323,35.870271571366054,310,-774852.204634029,199226.85355272208
94,2.674199687656115,35.8600507664027,310,-788087.9868695271,204011.263948055
94,2.6896940176745767,35.83957424138098,310,-812679.192030064,213212.28529942784
94,2.6885824156277387,35.803792582474344,160,-842069.3109314371,224954.19526670472
94,2.7014295875768592,35.78004490839948,160,-864749.0819822907,234363.59535165096
94,2.720616317465478,35.75080082411656,160,-889983.4351907074,245548.02483114047
94,2.724034974410089,35.73825941965709,160,-898945.5814001607,249775.6924145005
94,2.7170141984699065,35.67964455387566,299,-932578.9004203831,267700.05244268704
94,2.7429145388187735,35.651165585010055,299,-950526.951074789,277625.72074629774
94,2.7489983649666048,35.60105713758656,299,-973071.8910527427,292804.25733915635
94,2.7529762287304465,35.52117955098647,299,-1000363.6677875387,316172.97354105674
95,0.0,33.651431888030395,9,1063130.5270805953,-435129.51294713194
95,0.0,33.703502447582125,9,1044450.7552120172,-429346.291105501
95,0.0,33.78938663277465,9,1007211.2267315213,-417002.9975056383
95,0.0,33.876377437202656,9,961561.3406053921,-400949.3717305276
95,0.0,33.898383461699396,10,948799.7992543831,-396330.55021583673
95,0.0,33.94918037005562,10,917561.5391311414,-384830.0280423573
95,0.0,34.0055852741096,21,880113.4706416586,-370729.03016579174
95,0.0,34.02842327787049,21,864176.5293971285,-364636.46632525977
95,0.0,34.08366527880761,21,823930.2095986934,-349032.82851939765
95,1.8935526293992355,35.56269265462368,21,728966.2836563842,-344280.1877185881
95,0.0,34.14556263317869,21,776283.0370539502,-330193.0990960935
95,1.9360333079899075,35.58374725677949,21,672230.8581039037,-329306.45864205575
95,1.9380337710974003,35.600680661849914,21,658689.1774969987,-324902.076853543
95,0.0,34.218423495395164,21,717378.9823157716,-306406.46754908335
95,0.0,34.2367291560039,21,702200.7852253434,-300193.9001680869
95,1.9094768483603746,35.453207825918355,21,621271.3221115007,-292615.2926217846
95,0.0,34.281789386830944,21,664361.887688372,-284563.77679733734
95,1.988835722702779,35.62937994984215,21,547544.7633928476,-288194.37062300096
95,1.983177087139681,35.662630109241285,45,515342.3156072064,-275898.9005576289
95,1.84227107947649,35.41320392536005,45,563457.6735217656,-259246.49402691328
95,2.033648715642948,35.569503988934244,45,493500.62826633174,-262332.2506568733
95,2.0384044228081986,35.56072914709241,45,483651.3675490382,-257081.6028395056
95,2.0171676661582665,35.67065783055434,61,446062.0678028683,-251274.93247995948
95,2.0180007593853837,35.687185061431244,61,420633.1909484738,-241595.39662088623
95,1.9540492181997584,35.73624729747162,74,426515.4503580079,-233336.50785737816
95,9.0024818808515,37.76622813843009,74,442690.0184656352,-222052.21761825882
95,9.11427974309731,37.74832141718198,74,422923.4053929316,-214785.5417123261
95,9.164263686294772,37.74031546322419,74,417945.9217117365,-210057.81147074216
95,9.28757300828395,37.720564945532736,74,415040.3865624818,-194853.60940336966
95,9.356253515670485,37.7095643532473,74,416226.31940657063,-184150.1521966145
95,2.064214237269896,35.71362578249569,92,310968.38999488496,-197363.44166566225
95,2.1022541872779463,35.664355786781755,92,306574.9445952685,-189566.10882142044
95,2.028481347039294,35.75990763481504,92,283046.53504665405,-186815.06591435274
95,2.0902913085124313,35.718130960830074,92,269798.4927306014,-177825.37621753808
95,2.0130256797562254,35.77992608017661,92,264065.3385324274,-177599.13292303824
95,2.1362764612890115,35.55741983244147,92,267984.59891416196,-159064.6281883111
95,1.990717770788457,35.80881966649825,92,232988.05322727803,-160504.656566485
95,1.980888118720983,35.821551200454834,92,218964.6143229275,-151911.39361825978
95,2.068499956648974,35.78766107571232,113,197315.43196838087,-149927.15423503445
95,2.0606041815364273,35.79911245506484,113,186321.00585338313,-145682.78528941123
95,2.048804494782743,35.81622574506248,113,168437.9053020477,-138237.37156895455
95,2.0441273769484627,35.82191974310197,113,162713.8763140904,-135728.4228593162
95,2.0437634263204285,35.831257482563586,113,148409.52730655886,-129297.19694186006
95,2.027177210859249,35.8475921693897,113,133287.14325868347,-121850.95187948606
95,2.0218769795836233,35.8552791865765,113,124620.54658198572,-117432.74729446112
95,2.041497082648062,35.86258154097319,113,103922.62939634256,-108578.87760807152
95,2.0082160414651598,35.875091881654036,113,102985.70264276605,-105592.52274693576
95,2.0401604734068366,35.87485240723466,113,88173.46584867995,-100884.52761257795
95,2.057725782383045,35.87865025967425,113,78811.74383825732,-95418.74053069958
95,2.059238087249516,35.88871633450212,113,67590.88960959596,-89328.61510621996
95,1.9774826165844055,35.91966509987453,113,62695.80757728744,-78359.36073652975
95,1.9627743619360642,35.9409967362485,113,49703.44850498681,-66005.38428247809
95,2.025420306455003,35.94187001398947,114,22867.675784751405,-64118.336114669044
95,1.9755317088288906,35.95308506996609,114,29134.477825270555,-59205.035221527854
95,2.0230843829547935,35.960824186581426,114,11392.00049311455,-55348.19501785737
95,2.0143740838761053,35.983450136667386,114,2317.849871580942,-46012.86299555524
95,2.014536394256969,36.03018435744237,114,2317.9623730703142,-31363.02358299743
95,5.181404277515242,42.88126551085813,183,-24178.770623918874,-25230.936061137843
95,5.173566164934756,42.87818879395972,183,-29957.247304402088,-23953.88726318129
95,1.1687832386198356,37.11370040910067,133,-44146.47032756572,-12750.174471223208
95,1.1529371342503072,37.136497144980495,133,-53867.06422593819,-9801.139469146632
95,1.1141393800852826,37.19231289210702,133,-68078.2190058603,-4393.797532098345
95,5.151273477516801,42.81886937872446,133,-113410.75910325878,-5453.3878817463155
95,5.145144688901924,42.8122030708052,133,-128506.95897471355,-1765.3289066286623
95,1.7847194589565158,36.22759395628511,133,-139933.4483373261,6029.941676737273
95,1.7321897669237536,36.20498638761234,80,-160633.29626425437,6142.395615404754
95,1.7516867587610174,36.21750256799975,80,-167625.68641223118,7610.7123827222695
95,1.7385559949989982,36.241342046222194,80,-189421.54146352486,12213.651926373972
95,1.655187356155059,36.243404414569255,92,-214106.52446551918,18646.62751950849
95,1.644455096983471,36.25730502072865,92,-226463.42821628303,22425.26064603246
95,1.6108634494407799,36.300813498791904,92,-240487.6618767174,30742.376531950267
95,5.084030386816854,42.78273086133591,226,-252867.26103260418,31202.188885713364
95,5.086497120926714,42.76952390872611,226,-267450.89653779805,34779.31392914338
95,5.085013471972947,42.75264482244271,226,-290408.1125306735,41030.6966146954
95,5.079682229076368,42.74772639361887,226,-304486.8295404179,45009.82859388022
95,5.063134623161466,42.759193897985625,226,-316758.2762342757,48986.38562585741
95,4.919665789526686,42.80213894676875,226,-316636.5927025812,76994.12446252316
95,4.937961296480955,42.79666248600193,226,-339602.8084730161,78328.98379966745
95,4.989858799797507,42.781683944017814,228,-363693.5539342681,72093.80202493431
95,4.854728492859386,42.47786496258412,228,-358237.3697416415,94292.68477016716
95,4.9289461027029935,42.501094990119064,228,-391650.2759029798,93817.04442521076
95,2.5858931773699325,38.295438372698484,228,-389237.1222897297,130478.48680175192
95,5.022496763371472,42.688346374180085,228,-435719.50088294415,84743.83445316472
95,4.978361309176577,42.72872176996104,228,-446138.7926876647,92107.50100303804
95,4.850347863635865,42.64223409249415,258,-461318.4106989681,107810.10322701141
95,2.632673565963033,38.285542792058116,258,-451725.24780287436,157761.74347889164
95,4.954941916340467,42.65566131080244,258,-501290.79842949595,108886.50632348153
95,2.684112448116684,38.27089184413796,258,-496109.0513823349,178501.88496535816
95,2.7393869232759647,38.28469053804613,258,-507268.226740065,186695.07322270118
95,5.361204715504724,38.755080143872654,48,-518711.43753649486,215472.37785418006
95,5.321276983600252,38.86473982701554,48,-556590.8978513555,240531.90981645015
95,5.326724011745458,38.84977981421284,48,-560386.0456716615,240633.05539518455
95,2.4502878199109497,33.63230600754942,48,-582996.1867526574,249675.52879854297
95,8.375141732852502,38.15309374262553,48,-619754.4890711684,281511.3251649781
95,8.377387112379786,38.071070730638674,48,-634071.4815420948,292428.4235093753
95,8.196115310584664,38.13970388707118,48,-661018.6087699177,291242.06768726086
95,8.237288772892834,38.14521508794695,48,-742778.7721211893,328686.3122743984
95,8.283112820052766,38.11939551328231,48,-784921.4244606484,350228.15847921075
96,0.0,33.59065040055357,3,1104641.4418286015,-440734.39662909735
96,0.0,33.77645170328393,3,1034737.8537746703,-419692.36008529976
96,0.0,33.82897149016745,3,1008148.1623027896,-410851.0282086528
96,0.0,33.8850781662909,3,976564.2373741186,-400011.3326751923
96,0.0,33.96033373955594,3,929312.5040354838,-383268.99747993745
96,0.0,34.023135437870586,14,885916.3545599144,-367450.05620070023
96,0.0,34.03984498125303,14,873810.2955062052,-362971.8669304857
96,0.0,34.08439562706679,14,840475.4703016856,-350507.56717753434
96,0.0,34.11890380854255,14,813676.8085593304,-340354.3141625328
96,5.799177300628896,42.795838588073515,36,746589.769732657,-319253.3597317856
96,5.757766131319125,42.763519893151724,36,687593.195702475,-309759.06026555586
96,5.731701559614042,42.77731277848347,36,658803.0182051089,-302561.45495790156
96,5.700119878267679,42.80341636957268,36,619674.9629318202,-290326.14759770915
96,5.680065583367184,42.78530936230599,41,590621.6076353994,-283008.4009779366
96,5.660805355124923,42.802861522457995,41,563471.5482384893,-273523.2146001332
96,5.644352287581804,42.81785547127709,41,537348.259696454,-263673.031748824
96,5.621921586874013,42.79039090234978,41,506628.6236918878,-254304.87128158248
96,5.624275749868616,42.83615154756483,41,501856.8789030809,-249450.4352120312
96,5.607240501013032,42.85167604770997,41,468739.94650418544,-235507.00951679845
96,5.602857146849584,42.86087208521777,51,457478.43368536304,-229839.96106314595
96,9.073809465221752,37.74864700375966,51,425243.35067907977,-216411.6913928429
96,9.201520770334378,37.75399163815274,51,425678.11544928927,-210712.199970959
96,5.553172561636304,42.81826948164113,51,393197.3799638728,-209159.0099461935
96,5.583025930448733,42.92304583096062,87,387673.79050009814,-187716.30753814502
96,5.612800516668362,28.851632142623373,87,346792.29912574246,-185085.47427633335
96,5.6940411835736615,28.80278498696216,87,332718.8544979965,-178369.5064121615
96,5.729323766225814,28.76420905635588,87,313891.2710369827,-169525.25311952305
96,5.501769486821991,42.84630395177068,99,292299.44456753327,-164801.99623928362
96,5.487144181173189,42.852208514691704,99,262959.2662181866,-151337.7815400947
96,5.482957698650931,42.8538986912982,99,254462.8907124546,-147394.32988663355
96,5.3320050313397855,28.83587685590017,110,248996.33926580104,-134504.26391459946
96,5.308250180785044,28.831939409148305,110,237666.5595757788,-128408.6023908591
96,5.264503095106958,28.824688181866957,110,218235.9316536324,-117986.21724284906
96,4.691463890487782,28.729704997286564,110,185657.77656072908,-110241.4847685409
96,4.62939446346405,28.83686509324319,117,170259.5857439309,-102862.00358394606
96,4.594669092753247,28.842983426419966,117,158984.09656860988,-96490.94664557559
96,5.089670218936182,42.70293124260968,127,78454.69902084426,-103033.08798785142
96,5.085543610856854,42.68673927096292,127,69040.91947379318,-102077.84319312267
96,5.0679273700761724,42.68300146567394,139,33247.7859907462,-94500.05736458146
96,5.056958746309985,42.6951767661657,139,11532.518686150186,-88735.9625486091
96,5.055808257488559,42.68008050933305,139,6860.77829818471,-88153.46551857989
96,5.0418327936837875,42.67642807463567,147,-24699.099133320135,-79873.81245178982
96,5.048529950995156,42.741533281211424,147,-15863.48371832903,-72201.36202126209
96,5.051820754902068,42.7735242377022,147,-25034.920563632386,-57958.03158088308
96,5.016629017605918,42.66929206263252,147,-82521.91281308809,-63030.68963332599
96,5.055428821183199,42.808599403126976,147,-39825.62954591242,-37788.9355173835
96,4.9979458583012,42.67888273709618,163,-122489.5757540468,-49742.92885168135
96,4.99792219647908,42.66374272273015,163,-124270.73190515046,-49613.09737594555
96,4.998071869479999,42.75951097644272,163,-132673.08528593293,-28551.132366854778
96,4.974710647832923,42.67198249353781,177,-170963.85342246422,-32846.08457914272
96,4.972930018796021,42.65631109319061,177,-175890.92530335777,-31471.57528469123
96,4.964452177651568,42.7204980687874,184,-190405.9608078941,-17481.65699439716
96,4.950279852074873,42.64979514830289,184,-216712.2554708951,-15617.172161425717
96,4.946816716496928,42.69360492472778,184,-219287.60137851222,-10732.397119598638
96,4.934963598011096,42.645542641179254,184,-240451.006488119,-5532.889856740356
96,4.9189520459235245,42.651112778175246,184,-260721.8134689869,4032.989374440997
96,4.91092656291985,42.638874341727615,184,-270838.8969678382,8904.64736661556
96,1.4242625441292491,36.074510354170044,187,-294382.42761332344,17472.086537042418
96,1.4238173192909476,36.075335169278105,187,-299658.34582121007,19124.892935968353
96,1.4221180001937883,36.07848329567216,187,-319706.4556037327,25416.165889069573
96,1.836369962205352,36.820470165043474,185,-338395.87826282694,37916.76998151315
96,2.2977975234377714,37.3381048691008,185,-308180.9478152324,64501.367572507115
96,1.427911078011974,36.10112426966255,185,-382749.1697950647,45862.79590416325
96,1.8559702047397368,36.842457940798866,185,-382341.01307463297,50046.51477125926
96,1.415235423381486,36.09195942557008,185,-401994.5148474509,51429.15146080567
96,1.872328523810883,36.860808889815985,185,-415495.42224160756,59439.72239195862
96,1.4116806239800197,36.097918249562994,185,-439449.5940739588,63381.45407739727
96,1.8943999594738303,36.885568878224554,185,-454486.0502764676,70844.69950527776
96,1.4095950087577713,36.104418495401255,218,-471932.1412648991,73815.61555528714
96,1.9131747436927007,36.88505272300125,218,-499837.7465258072,82994.62612694265
96,1.9138744927943203,36.86690389895603,218,-515337.9382612876,86622.8355068056
96,1.400330068754676,36.10892179817088,236,-525697.3407200826,91238.48863801955
96,1.3965937418842023,36.112461770585895,236,-552725.0389592027,100076.60327246842
96,1.942144158061823,36.87795636391109,214,-568587.1818797105,101315.43809266716
96,1.9476182568682985,36.87350651982949,214,-583085.8778207403,105149.94015268363
96,1.9579525833205886,36.878301579884265,214,-599154.1477899916,109622.68266148776
96,1.9580762079006522,36.85315525288516,214,-618349.5472400122,114591.62098726482
96,1.9693018701986265,36.855043723275585,214,-637230.902934253,119801.2734540104
96,1.9855546537949247,36.85723404622866,214,-662246.3815199399,126739.0557416227
96,1.9878380188559068,36.84081224883237,214,-676838.6106279774,130948.12489510332
96,2.008601324838591,36.85869683418661,214,-693202.7634247121,135425.52791357893
96,2.017480897541674,36.816715828043364,214,-728670.2220832804,146465.95975308446
96,2.045414692505826,36.85228677743732,214,-733900.0480632946,147293.9969421955
96,2.036160484934263,36.801531364930035,214,-752492.0167175923,154331.2524877698
96,2.061036099911628,36.781310208535814,214,-772521.2276907424,162172.38895233013
96,1.3598625017528878,36.15190968427114,295,-796323.3952545462,182639.08478946934
96,1.3549141527591397,36.15332580058632,295,-814892.9446149073,189314.33078270644
96,1.3585205704374204,36.16349038931504,318,-825340.6737292241,192887.52395377087
96,1.353799611498547,36.167025023793606,318,-846258.4194032237,200449.63391374497
96,1.3482771265737417,36.17129509702828,318,-869812.6527071056,209083.0869431672
96,1.3499783386716016,36.19413834516853,318,-898542.8054677611,220520.1412991822
96,1.3513272103359126,36.21225049601438,318,-912221.1516220309,227360.32224964863
96,1.3155223205366722,36.16459893761967,295,-943814.0383332763,238262.82445727702
96,1.3084603593675284,36.16661992652759,295,-963253.8143692517,246155.06617558666
96,1.3141754452698788,36.19056905484916,331,-980523.8865293292,252050.43291967027
96,1.305569505677368,36.19383888831092,331,-1001354.0754445572,260790.80288275392
96,1.2901460151627968,36.19713727715339,331,-1032599.0200237661,274545.5990153303
96,1.2806880182769174,36.2007644945885,331,-1050335.693055726,282807.7648812576
96,1.2602489423977021,36.20353091231255,331,-1079985.6849881434,297791.20508009975
96,1.2384808263144933,36.20818613034783,331,-1103731.3575805607,311743.0468017649
