step,intervened_set,relative_hv_improvement,previous_hv,current_hv,cost
0,,,,,0.0
1,ciweightbmiaspirin,0.46320525176820393,0.2015070160985043,0.2948461242234715,20.0
2,ciweightbmiaspirin,0.059701848922697726,0.2948461242234715,0.31244898298730417,20.0
3,ciweightbmiaspirin,0.019232589368934853,0.31244898298730417,0.3184581859758403,20.0
4,ciweightbmiaspirin,0.009096635192049349,0.3184581859758403,0.3213550839175843,20.0
5,ciweightbmiaspirin,0.006261010508926205,0.3213550839175843,0.3233670914750892,20.0
6,ciweightbmiaspirin,0.0039907801480281195,0.3233670914750892,0.32465757844427356,20.0
