type_trial,intervened_set,relative_hv_improvement,previous_hv,current_hv,cost
0,,,,,0.0
1,X1X2X3X4,0.029365763188315262,1642.5601586450025,1690.7951912863332,40.0
1,X1X2X3X4,0.001534295682662284,1690.7951912863332,1693.38937104859,40.0
