iterID,x1,x2,Pareto_f1,Pareto_f2
0,25.0,12.5,-46805.180188787854,25479.65448958222
0,50.0,0.0,-9893.412164290457,-22411.284850250053
0,0.0,50.0,10303.947033964432,-25943.317167915127
0,12.5,37.5,37749.75880604872,-30079.062530332936
1,24.999995203402953,14.167320372451005,-62612.2481462609,12550.666277172297
1,13.16691695115331,37.49961758077824,-55447.74069668976,7854.562764846707
1,50.0,0.0,-9893.412164290457,-22411.284850250053
1,0.0,50.0,10303.947033964432,-25943.317167915127
1,12.5,37.5,37749.75880604872,-30079.062530332936
2,24.999995203402953,14.167320372451005,-62612.2481462609,12550.666277172297
2,13.16691695115331,37.49961758077824,-55447.74069668976,7854.562764846707
2,50.0,0.0,-9893.412164290457,-22411.284850250053
2,0.0,50.0,10303.947033964432,-25943.317167915127
2,12.5,37.5,37749.75880604872,-30079.062530332936
3,24.999995203402953,14.167320372451005,-62612.2481462609,12550.666277172297
3,13.16691695115331,37.49961758077824,-55447.74069668976,7854.562764846707
3,12.463518562335272,37.50002026576333,-26910.351851579817,5630.700272540688
3,50.0,0.0,-9893.412164290457,-22411.284850250053
3,0.0,50.0,10303.947033964432,-25943.317167915127
3,12.5,37.5,37749.75880604872,-30079.062530332936
4,12.728264962319939,37.3164375025666,-96028.19104749971,40884.79275368279
4,24.999995203402953,14.167320372451005,-62612.2481462609,12550.666277172297
4,13.16691695115331,37.49961758077824,-55447.74069668976,7854.562764846707
4,12.463518562335272,37.50002026576333,-26910.351851579817,5630.700272540688
4,50.0,0.0,-9893.412164290457,-22411.284850250053
4,0.0,50.0,10303.947033964432,-25943.317167915127
4,12.5,37.5,37749.75880604872,-30079.062530332936
4,11.709342747296942,36.6546157044918,55546.05236740463,-32417.02747279478
5,12.728264962319939,37.3164375025666,-96028.19104749971,40884.79275368279
5,24.999995203402953,14.167320372451005,-62612.2481462609,12550.666277172297
5,13.16691695115331,37.49961758077824,-55447.74069668976,7854.562764846707
5,12.828866621170611,37.92804929774783,-53626.327804935,-816.8077957135868
5,50.0,0.0,-9893.412164290457,-22411.284850250053
5,0.0,50.0,10303.947033964432,-25943.317167915127
5,12.5,37.5,37749.75880604872,-30079.062530332936
5,11.709342747296942,36.6546157044918,55546.05236740463,-32417.02747279478
5,12.69091528968822,38.39224159974759,119707.99324266243,-53691.26015794879
6,12.728264962319939,37.3164375025666,-96028.19104749971,40884.79275368279
6,11.281633435203865,38.76918203659101,-90258.82014930657,39015.09784841916
6,11.2677967319457,38.86341758262971,-74378.00190066233,25859.564658766063
6,24.999995203402953,14.167320372451005,-62612.2481462609,12550.666277172297
6,13.16691695115331,37.49961758077824,-55447.74069668976,7854.562764846707
6,12.828866621170611,37.92804929774783,-53626.327804935,-816.8077957135868
6,50.0,0.0,-9893.412164290457,-22411.284850250053
6,0.0,50.0,10303.947033964432,-25943.317167915127
6,12.5,37.5,37749.75880604872,-30079.062530332936
6,11.709342747296942,36.6546157044918,55546.05236740463,-32417.02747279478
6,12.69091528968822,38.39224159974759,119707.99324266243,-53691.26015794879
7,12.728264962319939,37.3164375025666,-96028.19104749971,40884.79275368279
7,11.281633435203865,38.76918203659101,-90258.82014930657,39015.09784841916
7,11.919900359977891,39.24433671728065,-80869.39077832796,35267.81858656606
7,11.2677967319457,38.86341758262971,-74378.00190066233,25859.564658766063
7,24.999995203402953,14.167320372451005,-62612.2481462609,12550.666277172297
7,13.16691695115331,37.49961758077824,-55447.74069668976,7854.562764846707
7,12.828866621170611,37.92804929774783,-53626.327804935,-816.8077957135868
7,50.0,0.0,-9893.412164290457,-22411.284850250053
7,0.0,50.0,10303.947033964432,-25943.317167915127
7,12.5,37.5,37749.75880604872,-30079.062530332936
7,11.709342747296942,36.6546157044918,55546.05236740463,-32417.02747279478
7,12.69091528968822,38.39224159974759,119707.99324266243,-53691.26015794879
8,12.728264962319939,37.3164375025666,-96028.19104749971,40884.79275368279
8,11.281633435203865,38.76918203659101,-90258.82014930657,39015.09784841916
8,11.919900359977891,39.24433671728065,-80869.39077832796,35267.81858656606
8,11.2677967319457,38.86341758262971,-74378.00190066233,25859.564658766063
8,24.999995203402953,14.167320372451005,-62612.2481462609,12550.666277172297
8,13.16691695115331,37.49961758077824,-55447.74069668976,7854.562764846707
8,12.828866621170611,37.92804929774783,-53626.327804935,-816.8077957135868
8,50.0,0.0,-9893.412164290457,-22411.284850250053
8,0.0,50.0,10303.947033964432,-25943.317167915127
8,12.5,37.5,37749.75880604872,-30079.062530332936
8,11.709342747296942,36.6546157044918,55546.05236740463,-32417.02747279478
8,12.69091528968822,38.39224159974759,119707.99324266243,-53691.26015794879
9,12.728264962319939,37.3164375025666,-96028.19104749971,40884.79275368279
9,11.281633435203865,38.76918203659101,-90258.82014930657,39015.09784841916
9,11.919900359977891,39.24433671728065,-80869.39077832796,35267.81858656606
9,11.766877925599676,39.8549383745325,-79936.19517419465,23438.088657321692
9,24.999995203402953,14.167320372451005,-62612.2481462609,12550.666277172297
9,13.16691695115331,37.49961758077824,-55447.74069668976,7854.562764846707
9,12.828866621170611,37.92804929774783,-53626.327804935,-816.8077957135868
9,50.0,0.0,-9893.412164290457,-22411.284850250053
9,0.0,50.0,10303.947033964432,-25943.317167915127
9,12.5,37.5,37749.75880604872,-30079.062530332936
9,11.709342747296942,36.6546157044918,55546.05236740463,-32417.02747279478
9,12.69091528968822,38.39224159974759,119707.99324266243,-53691.26015794879
10,11.505370661654915,41.35513867800316,-169592.1321657708,44385.1163933963
10,12.728264962319939,37.3164375025666,-96028.19104749971,40884.79275368279
10,11.281633435203865,38.76918203659101,-90258.82014930657,39015.09784841916
10,11.919900359977891,39.24433671728065,-80869.39077832796,35267.81858656606
10,11.766877925599676,39.8549383745325,-79936.19517419465,23438.088657321692
10,24.999995203402953,14.167320372451005,-62612.2481462609,12550.666277172297
10,13.16691695115331,37.49961758077824,-55447.74069668976,7854.562764846707
10,12.828866621170611,37.92804929774783,-53626.327804935,-816.8077957135868
10,50.0,0.0,-9893.412164290457,-22411.284850250053
10,0.0,50.0,10303.947033964432,-25943.317167915127
10,12.5,37.5,37749.75880604872,-30079.062530332936
10,11.709342747296942,36.6546157044918,55546.05236740463,-32417.02747279478
10,12.69091528968822,38.39224159974759,119707.99324266243,-53691.26015794879
11,11.505370661654915,41.35513867800316,-169592.1321657708,44385.1163933963
11,12.728264962319939,37.3164375025666,-96028.19104749971,40884.79275368279
11,11.281633435203865,38.76918203659101,-90258.82014930657,39015.09784841916
11,11.919900359977891,39.24433671728065,-80869.39077832796,35267.81858656606
11,11.766877925599676,39.8549383745325,-79936.19517419465,23438.088657321692
11,24.999995203402953,14.167320372451005,-62612.2481462609,12550.666277172297
11,13.16691695115331,37.49961758077824,-55447.74069668976,7854.562764846707
11,12.828866621170611,37.92804929774783,-53626.327804935,-816.8077957135868
11,50.0,0.0,-9893.412164290457,-22411.284850250053
11,0.0,50.0,10303.947033964432,-25943.317167915127
11,12.5,37.5,37749.75880604872,-30079.062530332936
11,11.709342747296942,36.6546157044918,55546.05236740463,-32417.02747279478
11,12.69091528968822,38.39224159974759,119707.99324266243,-53691.26015794879
12,11.505370661654915,41.35513867800316,-169592.1321657708,44385.1163933963
12,12.728264962319939,37.3164375025666,-96028.19104749971,40884.79275368279
12,11.281633435203865,38.76918203659101,-90258.82014930657,39015.09784841916
12,11.55442655641853,43.7732558349915,-87369.96366487438,23045.715128078333
12,24.999995203402953,14.167320372451005,-62612.2481462609,12550.666277172297
12,13.16691695115331,37.49961758077824,-55447.74069668976,7854.562764846707
12,12.828866621170611,37.92804929774783,-53626.327804935,-816.8077957135868
12,50.0,0.0,-9893.412164290457,-22411.284850250053
12,0.0,50.0,10303.947033964432,-25943.317167915127
12,12.5,37.5,37749.75880604872,-30079.062530332936
12,11.709342747296942,36.6546157044918,55546.05236740463,-32417.02747279478
12,12.69091528968822,38.39224159974759,119707.99324266243,-53691.26015794879
13,11.505370661654915,41.35513867800316,-169592.1321657708,44385.1163933963
13,11.835304055447585,37.51223141448834,-104701.4464629009,43794.22207627177
13,12.728264962319939,37.3164375025666,-96028.19104749971,40884.79275368279
13,11.281633435203865,38.76918203659101,-90258.82014930657,39015.09784841916
13,11.55442655641853,43.7732558349915,-87369.96366487438,23045.715128078333
13,24.999995203402953,14.167320372451005,-62612.2481462609,12550.666277172297
13,13.16691695115331,37.49961758077824,-55447.74069668976,7854.562764846707
13,12.828866621170611,37.92804929774783,-53626.327804935,-816.8077957135868
13,50.0,0.0,-9893.412164290457,-22411.284850250053
13,0.0,50.0,10303.947033964432,-25943.317167915127
13,12.5,37.5,37749.75880604872,-30079.062530332936
13,11.709342747296942,36.6546157044918,55546.05236740463,-32417.02747279478
13,12.69091528968822,38.39224159974759,119707.99324266243,-53691.26015794879
14,11.505370661654915,41.35513867800316,-169592.1321657708,44385.1163933963
14,11.835304055447585,37.51223141448834,-104701.4464629009,43794.22207627177
14,12.728264962319939,37.3164375025666,-96028.19104749971,40884.79275368279
14,11.281633435203865,38.76918203659101,-90258.82014930657,39015.09784841916
14,11.55442655641853,43.7732558349915,-87369.96366487438,23045.715128078333
14,24.999995203402953,14.167320372451005,-62612.2481462609,12550.666277172297
14,13.16691695115331,37.49961758077824,-55447.74069668976,7854.562764846707
14,12.828866621170611,37.92804929774783,-53626.327804935,-816.8077957135868
14,50.0,0.0,-9893.412164290457,-22411.284850250053
14,0.0,50.0,10303.947033964432,-25943.317167915127
14,12.5,37.5,37749.75880604872,-30079.062530332936
14,11.709342747296942,36.6546157044918,55546.05236740463,-32417.02747279478
14,12.69091528968822,38.39224159974759,119707.99324266243,-53691.26015794879
15,11.505370661654915,41.35513867800316,-169592.1321657708,44385.1163933963
15,11.835304055447585,37.51223141448834,-104701.4464629009,43794.22207627177
15,12.728264962319939,37.3164375025666,-96028.19104749971,40884.79275368279
15,11.281633435203865,38.76918203659101,-90258.82014930657,39015.09784841916
15,11.55442655641853,43.7732558349915,-87369.96366487438,23045.715128078333
15,24.999995203402953,14.167320372451005,-62612.2481462609,12550.666277172297
15,13.16691695115331,37.49961758077824,-55447.74069668976,7854.562764846707
15,12.828866621170611,37.92804929774783,-53626.327804935,-816.8077957135868
15,50.0,0.0,-9893.412164290457,-22411.284850250053
15,0.0,50.0,10303.947033964432,-25943.317167915127
15,12.5,37.5,37749.75880604872,-30079.062530332936
15,11.709342747296942,36.6546157044918,55546.05236740463,-32417.02747279478
15,13.064398348808398,39.68964517158175,60505.038851539095,-38041.58320622798
15,13.144576043943049,39.45156227164577,111202.6804293932,-47297.27230597644
15,12.69091528968822,38.39224159974759,119707.99324266243,-53691.26015794879
16,11.505370661654915,41.35513867800316,-169592.1321657708,44385.1163933963
16,11.835304055447585,37.51223141448834,-104701.4464629009,43794.22207627177
16,12.728264962319939,37.3164375025666,-96028.19104749971,40884.79275368279
16,11.281633435203865,38.76918203659101,-90258.82014930657,39015.09784841916
16,11.55442655641853,43.7732558349915,-87369.96366487438,23045.715128078333
16,24.999995203402953,14.167320372451005,-62612.2481462609,12550.666277172297
16,13.16691695115331,37.49961758077824,-55447.74069668976,7854.562764846707
16,12.828866621170611,37.92804929774783,-53626.327804935,-816.8077957135868
16,50.0,0.0,-9893.412164290457,-22411.284850250053
16,0.0,50.0,10303.947033964432,-25943.317167915127
16,12.5,37.5,37749.75880604872,-30079.062530332936
16,11.709342747296942,36.6546157044918,55546.05236740463,-32417.02747279478
16,13.064398348808398,39.68964517158175,60505.038851539095,-38041.58320622798
16,13.144576043943049,39.45156227164577,111202.6804293932,-47297.27230597644
16,12.69091528968822,38.39224159974759,119707.99324266243,-53691.26015794879
17,11.505370661654915,41.35513867800316,-169592.1321657708,44385.1163933963
17,11.835304055447585,37.51223141448834,-104701.4464629009,43794.22207627177
17,12.728264962319939,37.3164375025666,-96028.19104749971,40884.79275368279
17,11.281633435203865,38.76918203659101,-90258.82014930657,39015.09784841916
17,11.55442655641853,43.7732558349915,-87369.96366487438,23045.715128078333
17,24.999995203402953,14.167320372451005,-62612.2481462609,12550.666277172297
17,13.16691695115331,37.49961758077824,-55447.74069668976,7854.562764846707
17,12.828866621170611,37.92804929774783,-53626.327804935,-816.8077957135868
17,50.0,0.0,-9893.412164290457,-22411.284850250053
17,12.693092411097195,37.956034478611365,7166.453739234909,-23802.53064581516
17,0.0,50.0,10303.947033964432,-25943.317167915127
17,12.5,37.5,37749.75880604872,-30079.062530332936
17,11.709342747296942,36.6546157044918,55546.05236740463,-32417.02747279478
17,13.064398348808398,39.68964517158175,60505.038851539095,-38041.58320622798
17,13.144576043943049,39.45156227164577,111202.6804293932,-47297.27230597644
17,12.69091528968822,38.39224159974759,119707.99324266243,-53691.26015794879
18,11.505370661654915,41.35513867800316,-169592.1321657708,44385.1163933963
18,11.835304055447585,37.51223141448834,-104701.4464629009,43794.22207627177
18,12.728264962319939,37.3164375025666,-96028.19104749971,40884.79275368279
18,11.281633435203865,38.76918203659101,-90258.82014930657,39015.09784841916
18,11.55442655641853,43.7732558349915,-87369.96366487438,23045.715128078333
18,24.999995203402953,14.167320372451005,-62612.2481462609,12550.666277172297
18,13.16691695115331,37.49961758077824,-55447.74069668976,7854.562764846707
18,12.828866621170611,37.92804929774783,-53626.327804935,-816.8077957135868
18,50.0,0.0,-9893.412164290457,-22411.284850250053
18,12.693092411097195,37.956034478611365,7166.453739234909,-23802.53064581516
18,0.0,50.0,10303.947033964432,-25943.317167915127
18,12.5,37.5,37749.75880604872,-30079.062530332936
18,13.024013675636464,38.12774032187092,44778.18468496155,-46579.576540394526
18,13.144576043943049,39.45156227164577,111202.6804293932,-47297.27230597644
18,12.69091528968822,38.39224159974759,119707.99324266243,-53691.26015794879
19,11.505370661654915,41.35513867800316,-169592.1321657708,44385.1163933963
19,11.835304055447585,37.51223141448834,-104701.4464629009,43794.22207627177
19,12.728264962319939,37.3164375025666,-96028.19104749971,40884.79275368279
19,11.281633435203865,38.76918203659101,-90258.82014930657,39015.09784841916
19,11.55442655641853,43.7732558349915,-87369.96366487438,23045.715128078333
19,24.999995203402953,14.167320372451005,-62612.2481462609,12550.666277172297
19,13.16691695115331,37.49961758077824,-55447.74069668976,7854.562764846707
19,12.828866621170611,37.92804929774783,-53626.327804935,-816.8077957135868
19,50.0,0.0,-9893.412164290457,-22411.284850250053
19,12.693092411097195,37.956034478611365,7166.453739234909,-23802.53064581516
19,0.0,50.0,10303.947033964432,-25943.317167915127
19,12.5,37.5,37749.75880604872,-30079.062530332936
19,13.024013675636464,38.12774032187092,44778.18468496155,-46579.576540394526
19,13.144576043943049,39.45156227164577,111202.6804293932,-47297.27230597644
19,12.791843219566228,39.14875071248463,118766.00096350197,-50208.92745596032
19,12.69091528968822,38.39224159974759,119707.99324266243,-53691.26015794879
20,11.505370661654915,41.35513867800316,-169592.1321657708,44385.1163933963
20,11.835304055447585,37.51223141448834,-104701.4464629009,43794.22207627177
20,12.728264962319939,37.3164375025666,-96028.19104749971,40884.79275368279
20,11.281633435203865,38.76918203659101,-90258.82014930657,39015.09784841916
20,11.55442655641853,43.7732558349915,-87369.96366487438,23045.715128078333
20,24.999995203402953,14.167320372451005,-62612.2481462609,12550.666277172297
20,13.16691695115331,37.49961758077824,-55447.74069668976,7854.562764846707
20,12.828866621170611,37.92804929774783,-53626.327804935,-816.8077957135868
20,50.0,0.0,-9893.412164290457,-22411.284850250053
20,12.693092411097195,37.956034478611365,7166.453739234909,-23802.53064581516
20,0.0,50.0,10303.947033964432,-25943.317167915127
20,12.740556025850417,38.5748112986692,29295.144306518414,-31089.836377574822
20,13.024013675636464,38.12774032187092,44778.18468496155,-46579.576540394526
20,13.144576043943049,39.45156227164577,111202.6804293932,-47297.27230597644
20,12.791843219566228,39.14875071248463,118766.00096350197,-50208.92745596032
20,12.69091528968822,38.39224159974759,119707.99324266243,-53691.26015794879
21,11.505370661654915,41.35513867800316,-169592.1321657708,44385.1163933963
21,11.835304055447585,37.51223141448834,-104701.4464629009,43794.22207627177
21,12.728264962319939,37.3164375025666,-96028.19104749971,40884.79275368279
21,11.281633435203865,38.76918203659101,-90258.82014930657,39015.09784841916
21,11.55442655641853,43.7732558349915,-87369.96366487438,23045.715128078333
21,24.999995203402953,14.167320372451005,-62612.2481462609,12550.666277172297
21,13.16691695115331,37.49961758077824,-55447.74069668976,7854.562764846707
21,12.828866621170611,37.92804929774783,-53626.327804935,-816.8077957135868
21,50.0,0.0,-9893.412164290457,-22411.284850250053
21,12.693092411097195,37.956034478611365,7166.453739234909,-23802.53064581516
21,0.0,50.0,10303.947033964432,-25943.317167915127
21,12.740556025850417,38.5748112986692,29295.144306518414,-31089.836377574822
21,13.024013675636464,38.12774032187092,44778.18468496155,-46579.576540394526
21,13.144576043943049,39.45156227164577,111202.6804293932,-47297.27230597644
21,12.791843219566228,39.14875071248463,118766.00096350197,-50208.92745596032
21,12.69091528968822,38.39224159974759,119707.99324266243,-53691.26015794879
22,11.505370661654915,41.35513867800316,-169592.1321657708,44385.1163933963
22,13.531220146841557,38.81937037454309,-114213.28534861037,43054.217803474065
22,12.728264962319939,37.3164375025666,-96028.19104749971,40884.79275368279
22,11.281633435203865,38.76918203659101,-90258.82014930657,39015.09784841916
22,11.55442655641853,43.7732558349915,-87369.96366487438,23045.715128078333
22,24.999995203402953,14.167320372451005,-62612.2481462609,12550.666277172297
22,13.16691695115331,37.49961758077824,-55447.74069668976,7854.562764846707
22,12.828866621170611,37.92804929774783,-53626.327804935,-816.8077957135868
22,50.0,0.0,-9893.412164290457,-22411.284850250053
22,12.693092411097195,37.956034478611365,7166.453739234909,-23802.53064581516
22,0.0,50.0,10303.947033964432,-25943.317167915127
22,12.740556025850417,38.5748112986692,29295.144306518414,-31089.836377574822
22,13.024013675636464,38.12774032187092,44778.18468496155,-46579.576540394526
22,13.144576043943049,39.45156227164577,111202.6804293932,-47297.27230597644
22,12.791843219566228,39.14875071248463,118766.00096350197,-50208.92745596032
22,12.69091528968822,38.39224159974759,119707.99324266243,-53691.26015794879
23,11.505370661654915,41.35513867800316,-169592.1321657708,44385.1163933963
23,13.531220146841557,38.81937037454309,-114213.28534861037,43054.217803474065
23,12.728264962319939,37.3164375025666,-96028.19104749971,40884.79275368279
23,11.281633435203865,38.76918203659101,-90258.82014930657,39015.09784841916
23,11.55442655641853,43.7732558349915,-87369.96366487438,23045.715128078333
23,24.999995203402953,14.167320372451005,-62612.2481462609,12550.666277172297
23,13.16691695115331,37.49961758077824,-55447.74069668976,7854.562764846707
23,12.828866621170611,37.92804929774783,-53626.327804935,-816.8077957135868
23,50.0,0.0,-9893.412164290457,-22411.284850250053
23,12.693092411097195,37.956034478611365,7166.453739234909,-23802.53064581516
23,0.0,50.0,10303.947033964432,-25943.317167915127
23,12.740556025850417,38.5748112986692,29295.144306518414,-31089.836377574822
23,13.024013675636464,38.12774032187092,44778.18468496155,-46579.576540394526
23,13.144576043943049,39.45156227164577,111202.6804293932,-47297.27230597644
23,12.791843219566228,39.14875071248463,118766.00096350197,-50208.92745596032
23,12.69091528968822,38.39224159974759,119707.99324266243,-53691.26015794879
24,11.505370661654915,41.35513867800316,-169592.1321657708,44385.1163933963
24,13.531220146841557,38.81937037454309,-114213.28534861037,43054.217803474065
24,14.554762721420273,38.82904091029764,-99849.79804297966,40237.192820740995
24,11.281633435203865,38.76918203659101,-90258.82014930657,39015.09784841916
24,11.55442655641853,43.7732558349915,-87369.96366487438,23045.715128078333
24,24.999995203402953,14.167320372451005,-62612.2481462609,12550.666277172297
24,13.16691695115331,37.49961758077824,-55447.74069668976,7854.562764846707
24,12.828866621170611,37.92804929774783,-53626.327804935,-816.8077957135868
24,14.559356296546696,38.9175020992071,-13273.581683256944,-4687.801142010808
24,50.0,0.0,-9893.412164290457,-22411.284850250053
24,12.693092411097195,37.956034478611365,7166.453739234909,-23802.53064581516
24,0.0,50.0,10303.947033964432,-25943.317167915127
24,12.740556025850417,38.5748112986692,29295.144306518414,-31089.836377574822
24,13.024013675636464,38.12774032187092,44778.18468496155,-46579.576540394526
24,13.865794974193546,39.49189019365493,72197.28672505768,-47559.81524889763
24,12.791843219566228,39.14875071248463,118766.00096350197,-50208.92745596032
24,12.69091528968822,38.39224159974759,119707.99324266243,-53691.26015794879
25,11.505370661654915,41.35513867800316,-169592.1321657708,44385.1163933963
25,13.531220146841557,38.81937037454309,-114213.28534861037,43054.217803474065
25,14.554762721420273,38.82904091029764,-99849.79804297966,40237.192820740995
25,11.281633435203865,38.76918203659101,-90258.82014930657,39015.09784841916
25,11.55442655641853,43.7732558349915,-87369.96366487438,23045.715128078333
25,24.999995203402953,14.167320372451005,-62612.2481462609,12550.666277172297
25,13.16691695115331,37.49961758077824,-55447.74069668976,7854.562764846707
25,12.828866621170611,37.92804929774783,-53626.327804935,-816.8077957135868
25,14.559356296546696,38.9175020992071,-13273.581683256944,-4687.801142010808
25,13.079163050678469,37.29618867841663,-9965.519548243701,-6757.2913823730705
25,50.0,0.0,-9893.412164290457,-22411.284850250053
25,12.693092411097195,37.956034478611365,7166.453739234909,-23802.53064581516
25,0.0,50.0,10303.947033964432,-25943.317167915127
25,12.740556025850417,38.5748112986692,29295.144306518414,-31089.836377574822
25,13.024013675636464,38.12774032187092,44778.18468496155,-46579.576540394526
25,13.865794974193546,39.49189019365493,72197.28672505768,-47559.81524889763
25,12.791843219566228,39.14875071248463,118766.00096350197,-50208.92745596032
25,12.69091528968822,38.39224159974759,119707.99324266243,-53691.26015794879
26,11.505370661654915,41.35513867800316,-169592.1321657708,44385.1163933963
26,13.531220146841557,38.81937037454309,-114213.28534861037,43054.217803474065
26,14.554762721420273,38.82904091029764,-99849.79804297966,40237.192820740995
26,11.281633435203865,38.76918203659101,-90258.82014930657,39015.09784841916
26,11.55442655641853,43.7732558349915,-87369.96366487438,23045.715128078333
26,24.999995203402953,14.167320372451005,-62612.2481462609,12550.666277172297
26,13.16691695115331,37.49961758077824,-55447.74069668976,7854.562764846707
26,12.828866621170611,37.92804929774783,-53626.327804935,-816.8077957135868
26,14.559356296546696,38.9175020992071,-13273.581683256944,-4687.801142010808
26,13.079163050678469,37.29618867841663,-9965.519548243701,-6757.2913823730705
26,50.0,0.0,-9893.412164290457,-22411.284850250053
26,12.693092411097195,37.956034478611365,7166.453739234909,-23802.53064581516
26,0.0,50.0,10303.947033964432,-25943.317167915127
26,12.740556025850417,38.5748112986692,29295.144306518414,-31089.836377574822
26,13.024013675636464,38.12774032187092,44778.18468496155,-46579.576540394526
26,13.865794974193546,39.49189019365493,72197.28672505768,-47559.81524889763
26,12.791843219566228,39.14875071248463,118766.00096350197,-50208.92745596032
26,12.69091528968822,38.39224159974759,119707.99324266243,-53691.26015794879
27,11.505370661654915,41.35513867800316,-169592.1321657708,44385.1163933963
27,13.531220146841557,38.81937037454309,-114213.28534861037,43054.217803474065
27,14.554762721420273,38.82904091029764,-99849.79804297966,40237.192820740995
27,11.281633435203865,38.76918203659101,-90258.82014930657,39015.09784841916
27,11.55442655641853,43.7732558349915,-87369.96366487438,23045.715128078333
27,24.999995203402953,14.167320372451005,-62612.2481462609,12550.666277172297
27,13.16691695115331,37.49961758077824,-55447.74069668976,7854.562764846707
27,15.747340232303072,38.64340997186258,-54962.83349436309,3072.8478407184593
27,12.828866621170611,37.92804929774783,-53626.327804935,-816.8077957135868
27,14.559356296546696,38.9175020992071,-13273.581683256944,-4687.801142010808
27,13.079163050678469,37.29618867841663,-9965.519548243701,-6757.2913823730705
27,50.0,0.0,-9893.412164290457,-22411.284850250053
27,12.693092411097195,37.956034478611365,7166.453739234909,-23802.53064581516
27,0.0,50.0,10303.947033964432,-25943.317167915127
27,15.708262804073216,39.12817651681858,24952.84368830782,-27338.97638283251
27,12.740556025850417,38.5748112986692,29295.144306518414,-31089.836377574822
27,13.024013675636464,38.12774032187092,44778.18468496155,-46579.576540394526
27,13.865794974193546,39.49189019365493,72197.28672505768,-47559.81524889763
27,12.791843219566228,39.14875071248463,118766.00096350197,-50208.92745596032
27,12.69091528968822,38.39224159974759,119707.99324266243,-53691.26015794879
28,11.505370661654915,41.35513867800316,-169592.1321657708,44385.1163933963
28,13.531220146841557,38.81937037454309,-114213.28534861037,43054.217803474065
28,14.554762721420273,38.82904091029764,-99849.79804297966,40237.192820740995
28,11.281633435203865,38.76918203659101,-90258.82014930657,39015.09784841916
28,11.55442655641853,43.7732558349915,-87369.96366487438,23045.715128078333
28,24.999995203402953,14.167320372451005,-62612.2481462609,12550.666277172297
28,13.16691695115331,37.49961758077824,-55447.74069668976,7854.562764846707
28,15.747340232303072,38.64340997186258,-54962.83349436309,3072.8478407184593
28,12.828866621170611,37.92804929774783,-53626.327804935,-816.8077957135868
28,14.559356296546696,38.9175020992071,-13273.581683256944,-4687.801142010808
28,13.079163050678469,37.29618867841663,-9965.519548243701,-6757.2913823730705
28,50.0,0.0,-9893.412164290457,-22411.284850250053
28,12.693092411097195,37.956034478611365,7166.453739234909,-23802.53064581516
28,0.0,50.0,10303.947033964432,-25943.317167915127
28,15.708262804073216,39.12817651681858,24952.84368830782,-27338.97638283251
28,12.740556025850417,38.5748112986692,29295.144306518414,-31089.836377574822
28,13.024013675636464,38.12774032187092,44778.18468496155,-46579.576540394526
28,13.865794974193546,39.49189019365493,72197.28672505768,-47559.81524889763
28,12.791843219566228,39.14875071248463,118766.00096350197,-50208.92745596032
28,12.69091528968822,38.39224159974759,119707.99324266243,-53691.26015794879
29,11.505370661654915,41.35513867800316,-169592.1321657708,44385.1163933963
29,13.531220146841557,38.81937037454309,-114213.28534861037,43054.217803474065
29,14.554762721420273,38.82904091029764,-99849.79804297966,40237.192820740995
29,11.281633435203865,38.76918203659101,-90258.82014930657,39015.09784841916
29,11.55442655641853,43.7732558349915,-87369.96366487438,23045.715128078333
29,24.999995203402953,14.167320372451005,-62612.2481462609,12550.666277172297
29,13.16691695115331,37.49961758077824,-55447.74069668976,7854.562764846707
29,15.747340232303072,38.64340997186258,-54962.83349436309,3072.8478407184593
29,12.828866621170611,37.92804929774783,-53626.327804935,-816.8077957135868
29,14.559356296546696,38.9175020992071,-13273.581683256944,-4687.801142010808
29,13.079163050678469,37.29618867841663,-9965.519548243701,-6757.2913823730705
29,50.0,0.0,-9893.412164290457,-22411.284850250053
29,12.693092411097195,37.956034478611365,7166.453739234909,-23802.53064581516
29,0.0,50.0,10303.947033964432,-25943.317167915127
29,15.708262804073216,39.12817651681858,24952.84368830782,-27338.97638283251
29,12.740556025850417,38.5748112986692,29295.144306518414,-31089.836377574822
29,13.024013675636464,38.12774032187092,44778.18468496155,-46579.576540394526
29,13.865794974193546,39.49189019365493,72197.28672505768,-47559.81524889763
29,12.678003337682773,40.3100219902516,107765.50915064107,-58596.84746213513
30,11.505370661654915,41.35513867800316,-169592.1321657708,44385.1163933963
30,13.531220146841557,38.81937037454309,-114213.28534861037,43054.217803474065
30,14.554762721420273,38.82904091029764,-99849.79804297966,40237.192820740995
30,11.281633435203865,38.76918203659101,-90258.82014930657,39015.09784841916
30,11.55442655641853,43.7732558349915,-87369.96366487438,23045.715128078333
30,24.999995203402953,14.167320372451005,-62612.2481462609,12550.666277172297
30,13.16691695115331,37.49961758077824,-55447.74069668976,7854.562764846707
30,15.747340232303072,38.64340997186258,-54962.83349436309,3072.8478407184593
30,12.828866621170611,37.92804929774783,-53626.327804935,-816.8077957135868
30,14.559356296546696,38.9175020992071,-13273.581683256944,-4687.801142010808
30,13.079163050678469,37.29618867841663,-9965.519548243701,-6757.2913823730705
30,50.0,0.0,-9893.412164290457,-22411.284850250053
30,12.693092411097195,37.956034478611365,7166.453739234909,-23802.53064581516
30,0.0,50.0,10303.947033964432,-25943.317167915127
30,15.708262804073216,39.12817651681858,24952.84368830782,-27338.97638283251
30,12.740556025850417,38.5748112986692,29295.144306518414,-31089.836377574822
30,13.024013675636464,38.12774032187092,44778.18468496155,-46579.576540394526
30,13.865794974193546,39.49189019365493,72197.28672505768,-47559.81524889763
30,12.678003337682773,40.3100219902516,107765.50915064107,-58596.84746213513
31,11.505370661654915,41.35513867800316,-169592.1321657708,44385.1163933963
31,13.531220146841557,38.81937037454309,-114213.28534861037,43054.217803474065
31,14.554762721420273,38.82904091029764,-99849.79804297966,40237.192820740995
31,11.281633435203865,38.76918203659101,-90258.82014930657,39015.09784841916
31,11.55442655641853,43.7732558349915,-87369.96366487438,23045.715128078333
31,24.999995203402953,14.167320372451005,-62612.2481462609,12550.666277172297
31,13.16691695115331,37.49961758077824,-55447.74069668976,7854.562764846707
31,15.747340232303072,38.64340997186258,-54962.83349436309,3072.8478407184593
31,12.828866621170611,37.92804929774783,-53626.327804935,-816.8077957135868
31,14.559356296546696,38.9175020992071,-13273.581683256944,-4687.801142010808
31,13.079163050678469,37.29618867841663,-9965.519548243701,-6757.2913823730705
31,50.0,0.0,-9893.412164290457,-22411.284850250053
31,12.693092411097195,37.956034478611365,7166.453739234909,-23802.53064581516
31,0.0,50.0,10303.947033964432,-25943.317167915127
31,15.708262804073216,39.12817651681858,24952.84368830782,-27338.97638283251
31,12.740556025850417,38.5748112986692,29295.144306518414,-31089.836377574822
31,13.024013675636464,38.12774032187092,44778.18468496155,-46579.576540394526
31,13.865794974193546,39.49189019365493,72197.28672505768,-47559.81524889763
31,12.678003337682773,40.3100219902516,107765.50915064107,-58596.84746213513
32,11.505370661654915,41.35513867800316,-169592.1321657708,44385.1163933963
32,13.531220146841557,38.81937037454309,-114213.28534861037,43054.217803474065
32,12.20100529394779,38.110296722841646,-104272.94224206916,28849.69920288058
32,11.55442655641853,43.7732558349915,-87369.96366487438,23045.715128078333
32,24.999995203402953,14.167320372451005,-62612.2481462609,12550.666277172297
32,13.16691695115331,37.49961758077824,-55447.74069668976,7854.562764846707
32,15.747340232303072,38.64340997186258,-54962.83349436309,3072.8478407184593
32,12.828866621170611,37.92804929774783,-53626.327804935,-816.8077957135868
32,14.559356296546696,38.9175020992071,-13273.581683256944,-4687.801142010808
32,13.079163050678469,37.29618867841663,-9965.519548243701,-6757.2913823730705
32,50.0,0.0,-9893.412164290457,-22411.284850250053
32,12.693092411097195,37.956034478611365,7166.453739234909,-23802.53064581516
32,0.0,50.0,10303.947033964432,-25943.317167915127
32,15.708262804073216,39.12817651681858,24952.84368830782,-27338.97638283251
32,12.740556025850417,38.5748112986692,29295.144306518414,-31089.836377574822
32,13.024013675636464,38.12774032187092,44778.18468496155,-46579.576540394526
32,13.865794974193546,39.49189019365493,72197.28672505768,-47559.81524889763
32,12.678003337682773,40.3100219902516,107765.50915064107,-58596.84746213513
33,11.505370661654915,41.35513867800316,-169592.1321657708,44385.1163933963
33,13.531220146841557,38.81937037454309,-114213.28534861037,43054.217803474065
33,12.20100529394779,38.110296722841646,-104272.94224206916,28849.69920288058
33,11.55442655641853,43.7732558349915,-87369.96366487438,23045.715128078333
33,24.999995203402953,14.167320372451005,-62612.2481462609,12550.666277172297
33,13.16691695115331,37.49961758077824,-55447.74069668976,7854.562764846707
33,15.747340232303072,38.64340997186258,-54962.83349436309,3072.8478407184593
33,12.828866621170611,37.92804929774783,-53626.327804935,-816.8077957135868
33,14.559356296546696,38.9175020992071,-13273.581683256944,-4687.801142010808
33,13.079163050678469,37.29618867841663,-9965.519548243701,-6757.2913823730705
33,50.0,0.0,-9893.412164290457,-22411.284850250053
33,12.693092411097195,37.956034478611365,7166.453739234909,-23802.53064581516
33,0.0,50.0,10303.947033964432,-25943.317167915127
33,15.708262804073216,39.12817651681858,24952.84368830782,-27338.97638283251
33,12.740556025850417,38.5748112986692,29295.144306518414,-31089.836377574822
33,13.024013675636464,38.12774032187092,44778.18468496155,-46579.576540394526
33,13.865794974193546,39.49189019365493,72197.28672505768,-47559.81524889763
33,12.678003337682773,40.3100219902516,107765.50915064107,-58596.84746213513
34,11.505370661654915,41.35513867800316,-169592.1321657708,44385.1163933963
34,13.531220146841557,38.81937037454309,-114213.28534861037,43054.217803474065
34,12.20100529394779,38.110296722841646,-104272.94224206916,28849.69920288058
34,11.55442655641853,43.7732558349915,-87369.96366487438,23045.715128078333
34,24.999995203402953,14.167320372451005,-62612.2481462609,12550.666277172297
34,13.16691695115331,37.49961758077824,-55447.74069668976,7854.562764846707
34,15.747340232303072,38.64340997186258,-54962.83349436309,3072.8478407184593
34,12.828866621170611,37.92804929774783,-53626.327804935,-816.8077957135868
34,14.559356296546696,38.9175020992071,-13273.581683256944,-4687.801142010808
34,13.079163050678469,37.29618867841663,-9965.519548243701,-6757.2913823730705
34,50.0,0.0,-9893.412164290457,-22411.284850250053
34,12.693092411097195,37.956034478611365,7166.453739234909,-23802.53064581516
34,0.0,50.0,10303.947033964432,-25943.317167915127
34,15.708262804073216,39.12817651681858,24952.84368830782,-27338.97638283251
34,12.740556025850417,38.5748112986692,29295.144306518414,-31089.836377574822
34,13.024013675636464,38.12774032187092,44778.18468496155,-46579.576540394526
34,13.865794974193546,39.49189019365493,72197.28672505768,-47559.81524889763
34,12.678003337682773,40.3100219902516,107765.50915064107,-58596.84746213513
35,11.505370661654915,41.35513867800316,-169592.1321657708,44385.1163933963
35,13.531220146841557,38.81937037454309,-114213.28534861037,43054.217803474065
35,12.20100529394779,38.110296722841646,-104272.94224206916,28849.69920288058
35,11.55442655641853,43.7732558349915,-87369.96366487438,23045.715128078333
35,24.999995203402953,14.167320372451005,-62612.2481462609,12550.666277172297
35,13.16691695115331,37.49961758077824,-55447.74069668976,7854.562764846707
35,15.747340232303072,38.64340997186258,-54962.83349436309,3072.8478407184593
35,12.828866621170611,37.92804929774783,-53626.327804935,-816.8077957135868
35,14.559356296546696,38.9175020992071,-13273.581683256944,-4687.801142010808
35,13.079163050678469,37.29618867841663,-9965.519548243701,-6757.2913823730705
35,50.0,0.0,-9893.412164290457,-22411.284850250053
35,12.693092411097195,37.956034478611365,7166.453739234909,-23802.53064581516
35,0.0,50.0,10303.947033964432,-25943.317167915127
35,15.708262804073216,39.12817651681858,24952.84368830782,-27338.97638283251
35,12.740556025850417,38.5748112986692,29295.144306518414,-31089.836377574822
35,13.024013675636464,38.12774032187092,44778.18468496155,-46579.576540394526
35,13.865794974193546,39.49189019365493,72197.28672505768,-47559.81524889763
35,12.678003337682773,40.3100219902516,107765.50915064107,-58596.84746213513
36,11.505370661654915,41.35513867800316,-169592.1321657708,44385.1163933963
36,13.531220146841557,38.81937037454309,-114213.28534861037,43054.217803474065
36,12.20100529394779,38.110296722841646,-104272.94224206916,28849.69920288058
36,11.55442655641853,43.7732558349915,-87369.96366487438,23045.715128078333
36,24.999995203402953,14.167320372451005,-62612.2481462609,12550.666277172297
36,13.16691695115331,37.49961758077824,-55447.74069668976,7854.562764846707
36,15.747340232303072,38.64340997186258,-54962.83349436309,3072.8478407184593
36,12.828866621170611,37.92804929774783,-53626.327804935,-816.8077957135868
36,14.559356296546696,38.9175020992071,-13273.581683256944,-4687.801142010808
36,13.079163050678469,37.29618867841663,-9965.519548243701,-6757.2913823730705
36,50.0,0.0,-9893.412164290457,-22411.284850250053
36,12.693092411097195,37.956034478611365,7166.453739234909,-23802.53064581516
36,0.0,50.0,10303.947033964432,-25943.317167915127
36,15.708262804073216,39.12817651681858,24952.84368830782,-27338.97638283251
36,12.740556025850417,38.5748112986692,29295.144306518414,-31089.836377574822
36,13.024013675636464,38.12774032187092,44778.18468496155,-46579.576540394526
36,13.865794974193546,39.49189019365493,72197.28672505768,-47559.81524889763
36,12.678003337682773,40.3100219902516,107765.50915064107,-58596.84746213513
37,11.505370661654915,41.35513867800316,-169592.1321657708,44385.1163933963
37,13.531220146841557,38.81937037454309,-114213.28534861037,43054.217803474065
37,12.20100529394779,38.110296722841646,-104272.94224206916,28849.69920288058
37,11.55442655641853,43.7732558349915,-87369.96366487438,23045.715128078333
37,24.999995203402953,14.167320372451005,-62612.2481462609,12550.666277172297
37,13.16691695115331,37.49961758077824,-55447.74069668976,7854.562764846707
37,15.747340232303072,38.64340997186258,-54962.83349436309,3072.8478407184593
37,12.828866621170611,37.92804929774783,-53626.327804935,-816.8077957135868
37,14.559356296546696,38.9175020992071,-13273.581683256944,-4687.801142010808
37,13.079163050678469,37.29618867841663,-9965.519548243701,-6757.2913823730705
37,50.0,0.0,-9893.412164290457,-22411.284850250053
37,12.693092411097195,37.956034478611365,7166.453739234909,-23802.53064581516
37,0.0,50.0,10303.947033964432,-25943.317167915127
37,15.708262804073216,39.12817651681858,24952.84368830782,-27338.97638283251
37,12.740556025850417,38.5748112986692,29295.144306518414,-31089.836377574822
37,13.024013675636464,38.12774032187092,44778.18468496155,-46579.576540394526
37,13.865794974193546,39.49189019365493,72197.28672505768,-47559.81524889763
37,12.678003337682773,40.3100219902516,107765.50915064107,-58596.84746213513
38,11.505370661654915,41.35513867800316,-169592.1321657708,44385.1163933963
38,13.531220146841557,38.81937037454309,-114213.28534861037,43054.217803474065
38,10.207802751905101,38.20151728114388,-111513.73740423135,41686.629269636665
38,12.20100529394779,38.110296722841646,-104272.94224206916,28849.69920288058
38,11.55442655641853,43.7732558349915,-87369.96366487438,23045.715128078333
38,24.999995203402953,14.167320372451005,-62612.2481462609,12550.666277172297
38,13.16691695115331,37.49961758077824,-55447.74069668976,7854.562764846707
38,15.747340232303072,38.64340997186258,-54962.83349436309,3072.8478407184593
38,12.828866621170611,37.92804929774783,-53626.327804935,-816.8077957135868
38,14.559356296546696,38.9175020992071,-13273.581683256944,-4687.801142010808
38,13.079163050678469,37.29618867841663,-9965.519548243701,-6757.2913823730705
38,50.0,0.0,-9893.412164290457,-22411.284850250053
38,12.693092411097195,37.956034478611365,7166.453739234909,-23802.53064581516
38,0.0,50.0,10303.947033964432,-25943.317167915127
38,15.708262804073216,39.12817651681858,24952.84368830782,-27338.97638283251
38,12.740556025850417,38.5748112986692,29295.144306518414,-31089.836377574822
38,13.024013675636464,38.12774032187092,44778.18468496155,-46579.576540394526
38,13.865794974193546,39.49189019365493,72197.28672505768,-47559.81524889763
38,12.678003337682773,40.3100219902516,107765.50915064107,-58596.84746213513
39,11.505370661654915,41.35513867800316,-169592.1321657708,44385.1163933963
39,13.531220146841557,38.81937037454309,-114213.28534861037,43054.217803474065
39,10.207802751905101,38.20151728114388,-111513.73740423135,41686.629269636665
39,12.20100529394779,38.110296722841646,-104272.94224206916,28849.69920288058
39,11.55442655641853,43.7732558349915,-87369.96366487438,23045.715128078333
39,24.999995203402953,14.167320372451005,-62612.2481462609,12550.666277172297
39,13.16691695115331,37.49961758077824,-55447.74069668976,7854.562764846707
39,15.747340232303072,38.64340997186258,-54962.83349436309,3072.8478407184593
39,12.828866621170611,37.92804929774783,-53626.327804935,-816.8077957135868
39,14.559356296546696,38.9175020992071,-13273.581683256944,-4687.801142010808
39,13.079163050678469,37.29618867841663,-9965.519548243701,-6757.2913823730705
39,50.0,0.0,-9893.412164290457,-22411.284850250053
39,12.693092411097195,37.956034478611365,7166.453739234909,-23802.53064581516
39,0.0,50.0,10303.947033964432,-25943.317167915127
39,15.708262804073216,39.12817651681858,24952.84368830782,-27338.97638283251
39,12.740556025850417,38.5748112986692,29295.144306518414,-31089.836377574822
39,13.024013675636464,38.12774032187092,44778.18468496155,-46579.576540394526
39,13.865794974193546,39.49189019365493,72197.28672505768,-47559.81524889763
39,12.678003337682773,40.3100219902516,107765.50915064107,-58596.84746213513
40,11.505370661654915,41.35513867800316,-169592.1321657708,44385.1163933963
40,13.531220146841557,38.81937037454309,-114213.28534861037,43054.217803474065
40,10.207802751905101,38.20151728114388,-111513.73740423135,41686.629269636665
40,12.20100529394779,38.110296722841646,-104272.94224206916,28849.69920288058
40,11.55442655641853,43.7732558349915,-87369.96366487438,23045.715128078333
40,24.999995203402953,14.167320372451005,-62612.2481462609,12550.666277172297
40,13.16691695115331,37.49961758077824,-55447.74069668976,7854.562764846707
40,15.747340232303072,38.64340997186258,-54962.83349436309,3072.8478407184593
40,12.828866621170611,37.92804929774783,-53626.327804935,-816.8077957135868
40,14.559356296546696,38.9175020992071,-13273.581683256944,-4687.801142010808
40,13.079163050678469,37.29618867841663,-9965.519548243701,-6757.2913823730705
40,50.0,0.0,-9893.412164290457,-22411.284850250053
40,12.693092411097195,37.956034478611365,7166.453739234909,-23802.53064581516
40,0.0,50.0,10303.947033964432,-25943.317167915127
40,15.708262804073216,39.12817651681858,24952.84368830782,-27338.97638283251
40,12.740556025850417,38.5748112986692,29295.144306518414,-31089.836377574822
40,13.024013675636464,38.12774032187092,44778.18468496155,-46579.576540394526
40,13.865794974193546,39.49189019365493,72197.28672505768,-47559.81524889763
40,12.678003337682773,40.3100219902516,107765.50915064107,-58596.84746213513
41,11.505370661654915,41.35513867800316,-169592.1321657708,44385.1163933963
41,13.531220146841557,38.81937037454309,-114213.28534861037,43054.217803474065
41,10.207802751905101,38.20151728114388,-111513.73740423135,41686.629269636665
41,12.20100529394779,38.110296722841646,-104272.94224206916,28849.69920288058
41,11.55442655641853,43.7732558349915,-87369.96366487438,23045.715128078333
41,24.999995203402953,14.167320372451005,-62612.2481462609,12550.666277172297
41,13.16691695115331,37.49961758077824,-55447.74069668976,7854.562764846707
41,15.747340232303072,38.64340997186258,-54962.83349436309,3072.8478407184593
41,12.828866621170611,37.92804929774783,-53626.327804935,-816.8077957135868
41,14.559356296546696,38.9175020992071,-13273.581683256944,-4687.801142010808
41,13.079163050678469,37.29618867841663,-9965.519548243701,-6757.2913823730705
41,50.0,0.0,-9893.412164290457,-22411.284850250053
41,12.693092411097195,37.956034478611365,7166.453739234909,-23802.53064581516
41,0.0,50.0,10303.947033964432,-25943.317167915127
41,15.708262804073216,39.12817651681858,24952.84368830782,-27338.97638283251
41,12.740556025850417,38.5748112986692,29295.144306518414,-31089.836377574822
41,13.076525011031409,40.57582690828505,30903.705150626047,-32580.94151926312
41,13.024013675636464,38.12774032187092,44778.18468496155,-46579.576540394526
41,13.865794974193546,39.49189019365493,72197.28672505768,-47559.81524889763
41,12.678003337682773,40.3100219902516,107765.50915064107,-58596.84746213513
42,11.505370661654915,41.35513867800316,-169592.1321657708,44385.1163933963
42,13.531220146841557,38.81937037454309,-114213.28534861037,43054.217803474065
42,10.207802751905101,38.20151728114388,-111513.73740423135,41686.629269636665
42,12.20100529394779,38.110296722841646,-104272.94224206916,28849.69920288058
42,11.55442655641853,43.7732558349915,-87369.96366487438,23045.715128078333
42,24.999995203402953,14.167320372451005,-62612.2481462609,12550.666277172297
42,13.16691695115331,37.49961758077824,-55447.74069668976,7854.562764846707
42,15.747340232303072,38.64340997186258,-54962.83349436309,3072.8478407184593
42,12.828866621170611,37.92804929774783,-53626.327804935,-816.8077957135868
42,10.878522447829022,36.895566036552474,-20630.002514262924,-2667.314750029646
42,14.559356296546696,38.9175020992071,-13273.581683256944,-4687.801142010808
42,13.079163050678469,37.29618867841663,-9965.519548243701,-6757.2913823730705
42,50.0,0.0,-9893.412164290457,-22411.284850250053
42,15.036752402262731,38.919712866758175,6580.601055920526,-27051.586175811193
42,15.708262804073216,39.12817651681858,24952.84368830782,-27338.97638283251
42,12.740556025850417,38.5748112986692,29295.144306518414,-31089.836377574822
42,13.076525011031409,40.57582690828505,30903.705150626047,-32580.94151926312
42,13.024013675636464,38.12774032187092,44778.18468496155,-46579.576540394526
42,13.865794974193546,39.49189019365493,72197.28672505768,-47559.81524889763
42,12.678003337682773,40.3100219902516,107765.50915064107,-58596.84746213513
43,11.505370661654915,41.35513867800316,-169592.1321657708,44385.1163933963
43,13.531220146841557,38.81937037454309,-114213.28534861037,43054.217803474065
43,10.207802751905101,38.20151728114388,-111513.73740423135,41686.629269636665
43,12.20100529394779,38.110296722841646,-104272.94224206916,28849.69920288058
43,11.55442655641853,43.7732558349915,-87369.96366487438,23045.715128078333
43,24.999995203402953,14.167320372451005,-62612.2481462609,12550.666277172297
43,13.16691695115331,37.49961758077824,-55447.74069668976,7854.562764846707
43,15.747340232303072,38.64340997186258,-54962.83349436309,3072.8478407184593
43,12.828866621170611,37.92804929774783,-53626.327804935,-816.8077957135868
43,10.878522447829022,36.895566036552474,-20630.002514262924,-2667.314750029646
43,14.559356296546696,38.9175020992071,-13273.581683256944,-4687.801142010808
43,13.079163050678469,37.29618867841663,-9965.519548243701,-6757.2913823730705
43,50.0,0.0,-9893.412164290457,-22411.284850250053
43,15.036752402262731,38.919712866758175,6580.601055920526,-27051.586175811193
43,15.708262804073216,39.12817651681858,24952.84368830782,-27338.97638283251
43,12.740556025850417,38.5748112986692,29295.144306518414,-31089.836377574822
43,13.076525011031409,40.57582690828505,30903.705150626047,-32580.94151926312
43,13.024013675636464,38.12774032187092,44778.18468496155,-46579.576540394526
43,13.865794974193546,39.49189019365493,72197.28672505768,-47559.81524889763
43,12.678003337682773,40.3100219902516,107765.50915064107,-58596.84746213513
44,11.505370661654915,41.35513867800316,-169592.1321657708,44385.1163933963
44,13.531220146841557,38.81937037454309,-114213.28534861037,43054.217803474065
44,10.207802751905101,38.20151728114388,-111513.73740423135,41686.629269636665
44,12.20100529394779,38.110296722841646,-104272.94224206916,28849.69920288058
44,11.55442655641853,43.7732558349915,-87369.96366487438,23045.715128078333
44,24.999995203402953,14.167320372451005,-62612.2481462609,12550.666277172297
44,13.16691695115331,37.49961758077824,-55447.74069668976,7854.562764846707
44,15.747340232303072,38.64340997186258,-54962.83349436309,3072.8478407184593
44,12.828866621170611,37.92804929774783,-53626.327804935,-816.8077957135868
44,10.878522447829022,36.895566036552474,-20630.002514262924,-2667.314750029646
44,14.559356296546696,38.9175020992071,-13273.581683256944,-4687.801142010808
44,13.079163050678469,37.29618867841663,-9965.519548243701,-6757.2913823730705
44,50.0,0.0,-9893.412164290457,-22411.284850250053
44,15.036752402262731,38.919712866758175,6580.601055920526,-27051.586175811193
44,15.708262804073216,39.12817651681858,24952.84368830782,-27338.97638283251
44,12.740556025850417,38.5748112986692,29295.144306518414,-31089.836377574822
44,13.076525011031409,40.57582690828505,30903.705150626047,-32580.94151926312
44,13.024013675636464,38.12774032187092,44778.18468496155,-46579.576540394526
44,13.865794974193546,39.49189019365493,72197.28672505768,-47559.81524889763
44,12.678003337682773,40.3100219902516,107765.50915064107,-58596.84746213513
45,11.505370661654915,41.35513867800316,-169592.1321657708,44385.1163933963
45,13.531220146841557,38.81937037454309,-114213.28534861037,43054.217803474065
45,10.207802751905101,38.20151728114388,-111513.73740423135,41686.629269636665
45,12.20100529394779,38.110296722841646,-104272.94224206916,28849.69920288058
45,11.55442655641853,43.7732558349915,-87369.96366487438,23045.715128078333
45,13.553263751610503,38.34327403035742,-64568.70727312299,11235.631386150957
45,13.16691695115331,37.49961758077824,-55447.74069668976,7854.562764846707
45,15.747340232303072,38.64340997186258,-54962.83349436309,3072.8478407184593
45,12.828866621170611,37.92804929774783,-53626.327804935,-816.8077957135868
45,10.878522447829022,36.895566036552474,-20630.002514262924,-2667.314750029646
45,14.559356296546696,38.9175020992071,-13273.581683256944,-4687.801142010808
45,13.079163050678469,37.29618867841663,-9965.519548243701,-6757.2913823730705
45,50.0,0.0,-9893.412164290457,-22411.284850250053
45,15.036752402262731,38.919712866758175,6580.601055920526,-27051.586175811193
45,15.708262804073216,39.12817651681858,24952.84368830782,-27338.97638283251
45,12.740556025850417,38.5748112986692,29295.144306518414,-31089.836377574822
45,13.076525011031409,40.57582690828505,30903.705150626047,-32580.94151926312
45,13.024013675636464,38.12774032187092,44778.18468496155,-46579.576540394526
45,13.865794974193546,39.49189019365493,72197.28672505768,-47559.81524889763
45,12.678003337682773,40.3100219902516,107765.50915064107,-58596.84746213513
46,11.505370661654915,41.35513867800316,-169592.1321657708,44385.1163933963
46,13.531220146841557,38.81937037454309,-114213.28534861037,43054.217803474065
46,10.207802751905101,38.20151728114388,-111513.73740423135,41686.629269636665
46,12.20100529394779,38.110296722841646,-104272.94224206916,28849.69920288058
46,11.55442655641853,43.7732558349915,-87369.96366487438,23045.715128078333
46,13.553263751610503,38.34327403035742,-64568.70727312299,11235.631386150957
46,13.16691695115331,37.49961758077824,-55447.74069668976,7854.562764846707
46,15.747340232303072,38.64340997186258,-54962.83349436309,3072.8478407184593
46,12.828866621170611,37.92804929774783,-53626.327804935,-816.8077957135868
46,10.878522447829022,36.895566036552474,-20630.002514262924,-2667.314750029646
46,14.559356296546696,38.9175020992071,-13273.581683256944,-4687.801142010808
46,13.079163050678469,37.29618867841663,-9965.519548243701,-6757.2913823730705
46,50.0,0.0,-9893.412164290457,-22411.284850250053
46,15.036752402262731,38.919712866758175,6580.601055920526,-27051.586175811193
46,15.708262804073216,39.12817651681858,24952.84368830782,-27338.97638283251
46,12.740556025850417,38.5748112986692,29295.144306518414,-31089.836377574822
46,13.076525011031409,40.57582690828505,30903.705150626047,-32580.94151926312
46,13.024013675636464,38.12774032187092,44778.18468496155,-46579.576540394526
46,13.865794974193546,39.49189019365493,72197.28672505768,-47559.81524889763
46,12.678003337682773,40.3100219902516,107765.50915064107,-58596.84746213513
47,11.505370661654915,41.35513867800316,-169592.1321657708,44385.1163933963
47,13.531220146841557,38.81937037454309,-114213.28534861037,43054.217803474065
47,10.207802751905101,38.20151728114388,-111513.73740423135,41686.629269636665
47,12.20100529394779,38.110296722841646,-104272.94224206916,28849.69920288058
47,11.55442655641853,43.7732558349915,-87369.96366487438,23045.715128078333
47,13.553263751610503,38.34327403035742,-64568.70727312299,11235.631386150957
47,13.16691695115331,37.49961758077824,-55447.74069668976,7854.562764846707
47,15.747340232303072,38.64340997186258,-54962.83349436309,3072.8478407184593
47,12.828866621170611,37.92804929774783,-53626.327804935,-816.8077957135868
47,10.878522447829022,36.895566036552474,-20630.002514262924,-2667.314750029646
47,14.559356296546696,38.9175020992071,-13273.581683256944,-4687.801142010808
47,13.079163050678469,37.29618867841663,-9965.519548243701,-6757.2913823730705
47,50.0,0.0,-9893.412164290457,-22411.284850250053
47,15.036752402262731,38.919712866758175,6580.601055920526,-27051.586175811193
47,15.708262804073216,39.12817651681858,24952.84368830782,-27338.97638283251
47,12.740556025850417,38.5748112986692,29295.144306518414,-31089.836377574822
47,13.076525011031409,40.57582690828505,30903.705150626047,-32580.94151926312
47,13.024013675636464,38.12774032187092,44778.18468496155,-46579.576540394526
47,13.865794974193546,39.49189019365493,72197.28672505768,-47559.81524889763
47,12.678003337682773,40.3100219902516,107765.50915064107,-58596.84746213513
48,11.505370661654915,41.35513867800316,-169592.1321657708,44385.1163933963
48,13.531220146841557,38.81937037454309,-114213.28534861037,43054.217803474065
48,10.207802751905101,38.20151728114388,-111513.73740423135,41686.629269636665
48,12.20100529394779,38.110296722841646,-104272.94224206916,28849.69920288058
48,11.55442655641853,43.7732558349915,-87369.96366487438,23045.715128078333
48,13.553263751610503,38.34327403035742,-64568.70727312299,11235.631386150957
48,13.16691695115331,37.49961758077824,-55447.74069668976,7854.562764846707
48,15.747340232303072,38.64340997186258,-54962.83349436309,3072.8478407184593
48,12.828866621170611,37.92804929774783,-53626.327804935,-816.8077957135868
48,10.878522447829022,36.895566036552474,-20630.002514262924,-2667.314750029646
48,14.559356296546696,38.9175020992071,-13273.581683256944,-4687.801142010808
48,13.079163050678469,37.29618867841663,-9965.519548243701,-6757.2913823730705
48,50.0,0.0,-9893.412164290457,-22411.284850250053
48,15.036752402262731,38.919712866758175,6580.601055920526,-27051.586175811193
48,15.708262804073216,39.12817651681858,24952.84368830782,-27338.97638283251
48,12.740556025850417,38.5748112986692,29295.144306518414,-31089.836377574822
48,13.076525011031409,40.57582690828505,30903.705150626047,-32580.94151926312
48,13.024013675636464,38.12774032187092,44778.18468496155,-46579.576540394526
48,13.865794974193546,39.49189019365493,72197.28672505768,-47559.81524889763
48,12.678003337682773,40.3100219902516,107765.50915064107,-58596.84746213513
49,11.505370661654915,41.35513867800316,-169592.1321657708,44385.1163933963
49,13.531220146841557,38.81937037454309,-114213.28534861037,43054.217803474065
49,10.207802751905101,38.20151728114388,-111513.73740423135,41686.629269636665
49,12.20100529394779,38.110296722841646,-104272.94224206916,28849.69920288058
49,11.55442655641853,43.7732558349915,-87369.96366487438,23045.715128078333
49,13.553263751610503,38.34327403035742,-64568.70727312299,11235.631386150957
49,13.16691695115331,37.49961758077824,-55447.74069668976,7854.562764846707
49,15.747340232303072,38.64340997186258,-54962.83349436309,3072.8478407184593
49,12.828866621170611,37.92804929774783,-53626.327804935,-816.8077957135868
49,10.878522447829022,36.895566036552474,-20630.002514262924,-2667.314750029646
49,14.559356296546696,38.9175020992071,-13273.581683256944,-4687.801142010808
49,13.079163050678469,37.29618867841663,-9965.519548243701,-6757.2913823730705
49,50.0,0.0,-9893.412164290457,-22411.284850250053
49,15.036752402262731,38.919712866758175,6580.601055920526,-27051.586175811193
49,15.708262804073216,39.12817651681858,24952.84368830782,-27338.97638283251
49,12.740556025850417,38.5748112986692,29295.144306518414,-31089.836377574822
49,13.076525011031409,40.57582690828505,30903.705150626047,-32580.94151926312
49,13.024013675636464,38.12774032187092,44778.18468496155,-46579.576540394526
49,13.865794974193546,39.49189019365493,72197.28672505768,-47559.81524889763
49,12.592898818012705,44.425568930867044,83252.90943718815,-49465.41542068167
49,12.678003337682773,40.3100219902516,107765.50915064107,-58596.84746213513
50,11.505370661654915,41.35513867800316,-169592.1321657708,44385.1163933963
50,13.531220146841557,38.81937037454309,-114213.28534861037,43054.217803474065
50,10.207802751905101,38.20151728114388,-111513.73740423135,41686.629269636665
50,12.20100529394779,38.110296722841646,-104272.94224206916,28849.69920288058
50,11.55442655641853,43.7732558349915,-87369.96366487438,23045.715128078333
50,13.553263751610503,38.34327403035742,-64568.70727312299,11235.631386150957
50,13.16691695115331,37.49961758077824,-55447.74069668976,7854.562764846707
50,15.747340232303072,38.64340997186258,-54962.83349436309,3072.8478407184593
50,12.828866621170611,37.92804929774783,-53626.327804935,-816.8077957135868
50,10.878522447829022,36.895566036552474,-20630.002514262924,-2667.314750029646
50,14.559356296546696,38.9175020992071,-13273.581683256944,-4687.801142010808
50,13.079163050678469,37.29618867841663,-9965.519548243701,-6757.2913823730705
50,50.0,0.0,-9893.412164290457,-22411.284850250053
50,15.036752402262731,38.919712866758175,6580.601055920526,-27051.586175811193
50,15.708262804073216,39.12817651681858,24952.84368830782,-27338.97638283251
50,12.740556025850417,38.5748112986692,29295.144306518414,-31089.836377574822
50,13.076525011031409,40.57582690828505,30903.705150626047,-32580.94151926312
50,13.024013675636464,38.12774032187092,44778.18468496155,-46579.576540394526
50,13.865794974193546,39.49189019365493,72197.28672505768,-47559.81524889763
50,12.592898818012705,44.425568930867044,83252.90943718815,-49465.41542068167
50,12.678003337682773,40.3100219902516,107765.50915064107,-58596.84746213513
51,11.505370661654915,41.35513867800316,-169592.1321657708,44385.1163933963
51,13.531220146841557,38.81937037454309,-114213.28534861037,43054.217803474065
51,10.207802751905101,38.20151728114388,-111513.73740423135,41686.629269636665
51,12.20100529394779,38.110296722841646,-104272.94224206916,28849.69920288058
51,11.55442655641853,43.7732558349915,-87369.96366487438,23045.715128078333
51,13.553263751610503,38.34327403035742,-64568.70727312299,11235.631386150957
51,13.16691695115331,37.49961758077824,-55447.74069668976,7854.562764846707
51,15.747340232303072,38.64340997186258,-54962.83349436309,3072.8478407184593
51,12.828866621170611,37.92804929774783,-53626.327804935,-816.8077957135868
51,10.878522447829022,36.895566036552474,-20630.002514262924,-2667.314750029646
51,10.510470886724146,42.38358069951212,-15166.301947609329,-10170.61167291624
51,50.0,0.0,-9893.412164290457,-22411.284850250053
51,15.036752402262731,38.919712866758175,6580.601055920526,-27051.586175811193
51,15.708262804073216,39.12817651681858,24952.84368830782,-27338.97638283251
51,12.740556025850417,38.5748112986692,29295.144306518414,-31089.836377574822
51,13.076525011031409,40.57582690828505,30903.705150626047,-32580.94151926312
51,13.024013675636464,38.12774032187092,44778.18468496155,-46579.576540394526
51,13.865794974193546,39.49189019365493,72197.28672505768,-47559.81524889763
51,12.592898818012705,44.425568930867044,83252.90943718815,-49465.41542068167
51,12.678003337682773,40.3100219902516,107765.50915064107,-58596.84746213513
52,11.505370661654915,41.35513867800316,-169592.1321657708,44385.1163933963
52,13.531220146841557,38.81937037454309,-114213.28534861037,43054.217803474065
52,10.207802751905101,38.20151728114388,-111513.73740423135,41686.629269636665
52,12.20100529394779,38.110296722841646,-104272.94224206916,28849.69920288058
52,11.55442655641853,43.7732558349915,-87369.96366487438,23045.715128078333
52,13.553263751610503,38.34327403035742,-64568.70727312299,11235.631386150957
52,13.16691695115331,37.49961758077824,-55447.74069668976,7854.562764846707
52,15.747340232303072,38.64340997186258,-54962.83349436309,3072.8478407184593
52,12.828866621170611,37.92804929774783,-53626.327804935,-816.8077957135868
52,10.878522447829022,36.895566036552474,-20630.002514262924,-2667.314750029646
52,10.510470886724146,42.38358069951212,-15166.301947609329,-10170.61167291624
52,50.0,0.0,-9893.412164290457,-22411.284850250053
52,15.036752402262731,38.919712866758175,6580.601055920526,-27051.586175811193
52,15.708262804073216,39.12817651681858,24952.84368830782,-27338.97638283251
52,12.740556025850417,38.5748112986692,29295.144306518414,-31089.836377574822
52,13.076525011031409,40.57582690828505,30903.705150626047,-32580.94151926312
52,13.024013675636464,38.12774032187092,44778.18468496155,-46579.576540394526
52,13.865794974193546,39.49189019365493,72197.28672505768,-47559.81524889763
52,12.592898818012705,44.425568930867044,83252.90943718815,-49465.41542068167
52,12.678003337682773,40.3100219902516,107765.50915064107,-58596.84746213513
53,11.505370661654915,41.35513867800316,-169592.1321657708,44385.1163933963
53,13.531220146841557,38.81937037454309,-114213.28534861037,43054.217803474065
53,10.207802751905101,38.20151728114388,-111513.73740423135,41686.629269636665
53,12.20100529394779,38.110296722841646,-104272.94224206916,28849.69920288058
53,11.55442655641853,43.7732558349915,-87369.96366487438,23045.715128078333
53,13.553263751610503,38.34327403035742,-64568.70727312299,11235.631386150957
53,13.16691695115331,37.49961758077824,-55447.74069668976,7854.562764846707
53,15.747340232303072,38.64340997186258,-54962.83349436309,3072.8478407184593
53,12.828866621170611,37.92804929774783,-53626.327804935,-816.8077957135868
53,10.878522447829022,36.895566036552474,-20630.002514262924,-2667.314750029646
53,10.510470886724146,42.38358069951212,-15166.301947609329,-10170.61167291624
53,50.0,0.0,-9893.412164290457,-22411.284850250053
53,15.036752402262731,38.919712866758175,6580.601055920526,-27051.586175811193
53,15.708262804073216,39.12817651681858,24952.84368830782,-27338.97638283251
53,12.740556025850417,38.5748112986692,29295.144306518414,-31089.836377574822
53,13.076525011031409,40.57582690828505,30903.705150626047,-32580.94151926312
53,13.024013675636464,38.12774032187092,44778.18468496155,-46579.576540394526
53,13.865794974193546,39.49189019365493,72197.28672505768,-47559.81524889763
53,12.592898818012705,44.425568930867044,83252.90943718815,-49465.41542068167
53,12.678003337682773,40.3100219902516,107765.50915064107,-58596.84746213513
54,11.505370661654915,41.35513867800316,-169592.1321657708,44385.1163933963
54,13.531220146841557,38.81937037454309,-114213.28534861037,43054.217803474065
54,10.207802751905101,38.20151728114388,-111513.73740423135,41686.629269636665
54,12.20100529394779,38.110296722841646,-104272.94224206916,28849.69920288058
54,11.55442655641853,43.7732558349915,-87369.96366487438,23045.715128078333
54,13.553263751610503,38.34327403035742,-64568.70727312299,11235.631386150957
54,13.16691695115331,37.49961758077824,-55447.74069668976,7854.562764846707
54,15.747340232303072,38.64340997186258,-54962.83349436309,3072.8478407184593
54,12.828866621170611,37.92804929774783,-53626.327804935,-816.8077957135868
54,10.878522447829022,36.895566036552474,-20630.002514262924,-2667.314750029646
54,10.510470886724146,42.38358069951212,-15166.301947609329,-10170.61167291624
54,50.0,0.0,-9893.412164290457,-22411.284850250053
54,15.036752402262731,38.919712866758175,6580.601055920526,-27051.586175811193
54,15.708262804073216,39.12817651681858,24952.84368830782,-27338.97638283251
54,12.740556025850417,38.5748112986692,29295.144306518414,-31089.836377574822
54,13.076525011031409,40.57582690828505,30903.705150626047,-32580.94151926312
54,13.024013675636464,38.12774032187092,44778.18468496155,-46579.576540394526
54,13.865794974193546,39.49189019365493,72197.28672505768,-47559.81524889763
54,12.592898818012705,44.425568930867044,83252.90943718815,-49465.41542068167
54,13.706736257156384,41.15808784789261,97450.82112517057,-53212.88493018253
54,12.678003337682773,40.3100219902516,107765.50915064107,-58596.84746213513
55,11.505370661654915,41.35513867800316,-169592.1321657708,44385.1163933963
55,13.531220146841557,38.81937037454309,-114213.28534861037,43054.217803474065
55,10.207802751905101,38.20151728114388,-111513.73740423135,41686.629269636665
55,12.20100529394779,38.110296722841646,-104272.94224206916,28849.69920288058
55,11.55442655641853,43.7732558349915,-87369.96366487438,23045.715128078333
55,11.335276795783324,41.42583111346361,-80650.3109263417,18938.580751303794
55,13.553263751610503,38.34327403035742,-64568.70727312299,11235.631386150957
55,13.16691695115331,37.49961758077824,-55447.74069668976,7854.562764846707
55,15.747340232303072,38.64340997186258,-54962.83349436309,3072.8478407184593
55,12.828866621170611,37.92804929774783,-53626.327804935,-816.8077957135868
55,10.878522447829022,36.895566036552474,-20630.002514262924,-2667.314750029646
55,10.510470886724146,42.38358069951212,-15166.301947609329,-10170.61167291624
55,50.0,0.0,-9893.412164290457,-22411.284850250053
55,15.036752402262731,38.919712866758175,6580.601055920526,-27051.586175811193
55,15.708262804073216,39.12817651681858,24952.84368830782,-27338.97638283251
55,12.740556025850417,38.5748112986692,29295.144306518414,-31089.836377574822
55,13.076525011031409,40.57582690828505,30903.705150626047,-32580.94151926312
55,13.024013675636464,38.12774032187092,44778.18468496155,-46579.576540394526
55,13.865794974193546,39.49189019365493,72197.28672505768,-47559.81524889763
55,12.592898818012705,44.425568930867044,83252.90943718815,-49465.41542068167
55,13.706736257156384,41.15808784789261,97450.82112517057,-53212.88493018253
55,12.678003337682773,40.3100219902516,107765.50915064107,-58596.84746213513
56,11.505370661654915,41.35513867800316,-169592.1321657708,44385.1163933963
56,13.531220146841557,38.81937037454309,-114213.28534861037,43054.217803474065
56,10.207802751905101,38.20151728114388,-111513.73740423135,41686.629269636665
56,12.20100529394779,38.110296722841646,-104272.94224206916,28849.69920288058
56,11.55442655641853,43.7732558349915,-87369.96366487438,23045.715128078333
56,11.335276795783324,41.42583111346361,-80650.3109263417,18938.580751303794
56,13.553263751610503,38.34327403035742,-64568.70727312299,11235.631386150957
56,13.16691695115331,37.49961758077824,-55447.74069668976,7854.562764846707
56,15.747340232303072,38.64340997186258,-54962.83349436309,3072.8478407184593
56,12.828866621170611,37.92804929774783,-53626.327804935,-816.8077957135868
56,10.878522447829022,36.895566036552474,-20630.002514262924,-2667.314750029646
56,10.510470886724146,42.38358069951212,-15166.301947609329,-10170.61167291624
56,50.0,0.0,-9893.412164290457,-22411.284850250053
56,15.036752402262731,38.919712866758175,6580.601055920526,-27051.586175811193
56,15.708262804073216,39.12817651681858,24952.84368830782,-27338.97638283251
56,12.740556025850417,38.5748112986692,29295.144306518414,-31089.836377574822
56,13.076525011031409,40.57582690828505,30903.705150626047,-32580.94151926312
56,13.024013675636464,38.12774032187092,44778.18468496155,-46579.576540394526
56,13.865794974193546,39.49189019365493,72197.28672505768,-47559.81524889763
56,12.592898818012705,44.425568930867044,83252.90943718815,-49465.41542068167
56,13.706736257156384,41.15808784789261,97450.82112517057,-53212.88493018253
56,12.678003337682773,40.3100219902516,107765.50915064107,-58596.84746213513
57,11.505370661654915,41.35513867800316,-169592.1321657708,44385.1163933963
57,13.531220146841557,38.81937037454309,-114213.28534861037,43054.217803474065
57,10.207802751905101,38.20151728114388,-111513.73740423135,41686.629269636665
57,12.20100529394779,38.110296722841646,-104272.94224206916,28849.69920288058
57,11.55442655641853,43.7732558349915,-87369.96366487438,23045.715128078333
57,11.335276795783324,41.42583111346361,-80650.3109263417,18938.580751303794
57,13.553263751610503,38.34327403035742,-64568.70727312299,11235.631386150957
57,13.16691695115331,37.49961758077824,-55447.74069668976,7854.562764846707
57,15.747340232303072,38.64340997186258,-54962.83349436309,3072.8478407184593
57,12.828866621170611,37.92804929774783,-53626.327804935,-816.8077957135868
57,10.878522447829022,36.895566036552474,-20630.002514262924,-2667.314750029646
57,10.510470886724146,42.38358069951212,-15166.301947609329,-10170.61167291624
57,50.0,0.0,-9893.412164290457,-22411.284850250053
57,15.036752402262731,38.919712866758175,6580.601055920526,-27051.586175811193
57,15.708262804073216,39.12817651681858,24952.84368830782,-27338.97638283251
57,12.740556025850417,38.5748112986692,29295.144306518414,-31089.836377574822
57,13.076525011031409,40.57582690828505,30903.705150626047,-32580.94151926312
57,13.024013675636464,38.12774032187092,44778.18468496155,-46579.576540394526
57,13.865794974193546,39.49189019365493,72197.28672505768,-47559.81524889763
57,12.592898818012705,44.425568930867044,83252.90943718815,-49465.41542068167
57,13.706736257156384,41.15808784789261,97450.82112517057,-53212.88493018253
57,12.678003337682773,40.3100219902516,107765.50915064107,-58596.84746213513
58,11.505370661654915,41.35513867800316,-169592.1321657708,44385.1163933963
58,13.531220146841557,38.81937037454309,-114213.28534861037,43054.217803474065
58,10.207802751905101,38.20151728114388,-111513.73740423135,41686.629269636665
58,12.20100529394779,38.110296722841646,-104272.94224206916,28849.69920288058
58,11.55442655641853,43.7732558349915,-87369.96366487438,23045.715128078333
58,11.335276795783324,41.42583111346361,-80650.3109263417,18938.580751303794
58,13.553263751610503,38.34327403035742,-64568.70727312299,11235.631386150957
58,13.16691695115331,37.49961758077824,-55447.74069668976,7854.562764846707
58,15.747340232303072,38.64340997186258,-54962.83349436309,3072.8478407184593
58,12.828866621170611,37.92804929774783,-53626.327804935,-816.8077957135868
58,10.878522447829022,36.895566036552474,-20630.002514262924,-2667.314750029646
58,10.510470886724146,42.38358069951212,-15166.301947609329,-10170.61167291624
58,50.0,0.0,-9893.412164290457,-22411.284850250053
58,15.036752402262731,38.919712866758175,6580.601055920526,-27051.586175811193
58,15.708262804073216,39.12817651681858,24952.84368830782,-27338.97638283251
58,12.740556025850417,38.5748112986692,29295.144306518414,-31089.836377574822
58,13.076525011031409,40.57582690828505,30903.705150626047,-32580.94151926312
58,12.36016298861933,35.45139906141114,39463.03971605354,-32900.03051352673
58,13.024013675636464,38.12774032187092,44778.18468496155,-46579.576540394526
58,13.865794974193546,39.49189019365493,72197.28672505768,-47559.81524889763
58,12.592898818012705,44.425568930867044,83252.90943718815,-49465.41542068167
58,13.706736257156384,41.15808784789261,97450.82112517057,-53212.88493018253
58,12.678003337682773,40.3100219902516,107765.50915064107,-58596.84746213513
59,11.505370661654915,41.35513867800316,-169592.1321657708,44385.1163933963
59,13.531220146841557,38.81937037454309,-114213.28534861037,43054.217803474065
59,10.207802751905101,38.20151728114388,-111513.73740423135,41686.629269636665
59,12.20100529394779,38.110296722841646,-104272.94224206916,28849.69920288058
59,11.55442655641853,43.7732558349915,-87369.96366487438,23045.715128078333
59,11.335276795783324,41.42583111346361,-80650.3109263417,18938.580751303794
59,13.553263751610503,38.34327403035742,-64568.70727312299,11235.631386150957
59,13.16691695115331,37.49961758077824,-55447.74069668976,7854.562764846707
59,15.747340232303072,38.64340997186258,-54962.83349436309,3072.8478407184593
59,12.828866621170611,37.92804929774783,-53626.327804935,-816.8077957135868
59,10.878522447829022,36.895566036552474,-20630.002514262924,-2667.314750029646
59,10.510470886724146,42.38358069951212,-15166.301947609329,-10170.61167291624
59,50.0,0.0,-9893.412164290457,-22411.284850250053
59,15.036752402262731,38.919712866758175,6580.601055920526,-27051.586175811193
59,15.708262804073216,39.12817651681858,24952.84368830782,-27338.97638283251
59,12.740556025850417,38.5748112986692,29295.144306518414,-31089.836377574822
59,13.076525011031409,40.57582690828505,30903.705150626047,-32580.94151926312
59,12.36016298861933,35.45139906141114,39463.03971605354,-32900.03051352673
59,13.024013675636464,38.12774032187092,44778.18468496155,-46579.576540394526
59,13.865794974193546,39.49189019365493,72197.28672505768,-47559.81524889763
59,12.592898818012705,44.425568930867044,83252.90943718815,-49465.41542068167
59,13.706736257156384,41.15808784789261,97450.82112517057,-53212.88493018253
59,12.678003337682773,40.3100219902516,107765.50915064107,-58596.84746213513
60,11.505370661654915,41.35513867800316,-169592.1321657708,44385.1163933963
60,13.531220146841557,38.81937037454309,-114213.28534861037,43054.217803474065
60,10.207802751905101,38.20151728114388,-111513.73740423135,41686.629269636665
60,12.20100529394779,38.110296722841646,-104272.94224206916,28849.69920288058
60,11.55442655641853,43.7732558349915,-87369.96366487438,23045.715128078333
60,11.335276795783324,41.42583111346361,-80650.3109263417,18938.580751303794
60,13.553263751610503,38.34327403035742,-64568.70727312299,11235.631386150957
60,13.16691695115331,37.49961758077824,-55447.74069668976,7854.562764846707
60,15.747340232303072,38.64340997186258,-54962.83349436309,3072.8478407184593
60,12.828866621170611,37.92804929774783,-53626.327804935,-816.8077957135868
60,10.878522447829022,36.895566036552474,-20630.002514262924,-2667.314750029646
60,10.510470886724146,42.38358069951212,-15166.301947609329,-10170.61167291624
60,50.0,0.0,-9893.412164290457,-22411.284850250053
60,15.036752402262731,38.919712866758175,6580.601055920526,-27051.586175811193
60,15.708262804073216,39.12817651681858,24952.84368830782,-27338.97638283251
60,12.740556025850417,38.5748112986692,29295.144306518414,-31089.836377574822
60,13.076525011031409,40.57582690828505,30903.705150626047,-32580.94151926312
60,12.36016298861933,35.45139906141114,39463.03971605354,-32900.03051352673
60,13.024013675636464,38.12774032187092,44778.18468496155,-46579.576540394526
60,13.865794974193546,39.49189019365493,72197.28672505768,-47559.81524889763
60,12.592898818012705,44.425568930867044,83252.90943718815,-49465.41542068167
60,13.706736257156384,41.15808784789261,97450.82112517057,-53212.88493018253
60,12.678003337682773,40.3100219902516,107765.50915064107,-58596.84746213513
61,11.505370661654915,41.35513867800316,-169592.1321657708,44385.1163933963
61,13.531220146841557,38.81937037454309,-114213.28534861037,43054.217803474065
61,10.207802751905101,38.20151728114388,-111513.73740423135,41686.629269636665
61,12.20100529394779,38.110296722841646,-104272.94224206916,28849.69920288058
61,11.55442655641853,43.7732558349915,-87369.96366487438,23045.715128078333
61,11.335276795783324,41.42583111346361,-80650.3109263417,18938.580751303794
61,13.553263751610503,38.34327403035742,-64568.70727312299,11235.631386150957
61,13.16691695115331,37.49961758077824,-55447.74069668976,7854.562764846707
61,15.747340232303072,38.64340997186258,-54962.83349436309,3072.8478407184593
61,12.828866621170611,37.92804929774783,-53626.327804935,-816.8077957135868
61,10.878522447829022,36.895566036552474,-20630.002514262924,-2667.314750029646
61,10.510470886724146,42.38358069951212,-15166.301947609329,-10170.61167291624
61,50.0,0.0,-9893.412164290457,-22411.284850250053
61,15.036752402262731,38.919712866758175,6580.601055920526,-27051.586175811193
61,15.708262804073216,39.12817651681858,24952.84368830782,-27338.97638283251
61,12.740556025850417,38.5748112986692,29295.144306518414,-31089.836377574822
61,13.076525011031409,40.57582690828505,30903.705150626047,-32580.94151926312
61,12.36016298861933,35.45139906141114,39463.03971605354,-32900.03051352673
61,13.024013675636464,38.12774032187092,44778.18468496155,-46579.576540394526
61,13.865794974193546,39.49189019365493,72197.28672505768,-47559.81524889763
61,12.592898818012705,44.425568930867044,83252.90943718815,-49465.41542068167
61,13.706736257156384,41.15808784789261,97450.82112517057,-53212.88493018253
61,12.678003337682773,40.3100219902516,107765.50915064107,-58596.84746213513
62,11.505370661654915,41.35513867800316,-169592.1321657708,44385.1163933963
62,13.531220146841557,38.81937037454309,-114213.28534861037,43054.217803474065
62,10.207802751905101,38.20151728114388,-111513.73740423135,41686.629269636665
62,12.20100529394779,38.110296722841646,-104272.94224206916,28849.69920288058
62,15.897266237260926,40.701725195013516,-90198.59745615226,20801.381747513384
62,11.335276795783324,41.42583111346361,-80650.3109263417,18938.580751303794
62,13.553263751610503,38.34327403035742,-64568.70727312299,11235.631386150957
62,13.16691695115331,37.49961758077824,-55447.74069668976,7854.562764846707
62,15.747340232303072,38.64340997186258,-54962.83349436309,3072.8478407184593
62,12.828866621170611,37.92804929774783,-53626.327804935,-816.8077957135868
62,10.878522447829022,36.895566036552474,-20630.002514262924,-2667.314750029646
62,10.510470886724146,42.38358069951212,-15166.301947609329,-10170.61167291624
62,50.0,0.0,-9893.412164290457,-22411.284850250053
62,15.036752402262731,38.919712866758175,6580.601055920526,-27051.586175811193
62,15.708262804073216,39.12817651681858,24952.84368830782,-27338.97638283251
62,12.740556025850417,38.5748112986692,29295.144306518414,-31089.836377574822
62,13.076525011031409,40.57582690828505,30903.705150626047,-32580.94151926312
62,12.36016298861933,35.45139906141114,39463.03971605354,-32900.03051352673
62,13.024013675636464,38.12774032187092,44778.18468496155,-46579.576540394526
62,13.865794974193546,39.49189019365493,72197.28672505768,-47559.81524889763
62,12.592898818012705,44.425568930867044,83252.90943718815,-49465.41542068167
62,13.706736257156384,41.15808784789261,97450.82112517057,-53212.88493018253
62,12.678003337682773,40.3100219902516,107765.50915064107,-58596.84746213513
63,11.505370661654915,41.35513867800316,-169592.1321657708,44385.1163933963
63,13.531220146841557,38.81937037454309,-114213.28534861037,43054.217803474065
63,10.207802751905101,38.20151728114388,-111513.73740423135,41686.629269636665
63,12.20100529394779,38.110296722841646,-104272.94224206916,28849.69920288058
63,15.897266237260926,40.701725195013516,-90198.59745615226,20801.381747513384
63,11.335276795783324,41.42583111346361,-80650.3109263417,18938.580751303794
63,13.553263751610503,38.34327403035742,-64568.70727312299,11235.631386150957
63,13.16691695115331,37.49961758077824,-55447.74069668976,7854.562764846707
63,15.747340232303072,38.64340997186258,-54962.83349436309,3072.8478407184593
63,12.828866621170611,37.92804929774783,-53626.327804935,-816.8077957135868
63,10.878522447829022,36.895566036552474,-20630.002514262924,-2667.314750029646
63,10.510470886724146,42.38358069951212,-15166.301947609329,-10170.61167291624
63,50.0,0.0,-9893.412164290457,-22411.284850250053
63,15.036752402262731,38.919712866758175,6580.601055920526,-27051.586175811193
63,15.708262804073216,39.12817651681858,24952.84368830782,-27338.97638283251
63,12.740556025850417,38.5748112986692,29295.144306518414,-31089.836377574822
63,13.076525011031409,40.57582690828505,30903.705150626047,-32580.94151926312
63,12.36016298861933,35.45139906141114,39463.03971605354,-32900.03051352673
63,13.024013675636464,38.12774032187092,44778.18468496155,-46579.576540394526
63,13.865794974193546,39.49189019365493,72197.28672505768,-47559.81524889763
63,12.592898818012705,44.425568930867044,83252.90943718815,-49465.41542068167
63,13.706736257156384,41.15808784789261,97450.82112517057,-53212.88493018253
63,12.678003337682773,40.3100219902516,107765.50915064107,-58596.84746213513
64,11.505370661654915,41.35513867800316,-169592.1321657708,44385.1163933963
64,13.531220146841557,38.81937037454309,-114213.28534861037,43054.217803474065
64,10.207802751905101,38.20151728114388,-111513.73740423135,41686.629269636665
64,12.20100529394779,38.110296722841646,-104272.94224206916,28849.69920288058
64,15.897266237260926,40.701725195013516,-90198.59745615226,20801.381747513384
64,11.335276795783324,41.42583111346361,-80650.3109263417,18938.580751303794
64,13.553263751610503,38.34327403035742,-64568.70727312299,11235.631386150957
64,13.16691695115331,37.49961758077824,-55447.74069668976,7854.562764846707
64,15.747340232303072,38.64340997186258,-54962.83349436309,3072.8478407184593
64,12.828866621170611,37.92804929774783,-53626.327804935,-816.8077957135868
64,10.878522447829022,36.895566036552474,-20630.002514262924,-2667.314750029646
64,10.510470886724146,42.38358069951212,-15166.301947609329,-10170.61167291624
64,50.0,0.0,-9893.412164290457,-22411.284850250053
64,15.036752402262731,38.919712866758175,6580.601055920526,-27051.586175811193
64,15.708262804073216,39.12817651681858,24952.84368830782,-27338.97638283251
64,17.54355938111286,37.824738806652924,26674.66123104617,-38772.114246182755
64,13.024013675636464,38.12774032187092,44778.18468496155,-46579.576540394526
64,13.865794974193546,39.49189019365493,72197.28672505768,-47559.81524889763
64,12.592898818012705,44.425568930867044,83252.90943718815,-49465.41542068167
64,13.706736257156384,41.15808784789261,97450.82112517057,-53212.88493018253
64,12.678003337682773,40.3100219902516,107765.50915064107,-58596.84746213513
65,11.505370661654915,41.35513867800316,-169592.1321657708,44385.1163933963
65,13.531220146841557,38.81937037454309,-114213.28534861037,43054.217803474065
65,10.207802751905101,38.20151728114388,-111513.73740423135,41686.629269636665
65,12.20100529394779,38.110296722841646,-104272.94224206916,28849.69920288058
65,15.897266237260926,40.701725195013516,-90198.59745615226,20801.381747513384
65,11.335276795783324,41.42583111346361,-80650.3109263417,18938.580751303794
65,13.553263751610503,38.34327403035742,-64568.70727312299,11235.631386150957
65,13.16691695115331,37.49961758077824,-55447.74069668976,7854.562764846707
65,15.747340232303072,38.64340997186258,-54962.83349436309,3072.8478407184593
65,12.828866621170611,37.92804929774783,-53626.327804935,-816.8077957135868
65,10.878522447829022,36.895566036552474,-20630.002514262924,-2667.314750029646
65,10.510470886724146,42.38358069951212,-15166.301947609329,-10170.61167291624
65,50.0,0.0,-9893.412164290457,-22411.284850250053
65,15.036752402262731,38.919712866758175,6580.601055920526,-27051.586175811193
65,15.708262804073216,39.12817651681858,24952.84368830782,-27338.97638283251
65,17.54355938111286,37.824738806652924,26674.66123104617,-38772.114246182755
65,13.024013675636464,38.12774032187092,44778.18468496155,-46579.576540394526
65,13.865794974193546,39.49189019365493,72197.28672505768,-47559.81524889763
65,12.592898818012705,44.425568930867044,83252.90943718815,-49465.41542068167
65,13.706736257156384,41.15808784789261,97450.82112517057,-53212.88493018253
65,12.678003337682773,40.3100219902516,107765.50915064107,-58596.84746213513
66,11.505370661654915,41.35513867800316,-169592.1321657708,44385.1163933963
66,13.531220146841557,38.81937037454309,-114213.28534861037,43054.217803474065
66,10.207802751905101,38.20151728114388,-111513.73740423135,41686.629269636665
66,12.20100529394779,38.110296722841646,-104272.94224206916,28849.69920288058
66,15.897266237260926,40.701725195013516,-90198.59745615226,20801.381747513384
66,11.335276795783324,41.42583111346361,-80650.3109263417,18938.580751303794
66,13.553263751610503,38.34327403035742,-64568.70727312299,11235.631386150957
66,13.16691695115331,37.49961758077824,-55447.74069668976,7854.562764846707
66,15.747340232303072,38.64340997186258,-54962.83349436309,3072.8478407184593
66,12.828866621170611,37.92804929774783,-53626.327804935,-816.8077957135868
66,10.878522447829022,36.895566036552474,-20630.002514262924,-2667.314750029646
66,10.510470886724146,42.38358069951212,-15166.301947609329,-10170.61167291624
66,50.0,0.0,-9893.412164290457,-22411.284850250053
66,15.036752402262731,38.919712866758175,6580.601055920526,-27051.586175811193
66,15.708262804073216,39.12817651681858,24952.84368830782,-27338.97638283251
66,17.54355938111286,37.824738806652924,26674.66123104617,-38772.114246182755
66,13.024013675636464,38.12774032187092,44778.18468496155,-46579.576540394526
66,13.865794974193546,39.49189019365493,72197.28672505768,-47559.81524889763
66,12.592898818012705,44.425568930867044,83252.90943718815,-49465.41542068167
66,13.706736257156384,41.15808784789261,97450.82112517057,-53212.88493018253
66,12.678003337682773,40.3100219902516,107765.50915064107,-58596.84746213513
67,11.505370661654915,41.35513867800316,-169592.1321657708,44385.1163933963
67,13.531220146841557,38.81937037454309,-114213.28534861037,43054.217803474065
67,10.207802751905101,38.20151728114388,-111513.73740423135,41686.629269636665
67,12.20100529394779,38.110296722841646,-104272.94224206916,28849.69920288058
67,15.897266237260926,40.701725195013516,-90198.59745615226,20801.381747513384
67,11.335276795783324,41.42583111346361,-80650.3109263417,18938.580751303794
67,13.553263751610503,38.34327403035742,-64568.70727312299,11235.631386150957
67,13.16691695115331,37.49961758077824,-55447.74069668976,7854.562764846707
67,15.747340232303072,38.64340997186258,-54962.83349436309,3072.8478407184593
67,12.828866621170611,37.92804929774783,-53626.327804935,-816.8077957135868
67,10.878522447829022,36.895566036552474,-20630.002514262924,-2667.314750029646
67,10.510470886724146,42.38358069951212,-15166.301947609329,-10170.61167291624
67,50.0,0.0,-9893.412164290457,-22411.284850250053
67,15.036752402262731,38.919712866758175,6580.601055920526,-27051.586175811193
67,15.708262804073216,39.12817651681858,24952.84368830782,-27338.97638283251
67,17.54355938111286,37.824738806652924,26674.66123104617,-38772.114246182755
67,13.024013675636464,38.12774032187092,44778.18468496155,-46579.576540394526
67,13.865794974193546,39.49189019365493,72197.28672505768,-47559.81524889763
67,12.592898818012705,44.425568930867044,83252.90943718815,-49465.41542068167
67,13.706736257156384,41.15808784789261,97450.82112517057,-53212.88493018253
67,12.678003337682773,40.3100219902516,107765.50915064107,-58596.84746213513
68,11.505370661654915,41.35513867800316,-169592.1321657708,44385.1163933963
68,13.531220146841557,38.81937037454309,-114213.28534861037,43054.217803474065
68,10.207802751905101,38.20151728114388,-111513.73740423135,41686.629269636665
68,12.20100529394779,38.110296722841646,-104272.94224206916,28849.69920288058
68,15.897266237260926,40.701725195013516,-90198.59745615226,20801.381747513384
68,11.335276795783324,41.42583111346361,-80650.3109263417,18938.580751303794
68,13.553263751610503,38.34327403035742,-64568.70727312299,11235.631386150957
68,13.16691695115331,37.49961758077824,-55447.74069668976,7854.562764846707
68,15.747340232303072,38.64340997186258,-54962.83349436309,3072.8478407184593
68,12.828866621170611,37.92804929774783,-53626.327804935,-816.8077957135868
68,10.878522447829022,36.895566036552474,-20630.002514262924,-2667.314750029646
68,10.510470886724146,42.38358069951212,-15166.301947609329,-10170.61167291624
68,50.0,0.0,-9893.412164290457,-22411.284850250053
68,15.036752402262731,38.919712866758175,6580.601055920526,-27051.586175811193
68,20.029008422349452,37.892578898531184,15093.281270769883,-32067.22379466351
68,17.54355938111286,37.824738806652924,26674.66123104617,-38772.114246182755
68,13.024013675636464,38.12774032187092,44778.18468496155,-46579.576540394526
68,13.865794974193546,39.49189019365493,72197.28672505768,-47559.81524889763
68,12.592898818012705,44.425568930867044,83252.90943718815,-49465.41542068167
68,13.706736257156384,41.15808784789261,97450.82112517057,-53212.88493018253
68,12.678003337682773,40.3100219902516,107765.50915064107,-58596.84746213513
69,11.505370661654915,41.35513867800316,-169592.1321657708,44385.1163933963
69,13.531220146841557,38.81937037454309,-114213.28534861037,43054.217803474065
69,10.207802751905101,38.20151728114388,-111513.73740423135,41686.629269636665
69,12.20100529394779,38.110296722841646,-104272.94224206916,28849.69920288058
69,15.897266237260926,40.701725195013516,-90198.59745615226,20801.381747513384
69,11.335276795783324,41.42583111346361,-80650.3109263417,18938.580751303794
69,13.553263751610503,38.34327403035742,-64568.70727312299,11235.631386150957
69,13.16691695115331,37.49961758077824,-55447.74069668976,7854.562764846707
69,15.747340232303072,38.64340997186258,-54962.83349436309,3072.8478407184593
69,12.828866621170611,37.92804929774783,-53626.327804935,-816.8077957135868
69,10.878522447829022,36.895566036552474,-20630.002514262924,-2667.314750029646
69,10.510470886724146,42.38358069951212,-15166.301947609329,-10170.61167291624
69,50.0,0.0,-9893.412164290457,-22411.284850250053
69,15.036752402262731,38.919712866758175,6580.601055920526,-27051.586175811193
69,20.029008422349452,37.892578898531184,15093.281270769883,-32067.22379466351
69,17.54355938111286,37.824738806652924,26674.66123104617,-38772.114246182755
69,13.024013675636464,38.12774032187092,44778.18468496155,-46579.576540394526
69,13.865794974193546,39.49189019365493,72197.28672505768,-47559.81524889763
69,12.592898818012705,44.425568930867044,83252.90943718815,-49465.41542068167
69,13.706736257156384,41.15808784789261,97450.82112517057,-53212.88493018253
69,12.678003337682773,40.3100219902516,107765.50915064107,-58596.84746213513
70,11.505370661654915,41.35513867800316,-169592.1321657708,44385.1163933963
70,13.531220146841557,38.81937037454309,-114213.28534861037,43054.217803474065
70,10.207802751905101,38.20151728114388,-111513.73740423135,41686.629269636665
70,12.20100529394779,38.110296722841646,-104272.94224206916,28849.69920288058
70,15.897266237260926,40.701725195013516,-90198.59745615226,20801.381747513384
70,11.335276795783324,41.42583111346361,-80650.3109263417,18938.580751303794
70,13.553263751610503,38.34327403035742,-64568.70727312299,11235.631386150957
70,13.16691695115331,37.49961758077824,-55447.74069668976,7854.562764846707
70,15.747340232303072,38.64340997186258,-54962.83349436309,3072.8478407184593
70,12.828866621170611,37.92804929774783,-53626.327804935,-816.8077957135868
70,10.878522447829022,36.895566036552474,-20630.002514262924,-2667.314750029646
70,10.510470886724146,42.38358069951212,-15166.301947609329,-10170.61167291624
70,50.0,0.0,-9893.412164290457,-22411.284850250053
70,15.036752402262731,38.919712866758175,6580.601055920526,-27051.586175811193
70,20.029008422349452,37.892578898531184,15093.281270769883,-32067.22379466351
70,17.54355938111286,37.824738806652924,26674.66123104617,-38772.114246182755
70,13.024013675636464,38.12774032187092,44778.18468496155,-46579.576540394526
70,13.865794974193546,39.49189019365493,72197.28672505768,-47559.81524889763
70,12.592898818012705,44.425568930867044,83252.90943718815,-49465.41542068167
70,13.706736257156384,41.15808784789261,97450.82112517057,-53212.88493018253
70,12.678003337682773,40.3100219902516,107765.50915064107,-58596.84746213513
71,11.505370661654915,41.35513867800316,-169592.1321657708,44385.1163933963
71,19.95041682209142,39.73752240272414,-126043.19510673553,42534.35251128906
71,10.207802751905101,38.20151728114388,-111513.73740423135,41686.629269636665
71,12.20100529394779,38.110296722841646,-104272.94224206916,28849.69920288058
71,15.897266237260926,40.701725195013516,-90198.59745615226,20801.381747513384
71,11.335276795783324,41.42583111346361,-80650.3109263417,18938.580751303794
71,13.553263751610503,38.34327403035742,-64568.70727312299,11235.631386150957
71,13.16691695115331,37.49961758077824,-55447.74069668976,7854.562764846707
71,15.747340232303072,38.64340997186258,-54962.83349436309,3072.8478407184593
71,12.828866621170611,37.92804929774783,-53626.327804935,-816.8077957135868
71,10.878522447829022,36.895566036552474,-20630.002514262924,-2667.314750029646
71,10.510470886724146,42.38358069951212,-15166.301947609329,-10170.61167291624
71,50.0,0.0,-9893.412164290457,-22411.284850250053
71,15.036752402262731,38.919712866758175,6580.601055920526,-27051.586175811193
71,20.029008422349452,37.892578898531184,15093.281270769883,-32067.22379466351
71,17.54355938111286,37.824738806652924,26674.66123104617,-38772.114246182755
71,13.024013675636464,38.12774032187092,44778.18468496155,-46579.576540394526
71,13.865794974193546,39.49189019365493,72197.28672505768,-47559.81524889763
71,12.592898818012705,44.425568930867044,83252.90943718815,-49465.41542068167
71,13.706736257156384,41.15808784789261,97450.82112517057,-53212.88493018253
71,12.678003337682773,40.3100219902516,107765.50915064107,-58596.84746213513
72,11.505370661654915,41.35513867800316,-169592.1321657708,44385.1163933963
72,19.95041682209142,39.73752240272414,-126043.19510673553,42534.35251128906
72,10.207802751905101,38.20151728114388,-111513.73740423135,41686.629269636665
72,12.20100529394779,38.110296722841646,-104272.94224206916,28849.69920288058
72,15.897266237260926,40.701725195013516,-90198.59745615226,20801.381747513384
72,11.335276795783324,41.42583111346361,-80650.3109263417,18938.580751303794
72,13.553263751610503,38.34327403035742,-64568.70727312299,11235.631386150957
72,19.257978349959707,41.8732150067862,-59818.461909202684,8752.98504052019
72,13.16691695115331,37.49961758077824,-55447.74069668976,7854.562764846707
72,15.747340232303072,38.64340997186258,-54962.83349436309,3072.8478407184593
72,12.828866621170611,37.92804929774783,-53626.327804935,-816.8077957135868
72,10.878522447829022,36.895566036552474,-20630.002514262924,-2667.314750029646
72,10.510470886724146,42.38358069951212,-15166.301947609329,-10170.61167291624
72,50.0,0.0,-9893.412164290457,-22411.284850250053
72,15.036752402262731,38.919712866758175,6580.601055920526,-27051.586175811193
72,20.029008422349452,37.892578898531184,15093.281270769883,-32067.22379466351
72,17.54355938111286,37.824738806652924,26674.66123104617,-38772.114246182755
72,13.024013675636464,38.12774032187092,44778.18468496155,-46579.576540394526
72,13.865794974193546,39.49189019365493,72197.28672505768,-47559.81524889763
72,12.592898818012705,44.425568930867044,83252.90943718815,-49465.41542068167
72,13.706736257156384,41.15808784789261,97450.82112517057,-53212.88493018253
72,12.678003337682773,40.3100219902516,107765.50915064107,-58596.84746213513
73,11.505370661654915,41.35513867800316,-169592.1321657708,44385.1163933963
73,19.95041682209142,39.73752240272414,-126043.19510673553,42534.35251128906
73,10.207802751905101,38.20151728114388,-111513.73740423135,41686.629269636665
73,12.20100529394779,38.110296722841646,-104272.94224206916,28849.69920288058
73,15.897266237260926,40.701725195013516,-90198.59745615226,20801.381747513384
73,11.335276795783324,41.42583111346361,-80650.3109263417,18938.580751303794
73,13.553263751610503,38.34327403035742,-64568.70727312299,11235.631386150957
73,19.257978349959707,41.8732150067862,-59818.461909202684,8752.98504052019
73,13.16691695115331,37.49961758077824,-55447.74069668976,7854.562764846707
73,15.747340232303072,38.64340997186258,-54962.83349436309,3072.8478407184593
73,12.828866621170611,37.92804929774783,-53626.327804935,-816.8077957135868
73,10.878522447829022,36.895566036552474,-20630.002514262924,-2667.314750029646
73,10.510470886724146,42.38358069951212,-15166.301947609329,-10170.61167291624
73,50.0,0.0,-9893.412164290457,-22411.284850250053
73,15.036752402262731,38.919712866758175,6580.601055920526,-27051.586175811193
73,20.029008422349452,37.892578898531184,15093.281270769883,-32067.22379466351
73,17.54355938111286,37.824738806652924,26674.66123104617,-38772.114246182755
73,13.024013675636464,38.12774032187092,44778.18468496155,-46579.576540394526
73,13.865794974193546,39.49189019365493,72197.28672505768,-47559.81524889763
73,12.592898818012705,44.425568930867044,83252.90943718815,-49465.41542068167
73,13.706736257156384,41.15808784789261,97450.82112517057,-53212.88493018253
73,12.678003337682773,40.3100219902516,107765.50915064107,-58596.84746213513
74,11.505370661654915,41.35513867800316,-169592.1321657708,44385.1163933963
74,19.95041682209142,39.73752240272414,-126043.19510673553,42534.35251128906
74,10.207802751905101,38.20151728114388,-111513.73740423135,41686.629269636665
74,12.20100529394779,38.110296722841646,-104272.94224206916,28849.69920288058
74,15.897266237260926,40.701725195013516,-90198.59745615226,20801.381747513384
74,11.335276795783324,41.42583111346361,-80650.3109263417,18938.580751303794
74,13.553263751610503,38.34327403035742,-64568.70727312299,11235.631386150957
74,19.257978349959707,41.8732150067862,-59818.461909202684,8752.98504052019
74,13.16691695115331,37.49961758077824,-55447.74069668976,7854.562764846707
74,15.747340232303072,38.64340997186258,-54962.83349436309,3072.8478407184593
74,12.828866621170611,37.92804929774783,-53626.327804935,-816.8077957135868
74,10.878522447829022,36.895566036552474,-20630.002514262924,-2667.314750029646
74,10.510470886724146,42.38358069951212,-15166.301947609329,-10170.61167291624
74,50.0,0.0,-9893.412164290457,-22411.284850250053
74,15.036752402262731,38.919712866758175,6580.601055920526,-27051.586175811193
74,20.029008422349452,37.892578898531184,15093.281270769883,-32067.22379466351
74,17.54355938111286,37.824738806652924,26674.66123104617,-38772.114246182755
74,13.024013675636464,38.12774032187092,44778.18468496155,-46579.576540394526
74,13.865794974193546,39.49189019365493,72197.28672505768,-47559.81524889763
74,12.592898818012705,44.425568930867044,83252.90943718815,-49465.41542068167
74,13.706736257156384,41.15808784789261,97450.82112517057,-53212.88493018253
74,12.678003337682773,40.3100219902516,107765.50915064107,-58596.84746213513
75,11.505370661654915,41.35513867800316,-169592.1321657708,44385.1163933963
75,19.95041682209142,39.73752240272414,-126043.19510673553,42534.35251128906
75,10.207802751905101,38.20151728114388,-111513.73740423135,41686.629269636665
75,12.20100529394779,38.110296722841646,-104272.94224206916,28849.69920288058
75,15.897266237260926,40.701725195013516,-90198.59745615226,20801.381747513384
75,11.335276795783324,41.42583111346361,-80650.3109263417,18938.580751303794
75,13.553263751610503,38.34327403035742,-64568.70727312299,11235.631386150957
75,19.257978349959707,41.8732150067862,-59818.461909202684,8752.98504052019
75,13.16691695115331,37.49961758077824,-55447.74069668976,7854.562764846707
75,15.747340232303072,38.64340997186258,-54962.83349436309,3072.8478407184593
75,12.828866621170611,37.92804929774783,-53626.327804935,-816.8077957135868
75,10.878522447829022,36.895566036552474,-20630.002514262924,-2667.314750029646
75,10.510470886724146,42.38358069951212,-15166.301947609329,-10170.61167291624
75,50.0,0.0,-9893.412164290457,-22411.284850250053
75,15.036752402262731,38.919712866758175,6580.601055920526,-27051.586175811193
75,20.029008422349452,37.892578898531184,15093.281270769883,-32067.22379466351
75,17.54355938111286,37.824738806652924,26674.66123104617,-38772.114246182755
75,13.024013675636464,38.12774032187092,44778.18468496155,-46579.576540394526
75,13.865794974193546,39.49189019365493,72197.28672505768,-47559.81524889763
75,12.592898818012705,44.425568930867044,83252.90943718815,-49465.41542068167
75,13.706736257156384,41.15808784789261,97450.82112517057,-53212.88493018253
75,12.678003337682773,40.3100219902516,107765.50915064107,-58596.84746213513
76,11.505370661654915,41.35513867800316,-169592.1321657708,44385.1163933963
76,19.95041682209142,39.73752240272414,-126043.19510673553,42534.35251128906
76,10.207802751905101,38.20151728114388,-111513.73740423135,41686.629269636665
76,12.20100529394779,38.110296722841646,-104272.94224206916,28849.69920288058
76,15.897266237260926,40.701725195013516,-90198.59745615226,20801.381747513384
76,11.335276795783324,41.42583111346361,-80650.3109263417,18938.580751303794
76,13.553263751610503,38.34327403035742,-64568.70727312299,11235.631386150957
76,19.257978349959707,41.8732150067862,-59818.461909202684,8752.98504052019
76,13.16691695115331,37.49961758077824,-55447.74069668976,7854.562764846707
76,15.747340232303072,38.64340997186258,-54962.83349436309,3072.8478407184593
76,12.828866621170611,37.92804929774783,-53626.327804935,-816.8077957135868
76,10.878522447829022,36.895566036552474,-20630.002514262924,-2667.314750029646
76,10.510470886724146,42.38358069951212,-15166.301947609329,-10170.61167291624
76,50.0,0.0,-9893.412164290457,-22411.284850250053
76,15.036752402262731,38.919712866758175,6580.601055920526,-27051.586175811193
76,20.029008422349452,37.892578898531184,15093.281270769883,-32067.22379466351
76,17.54355938111286,37.824738806652924,26674.66123104617,-38772.114246182755
76,13.024013675636464,38.12774032187092,44778.18468496155,-46579.576540394526
76,13.865794974193546,39.49189019365493,72197.28672505768,-47559.81524889763
76,12.592898818012705,44.425568930867044,83252.90943718815,-49465.41542068167
76,13.706736257156384,41.15808784789261,97450.82112517057,-53212.88493018253
76,12.678003337682773,40.3100219902516,107765.50915064107,-58596.84746213513
77,11.505370661654915,41.35513867800316,-169592.1321657708,44385.1163933963
77,19.95041682209142,39.73752240272414,-126043.19510673553,42534.35251128906
77,10.207802751905101,38.20151728114388,-111513.73740423135,41686.629269636665
77,12.20100529394779,38.110296722841646,-104272.94224206916,28849.69920288058
77,16.646528501900978,42.764470346554056,-101102.80393839168,26265.035049728594
77,15.897266237260926,40.701725195013516,-90198.59745615226,20801.381747513384
77,11.335276795783324,41.42583111346361,-80650.3109263417,18938.580751303794
77,13.553263751610503,38.34327403035742,-64568.70727312299,11235.631386150957
77,19.257978349959707,41.8732150067862,-59818.461909202684,8752.98504052019
77,13.16691695115331,37.49961758077824,-55447.74069668976,7854.562764846707
77,15.747340232303072,38.64340997186258,-54962.83349436309,3072.8478407184593
77,12.828866621170611,37.92804929774783,-53626.327804935,-816.8077957135868
77,10.878522447829022,36.895566036552474,-20630.002514262924,-2667.314750029646
77,10.510470886724146,42.38358069951212,-15166.301947609329,-10170.61167291624
77,50.0,0.0,-9893.412164290457,-22411.284850250053
77,15.036752402262731,38.919712866758175,6580.601055920526,-27051.586175811193
77,20.029008422349452,37.892578898531184,15093.281270769883,-32067.22379466351
77,17.54355938111286,37.824738806652924,26674.66123104617,-38772.114246182755
77,13.024013675636464,38.12774032187092,44778.18468496155,-46579.576540394526
77,13.865794974193546,39.49189019365493,72197.28672505768,-47559.81524889763
77,12.592898818012705,44.425568930867044,83252.90943718815,-49465.41542068167
77,13.706736257156384,41.15808784789261,97450.82112517057,-53212.88493018253
77,12.678003337682773,40.3100219902516,107765.50915064107,-58596.84746213513
78,11.505370661654915,41.35513867800316,-169592.1321657708,44385.1163933963
78,19.95041682209142,39.73752240272414,-126043.19510673553,42534.35251128906
78,10.207802751905101,38.20151728114388,-111513.73740423135,41686.629269636665
78,12.20100529394779,38.110296722841646,-104272.94224206916,28849.69920288058
78,16.646528501900978,42.764470346554056,-101102.80393839168,26265.035049728594
78,15.897266237260926,40.701725195013516,-90198.59745615226,20801.381747513384
78,11.335276795783324,41.42583111346361,-80650.3109263417,18938.580751303794
78,13.553263751610503,38.34327403035742,-64568.70727312299,11235.631386150957
78,19.257978349959707,41.8732150067862,-59818.461909202684,8752.98504052019
78,13.16691695115331,37.49961758077824,-55447.74069668976,7854.562764846707
78,15.747340232303072,38.64340997186258,-54962.83349436309,3072.8478407184593
78,12.828866621170611,37.92804929774783,-53626.327804935,-816.8077957135868
78,10.878522447829022,36.895566036552474,-20630.002514262924,-2667.314750029646
78,10.510470886724146,42.38358069951212,-15166.301947609329,-10170.61167291624
78,50.0,0.0,-9893.412164290457,-22411.284850250053
78,15.036752402262731,38.919712866758175,6580.601055920526,-27051.586175811193
78,20.029008422349452,37.892578898531184,15093.281270769883,-32067.22379466351
78,17.54355938111286,37.824738806652924,26674.66123104617,-38772.114246182755
78,13.024013675636464,38.12774032187092,44778.18468496155,-46579.576540394526
78,13.865794974193546,39.49189019365493,72197.28672505768,-47559.81524889763
78,12.592898818012705,44.425568930867044,83252.90943718815,-49465.41542068167
78,13.706736257156384,41.15808784789261,97450.82112517057,-53212.88493018253
78,12.678003337682773,40.3100219902516,107765.50915064107,-58596.84746213513
79,11.505370661654915,41.35513867800316,-169592.1321657708,44385.1163933963
79,19.95041682209142,39.73752240272414,-126043.19510673553,42534.35251128906
79,10.207802751905101,38.20151728114388,-111513.73740423135,41686.629269636665
79,12.20100529394779,38.110296722841646,-104272.94224206916,28849.69920288058
79,16.646528501900978,42.764470346554056,-101102.80393839168,26265.035049728594
79,15.897266237260926,40.701725195013516,-90198.59745615226,20801.381747513384
79,11.335276795783324,41.42583111346361,-80650.3109263417,18938.580751303794
79,13.553263751610503,38.34327403035742,-64568.70727312299,11235.631386150957
79,19.257978349959707,41.8732150067862,-59818.461909202684,8752.98504052019
79,13.16691695115331,37.49961758077824,-55447.74069668976,7854.562764846707
79,15.747340232303072,38.64340997186258,-54962.83349436309,3072.8478407184593
79,12.828866621170611,37.92804929774783,-53626.327804935,-816.8077957135868
79,10.878522447829022,36.895566036552474,-20630.002514262924,-2667.314750029646
79,10.510470886724146,42.38358069951212,-15166.301947609329,-10170.61167291624
79,50.0,0.0,-9893.412164290457,-22411.284850250053
79,15.036752402262731,38.919712866758175,6580.601055920526,-27051.586175811193
79,20.029008422349452,37.892578898531184,15093.281270769883,-32067.22379466351
79,18.864447268083218,45.374993948494506,25964.379454596252,-35581.63780762957
79,17.54355938111286,37.824738806652924,26674.66123104617,-38772.114246182755
79,13.024013675636464,38.12774032187092,44778.18468496155,-46579.576540394526
79,13.865794974193546,39.49189019365493,72197.28672505768,-47559.81524889763
79,12.592898818012705,44.425568930867044,83252.90943718815,-49465.41542068167
79,13.706736257156384,41.15808784789261,97450.82112517057,-53212.88493018253
79,12.678003337682773,40.3100219902516,107765.50915064107,-58596.84746213513
80,11.505370661654915,41.35513867800316,-169592.1321657708,44385.1163933963
80,19.95041682209142,39.73752240272414,-126043.19510673553,42534.35251128906
80,10.207802751905101,38.20151728114388,-111513.73740423135,41686.629269636665
80,12.20100529394779,38.110296722841646,-104272.94224206916,28849.69920288058
80,16.646528501900978,42.764470346554056,-101102.80393839168,26265.035049728594
80,15.897266237260926,40.701725195013516,-90198.59745615226,20801.381747513384
80,11.335276795783324,41.42583111346361,-80650.3109263417,18938.580751303794
80,13.553263751610503,38.34327403035742,-64568.70727312299,11235.631386150957
80,19.257978349959707,41.8732150067862,-59818.461909202684,8752.98504052019
80,13.16691695115331,37.49961758077824,-55447.74069668976,7854.562764846707
80,15.747340232303072,38.64340997186258,-54962.83349436309,3072.8478407184593
80,12.828866621170611,37.92804929774783,-53626.327804935,-816.8077957135868
80,10.878522447829022,36.895566036552474,-20630.002514262924,-2667.314750029646
80,10.510470886724146,42.38358069951212,-15166.301947609329,-10170.61167291624
80,50.0,0.0,-9893.412164290457,-22411.284850250053
80,15.036752402262731,38.919712866758175,6580.601055920526,-27051.586175811193
80,20.029008422349452,37.892578898531184,15093.281270769883,-32067.22379466351
80,18.864447268083218,45.374993948494506,25964.379454596252,-35581.63780762957
80,17.54355938111286,37.824738806652924,26674.66123104617,-38772.114246182755
80,13.024013675636464,38.12774032187092,44778.18468496155,-46579.576540394526
80,13.865794974193546,39.49189019365493,72197.28672505768,-47559.81524889763
80,12.592898818012705,44.425568930867044,83252.90943718815,-49465.41542068167
80,13.706736257156384,41.15808784789261,97450.82112517057,-53212.88493018253
80,12.678003337682773,40.3100219902516,107765.50915064107,-58596.84746213513
81,11.505370661654915,41.35513867800316,-169592.1321657708,44385.1163933963
81,19.95041682209142,39.73752240272414,-126043.19510673553,42534.35251128906
81,10.207802751905101,38.20151728114388,-111513.73740423135,41686.629269636665
81,12.20100529394779,38.110296722841646,-104272.94224206916,28849.69920288058
81,16.646528501900978,42.764470346554056,-101102.80393839168,26265.035049728594
81,15.897266237260926,40.701725195013516,-90198.59745615226,20801.381747513384
81,11.335276795783324,41.42583111346361,-80650.3109263417,18938.580751303794
81,13.553263751610503,38.34327403035742,-64568.70727312299,11235.631386150957
81,19.257978349959707,41.8732150067862,-59818.461909202684,8752.98504052019
81,13.16691695115331,37.49961758077824,-55447.74069668976,7854.562764846707
81,15.747340232303072,38.64340997186258,-54962.83349436309,3072.8478407184593
81,12.828866621170611,37.92804929774783,-53626.327804935,-816.8077957135868
81,10.878522447829022,36.895566036552474,-20630.002514262924,-2667.314750029646
81,10.510470886724146,42.38358069951212,-15166.301947609329,-10170.61167291624
81,50.0,0.0,-9893.412164290457,-22411.284850250053
81,15.036752402262731,38.919712866758175,6580.601055920526,-27051.586175811193
81,20.029008422349452,37.892578898531184,15093.281270769883,-32067.22379466351
81,18.864447268083218,45.374993948494506,25964.379454596252,-35581.63780762957
81,17.54355938111286,37.824738806652924,26674.66123104617,-38772.114246182755
81,13.024013675636464,38.12774032187092,44778.18468496155,-46579.576540394526
81,13.865794974193546,39.49189019365493,72197.28672505768,-47559.81524889763
81,12.592898818012705,44.425568930867044,83252.90943718815,-49465.41542068167
81,13.706736257156384,41.15808784789261,97450.82112517057,-53212.88493018253
81,12.678003337682773,40.3100219902516,107765.50915064107,-58596.84746213513
82,11.505370661654915,41.35513867800316,-169592.1321657708,44385.1163933963
82,19.95041682209142,39.73752240272414,-126043.19510673553,42534.35251128906
82,10.207802751905101,38.20151728114388,-111513.73740423135,41686.629269636665
82,12.20100529394779,38.110296722841646,-104272.94224206916,28849.69920288058
82,16.646528501900978,42.764470346554056,-101102.80393839168,26265.035049728594
82,15.897266237260926,40.701725195013516,-90198.59745615226,20801.381747513384
82,11.335276795783324,41.42583111346361,-80650.3109263417,18938.580751303794
82,13.553263751610503,38.34327403035742,-64568.70727312299,11235.631386150957
82,19.257978349959707,41.8732150067862,-59818.461909202684,8752.98504052019
82,13.16691695115331,37.49961758077824,-55447.74069668976,7854.562764846707
82,15.747340232303072,38.64340997186258,-54962.83349436309,3072.8478407184593
82,12.828866621170611,37.92804929774783,-53626.327804935,-816.8077957135868
82,10.878522447829022,36.895566036552474,-20630.002514262924,-2667.314750029646
82,10.510470886724146,42.38358069951212,-15166.301947609329,-10170.61167291624
82,50.0,0.0,-9893.412164290457,-22411.284850250053
82,15.036752402262731,38.919712866758175,6580.601055920526,-27051.586175811193
82,20.029008422349452,37.892578898531184,15093.281270769883,-32067.22379466351
82,18.864447268083218,45.374993948494506,25964.379454596252,-35581.63780762957
82,17.54355938111286,37.824738806652924,26674.66123104617,-38772.114246182755
82,13.024013675636464,38.12774032187092,44778.18468496155,-46579.576540394526
82,13.865794974193546,39.49189019365493,72197.28672505768,-47559.81524889763
82,12.592898818012705,44.425568930867044,83252.90943718815,-49465.41542068167
82,13.706736257156384,41.15808784789261,97450.82112517057,-53212.88493018253
82,12.678003337682773,40.3100219902516,107765.50915064107,-58596.84746213513
83,11.505370661654915,41.35513867800316,-169592.1321657708,44385.1163933963
83,19.95041682209142,39.73752240272414,-126043.19510673553,42534.35251128906
83,10.207802751905101,38.20151728114388,-111513.73740423135,41686.629269636665
83,12.20100529394779,38.110296722841646,-104272.94224206916,28849.69920288058
83,16.646528501900978,42.764470346554056,-101102.80393839168,26265.035049728594
83,15.897266237260926,40.701725195013516,-90198.59745615226,20801.381747513384
83,11.335276795783324,41.42583111346361,-80650.3109263417,18938.580751303794
83,17.99013946507999,43.84082082942985,-74467.79146714392,15810.858652284196
83,13.553263751610503,38.34327403035742,-64568.70727312299,11235.631386150957
83,19.257978349959707,41.8732150067862,-59818.461909202684,8752.98504052019
83,13.16691695115331,37.49961758077824,-55447.74069668976,7854.562764846707
83,15.747340232303072,38.64340997186258,-54962.83349436309,3072.8478407184593
83,12.828866621170611,37.92804929774783,-53626.327804935,-816.8077957135868
83,10.878522447829022,36.895566036552474,-20630.002514262924,-2667.314750029646
83,10.510470886724146,42.38358069951212,-15166.301947609329,-10170.61167291624
83,50.0,0.0,-9893.412164290457,-22411.284850250053
83,15.036752402262731,38.919712866758175,6580.601055920526,-27051.586175811193
83,20.029008422349452,37.892578898531184,15093.281270769883,-32067.22379466351
83,18.864447268083218,45.374993948494506,25964.379454596252,-35581.63780762957
83,17.54355938111286,37.824738806652924,26674.66123104617,-38772.114246182755
83,13.024013675636464,38.12774032187092,44778.18468496155,-46579.576540394526
83,13.865794974193546,39.49189019365493,72197.28672505768,-47559.81524889763
83,12.592898818012705,44.425568930867044,83252.90943718815,-49465.41542068167
83,13.706736257156384,41.15808784789261,97450.82112517057,-53212.88493018253
83,12.678003337682773,40.3100219902516,107765.50915064107,-58596.84746213513
84,11.505370661654915,41.35513867800316,-169592.1321657708,44385.1163933963
84,19.95041682209142,39.73752240272414,-126043.19510673553,42534.35251128906
84,10.207802751905101,38.20151728114388,-111513.73740423135,41686.629269636665
84,12.20100529394779,38.110296722841646,-104272.94224206916,28849.69920288058
84,16.646528501900978,42.764470346554056,-101102.80393839168,26265.035049728594
84,15.897266237260926,40.701725195013516,-90198.59745615226,20801.381747513384
84,11.335276795783324,41.42583111346361,-80650.3109263417,18938.580751303794
84,17.99013946507999,43.84082082942985,-74467.79146714392,15810.858652284196
84,13.553263751610503,38.34327403035742,-64568.70727312299,11235.631386150957
84,19.257978349959707,41.8732150067862,-59818.461909202684,8752.98504052019
84,13.16691695115331,37.49961758077824,-55447.74069668976,7854.562764846707
84,15.747340232303072,38.64340997186258,-54962.83349436309,3072.8478407184593
84,12.828866621170611,37.92804929774783,-53626.327804935,-816.8077957135868
84,17.429887549183224,45.01922755638251,-20717.91039467147,-8164.982314625358
84,10.510470886724146,42.38358069951212,-15166.301947609329,-10170.61167291624
84,50.0,0.0,-9893.412164290457,-22411.284850250053
84,15.036752402262731,38.919712866758175,6580.601055920526,-27051.586175811193
84,20.029008422349452,37.892578898531184,15093.281270769883,-32067.22379466351
84,18.864447268083218,45.374993948494506,25964.379454596252,-35581.63780762957
84,17.54355938111286,37.824738806652924,26674.66123104617,-38772.114246182755
84,13.024013675636464,38.12774032187092,44778.18468496155,-46579.576540394526
84,13.865794974193546,39.49189019365493,72197.28672505768,-47559.81524889763
84,12.592898818012705,44.425568930867044,83252.90943718815,-49465.41542068167
84,13.706736257156384,41.15808784789261,97450.82112517057,-53212.88493018253
84,12.678003337682773,40.3100219902516,107765.50915064107,-58596.84746213513
85,11.505370661654915,41.35513867800316,-169592.1321657708,44385.1163933963
85,19.95041682209142,39.73752240272414,-126043.19510673553,42534.35251128906
85,10.207802751905101,38.20151728114388,-111513.73740423135,41686.629269636665
85,12.20100529394779,38.110296722841646,-104272.94224206916,28849.69920288058
85,16.646528501900978,42.764470346554056,-101102.80393839168,26265.035049728594
85,15.897266237260926,40.701725195013516,-90198.59745615226,20801.381747513384
85,11.335276795783324,41.42583111346361,-80650.3109263417,18938.580751303794
85,17.99013946507999,43.84082082942985,-74467.79146714392,15810.858652284196
85,13.553263751610503,38.34327403035742,-64568.70727312299,11235.631386150957
85,19.257978349959707,41.8732150067862,-59818.461909202684,8752.98504052019
85,13.16691695115331,37.49961758077824,-55447.74069668976,7854.562764846707
85,15.747340232303072,38.64340997186258,-54962.83349436309,3072.8478407184593
85,12.828866621170611,37.92804929774783,-53626.327804935,-816.8077957135868
85,17.429887549183224,45.01922755638251,-20717.91039467147,-8164.982314625358
85,10.510470886724146,42.38358069951212,-15166.301947609329,-10170.61167291624
85,50.0,0.0,-9893.412164290457,-22411.284850250053
85,15.036752402262731,38.919712866758175,6580.601055920526,-27051.586175811193
85,20.029008422349452,37.892578898531184,15093.281270769883,-32067.22379466351
85,18.864447268083218,45.374993948494506,25964.379454596252,-35581.63780762957
85,17.54355938111286,37.824738806652924,26674.66123104617,-38772.114246182755
85,13.024013675636464,38.12774032187092,44778.18468496155,-46579.576540394526
85,13.865794974193546,39.49189019365493,72197.28672505768,-47559.81524889763
85,12.592898818012705,44.425568930867044,83252.90943718815,-49465.41542068167
85,13.706736257156384,41.15808784789261,97450.82112517057,-53212.88493018253
85,12.678003337682773,40.3100219902516,107765.50915064107,-58596.84746213513
86,11.505370661654915,41.35513867800316,-169592.1321657708,44385.1163933963
86,19.95041682209142,39.73752240272414,-126043.19510673553,42534.35251128906
86,10.207802751905101,38.20151728114388,-111513.73740423135,41686.629269636665
86,12.20100529394779,38.110296722841646,-104272.94224206916,28849.69920288058
86,16.646528501900978,42.764470346554056,-101102.80393839168,26265.035049728594
86,15.897266237260926,40.701725195013516,-90198.59745615226,20801.381747513384
86,11.335276795783324,41.42583111346361,-80650.3109263417,18938.580751303794
86,17.99013946507999,43.84082082942985,-74467.79146714392,15810.858652284196
86,13.553263751610503,38.34327403035742,-64568.70727312299,11235.631386150957
86,19.257978349959707,41.8732150067862,-59818.461909202684,8752.98504052019
86,13.16691695115331,37.49961758077824,-55447.74069668976,7854.562764846707
86,15.747340232303072,38.64340997186258,-54962.83349436309,3072.8478407184593
86,12.828866621170611,37.92804929774783,-53626.327804935,-816.8077957135868
86,17.429887549183224,45.01922755638251,-20717.91039467147,-8164.982314625358
86,17.60816976322164,45.40579553426515,-15456.277471933674,-17179.676018838345
86,50.0,0.0,-9893.412164290457,-22411.284850250053
86,15.036752402262731,38.919712866758175,6580.601055920526,-27051.586175811193
86,20.029008422349452,37.892578898531184,15093.281270769883,-32067.22379466351
86,18.864447268083218,45.374993948494506,25964.379454596252,-35581.63780762957
86,17.54355938111286,37.824738806652924,26674.66123104617,-38772.114246182755
86,13.024013675636464,38.12774032187092,44778.18468496155,-46579.576540394526
86,13.865794974193546,39.49189019365493,72197.28672505768,-47559.81524889763
86,12.592898818012705,44.425568930867044,83252.90943718815,-49465.41542068167
86,13.706736257156384,41.15808784789261,97450.82112517057,-53212.88493018253
86,12.678003337682773,40.3100219902516,107765.50915064107,-58596.84746213513
87,11.505370661654915,41.35513867800316,-169592.1321657708,44385.1163933963
87,19.95041682209142,39.73752240272414,-126043.19510673553,42534.35251128906
87,10.207802751905101,38.20151728114388,-111513.73740423135,41686.629269636665
87,12.20100529394779,38.110296722841646,-104272.94224206916,28849.69920288058
87,16.646528501900978,42.764470346554056,-101102.80393839168,26265.035049728594
87,15.897266237260926,40.701725195013516,-90198.59745615226,20801.381747513384
87,11.335276795783324,41.42583111346361,-80650.3109263417,18938.580751303794
87,17.99013946507999,43.84082082942985,-74467.79146714392,15810.858652284196
87,13.553263751610503,38.34327403035742,-64568.70727312299,11235.631386150957
87,19.257978349959707,41.8732150067862,-59818.461909202684,8752.98504052019
87,13.16691695115331,37.49961758077824,-55447.74069668976,7854.562764846707
87,15.747340232303072,38.64340997186258,-54962.83349436309,3072.8478407184593
87,12.828866621170611,37.92804929774783,-53626.327804935,-816.8077957135868
87,17.429887549183224,45.01922755638251,-20717.91039467147,-8164.982314625358
87,17.60816976322164,45.40579553426515,-15456.277471933674,-17179.676018838345
87,50.0,0.0,-9893.412164290457,-22411.284850250053
87,15.036752402262731,38.919712866758175,6580.601055920526,-27051.586175811193
87,20.029008422349452,37.892578898531184,15093.281270769883,-32067.22379466351
87,18.864447268083218,45.374993948494506,25964.379454596252,-35581.63780762957
87,17.54355938111286,37.824738806652924,26674.66123104617,-38772.114246182755
87,13.024013675636464,38.12774032187092,44778.18468496155,-46579.576540394526
87,13.865794974193546,39.49189019365493,72197.28672505768,-47559.81524889763
87,12.592898818012705,44.425568930867044,83252.90943718815,-49465.41542068167
87,13.706736257156384,41.15808784789261,97450.82112517057,-53212.88493018253
87,12.678003337682773,40.3100219902516,107765.50915064107,-58596.84746213513
88,11.505370661654915,41.35513867800316,-169592.1321657708,44385.1163933963
88,19.95041682209142,39.73752240272414,-126043.19510673553,42534.35251128906
88,10.207802751905101,38.20151728114388,-111513.73740423135,41686.629269636665
88,12.20100529394779,38.110296722841646,-104272.94224206916,28849.69920288058
88,16.646528501900978,42.764470346554056,-101102.80393839168,26265.035049728594
88,15.897266237260926,40.701725195013516,-90198.59745615226,20801.381747513384
88,11.335276795783324,41.42583111346361,-80650.3109263417,18938.580751303794
88,17.99013946507999,43.84082082942985,-74467.79146714392,15810.858652284196
88,13.553263751610503,38.34327403035742,-64568.70727312299,11235.631386150957
88,19.257978349959707,41.8732150067862,-59818.461909202684,8752.98504052019
88,13.16691695115331,37.49961758077824,-55447.74069668976,7854.562764846707
88,15.747340232303072,38.64340997186258,-54962.83349436309,3072.8478407184593
88,12.828866621170611,37.92804929774783,-53626.327804935,-816.8077957135868
88,17.429887549183224,45.01922755638251,-20717.91039467147,-8164.982314625358
88,17.60816976322164,45.40579553426515,-15456.277471933674,-17179.676018838345
88,50.0,0.0,-9893.412164290457,-22411.284850250053
88,15.036752402262731,38.919712866758175,6580.601055920526,-27051.586175811193
88,20.029008422349452,37.892578898531184,15093.281270769883,-32067.22379466351
88,18.864447268083218,45.374993948494506,25964.379454596252,-35581.63780762957
88,17.54355938111286,37.824738806652924,26674.66123104617,-38772.114246182755
88,13.024013675636464,38.12774032187092,44778.18468496155,-46579.576540394526
88,13.865794974193546,39.49189019365493,72197.28672505768,-47559.81524889763
88,12.592898818012705,44.425568930867044,83252.90943718815,-49465.41542068167
88,13.706736257156384,41.15808784789261,97450.82112517057,-53212.88493018253
88,12.678003337682773,40.3100219902516,107765.50915064107,-58596.84746213513
89,11.505370661654915,41.35513867800316,-169592.1321657708,44385.1163933963
89,19.95041682209142,39.73752240272414,-126043.19510673553,42534.35251128906
89,10.207802751905101,38.20151728114388,-111513.73740423135,41686.629269636665
89,12.20100529394779,38.110296722841646,-104272.94224206916,28849.69920288058
89,16.646528501900978,42.764470346554056,-101102.80393839168,26265.035049728594
89,15.897266237260926,40.701725195013516,-90198.59745615226,20801.381747513384
89,11.335276795783324,41.42583111346361,-80650.3109263417,18938.580751303794
89,17.99013946507999,43.84082082942985,-74467.79146714392,15810.858652284196
89,13.553263751610503,38.34327403035742,-64568.70727312299,11235.631386150957
89,19.257978349959707,41.8732150067862,-59818.461909202684,8752.98504052019
89,13.16691695115331,37.49961758077824,-55447.74069668976,7854.562764846707
89,15.747340232303072,38.64340997186258,-54962.83349436309,3072.8478407184593
89,12.828866621170611,37.92804929774783,-53626.327804935,-816.8077957135868
89,17.429887549183224,45.01922755638251,-20717.91039467147,-8164.982314625358
89,17.60816976322164,45.40579553426515,-15456.277471933674,-17179.676018838345
89,50.0,0.0,-9893.412164290457,-22411.284850250053
89,15.036752402262731,38.919712866758175,6580.601055920526,-27051.586175811193
89,20.029008422349452,37.892578898531184,15093.281270769883,-32067.22379466351
89,18.864447268083218,45.374993948494506,25964.379454596252,-35581.63780762957
89,17.54355938111286,37.824738806652924,26674.66123104617,-38772.114246182755
89,13.024013675636464,38.12774032187092,44778.18468496155,-46579.576540394526
89,13.865794974193546,39.49189019365493,72197.28672505768,-47559.81524889763
89,12.592898818012705,44.425568930867044,83252.90943718815,-49465.41542068167
89,13.706736257156384,41.15808784789261,97450.82112517057,-53212.88493018253
89,12.678003337682773,40.3100219902516,107765.50915064107,-58596.84746213513
90,11.505370661654915,41.35513867800316,-169592.1321657708,44385.1163933963
90,19.95041682209142,39.73752240272414,-126043.19510673553,42534.35251128906
90,10.207802751905101,38.20151728114388,-111513.73740423135,41686.629269636665
90,15.671405641009162,46.71328009304007,-108308.88081349118,37030.97389141725
90,12.20100529394779,38.110296722841646,-104272.94224206916,28849.69920288058
90,16.646528501900978,42.764470346554056,-101102.80393839168,26265.035049728594
90,15.897266237260926,40.701725195013516,-90198.59745615226,20801.381747513384
90,11.335276795783324,41.42583111346361,-80650.3109263417,18938.580751303794
90,17.99013946507999,43.84082082942985,-74467.79146714392,15810.858652284196
90,13.553263751610503,38.34327403035742,-64568.70727312299,11235.631386150957
90,19.257978349959707,41.8732150067862,-59818.461909202684,8752.98504052019
90,13.16691695115331,37.49961758077824,-55447.74069668976,7854.562764846707
90,15.747340232303072,38.64340997186258,-54962.83349436309,3072.8478407184593
90,12.828866621170611,37.92804929774783,-53626.327804935,-816.8077957135868
90,17.429887549183224,45.01922755638251,-20717.91039467147,-8164.982314625358
90,17.60816976322164,45.40579553426515,-15456.277471933674,-17179.676018838345
90,50.0,0.0,-9893.412164290457,-22411.284850250053
90,15.036752402262731,38.919712866758175,6580.601055920526,-27051.586175811193
90,20.029008422349452,37.892578898531184,15093.281270769883,-32067.22379466351
90,18.864447268083218,45.374993948494506,25964.379454596252,-35581.63780762957
90,17.54355938111286,37.824738806652924,26674.66123104617,-38772.114246182755
90,13.024013675636464,38.12774032187092,44778.18468496155,-46579.576540394526
90,13.865794974193546,39.49189019365493,72197.28672505768,-47559.81524889763
90,12.592898818012705,44.425568930867044,83252.90943718815,-49465.41542068167
90,13.706736257156384,41.15808784789261,97450.82112517057,-53212.88493018253
90,12.678003337682773,40.3100219902516,107765.50915064107,-58596.84746213513
91,11.505370661654915,41.35513867800316,-169592.1321657708,44385.1163933963
91,19.95041682209142,39.73752240272414,-126043.19510673553,42534.35251128906
91,10.207802751905101,38.20151728114388,-111513.73740423135,41686.629269636665
91,15.671405641009162,46.71328009304007,-108308.88081349118,37030.97389141725
91,12.20100529394779,38.110296722841646,-104272.94224206916,28849.69920288058
91,16.646528501900978,42.764470346554056,-101102.80393839168,26265.035049728594
91,15.897266237260926,40.701725195013516,-90198.59745615226,20801.381747513384
91,11.335276795783324,41.42583111346361,-80650.3109263417,18938.580751303794
91,17.99013946507999,43.84082082942985,-74467.79146714392,15810.858652284196
91,13.553263751610503,38.34327403035742,-64568.70727312299,11235.631386150957
91,19.257978349959707,41.8732150067862,-59818.461909202684,8752.98504052019
91,13.16691695115331,37.49961758077824,-55447.74069668976,7854.562764846707
91,15.747340232303072,38.64340997186258,-54962.83349436309,3072.8478407184593
91,12.828866621170611,37.92804929774783,-53626.327804935,-816.8077957135868
91,17.429887549183224,45.01922755638251,-20717.91039467147,-8164.982314625358
91,17.60816976322164,45.40579553426515,-15456.277471933674,-17179.676018838345
91,50.0,0.0,-9893.412164290457,-22411.284850250053
91,15.036752402262731,38.919712866758175,6580.601055920526,-27051.586175811193
91,20.029008422349452,37.892578898531184,15093.281270769883,-32067.22379466351
91,18.864447268083218,45.374993948494506,25964.379454596252,-35581.63780762957
91,17.54355938111286,37.824738806652924,26674.66123104617,-38772.114246182755
91,13.024013675636464,38.12774032187092,44778.18468496155,-46579.576540394526
91,13.865794974193546,39.49189019365493,72197.28672505768,-47559.81524889763
91,12.592898818012705,44.425568930867044,83252.90943718815,-49465.41542068167
91,13.706736257156384,41.15808784789261,97450.82112517057,-53212.88493018253
91,12.678003337682773,40.3100219902516,107765.50915064107,-58596.84746213513
92,11.505370661654915,41.35513867800316,-169592.1321657708,44385.1163933963
92,19.95041682209142,39.73752240272414,-126043.19510673553,42534.35251128906
92,10.207802751905101,38.20151728114388,-111513.73740423135,41686.629269636665
92,15.671405641009162,46.71328009304007,-108308.88081349118,37030.97389141725
92,12.20100529394779,38.110296722841646,-104272.94224206916,28849.69920288058
92,16.646528501900978,42.764470346554056,-101102.80393839168,26265.035049728594
92,15.897266237260926,40.701725195013516,-90198.59745615226,20801.381747513384
92,11.335276795783324,41.42583111346361,-80650.3109263417,18938.580751303794
92,17.99013946507999,43.84082082942985,-74467.79146714392,15810.858652284196
92,13.553263751610503,38.34327403035742,-64568.70727312299,11235.631386150957
92,19.257978349959707,41.8732150067862,-59818.461909202684,8752.98504052019
92,13.16691695115331,37.49961758077824,-55447.74069668976,7854.562764846707
92,15.747340232303072,38.64340997186258,-54962.83349436309,3072.8478407184593
92,12.828866621170611,37.92804929774783,-53626.327804935,-816.8077957135868
92,17.429887549183224,45.01922755638251,-20717.91039467147,-8164.982314625358
92,17.60816976322164,45.40579553426515,-15456.277471933674,-17179.676018838345
92,50.0,0.0,-9893.412164290457,-22411.284850250053
92,15.036752402262731,38.919712866758175,6580.601055920526,-27051.586175811193
92,20.029008422349452,37.892578898531184,15093.281270769883,-32067.22379466351
92,18.864447268083218,45.374993948494506,25964.379454596252,-35581.63780762957
92,17.54355938111286,37.824738806652924,26674.66123104617,-38772.114246182755
92,13.024013675636464,38.12774032187092,44778.18468496155,-46579.576540394526
92,13.865794974193546,39.49189019365493,72197.28672505768,-47559.81524889763
92,12.592898818012705,44.425568930867044,83252.90943718815,-49465.41542068167
92,13.706736257156384,41.15808784789261,97450.82112517057,-53212.88493018253
92,12.678003337682773,40.3100219902516,107765.50915064107,-58596.84746213513
93,11.505370661654915,41.35513867800316,-169592.1321657708,44385.1163933963
93,19.95041682209142,39.73752240272414,-126043.19510673553,42534.35251128906
93,10.207802751905101,38.20151728114388,-111513.73740423135,41686.629269636665
93,15.671405641009162,46.71328009304007,-108308.88081349118,37030.97389141725
93,12.20100529394779,38.110296722841646,-104272.94224206916,28849.69920288058
93,16.646528501900978,42.764470346554056,-101102.80393839168,26265.035049728594
93,15.897266237260926,40.701725195013516,-90198.59745615226,20801.381747513384
93,11.335276795783324,41.42583111346361,-80650.3109263417,18938.580751303794
93,17.99013946507999,43.84082082942985,-74467.79146714392,15810.858652284196
93,13.553263751610503,38.34327403035742,-64568.70727312299,11235.631386150957
93,19.257978349959707,41.8732150067862,-59818.461909202684,8752.98504052019
93,13.16691695115331,37.49961758077824,-55447.74069668976,7854.562764846707
93,15.747340232303072,38.64340997186258,-54962.83349436309,3072.8478407184593
93,12.828866621170611,37.92804929774783,-53626.327804935,-816.8077957135868
93,17.429887549183224,45.01922755638251,-20717.91039467147,-8164.982314625358
93,17.60816976322164,45.40579553426515,-15456.277471933674,-17179.676018838345
93,50.0,0.0,-9893.412164290457,-22411.284850250053
93,15.036752402262731,38.919712866758175,6580.601055920526,-27051.586175811193
93,20.029008422349452,37.892578898531184,15093.281270769883,-32067.22379466351
93,18.864447268083218,45.374993948494506,25964.379454596252,-35581.63780762957
93,17.54355938111286,37.824738806652924,26674.66123104617,-38772.114246182755
93,13.024013675636464,38.12774032187092,44778.18468496155,-46579.576540394526
93,13.865794974193546,39.49189019365493,72197.28672505768,-47559.81524889763
93,12.592898818012705,44.425568930867044,83252.90943718815,-49465.41542068167
93,13.706736257156384,41.15808784789261,97450.82112517057,-53212.88493018253
93,12.678003337682773,40.3100219902516,107765.50915064107,-58596.84746213513
94,11.505370661654915,41.35513867800316,-169592.1321657708,44385.1163933963
94,19.95041682209142,39.73752240272414,-126043.19510673553,42534.35251128906
94,10.207802751905101,38.20151728114388,-111513.73740423135,41686.629269636665
94,15.671405641009162,46.71328009304007,-108308.88081349118,37030.97389141725
94,12.20100529394779,38.110296722841646,-104272.94224206916,28849.69920288058
94,16.646528501900978,42.764470346554056,-101102.80393839168,26265.035049728594
94,15.897266237260926,40.701725195013516,-90198.59745615226,20801.381747513384
94,11.335276795783324,41.42583111346361,-80650.3109263417,18938.580751303794
94,17.99013946507999,43.84082082942985,-74467.79146714392,15810.858652284196
94,13.553263751610503,38.34327403035742,-64568.70727312299,11235.631386150957
94,19.257978349959707,41.8732150067862,-59818.461909202684,8752.98504052019
94,13.16691695115331,37.49961758077824,-55447.74069668976,7854.562764846707
94,15.747340232303072,38.64340997186258,-54962.83349436309,3072.8478407184593
94,12.828866621170611,37.92804929774783,-53626.327804935,-816.8077957135868
94,17.429887549183224,45.01922755638251,-20717.91039467147,-8164.982314625358
94,17.60816976322164,45.40579553426515,-15456.277471933674,-17179.676018838345
94,50.0,0.0,-9893.412164290457,-22411.284850250053
94,15.036752402262731,38.919712866758175,6580.601055920526,-27051.586175811193
94,20.029008422349452,37.892578898531184,15093.281270769883,-32067.22379466351
94,18.864447268083218,45.374993948494506,25964.379454596252,-35581.63780762957
94,17.54355938111286,37.824738806652924,26674.66123104617,-38772.114246182755
94,13.024013675636464,38.12774032187092,44778.18468496155,-46579.576540394526
94,13.865794974193546,39.49189019365493,72197.28672505768,-47559.81524889763
94,12.592898818012705,44.425568930867044,83252.90943718815,-49465.41542068167
94,13.706736257156384,41.15808784789261,97450.82112517057,-53212.88493018253
94,12.678003337682773,40.3100219902516,107765.50915064107,-58596.84746213513
95,11.505370661654915,41.35513867800316,-169592.1321657708,44385.1163933963
95,19.95041682209142,39.73752240272414,-126043.19510673553,42534.35251128906
95,10.207802751905101,38.20151728114388,-111513.73740423135,41686.629269636665
95,15.671405641009162,46.71328009304007,-108308.88081349118,37030.97389141725
95,12.20100529394779,38.110296722841646,-104272.94224206916,28849.69920288058
95,16.646528501900978,42.764470346554056,-101102.80393839168,26265.035049728594
95,15.897266237260926,40.701725195013516,-90198.59745615226,20801.381747513384
95,11.335276795783324,41.42583111346361,-80650.3109263417,18938.580751303794
95,17.99013946507999,43.84082082942985,-74467.79146714392,15810.858652284196
95,13.553263751610503,38.34327403035742,-64568.70727312299,11235.631386150957
95,19.257978349959707,41.8732150067862,-59818.461909202684,8752.98504052019
95,13.16691695115331,37.49961758077824,-55447.74069668976,7854.562764846707
95,15.747340232303072,38.64340997186258,-54962.83349436309,3072.8478407184593
95,12.828866621170611,37.92804929774783,-53626.327804935,-816.8077957135868
95,17.429887549183224,45.01922755638251,-20717.91039467147,-8164.982314625358
95,17.60816976322164,45.40579553426515,-15456.277471933674,-17179.676018838345
95,50.0,0.0,-9893.412164290457,-22411.284850250053
95,15.036752402262731,38.919712866758175,6580.601055920526,-27051.586175811193
95,20.029008422349452,37.892578898531184,15093.281270769883,-32067.22379466351
95,18.864447268083218,45.374993948494506,25964.379454596252,-35581.63780762957
95,17.54355938111286,37.824738806652924,26674.66123104617,-38772.114246182755
95,13.024013675636464,38.12774032187092,44778.18468496155,-46579.576540394526
95,18.844673637760387,43.972939418383966,69568.0196584841,-48038.28800032391
95,12.592898818012705,44.425568930867044,83252.90943718815,-49465.41542068167
95,13.706736257156384,41.15808784789261,97450.82112517057,-53212.88493018253
95,12.678003337682773,40.3100219902516,107765.50915064107,-58596.84746213513
96,11.505370661654915,41.35513867800316,-169592.1321657708,44385.1163933963
96,19.95041682209142,39.73752240272414,-126043.19510673553,42534.35251128906
96,10.207802751905101,38.20151728114388,-111513.73740423135,41686.629269636665
96,15.671405641009162,46.71328009304007,-108308.88081349118,37030.97389141725
96,12.20100529394779,38.110296722841646,-104272.94224206916,28849.69920288058
96,16.646528501900978,42.764470346554056,-101102.80393839168,26265.035049728594
96,15.897266237260926,40.701725195013516,-90198.59745615226,20801.381747513384
96,11.335276795783324,41.42583111346361,-80650.3109263417,18938.580751303794
96,17.99013946507999,43.84082082942985,-74467.79146714392,15810.858652284196
96,13.553263751610503,38.34327403035742,-64568.70727312299,11235.631386150957
96,19.257978349959707,41.8732150067862,-59818.461909202684,8752.98504052019
96,13.16691695115331,37.49961758077824,-55447.74069668976,7854.562764846707
96,15.747340232303072,38.64340997186258,-54962.83349436309,3072.8478407184593
96,12.828866621170611,37.92804929774783,-53626.327804935,-816.8077957135868
96,17.429887549183224,45.01922755638251,-20717.91039467147,-8164.982314625358
96,17.60816976322164,45.40579553426515,-15456.277471933674,-17179.676018838345
96,50.0,0.0,-9893.412164290457,-22411.284850250053
96,15.036752402262731,38.919712866758175,6580.601055920526,-27051.586175811193
96,20.029008422349452,37.892578898531184,15093.281270769883,-32067.22379466351
96,18.864447268083218,45.374993948494506,25964.379454596252,-35581.63780762957
96,17.54355938111286,37.824738806652924,26674.66123104617,-38772.114246182755
96,13.024013675636464,38.12774032187092,44778.18468496155,-46579.576540394526
96,18.844673637760387,43.972939418383966,69568.0196584841,-48038.28800032391
96,12.592898818012705,44.425568930867044,83252.90943718815,-49465.41542068167
96,13.706736257156384,41.15808784789261,97450.82112517057,-53212.88493018253
96,12.678003337682773,40.3100219902516,107765.50915064107,-58596.84746213513
96,8.781644011402731,43.259005437129844,109358.18728868863,-70930.77583689596
97,11.505370661654915,41.35513867800316,-169592.1321657708,44385.1163933963
97,19.95041682209142,39.73752240272414,-126043.19510673553,42534.35251128906
97,10.207802751905101,38.20151728114388,-111513.73740423135,41686.629269636665
97,15.671405641009162,46.71328009304007,-108308.88081349118,37030.97389141725
97,12.20100529394779,38.110296722841646,-104272.94224206916,28849.69920288058
97,16.646528501900978,42.764470346554056,-101102.80393839168,26265.035049728594
97,15.897266237260926,40.701725195013516,-90198.59745615226,20801.381747513384
97,11.335276795783324,41.42583111346361,-80650.3109263417,18938.580751303794
97,17.99013946507999,43.84082082942985,-74467.79146714392,15810.858652284196
97,17.639226917257723,46.80883799243297,-73537.89339935537,14416.673703677647
97,13.553263751610503,38.34327403035742,-64568.70727312299,11235.631386150957
97,19.257978349959707,41.8732150067862,-59818.461909202684,8752.98504052019
97,13.16691695115331,37.49961758077824,-55447.74069668976,7854.562764846707
97,15.747340232303072,38.64340997186258,-54962.83349436309,3072.8478407184593
97,12.828866621170611,37.92804929774783,-53626.327804935,-816.8077957135868
97,17.429887549183224,45.01922755638251,-20717.91039467147,-8164.982314625358
97,17.60816976322164,45.40579553426515,-15456.277471933674,-17179.676018838345
97,50.0,0.0,-9893.412164290457,-22411.284850250053
97,15.036752402262731,38.919712866758175,6580.601055920526,-27051.586175811193
97,20.029008422349452,37.892578898531184,15093.281270769883,-32067.22379466351
97,18.864447268083218,45.374993948494506,25964.379454596252,-35581.63780762957
97,17.54355938111286,37.824738806652924,26674.66123104617,-38772.114246182755
97,13.024013675636464,38.12774032187092,44778.18468496155,-46579.576540394526
97,18.844673637760387,43.972939418383966,69568.0196584841,-48038.28800032391
97,12.592898818012705,44.425568930867044,83252.90943718815,-49465.41542068167
97,13.706736257156384,41.15808784789261,97450.82112517057,-53212.88493018253
97,12.678003337682773,40.3100219902516,107765.50915064107,-58596.84746213513
97,8.781644011402731,43.259005437129844,109358.18728868863,-70930.77583689596
98,11.505370661654915,41.35513867800316,-169592.1321657708,44385.1163933963
98,19.95041682209142,39.73752240272414,-126043.19510673553,42534.35251128906
98,10.207802751905101,38.20151728114388,-111513.73740423135,41686.629269636665
98,15.671405641009162,46.71328009304007,-108308.88081349118,37030.97389141725
98,12.20100529394779,38.110296722841646,-104272.94224206916,28849.69920288058
98,16.646528501900978,42.764470346554056,-101102.80393839168,26265.035049728594
98,15.897266237260926,40.701725195013516,-90198.59745615226,20801.381747513384
98,11.335276795783324,41.42583111346361,-80650.3109263417,18938.580751303794
98,17.99013946507999,43.84082082942985,-74467.79146714392,15810.858652284196
98,17.639226917257723,46.80883799243297,-73537.89339935537,14416.673703677647
98,13.553263751610503,38.34327403035742,-64568.70727312299,11235.631386150957
98,19.257978349959707,41.8732150067862,-59818.461909202684,8752.98504052019
98,13.16691695115331,37.49961758077824,-55447.74069668976,7854.562764846707
98,15.747340232303072,38.64340997186258,-54962.83349436309,3072.8478407184593
98,12.828866621170611,37.92804929774783,-53626.327804935,-816.8077957135868
98,17.668263739102528,37.648370520400285,-41726.71313957357,-3265.0990135779193
98,17.429887549183224,45.01922755638251,-20717.91039467147,-8164.982314625358
98,17.60816976322164,45.40579553426515,-15456.277471933674,-17179.676018838345
98,50.0,0.0,-9893.412164290457,-22411.284850250053
98,15.036752402262731,38.919712866758175,6580.601055920526,-27051.586175811193
98,20.029008422349452,37.892578898531184,15093.281270769883,-32067.22379466351
98,18.864447268083218,45.374993948494506,25964.379454596252,-35581.63780762957
98,17.54355938111286,37.824738806652924,26674.66123104617,-38772.114246182755
98,13.024013675636464,38.12774032187092,44778.18468496155,-46579.576540394526
98,18.844673637760387,43.972939418383966,69568.0196584841,-48038.28800032391
98,12.592898818012705,44.425568930867044,83252.90943718815,-49465.41542068167
98,13.706736257156384,41.15808784789261,97450.82112517057,-53212.88493018253
98,12.678003337682773,40.3100219902516,107765.50915064107,-58596.84746213513
98,8.781644011402731,43.259005437129844,109358.18728868863,-70930.77583689596
99,11.505370661654915,41.35513867800316,-169592.1321657708,44385.1163933963
99,19.95041682209142,39.73752240272414,-126043.19510673553,42534.35251128906
99,10.207802751905101,38.20151728114388,-111513.73740423135,41686.629269636665
99,15.671405641009162,46.71328009304007,-108308.88081349118,37030.97389141725
99,12.20100529394779,38.110296722841646,-104272.94224206916,28849.69920288058
99,16.646528501900978,42.764470346554056,-101102.80393839168,26265.035049728594
99,15.897266237260926,40.701725195013516,-90198.59745615226,20801.381747513384
99,11.335276795783324,41.42583111346361,-80650.3109263417,18938.580751303794
99,17.99013946507999,43.84082082942985,-74467.79146714392,15810.858652284196
99,17.639226917257723,46.80883799243297,-73537.89339935537,14416.673703677647
99,13.553263751610503,38.34327403035742,-64568.70727312299,11235.631386150957
99,19.257978349959707,41.8732150067862,-59818.461909202684,8752.98504052019
99,13.16691695115331,37.49961758077824,-55447.74069668976,7854.562764846707
99,15.747340232303072,38.64340997186258,-54962.83349436309,3072.8478407184593
99,12.828866621170611,37.92804929774783,-53626.327804935,-816.8077957135868
99,17.668263739102528,37.648370520400285,-41726.71313957357,-3265.0990135779193
99,17.429887549183224,45.01922755638251,-20717.91039467147,-8164.982314625358
99,17.60816976322164,45.40579553426515,-15456.277471933674,-17179.676018838345
99,50.0,0.0,-9893.412164290457,-22411.284850250053
99,15.036752402262731,38.919712866758175,6580.601055920526,-27051.586175811193
99,20.029008422349452,37.892578898531184,15093.281270769883,-32067.22379466351
99,18.864447268083218,45.374993948494506,25964.379454596252,-35581.63780762957
99,17.54355938111286,37.824738806652924,26674.66123104617,-38772.114246182755
99,13.024013675636464,38.12774032187092,44778.18468496155,-46579.576540394526
99,18.844673637760387,43.972939418383966,69568.0196584841,-48038.28800032391
99,12.592898818012705,44.425568930867044,83252.90943718815,-49465.41542068167
99,13.706736257156384,41.15808784789261,97450.82112517057,-53212.88493018253
99,12.678003337682773,40.3100219902516,107765.50915064107,-58596.84746213513
99,8.781644011402731,43.259005437129844,109358.18728868863,-70930.77583689596
100,11.505370661654915,41.35513867800316,-169592.1321657708,44385.1163933963
100,19.95041682209142,39.73752240272414,-126043.19510673553,42534.35251128906
100,10.207802751905101,38.20151728114388,-111513.73740423135,41686.629269636665
100,15.671405641009162,46.71328009304007,-108308.88081349118,37030.97389141725
100,12.20100529394779,38.110296722841646,-104272.94224206916,28849.69920288058
100,16.646528501900978,42.764470346554056,-101102.80393839168,26265.035049728594
100,15.897266237260926,40.701725195013516,-90198.59745615226,20801.381747513384
100,11.335276795783324,41.42583111346361,-80650.3109263417,18938.580751303794
100,17.99013946507999,43.84082082942985,-74467.79146714392,15810.858652284196
100,17.639226917257723,46.80883799243297,-73537.89339935537,14416.673703677647
100,13.553263751610503,38.34327403035742,-64568.70727312299,11235.631386150957
100,19.257978349959707,41.8732150067862,-59818.461909202684,8752.98504052019
100,13.16691695115331,37.49961758077824,-55447.74069668976,7854.562764846707
100,15.747340232303072,38.64340997186258,-54962.83349436309,3072.8478407184593
100,12.828866621170611,37.92804929774783,-53626.327804935,-816.8077957135868
100,17.668263739102528,37.648370520400285,-41726.71313957357,-3265.0990135779193
100,17.429887549183224,45.01922755638251,-20717.91039467147,-8164.982314625358
100,17.60816976322164,45.40579553426515,-15456.277471933674,-17179.676018838345
100,50.0,0.0,-9893.412164290457,-22411.284850250053
100,15.036752402262731,38.919712866758175,6580.601055920526,-27051.586175811193
100,20.029008422349452,37.892578898531184,15093.281270769883,-32067.22379466351
100,18.864447268083218,45.374993948494506,25964.379454596252,-35581.63780762957
100,17.54355938111286,37.824738806652924,26674.66123104617,-38772.114246182755
100,13.024013675636464,38.12774032187092,44778.18468496155,-46579.576540394526
100,18.844673637760387,43.972939418383966,69568.0196584841,-48038.28800032391
100,12.592898818012705,44.425568930867044,83252.90943718815,-49465.41542068167
100,13.706736257156384,41.15808784789261,97450.82112517057,-53212.88493018253
100,12.678003337682773,40.3100219902516,107765.50915064107,-58596.84746213513
100,8.781644011402731,43.259005437129844,109358.18728868863,-70930.77583689596
