iterID,x1,x2,Pareto_f1,Pareto_f2
0,50.0,37.5,-25669.0566271226,-21974.92459670087
0,0.0,25.0,38430.21283509797,-25690.002149750973
1,0.849388363842861,25.693549268548075,-63649.421138656064,41644.57252570708
1,49.99999999999997,35.566791188363496,-58119.84703418481,21984.908241046393
1,50.0,37.0915857502145,-28088.02098633263,21809.19414635298
1,50.0,37.5,-25669.0566271226,-21974.92459670087
1,0.0,25.0,38430.21283509797,-25690.002149750973
2,0.849388363842861,25.693549268548075,-63649.421138656064,41644.57252570708
2,49.99999999999997,35.566791188363496,-58119.84703418481,21984.908241046393
2,50.0,35.32669291686299,-30223.45680016426,20857.055720329172
2,50.0,37.5,-25669.0566271226,-21974.92459670087
2,0.0,25.0,38430.21283509797,-25690.002149750973
3,38.380460633544224,39.63036913815417,-68775.66750238574,21246.921319952202
3,50.0,35.32669291686299,-30223.45680016426,20857.055720329172
3,50.0,37.5,-25669.0566271226,-21974.92459670087
3,0.0,25.0,38430.21283509797,-25690.002149750973
3,34.77013818919834,39.61685898247901,68455.65345435664,-43890.965253984854
4,0.0,25.20436859532974,-94306.67110437606,46070.71798921655
4,38.380460633544224,39.63036913815417,-68775.66750238574,21246.921319952202
4,50.0,35.32669291686299,-30223.45680016426,20857.055720329172
4,50.0,37.5,-25669.0566271226,-21974.92459670087
4,0.0,25.0,38430.21283509797,-25690.002149750973
4,49.75559833471464,37.464691373277184,63438.108096277996,-38532.62397302532
4,34.77013818919834,39.61685898247901,68455.65345435664,-43890.965253984854
4,35.03327460287121,39.75963415154561,119100.83276401571,-61095.51538518295
5,0.0,25.20436859532974,-94306.67110437606,46070.71798921655
5,38.380460633544224,39.63036913815417,-68775.66750238574,21246.921319952202
5,49.212946817839494,36.43155042805835,-39105.63398365603,1422.6105316616595
5,50.0,37.5,-25669.0566271226,-21974.92459670087
5,0.0,25.0,38430.21283509797,-25690.002149750973
5,50.0,35.990308124307624,46409.05976008674,-33192.219437291984
5,49.75559833471464,37.464691373277184,63438.108096277996,-38532.62397302532
5,34.77013818919834,39.61685898247901,68455.65345435664,-43890.965253984854
5,35.03327460287121,39.75963415154561,119100.83276401571,-61095.51538518295
6,0.0,25.20436859532974,-94306.67110437606,46070.71798921655
6,50.0,36.80788577272348,-77304.933920569,32568.404081603134
6,38.380460633544224,39.63036913815417,-68775.66750238574,21246.921319952202
6,49.212946817839494,36.43155042805835,-39105.63398365603,1422.6105316616595
6,50.0,37.5,-25669.0566271226,-21974.92459670087
6,0.0,25.0,38430.21283509797,-25690.002149750973
6,50.0,35.990308124307624,46409.05976008674,-33192.219437291984
6,49.75559833471464,37.464691373277184,63438.108096277996,-38532.62397302532
6,34.77013818919834,39.61685898247901,68455.65345435664,-43890.965253984854
6,35.03327460287121,39.75963415154561,119100.83276401571,-61095.51538518295
7,0.0,25.20436859532974,-94306.67110437606,46070.71798921655
7,50.0,36.80788577272348,-77304.933920569,32568.404081603134
7,50.0,39.90058876043721,-70144.56539361631,18121.335624132575
7,49.212946817839494,36.43155042805835,-39105.63398365603,1422.6105316616595
7,50.0,37.5,-25669.0566271226,-21974.92459670087
7,0.0,25.0,38430.21283509797,-25690.002149750973
7,50.0,35.990308124307624,46409.05976008674,-33192.219437291984
7,50.0,40.428847120442555,57900.57369222222,-36676.7930509406
7,49.75559833471464,37.464691373277184,63438.108096277996,-38532.62397302532
7,34.77013818919834,39.61685898247901,68455.65345435664,-43890.965253984854
7,35.03327460287121,39.75963415154561,119100.83276401571,-61095.51538518295
8,0.0,25.20436859532974,-94306.67110437606,46070.71798921655
8,50.0,36.80788577272348,-77304.933920569,32568.404081603134
8,50.0,39.90058876043721,-70144.56539361631,18121.335624132575
8,49.212946817839494,36.43155042805835,-39105.63398365603,1422.6105316616595
8,50.0,37.5,-25669.0566271226,-21974.92459670087
8,0.0,25.0,38430.21283509797,-25690.002149750973
8,50.0,35.990308124307624,46409.05976008674,-33192.219437291984
8,50.0,40.428847120442555,57900.57369222222,-36676.7930509406
8,49.75559833471464,37.464691373277184,63438.108096277996,-38532.62397302532
8,34.77013818919834,39.61685898247901,68455.65345435664,-43890.965253984854
8,35.03327460287121,39.75963415154561,119100.83276401571,-61095.51538518295
9,0.0,25.20436859532974,-94306.67110437606,46070.71798921655
9,50.0,36.80788577272348,-77304.933920569,32568.404081603134
9,50.0,39.90058876043721,-70144.56539361631,18121.335624132575
9,49.91040533804813,36.91169599635719,-42655.07704788805,3577.0225555610714
9,49.212946817839494,36.43155042805835,-39105.63398365603,1422.6105316616595
9,50.0,37.5,-25669.0566271226,-21974.92459670087
9,0.0,25.0,38430.21283509797,-25690.002149750973
9,50.0,35.990308124307624,46409.05976008674,-33192.219437291984
9,50.0,40.428847120442555,57900.57369222222,-36676.7930509406
9,49.75559833471464,37.464691373277184,63438.108096277996,-38532.62397302532
9,34.77013818919834,39.61685898247901,68455.65345435664,-43890.965253984854
9,35.03327460287121,39.75963415154561,119100.83276401571,-61095.51538518295
10,0.0,25.20436859532974,-94306.67110437606,46070.71798921655
10,50.0,36.80788577272348,-77304.933920569,32568.404081603134
10,50.0,39.90058876043721,-70144.56539361631,18121.335624132575
10,49.91040533804813,36.91169599635719,-42655.07704788805,3577.0225555610714
10,49.212946817839494,36.43155042805835,-39105.63398365603,1422.6105316616595
10,50.0,37.5,-25669.0566271226,-21974.92459670087
10,0.0,25.0,38430.21283509797,-25690.002149750973
10,50.0,35.990308124307624,46409.05976008674,-33192.219437291984
10,50.0,40.428847120442555,57900.57369222222,-36676.7930509406
10,49.75559833471464,37.464691373277184,63438.108096277996,-38532.62397302532
10,34.77013818919834,39.61685898247901,68455.65345435664,-43890.965253984854
10,35.03327460287121,39.75963415154561,119100.83276401571,-61095.51538518295
11,0.0,25.20436859532974,-94306.67110437606,46070.71798921655
11,50.0,36.80788577272348,-77304.933920569,32568.404081603134
11,50.0,39.90058876043721,-70144.56539361631,18121.335624132575
11,49.91040533804813,36.91169599635719,-42655.07704788805,3577.0225555610714
11,49.212946817839494,36.43155042805835,-39105.63398365603,1422.6105316616595
11,50.0,37.5,-25669.0566271226,-21974.92459670087
11,0.0,25.0,38430.21283509797,-25690.002149750973
11,50.0,35.990308124307624,46409.05976008674,-33192.219437291984
11,50.0,40.428847120442555,57900.57369222222,-36676.7930509406
11,49.75559833471464,37.464691373277184,63438.108096277996,-38532.62397302532
11,34.77013818919834,39.61685898247901,68455.65345435664,-43890.965253984854
11,35.03327460287121,39.75963415154561,119100.83276401571,-61095.51538518295
12,0.0,25.20436859532974,-94306.67110437606,46070.71798921655
12,50.0,36.80788577272348,-77304.933920569,32568.404081603134
12,50.0,39.90058876043721,-70144.56539361631,18121.335624132575
12,43.973918936503225,33.34066658457571,-47902.05979039477,7946.447262792148
12,49.91040533804813,36.91169599635719,-42655.07704788805,3577.0225555610714
12,49.212946817839494,36.43155042805835,-39105.63398365603,1422.6105316616595
12,50.0,37.5,-25669.0566271226,-21974.92459670087
12,0.0,25.0,38430.21283509797,-25690.002149750973
12,50.0,35.990308124307624,46409.05976008674,-33192.219437291984
12,50.0,40.428847120442555,57900.57369222222,-36676.7930509406
12,49.75559833471464,37.464691373277184,63438.108096277996,-38532.62397302532
12,34.77013818919834,39.61685898247901,68455.65345435664,-43890.965253984854
12,35.03327460287121,39.75963415154561,119100.83276401571,-61095.51538518295
13,47.5392640138009,42.72409251470186,-150215.46587940777,74335.87053865402
13,0.0,25.20436859532974,-94306.67110437606,46070.71798921655
13,50.0,36.80788577272348,-77304.933920569,32568.404081603134
13,50.0,39.90058876043721,-70144.56539361631,18121.335624132575
13,43.973918936503225,33.34066658457571,-47902.05979039477,7946.447262792148
13,49.91040533804813,36.91169599635719,-42655.07704788805,3577.0225555610714
13,49.212946817839494,36.43155042805835,-39105.63398365603,1422.6105316616595
13,50.0,37.5,-25669.0566271226,-21974.92459670087
13,0.0,25.0,38430.21283509797,-25690.002149750973
13,50.0,35.990308124307624,46409.05976008674,-33192.219437291984
13,50.0,40.428847120442555,57900.57369222222,-36676.7930509406
13,49.75559833471464,37.464691373277184,63438.108096277996,-38532.62397302532
13,34.77013818919834,39.61685898247901,68455.65345435664,-43890.965253984854
13,35.03327460287121,39.75963415154561,119100.83276401571,-61095.51538518295
14,47.5392640138009,42.72409251470186,-150215.46587940777,74335.87053865402
14,0.0,25.20436859532974,-94306.67110437606,46070.71798921655
14,50.0,36.80788577272348,-77304.933920569,32568.404081603134
14,50.0,39.90058876043721,-70144.56539361631,18121.335624132575
14,43.973918936503225,33.34066658457571,-47902.05979039477,7946.447262792148
14,49.91040533804813,36.91169599635719,-42655.07704788805,3577.0225555610714
14,49.212946817839494,36.43155042805835,-39105.63398365603,1422.6105316616595
14,50.0,37.5,-25669.0566271226,-21974.92459670087
14,0.0,25.0,38430.21283509797,-25690.002149750973
14,50.0,35.990308124307624,46409.05976008674,-33192.219437291984
14,50.0,40.428847120442555,57900.57369222222,-36676.7930509406
14,49.75559833471464,37.464691373277184,63438.108096277996,-38532.62397302532
14,34.77013818919834,39.61685898247901,68455.65345435664,-43890.965253984854
14,35.03327460287121,39.75963415154561,119100.83276401571,-61095.51538518295
15,47.5392640138009,42.72409251470186,-150215.46587940777,74335.87053865402
15,0.0,25.20436859532974,-94306.67110437606,46070.71798921655
15,49.62024273972396,36.58642345288213,-77953.97392357246,35045.130903900426
15,50.0,36.80788577272348,-77304.933920569,32568.404081603134
15,50.0,39.90058876043721,-70144.56539361631,18121.335624132575
15,43.973918936503225,33.34066658457571,-47902.05979039477,7946.447262792148
15,49.91040533804813,36.91169599635719,-42655.07704788805,3577.0225555610714
15,49.212946817839494,36.43155042805835,-39105.63398365603,1422.6105316616595
15,50.0,37.5,-25669.0566271226,-21974.92459670087
15,0.0,25.0,38430.21283509797,-25690.002149750973
15,49.728499624669794,36.75932590521727,40757.1200860803,-33714.46848332563
15,50.0,40.428847120442555,57900.57369222222,-36676.7930509406
15,49.75559833471464,37.464691373277184,63438.108096277996,-38532.62397302532
15,34.77013818919834,39.61685898247901,68455.65345435664,-43890.965253984854
15,35.03327460287121,39.75963415154561,119100.83276401571,-61095.51538518295
16,47.5392640138009,42.72409251470186,-150215.46587940777,74335.87053865402
16,0.0,25.20436859532974,-94306.67110437606,46070.71798921655
16,49.62024273972396,36.58642345288213,-77953.97392357246,35045.130903900426
16,50.0,36.80788577272348,-77304.933920569,32568.404081603134
16,50.0,39.90058876043721,-70144.56539361631,18121.335624132575
16,43.973918936503225,33.34066658457571,-47902.05979039477,7946.447262792148
16,49.91040533804813,36.91169599635719,-42655.07704788805,3577.0225555610714
16,49.212946817839494,36.43155042805835,-39105.63398365603,1422.6105316616595
16,50.0,37.5,-25669.0566271226,-21974.92459670087
16,0.0,25.0,38430.21283509797,-25690.002149750973
16,49.728499624669794,36.75932590521727,40757.1200860803,-33714.46848332563
16,50.0,40.428847120442555,57900.57369222222,-36676.7930509406
16,49.75559833471464,37.464691373277184,63438.108096277996,-38532.62397302532
16,34.77013818919834,39.61685898247901,68455.65345435664,-43890.965253984854
16,35.03327460287121,39.75963415154561,119100.83276401571,-61095.51538518295
17,47.5392640138009,42.72409251470186,-150215.46587940777,74335.87053865402
17,0.0,25.20436859532974,-94306.67110437606,46070.71798921655
17,49.62024273972396,36.58642345288213,-77953.97392357246,35045.130903900426
17,50.0,36.80788577272348,-77304.933920569,32568.404081603134
17,50.0,39.90058876043721,-70144.56539361631,18121.335624132575
17,43.973918936503225,33.34066658457571,-47902.05979039477,7946.447262792148
17,49.91040533804813,36.91169599635719,-42655.07704788805,3577.0225555610714
17,49.212946817839494,36.43155042805835,-39105.63398365603,1422.6105316616595
17,50.0,37.5,-25669.0566271226,-21974.92459670087
17,0.0,25.0,38430.21283509797,-25690.002149750973
17,49.728499624669794,36.75932590521727,40757.1200860803,-33714.46848332563
17,50.0,40.428847120442555,57900.57369222222,-36676.7930509406
17,49.75559833471464,37.464691373277184,63438.108096277996,-38532.62397302532
17,34.77013818919834,39.61685898247901,68455.65345435664,-43890.965253984854
17,35.03327460287121,39.75963415154561,119100.83276401571,-61095.51538518295
18,47.5392640138009,42.72409251470186,-150215.46587940777,74335.87053865402
18,0.0,25.20436859532974,-94306.67110437606,46070.71798921655
18,49.62024273972396,36.58642345288213,-77953.97392357246,35045.130903900426
18,50.0,36.80788577272348,-77304.933920569,32568.404081603134
18,50.0,39.90058876043721,-70144.56539361631,18121.335624132575
18,48.992148733745566,38.05257801606933,-51045.0199001702,17060.822207522422
18,43.973918936503225,33.34066658457571,-47902.05979039477,7946.447262792148
18,49.91040533804813,36.91169599635719,-42655.07704788805,3577.0225555610714
18,49.212946817839494,36.43155042805835,-39105.63398365603,1422.6105316616595
18,50.0,37.5,-25669.0566271226,-21974.92459670087
18,0.0,25.0,38430.21283509797,-25690.002149750973
18,49.728499624669794,36.75932590521727,40757.1200860803,-33714.46848332563
18,50.0,40.428847120442555,57900.57369222222,-36676.7930509406
18,49.75559833471464,37.464691373277184,63438.108096277996,-38532.62397302532
18,34.77013818919834,39.61685898247901,68455.65345435664,-43890.965253984854
18,35.03327460287121,39.75963415154561,119100.83276401571,-61095.51538518295
18,49.455615408746546,37.653805438414004,137640.78034722546,-64386.08545398973
19,47.5392640138009,42.72409251470186,-150215.46587940777,74335.87053865402
19,0.0,25.20436859532974,-94306.67110437606,46070.71798921655
19,49.62024273972396,36.58642345288213,-77953.97392357246,35045.130903900426
19,50.0,36.80788577272348,-77304.933920569,32568.404081603134
19,50.0,39.90058876043721,-70144.56539361631,18121.335624132575
19,48.992148733745566,38.05257801606933,-51045.0199001702,17060.822207522422
19,43.973918936503225,33.34066658457571,-47902.05979039477,7946.447262792148
19,49.91040533804813,36.91169599635719,-42655.07704788805,3577.0225555610714
19,49.212946817839494,36.43155042805835,-39105.63398365603,1422.6105316616595
19,50.0,37.5,-25669.0566271226,-21974.92459670087
19,0.0,25.0,38430.21283509797,-25690.002149750973
19,49.728499624669794,36.75932590521727,40757.1200860803,-33714.46848332563
19,50.0,40.428847120442555,57900.57369222222,-36676.7930509406
19,49.75559833471464,37.464691373277184,63438.108096277996,-38532.62397302532
19,34.77013818919834,39.61685898247901,68455.65345435664,-43890.965253984854
19,35.03327460287121,39.75963415154561,119100.83276401571,-61095.51538518295
19,49.455615408746546,37.653805438414004,137640.78034722546,-64386.08545398973
20,47.5392640138009,42.72409251470186,-150215.46587940777,74335.87053865402
20,0.0,25.20436859532974,-94306.67110437606,46070.71798921655
20,49.62024273972396,36.58642345288213,-77953.97392357246,35045.130903900426
20,50.0,36.80788577272348,-77304.933920569,32568.404081603134
20,50.0,39.90058876043721,-70144.56539361631,18121.335624132575
20,48.992148733745566,38.05257801606933,-51045.0199001702,17060.822207522422
20,43.973918936503225,33.34066658457571,-47902.05979039477,7946.447262792148
20,49.91040533804813,36.91169599635719,-42655.07704788805,3577.0225555610714
20,49.212946817839494,36.43155042805835,-39105.63398365603,1422.6105316616595
20,50.0,37.5,-25669.0566271226,-21974.92459670087
20,0.0,25.0,38430.21283509797,-25690.002149750973
20,49.15078008493668,38.16286459319432,39846.017388272936,-28163.49485315168
20,49.728499624669794,36.75932590521727,40757.1200860803,-33714.46848332563
20,50.0,40.428847120442555,57900.57369222222,-36676.7930509406
20,49.75559833471464,37.464691373277184,63438.108096277996,-38532.62397302532
20,34.77013818919834,39.61685898247901,68455.65345435664,-43890.965253984854
20,50.0,39.08552537067408,110638.04936767554,-45240.97491724812
20,35.03327460287121,39.75963415154561,119100.83276401571,-61095.51538518295
20,49.455615408746546,37.653805438414004,137640.78034722546,-64386.08545398973
21,47.5392640138009,42.72409251470186,-150215.46587940777,74335.87053865402
21,0.0,25.20436859532974,-94306.67110437606,46070.71798921655
21,49.62024273972396,36.58642345288213,-77953.97392357246,35045.130903900426
21,50.0,36.80788577272348,-77304.933920569,32568.404081603134
21,48.98561506399349,38.202497079080345,-74242.56919669417,12775.197594352558
21,43.973918936503225,33.34066658457571,-47902.05979039477,7946.447262792148
21,49.91040533804813,36.91169599635719,-42655.07704788805,3577.0225555610714
21,49.212946817839494,36.43155042805835,-39105.63398365603,1422.6105316616595
21,50.0,37.5,-25669.0566271226,-21974.92459670087
21,0.0,25.0,38430.21283509797,-25690.002149750973
21,49.15078008493668,38.16286459319432,39846.017388272936,-28163.49485315168
21,49.728499624669794,36.75932590521727,40757.1200860803,-33714.46848332563
21,50.0,40.428847120442555,57900.57369222222,-36676.7930509406
21,49.75559833471464,37.464691373277184,63438.108096277996,-38532.62397302532
21,34.77013818919834,39.61685898247901,68455.65345435664,-43890.965253984854
21,50.0,39.08552537067408,110638.04936767554,-45240.97491724812
21,46.70200162438559,29.47344672472849,114217.76818206736,-47658.226031593484
21,35.03327460287121,39.75963415154561,119100.83276401571,-61095.51538518295
21,49.455615408746546,37.653805438414004,137640.78034722546,-64386.08545398973
22,47.5392640138009,42.72409251470186,-150215.46587940777,74335.87053865402
22,0.0,25.20436859532974,-94306.67110437606,46070.71798921655
22,49.62024273972396,36.58642345288213,-77953.97392357246,35045.130903900426
22,50.0,36.80788577272348,-77304.933920569,32568.404081603134
22,48.98561506399349,38.202497079080345,-74242.56919669417,12775.197594352558
22,43.973918936503225,33.34066658457571,-47902.05979039477,7946.447262792148
22,49.91040533804813,36.91169599635719,-42655.07704788805,3577.0225555610714
22,49.212946817839494,36.43155042805835,-39105.63398365603,1422.6105316616595
22,50.0,38.416850602363645,-34527.86021521992,-3738.8367980284393
22,50.0,37.5,-25669.0566271226,-21974.92459670087
22,0.0,25.0,38430.21283509797,-25690.002149750973
22,49.15078008493668,38.16286459319432,39846.017388272936,-28163.49485315168
22,49.728499624669794,36.75932590521727,40757.1200860803,-33714.46848332563
22,50.0,40.428847120442555,57900.57369222222,-36676.7930509406
22,49.75559833471464,37.464691373277184,63438.108096277996,-38532.62397302532
22,34.77013818919834,39.61685898247901,68455.65345435664,-43890.965253984854
22,50.0,39.08552537067408,110638.04936767554,-45240.97491724812
22,46.70200162438559,29.47344672472849,114217.76818206736,-47658.226031593484
22,35.03327460287121,39.75963415154561,119100.83276401571,-61095.51538518295
22,49.455615408746546,37.653805438414004,137640.78034722546,-64386.08545398973
23,47.5392640138009,42.72409251470186,-150215.46587940777,74335.87053865402
23,0.0,25.20436859532974,-94306.67110437606,46070.71798921655
23,49.62024273972396,36.58642345288213,-77953.97392357246,35045.130903900426
23,50.0,36.80788577272348,-77304.933920569,32568.404081603134
23,48.98561506399349,38.202497079080345,-74242.56919669417,12775.197594352558
23,43.973918936503225,33.34066658457571,-47902.05979039477,7946.447262792148
23,49.91040533804813,36.91169599635719,-42655.07704788805,3577.0225555610714
23,49.212946817839494,36.43155042805835,-39105.63398365603,1422.6105316616595
23,50.0,38.416850602363645,-34527.86021521992,-3738.8367980284393
23,50.0,37.5,-25669.0566271226,-21974.92459670087
23,0.0,25.0,38430.21283509797,-25690.002149750973
23,49.15078008493668,38.16286459319432,39846.017388272936,-28163.49485315168
23,49.728499624669794,36.75932590521727,40757.1200860803,-33714.46848332563
23,50.0,40.428847120442555,57900.57369222222,-36676.7930509406
23,49.75559833471464,37.464691373277184,63438.108096277996,-38532.62397302532
23,34.77013818919834,39.61685898247901,68455.65345435664,-43890.965253984854
23,50.0,39.08552537067408,110638.04936767554,-45240.97491724812
23,46.70200162438559,29.47344672472849,114217.76818206736,-47658.226031593484
23,35.03327460287121,39.75963415154561,119100.83276401571,-61095.51538518295
23,49.455615408746546,37.653805438414004,137640.78034722546,-64386.08545398973
24,47.5392640138009,42.72409251470186,-150215.46587940777,74335.87053865402
24,0.0,25.20436859532974,-94306.67110437606,46070.71798921655
24,49.62024273972396,36.58642345288213,-77953.97392357246,35045.130903900426
24,50.0,36.80788577272348,-77304.933920569,32568.404081603134
24,48.98561506399349,38.202497079080345,-74242.56919669417,12775.197594352558
24,43.973918936503225,33.34066658457571,-47902.05979039477,7946.447262792148
24,49.91040533804813,36.91169599635719,-42655.07704788805,3577.0225555610714
24,49.212946817839494,36.43155042805835,-39105.63398365603,1422.6105316616595
24,50.0,38.416850602363645,-34527.86021521992,-3738.8367980284393
24,50.0,37.5,-25669.0566271226,-21974.92459670087
24,0.0,25.0,38430.21283509797,-25690.002149750973
24,49.15078008493668,38.16286459319432,39846.017388272936,-28163.49485315168
24,49.728499624669794,36.75932590521727,40757.1200860803,-33714.46848332563
24,50.0,40.428847120442555,57900.57369222222,-36676.7930509406
24,49.75559833471464,37.464691373277184,63438.108096277996,-38532.62397302532
24,34.77013818919834,39.61685898247901,68455.65345435664,-43890.965253984854
24,50.0,39.08552537067408,110638.04936767554,-45240.97491724812
24,46.70200162438559,29.47344672472849,114217.76818206736,-47658.226031593484
24,35.03327460287121,39.75963415154561,119100.83276401571,-61095.51538518295
24,49.455615408746546,37.653805438414004,137640.78034722546,-64386.08545398973
25,47.5392640138009,42.72409251470186,-150215.46587940777,74335.87053865402
25,0.0,25.20436859532974,-94306.67110437606,46070.71798921655
25,2.372899750658194,18.905438111338217,-84610.69254020143,43493.4604683426
25,49.62024273972396,36.58642345288213,-77953.97392357246,35045.130903900426
25,50.0,36.80788577272348,-77304.933920569,32568.404081603134
25,48.98561506399349,38.202497079080345,-74242.56919669417,12775.197594352558
25,50.0,38.630676108382346,-50347.03407314161,8300.310227643895
25,43.973918936503225,33.34066658457571,-47902.05979039477,7946.447262792148
25,49.91040533804813,36.91169599635719,-42655.07704788805,3577.0225555610714
25,49.212946817839494,36.43155042805835,-39105.63398365603,1422.6105316616595
25,50.0,38.416850602363645,-34527.86021521992,-3738.8367980284393
25,50.0,37.5,-25669.0566271226,-21974.92459670087
25,0.0,25.0,38430.21283509797,-25690.002149750973
25,49.15078008493668,38.16286459319432,39846.017388272936,-28163.49485315168
25,49.728499624669794,36.75932590521727,40757.1200860803,-33714.46848332563
25,50.0,40.428847120442555,57900.57369222222,-36676.7930509406
25,49.75559833471464,37.464691373277184,63438.108096277996,-38532.62397302532
25,34.77013818919834,39.61685898247901,68455.65345435664,-43890.965253984854
25,50.0,39.08552537067408,110638.04936767554,-45240.97491724812
25,46.70200162438559,29.47344672472849,114217.76818206736,-47658.226031593484
25,35.03327460287121,39.75963415154561,119100.83276401571,-61095.51538518295
25,49.455615408746546,37.653805438414004,137640.78034722546,-64386.08545398973
26,47.5392640138009,42.72409251470186,-150215.46587940777,74335.87053865402
26,0.0,25.20436859532974,-94306.67110437606,46070.71798921655
26,2.372899750658194,18.905438111338217,-84610.69254020143,43493.4604683426
26,49.62024273972396,36.58642345288213,-77953.97392357246,35045.130903900426
26,50.0,36.80788577272348,-77304.933920569,32568.404081603134
26,48.98561506399349,38.202497079080345,-74242.56919669417,12775.197594352558
26,50.0,38.630676108382346,-50347.03407314161,8300.310227643895
26,43.973918936503225,33.34066658457571,-47902.05979039477,7946.447262792148
26,49.91040533804813,36.91169599635719,-42655.07704788805,3577.0225555610714
26,49.212946817839494,36.43155042805835,-39105.63398365603,1422.6105316616595
26,50.0,38.416850602363645,-34527.86021521992,-3738.8367980284393
26,50.0,37.5,-25669.0566271226,-21974.92459670087
26,0.0,25.0,38430.21283509797,-25690.002149750973
26,49.15078008493668,38.16286459319432,39846.017388272936,-28163.49485315168
26,49.728499624669794,36.75932590521727,40757.1200860803,-33714.46848332563
26,50.0,40.428847120442555,57900.57369222222,-36676.7930509406
26,49.75559833471464,37.464691373277184,63438.108096277996,-38532.62397302532
26,34.77013818919834,39.61685898247901,68455.65345435664,-43890.965253984854
26,50.0,39.08552537067408,110638.04936767554,-45240.97491724812
26,46.70200162438559,29.47344672472849,114217.76818206736,-47658.226031593484
26,35.03327460287121,39.75963415154561,119100.83276401571,-61095.51538518295
26,49.455615408746546,37.653805438414004,137640.78034722546,-64386.08545398973
27,47.5392640138009,42.72409251470186,-150215.46587940777,74335.87053865402
27,0.0,25.20436859532974,-94306.67110437606,46070.71798921655
27,49.71972985043106,38.56666742494946,-89547.91985204353,41355.794593436425
27,49.62024273972396,36.58642345288213,-77953.97392357246,35045.130903900426
27,50.0,36.80788577272348,-77304.933920569,32568.404081603134
27,48.98561506399349,38.202497079080345,-74242.56919669417,12775.197594352558
27,50.0,38.630676108382346,-50347.03407314161,8300.310227643895
27,43.973918936503225,33.34066658457571,-47902.05979039477,7946.447262792148
27,49.91040533804813,36.91169599635719,-42655.07704788805,3577.0225555610714
27,49.212946817839494,36.43155042805835,-39105.63398365603,1422.6105316616595
27,50.0,38.416850602363645,-34527.86021521992,-3738.8367980284393
27,50.0,37.5,-25669.0566271226,-21974.92459670087
27,0.0,25.0,38430.21283509797,-25690.002149750973
27,49.15078008493668,38.16286459319432,39846.017388272936,-28163.49485315168
27,49.728499624669794,36.75932590521727,40757.1200860803,-33714.46848332563
27,50.0,40.428847120442555,57900.57369222222,-36676.7930509406
27,49.75559833471464,37.464691373277184,63438.108096277996,-38532.62397302532
27,34.77013818919834,39.61685898247901,68455.65345435664,-43890.965253984854
27,49.74207247595466,38.62453334530588,84424.50950852792,-45082.55311262079
27,50.0,39.08552537067408,110638.04936767554,-45240.97491724812
27,46.70200162438559,29.47344672472849,114217.76818206736,-47658.226031593484
27,35.03327460287121,39.75963415154561,119100.83276401571,-61095.51538518295
27,49.455615408746546,37.653805438414004,137640.78034722546,-64386.08545398973
28,47.5392640138009,42.72409251470186,-150215.46587940777,74335.87053865402
28,0.0,25.20436859532974,-94306.67110437606,46070.71798921655
28,49.71972985043106,38.56666742494946,-89547.91985204353,41355.794593436425
28,49.62024273972396,36.58642345288213,-77953.97392357246,35045.130903900426
28,50.0,36.80788577272348,-77304.933920569,32568.404081603134
28,48.98561506399349,38.202497079080345,-74242.56919669417,12775.197594352558
28,50.0,38.630676108382346,-50347.03407314161,8300.310227643895
28,43.973918936503225,33.34066658457571,-47902.05979039477,7946.447262792148
28,49.91040533804813,36.91169599635719,-42655.07704788805,3577.0225555610714
28,49.212946817839494,36.43155042805835,-39105.63398365603,1422.6105316616595
28,50.0,38.416850602363645,-34527.86021521992,-3738.8367980284393
28,50.0,37.5,-25669.0566271226,-21974.92459670087
28,0.0,25.0,38430.21283509797,-25690.002149750973
28,49.15078008493668,38.16286459319432,39846.017388272936,-28163.49485315168
28,49.728499624669794,36.75932590521727,40757.1200860803,-33714.46848332563
28,50.0,40.428847120442555,57900.57369222222,-36676.7930509406
28,49.83142180663116,37.614695674397296,61896.901049629036,-38620.89509457615
28,34.77013818919834,39.61685898247901,68455.65345435664,-43890.965253984854
28,49.74207247595466,38.62453334530588,84424.50950852792,-45082.55311262079
28,50.0,39.08552537067408,110638.04936767554,-45240.97491724812
28,46.70200162438559,29.47344672472849,114217.76818206736,-47658.226031593484
28,35.03327460287121,39.75963415154561,119100.83276401571,-61095.51538518295
28,49.455615408746546,37.653805438414004,137640.78034722546,-64386.08545398973
29,47.5392640138009,42.72409251470186,-150215.46587940777,74335.87053865402
29,0.0,25.20436859532974,-94306.67110437606,46070.71798921655
29,49.71972985043106,38.56666742494946,-89547.91985204353,41355.794593436425
29,49.62024273972396,36.58642345288213,-77953.97392357246,35045.130903900426
29,50.0,36.80788577272348,-77304.933920569,32568.404081603134
29,48.98561506399349,38.202497079080345,-74242.56919669417,12775.197594352558
29,50.0,38.630676108382346,-50347.03407314161,8300.310227643895
29,43.973918936503225,33.34066658457571,-47902.05979039477,7946.447262792148
29,49.91040533804813,36.91169599635719,-42655.07704788805,3577.0225555610714
29,49.212946817839494,36.43155042805835,-39105.63398365603,1422.6105316616595
29,50.0,38.416850602363645,-34527.86021521992,-3738.8367980284393
29,50.0,37.5,-25669.0566271226,-21974.92459670087
29,0.0,25.0,38430.21283509797,-25690.002149750973
29,49.15078008493668,38.16286459319432,39846.017388272936,-28163.49485315168
29,49.728499624669794,36.75932590521727,40757.1200860803,-33714.46848332563
29,50.0,40.428847120442555,57900.57369222222,-36676.7930509406
29,49.83142180663116,37.614695674397296,61896.901049629036,-38620.89509457615
29,34.77013818919834,39.61685898247901,68455.65345435664,-43890.965253984854
29,49.74207247595466,38.62453334530588,84424.50950852792,-45082.55311262079
29,50.0,39.08552537067408,110638.04936767554,-45240.97491724812
29,46.70200162438559,29.47344672472849,114217.76818206736,-47658.226031593484
29,35.03327460287121,39.75963415154561,119100.83276401571,-61095.51538518295
29,49.455615408746546,37.653805438414004,137640.78034722546,-64386.08545398973
30,47.5392640138009,42.72409251470186,-150215.46587940777,74335.87053865402
30,0.0,25.20436859532974,-94306.67110437606,46070.71798921655
30,49.71972985043106,38.56666742494946,-89547.91985204353,41355.794593436425
30,49.62024273972396,36.58642345288213,-77953.97392357246,35045.130903900426
30,50.0,36.80788577272348,-77304.933920569,32568.404081603134
30,48.98561506399349,38.202497079080345,-74242.56919669417,12775.197594352558
30,50.0,38.630676108382346,-50347.03407314161,8300.310227643895
30,43.973918936503225,33.34066658457571,-47902.05979039477,7946.447262792148
30,49.91040533804813,36.91169599635719,-42655.07704788805,3577.0225555610714
30,49.212946817839494,36.43155042805835,-39105.63398365603,1422.6105316616595
30,50.0,38.416850602363645,-34527.86021521992,-3738.8367980284393
30,50.0,37.5,-25669.0566271226,-21974.92459670087
30,0.0,25.0,38430.21283509797,-25690.002149750973
30,49.15078008493668,38.16286459319432,39846.017388272936,-28163.49485315168
30,49.728499624669794,36.75932590521727,40757.1200860803,-33714.46848332563
30,50.0,40.428847120442555,57900.57369222222,-36676.7930509406
30,49.83142180663116,37.614695674397296,61896.901049629036,-38620.89509457615
30,34.77013818919834,39.61685898247901,68455.65345435664,-43890.965253984854
30,49.74207247595466,38.62453334530588,84424.50950852792,-45082.55311262079
30,50.0,39.08552537067408,110638.04936767554,-45240.97491724812
30,46.70200162438559,29.47344672472849,114217.76818206736,-47658.226031593484
30,35.03327460287121,39.75963415154561,119100.83276401571,-61095.51538518295
30,49.455615408746546,37.653805438414004,137640.78034722546,-64386.08545398973
31,47.5392640138009,42.72409251470186,-150215.46587940777,74335.87053865402
31,0.0,25.20436859532974,-94306.67110437606,46070.71798921655
31,49.71972985043106,38.56666742494946,-89547.91985204353,41355.794593436425
31,49.62024273972396,36.58642345288213,-77953.97392357246,35045.130903900426
31,50.0,36.80788577272348,-77304.933920569,32568.404081603134
31,48.98561506399349,38.202497079080345,-74242.56919669417,12775.197594352558
31,50.0,38.630676108382346,-50347.03407314161,8300.310227643895
31,43.973918936503225,33.34066658457571,-47902.05979039477,7946.447262792148
31,49.91040533804813,36.91169599635719,-42655.07704788805,3577.0225555610714
31,49.212946817839494,36.43155042805835,-39105.63398365603,1422.6105316616595
31,50.0,38.416850602363645,-34527.86021521992,-3738.8367980284393
31,50.0,37.5,-25669.0566271226,-21974.92459670087
31,49.83913307736508,37.29939253493234,36703.71868976834,-28963.202891792902
31,49.728499624669794,36.75932590521727,40757.1200860803,-33714.46848332563
31,50.0,40.428847120442555,57900.57369222222,-36676.7930509406
31,49.83142180663116,37.614695674397296,61896.901049629036,-38620.89509457615
31,34.77013818919834,39.61685898247901,68455.65345435664,-43890.965253984854
31,49.74207247595466,38.62453334530588,84424.50950852792,-45082.55311262079
31,50.0,39.08552537067408,110638.04936767554,-45240.97491724812
31,46.70200162438559,29.47344672472849,114217.76818206736,-47658.226031593484
31,35.03327460287121,39.75963415154561,119100.83276401571,-61095.51538518295
31,49.455615408746546,37.653805438414004,137640.78034722546,-64386.08545398973
32,47.5392640138009,42.72409251470186,-150215.46587940777,74335.87053865402
32,0.0,25.20436859532974,-94306.67110437606,46070.71798921655
32,49.71972985043106,38.56666742494946,-89547.91985204353,41355.794593436425
32,49.62024273972396,36.58642345288213,-77953.97392357246,35045.130903900426
32,50.0,36.80788577272348,-77304.933920569,32568.404081603134
32,49.356861519430076,38.65254305223077,-74294.54834596044,26443.212210385973
32,48.98561506399349,38.202497079080345,-74242.56919669417,12775.197594352558
32,50.0,38.630676108382346,-50347.03407314161,8300.310227643895
32,43.973918936503225,33.34066658457571,-47902.05979039477,7946.447262792148
32,49.91040533804813,36.91169599635719,-42655.07704788805,3577.0225555610714
32,49.212946817839494,36.43155042805835,-39105.63398365603,1422.6105316616595
32,50.0,38.416850602363645,-34527.86021521992,-3738.8367980284393
32,50.0,37.5,-25669.0566271226,-21974.92459670087
32,49.83913307736508,37.29939253493234,36703.71868976834,-28963.202891792902
32,49.728499624669794,36.75932590521727,40757.1200860803,-33714.46848332563
32,50.0,40.428847120442555,57900.57369222222,-36676.7930509406
32,49.83142180663116,37.614695674397296,61896.901049629036,-38620.89509457615
32,34.77013818919834,39.61685898247901,68455.65345435664,-43890.965253984854
32,49.74207247595466,38.62453334530588,84424.50950852792,-45082.55311262079
32,50.0,39.08552537067408,110638.04936767554,-45240.97491724812
32,46.70200162438559,29.47344672472849,114217.76818206736,-47658.226031593484
32,35.03327460287121,39.75963415154561,119100.83276401571,-61095.51538518295
32,49.455615408746546,37.653805438414004,137640.78034722546,-64386.08545398973
33,47.5392640138009,42.72409251470186,-150215.46587940777,74335.87053865402
33,0.0,25.20436859532974,-94306.67110437606,46070.71798921655
33,49.71972985043106,38.56666742494946,-89547.91985204353,41355.794593436425
33,49.62024273972396,36.58642345288213,-77953.97392357246,35045.130903900426
33,50.0,36.80788577272348,-77304.933920569,32568.404081603134
33,49.356861519430076,38.65254305223077,-74294.54834596044,26443.212210385973
33,48.98561506399349,38.202497079080345,-74242.56919669417,12775.197594352558
33,50.0,38.630676108382346,-50347.03407314161,8300.310227643895
33,43.973918936503225,33.34066658457571,-47902.05979039477,7946.447262792148
33,49.91040533804813,36.91169599635719,-42655.07704788805,3577.0225555610714
33,49.212946817839494,36.43155042805835,-39105.63398365603,1422.6105316616595
33,50.0,38.416850602363645,-34527.86021521992,-3738.8367980284393
33,50.0,37.5,-25669.0566271226,-21974.92459670087
33,49.83913307736508,37.29939253493234,36703.71868976834,-28963.202891792902
33,49.728499624669794,36.75932590521727,40757.1200860803,-33714.46848332563
33,50.0,40.428847120442555,57900.57369222222,-36676.7930509406
33,49.83142180663116,37.614695674397296,61896.901049629036,-38620.89509457615
33,34.77013818919834,39.61685898247901,68455.65345435664,-43890.965253984854
33,49.74207247595466,38.62453334530588,84424.50950852792,-45082.55311262079
33,50.0,39.08552537067408,110638.04936767554,-45240.97491724812
33,46.70200162438559,29.47344672472849,114217.76818206736,-47658.226031593484
33,35.03327460287121,39.75963415154561,119100.83276401571,-61095.51538518295
33,49.455615408746546,37.653805438414004,137640.78034722546,-64386.08545398973
34,47.5392640138009,42.72409251470186,-150215.46587940777,74335.87053865402
34,47.98467331462606,39.43086441494887,-112799.60583561008,40388.337207769124
34,49.62024273972396,36.58642345288213,-77953.97392357246,35045.130903900426
34,50.0,36.80788577272348,-77304.933920569,32568.404081603134
34,49.356861519430076,38.65254305223077,-74294.54834596044,26443.212210385973
34,48.98561506399349,38.202497079080345,-74242.56919669417,12775.197594352558
34,50.0,38.630676108382346,-50347.03407314161,8300.310227643895
34,43.973918936503225,33.34066658457571,-47902.05979039477,7946.447262792148
34,49.91040533804813,36.91169599635719,-42655.07704788805,3577.0225555610714
34,49.212946817839494,36.43155042805835,-39105.63398365603,1422.6105316616595
34,50.0,38.416850602363645,-34527.86021521992,-3738.8367980284393
34,50.0,37.5,-25669.0566271226,-21974.92459670087
34,49.83913307736508,37.29939253493234,36703.71868976834,-28963.202891792902
34,49.728499624669794,36.75932590521727,40757.1200860803,-33714.46848332563
34,50.0,40.428847120442555,57900.57369222222,-36676.7930509406
34,49.83142180663116,37.614695674397296,61896.901049629036,-38620.89509457615
34,34.77013818919834,39.61685898247901,68455.65345435664,-43890.965253984854
34,49.74207247595466,38.62453334530588,84424.50950852792,-45082.55311262079
34,48.0531706602272,39.22904025058824,96940.90837861029,-46007.39196743277
34,46.70200162438559,29.47344672472849,114217.76818206736,-47658.226031593484
34,35.03327460287121,39.75963415154561,119100.83276401571,-61095.51538518295
34,49.455615408746546,37.653805438414004,137640.78034722546,-64386.08545398973
35,47.5392640138009,42.72409251470186,-150215.46587940777,74335.87053865402
35,47.98467331462606,39.43086441494887,-112799.60583561008,40388.337207769124
35,49.62024273972396,36.58642345288213,-77953.97392357246,35045.130903900426
35,50.0,36.80788577272348,-77304.933920569,32568.404081603134
35,49.356861519430076,38.65254305223077,-74294.54834596044,26443.212210385973
35,48.98561506399349,38.202497079080345,-74242.56919669417,12775.197594352558
35,50.0,38.630676108382346,-50347.03407314161,8300.310227643895
35,43.973918936503225,33.34066658457571,-47902.05979039477,7946.447262792148
35,49.91040533804813,36.91169599635719,-42655.07704788805,3577.0225555610714
35,49.212946817839494,36.43155042805835,-39105.63398365603,1422.6105316616595
35,50.0,38.416850602363645,-34527.86021521992,-3738.8367980284393
35,50.0,37.5,-25669.0566271226,-21974.92459670087
35,49.83913307736508,37.29939253493234,36703.71868976834,-28963.202891792902
35,49.728499624669794,36.75932590521727,40757.1200860803,-33714.46848332563
35,50.0,40.428847120442555,57900.57369222222,-36676.7930509406
35,49.83142180663116,37.614695674397296,61896.901049629036,-38620.89509457615
35,34.77013818919834,39.61685898247901,68455.65345435664,-43890.965253984854
35,49.74207247595466,38.62453334530588,84424.50950852792,-45082.55311262079
35,48.0531706602272,39.22904025058824,96940.90837861029,-46007.39196743277
35,46.70200162438559,29.47344672472849,114217.76818206736,-47658.226031593484
35,35.03327460287121,39.75963415154561,119100.83276401571,-61095.51538518295
35,49.455615408746546,37.653805438414004,137640.78034722546,-64386.08545398973
36,47.5392640138009,42.72409251470186,-150215.46587940777,74335.87053865402
36,47.98467331462606,39.43086441494887,-112799.60583561008,40388.337207769124
36,50.0,37.040561945949264,-83492.59617828837,17296.56577720336
36,48.98561506399349,38.202497079080345,-74242.56919669417,12775.197594352558
36,50.0,38.630676108382346,-50347.03407314161,8300.310227643895
36,43.973918936503225,33.34066658457571,-47902.05979039477,7946.447262792148
36,49.91040533804813,36.91169599635719,-42655.07704788805,3577.0225555610714
36,49.212946817839494,36.43155042805835,-39105.63398365603,1422.6105316616595
36,50.0,38.416850602363645,-34527.86021521992,-3738.8367980284393
36,50.0,37.5,-25669.0566271226,-21974.92459670087
36,48.879869808476855,41.87580549240696,19853.179214180742,-23606.26162918599
36,46.88396518903328,33.730415939284526,36154.435900520206,-37358.8432905301
36,49.83142180663116,37.614695674397296,61896.901049629036,-38620.89509457615
36,34.77013818919834,39.61685898247901,68455.65345435664,-43890.965253984854
36,49.74207247595466,38.62453334530588,84424.50950852792,-45082.55311262079
36,48.0531706602272,39.22904025058824,96940.90837861029,-46007.39196743277
36,46.70200162438559,29.47344672472849,114217.76818206736,-47658.226031593484
36,35.03327460287121,39.75963415154561,119100.83276401571,-61095.51538518295
36,49.455615408746546,37.653805438414004,137640.78034722546,-64386.08545398973
37,47.5392640138009,42.72409251470186,-150215.46587940777,74335.87053865402
37,47.98467331462606,39.43086441494887,-112799.60583561008,40388.337207769124
37,50.0,37.040561945949264,-83492.59617828837,17296.56577720336
37,48.98561506399349,38.202497079080345,-74242.56919669417,12775.197594352558
37,50.0,38.630676108382346,-50347.03407314161,8300.310227643895
37,43.973918936503225,33.34066658457571,-47902.05979039477,7946.447262792148
37,49.91040533804813,36.91169599635719,-42655.07704788805,3577.0225555610714
37,49.212946817839494,36.43155042805835,-39105.63398365603,1422.6105316616595
37,50.0,38.416850602363645,-34527.86021521992,-3738.8367980284393
37,50.0,37.5,-25669.0566271226,-21974.92459670087
37,48.879869808476855,41.87580549240696,19853.179214180742,-23606.26162918599
37,46.88396518903328,33.730415939284526,36154.435900520206,-37358.8432905301
37,49.83142180663116,37.614695674397296,61896.901049629036,-38620.89509457615
37,50.0,36.45854489270179,64382.217972141334,-43446.165502068376
37,34.77013818919834,39.61685898247901,68455.65345435664,-43890.965253984854
37,49.74207247595466,38.62453334530588,84424.50950852792,-45082.55311262079
37,48.0531706602272,39.22904025058824,96940.90837861029,-46007.39196743277
37,46.70200162438559,29.47344672472849,114217.76818206736,-47658.226031593484
37,35.03327460287121,39.75963415154561,119100.83276401571,-61095.51538518295
37,49.455615408746546,37.653805438414004,137640.78034722546,-64386.08545398973
38,47.5392640138009,42.72409251470186,-150215.46587940777,74335.87053865402
38,47.98467331462606,39.43086441494887,-112799.60583561008,40388.337207769124
38,50.0,37.040561945949264,-83492.59617828837,17296.56577720336
38,48.98561506399349,38.202497079080345,-74242.56919669417,12775.197594352558
38,50.0,38.630676108382346,-50347.03407314161,8300.310227643895
38,43.973918936503225,33.34066658457571,-47902.05979039477,7946.447262792148
38,49.91040533804813,36.91169599635719,-42655.07704788805,3577.0225555610714
38,49.212946817839494,36.43155042805835,-39105.63398365603,1422.6105316616595
38,50.0,38.416850602363645,-34527.86021521992,-3738.8367980284393
38,50.0,37.5,-25669.0566271226,-21974.92459670087
38,48.879869808476855,41.87580549240696,19853.179214180742,-23606.26162918599
38,46.88396518903328,33.730415939284526,36154.435900520206,-37358.8432905301
38,49.83142180663116,37.614695674397296,61896.901049629036,-38620.89509457615
38,50.0,36.45854489270179,64382.217972141334,-43446.165502068376
38,34.77013818919834,39.61685898247901,68455.65345435664,-43890.965253984854
38,49.74207247595466,38.62453334530588,84424.50950852792,-45082.55311262079
38,47.616832028890975,39.34232493309224,96420.87192272341,-49769.9036044218
38,35.03327460287121,39.75963415154561,119100.83276401571,-61095.51538518295
38,49.455615408746546,37.653805438414004,137640.78034722546,-64386.08545398973
39,47.5392640138009,42.72409251470186,-150215.46587940777,74335.87053865402
39,47.98467331462606,39.43086441494887,-112799.60583561008,40388.337207769124
39,50.0,37.040561945949264,-83492.59617828837,17296.56577720336
39,50.0,35.80017512534825,-75643.04762289525,13787.019712286843
39,48.98561506399349,38.202497079080345,-74242.56919669417,12775.197594352558
39,50.0,38.630676108382346,-50347.03407314161,8300.310227643895
39,43.973918936503225,33.34066658457571,-47902.05979039477,7946.447262792148
39,49.91040533804813,36.91169599635719,-42655.07704788805,3577.0225555610714
39,49.212946817839494,36.43155042805835,-39105.63398365603,1422.6105316616595
39,50.0,38.416850602363645,-34527.86021521992,-3738.8367980284393
39,50.0,37.5,-25669.0566271226,-21974.92459670087
39,48.879869808476855,41.87580549240696,19853.179214180742,-23606.26162918599
39,46.88396518903328,33.730415939284526,36154.435900520206,-37358.8432905301
39,49.83142180663116,37.614695674397296,61896.901049629036,-38620.89509457615
39,50.0,36.45854489270179,64382.217972141334,-43446.165502068376
39,34.77013818919834,39.61685898247901,68455.65345435664,-43890.965253984854
39,49.74207247595466,38.62453334530588,84424.50950852792,-45082.55311262079
39,47.616832028890975,39.34232493309224,96420.87192272341,-49769.9036044218
39,35.03327460287121,39.75963415154561,119100.83276401571,-61095.51538518295
39,49.455615408746546,37.653805438414004,137640.78034722546,-64386.08545398973
40,47.5392640138009,42.72409251470186,-150215.46587940777,74335.87053865402
40,47.98467331462606,39.43086441494887,-112799.60583561008,40388.337207769124
40,50.0,37.040561945949264,-83492.59617828837,17296.56577720336
40,50.0,35.80017512534825,-75643.04762289525,13787.019712286843
40,48.98561506399349,38.202497079080345,-74242.56919669417,12775.197594352558
40,50.0,38.630676108382346,-50347.03407314161,8300.310227643895
40,43.973918936503225,33.34066658457571,-47902.05979039477,7946.447262792148
40,49.91040533804813,36.91169599635719,-42655.07704788805,3577.0225555610714
40,49.212946817839494,36.43155042805835,-39105.63398365603,1422.6105316616595
40,50.0,38.416850602363645,-34527.86021521992,-3738.8367980284393
40,50.0,37.5,-25669.0566271226,-21974.92459670087
40,48.879869808476855,41.87580549240696,19853.179214180742,-23606.26162918599
40,49.1013070393873,38.6434886985456,34447.451532804895,-26227.437985396096
40,46.88396518903328,33.730415939284526,36154.435900520206,-37358.8432905301
40,49.83142180663116,37.614695674397296,61896.901049629036,-38620.89509457615
40,50.0,36.45854489270179,64382.217972141334,-43446.165502068376
40,34.77013818919834,39.61685898247901,68455.65345435664,-43890.965253984854
40,49.74207247595466,38.62453334530588,84424.50950852792,-45082.55311262079
40,47.616832028890975,39.34232493309224,96420.87192272341,-49769.9036044218
40,49.501813342632275,36.87187613786,118491.52214371884,-67138.8907359759
41,47.5392640138009,42.72409251470186,-150215.46587940777,74335.87053865402
41,47.98467331462606,39.43086441494887,-112799.60583561008,40388.337207769124
41,50.0,37.040561945949264,-83492.59617828837,17296.56577720336
41,50.0,35.80017512534825,-75643.04762289525,13787.019712286843
41,48.98561506399349,38.202497079080345,-74242.56919669417,12775.197594352558
41,50.0,38.630676108382346,-50347.03407314161,8300.310227643895
41,43.973918936503225,33.34066658457571,-47902.05979039477,7946.447262792148
41,49.91040533804813,36.91169599635719,-42655.07704788805,3577.0225555610714
41,49.212946817839494,36.43155042805835,-39105.63398365603,1422.6105316616595
41,50.0,38.416850602363645,-34527.86021521992,-3738.8367980284393
41,50.0,37.5,-25669.0566271226,-21974.92459670087
41,48.879869808476855,41.87580549240696,19853.179214180742,-23606.26162918599
41,49.1013070393873,38.6434886985456,34447.451532804895,-26227.437985396096
41,46.88396518903328,33.730415939284526,36154.435900520206,-37358.8432905301
41,49.83142180663116,37.614695674397296,61896.901049629036,-38620.89509457615
41,50.0,36.45854489270179,64382.217972141334,-43446.165502068376
41,34.77013818919834,39.61685898247901,68455.65345435664,-43890.965253984854
41,49.74207247595466,38.62453334530588,84424.50950852792,-45082.55311262079
41,47.616832028890975,39.34232493309224,96420.87192272341,-49769.9036044218
41,49.501813342632275,36.87187613786,118491.52214371884,-67138.8907359759
42,47.5392640138009,42.72409251470186,-150215.46587940777,74335.87053865402
42,47.98467331462606,39.43086441494887,-112799.60583561008,40388.337207769124
42,50.0,37.040561945949264,-83492.59617828837,17296.56577720336
42,50.0,35.80017512534825,-75643.04762289525,13787.019712286843
42,48.98561506399349,38.202497079080345,-74242.56919669417,12775.197594352558
42,50.0,38.630676108382346,-50347.03407314161,8300.310227643895
42,43.973918936503225,33.34066658457571,-47902.05979039477,7946.447262792148
42,49.91040533804813,36.91169599635719,-42655.07704788805,3577.0225555610714
42,49.212946817839494,36.43155042805835,-39105.63398365603,1422.6105316616595
42,50.0,38.416850602363645,-34527.86021521992,-3738.8367980284393
42,50.0,37.5,-25669.0566271226,-21974.92459670087
42,48.879869808476855,41.87580549240696,19853.179214180742,-23606.26162918599
42,49.1013070393873,38.6434886985456,34447.451532804895,-26227.437985396096
42,46.88396518903328,33.730415939284526,36154.435900520206,-37358.8432905301
42,49.83142180663116,37.614695674397296,61896.901049629036,-38620.89509457615
42,50.0,36.45854489270179,64382.217972141334,-43446.165502068376
42,34.77013818919834,39.61685898247901,68455.65345435664,-43890.965253984854
42,49.74207247595466,38.62453334530588,84424.50950852792,-45082.55311262079
42,47.616832028890975,39.34232493309224,96420.87192272341,-49769.9036044218
42,47.96378908838271,36.296062552136945,98481.71801191676,-51356.42879418416
42,49.501813342632275,36.87187613786,118491.52214371884,-67138.8907359759
43,47.5392640138009,42.72409251470186,-150215.46587940777,74335.87053865402
43,47.98467331462606,39.43086441494887,-112799.60583561008,40388.337207769124
43,50.0,37.040561945949264,-83492.59617828837,17296.56577720336
43,50.0,35.80017512534825,-75643.04762289525,13787.019712286843
43,48.98561506399349,38.202497079080345,-74242.56919669417,12775.197594352558
43,46.65299028934192,37.004751894963064,-59057.39156667616,-47.85354035504535
43,50.0,38.416850602363645,-34527.86021521992,-3738.8367980284393
43,50.0,37.5,-25669.0566271226,-21974.92459670087
43,48.879869808476855,41.87580549240696,19853.179214180742,-23606.26162918599
43,49.1013070393873,38.6434886985456,34447.451532804895,-26227.437985396096
43,46.88396518903328,33.730415939284526,36154.435900520206,-37358.8432905301
43,46.67946719042962,36.892941445744995,53517.496762406736,-49729.498146263155
43,47.616832028890975,39.34232493309224,96420.87192272341,-49769.9036044218
43,47.96378908838271,36.296062552136945,98481.71801191676,-51356.42879418416
43,49.501813342632275,36.87187613786,118491.52214371884,-67138.8907359759
44,47.5392640138009,42.72409251470186,-150215.46587940777,74335.87053865402
44,47.98467331462606,39.43086441494887,-112799.60583561008,40388.337207769124
44,50.0,37.040561945949264,-83492.59617828837,17296.56577720336
44,50.0,35.80017512534825,-75643.04762289525,13787.019712286843
44,48.98561506399349,38.202497079080345,-74242.56919669417,12775.197594352558
44,46.65299028934192,37.004751894963064,-59057.39156667616,-47.85354035504535
44,50.0,38.416850602363645,-34527.86021521992,-3738.8367980284393
44,50.0,37.5,-25669.0566271226,-21974.92459670087
44,48.879869808476855,41.87580549240696,19853.179214180742,-23606.26162918599
44,49.1013070393873,38.6434886985456,34447.451532804895,-26227.437985396096
44,46.88396518903328,33.730415939284526,36154.435900520206,-37358.8432905301
44,46.67946719042962,36.892941445744995,53517.496762406736,-49729.498146263155
44,47.616832028890975,39.34232493309224,96420.87192272341,-49769.9036044218
44,47.96378908838271,36.296062552136945,98481.71801191676,-51356.42879418416
44,49.501813342632275,36.87187613786,118491.52214371884,-67138.8907359759
45,47.5392640138009,42.72409251470186,-150215.46587940777,74335.87053865402
45,47.98467331462606,39.43086441494887,-112799.60583561008,40388.337207769124
45,46.48721268694851,36.82209278233676,-90867.82006715474,36641.73848200134
45,50.0,37.040561945949264,-83492.59617828837,17296.56577720336
45,50.0,35.80017512534825,-75643.04762289525,13787.019712286843
45,48.98561506399349,38.202497079080345,-74242.56919669417,12775.197594352558
45,46.65299028934192,37.004751894963064,-59057.39156667616,-47.85354035504535
45,50.0,38.416850602363645,-34527.86021521992,-3738.8367980284393
45,50.0,37.5,-25669.0566271226,-21974.92459670087
45,48.879869808476855,41.87580549240696,19853.179214180742,-23606.26162918599
45,49.1013070393873,38.6434886985456,34447.451532804895,-26227.437985396096
45,46.88396518903328,33.730415939284526,36154.435900520206,-37358.8432905301
45,46.67946719042962,36.892941445744995,53517.496762406736,-49729.498146263155
45,47.616832028890975,39.34232493309224,96420.87192272341,-49769.9036044218
45,47.96378908838271,36.296062552136945,98481.71801191676,-51356.42879418416
45,49.501813342632275,36.87187613786,118491.52214371884,-67138.8907359759
46,47.5392640138009,42.72409251470186,-150215.46587940777,74335.87053865402
46,47.98467331462606,39.43086441494887,-112799.60583561008,40388.337207769124
46,46.48721268694851,36.82209278233676,-90867.82006715474,36641.73848200134
46,50.0,37.040561945949264,-83492.59617828837,17296.56577720336
46,50.0,35.80017512534825,-75643.04762289525,13787.019712286843
46,48.98561506399349,38.202497079080345,-74242.56919669417,12775.197594352558
46,46.65299028934192,37.004751894963064,-59057.39156667616,-47.85354035504535
46,50.0,38.416850602363645,-34527.86021521992,-3738.8367980284393
46,50.0,37.5,-25669.0566271226,-21974.92459670087
46,48.879869808476855,41.87580549240696,19853.179214180742,-23606.26162918599
46,47.22746993754342,37.49782697261763,34319.358638472026,-25867.44635555036
46,49.1013070393873,38.6434886985456,34447.451532804895,-26227.437985396096
46,46.88396518903328,33.730415939284526,36154.435900520206,-37358.8432905301
46,46.67946719042962,36.892941445744995,53517.496762406736,-49729.498146263155
46,47.616832028890975,39.34232493309224,96420.87192272341,-49769.9036044218
46,47.96378908838271,36.296062552136945,98481.71801191676,-51356.42879418416
46,49.501813342632275,36.87187613786,118491.52214371884,-67138.8907359759
47,47.5392640138009,42.72409251470186,-150215.46587940777,74335.87053865402
47,45.736729430233275,37.12079123029153,-140835.41911708665,47735.31648632335
47,47.98467331462606,39.43086441494887,-112799.60583561008,40388.337207769124
47,46.48721268694851,36.82209278233676,-90867.82006715474,36641.73848200134
47,50.0,37.040561945949264,-83492.59617828837,17296.56577720336
47,50.0,35.80017512534825,-75643.04762289525,13787.019712286843
47,48.98561506399349,38.202497079080345,-74242.56919669417,12775.197594352558
47,46.65299028934192,37.004751894963064,-59057.39156667616,-47.85354035504535
47,50.0,38.416850602363645,-34527.86021521992,-3738.8367980284393
47,50.0,37.5,-25669.0566271226,-21974.92459670087
47,48.879869808476855,41.87580549240696,19853.179214180742,-23606.26162918599
47,47.22746993754342,37.49782697261763,34319.358638472026,-25867.44635555036
47,49.1013070393873,38.6434886985456,34447.451532804895,-26227.437985396096
47,46.88396518903328,33.730415939284526,36154.435900520206,-37358.8432905301
47,46.67946719042962,36.892941445744995,53517.496762406736,-49729.498146263155
47,47.616832028890975,39.34232493309224,96420.87192272341,-49769.9036044218
47,47.96378908838271,36.296062552136945,98481.71801191676,-51356.42879418416
47,49.501813342632275,36.87187613786,118491.52214371884,-67138.8907359759
48,47.5392640138009,42.72409251470186,-150215.46587940777,74335.87053865402
48,45.736729430233275,37.12079123029153,-140835.41911708665,47735.31648632335
48,47.98467331462606,39.43086441494887,-112799.60583561008,40388.337207769124
48,46.48721268694851,36.82209278233676,-90867.82006715474,36641.73848200134
48,50.0,37.040561945949264,-83492.59617828837,17296.56577720336
48,50.0,35.80017512534825,-75643.04762289525,13787.019712286843
48,48.98561506399349,38.202497079080345,-74242.56919669417,12775.197594352558
48,46.65299028934192,37.004751894963064,-59057.39156667616,-47.85354035504535
48,50.0,38.416850602363645,-34527.86021521992,-3738.8367980284393
48,50.0,37.5,-25669.0566271226,-21974.92459670087
48,48.879869808476855,41.87580549240696,19853.179214180742,-23606.26162918599
48,47.22746993754342,37.49782697261763,34319.358638472026,-25867.44635555036
48,49.1013070393873,38.6434886985456,34447.451532804895,-26227.437985396096
48,46.88396518903328,33.730415939284526,36154.435900520206,-37358.8432905301
48,46.67946719042962,36.892941445744995,53517.496762406736,-49729.498146263155
48,47.616832028890975,39.34232493309224,96420.87192272341,-49769.9036044218
48,47.96378908838271,36.296062552136945,98481.71801191676,-51356.42879418416
48,49.501813342632275,36.87187613786,118491.52214371884,-67138.8907359759
49,47.5392640138009,42.72409251470186,-150215.46587940777,74335.87053865402
49,45.736729430233275,37.12079123029153,-140835.41911708665,47735.31648632335
49,47.98467331462606,39.43086441494887,-112799.60583561008,40388.337207769124
49,46.45204442561414,34.65373675991306,-95368.67292761889,28116.16039539702
49,50.0,37.040561945949264,-83492.59617828837,17296.56577720336
49,48.39418774491944,35.99039784602567,-75934.04842768185,12104.758159827605
49,46.65299028934192,37.004751894963064,-59057.39156667616,-47.85354035504535
49,50.0,38.416850602363645,-34527.86021521992,-3738.8367980284393
49,50.0,37.5,-25669.0566271226,-21974.92459670087
49,48.879869808476855,41.87580549240696,19853.179214180742,-23606.26162918599
49,47.22746993754342,37.49782697261763,34319.358638472026,-25867.44635555036
49,49.1013070393873,38.6434886985456,34447.451532804895,-26227.437985396096
49,46.88396518903328,33.730415939284526,36154.435900520206,-37358.8432905301
49,46.67946719042962,36.892941445744995,53517.496762406736,-49729.498146263155
49,47.616832028890975,39.34232493309224,96420.87192272341,-49769.9036044218
49,47.96378908838271,36.296062552136945,98481.71801191676,-51356.42879418416
49,49.501813342632275,36.87187613786,118491.52214371884,-67138.8907359759
50,47.5392640138009,42.72409251470186,-150215.46587940777,74335.87053865402
50,45.736729430233275,37.12079123029153,-140835.41911708665,47735.31648632335
50,47.98467331462606,39.43086441494887,-112799.60583561008,40388.337207769124
50,46.45204442561414,34.65373675991306,-95368.67292761889,28116.16039539702
50,50.0,37.040561945949264,-83492.59617828837,17296.56577720336
50,48.39418774491944,35.99039784602567,-75934.04842768185,12104.758159827605
50,46.65299028934192,37.004751894963064,-59057.39156667616,-47.85354035504535
50,50.0,38.416850602363645,-34527.86021521992,-3738.8367980284393
50,50.0,37.5,-25669.0566271226,-21974.92459670087
50,48.879869808476855,41.87580549240696,19853.179214180742,-23606.26162918599
50,47.22746993754342,37.49782697261763,34319.358638472026,-25867.44635555036
50,49.1013070393873,38.6434886985456,34447.451532804895,-26227.437985396096
50,46.88396518903328,33.730415939284526,36154.435900520206,-37358.8432905301
50,46.67946719042962,36.892941445744995,53517.496762406736,-49729.498146263155
50,47.616832028890975,39.34232493309224,96420.87192272341,-49769.9036044218
50,47.96378908838271,36.296062552136945,98481.71801191676,-51356.42879418416
50,49.501813342632275,36.87187613786,118491.52214371884,-67138.8907359759
51,47.5392640138009,42.72409251470186,-150215.46587940777,74335.87053865402
51,45.736729430233275,37.12079123029153,-140835.41911708665,47735.31648632335
51,47.98467331462606,39.43086441494887,-112799.60583561008,40388.337207769124
51,46.45204442561414,34.65373675991306,-95368.67292761889,28116.16039539702
51,50.0,37.040561945949264,-83492.59617828837,17296.56577720336
51,48.39418774491944,35.99039784602567,-75934.04842768185,12104.758159827605
51,46.65299028934192,37.004751894963064,-59057.39156667616,-47.85354035504535
51,50.0,38.416850602363645,-34527.86021521992,-3738.8367980284393
51,50.0,37.5,-25669.0566271226,-21974.92459670087
51,48.879869808476855,41.87580549240696,19853.179214180742,-23606.26162918599
51,47.22746993754342,37.49782697261763,34319.358638472026,-25867.44635555036
51,49.1013070393873,38.6434886985456,34447.451532804895,-26227.437985396096
51,46.88396518903328,33.730415939284526,36154.435900520206,-37358.8432905301
51,46.67946719042962,36.892941445744995,53517.496762406736,-49729.498146263155
51,47.616832028890975,39.34232493309224,96420.87192272341,-49769.9036044218
51,47.96378908838271,36.296062552136945,98481.71801191676,-51356.42879418416
51,49.501813342632275,36.87187613786,118491.52214371884,-67138.8907359759
52,47.5392640138009,42.72409251470186,-150215.46587940777,74335.87053865402
52,45.736729430233275,37.12079123029153,-140835.41911708665,47735.31648632335
52,47.98467331462606,39.43086441494887,-112799.60583561008,40388.337207769124
52,46.45204442561414,34.65373675991306,-95368.67292761889,28116.16039539702
52,50.0,37.040561945949264,-83492.59617828837,17296.56577720336
52,48.39418774491944,35.99039784602567,-75934.04842768185,12104.758159827605
52,46.65299028934192,37.004751894963064,-59057.39156667616,-47.85354035504535
52,50.0,38.416850602363645,-34527.86021521992,-3738.8367980284393
52,50.0,37.5,-25669.0566271226,-21974.92459670087
52,48.879869808476855,41.87580549240696,19853.179214180742,-23606.26162918599
52,43.98761957688489,37.94819203379202,22169.590188713148,-24777.424259547613
52,47.22746993754342,37.49782697261763,34319.358638472026,-25867.44635555036
52,49.1013070393873,38.6434886985456,34447.451532804895,-26227.437985396096
52,46.88396518903328,33.730415939284526,36154.435900520206,-37358.8432905301
52,46.67946719042962,36.892941445744995,53517.496762406736,-49729.498146263155
52,47.616832028890975,39.34232493309224,96420.87192272341,-49769.9036044218
52,47.96378908838271,36.296062552136945,98481.71801191676,-51356.42879418416
52,49.501813342632275,36.87187613786,118491.52214371884,-67138.8907359759
53,47.5392640138009,42.72409251470186,-150215.46587940777,74335.87053865402
53,45.736729430233275,37.12079123029153,-140835.41911708665,47735.31648632335
53,47.98467331462606,39.43086441494887,-112799.60583561008,40388.337207769124
53,46.45204442561414,34.65373675991306,-95368.67292761889,28116.16039539702
53,50.0,37.040561945949264,-83492.59617828837,17296.56577720336
53,48.39418774491944,35.99039784602567,-75934.04842768185,12104.758159827605
53,46.65299028934192,37.004751894963064,-59057.39156667616,-47.85354035504535
53,50.0,38.416850602363645,-34527.86021521992,-3738.8367980284393
53,50.0,37.5,-25669.0566271226,-21974.92459670087
53,48.879869808476855,41.87580549240696,19853.179214180742,-23606.26162918599
53,43.98761957688489,37.94819203379202,22169.590188713148,-24777.424259547613
53,47.22746993754342,37.49782697261763,34319.358638472026,-25867.44635555036
53,49.1013070393873,38.6434886985456,34447.451532804895,-26227.437985396096
53,46.88396518903328,33.730415939284526,36154.435900520206,-37358.8432905301
53,46.67946719042962,36.892941445744995,53517.496762406736,-49729.498146263155
53,47.616832028890975,39.34232493309224,96420.87192272341,-49769.9036044218
53,47.96378908838271,36.296062552136945,98481.71801191676,-51356.42879418416
53,49.501813342632275,36.87187613786,118491.52214371884,-67138.8907359759
54,47.5392640138009,42.72409251470186,-150215.46587940777,74335.87053865402
54,45.736729430233275,37.12079123029153,-140835.41911708665,47735.31648632335
54,47.98467331462606,39.43086441494887,-112799.60583561008,40388.337207769124
54,46.45204442561414,34.65373675991306,-95368.67292761889,28116.16039539702
54,50.0,37.040561945949264,-83492.59617828837,17296.56577720336
54,48.39418774491944,35.99039784602567,-75934.04842768185,12104.758159827605
54,46.65299028934192,37.004751894963064,-59057.39156667616,-47.85354035504535
54,50.0,38.416850602363645,-34527.86021521992,-3738.8367980284393
54,50.0,37.5,-25669.0566271226,-21974.92459670087
54,48.879869808476855,41.87580549240696,19853.179214180742,-23606.26162918599
54,43.98761957688489,37.94819203379202,22169.590188713148,-24777.424259547613
54,47.22746993754342,37.49782697261763,34319.358638472026,-25867.44635555036
54,49.1013070393873,38.6434886985456,34447.451532804895,-26227.437985396096
54,46.88396518903328,33.730415939284526,36154.435900520206,-37358.8432905301
54,46.67946719042962,36.892941445744995,53517.496762406736,-49729.498146263155
54,47.616832028890975,39.34232493309224,96420.87192272341,-49769.9036044218
54,47.96378908838271,36.296062552136945,98481.71801191676,-51356.42879418416
54,49.501813342632275,36.87187613786,118491.52214371884,-67138.8907359759
55,47.5392640138009,42.72409251470186,-150215.46587940777,74335.87053865402
55,45.736729430233275,37.12079123029153,-140835.41911708665,47735.31648632335
55,47.98467331462606,39.43086441494887,-112799.60583561008,40388.337207769124
55,46.28145104150643,37.70838946472175,-102143.44462131504,24762.52542353198
55,50.0,37.040561945949264,-83492.59617828837,17296.56577720336
55,48.39418774491944,35.99039784602567,-75934.04842768185,12104.758159827605
55,46.65299028934192,37.004751894963064,-59057.39156667616,-47.85354035504535
55,50.0,38.416850602363645,-34527.86021521992,-3738.8367980284393
55,50.0,37.5,-25669.0566271226,-21974.92459670087
55,48.879869808476855,41.87580549240696,19853.179214180742,-23606.26162918599
55,43.98761957688489,37.94819203379202,22169.590188713148,-24777.424259547613
55,47.22746993754342,37.49782697261763,34319.358638472026,-25867.44635555036
55,49.1013070393873,38.6434886985456,34447.451532804895,-26227.437985396096
55,46.88396518903328,33.730415939284526,36154.435900520206,-37358.8432905301
55,46.67946719042962,36.892941445744995,53517.496762406736,-49729.498146263155
55,47.616832028890975,39.34232493309224,96420.87192272341,-49769.9036044218
55,47.96378908838271,36.296062552136945,98481.71801191676,-51356.42879418416
55,49.501813342632275,36.87187613786,118491.52214371884,-67138.8907359759
56,47.5392640138009,42.72409251470186,-150215.46587940777,74335.87053865402
56,45.736729430233275,37.12079123029153,-140835.41911708665,47735.31648632335
56,47.98467331462606,39.43086441494887,-112799.60583561008,40388.337207769124
56,46.28145104150643,37.70838946472175,-102143.44462131504,24762.52542353198
56,50.0,37.040561945949264,-83492.59617828837,17296.56577720336
56,48.39418774491944,35.99039784602567,-75934.04842768185,12104.758159827605
56,47.25593875807305,35.55247460505447,-62223.93451585043,5722.324054463984
56,46.65299028934192,37.004751894963064,-59057.39156667616,-47.85354035504535
56,50.0,38.416850602363645,-34527.86021521992,-3738.8367980284393
56,50.0,37.5,-25669.0566271226,-21974.92459670087
56,48.879869808476855,41.87580549240696,19853.179214180742,-23606.26162918599
56,43.98761957688489,37.94819203379202,22169.590188713148,-24777.424259547613
56,47.22746993754342,37.49782697261763,34319.358638472026,-25867.44635555036
56,49.1013070393873,38.6434886985456,34447.451532804895,-26227.437985396096
56,46.88396518903328,33.730415939284526,36154.435900520206,-37358.8432905301
56,46.67946719042962,36.892941445744995,53517.496762406736,-49729.498146263155
56,47.616832028890975,39.34232493309224,96420.87192272341,-49769.9036044218
56,47.96378908838271,36.296062552136945,98481.71801191676,-51356.42879418416
56,49.501813342632275,36.87187613786,118491.52214371884,-67138.8907359759
57,47.5392640138009,42.72409251470186,-150215.46587940777,74335.87053865402
57,45.736729430233275,37.12079123029153,-140835.41911708665,47735.31648632335
57,47.98467331462606,39.43086441494887,-112799.60583561008,40388.337207769124
57,46.28145104150643,37.70838946472175,-102143.44462131504,24762.52542353198
57,50.0,37.040561945949264,-83492.59617828837,17296.56577720336
57,48.39418774491944,35.99039784602567,-75934.04842768185,12104.758159827605
57,47.25593875807305,35.55247460505447,-62223.93451585043,5722.324054463984
57,46.65299028934192,37.004751894963064,-59057.39156667616,-47.85354035504535
57,50.0,38.416850602363645,-34527.86021521992,-3738.8367980284393
57,50.0,37.5,-25669.0566271226,-21974.92459670087
57,48.879869808476855,41.87580549240696,19853.179214180742,-23606.26162918599
57,43.98761957688489,37.94819203379202,22169.590188713148,-24777.424259547613
57,47.22746993754342,37.49782697261763,34319.358638472026,-25867.44635555036
57,49.1013070393873,38.6434886985456,34447.451532804895,-26227.437985396096
57,46.88396518903328,33.730415939284526,36154.435900520206,-37358.8432905301
57,46.67946719042962,36.892941445744995,53517.496762406736,-49729.498146263155
57,47.616832028890975,39.34232493309224,96420.87192272341,-49769.9036044218
57,47.96378908838271,36.296062552136945,98481.71801191676,-51356.42879418416
57,49.501813342632275,36.87187613786,118491.52214371884,-67138.8907359759
58,47.5392640138009,42.72409251470186,-150215.46587940777,74335.87053865402
58,45.736729430233275,37.12079123029153,-140835.41911708665,47735.31648632335
58,47.98467331462606,39.43086441494887,-112799.60583561008,40388.337207769124
58,46.28145104150643,37.70838946472175,-102143.44462131504,24762.52542353198
58,50.0,37.040561945949264,-83492.59617828837,17296.56577720336
58,48.39418774491944,35.99039784602567,-75934.04842768185,12104.758159827605
58,47.25593875807305,35.55247460505447,-62223.93451585043,5722.324054463984
58,46.65299028934192,37.004751894963064,-59057.39156667616,-47.85354035504535
58,50.0,38.416850602363645,-34527.86021521992,-3738.8367980284393
58,50.0,37.5,-25669.0566271226,-21974.92459670087
58,48.879869808476855,41.87580549240696,19853.179214180742,-23606.26162918599
58,43.98761957688489,37.94819203379202,22169.590188713148,-24777.424259547613
58,47.22746993754342,37.49782697261763,34319.358638472026,-25867.44635555036
58,49.1013070393873,38.6434886985456,34447.451532804895,-26227.437985396096
58,46.88396518903328,33.730415939284526,36154.435900520206,-37358.8432905301
58,46.67946719042962,36.892941445744995,53517.496762406736,-49729.498146263155
58,47.616832028890975,39.34232493309224,96420.87192272341,-49769.9036044218
58,47.96378908838271,36.296062552136945,98481.71801191676,-51356.42879418416
58,49.501813342632275,36.87187613786,118491.52214371884,-67138.8907359759
59,47.5392640138009,42.72409251470186,-150215.46587940777,74335.87053865402
59,45.736729430233275,37.12079123029153,-140835.41911708665,47735.31648632335
59,47.98467331462606,39.43086441494887,-112799.60583561008,40388.337207769124
59,46.28145104150643,37.70838946472175,-102143.44462131504,24762.52542353198
59,50.0,37.040561945949264,-83492.59617828837,17296.56577720336
59,48.39418774491944,35.99039784602567,-75934.04842768185,12104.758159827605
59,47.25593875807305,35.55247460505447,-62223.93451585043,5722.324054463984
59,46.65299028934192,37.004751894963064,-59057.39156667616,-47.85354035504535
59,50.0,38.416850602363645,-34527.86021521992,-3738.8367980284393
59,50.0,37.5,-25669.0566271226,-21974.92459670087
59,48.879869808476855,41.87580549240696,19853.179214180742,-23606.26162918599
59,43.98761957688489,37.94819203379202,22169.590188713148,-24777.424259547613
59,49.76670186644333,37.347024965224485,24886.441981748143,-24780.32730161893
59,47.22746993754342,37.49782697261763,34319.358638472026,-25867.44635555036
59,49.1013070393873,38.6434886985456,34447.451532804895,-26227.437985396096
59,46.88396518903328,33.730415939284526,36154.435900520206,-37358.8432905301
59,46.67946719042962,36.892941445744995,53517.496762406736,-49729.498146263155
59,47.616832028890975,39.34232493309224,96420.87192272341,-49769.9036044218
59,47.96378908838271,36.296062552136945,98481.71801191676,-51356.42879418416
59,49.501813342632275,36.87187613786,118491.52214371884,-67138.8907359759
60,47.5392640138009,42.72409251470186,-150215.46587940777,74335.87053865402
60,45.736729430233275,37.12079123029153,-140835.41911708665,47735.31648632335
60,47.98467331462606,39.43086441494887,-112799.60583561008,40388.337207769124
60,46.28145104150643,37.70838946472175,-102143.44462131504,24762.52542353198
60,50.0,37.040561945949264,-83492.59617828837,17296.56577720336
60,48.39418774491944,35.99039784602567,-75934.04842768185,12104.758159827605
60,47.25593875807305,35.55247460505447,-62223.93451585043,5722.324054463984
60,46.65299028934192,37.004751894963064,-59057.39156667616,-47.85354035504535
60,50.0,38.416850602363645,-34527.86021521992,-3738.8367980284393
60,50.0,37.5,-25669.0566271226,-21974.92459670087
60,48.879869808476855,41.87580549240696,19853.179214180742,-23606.26162918599
60,43.98761957688489,37.94819203379202,22169.590188713148,-24777.424259547613
60,49.76670186644333,37.347024965224485,24886.441981748143,-24780.32730161893
60,47.22746993754342,37.49782697261763,34319.358638472026,-25867.44635555036
60,49.1013070393873,38.6434886985456,34447.451532804895,-26227.437985396096
60,46.88396518903328,33.730415939284526,36154.435900520206,-37358.8432905301
60,46.67946719042962,36.892941445744995,53517.496762406736,-49729.498146263155
60,47.616832028890975,39.34232493309224,96420.87192272341,-49769.9036044218
60,47.96378908838271,36.296062552136945,98481.71801191676,-51356.42879418416
60,49.501813342632275,36.87187613786,118491.52214371884,-67138.8907359759
61,47.5392640138009,42.72409251470186,-150215.46587940777,74335.87053865402
61,45.736729430233275,37.12079123029153,-140835.41911708665,47735.31648632335
61,47.98467331462606,39.43086441494887,-112799.60583561008,40388.337207769124
61,46.28145104150643,37.70838946472175,-102143.44462131504,24762.52542353198
61,50.0,37.040561945949264,-83492.59617828837,17296.56577720336
61,48.39418774491944,35.99039784602567,-75934.04842768185,12104.758159827605
61,47.25593875807305,35.55247460505447,-62223.93451585043,5722.324054463984
61,46.65299028934192,37.004751894963064,-59057.39156667616,-47.85354035504535
61,50.0,38.416850602363645,-34527.86021521992,-3738.8367980284393
61,50.0,37.5,-25669.0566271226,-21974.92459670087
61,48.879869808476855,41.87580549240696,19853.179214180742,-23606.26162918599
61,43.98761957688489,37.94819203379202,22169.590188713148,-24777.424259547613
61,49.76670186644333,37.347024965224485,24886.441981748143,-24780.32730161893
61,47.22746993754342,37.49782697261763,34319.358638472026,-25867.44635555036
61,49.1013070393873,38.6434886985456,34447.451532804895,-26227.437985396096
61,46.88396518903328,33.730415939284526,36154.435900520206,-37358.8432905301
61,46.67946719042962,36.892941445744995,53517.496762406736,-49729.498146263155
61,47.616832028890975,39.34232493309224,96420.87192272341,-49769.9036044218
61,47.96378908838271,36.296062552136945,98481.71801191676,-51356.42879418416
61,49.501813342632275,36.87187613786,118491.52214371884,-67138.8907359759
62,47.5392640138009,42.72409251470186,-150215.46587940777,74335.87053865402
62,45.736729430233275,37.12079123029153,-140835.41911708665,47735.31648632335
62,47.98467331462606,39.43086441494887,-112799.60583561008,40388.337207769124
62,46.28145104150643,37.70838946472175,-102143.44462131504,24762.52542353198
62,50.0,37.040561945949264,-83492.59617828837,17296.56577720336
62,48.39418774491944,35.99039784602567,-75934.04842768185,12104.758159827605
62,47.25593875807305,35.55247460505447,-62223.93451585043,5722.324054463984
62,46.65299028934192,37.004751894963064,-59057.39156667616,-47.85354035504535
62,50.0,38.416850602363645,-34527.86021521992,-3738.8367980284393
62,50.0,37.5,-25669.0566271226,-21974.92459670087
62,48.879869808476855,41.87580549240696,19853.179214180742,-23606.26162918599
62,43.98761957688489,37.94819203379202,22169.590188713148,-24777.424259547613
62,49.76670186644333,37.347024965224485,24886.441981748143,-24780.32730161893
62,47.22746993754342,37.49782697261763,34319.358638472026,-25867.44635555036
62,49.1013070393873,38.6434886985456,34447.451532804895,-26227.437985396096
62,46.88396518903328,33.730415939284526,36154.435900520206,-37358.8432905301
62,46.67946719042962,36.892941445744995,53517.496762406736,-49729.498146263155
62,47.616832028890975,39.34232493309224,96420.87192272341,-49769.9036044218
62,47.96378908838271,36.296062552136945,98481.71801191676,-51356.42879418416
62,49.501813342632275,36.87187613786,118491.52214371884,-67138.8907359759
63,47.5392640138009,42.72409251470186,-150215.46587940777,74335.87053865402
63,45.736729430233275,37.12079123029153,-140835.41911708665,47735.31648632335
63,47.98467331462606,39.43086441494887,-112799.60583561008,40388.337207769124
63,46.28145104150643,37.70838946472175,-102143.44462131504,24762.52542353198
63,50.0,37.040561945949264,-83492.59617828837,17296.56577720336
63,48.39418774491944,35.99039784602567,-75934.04842768185,12104.758159827605
63,47.25593875807305,35.55247460505447,-62223.93451585043,5722.324054463984
63,46.65299028934192,37.004751894963064,-59057.39156667616,-47.85354035504535
63,50.0,38.416850602363645,-34527.86021521992,-3738.8367980284393
63,50.0,37.5,-25669.0566271226,-21974.92459670087
63,48.879869808476855,41.87580549240696,19853.179214180742,-23606.26162918599
63,43.98761957688489,37.94819203379202,22169.590188713148,-24777.424259547613
63,49.76670186644333,37.347024965224485,24886.441981748143,-24780.32730161893
63,47.22746993754342,37.49782697261763,34319.358638472026,-25867.44635555036
63,49.1013070393873,38.6434886985456,34447.451532804895,-26227.437985396096
63,46.88396518903328,33.730415939284526,36154.435900520206,-37358.8432905301
63,46.67946719042962,36.892941445744995,53517.496762406736,-49729.498146263155
63,47.616832028890975,39.34232493309224,96420.87192272341,-49769.9036044218
63,47.96378908838271,36.296062552136945,98481.71801191676,-51356.42879418416
63,49.501813342632275,36.87187613786,118491.52214371884,-67138.8907359759
64,47.5392640138009,42.72409251470186,-150215.46587940777,74335.87053865402
64,45.736729430233275,37.12079123029153,-140835.41911708665,47735.31648632335
64,47.98467331462606,39.43086441494887,-112799.60583561008,40388.337207769124
64,46.28145104150643,37.70838946472175,-102143.44462131504,24762.52542353198
64,50.0,37.040561945949264,-83492.59617828837,17296.56577720336
64,48.39418774491944,35.99039784602567,-75934.04842768185,12104.758159827605
64,47.25593875807305,35.55247460505447,-62223.93451585043,5722.324054463984
64,46.65299028934192,37.004751894963064,-59057.39156667616,-47.85354035504535
64,50.0,38.416850602363645,-34527.86021521992,-3738.8367980284393
64,50.0,37.5,-25669.0566271226,-21974.92459670087
64,48.879869808476855,41.87580549240696,19853.179214180742,-23606.26162918599
64,43.98761957688489,37.94819203379202,22169.590188713148,-24777.424259547613
64,49.76670186644333,37.347024965224485,24886.441981748143,-24780.32730161893
64,47.22746993754342,37.49782697261763,34319.358638472026,-25867.44635555036
64,49.1013070393873,38.6434886985456,34447.451532804895,-26227.437985396096
64,46.88396518903328,33.730415939284526,36154.435900520206,-37358.8432905301
64,46.67946719042962,36.892941445744995,53517.496762406736,-49729.498146263155
64,47.616832028890975,39.34232493309224,96420.87192272341,-49769.9036044218
64,47.96378908838271,36.296062552136945,98481.71801191676,-51356.42879418416
64,49.501813342632275,36.87187613786,118491.52214371884,-67138.8907359759
65,47.5392640138009,42.72409251470186,-150215.46587940777,74335.87053865402
65,45.736729430233275,37.12079123029153,-140835.41911708665,47735.31648632335
65,47.98467331462606,39.43086441494887,-112799.60583561008,40388.337207769124
65,46.28145104150643,37.70838946472175,-102143.44462131504,24762.52542353198
65,50.0,37.040561945949264,-83492.59617828837,17296.56577720336
65,48.39418774491944,35.99039784602567,-75934.04842768185,12104.758159827605
65,47.25593875807305,35.55247460505447,-62223.93451585043,5722.324054463984
65,46.65299028934192,37.004751894963064,-59057.39156667616,-47.85354035504535
65,50.0,38.416850602363645,-34527.86021521992,-3738.8367980284393
65,50.0,37.5,-25669.0566271226,-21974.92459670087
65,48.879869808476855,41.87580549240696,19853.179214180742,-23606.26162918599
65,43.98761957688489,37.94819203379202,22169.590188713148,-24777.424259547613
65,49.76670186644333,37.347024965224485,24886.441981748143,-24780.32730161893
65,47.22746993754342,37.49782697261763,34319.358638472026,-25867.44635555036
65,49.1013070393873,38.6434886985456,34447.451532804895,-26227.437985396096
65,46.88396518903328,33.730415939284526,36154.435900520206,-37358.8432905301
65,46.67946719042962,36.892941445744995,53517.496762406736,-49729.498146263155
65,47.616832028890975,39.34232493309224,96420.87192272341,-49769.9036044218
65,47.96378908838271,36.296062552136945,98481.71801191676,-51356.42879418416
65,49.501813342632275,36.87187613786,118491.52214371884,-67138.8907359759
66,47.5392640138009,42.72409251470186,-150215.46587940777,74335.87053865402
66,45.736729430233275,37.12079123029153,-140835.41911708665,47735.31648632335
66,47.98467331462606,39.43086441494887,-112799.60583561008,40388.337207769124
66,46.28145104150643,37.70838946472175,-102143.44462131504,24762.52542353198
66,50.0,37.040561945949264,-83492.59617828837,17296.56577720336
66,48.39418774491944,35.99039784602567,-75934.04842768185,12104.758159827605
66,47.25593875807305,35.55247460505447,-62223.93451585043,5722.324054463984
66,46.65299028934192,37.004751894963064,-59057.39156667616,-47.85354035504535
66,50.0,38.416850602363645,-34527.86021521992,-3738.8367980284393
66,50.0,37.5,-25669.0566271226,-21974.92459670087
66,48.879869808476855,41.87580549240696,19853.179214180742,-23606.26162918599
66,43.98761957688489,37.94819203379202,22169.590188713148,-24777.424259547613
66,49.76670186644333,37.347024965224485,24886.441981748143,-24780.32730161893
66,47.22746993754342,37.49782697261763,34319.358638472026,-25867.44635555036
66,49.1013070393873,38.6434886985456,34447.451532804895,-26227.437985396096
66,46.88396518903328,33.730415939284526,36154.435900520206,-37358.8432905301
66,46.67946719042962,36.892941445744995,53517.496762406736,-49729.498146263155
66,47.616832028890975,39.34232493309224,96420.87192272341,-49769.9036044218
66,47.96378908838271,36.296062552136945,98481.71801191676,-51356.42879418416
66,49.501813342632275,36.87187613786,118491.52214371884,-67138.8907359759
67,49.52348161482199,35.40246748596876,-177851.37630191047,73539.86101417159
67,45.736729430233275,37.12079123029153,-140835.41911708665,47735.31648632335
67,47.98467331462606,39.43086441494887,-112799.60583561008,40388.337207769124
67,46.28145104150643,37.70838946472175,-102143.44462131504,24762.52542353198
67,50.0,37.040561945949264,-83492.59617828837,17296.56577720336
67,48.39418774491944,35.99039784602567,-75934.04842768185,12104.758159827605
67,47.25593875807305,35.55247460505447,-62223.93451585043,5722.324054463984
67,46.65299028934192,37.004751894963064,-59057.39156667616,-47.85354035504535
67,50.0,38.416850602363645,-34527.86021521992,-3738.8367980284393
67,50.0,37.5,-25669.0566271226,-21974.92459670087
67,48.879869808476855,41.87580549240696,19853.179214180742,-23606.26162918599
67,43.98761957688489,37.94819203379202,22169.590188713148,-24777.424259547613
67,49.76670186644333,37.347024965224485,24886.441981748143,-24780.32730161893
67,47.22746993754342,37.49782697261763,34319.358638472026,-25867.44635555036
67,49.1013070393873,38.6434886985456,34447.451532804895,-26227.437985396096
67,46.88396518903328,33.730415939284526,36154.435900520206,-37358.8432905301
67,46.67946719042962,36.892941445744995,53517.496762406736,-49729.498146263155
67,47.616832028890975,39.34232493309224,96420.87192272341,-49769.9036044218
67,47.96378908838271,36.296062552136945,98481.71801191676,-51356.42879418416
67,49.501813342632275,36.87187613786,118491.52214371884,-67138.8907359759
68,49.52348161482199,35.40246748596876,-177851.37630191047,73539.86101417159
68,45.736729430233275,37.12079123029153,-140835.41911708665,47735.31648632335
68,47.98467331462606,39.43086441494887,-112799.60583561008,40388.337207769124
68,46.28145104150643,37.70838946472175,-102143.44462131504,24762.52542353198
68,50.0,37.040561945949264,-83492.59617828837,17296.56577720336
68,48.39418774491944,35.99039784602567,-75934.04842768185,12104.758159827605
68,47.25593875807305,35.55247460505447,-62223.93451585043,5722.324054463984
68,46.65299028934192,37.004751894963064,-59057.39156667616,-47.85354035504535
68,50.0,38.416850602363645,-34527.86021521992,-3738.8367980284393
68,50.0,37.5,-25669.0566271226,-21974.92459670087
68,48.879869808476855,41.87580549240696,19853.179214180742,-23606.26162918599
68,43.98761957688489,37.94819203379202,22169.590188713148,-24777.424259547613
68,49.76670186644333,37.347024965224485,24886.441981748143,-24780.32730161893
68,47.22746993754342,37.49782697261763,34319.358638472026,-25867.44635555036
68,49.1013070393873,38.6434886985456,34447.451532804895,-26227.437985396096
68,46.88396518903328,33.730415939284526,36154.435900520206,-37358.8432905301
68,46.67946719042962,36.892941445744995,53517.496762406736,-49729.498146263155
68,47.616832028890975,39.34232493309224,96420.87192272341,-49769.9036044218
68,47.96378908838271,36.296062552136945,98481.71801191676,-51356.42879418416
68,49.501813342632275,36.87187613786,118491.52214371884,-67138.8907359759
69,49.52348161482199,35.40246748596876,-177851.37630191047,73539.86101417159
69,45.736729430233275,37.12079123029153,-140835.41911708665,47735.31648632335
69,47.98467331462606,39.43086441494887,-112799.60583561008,40388.337207769124
69,46.28145104150643,37.70838946472175,-102143.44462131504,24762.52542353198
69,50.0,37.040561945949264,-83492.59617828837,17296.56577720336
69,48.39418774491944,35.99039784602567,-75934.04842768185,12104.758159827605
69,47.25593875807305,35.55247460505447,-62223.93451585043,5722.324054463984
69,46.65299028934192,37.004751894963064,-59057.39156667616,-47.85354035504535
69,50.0,38.416850602363645,-34527.86021521992,-3738.8367980284393
69,50.0,37.5,-25669.0566271226,-21974.92459670087
69,48.879869808476855,41.87580549240696,19853.179214180742,-23606.26162918599
69,43.98761957688489,37.94819203379202,22169.590188713148,-24777.424259547613
69,49.76670186644333,37.347024965224485,24886.441981748143,-24780.32730161893
69,47.22746993754342,37.49782697261763,34319.358638472026,-25867.44635555036
69,49.1013070393873,38.6434886985456,34447.451532804895,-26227.437985396096
69,46.88396518903328,33.730415939284526,36154.435900520206,-37358.8432905301
69,46.67946719042962,36.892941445744995,53517.496762406736,-49729.498146263155
69,47.616832028890975,39.34232493309224,96420.87192272341,-49769.9036044218
69,47.96378908838271,36.296062552136945,98481.71801191676,-51356.42879418416
69,49.501813342632275,36.87187613786,118491.52214371884,-67138.8907359759
70,49.52348161482199,35.40246748596876,-177851.37630191047,73539.86101417159
70,45.736729430233275,37.12079123029153,-140835.41911708665,47735.31648632335
70,47.98467331462606,39.43086441494887,-112799.60583561008,40388.337207769124
70,46.28145104150643,37.70838946472175,-102143.44462131504,24762.52542353198
70,50.0,37.040561945949264,-83492.59617828837,17296.56577720336
70,48.39418774491944,35.99039784602567,-75934.04842768185,12104.758159827605
70,47.25593875807305,35.55247460505447,-62223.93451585043,5722.324054463984
70,46.65299028934192,37.004751894963064,-59057.39156667616,-47.85354035504535
70,50.0,38.416850602363645,-34527.86021521992,-3738.8367980284393
70,50.0,37.5,-25669.0566271226,-21974.92459670087
70,48.879869808476855,41.87580549240696,19853.179214180742,-23606.26162918599
70,43.98761957688489,37.94819203379202,22169.590188713148,-24777.424259547613
70,49.76670186644333,37.347024965224485,24886.441981748143,-24780.32730161893
70,47.22746993754342,37.49782697261763,34319.358638472026,-25867.44635555036
70,49.1013070393873,38.6434886985456,34447.451532804895,-26227.437985396096
70,46.88396518903328,33.730415939284526,36154.435900520206,-37358.8432905301
70,46.67946719042962,36.892941445744995,53517.496762406736,-49729.498146263155
70,47.616832028890975,39.34232493309224,96420.87192272341,-49769.9036044218
70,47.96378908838271,36.296062552136945,98481.71801191676,-51356.42879418416
70,49.501813342632275,36.87187613786,118491.52214371884,-67138.8907359759
71,49.52348161482199,35.40246748596876,-177851.37630191047,73539.86101417159
71,45.736729430233275,37.12079123029153,-140835.41911708665,47735.31648632335
71,47.98467331462606,39.43086441494887,-112799.60583561008,40388.337207769124
71,46.28145104150643,37.70838946472175,-102143.44462131504,24762.52542353198
71,50.0,37.040561945949264,-83492.59617828837,17296.56577720336
71,48.39418774491944,35.99039784602567,-75934.04842768185,12104.758159827605
71,47.25593875807305,35.55247460505447,-62223.93451585043,5722.324054463984
71,46.65299028934192,37.004751894963064,-59057.39156667616,-47.85354035504535
71,50.0,38.416850602363645,-34527.86021521992,-3738.8367980284393
71,50.0,37.5,-25669.0566271226,-21974.92459670087
71,48.879869808476855,41.87580549240696,19853.179214180742,-23606.26162918599
71,43.98761957688489,37.94819203379202,22169.590188713148,-24777.424259547613
71,49.76670186644333,37.347024965224485,24886.441981748143,-24780.32730161893
71,47.22746993754342,37.49782697261763,34319.358638472026,-25867.44635555036
71,49.1013070393873,38.6434886985456,34447.451532804895,-26227.437985396096
71,46.88396518903328,33.730415939284526,36154.435900520206,-37358.8432905301
71,46.67946719042962,36.892941445744995,53517.496762406736,-49729.498146263155
71,47.616832028890975,39.34232493309224,96420.87192272341,-49769.9036044218
71,47.96378908838271,36.296062552136945,98481.71801191676,-51356.42879418416
71,49.501813342632275,36.87187613786,118491.52214371884,-67138.8907359759
72,49.52348161482199,35.40246748596876,-177851.37630191047,73539.86101417159
72,45.736729430233275,37.12079123029153,-140835.41911708665,47735.31648632335
72,47.98467331462606,39.43086441494887,-112799.60583561008,40388.337207769124
72,46.28145104150643,37.70838946472175,-102143.44462131504,24762.52542353198
72,50.0,37.040561945949264,-83492.59617828837,17296.56577720336
72,48.39418774491944,35.99039784602567,-75934.04842768185,12104.758159827605
72,47.25593875807305,35.55247460505447,-62223.93451585043,5722.324054463984
72,46.65299028934192,37.004751894963064,-59057.39156667616,-47.85354035504535
72,50.0,38.416850602363645,-34527.86021521992,-3738.8367980284393
72,50.0,37.5,-25669.0566271226,-21974.92459670087
72,48.879869808476855,41.87580549240696,19853.179214180742,-23606.26162918599
72,43.98761957688489,37.94819203379202,22169.590188713148,-24777.424259547613
72,49.76670186644333,37.347024965224485,24886.441981748143,-24780.32730161893
72,47.22746993754342,37.49782697261763,34319.358638472026,-25867.44635555036
72,49.1013070393873,38.6434886985456,34447.451532804895,-26227.437985396096
72,46.88396518903328,33.730415939284526,36154.435900520206,-37358.8432905301
72,46.67946719042962,36.892941445744995,53517.496762406736,-49729.498146263155
72,47.616832028890975,39.34232493309224,96420.87192272341,-49769.9036044218
72,47.96378908838271,36.296062552136945,98481.71801191676,-51356.42879418416
72,49.501813342632275,36.87187613786,118491.52214371884,-67138.8907359759
73,49.52348161482199,35.40246748596876,-177851.37630191047,73539.86101417159
73,45.736729430233275,37.12079123029153,-140835.41911708665,47735.31648632335
73,47.98467331462606,39.43086441494887,-112799.60583561008,40388.337207769124
73,46.28145104150643,37.70838946472175,-102143.44462131504,24762.52542353198
73,50.0,37.040561945949264,-83492.59617828837,17296.56577720336
73,48.39418774491944,35.99039784602567,-75934.04842768185,12104.758159827605
73,47.25593875807305,35.55247460505447,-62223.93451585043,5722.324054463984
73,46.65299028934192,37.004751894963064,-59057.39156667616,-47.85354035504535
73,50.0,38.416850602363645,-34527.86021521992,-3738.8367980284393
73,50.0,37.5,-25669.0566271226,-21974.92459670087
73,48.879869808476855,41.87580549240696,19853.179214180742,-23606.26162918599
73,43.98761957688489,37.94819203379202,22169.590188713148,-24777.424259547613
73,49.76670186644333,37.347024965224485,24886.441981748143,-24780.32730161893
73,47.22746993754342,37.49782697261763,34319.358638472026,-25867.44635555036
73,49.1013070393873,38.6434886985456,34447.451532804895,-26227.437985396096
73,46.88396518903328,33.730415939284526,36154.435900520206,-37358.8432905301
73,46.67946719042962,36.892941445744995,53517.496762406736,-49729.498146263155
73,47.616832028890975,39.34232493309224,96420.87192272341,-49769.9036044218
73,47.96378908838271,36.296062552136945,98481.71801191676,-51356.42879418416
73,49.501813342632275,36.87187613786,118491.52214371884,-67138.8907359759
74,49.52348161482199,35.40246748596876,-177851.37630191047,73539.86101417159
74,45.736729430233275,37.12079123029153,-140835.41911708665,47735.31648632335
74,47.98467331462606,39.43086441494887,-112799.60583561008,40388.337207769124
74,46.28145104150643,37.70838946472175,-102143.44462131504,24762.52542353198
74,50.0,37.040561945949264,-83492.59617828837,17296.56577720336
74,48.39418774491944,35.99039784602567,-75934.04842768185,12104.758159827605
74,47.25593875807305,35.55247460505447,-62223.93451585043,5722.324054463984
74,46.65299028934192,37.004751894963064,-59057.39156667616,-47.85354035504535
74,50.0,38.416850602363645,-34527.86021521992,-3738.8367980284393
74,50.0,37.5,-25669.0566271226,-21974.92459670087
74,48.879869808476855,41.87580549240696,19853.179214180742,-23606.26162918599
74,43.98761957688489,37.94819203379202,22169.590188713148,-24777.424259547613
74,49.76670186644333,37.347024965224485,24886.441981748143,-24780.32730161893
74,47.22746993754342,37.49782697261763,34319.358638472026,-25867.44635555036
74,49.1013070393873,38.6434886985456,34447.451532804895,-26227.437985396096
74,46.88396518903328,33.730415939284526,36154.435900520206,-37358.8432905301
74,46.67946719042962,36.892941445744995,53517.496762406736,-49729.498146263155
74,47.616832028890975,39.34232493309224,96420.87192272341,-49769.9036044218
74,47.96378908838271,36.296062552136945,98481.71801191676,-51356.42879418416
74,49.501813342632275,36.87187613786,118491.52214371884,-67138.8907359759
75,49.52348161482199,35.40246748596876,-177851.37630191047,73539.86101417159
75,45.736729430233275,37.12079123029153,-140835.41911708665,47735.31648632335
75,47.98467331462606,39.43086441494887,-112799.60583561008,40388.337207769124
75,46.28145104150643,37.70838946472175,-102143.44462131504,24762.52542353198
75,50.0,37.040561945949264,-83492.59617828837,17296.56577720336
75,48.39418774491944,35.99039784602567,-75934.04842768185,12104.758159827605
75,47.25593875807305,35.55247460505447,-62223.93451585043,5722.324054463984
75,46.65299028934192,37.004751894963064,-59057.39156667616,-47.85354035504535
75,50.0,38.416850602363645,-34527.86021521992,-3738.8367980284393
75,50.0,37.5,-25669.0566271226,-21974.92459670087
75,48.879869808476855,41.87580549240696,19853.179214180742,-23606.26162918599
75,43.98761957688489,37.94819203379202,22169.590188713148,-24777.424259547613
75,49.76670186644333,37.347024965224485,24886.441981748143,-24780.32730161893
75,47.22746993754342,37.49782697261763,34319.358638472026,-25867.44635555036
75,49.1013070393873,38.6434886985456,34447.451532804895,-26227.437985396096
75,46.88396518903328,33.730415939284526,36154.435900520206,-37358.8432905301
75,46.67946719042962,36.892941445744995,53517.496762406736,-49729.498146263155
75,47.616832028890975,39.34232493309224,96420.87192272341,-49769.9036044218
75,47.96378908838271,36.296062552136945,98481.71801191676,-51356.42879418416
75,49.501813342632275,36.87187613786,118491.52214371884,-67138.8907359759
76,49.52348161482199,35.40246748596876,-177851.37630191047,73539.86101417159
76,45.736729430233275,37.12079123029153,-140835.41911708665,47735.31648632335
76,47.98467331462606,39.43086441494887,-112799.60583561008,40388.337207769124
76,46.28145104150643,37.70838946472175,-102143.44462131504,24762.52542353198
76,50.0,37.040561945949264,-83492.59617828837,17296.56577720336
76,48.39418774491944,35.99039784602567,-75934.04842768185,12104.758159827605
76,47.25593875807305,35.55247460505447,-62223.93451585043,5722.324054463984
76,46.65299028934192,37.004751894963064,-59057.39156667616,-47.85354035504535
76,50.0,38.416850602363645,-34527.86021521992,-3738.8367980284393
76,50.0,37.5,-25669.0566271226,-21974.92459670087
76,48.879869808476855,41.87580549240696,19853.179214180742,-23606.26162918599
76,43.98761957688489,37.94819203379202,22169.590188713148,-24777.424259547613
76,49.76670186644333,37.347024965224485,24886.441981748143,-24780.32730161893
76,47.22746993754342,37.49782697261763,34319.358638472026,-25867.44635555036
76,49.1013070393873,38.6434886985456,34447.451532804895,-26227.437985396096
76,46.88396518903328,33.730415939284526,36154.435900520206,-37358.8432905301
76,46.67946719042962,36.892941445744995,53517.496762406736,-49729.498146263155
76,47.616832028890975,39.34232493309224,96420.87192272341,-49769.9036044218
76,47.96378908838271,36.296062552136945,98481.71801191676,-51356.42879418416
76,49.501813342632275,36.87187613786,118491.52214371884,-67138.8907359759
77,49.52348161482199,35.40246748596876,-177851.37630191047,73539.86101417159
77,45.736729430233275,37.12079123029153,-140835.41911708665,47735.31648632335
77,47.98467331462606,39.43086441494887,-112799.60583561008,40388.337207769124
77,46.28145104150643,37.70838946472175,-102143.44462131504,24762.52542353198
77,50.0,37.040561945949264,-83492.59617828837,17296.56577720336
77,48.39418774491944,35.99039784602567,-75934.04842768185,12104.758159827605
77,47.25593875807305,35.55247460505447,-62223.93451585043,5722.324054463984
77,46.65299028934192,37.004751894963064,-59057.39156667616,-47.85354035504535
77,50.0,38.416850602363645,-34527.86021521992,-3738.8367980284393
77,50.0,37.5,-25669.0566271226,-21974.92459670087
77,48.879869808476855,41.87580549240696,19853.179214180742,-23606.26162918599
77,43.98761957688489,37.94819203379202,22169.590188713148,-24777.424259547613
77,49.76670186644333,37.347024965224485,24886.441981748143,-24780.32730161893
77,47.22746993754342,37.49782697261763,34319.358638472026,-25867.44635555036
77,49.1013070393873,38.6434886985456,34447.451532804895,-26227.437985396096
77,46.88396518903328,33.730415939284526,36154.435900520206,-37358.8432905301
77,46.67946719042962,36.892941445744995,53517.496762406736,-49729.498146263155
77,47.616832028890975,39.34232493309224,96420.87192272341,-49769.9036044218
77,47.96378908838271,36.296062552136945,98481.71801191676,-51356.42879418416
77,49.501813342632275,36.87187613786,118491.52214371884,-67138.8907359759
78,49.52348161482199,35.40246748596876,-177851.37630191047,73539.86101417159
78,45.736729430233275,37.12079123029153,-140835.41911708665,47735.31648632335
78,47.98467331462606,39.43086441494887,-112799.60583561008,40388.337207769124
78,46.28145104150643,37.70838946472175,-102143.44462131504,24762.52542353198
78,50.0,37.040561945949264,-83492.59617828837,17296.56577720336
78,48.39418774491944,35.99039784602567,-75934.04842768185,12104.758159827605
78,47.25593875807305,35.55247460505447,-62223.93451585043,5722.324054463984
78,46.65299028934192,37.004751894963064,-59057.39156667616,-47.85354035504535
78,50.0,38.416850602363645,-34527.86021521992,-3738.8367980284393
78,50.0,37.5,-25669.0566271226,-21974.92459670087
78,48.879869808476855,41.87580549240696,19853.179214180742,-23606.26162918599
78,43.98761957688489,37.94819203379202,22169.590188713148,-24777.424259547613
78,49.76670186644333,37.347024965224485,24886.441981748143,-24780.32730161893
78,49.900362909272864,37.6698836690618,27872.508700842278,-31345.758834970704
78,46.88396518903328,33.730415939284526,36154.435900520206,-37358.8432905301
78,46.67946719042962,36.892941445744995,53517.496762406736,-49729.498146263155
78,49.24715037444648,38.4184810448129,96004.28795232355,-54981.28981547268
78,49.501813342632275,36.87187613786,118491.52214371884,-67138.8907359759
79,49.52348161482199,35.40246748596876,-177851.37630191047,73539.86101417159
79,45.736729430233275,37.12079123029153,-140835.41911708665,47735.31648632335
79,47.89764479932815,37.83992439246809,-113082.98141185877,36643.947050437615
79,46.28145104150643,37.70838946472175,-102143.44462131504,24762.52542353198
79,50.0,37.040561945949264,-83492.59617828837,17296.56577720336
79,48.39418774491944,35.99039784602567,-75934.04842768185,12104.758159827605
79,47.25593875807305,35.55247460505447,-62223.93451585043,5722.324054463984
79,46.65299028934192,37.004751894963064,-59057.39156667616,-47.85354035504535
79,47.579904292991806,37.550521156811016,-48885.55632145024,-1482.7282286036984
79,50.0,38.416850602363645,-34527.86021521992,-3738.8367980284393
79,50.0,37.5,-25669.0566271226,-21974.92459670087
79,48.879869808476855,41.87580549240696,19853.179214180742,-23606.26162918599
79,43.98761957688489,37.94819203379202,22169.590188713148,-24777.424259547613
79,49.76670186644333,37.347024965224485,24886.441981748143,-24780.32730161893
79,49.900362909272864,37.6698836690618,27872.508700842278,-31345.758834970704
79,46.88396518903328,33.730415939284526,36154.435900520206,-37358.8432905301
79,46.67946719042962,36.892941445744995,53517.496762406736,-49729.498146263155
79,49.24715037444648,38.4184810448129,96004.28795232355,-54981.28981547268
79,49.501813342632275,36.87187613786,118491.52214371884,-67138.8907359759
80,49.52348161482199,35.40246748596876,-177851.37630191047,73539.86101417159
80,45.736729430233275,37.12079123029153,-140835.41911708665,47735.31648632335
80,47.89764479932815,37.83992439246809,-113082.98141185877,36643.947050437615
80,46.28145104150643,37.70838946472175,-102143.44462131504,24762.52542353198
80,50.0,37.040561945949264,-83492.59617828837,17296.56577720336
80,48.39418774491944,35.99039784602567,-75934.04842768185,12104.758159827605
80,47.25593875807305,35.55247460505447,-62223.93451585043,5722.324054463984
80,46.65299028934192,37.004751894963064,-59057.39156667616,-47.85354035504535
80,47.579904292991806,37.550521156811016,-48885.55632145024,-1482.7282286036984
80,50.0,38.416850602363645,-34527.86021521992,-3738.8367980284393
80,50.0,37.5,-25669.0566271226,-21974.92459670087
80,48.879869808476855,41.87580549240696,19853.179214180742,-23606.26162918599
80,43.98761957688489,37.94819203379202,22169.590188713148,-24777.424259547613
80,49.76670186644333,37.347024965224485,24886.441981748143,-24780.32730161893
80,49.900362909272864,37.6698836690618,27872.508700842278,-31345.758834970704
80,46.88396518903328,33.730415939284526,36154.435900520206,-37358.8432905301
80,46.67946719042962,36.892941445744995,53517.496762406736,-49729.498146263155
80,49.24715037444648,38.4184810448129,96004.28795232355,-54981.28981547268
80,49.501813342632275,36.87187613786,118491.52214371884,-67138.8907359759
81,49.52348161482199,35.40246748596876,-177851.37630191047,73539.86101417159
81,45.736729430233275,37.12079123029153,-140835.41911708665,47735.31648632335
81,47.89764479932815,37.83992439246809,-113082.98141185877,36643.947050437615
81,46.28145104150643,37.70838946472175,-102143.44462131504,24762.52542353198
81,50.0,37.040561945949264,-83492.59617828837,17296.56577720336
81,48.39418774491944,35.99039784602567,-75934.04842768185,12104.758159827605
81,47.25593875807305,35.55247460505447,-62223.93451585043,5722.324054463984
81,46.65299028934192,37.004751894963064,-59057.39156667616,-47.85354035504535
81,47.579904292991806,37.550521156811016,-48885.55632145024,-1482.7282286036984
81,50.0,38.416850602363645,-34527.86021521992,-3738.8367980284393
81,50.0,37.5,-25669.0566271226,-21974.92459670087
81,48.879869808476855,41.87580549240696,19853.179214180742,-23606.26162918599
81,43.98761957688489,37.94819203379202,22169.590188713148,-24777.424259547613
81,49.76670186644333,37.347024965224485,24886.441981748143,-24780.32730161893
81,49.900362909272864,37.6698836690618,27872.508700842278,-31345.758834970704
81,46.88396518903328,33.730415939284526,36154.435900520206,-37358.8432905301
81,46.67946719042962,36.892941445744995,53517.496762406736,-49729.498146263155
81,49.24715037444648,38.4184810448129,96004.28795232355,-54981.28981547268
81,49.501813342632275,36.87187613786,118491.52214371884,-67138.8907359759
82,49.52348161482199,35.40246748596876,-177851.37630191047,73539.86101417159
82,45.736729430233275,37.12079123029153,-140835.41911708665,47735.31648632335
82,47.89764479932815,37.83992439246809,-113082.98141185877,36643.947050437615
82,46.28145104150643,37.70838946472175,-102143.44462131504,24762.52542353198
82,50.0,37.040561945949264,-83492.59617828837,17296.56577720336
82,48.39418774491944,35.99039784602567,-75934.04842768185,12104.758159827605
82,47.25593875807305,35.55247460505447,-62223.93451585043,5722.324054463984
82,46.65299028934192,37.004751894963064,-59057.39156667616,-47.85354035504535
82,47.579904292991806,37.550521156811016,-48885.55632145024,-1482.7282286036984
82,50.0,38.416850602363645,-34527.86021521992,-3738.8367980284393
82,50.0,37.5,-25669.0566271226,-21974.92459670087
82,48.879869808476855,41.87580549240696,19853.179214180742,-23606.26162918599
82,43.98761957688489,37.94819203379202,22169.590188713148,-24777.424259547613
82,49.76670186644333,37.347024965224485,24886.441981748143,-24780.32730161893
82,49.900362909272864,37.6698836690618,27872.508700842278,-31345.758834970704
82,46.88396518903328,33.730415939284526,36154.435900520206,-37358.8432905301
82,46.67946719042962,36.892941445744995,53517.496762406736,-49729.498146263155
82,49.24715037444648,38.4184810448129,96004.28795232355,-54981.28981547268
82,49.501813342632275,36.87187613786,118491.52214371884,-67138.8907359759
83,49.52348161482199,35.40246748596876,-177851.37630191047,73539.86101417159
83,45.736729430233275,37.12079123029153,-140835.41911708665,47735.31648632335
83,47.89764479932815,37.83992439246809,-113082.98141185877,36643.947050437615
83,46.28145104150643,37.70838946472175,-102143.44462131504,24762.52542353198
83,50.0,37.040561945949264,-83492.59617828837,17296.56577720336
83,48.39418774491944,35.99039784602567,-75934.04842768185,12104.758159827605
83,47.25593875807305,35.55247460505447,-62223.93451585043,5722.324054463984
83,46.65299028934192,37.004751894963064,-59057.39156667616,-47.85354035504535
83,47.579904292991806,37.550521156811016,-48885.55632145024,-1482.7282286036984
83,50.0,38.416850602363645,-34527.86021521992,-3738.8367980284393
83,50.0,37.5,-25669.0566271226,-21974.92459670087
83,48.879869808476855,41.87580549240696,19853.179214180742,-23606.26162918599
83,43.98761957688489,37.94819203379202,22169.590188713148,-24777.424259547613
83,49.76670186644333,37.347024965224485,24886.441981748143,-24780.32730161893
83,49.900362909272864,37.6698836690618,27872.508700842278,-31345.758834970704
83,46.88396518903328,33.730415939284526,36154.435900520206,-37358.8432905301
83,46.67946719042962,36.892941445744995,53517.496762406736,-49729.498146263155
83,49.24715037444648,38.4184810448129,96004.28795232355,-54981.28981547268
83,49.501813342632275,36.87187613786,118491.52214371884,-67138.8907359759
84,49.52348161482199,35.40246748596876,-177851.37630191047,73539.86101417159
84,45.736729430233275,37.12079123029153,-140835.41911708665,47735.31648632335
84,47.89764479932815,37.83992439246809,-113082.98141185877,36643.947050437615
84,46.28145104150643,37.70838946472175,-102143.44462131504,24762.52542353198
84,50.0,37.040561945949264,-83492.59617828837,17296.56577720336
84,48.39418774491944,35.99039784602567,-75934.04842768185,12104.758159827605
84,47.25593875807305,35.55247460505447,-62223.93451585043,5722.324054463984
84,46.65299028934192,37.004751894963064,-59057.39156667616,-47.85354035504535
84,47.579904292991806,37.550521156811016,-48885.55632145024,-1482.7282286036984
84,50.0,38.416850602363645,-34527.86021521992,-3738.8367980284393
84,50.0,37.5,-25669.0566271226,-21974.92459670087
84,48.879869808476855,41.87580549240696,19853.179214180742,-23606.26162918599
84,43.98761957688489,37.94819203379202,22169.590188713148,-24777.424259547613
84,49.76670186644333,37.347024965224485,24886.441981748143,-24780.32730161893
84,49.900362909272864,37.6698836690618,27872.508700842278,-31345.758834970704
84,46.88396518903328,33.730415939284526,36154.435900520206,-37358.8432905301
84,46.67946719042962,36.892941445744995,53517.496762406736,-49729.498146263155
84,49.24715037444648,38.4184810448129,96004.28795232355,-54981.28981547268
84,49.501813342632275,36.87187613786,118491.52214371884,-67138.8907359759
85,49.52348161482199,35.40246748596876,-177851.37630191047,73539.86101417159
85,45.736729430233275,37.12079123029153,-140835.41911708665,47735.31648632335
85,47.89764479932815,37.83992439246809,-113082.98141185877,36643.947050437615
85,46.28145104150643,37.70838946472175,-102143.44462131504,24762.52542353198
85,50.0,37.040561945949264,-83492.59617828837,17296.56577720336
85,48.39418774491944,35.99039784602567,-75934.04842768185,12104.758159827605
85,47.25593875807305,35.55247460505447,-62223.93451585043,5722.324054463984
85,46.65299028934192,37.004751894963064,-59057.39156667616,-47.85354035504535
85,47.579904292991806,37.550521156811016,-48885.55632145024,-1482.7282286036984
85,50.0,38.416850602363645,-34527.86021521992,-3738.8367980284393
85,50.0,37.5,-25669.0566271226,-21974.92459670087
85,48.879869808476855,41.87580549240696,19853.179214180742,-23606.26162918599
85,43.98761957688489,37.94819203379202,22169.590188713148,-24777.424259547613
85,49.76670186644333,37.347024965224485,24886.441981748143,-24780.32730161893
85,49.900362909272864,37.6698836690618,27872.508700842278,-31345.758834970704
85,46.88396518903328,33.730415939284526,36154.435900520206,-37358.8432905301
85,46.67946719042962,36.892941445744995,53517.496762406736,-49729.498146263155
85,49.24715037444648,38.4184810448129,96004.28795232355,-54981.28981547268
85,49.501813342632275,36.87187613786,118491.52214371884,-67138.8907359759
86,49.52348161482199,35.40246748596876,-177851.37630191047,73539.86101417159
86,45.736729430233275,37.12079123029153,-140835.41911708665,47735.31648632335
86,47.89764479932815,37.83992439246809,-113082.98141185877,36643.947050437615
86,46.28145104150643,37.70838946472175,-102143.44462131504,24762.52542353198
86,50.0,37.040561945949264,-83492.59617828837,17296.56577720336
86,48.39418774491944,35.99039784602567,-75934.04842768185,12104.758159827605
86,47.25593875807305,35.55247460505447,-62223.93451585043,5722.324054463984
86,46.65299028934192,37.004751894963064,-59057.39156667616,-47.85354035504535
86,47.579904292991806,37.550521156811016,-48885.55632145024,-1482.7282286036984
86,50.0,38.416850602363645,-34527.86021521992,-3738.8367980284393
86,50.0,37.5,-25669.0566271226,-21974.92459670087
86,48.879869808476855,41.87580549240696,19853.179214180742,-23606.26162918599
86,43.98761957688489,37.94819203379202,22169.590188713148,-24777.424259547613
86,49.76670186644333,37.347024965224485,24886.441981748143,-24780.32730161893
86,49.900362909272864,37.6698836690618,27872.508700842278,-31345.758834970704
86,46.88396518903328,33.730415939284526,36154.435900520206,-37358.8432905301
86,46.67946719042962,36.892941445744995,53517.496762406736,-49729.498146263155
86,49.24715037444648,38.4184810448129,96004.28795232355,-54981.28981547268
86,49.501813342632275,36.87187613786,118491.52214371884,-67138.8907359759
87,49.52348161482199,35.40246748596876,-177851.37630191047,73539.86101417159
87,45.736729430233275,37.12079123029153,-140835.41911708665,47735.31648632335
87,47.89764479932815,37.83992439246809,-113082.98141185877,36643.947050437615
87,46.28145104150643,37.70838946472175,-102143.44462131504,24762.52542353198
87,50.0,37.040561945949264,-83492.59617828837,17296.56577720336
87,48.39418774491944,35.99039784602567,-75934.04842768185,12104.758159827605
87,47.25593875807305,35.55247460505447,-62223.93451585043,5722.324054463984
87,46.65299028934192,37.004751894963064,-59057.39156667616,-47.85354035504535
87,47.579904292991806,37.550521156811016,-48885.55632145024,-1482.7282286036984
87,50.0,38.416850602363645,-34527.86021521992,-3738.8367980284393
87,50.0,37.5,-25669.0566271226,-21974.92459670087
87,48.879869808476855,41.87580549240696,19853.179214180742,-23606.26162918599
87,43.98761957688489,37.94819203379202,22169.590188713148,-24777.424259547613
87,49.76670186644333,37.347024965224485,24886.441981748143,-24780.32730161893
87,49.900362909272864,37.6698836690618,27872.508700842278,-31345.758834970704
87,46.88396518903328,33.730415939284526,36154.435900520206,-37358.8432905301
87,46.67946719042962,36.892941445744995,53517.496762406736,-49729.498146263155
87,49.24715037444648,38.4184810448129,96004.28795232355,-54981.28981547268
87,49.501813342632275,36.87187613786,118491.52214371884,-67138.8907359759
88,49.52348161482199,35.40246748596876,-177851.37630191047,73539.86101417159
88,45.736729430233275,37.12079123029153,-140835.41911708665,47735.31648632335
88,47.89764479932815,37.83992439246809,-113082.98141185877,36643.947050437615
88,46.28145104150643,37.70838946472175,-102143.44462131504,24762.52542353198
88,50.0,37.040561945949264,-83492.59617828837,17296.56577720336
88,48.39418774491944,35.99039784602567,-75934.04842768185,12104.758159827605
88,47.25593875807305,35.55247460505447,-62223.93451585043,5722.324054463984
88,46.65299028934192,37.004751894963064,-59057.39156667616,-47.85354035504535
88,47.579904292991806,37.550521156811016,-48885.55632145024,-1482.7282286036984
88,50.0,38.416850602363645,-34527.86021521992,-3738.8367980284393
88,50.0,37.5,-25669.0566271226,-21974.92459670087
88,48.879869808476855,41.87580549240696,19853.179214180742,-23606.26162918599
88,43.98761957688489,37.94819203379202,22169.590188713148,-24777.424259547613
88,49.76670186644333,37.347024965224485,24886.441981748143,-24780.32730161893
88,49.900362909272864,37.6698836690618,27872.508700842278,-31345.758834970704
88,46.88396518903328,33.730415939284526,36154.435900520206,-37358.8432905301
88,46.67946719042962,36.892941445744995,53517.496762406736,-49729.498146263155
88,49.24715037444648,38.4184810448129,96004.28795232355,-54981.28981547268
88,49.501813342632275,36.87187613786,118491.52214371884,-67138.8907359759
89,49.52348161482199,35.40246748596876,-177851.37630191047,73539.86101417159
89,45.736729430233275,37.12079123029153,-140835.41911708665,47735.31648632335
89,47.89764479932815,37.83992439246809,-113082.98141185877,36643.947050437615
89,46.28145104150643,37.70838946472175,-102143.44462131504,24762.52542353198
89,50.0,37.040561945949264,-83492.59617828837,17296.56577720336
89,48.39418774491944,35.99039784602567,-75934.04842768185,12104.758159827605
89,47.25593875807305,35.55247460505447,-62223.93451585043,5722.324054463984
89,46.65299028934192,37.004751894963064,-59057.39156667616,-47.85354035504535
89,47.579904292991806,37.550521156811016,-48885.55632145024,-1482.7282286036984
89,50.0,38.416850602363645,-34527.86021521992,-3738.8367980284393
89,50.0,37.5,-25669.0566271226,-21974.92459670087
89,48.879869808476855,41.87580549240696,19853.179214180742,-23606.26162918599
89,43.98761957688489,37.94819203379202,22169.590188713148,-24777.424259547613
89,49.76670186644333,37.347024965224485,24886.441981748143,-24780.32730161893
89,49.900362909272864,37.6698836690618,27872.508700842278,-31345.758834970704
89,46.88396518903328,33.730415939284526,36154.435900520206,-37358.8432905301
89,46.67946719042962,36.892941445744995,53517.496762406736,-49729.498146263155
89,49.24715037444648,38.4184810448129,96004.28795232355,-54981.28981547268
89,49.501813342632275,36.87187613786,118491.52214371884,-67138.8907359759
90,49.52348161482199,35.40246748596876,-177851.37630191047,73539.86101417159
90,45.736729430233275,37.12079123029153,-140835.41911708665,47735.31648632335
90,47.89764479932815,37.83992439246809,-113082.98141185877,36643.947050437615
90,46.28145104150643,37.70838946472175,-102143.44462131504,24762.52542353198
90,50.0,37.040561945949264,-83492.59617828837,17296.56577720336
90,48.39418774491944,35.99039784602567,-75934.04842768185,12104.758159827605
90,47.25593875807305,35.55247460505447,-62223.93451585043,5722.324054463984
90,46.65299028934192,37.004751894963064,-59057.39156667616,-47.85354035504535
90,47.579904292991806,37.550521156811016,-48885.55632145024,-1482.7282286036984
90,50.0,38.416850602363645,-34527.86021521992,-3738.8367980284393
90,50.0,37.5,-25669.0566271226,-21974.92459670087
90,48.879869808476855,41.87580549240696,19853.179214180742,-23606.26162918599
90,43.98761957688489,37.94819203379202,22169.590188713148,-24777.424259547613
90,49.76670186644333,37.347024965224485,24886.441981748143,-24780.32730161893
90,49.900362909272864,37.6698836690618,27872.508700842278,-31345.758834970704
90,46.88396518903328,33.730415939284526,36154.435900520206,-37358.8432905301
90,46.67946719042962,36.892941445744995,53517.496762406736,-49729.498146263155
90,49.24715037444648,38.4184810448129,96004.28795232355,-54981.28981547268
90,49.501813342632275,36.87187613786,118491.52214371884,-67138.8907359759
91,49.52348161482199,35.40246748596876,-177851.37630191047,73539.86101417159
91,45.736729430233275,37.12079123029153,-140835.41911708665,47735.31648632335
91,47.89764479932815,37.83992439246809,-113082.98141185877,36643.947050437615
91,46.28145104150643,37.70838946472175,-102143.44462131504,24762.52542353198
91,50.0,37.040561945949264,-83492.59617828837,17296.56577720336
91,48.39418774491944,35.99039784602567,-75934.04842768185,12104.758159827605
91,47.25593875807305,35.55247460505447,-62223.93451585043,5722.324054463984
91,46.65299028934192,37.004751894963064,-59057.39156667616,-47.85354035504535
91,47.579904292991806,37.550521156811016,-48885.55632145024,-1482.7282286036984
91,50.0,38.416850602363645,-34527.86021521992,-3738.8367980284393
91,50.0,37.5,-25669.0566271226,-21974.92459670087
91,48.879869808476855,41.87580549240696,19853.179214180742,-23606.26162918599
91,43.98761957688489,37.94819203379202,22169.590188713148,-24777.424259547613
91,49.76670186644333,37.347024965224485,24886.441981748143,-24780.32730161893
91,49.900362909272864,37.6698836690618,27872.508700842278,-31345.758834970704
91,46.88396518903328,33.730415939284526,36154.435900520206,-37358.8432905301
91,46.67946719042962,36.892941445744995,53517.496762406736,-49729.498146263155
91,49.24715037444648,38.4184810448129,96004.28795232355,-54981.28981547268
91,49.501813342632275,36.87187613786,118491.52214371884,-67138.8907359759
92,49.52348161482199,35.40246748596876,-177851.37630191047,73539.86101417159
92,45.736729430233275,37.12079123029153,-140835.41911708665,47735.31648632335
92,47.89764479932815,37.83992439246809,-113082.98141185877,36643.947050437615
92,46.28145104150643,37.70838946472175,-102143.44462131504,24762.52542353198
92,50.0,37.040561945949264,-83492.59617828837,17296.56577720336
92,48.39418774491944,35.99039784602567,-75934.04842768185,12104.758159827605
92,47.25593875807305,35.55247460505447,-62223.93451585043,5722.324054463984
92,46.65299028934192,37.004751894963064,-59057.39156667616,-47.85354035504535
92,47.579904292991806,37.550521156811016,-48885.55632145024,-1482.7282286036984
92,50.0,38.416850602363645,-34527.86021521992,-3738.8367980284393
92,50.0,37.5,-25669.0566271226,-21974.92459670087
92,48.879869808476855,41.87580549240696,19853.179214180742,-23606.26162918599
92,43.98761957688489,37.94819203379202,22169.590188713148,-24777.424259547613
92,49.76670186644333,37.347024965224485,24886.441981748143,-24780.32730161893
92,49.900362909272864,37.6698836690618,27872.508700842278,-31345.758834970704
92,46.88396518903328,33.730415939284526,36154.435900520206,-37358.8432905301
92,46.67946719042962,36.892941445744995,53517.496762406736,-49729.498146263155
92,49.24715037444648,38.4184810448129,96004.28795232355,-54981.28981547268
92,49.501813342632275,36.87187613786,118491.52214371884,-67138.8907359759
93,49.52348161482199,35.40246748596876,-177851.37630191047,73539.86101417159
93,45.736729430233275,37.12079123029153,-140835.41911708665,47735.31648632335
93,47.89764479932815,37.83992439246809,-113082.98141185877,36643.947050437615
93,46.28145104150643,37.70838946472175,-102143.44462131504,24762.52542353198
93,50.0,37.040561945949264,-83492.59617828837,17296.56577720336
93,48.39418774491944,35.99039784602567,-75934.04842768185,12104.758159827605
93,47.25593875807305,35.55247460505447,-62223.93451585043,5722.324054463984
93,46.65299028934192,37.004751894963064,-59057.39156667616,-47.85354035504535
93,47.579904292991806,37.550521156811016,-48885.55632145024,-1482.7282286036984
93,50.0,38.416850602363645,-34527.86021521992,-3738.8367980284393
93,50.0,37.5,-25669.0566271226,-21974.92459670087
93,48.879869808476855,41.87580549240696,19853.179214180742,-23606.26162918599
93,43.98761957688489,37.94819203379202,22169.590188713148,-24777.424259547613
93,49.76670186644333,37.347024965224485,24886.441981748143,-24780.32730161893
93,49.900362909272864,37.6698836690618,27872.508700842278,-31345.758834970704
93,46.88396518903328,33.730415939284526,36154.435900520206,-37358.8432905301
93,46.67946719042962,36.892941445744995,53517.496762406736,-49729.498146263155
93,48.065082583534576,38.08663335390761,88153.08407450562,-53169.99975250802
93,49.24715037444648,38.4184810448129,96004.28795232355,-54981.28981547268
93,49.501813342632275,36.87187613786,118491.52214371884,-67138.8907359759
94,49.52348161482199,35.40246748596876,-177851.37630191047,73539.86101417159
94,45.736729430233275,37.12079123029153,-140835.41911708665,47735.31648632335
94,47.89764479932815,37.83992439246809,-113082.98141185877,36643.947050437615
94,46.28145104150643,37.70838946472175,-102143.44462131504,24762.52542353198
94,50.0,37.040561945949264,-83492.59617828837,17296.56577720336
94,48.39418774491944,35.99039784602567,-75934.04842768185,12104.758159827605
94,47.25593875807305,35.55247460505447,-62223.93451585043,5722.324054463984
94,46.65299028934192,37.004751894963064,-59057.39156667616,-47.85354035504535
94,47.579904292991806,37.550521156811016,-48885.55632145024,-1482.7282286036984
94,50.0,38.416850602363645,-34527.86021521992,-3738.8367980284393
94,50.0,37.5,-25669.0566271226,-21974.92459670087
94,48.879869808476855,41.87580549240696,19853.179214180742,-23606.26162918599
94,43.98761957688489,37.94819203379202,22169.590188713148,-24777.424259547613
94,49.76670186644333,37.347024965224485,24886.441981748143,-24780.32730161893
94,49.900362909272864,37.6698836690618,27872.508700842278,-31345.758834970704
94,46.88396518903328,33.730415939284526,36154.435900520206,-37358.8432905301
94,46.67946719042962,36.892941445744995,53517.496762406736,-49729.498146263155
94,48.065082583534576,38.08663335390761,88153.08407450562,-53169.99975250802
94,49.24715037444648,38.4184810448129,96004.28795232355,-54981.28981547268
94,49.501813342632275,36.87187613786,118491.52214371884,-67138.8907359759
95,49.52348161482199,35.40246748596876,-177851.37630191047,73539.86101417159
95,45.736729430233275,37.12079123029153,-140835.41911708665,47735.31648632335
95,47.89764479932815,37.83992439246809,-113082.98141185877,36643.947050437615
95,46.28145104150643,37.70838946472175,-102143.44462131504,24762.52542353198
95,50.0,37.040561945949264,-83492.59617828837,17296.56577720336
95,48.39418774491944,35.99039784602567,-75934.04842768185,12104.758159827605
95,47.25593875807305,35.55247460505447,-62223.93451585043,5722.324054463984
95,46.65299028934192,37.004751894963064,-59057.39156667616,-47.85354035504535
95,47.579904292991806,37.550521156811016,-48885.55632145024,-1482.7282286036984
95,50.0,38.416850602363645,-34527.86021521992,-3738.8367980284393
95,50.0,37.5,-25669.0566271226,-21974.92459670087
95,41.75026044905999,35.62464138643004,18127.460337332323,-22288.006069297084
95,48.879869808476855,41.87580549240696,19853.179214180742,-23606.26162918599
95,43.98761957688489,37.94819203379202,22169.590188713148,-24777.424259547613
95,49.76670186644333,37.347024965224485,24886.441981748143,-24780.32730161893
95,49.900362909272864,37.6698836690618,27872.508700842278,-31345.758834970704
95,46.88396518903328,33.730415939284526,36154.435900520206,-37358.8432905301
95,46.67946719042962,36.892941445744995,53517.496762406736,-49729.498146263155
95,48.065082583534576,38.08663335390761,88153.08407450562,-53169.99975250802
95,49.24715037444648,38.4184810448129,96004.28795232355,-54981.28981547268
95,49.501813342632275,36.87187613786,118491.52214371884,-67138.8907359759
96,49.52348161482199,35.40246748596876,-177851.37630191047,73539.86101417159
96,45.736729430233275,37.12079123029153,-140835.41911708665,47735.31648632335
96,47.89764479932815,37.83992439246809,-113082.98141185877,36643.947050437615
96,46.28145104150643,37.70838946472175,-102143.44462131504,24762.52542353198
96,50.0,37.040561945949264,-83492.59617828837,17296.56577720336
96,48.39418774491944,35.99039784602567,-75934.04842768185,12104.758159827605
96,47.25593875807305,35.55247460505447,-62223.93451585043,5722.324054463984
96,46.65299028934192,37.004751894963064,-59057.39156667616,-47.85354035504535
96,47.579904292991806,37.550521156811016,-48885.55632145024,-1482.7282286036984
96,50.0,38.416850602363645,-34527.86021521992,-3738.8367980284393
96,50.0,37.5,-25669.0566271226,-21974.92459670087
96,41.75026044905999,35.62464138643004,18127.460337332323,-22288.006069297084
96,48.879869808476855,41.87580549240696,19853.179214180742,-23606.26162918599
96,43.98761957688489,37.94819203379202,22169.590188713148,-24777.424259547613
96,49.76670186644333,37.347024965224485,24886.441981748143,-24780.32730161893
96,49.900362909272864,37.6698836690618,27872.508700842278,-31345.758834970704
96,46.88396518903328,33.730415939284526,36154.435900520206,-37358.8432905301
96,46.67946719042962,36.892941445744995,53517.496762406736,-49729.498146263155
96,48.065082583534576,38.08663335390761,88153.08407450562,-53169.99975250802
96,49.24715037444648,38.4184810448129,96004.28795232355,-54981.28981547268
96,49.501813342632275,36.87187613786,118491.52214371884,-67138.8907359759
