Pareto_f1,Pareto_f2
8.960866002146265,82.66026239582948
