Pareto_f1,Pareto_f2
8.803995134987352,82.69036017720714
