Pareto_f1,Pareto_f2
8.54590133170633,83.67947256752913
