Pareto_f1,Pareto_f2
8.883087353181754,83.25923683201671
