Pareto_f1,Pareto_f2
9.054173287323405,82.77789001958858
