iterID,x1,x2,f1,f2,Expected_f1,Uncertainty_f1,Acquisition_f1,Expected_f2,Uncertainty_f2,Acquisition_f2,Hypervolume_indicator
0,25.0,50.0,-59039.02939769037,-5794.32326539539,0.0,0.0,0.0,0.0,0.0,0.0,8635519256.70752
0,12.5,0.0,103069.31081098487,-17524.356167374342,0.0,0.0,0.0,0.0,0.0,0.0,8635519256.70752
0,0.0,12.5,-84887.52912903992,19008.696382345282,0.0,0.0,0.0,0.0,0.0,0.0,8635519256.70752
0,50.0,37.5,-55357.714723313366,11633.001717077292,0.0,0.0,0.0,0.0,0.0,0.0,8635519256.70752
0,37.5,25.0,6781.928428961031,43560.83777247314,0.0,0.0,0.0,0.0,0.0,0.0,8635519256.70752
1,11.604226393015677,0.24941831886850976,-2299.184202532733,-8271.356772293355,76007.5250543362,0.6312715851713945,1.3896721415754172,-11326.710067282942,0.6312721826884815,-1.0211893049257943,9396804293.159153
1,12.120185996567667,1.093585067443796,32827.12028357951,-14591.946675417132,65186.52493880049,0.7278952827759325,1.2295168463802952,-8848.502249805288,0.7278959716509653,-0.9035004862271186,9396804293.159153
1,0.4357767783909786,13.192230789974005,100987.29293896652,-41638.62301174153,-72732.11575772644,0.575167068287024,-0.8117363074709734,17406.39455516143,0.575167612733939,0.34333110240740894,9396804293.159153
1,0.560365307958942,12.588677556488006,21376.68078086071,7273.674411708505,-78465.10796904995,0.4277758202116217,-0.8965869728579589,18162.10588394247,0.42777622518785335,0.37921944596528284,9396804293.159153
1,1.070032511060668,13.186733279035186,-6310.7313912691925,2888.4690789358206,-60893.751641671086,0.7679396002578545,-0.6365236026016584,15845.885484381823,0.7679403269737066,0.2692233266940929,9396804293.159153
2,0.8204606393939256,14.323982393118428,54777.28093924311,-27398.936211844906,46978.34832962563,1.850263896823374,0.6889054672386479,-34956.00623679181,1.4947905386566673,-1.5780905705683863,10187144341.572102
2,1.95226288459249,13.848964997771883,23215.076961013077,3817.8228415908047,-110039.85942690293,1.812400564425667,-1.9325544898435343,27311.65303701722,1.464204023386287,1.2610551019724991,10187144341.572102
2,1.0553031092148284,14.287682357266473,17811.825890108525,-4251.506095995087,11065.2593839613,1.8317854672799643,0.08932707469852907,-21774.516959270026,1.4798603311630334,-0.9770696123956197,10187144341.572102
2,0.6210495648932604,14.343209009408733,32883.58291498507,-23659.803007148796,73655.10530916307,1.8683477510078377,1.1342808871078276,-44687.128088168385,1.5094028427706359,-2.02178915849531,10187144341.572102
2,1.1888274864718944,14.24125066421361,54881.67685922696,-27363.051094610728,-10514.914524035092,1.7980938476247053,-0.2709595606858319,-13746.315015066162,1.4526407333515918,-0.6110170728591289,10187144341.572102
3,0.4557703053474326,14.105003744769128,-35756.01895441837,7499.973863297789,64420.45657134845,0.6496460623239525,0.9333490387035681,-46214.42527697817,0.6496460623239525,-1.9638105047963563,10381075277.143953
3,0.0,12.104708844042936,-18002.695859103547,16796.10319868519,-121766.25660904206,1.3149145095944117,-2.6591212306563534,29881.448219569298,1.3149145095944117,1.7054477481365211,10381075277.143953
3,0.39071408359186754,14.167657344713858,26116.187612598747,-18873.21921182684,11024.970973060095,0.5816975285903908,-0.0969161786862287,-20322.269265640563,0.5816975285903908,-0.7153195845214668,10381075277.143953
3,0.4624538408989841,14.17609753505125,-23387.3726209068,13034.600607488639,42468.8242828754,0.5071955176353534,0.5097925721158845,-35004.70269111958,0.5071955176353534,-1.4232901687873891,10381075277.143953
3,0.4916597678338972,14.07373594472594,54264.65727835117,-29980.640963353584,89661.0929434252,0.686346554178034,1.42036679736907,-58365.42851251968,0.686346554178034,-2.5497183451925594,10381075277.143953
4,1.0456539027229892,15.455645810568175,-51958.6178759345,14223.592899794989,-276432.8191855793,3.145533286544758,-5.956901325830813,-142750.98428663102,3.145533286544758,-6.807405740727518,10622252797.359129
4,1.135953895986057,15.537767955838833,-26808.432405867017,4318.648952188801,-452498.2626758598,3.424224216180729,-9.590629239754094,-66159.93201860003,3.424224216180729,-3.0308652378334955,10622252797.359129
4,1.0144320036720622,15.56469873367264,-5084.720309817785,-5301.64794516442,-56503.48795240199,3.406496729493705,-1.4178882512032942,-240033.05300844772,3.406496729493705,-11.604175883636344,10622252797.359129
4,1.1697065595740888,15.513769102195049,1631.5818064302355,13757.398018977601,-571642.3237251603,3.392145177080989,-12.049584795316719,-12934.628422968988,3.392145177080989,-0.4064396834710351,10622252797.359129
4,0.4531319398877007,15.655445536191321,-15888.030099760517,-13211.753354101602,2186378.0228724466,3.5216859626682813,44.87183784122317,-1166984.5729848943,3.5216859626682813,-57.31016706338414,10622252797.359129
5,0.0,15.806306412628238,-78707.28983173416,30546.32593587968,-265084.654248566,1.262410735673929,-5.896320339901649,-116512.6628036337,1.264090283574038,-5.964385488881817,10622252797.359129
5,0.0,15.739883338758592,-2418.8427860561947,-4362.041719003299,-88254.07174110577,1.1839112539637406,-2.047745691448654,-199104.43233458017,1.1852702010310272,-10.3118039183164,10622252797.359129
5,1.4852185751939573,16.94699580040817,-7805.005534153523,15608.986085096365,-455507.503377586,3.8189687021646312,-10.04071968108019,-33115.887886570636,3.8336676596399513,-1.5745936453495233,10622252797.359129
5,0.0,15.711486559805335,11463.56527865811,-3750.1353505396655,-7457.343568646417,1.1607185015360466,-0.2892702325480059,-236353.24922331286,1.1619523233711868,-12.272485883800073,10622252797.359129
5,0.0,15.76663459512306,6944.168756985465,11185.501797281742,-161539.4768880678,1.2115110371515525,-3.642743278126318,-165056.64506614715,1.2129945126737534,-8.519615923157971,10622252797.359129
6,0.06995320213142525,17.151455358223828,7740.264216962129,-15738.46730160912,-15077693.241545368,3.051386351119026,-337.53794413618743,-1315299.4777046766,3.0472433804086942,-69.9762122752145,10750416385.021694
6,0.005512844989570358,17.323842114837387,-11814.705660754304,12327.894822571694,-14963693.737176811,3.4920434624946406,-334.9863103181124,-1317332.172739986,3.4853269069375066,-70.08443970652297,10750416385.021694
6,0.07073500580234453,17.147529425757774,-91243.27306900741,30701.14951371371,-15077931.656312011,3.0413999481042766,-337.54328053817153,-1314983.216516448,3.0373024712951535,-69.95937347970903,10750416385.021694
6,0.05655558687090358,17.22663125975067,39234.323656738816,-21245.107875621765,-15017934.810910812,3.237761148217822,-336.2003801409155,-1316294.5955269195,3.23270909567472,-70.02919565141201,10750416385.021694
6,0.17714244345934504,16.854309297470042,-37410.37570346164,13917.621473876081,-13953738.63097273,2.2380991377674846,-312.38063656538725,-1191397.7016718206,2.2368805285060915,-63.37927042134106,10750416385.021694
7,0.0003016961590163181,16.08789187843435,17048.506517033882,-2171.532917330645,-775876.6182100008,0.17861211117126888,-17.151745323091745,-1119444.5319759082,0.17861211117126888,-58.98788381554186,10858182473.397663
7,1.925286783317803,18.107493017846664,105695.17597963351,-23863.798337539407,-51854997.094271645,3.92855548280544,-1147.0772208077833,23732900.829978775,3.92855548280544,1250.9417685247026,10858182473.397663
7,1.583042283653905,18.400502688608288,43547.51631889634,-28244.515463715823,-76569022.25113502,4.179920110249462,-1693.7782283084234,35483544.199562535,4.179920110249462,1870.300463235937,10858182473.397663
7,2.031029574769882,17.931295149179924,-13179.694992759154,-15885.36121570823,-41241960.48156187,3.697643655824832,-912.3053545503644,18712742.73622753,3.697643655824832,986.3368046605028,10858182473.397663
7,1.772287234284433,18.386467688417074,-27542.405081293604,10354.718486759975,-65905581.95343958,4.294032574128209,-1457.891377940221,30413399.925303582,4.294032574128209,1603.0608031649754,10858182473.397663
8,0.4888338000753065,16.919460644978265,60681.92473614978,-48767.57394678721,-576358.5274917394,0.5465639090037876,-12.521763782016933,-160222.036946638,0.5465639090037876,-8.407513642683625,11630239327.952106
8,0.0,19.384282063061235,14484.192965371076,4190.0590359778325,-25233495.735367786,4.428100857921829,-545.7302111473255,11561521.52159293,4.428100857921829,613.5387513712049,11630239327.952106
8,0.0,19.57374086420521,-65935.64838445929,20372.19597435429,-20653730.317903128,4.661872665853709,-446.6931823569903,9409224.02013411,4.661872665853709,499.3395807831548,11630239327.952106
8,0.0,19.060404004540644,42973.710666210696,-8591.223003975803,-34368199.86890106,3.941627233258853,-743.2673934698105,15879334.844887469,3.941627233258853,842.6384459719993,11630239327.952106
8,0.6961177529216954,17.12918039414275,-44655.16412799901,28602.065871273626,-16206169.243835237,0.8867374644665733,-350.51506099306243,7305491.672794113,0.8867374644665733,387.71723812715936,11630239327.952106
9,0.05502615122767382,15.931612632844738,-56478.70435846538,11107.450831821103,-173635.98813615963,0.08876402070039134,-3.7830105777829885,-227922.3099500479,0.08876402070039134,-11.340931747108698,12127529010.898197
9,2.352875063150643,19.397912663418353,-131356.7709651259,37441.30603854227,-1583837.0605545521,3.2782132048350334,-34.061663127242355,574567.0079828523,3.2782132048350334,28.882828969042748,12127529010.898197
9,0.3693925801329756,16.418194491556083,11359.046243861147,-26912.291183738813,14200809.808504466,0.4501743152941209,304.85301188752055,-6487719.32548777,0.4501743152941209,-325.10532917641103,12127529010.898197
9,0.015429445929500624,18.521743359986754,32456.71371127589,-6700.353700715087,-15224513.081189794,0.8475536127824221,-326.94279748934787,7174776.529086551,0.8475536127824221,359.7099721105769,12127529010.898197
9,0.024794918643047816,18.37920263840911,-35935.66962008613,9134.598856670931,-21622679.10895524,1.0082745294110647,-464.3188425778935,10197553.872948423,1.0082745294110647,511.222858152345,12127529010.898197
10,0.7398436377603396,16.53779896508083,89751.58784229522,-30350.166612914367,-481996.4059534398,0.46769280696531446,-9.782096344046295,-275057.5100672667,0.46769280696531446,-13.579732395708561,12380406638.459538
10,0.8546750370677154,18.591020215458343,64008.79957376443,-29299.739225405487,-7447065.457619272,1.249351676478716,-151.5202181642817,3444603.8946039444,1.249351676478716,170.74260918423533,12380406638.459538
10,0.620423334525556,17.649493789340564,-25872.124539642376,16135.567356821439,-22231890.882494487,0.7236267790348567,-452.38922199141234,10500647.018968297,0.7236267790348567,520.3944321535528,12380406638.459538
10,0.377833649836344,18.167637665339356,-109760.4226113779,25552.205288827055,-17130276.779142667,0.8169204960955668,-348.5721318955475,8046110.67318969,0.8169204960955668,398.7634992469102,12380406638.459538
10,0.5527617086556015,18.65124858880521,69570.62132132481,-39576.88775529701,-8973190.529445073,1.2658824871164933,-182.5766369504854,4183610.6845841575,1.2658824871164933,207.36300205159932,12380406638.459538
11,0.0,13.662811677750403,43273.74495185441,-41573.87566491301,-243152.62861973202,0.8895792749520908,-4.655801421031356,-118967.17748278998,0.8895792749520908,-5.547977793030441,12601670080.442465
11,2.006454887890232,17.356891142838833,-112149.11121457764,49106.43493894388,-1183243.0951954303,0.8102398652792323,-22.625838197534904,370609.1475594785,0.8102398652792323,17.66754030995071,12601670080.442465
11,1.824972046132526,17.369729673521256,-11790.547439398091,2576.9782327316216,686761.6427242324,0.7110317733172473,13.119715137407184,-493905.59759514604,0.7110317733172473,-23.32741122227162,12601670080.442465
11,1.314067380997614,19.391357385340495,-53960.271866215466,22690.313106029047,-7561861.49870942,2.006441482061374,-144.55453694495372,3500397.624037534,2.006441482061374,166.08088735630736,12601670080.442465
11,1.2847816535960377,17.419489592018355,28181.752737318795,-18431.04943548111,9684982.253277743,0.7247655714815084,185.1226883020313,-4677921.009608852,0.7247655714815084,-221.73178776635814,12601670080.442465
12,0.0,15.943113571993898,20177.743878185145,-15402.079358072213,-536746.7892463573,0.02069335585626886,-10.095844181254506,38027.16920517796,0.02069335585626886,1.7847961317747831,12601670080.442465
12,0.3323050387674802,16.674561578918755,-43260.37621041065,12286.744476954467,4450766.936035074,0.10124201871535751,83.96053270529956,-2177910.1180163966,0.10124201871535751,-98.10603254847229,12601670080.442465
12,0.5925351862599089,16.31327148883196,-52029.40399300989,10267.067836375785,-3865319.379572823,0.20224510278123128,-72.86729610990733,1710089.1529020858,0.20224510278123128,77.15861565247178,12601670080.442465
12,0.04926135384614727,17.768450130979886,-1344.4411069162413,-3794.4640616564343,-11427437.621060153,0.35014753815067906,-215.47651636661612,5413364.824168557,0.35014753815067906,244.0962261017412,12601670080.442465
12,0.06894791954961542,21.206791939026463,-6402.029034333035,-8730.157220286466,1025397.896626326,4.2072551166199625,19.363657570287614,-606184.3326214992,4.2072551166199625,-27.255204744558114,12601670080.442465
13,5.904048531478835,18.560796454199576,56086.26924097451,-24307.39743579113,-332887.4098545139,5.581885795064625,-6.394932068811613,-138194.7812707384,5.637428145918083,-6.350246313144453,12601670080.442465
13,2.02627775041136,24.307639495985246,-79334.17474680915,51230.835962417295,90514.15905618794,5.59826830327439,1.801939510009106,-320912.20253499964,5.656495430898532,-14.840257169271354,12601670080.442465
13,0.7676846181884038,18.01420749986585,28032.998204336145,-14974.61118022849,4759526.682373868,0.3703451170377534,92.19200620721676,-2254755.4497160492,0.37034544727091273,-104.69676920305938,12601670080.442465
13,0.1700735938633353,17.514877775640777,-3898.6656634582764,-11611.661587197508,-10511620.409388162,0.1548405898202448,-203.4508084722329,4990172.815781178,0.1548403894811192,231.94064172543585,12601670080.442465
13,0.46304487379396475,17.321931521117236,-37936.666144619776,13814.274374149105,-7048310.980761712,0.19116664913430226,-136.40263314967703,3336776.738345282,0.19116828573059974,155.11517784913477,12601670080.442465
14,2.888305526145332,17.93480147669702,-6537.597390939942,1009.28016662494,-183561.25283058704,2.2527415121469385,-3.5145660400157794,-80259.03402080973,2.2527415121469385,-3.5907184705138206,12601670080.442465
14,2.9100773446397317,18.11218318553601,32779.42910518283,-1572.1074878348336,-309249.96891022776,2.3809099969078367,-5.95983040817373,-17835.983367067543,2.3809099969078367,-0.754970358684659,12601670080.442465
14,3.048527150703855,17.79640357214455,-64571.01957824639,28725.466651669518,35541.517627304915,2.6730335773482996,0.7480616188258864,-169921.24476442632,2.6730335773482996,-7.663884426932782,12601670080.442465
14,0.0,16.359850627844022,84259.28368549362,-39371.88166493369,1327078.0565965865,0.16911251988441683,25.874806305393577,-962035.4553624332,0.16911251988441683,-43.64796968922019,12601670080.442465
14,0.08481037163955452,17.043283582420727,89077.03345500928,-39769.74393405314,-2957394.16657692,0.01820570205203245,-57.47927344389973,1379410.9068577497,0.01820570205203245,62.71902184801729,12601670080.442465
15,1.7370040367875785,13.573794224740048,18905.442929995046,-8336.126491509684,-143879.32277303937,0.7554425188560391,-2.729231920093298,-11832.676634104386,0.7554425188560391,-0.4465755526907742,12601670080.442465
15,0.29382173693058633,17.668909347981394,-26519.286220293037,10879.37458800298,5165886.069587801,0.11142361239439863,98.63609744561836,-2446208.942726409,0.11142361239439863,-108.97331478819251,12601670080.442465
15,0.4624373220119875,17.00443789170341,-3241.2414152719193,-15704.005413334746,-2429996.301618698,0.04589717765823431,-46.372026545752306,1116242.872975486,0.04589717765823431,49.84407290443778,12601670080.442465
15,0.07813500512623972,16.69742592279112,-37680.270682039765,18824.163844975657,6745325.468705596,0.10213232076870808,128.7881631348282,-3096419.692102965,0.10213232076870808,-137.96030970290303,12601670080.442465
15,0.0,16.64159172522244,-9084.52564785235,13098.958045622481,10691221.168211674,0.14232027822847346,204.11672996729612,-4908653.0673741605,0.14232027822847346,-218.75134504586458,12601670080.442465
16,0.2948029880082005,15.768646561337125,-28472.80466326566,7084.118287486,-233179.20710071156,0.0896553968025927,-4.539541684091091,-7031.5495060807825,0.08965667389580503,-0.25274232029914856,12601670080.442465
16,0.20972951099766188,17.924121416207512,-45166.83932437581,23186.935348782554,-2028044.400498663,0.10851280158016226,-39.72019587922841,951679.0739885264,0.10851090111643083,43.29580815322697,12601670080.442465
16,0.010312670377910296,17.213467305032324,-130958.5635628285,63817.859688026576,3605202.2750327107,0.02525342305389569,70.6955077718012,-1695960.5507136893,0.025217006904900405,-76.97079264000058,12601670080.442465
16,0.4332124420465412,15.859897301577305,-7458.342346478728,1734.7221373217628,-526245.4584541927,0.15735124208774057,-10.283851888030767,121905.35032486118,0.1573459129150711,5.604098057374358,12601670080.442465
16,0.37053594977169024,18.322855676968178,32948.87948602503,-1701.385939103756,945322.4915379551,0.11287054343071352,18.55994282354368,-474876.168034494,0.11286443946625442,-21.504154878435656,12601670080.442465
17,0.18353879015558847,13.767992302677513,-63891.788188206716,31087.338250075398,-44903.78411172064,0.1923310439148915,-0.7968113161623478,-68481.72816431892,0.19235877302993143,-3.0114757027477026,12601670080.442465
17,0.048443493586259115,20.487865247626257,71830.67499566163,-37248.937205210146,-182370.03259682434,1.312050701986275,-3.4482752138283104,14346.237651991927,1.3121771685641743,0.6454976368695498,12601670080.442465
17,0.31547982430670857,13.78117334628198,-29896.402331063488,30116.04083348771,62294.55902582329,0.21879367468546265,1.2708419431000948,-116109.89747655911,0.21881126746483354,-5.1143276039510965,12601670080.442465
17,2.354867877518414,17.822197159475074,2414.4236684031866,-6276.83601571403,-120904.42291154189,0.29487836859639355,-2.2627198733389378,-6002.806236896093,0.29488228488703877,-0.25294180028140545,12601670080.442465
17,0.19270593876907285,17.1737958807505,-50747.06966460352,10591.626458309616,-682191.919795637,0.03824984675788237,-13.088893938609544,298039.70370167197,0.03836652352071042,13.170970546201715,12601670080.442465
18,0.7486445530758313,19.014225409726006,-74835.80796066509,35107.28153482376,-19241.77295392454,0.5212047525972227,-0.29134536162018776,-56009.65137111456,0.5212047525972227,-2.452785085886717,12602225454.253637
18,1.545246496925623,18.97499137028792,-96623.49948873823,42236.65482818668,-145429.57183754368,0.6309620259243323,-2.731298056896776,3190.952458729199,0.6309620259243323,0.1371737690642476,12602225454.253637
18,0.0,16.845801896260344,33187.32269756088,-26967.352710727348,3389665.2595823393,0.06283348537746751,65.62288704095408,-1579572.1600890483,0.06283348537746751,-69.10690607875586,12602225454.253637
18,0.5256592888391006,17.975597700960265,-5422.719635048665,19097.71728833296,291288.4776332295,0.10007568831495461,5.713031674735248,-168128.17855261246,0.10007568831495461,-7.357842694967985,12602225454.253637
18,0.10549716537234916,16.847391354123722,43518.55111386043,-6148.616982094243,1563417.671662592,0.023327335053552983,30.310774746350944,-730816.3124735241,0.023327335053552983,-31.974806386977434,12602225454.253637
19,1.6242315777205463,20.426202065904178,76326.03002483706,-34663.97216286547,-36142.33351084257,2.8048911016409783,-0.5975716644898057,-52500.55594427497,2.8040199066028,-2.294234269997105,12602225454.253637
19,0.0025387661930289366,15.873509982793912,68238.04385611045,-19800.1113057659,-174225.55100029832,0.004333476194062713,-3.247931219637394,20125.250306435482,0.004462311725714177,0.8365732319653034,12602225454.253637
19,1.3018424807490512,16.311271644679557,-1428.0327167686037,11127.35088566176,67197.28421179544,0.6733024178769021,1.3859216827549972,-86029.34987197098,0.673297165110119,-3.7396185621619225,12602225454.253637
19,0.0478497385876981,17.488692443172653,-116973.74332563886,60218.583605718595,1685019.2995827876,0.03422506210076178,32.438283547759056,-803117.9711989503,0.034234104385957524,-34.652410462498665,12602225454.253637
19,0.006892040143497108,18.12884963830571,-26728.92027123744,18425.739304235376,-616794.2951989329,0.12075746987920517,-11.742564538028091,261437.53264878562,0.12075772853617178,11.239243341609836,12602225454.253637
20,0.21557926732410415,16.268087457928228,-109834.98981057625,39789.48712580819,-150225.00529349138,0.08068841430264605,-2.735007709823549,-17127.09564543505,0.08068841430264605,-0.7624850943684578,12602225454.253637
20,0.192168535400022,16.29477205608335,-9943.088534088563,-11419.109859250575,17609.708696111516,0.07564588782948277,0.42068213410675526,-85129.93883902112,0.07564588782948277,-3.6171980053186417,12602225454.253637
20,0.21536618903547902,16.244124397000103,44158.36236316422,-17357.670844421544,-238616.2929713109,0.08411498239804718,-4.396973117254674,17911.47722184206,0.08411498239804718,0.7084102630615234,12602225454.253637
20,0.20479755144511133,16.3198591663026,-5582.80465957709,23055.93467578294,85453.22697275874,0.07193120105997598,1.696300845593214,-114781.16266608654,0.07193120105997598,-4.861936129629612,12602225454.253637
20,0.23838043312502666,16.252787478935556,41511.72247534561,-22813.025158113585,-269690.6107721072,0.08388102651980767,-4.981243836702561,31411.01309050554,0.08388102651980767,1.275111558570643,12602225454.253637
21,0.5380836067382849,16.442718029246556,-19225.65511157002,15074.101975379199,-35145.00118533289,0.04664283250155847,-0.5670006554573774,-111974.10046693098,0.046597041176694304,-4.738130923360586,12635241840.40156
21,0.41534310167682004,16.77713289347894,-53646.24192762041,20171.422680390613,-125840.25883634058,0.030091190169835597,-2.268119491636753,-2537.063707113016,0.030032384906990995,-0.15216444618999958,12635241840.40156
21,1.6720606499523436,16.539467663463835,92083.05653222662,-44336.003554742725,541111.5628116813,0.6195060940957063,10.241512610577047,-388220.40864407376,0.6195040764808021,-16.31425127759576,12635241840.40156
21,1.5759371775627695,16.343979215336464,40340.49110799776,-14141.053918703774,760324.4797885622,0.5191690427185239,14.353163339197636,-507627.8415626353,0.5191674292089785,-21.318027884699404,12635241840.40156
21,1.5755814616139119,16.42824886685208,26459.411148130104,-28908.906711358373,642472.174601602,0.4874874604953759,12.14267536625266,-443095.61631974456,0.4874852694784841,-18.613800591789186,12635241840.40156
22,1.8442497054373546,17.697222278489132,-43981.636709348124,24184.0011031965,9299.146060608942,0.22111725479552796,0.2474803695222363,-63619.50849793148,0.22111161960417083,-2.671224443241954,12639279879.984465
22,1.9760645931311172,17.682820294853364,17113.435834066484,-4147.152424922567,-90716.42552370434,0.17407759358745867,-1.6263669180916622,-21070.039789230585,0.17407354489869878,-0.9005530793219805,12639279879.984465
22,0.41255061904952517,16.38724617590486,-11036.683917121776,-10823.134876784548,84302.2265749267,0.012979446899094946,1.652704743668437,-117614.94405646647,0.01278159580684709,-4.918213052675128,12639279879.984465
22,0.6787633097423132,15.73076062366559,-70978.00322521284,18670.473044121965,-765897.7452358106,0.10504448869502826,-14.27626397460699,314668.1105618505,0.10503461500874768,13.070994548499584,12639279879.984465
22,1.4492443815264666,12.766091293092039,37245.87770702229,-19716.447374406514,-1089452.859148121,1.4643545468361614,-20.338248753517973,564786.710434029,1.4643545451928348,23.479534439077838,12639279879.984465
23,0.6611760800574324,16.197220913408657,-45055.62798506879,19302.653089621268,-2583.090990935287,0.06415964750606519,0.03365440107882023,-63498.991758395125,0.06408546700143974,-2.6975125716999173,12639279879.984465
23,0.0,12.994597968884412,2046.6961995877623,-4085.591240345728,-158392.6896473778,0.49474754903820606,-2.9125250754877925,3189.6426378848705,0.49474743822356104,0.10825489717535675,12639279879.984465
23,0.6670724996748193,16.15361958079125,-96318.85291075608,35923.75493971352,78264.57994628142,0.08447563618216868,1.5623904410749674,-102132.9719520916,0.08442510005733582,-4.322946437634528,12639279879.984465
23,0.6700191736248042,16.242022998138733,62366.728270609696,-35345.06341733973,-191037.5040198394,0.049560610466040225,-3.529800795018673,27570.423163052918,0.049464290951776284,1.134018904529512,12639279879.984465
23,0.15350669901431427,16.934684575670463,65559.42324997984,-38462.77847823424,1114660.2889934443,0.013703276743154805,21.15943577028582,-516007.3677656203,0.012837037931333119,-21.73573838466506,12639279879.984465
24,0.7818716641530008,16.04043637657763,-101894.22192337253,30224.202169816905,25930.47457301544,0.06373009035928859,0.5665408596396446,-57266.25337960856,0.06373009035928859,-2.3979821763932705,12639279879.984465
24,0.7584915966552267,16.005183793042967,69585.54249636656,-10082.705472058784,-88478.00327370092,0.059243369909425886,-1.5792500153183937,-5623.653184261265,0.059243369909425886,-0.25056135188788176,12639279879.984465
24,0.2833365971673869,14.014325522938154,-73204.14389495835,43033.52314984216,-27696.488750533055,0.06642026296992452,-0.4392609018832445,-29244.98329668061,0.06642026296992452,-1.2327918359078467,12639279879.984465
24,0.7249547738794879,15.970764391252192,-42621.95615417119,11767.958875296175,-189242.77595681502,0.053627650669382056,-3.4691460598260164,43355.95470461776,0.053627650669382056,1.7861259868368506,12639279879.984465
24,0.37936791083752647,16.220092249842484,53070.95783714472,-19392.256827910514,1067179.5542217281,0.023638774401429394,20.095712261274457,-514291.1001313757,0.023638774401429394,-21.40215062489733,12639279879.984465
25,0.8846598480886052,16.361275845033337,-57214.70881072676,40341.99125999814,-292374.2996736958,0.08295394102690637,-5.31633654050529,-44406.545175729625,0.08295394102690637,-1.8755753515288234,12639279879.984465
25,0.8437905993355221,16.37912217426915,26005.08892721802,-26297.678126256847,-62400.32504375084,0.06731103771839655,-1.0638771671801805,-101797.55201000208,0.06731103771839655,-4.25507524330169,12639279879.984465
25,0.8671533337615632,16.31236544873792,-22892.296361548142,-229.27588606420625,-443648.27145141445,0.0705270385294624,-8.11355053074658,819.1557801009175,0.0705270385294624,-0.00046361424028873444,12639279879.984465
25,0.9177195765558692,16.347129921299832,34204.24642184388,-27060.328619507884,-489997.56890061975,0.09365313272440885,-8.9705975279212,10984.695538352402,0.09365313272440885,0.4210118413902819,12639279879.984465
25,0.8109309683100547,16.37861270409338,-10338.806551265117,4389.147291160077,54184.27920462345,0.05400136775723768,1.091894127894193,-126550.15511116084,0.05400136775723768,-5.281347818905488,12639279879.984465
26,0.9009840188601755,16.11787682708324,-45060.08486906353,27715.902267092726,-208726.3812220059,0.033912462713437265,-3.8144230414181948,-202862.63259315531,0.033912462713437265,-8.431241355836391,12639279879.984465
26,0.9544820031873844,16.09891018545186,-18906.75613586286,10741.772062869477,24358.399049837655,0.06015578816764418,0.5477805780246854,-385463.2812204695,0.06015578816764418,-15.99314584583044,12639279879.984465
26,0.857064504722263,16.11588534905449,34390.758490171844,-5093.139530650277,-353011.27610873344,0.01882004931516044,-6.514728440903127,-54165.50211557976,0.01882004931516044,-2.273357979953289,12639279879.984465
26,0.8885100371982035,16.185693483316772,88313.00212308839,-42653.00441820799,-32800.35704338294,0.02174770036104555,-0.5219509266316891,-250505.94487847932,0.02174770036104555,-10.404258318245411,12639279879.984465
26,0.9445770982399719,16.133539545577214,23360.507662694814,-21485.645519595117,64158.2784019114,0.0483948214658259,1.2926390692591667,-415018.9216631355,0.0483948214658259,-17.21711154282093,12639279879.984465
27,0.4197531043193894,16.505669889909743,-43957.68782575785,18744.33938400825,33653.15617088671,0.018187484303620785,0.7083429754711688,-75005.31700266503,0.018109550991724305,-3.1196106523275375,12855952250.835575
27,0.4537952160123881,15.785302762330074,39648.657163786265,-4667.5873792426155,-158136.23884364765,0.02133046907050792,-2.888098635710776,19550.194308255035,0.021332498597978512,0.7883659228682518,12855952250.835575
27,0.5242137029082282,15.73465308760824,81675.50678403456,-58895.3834087306,-279933.9235666472,0.026733447494419766,-5.172053186222911,39270.49843426509,0.026747850064256774,1.6034055277705193,12855952250.835575
27,1.3117147283725206,16.479517589100904,764.7447139082253,-9856.608518345583,86047.79318678714,0.09702773189402963,1.6908490872010589,-77710.90483211441,0.09702307604911051,-3.231432519853115,12855952250.835575
27,0.9933380704291198,16.279236846195047,-166976.85866614152,69481.44027084453,572427.7145455364,0.013865384253551159,10.811462809797376,-426167.3148495448,0.013764447710336296,-17.633125968975946,12855952250.835575
28,0.7045424487588294,15.418847921436118,1665.8799567606598,-10970.539057688622,-133810.55595242907,0.17168243826284876,-2.3552738558501005,-46698.06495644718,0.17166726512009814,-1.8874170258641243,12855952250.835575
28,0.29429639455726847,16.96319820405679,65725.33446037942,-33673.841371401686,-777798.1424134615,0.026446837841928136,-14.09476761892438,319654.6486038842,0.026050608553972662,12.742910660803318,12855952250.835575
28,1.0441185619084616,16.56788212818227,-65246.135261871575,23246.928825853953,1370388.9735163716,0.09500194468841205,25.065349407494068,-808480.2194007522,0.09494793057904634,-32.30925405025482,12855952250.835575
28,0.1633243597424519,17.075784566756862,-11777.800119849033,-4488.809414411245,-938786.4447435946,0.014494345019497904,-17.029484391212463,421150.9600213884,0.013645161867818986,16.796174742281437,12855952250.835575
28,3.0625513554614536,16.513759984733884,35385.849781004596,2289.3731649676392,-1391027.6926284682,2.7726046155753674,-25.273561483016238,1199683.4802868776,2.7748211739137667,47.88693909207359,12855952250.835575
29,3.2776204529109467,17.042913258804436,15020.96928357774,-9849.738933001854,-16535.78169152692,1.0708318118363123,-0.2247886024415493,-96533.48999079099,1.0708318118363123,-3.8981122858822346,12877541320.917847
29,3.1683106261218814,17.08672072095161,-21772.431271495483,-9463.187683744864,-97517.73471926033,0.9499722609005894,-1.7091382220387459,-39867.67693746861,0.9499722609005894,-1.6189101003110409,12877541320.917847
29,3.0642785064790417,17.071293958679938,937.0449684447944,807.7241852781605,-156545.64863896725,0.8970061123345061,-2.7910837456583977,1979.2353445995977,0.8970061123345061,0.06424891203641891,12877541320.917847
29,3.1128916970067375,17.08657777097348,-12342.52114389286,3607.744597748326,-130659.95244895227,0.9155366772340758,-2.316614782437682,-16491.791360003874,0.9155366772340758,-0.6786894164979458,12877541320.917847
29,3.0049225721252832,17.01060055253201,6615.205082830824,-10951.047745425853,-180570.72800919873,0.8739671603343395,-3.2314487416937823,21461.588956183714,0.8739671603343395,0.8478646503266134,12877541320.917847
30,3.5112267016801617,17.529023452968197,45702.58176180666,-12325.519131485367,-187099.9783875469,0.7255239402359859,-3.4061297038570046,-86760.96490949845,0.7255082492362895,-3.5507533606141806,12877541320.917847
30,2.4923321385224533,16.9334241874881,-49348.88757194535,16859.4849186918,-210363.88717562667,0.4851056223237492,-3.839386746287346,23776.413124540053,0.485104181266613,0.9628272727131844,12877541320.917847
30,0.5732102929412876,15.599175685019548,82223.2863518069,-27462.84180705115,94519.7408181811,0.031809516333748754,1.838634954765439,-93227.44929213347,0.031894902170076386,-3.814799778163433,12877541320.917847
30,1.597883543623508,16.902848050394596,-2469.56448154106,5808.879149779312,262416.4670154043,0.09779785508220742,4.96547145023942,-151533.58309466488,0.0978174664765102,-6.1956182941794395,12877541320.917847
30,3.6732675513155657,17.753216445329215,3154.867631089233,-8109.329848774442,-137985.72629282513,1.234889919839034,-2.491446973728671,-81627.90188491327,1.2348442499690964,-3.34115463238777,12877541320.917847
31,4.249879887310297,18.69100880186145,-74790.31803821407,22816.54329073685,-108149.04036857493,2.70989172815626,-1.9531379500404,-78212.08320373131,2.709439720050996,-3.2244457425549626,12877541320.917847
31,4.53390106554768,19.168036646372023,-16058.50351952744,-2402.314930553356,-49350.03177538104,3.7151962786903217,-0.8551075209397823,-96036.03972263684,3.7133383577765366,-3.959012975450605,12877541320.917847
31,0.8178232009921315,14.580822377486042,-39651.210415784524,31182.705662233097,-145941.09980656902,0.26427310909026996,-2.658878271759022,-1370.7350928392418,0.2642681578460298,-0.05763278529047966,12877541320.917847
31,0.6845940610275668,16.08546620517562,17927.184389680962,-13101.164800803908,-168863.0420197497,0.007692139111951936,-3.0869295373559,30670.171035755837,0.006881303675255844,1.2628484293818474,12877541320.917847
31,3.774379410849581,18.344628197663383,-48076.23532403376,27406.862670283757,-113370.0500425059,1.2961476836151817,-2.050636660133762,-52174.618371168035,1.2960272581917207,-2.151380484940205,12877541320.917847
32,0.013091222589190488,13.447653351169068,-90469.83276298686,34800.2035269718,-77693.6935340764,0.18415194262666976,-1.3759886915795505,-26229.923155263154,0.1841684978354857,-1.102318175137043,12877541320.917847
32,1.9641890096089847,19.55746274347205,-24956.320037454694,20212.824870390596,-132341.01898104607,0.7160293363583615,-2.4026493169367313,10313.62940261695,0.7160417811601004,0.4081678967922926,12877541320.917847
32,5.65564965715484,19.244408927403963,-5435.264876736403,1310.9330196489805,11162.141301668995,2.2434337367787487,0.2933480273350142,-52301.616192649795,2.243681127812054,-2.1799618755467236,12877541320.917847
32,5.367377798912879,19.114191869625014,-40124.077925486185,8110.610473264072,-11408.19747839922,1.7912276194283376,-0.13068147341255099,-41888.77011826346,1.7912870943597878,-1.7495587575249374,12877541320.917847
32,1.524019759994997,16.479518249677387,-81441.3183779686,43557.69666459006,90644.38145266681,0.026056391143251548,1.7865827961143168,-80173.08757058592,0.025888805067276286,-3.33199736125572,12877541320.917847
33,0.5768991374450305,15.752072075152205,13950.27287376462,1463.491542311594,-46639.6099599726,0.00792699833617289,-0.7670472040772438,-31576.94841959171,0.00792699833617289,-1.346380539238453,12877541320.917847
33,1.8202337323667988,17.05364895258697,44764.647652454194,-22319.59064453936,50435.056193429664,0.14555509275172096,1.0556051470339298,-71365.52000092811,0.14555509275172096,-2.986787162721157,12877541320.917847
33,0.0,20.021547172401714,49812.05749832319,-20267.684859121793,-99894.8034721113,0.3774618811705883,-1.7669548783451319,7853.700652558313,0.3774618811705883,0.27926962450146675,12877541320.917847
33,0.7842156132859466,15.26262077163151,4620.46046249315,5161.844666586403,-57929.34569899977,0.1090655218935297,-0.9790207725018263,-28109.167540056544,0.1090655218935297,-1.2034105733036995,12877541320.917847
33,0.5641098960935731,15.810153879948698,9161.693045120664,2515.2521809499262,-292695.87731689203,0.0160943836244036,-5.386944979414693,42678.57151118379,0.0160943836244036,1.7150323711393867,12877541320.917847
34,0.8233299806323889,15.432556454666067,68547.04023944949,-32241.118216208823,-4904.2427868692,0.04203736358873961,-0.00013841968029737473,-62211.27032136979,0.04203736358873961,-2.625386893749237,12877541320.917847
34,1.703900481215774,18.584387370629372,12783.34187032781,-2749.5168749592367,-151589.60987946135,0.15161749083250942,-2.7772565707564354,35061.96461686944,0.15161749083250942,1.424232129007578,12877541320.917847
34,2.387789719036269,12.23814430417157,57743.58433676579,-34073.079902902726,813621.8752488608,3.242366644991331,15.496593017014675,-396525.187397478,3.242366644991331,-16.543336667120457,12877541320.917847
34,1.849222827801638,18.591268082422413,-5300.104352133363,-6374.853217438955,-250227.89989446837,0.21761355841288219,-4.64472427405417,78958.46290094218,0.21761355841288219,3.2517039366066456,12877541320.917847
34,0.2849553003314343,15.91319827454111,27362.71144690083,-22758.621807829248,173654.62917684682,0.03097178850878873,3.3804243057966232,-110910.73845930646,0.03097178850878873,-4.6528129652142525,12877541320.917847
35,0.5342969906924084,15.921103679366484,-52443.9815705536,5681.383671132859,-147297.65311758753,0.01626171035021768,-2.725798510015011,20960.62677625446,0.01626171035021768,0.8615788072347641,12877541320.917847
35,0.954622828069051,20.91087501255541,76355.1230183385,-28673.95279485643,-9321.028356331724,1.8303383023510122,-0.10421221097931266,-35866.579024858496,1.8303383023510122,-1.50430300924927,12877541320.917847
35,2.8046248979271016,16.540182326376506,65760.74492447886,-21265.536324035216,40123.09933853227,0.3567029884662805,0.8352371193468571,-59102.67797684613,0.3567029884662805,-2.471689373254776,12877541320.917847
35,3.536234204456987,17.977710740005595,-91942.41556366635,35645.98063794643,-83087.10288818332,0.27150819967441814,-1.5057838950306177,-472.04884217845995,0.27150819967441814,-0.03072579950094223,12877541320.917847
35,0.9221229518553781,16.555815510221247,19868.929406267293,-5113.931599012576,362390.16814438504,0.02862556447497673,6.958382497585262,-256408.32555285623,0.02862556447497673,-10.686097196215997,12877541320.917847
36,3.282067402110373,17.208382455077064,28525.553124868944,7162.503133743761,-19108.720280463,0.09547428023440001,-0.29170179553329945,-35545.51474443005,0.09547527918417877,-1.489425715059042,12877541320.917847
36,0.951238571091442,16.31824264804183,85047.57477701419,-25691.24782273688,66564.21910761218,0.0016224039245414405,1.3230331614613533,-74898.02823104849,0.0023358459305533362,-3.129957213997841,12877541320.917847
36,2.246122087538231,18.95741619851598,31206.23098969306,2397.890851913739,19935.010335504725,0.4760776372951736,0.44418140314519405,-45501.291274765616,0.47607712138144376,-1.904463117942214,12877541320.917847
36,1.127307625807253,16.49644604241591,8808.009103845965,-1116.413111708397,96680.72415590748,0.027432789581140798,1.8906589932739735,-89822.64077950348,0.02748332787756188,-3.7521359473466873,12877541320.917847
36,1.2621993204290798,13.872206564205966,-13577.498048871428,2708.507772023879,671210.9116799515,0.40661509677023977,12.719212142845208,-353206.0431219036,0.4066150142805583,-14.732089438432013,12877541320.917847
37,1.1245955564423917,16.18573889767358,26996.38035731439,-11087.4195069382,-193495.71255218322,0.03415398377363227,-3.6079471446573734,-70095.16492145632,0.03412657569306826,-2.956219866871834,13348592799.335552
37,1.1214558008028646,16.206337505349182,64353.885779683544,-14702.817649548888,-313857.5389184601,0.030126385418013466,-5.884907599538565,-20216.18680645699,0.030072129076498873,-0.8555662333965302,13348592799.335552
37,1.1240545975190481,16.156838689122022,-29603.474775918192,642.9728213655893,-12923.089752915437,0.03909155393776755,-0.19194114208221436,-133813.10928259316,0.03905451179346871,-5.639701694250107,13348592799.335552
37,1.118884097213563,16.223581269614346,3091.3182781505698,-37201.753899905605,-398829.482319241,0.027127848338389045,-7.4923753552138805,20179.185653121847,0.02707849952665996,0.8456852585077286,13348592799.335552
37,1.123051807145421,16.195400214067867,-78258.59764809739,24285.8077184989,-251963.90580931283,0.032203642452074466,-4.714026770848022,-46717.653399113755,0.032157897695673635,-1.971675748750613,13348592799.335552
38,2.063582631534632,16.006163061305664,7516.270118969276,-5401.481088950602,-1664209.213900397,0.7989254065707903,-31.49354839324951,-331473.6095089998,0.7989254065707903,-13.988704681396484,13384678154.477987
38,2.0467817352349207,15.986385822234904,47256.40130777548,-21867.19571181035,-732233.6694030274,0.8041913714316115,-13.827361106872559,-569559.9739545768,0.8041913714316115,-24.03947877883911,13384678154.477987
38,1.796955489792055,16.017636488239553,105037.42415197188,-39074.212287774695,11507756.239488387,0.43964277940602037,218.1894073486328,-3567607.491207686,0.43964277940602037,-150.60152864456177,13384678154.477987
38,1.9045183932881076,15.933730451017855,-70139.99547529418,15419.823065537013,7304917.344994917,0.6791872868059304,138.5219316482544,-2572047.2141854027,0.6791872868059304,-108.57412624359131,13384678154.477987
38,1.9943200733258022,15.990382894443048,15568.282585920631,-11590.477778347231,1360200.031191618,0.7321136941952648,25.83604621887207,-1098827.7329902411,0.7321136941952648,-46.38242435455322,13384678154.477987
39,1.1775752842911609,16.29459176009905,74751.80878400298,-26138.48804330574,-632951.8786182007,0.008774623486342939,-11.900995254516602,-194867.08605674357,0.01007688256562248,-8.224719524383545,13384678154.477987
39,1.2091390036085194,16.245429937146614,30369.7890089782,-16911.240092914224,7673755.318016672,0.011335755155836343,144.82051849365234,-2241090.243471125,0.010690060075241661,-94.77673816680908,13384678154.477987
39,1.168990274883449,16.315807083215457,-33961.92903394358,-2933.165028632869,-3055215.332085235,0.01151513362463525,-57.6015100479126,392138.4023972653,0.009987997217363357,16.60468864440918,13384678154.477987
39,1.1903286653705123,16.273639467663784,27545.6864840355,-18062.284942836453,2618987.073312504,0.009111711859775398,49.45289421081543,-983829.7121249007,0.009857568620802296,-41.59659671783447,13384678154.477987
39,1.2174115584126222,16.18829130219333,16436.087384875227,-23995.94067187188,15027274.88167923,0.016758187425741273,283.5583709438797,-4149936.3069203794,0.017352292927475272,-175.51792197686154,13384678154.477987
40,1.0261889500831565,16.469607556653468,51826.72827183301,-28905.800415200603,-583116.391388347,0.020044412287541655,-11.020915985107422,-14793.24066234582,0.016992673233211245,-0.5924282073974609,13384678154.477987
40,2.0100139052649855,16.54733398534246,-70271.775566729,51577.776816619706,48349.11074711089,0.22631199887162784,0.9452762603759766,-150102.8406697403,0.22617613339435952,-6.342235565185547,13384678154.477987
40,1.3567639197772476,16.0821471286329,73663.93255125119,-18119.77917778425,-12464897.145682331,0.059961128747359246,-236.17917442321777,3482608.9715663134,0.059116703195492365,148.02517890930176,13384678154.477987
40,1.3888720254931888,16.240748342076515,56594.522530147886,-29400.957605622887,-4195101.245745194,0.029829243557285508,-79.46757698059082,1104444.906807773,0.02761920954710844,46.968156814575195,13384678154.477987
40,2.729127593752631,15.923330387458613,-60725.08705158524,34575.75045501016,5608877.516433673,0.8380549289382944,106.31659371778369,-1714494.0359840326,0.8380411759633625,-72.81902660429478,13384678154.477987
41,0.9815027929625597,16.394785195788003,-36673.24456103404,29320.275742899757,-312697.9232771533,0.0,-5.870319366455078,-16497.697938303874,0.0,-0.6587247848510742,13384678154.477987
41,0.9508490835349501,16.377906729341994,46341.96205086927,-30742.398555277163,-87178.82555151048,0.001304744859980978,-1.6196651458740234,-50388.681482834865,0.0,-2.0794010162353516,13384678154.477987
41,1.195808702604086,16.70485592204523,30280.48409561906,-10943.30988539907,-2020860.7824224345,0.07257580721895844,-38.06630516052246,349484.5059719495,0.07266329674247493,14.682884216308594,13384678154.477987
41,0.04486273443047896,16.27912454834652,-7009.713172752837,-1153.875112260256,355029.8821283478,0.016343302595468016,6.715222358703613,-226895.3945678077,0.014948348968456933,-9.478386402130127,13384678154.477987
41,1.5771518656824837,15.985961660830018,-56774.76951305412,12666.892000107004,5408179.105501227,0.07139551592174442,101.95855336779846,-1482100.0584286307,0.07108750074862899,-62.09531412058004,13384678154.477987
42,1.1324491407839365,16.258712998759027,84090.88720518957,-50868.09233866515,-525174.7273568554,0.005038668601741359,-9.92784309387207,17627.70074630989,0.0,0.7736215591430664,13384678154.477987
42,1.1773047882954935,16.047112113574816,71344.91145345509,-29659.635316959037,-3413526.2480167113,0.024573443934808654,-64.66764831542969,1055489.3794432874,0.020335299543930697,44.41827583312988,13384678154.477987
42,1.0085413816076103,16.05155084057489,131104.63075893026,-38333.62294795029,-1756223.2481858744,0.012848321303374028,-33.258575439453125,563695.9385168266,0.0,23.737143516540527,13384678154.477987
42,1.2698871131854317,16.028740440064716,116669.78778064299,-41597.630001792146,-2311477.1187552237,0.028610704980440535,-43.78170204162598,711639.1916055707,0.026308050525676894,29.958523750305176,13384678154.477987
42,0.7503425890797338,13.940389869954473,-52219.95185143127,29182.745285045254,849833.310013468,0.15849700370764963,16.131198406219482,-366859.9945204403,0.1584152416226672,-15.395038366317749,13384678154.477987
43,1.2005650665050727,16.36944677369565,10800.674436348942,-13297.970984764715,-248831.14864674615,0.01529027771212782,-4.600330352783203,-2679.0100718202802,0.01529027771212782,-0.054421424865722656,13384678154.477987
43,1.6410855375380575,15.76813832192944,64239.74392168247,-19051.84869565405,-2876799.8789539034,0.1277980440228948,-53.12076473236084,845023.8890723684,0.1277980440228948,34.963172912597656,13384678154.477987
43,1.6778690325095027,16.3691878002272,18092.639160531424,-793.1691745844148,-628508.6345037072,0.03581402126746015,-11.6103515625,114747.7801663641,0.03581402126746015,4.79633903503418,13384678154.477987
43,1.6472027883855895,15.733694462859141,-877.0893258195593,9180.822791985576,-3085296.617361122,0.15134222497929128,-56.97025966644287,915848.4786118536,0.15134222497929128,37.8888521194458,13384678154.477987
43,0.10626717699473479,17.195818073046414,119321.5633368298,-50416.32349763781,468448.1637197849,0.009279315454618164,8.642865202074518,-233661.70096246447,0.009279315454618164,-9.596040518949394,13384678154.477987
44,1.076883666256696,17.682680715448463,-45906.08369257907,7145.6525586466905,-164859.5900692251,0.23250877380024235,-3.0585784912109375,-39899.27782364626,0.23238413765329763,-1.5791215896606445,13384678154.477987
44,1.0480395930307287,17.635398775164287,-33756.318792964455,3477.8681831007793,-68896.05111139592,0.21517354343193879,-1.2919893264770508,-74643.96162162449,0.21489037193756275,-3.01425838470459,13384678154.477987
44,1.1382398943038148,17.694249322504074,-65511.01361496821,42054.97590622574,-267525.90509039396,0.24264390349500078,-4.948558807373047,1445.3258800005315,0.24243083379355287,0.12862634658813477,13384678154.477987
44,0.9835205964013081,17.610114193566893,-41806.8770686393,809.9108575903717,39966.232706214294,0.20276820435607934,0.7120523452758789,-111117.78710083218,0.20257969454990077,-4.520817756652832,13384678154.477987
44,1.278325431717209,16.72164382296052,-29029.951549350724,21816.699316218554,-431668.20270526176,0.03274070453232932,-7.970248165540397,41389.93246077279,0.029930134936058818,1.7785470942035317,13384678154.477987
45,1.5246669684975374,17.200161331212378,-128458.5684125122,60429.571317489295,-230578.7919953455,0.10160826834222224,-4.263969421386719,-13862.201118610463,0.10210799048019166,-0.5197758674621582,13384678154.477987
45,1.3963609252957614,17.212404724893894,31162.707341114066,-11600.169885394971,-35465.70419077054,0.08845423101312987,-0.6605043411254883,-61888.37086131306,0.08920491118790509,-2.50643253326416,13384678154.477987
45,0.3230965855419516,17.17557299402343,5325.897157498609,3208.1938715888664,614092.5235675742,0.022623595849372808,11.335925102233887,-337090.30800953007,0.024914320484167616,-13.8904709815979,13384678154.477987
45,1.1736597586499191,15.947067853156588,-52942.34900993858,36742.58672355383,2267644.969179237,0.022599508922487865,41.87471961975098,-686097.9393390969,0.02795045020096697,-28.32756519317627,13384678154.477987
45,1.0717838480518354,16.112184918834803,-6271.227396971841,-6387.129757670118,-2724147.1639176123,0.0,-50.31667995234602,750269.4255467299,0.009495877087974284,31.089390505741903,13384678154.477987
46,3.197853655563168,20.44377663030112,-18696.626160374442,10033.089813048651,-275068.3875536808,3.3767915120034893,-5.052160859107971,-8769.051642847591,3.373259933553559,-0.3221503794193268,13384678154.477987
46,3.8319761222715973,20.56444714781342,3963.2010356378855,12751.149415438096,-176054.8659879723,3.94529786886419,-3.2311647534370422,-26358.65132831856,3.9387329774947393,-1.0432136058807373,13384678154.477987
46,0.0,9.73923407719801,52624.382327506246,-5765.532494684942,57250.255432369566,5.227808345698375,1.0596402883529663,-67681.69028037168,5.194595669594714,-2.7371989339590073,13384678154.477987
46,1.2989812906331217,14.873719103092023,-22224.450911091615,8350.969193581868,-2602825.9679981777,0.5161358556701919,-47.86285400390625,944598.4802170706,0.5161450437307418,38.759936809539795,13384678154.477987
46,1.3081850679995561,16.578213615989025,-72491.5109147887,43314.20536699716,-870321.3963107232,0.015868543966677185,-15.999689981341362,184976.7619001303,0.016666780927010513,7.620212376117706,13384678154.477987
47,8.005989036113364,46.656336649037314,-44950.9778296083,12246.216443768972,-223935.8891287523,5.687673457417103,-4.125168681144714,-123.29305325293103,5.623633438180594,0.019539826607797295,13384678154.477987
47,4.445196641431356,9.70627123089926,-47151.083482368,15379.013125028114,-106999.2651931826,5.607805182222602,-1.9652693271636963,-35757.688607771604,5.5590510781570925,-1.4445304945111275,13384678154.477987
47,8.913133903618977,19.113699710947277,43910.97502924721,-21930.595535175413,-157818.84481719517,5.559381763807153,-2.9039416909217834,-16145.479556841148,5.512881800303768,-0.6387457251548767,13384678154.477987
47,1.0890481967070405,16.202959694120498,30308.581040512567,-20380.83074421351,-1657777.4115548227,0.001880843659866009,-30.609201431274414,365930.3155686708,0.005514899068985305,15.059172630310059,13384678154.477987
47,2.403333177233179,16.39920253184265,57077.07083054296,-21524.45661014255,-1123835.795509434,0.22982524670908844,-20.74693490820937,382942.82157631963,0.22977055173817637,15.758146325417329,13384678154.477987
48,1.2310351455808803,16.90787217579281,-73438.34923860757,30384.849654825106,-195970.38480979414,0.07248162214471496,-3.622875213623047,1953.8881986853175,0.07067701674135253,0.11106300354003906,13384678154.477987
48,1.1832529530636244,17.018975240022968,-87901.62822986642,35414.615435559346,-79041.94088907688,0.11081370953243123,-1.4565486907958984,-27949.50171712393,0.1096227176257815,-1.1230335235595703,13384678154.477987
48,1.0816500566228207,16.233309327555745,41748.59344595374,-22509.36723429915,-498690.01046936767,0.01614374154420276,-9.231344223022461,37800.478764763975,0.0,1.5904321670532227,13384678154.477987
48,0.7880893291999282,16.192785443968255,13132.432479374465,-4922.959781240592,60607.77312924749,0.016017989585341588,1.1307334899902344,-90720.77601627173,0.0,-3.7135696411132812,13384678154.477987
48,1.2339471503959447,17.03772158861533,-50196.345269045494,17509.257036565432,-17408.302750197454,0.09393196420300681,-0.31466583901419654,-52599.03921815571,0.09287302842479397,-2.140306438445805,13384678154.477987
49,1.2585019264103579,16.06357232195005,50083.36265116939,-9078.342455614718,-187853.3118436666,0.0,-3.4541358947753906,8268.901453795459,0.0,0.36145877838134766,13428557542.471228
49,1.1265120167022837,16.247354480480393,-115085.090822718,29200.531918609544,-71200.00729911146,0.0,-1.2970714569091797,-30643.38306030206,0.0,-1.2435941696166992,13428557542.471228
49,0.7919679579100644,15.680743955885431,57773.42996812067,-20974.347947637714,-17937.4949490631,0.024100444384048157,-0.3121814727783203,-45554.49502075228,0.021661526698764266,-1.858647346496582,13428557542.471228
49,1.2301521347397062,16.128374644338038,85459.05687064376,-51802.67069362719,-475825.0501145607,0.0,-8.779090881347656,75011.3003129692,0.0,3.114447593688965,13428557542.471228
49,1.021482151304807,15.8949265460326,-87237.48241816399,40876.9533494848,-1367263.6437238415,0.030192451524631486,-25.26289728806296,368320.713985126,0.02691059016405608,15.212867025205924,13428557542.471228
50,1.1169942974527087,16.34981084830181,-6350.02872218821,13377.87185709418,-163791.56343050423,0.0,-2.969850540161133,-85820.43391998128,0.0,-3.4851865768432617,13428557542.471228
50,1.7820409679126765,14.565505267786143,14752.159203333826,2055.5061231968793,-379522.8894520276,0.7673521529080795,-6.907182693481445,-12709.25285053907,0.7673521529080795,-0.49762678146362305,13428557542.471228
50,1.8055585740729723,14.58461575410927,46858.454042759666,-36013.00508571416,-451941.5789919613,0.8061609829625601,-8.228902816772461,9703.898602834139,0.8061609829625601,0.4182472229003906,13428557542.471228
50,1.8576009226122212,14.427180689701855,141305.91554474877,-42162.0448239458,-241235.89444952426,0.7766558788130157,-4.383294105529785,-42719.593847257864,0.7766558788130157,-1.7239465713500977,13428557542.471228
50,1.5546833837979286,14.448318010961131,-19395.17644326962,4317.769727496311,69365.82523906528,0.4366550707971687,1.2855262756347656,-130385.75745159802,0.4366550707971687,-5.306270122528076,13428557542.471228
51,2.0110211433606224,15.137891435881464,6318.0570484656,983.676276736861,-346917.6702389389,0.5044120941118969,-6.292205810546875,-244501.93020160912,0.5044120941118969,-9.953675746917725,13428557542.471228
51,2.0905418830903204,15.140176797057114,-95054.38341227171,48330.55121111924,-109438.42060006016,0.5733470100391403,-1.9805355072021484,-394645.46877003246,0.5733470100391403,-16.084829807281494,13428557542.471228
51,1.9684074051487648,15.213409768719762,80422.11063960206,-17562.05328801291,-589267.5642325638,0.4792558191644629,-10.692307472229004,-84390.64349249106,0.4792558191644629,-3.4154858589172363,13428557542.471228
51,2.0457248194826048,15.126513906464616,26068.738836825847,-16919.47789693626,-225948.28652663142,0.5296603570288231,-4.095887184143066,-323346.2276009948,0.5296603570288231,-13.173305034637451,13428557542.471228
51,2.0995717461206485,15.093564613261446,37035.09682890308,-23189.72256576395,-1502.2786606086727,0.5689849398045257,-0.02084825635552079,-464014.4361877141,0.5689849398045257,-18.91753130280631,13428557542.471228
52,1.4072644463755422,15.845954379296105,-7004.15087924416,-3883.22038102271,-217696.85362440845,0.05718291688529083,-3.9438953399658203,-33629.38210384918,0.05370959637120844,-1.3399324417114258,13428557542.471228
52,0.14554613486368329,17.408773882674822,-38035.92087418682,12028.86088245564,-827513.7745202522,0.024257847316144446,-14.99854564666748,382931.0578133608,0.02138882696194208,15.64534044265747,13428557542.471228
52,2.0429289547431737,14.421570557717756,40810.04065436115,-18365.39685313573,451487.62519756367,0.18920416754650035,8.186959266662598,-304193.17625232856,0.18905957781252747,-12.372184753417969,13428557542.471228
52,2.5113892358760075,15.191673112869495,101753.77683266411,-41481.77091089424,-2940949.9530265015,0.4428295252769417,-53.310532569885254,1746572.7276703366,0.44279218890043326,71.24789810180664,13428557542.471228
52,2.656292503149702,15.412489961846102,31988.281022152365,-7411.275832291398,-2991153.2482756134,0.5848129940003994,-54.22060878162392,1779172.8395196577,0.5848032677357502,72.57716930175957,13428557542.471228
53,1.848616328934772,15.59164928716823,37510.27632250487,592.6883946271818,-48343.736665683435,0.0948297178177052,-0.8831853866577148,-59986.98744523316,0.09588494532068446,-2.412479877471924,13428557542.471228
53,3.1157799545281666,15.11549091796266,133040.05371781846,-27623.719720553734,3040848.8017425667,1.3956505428048835,55.14164590835571,-1685524.0133557713,1.3965610534790451,-68.86791753768921,13428557542.471228
53,3.1119812332021626,15.575149213678172,30770.693789991743,-9745.411357442963,957386.3376303056,0.9457867557261981,17.356486320495605,-568532.7920419466,0.9461893346827687,-23.202922344207764,13428557542.471228
53,3.001196527413166,15.394941636075515,-21860.134490655728,13701.734090300142,1351969.5279695066,0.7822509686609931,24.51254940032959,-792269.1705400009,0.782599992186935,-32.34974503517151,13428557542.471228
53,2.9613849850958505,15.389718619631717,58698.94305718263,-32663.16159035679,1240995.5179478577,0.6799205352856835,22.499952220874547,-729504.919527234,0.6802167105569565,-29.783807930089097,13428557542.471228
54,1.1053530618749634,16.231081610928623,36482.38095077696,-25936.853313880987,-184484.9617679002,0.0,-3.3509864807128906,-8798.479501813148,0.0,-0.3130464553833008,13548098576.599606
54,1.2961600873455386,14.557103515795527,-59570.71038281785,27890.162231376493,-9888.533234411107,0.1379746989869861,-0.20062541961669922,-68200.77064892589,0.13796615707113666,-2.7490320205688477,13548098576.599606
54,1.2598625357497395,16.128748540149896,9693.87574278786,3857.2814055532663,-293294.38003889186,0.0,-5.314308166503906,36507.39648804325,0.0,1.5448694229125977,13548098576.599606
54,1.3615301648287674,14.363368266339549,-19878.70486427447,-19658.592165877253,84209.91291202852,0.071418667744485,1.4972562789916992,-93478.05114894109,0.07155267711684844,-3.785609722137451,13548098576.599606
54,1.2935721880576951,16.192784687613702,-53887.89795711891,33307.091451648615,-991681.7057767655,0.0,-17.91578149014458,174341.81123261323,0.0,7.197221179379994,13548098576.599606
55,1.0099229958868698,16.20905897454017,-64055.889715054494,29312.996553142457,-330943.5744677852,0.0,-6.012102127075195,-28798.682637843995,0.0,-1.1368589401245117,13548098576.599606
55,0.9911507967345957,16.181377922362746,4627.327777297198,10500.903534455214,-130734.2469879725,0.0,-2.384756088256836,-68830.15720916682,0.0,-2.7782907485961914,13548098576.599606
55,1.3758621483431537,16.355714518538086,49068.12229906374,-20694.624514753064,-188887.22973771102,0.012731902388160602,-3.4383583068847656,-29354.929243835373,0.004532016543347396,-1.1596670150756836,13548098576.599606
55,1.1302228207022171,16.134937062552982,-25330.337942199887,2304.7428021864725,-449110.59206450835,0.004500253094761459,-8.153024673461914,112488.7460677344,0.0,4.656424522399902,13548098576.599606
55,0.8751152798018216,16.464191342498452,4150.056929156542,-5196.989629954539,269514.9499116924,0.00685448154216772,4.866865787655115,-204116.38211326196,0.009037058288121238,-8.325503665022552,13548098576.599606
56,1.4488253182030413,16.017115646655895,-60195.322779534275,34952.15128311154,-243329.19833393386,0.0025294462929153667,-4.443243026733398,2678.576275187168,0.0,0.15134334564208984,13548098576.599606
56,1.853195945569115,14.775593604638543,-67753.57033002548,27312.562055992432,38194.10418817241,0.0773527342410365,0.6813745498657227,-104657.90122819808,0.0770903462529006,-4.269852161407471,13548098576.599606
56,0.9574465142306168,17.81473274955,-3649.209681575872,11332.662508150052,-73984.07401291125,0.05172094438702757,-1.3606243133544922,-27036.870263444638,0.051771073869452705,-1.0726375579833984,13548098576.599606
56,1.8805515002639803,14.883253247140587,-9711.726981248967,1158.8818870405648,-14581.570653091083,0.09370719005250168,-0.2793102264404297,-51842.39410640193,0.0937148238276535,-2.0943784713745117,13548098576.599606
56,1.458996300986466,16.041189627798545,-33085.21245097847,1742.5695169124594,-318567.7302068781,0.0037580080058895876,-5.812823091400787,34239.831921818244,0.0,1.4513532295823097,13548098576.599606
57,2.7402196109370607,19.876816184290487,92792.73529204562,-18906.977300514875,-169772.6484759628,0.9112093975414595,-3.1028634309768677,20827.874069258665,0.9112143729321505,0.8890259861946106,13548098576.599606
57,1.4792722680977624,16.13048938840057,4336.155994966619,-6249.120249892484,59728.45538824026,0.0,1.0882453918457031,-79528.63288905438,0.011469885665618653,-3.253459930419922,13548098576.599606
57,1.4056487679584286,15.728087055507444,-9935.20317927133,-11445.517708132606,-73022.28174222012,0.03221076770943552,-1.3360252380371094,-17526.854543453188,0.036487929611959354,-0.6941690444946289,13548098576.599606
57,2.797490824165051,19.78800899399002,71412.16915843054,-18567.61644284805,-185768.89787545273,0.9427923280656084,-3.3949841260910034,25827.548373350037,0.9428042493672946,1.0954010486602783,13548098576.599606
57,1.4273912855412483,14.378466994703402,-16461.790966530767,-1178.3225489776582,-7798.3968959062,0.013775534620458142,-0.14491811639163643,-34239.33916094668,0.015234649019642062,-1.384021992329508,13548098576.599606
58,0.7336732349055346,15.759670183710458,-46922.158183433545,12394.591202584254,-155136.90226826214,0.0,-2.8461360931396484,28205.596634871217,0.01750631873921422,1.2087278366088867,13548098576.599606
58,0.5294419266089877,18.2233965590439,6920.61382434082,-13772.46026003094,65078.51976220531,0.0843590516614536,1.177718162536621,-63134.5561862553,0.08465124269806161,-2.585601806640625,13548098576.599606
58,2.063911804819192,17.940662527856954,-16985.596572974795,11104.504180730448,-10679.027596020162,0.021072889006854244,-0.20655059814453125,-21232.54750450328,0.022745612200436617,-0.8449649810791016,13548098576.599606
58,1.9499045027961195,14.861713017633061,-50519.291762030174,14727.42664393117,339120.5369433457,0.0396414486258837,6.185111045837402,-220369.02055186828,0.0415356995122655,-9.117224216461182,13548098576.599606
58,0.5862406848714804,15.936970977122927,-138736.85412052143,62683.41598199492,-197576.4649438929,0.0,-3.6216068267822266,45875.75122383071,0.014924126253342399,1.9427576065063477,13548098576.599606
59,2.4703587503933244,17.58662604498296,102614.62435975496,-58534.2651738545,-100052.85908563147,0.21518110259534837,-1.8144855499267578,-29195.64502852417,0.21518110259534837,-1.182288646697998,13548098576.599606
59,2.4473939704201157,17.51433335657761,-76063.45947611218,55538.55725651065,-166701.98140866135,0.24303115241112125,-3.025853157043457,4366.841731945975,0.24303115241112125,0.2044510841369629,13548098576.599606
59,1.8855908898825275,18.0040110252769,27218.427842539117,13687.275273204035,49936.59072826659,0.0413041202693195,0.9116172790527344,-71273.63456353202,0.0413041202693195,-2.9208731651306152,13548098576.599606
59,2.4472030643290203,17.473347137199994,-25324.119121990636,39943.20211428507,-200764.62457321113,0.2564589781736934,-3.644951820373535,23018.99325382916,0.2564589781736934,0.975123405456543,13548098576.599606
59,2.4327520209158555,17.465689207952334,31008.979121120563,-9511.95058440757,-212947.77238453281,0.25287237815129066,-3.8663841528177727,29623.106199226306,0.25287237815129066,1.2479931088746525,13548098576.599606
60,2.290077451969771,17.561846943574743,-34886.55757452869,15375.133054792183,22092.815850611223,0.044852678141981225,0.40109920501708984,-110539.34620979779,0.04655293015317418,-4.4797797203063965,13548098576.599606
60,18.766720055184045,33.675175648300076,112019.8634294147,-32615.042061621596,-162606.33549135528,5.684053553484532,-2.949343681335449,-27.326172348449177,5.623633394115798,0.016570883512031287,13548098576.599606
60,2.260273646622326,17.634112447088235,72965.67454147006,-46656.91190482457,-32705.442463850755,0.05869063106022334,-0.5929412841796875,-62296.04592131465,0.05990897406285505,-2.5169272422790527,13548098576.599606
60,2.279081460041747,17.521270573303,1322.7542090897932,-15632.800281544296,87861.90284795803,0.043094000196513604,1.5941505432128906,-152382.60383691726,0.04430605594255124,-6.182236671447754,13548098576.599606
60,2.8349700700998524,21.601587172523857,14534.970260960185,-1917.481732139215,-194808.27052537317,3.5588223876732346,-3.5334868318459485,37327.530071709596,3.5558449297880497,1.5364103577303467,13548098576.599606
61,1.98059356807406,14.62514799709098,115741.69144026404,-54749.97262528135,13128.391797592094,0.051045416413220426,0.22811412811279297,-84902.1439449626,0.051045416413220426,-3.420419692993164,13548098576.599606
61,3.3194935436060584,17.817658019090988,-15979.16739673872,17544.12749762568,-112591.89037483763,0.12018719232604293,-2.047518253326416,-69.05906729874039,0.12018719232604293,0.0254056453704834,13548098576.599606
61,1.0287005323057126,13.63746962085884,-52972.38000607411,20028.823372473027,-472989.21419800323,0.22948841866467345,-8.570982933044434,164261.28323292625,0.22948841866467345,6.7003209590911865,13548098576.599606
61,2.2215707049813975,17.25372503803653,-58981.05860699113,11359.224350819468,704715.1675323455,0.09002199250402765,12.746358871459961,-565430.5453039727,0.09002199250402765,-22.938947677612305,13548098576.599606
61,2.1404724193863576,17.231544453011082,45046.76225864011,-21579.56412091318,435071.8734598157,0.08915966871928914,7.865610906006001,-384702.70687044517,0.08915966871928914,-15.597984350391501,13548098576.599606
62,1.135730380328051,16.234814402380913,101405.8137341024,-47447.22033973183,-152869.47869176956,0.0,-2.7685985565185547,7365.60175282578,0.0,0.3294486999511719,13548098576.599606
62,2.003432051584387,17.870836721111488,72746.67578733775,-35820.2124063331,-9645.58908920014,0.013109095210931296,-0.1852254867553711,-46601.47125926563,0.013109095210931296,-1.8554749488830566,13548098576.599606
62,2.280640665321921,17.483791973518738,-103378.83003842208,44542.52779899309,67862.22817422714,0.0,1.2128067016601562,-73585.66143097552,0.0,-2.947963237762451,13548098576.599606
62,2.773363473061572,15.047124678785037,-20403.099708680886,-7818.677806189355,1138473.6548942535,0.21318881207072843,20.523752212524414,-572772.3094173934,0.21318881207072843,-23.158151626586914,13548098576.599606
62,2.370739128182474,13.796222009584577,25506.76814611839,10344.572310636066,-564375.4100092957,0.8922508452922451,-10.191056806768756,207064.43660034117,0.8922508452922451,8.414502836669271,13548098576.599606
63,2.024330159727951,17.509260187991643,143128.81458082833,-69864.5049709832,39482.82671910407,0.03308936326448851,0.6925268173217773,-78863.4310873813,0.03366514171475874,-3.136500358581543,13548098576.599606
63,1.9871031026803339,17.523071006649356,-4424.861788515083,3139.607793738925,-8772.483412889593,0.03443516049736951,-0.1725902557373047,-51251.90190625146,0.034464376385131966,-2.0260424613952637,13548098576.599606
63,0.14476784747033694,15.820697721086564,114088.74466961177,-44076.685412588195,-116628.20109071977,0.022371227634706677,-2.1062183380126953,12912.005358190105,0.024021292956710488,0.5544490814208984,13548098576.599606
63,2.271319159796412,17.24645853332123,-32832.26168492415,16463.999479106056,69656.80473069355,0.013528230084406352,1.2334833145141602,-81413.9890936267,0.01556304338474924,-3.239076614379883,13548098576.599606
63,4.37971804684867,13.55283186159345,4462.333099907657,6169.979515445452,2284669.505563818,4.535088688098248,40.944041578297,-943503.1581043524,4.535088753775974,-37.90987371246169,13548098576.599606
64,3.2150609601220834,18.147433443803177,58652.77759326025,-5611.6765763994545,71730.2868605881,0.22497519215703124,1.2467727661132812,-76838.80693653089,0.2249613294420913,-3.0151290893554688,13548098576.599606
64,2.613261718027893,16.829390189653182,12512.143811620832,-10179.192331653412,-131684.8877904439,0.08396963935782652,-2.3665637969970703,17706.183826340864,0.08379190959331367,0.7504673004150391,13548098576.599606
64,1.9906402872351538,17.97125670423812,5871.7644698787235,4798.825976187229,-47267.325629770596,0.006947368998528318,-0.8670244216918945,-20035.09207085099,0.005929699395798941,-0.7527155876159668,13548098576.599606
64,3.1070305157699494,18.121071053478577,45078.06925652615,-19115.90907370554,38396.32867889306,0.16707456555236538,0.6546497344970703,-54738.11673848563,0.16707654207806458,-2.1348891258239746,13548098576.599606
64,3.151219178520198,18.064313817852888,-57756.02864236994,8062.856283947242,-16683.095966495905,0.16729765527994914,-0.32374580205861747,-28738.073954520423,0.16727919787424228,-1.0993433348604398,13548098576.599606
65,1.9128220614131135,18.99204113840497,-50021.98928775068,15997.018403527245,-221192.5971321942,0.2502688394056443,-3.9732260704040527,-16511.020313665464,0.250266818656644,-0.6142733097076416,13548098576.599606
65,1.758357880656143,18.18579841704123,34025.341731466484,-10419.820953859326,-65946.4121038789,0.057669450666250274,-1.2060546875,-38347.605013337175,0.05742441332252296,-1.4895830154418945,13548098576.599606
65,0.9195490063642526,19.994498547313416,-33721.561028011594,18175.0461700812,51755.01706124205,1.108915252269042,0.8919036388397217,-70142.25142281322,1.1089005946136017,-2.764057159423828,13548098576.599606
65,0.8399140532723177,19.897723106987726,18497.957658810883,-24664.50990637422,24352.034759067767,1.0808132398940116,0.4034616947174072,-56142.42022664726,1.0807916114248095,-2.2028802037239075,13548098576.599606
65,1.666709107851512,17.523080389677848,47205.34965143176,-21170.856953453163,86065.85285795151,0.08158397093020359,1.5034739838556561,-97032.24739564206,0.0812519378878756,-3.8419305899940355,13548098576.599606
66,27.008287741071523,10.473155561648568,57807.43345823267,-18830.005532642186,-153686.84001286264,5.682342171339457,-2.781660318374634,-843.5370874569695,5.623633370125463,0.01576655509416014,13548098576.599606
66,0.42520650410414396,19.72975416116178,33568.01023484247,-16740.919151266145,44785.60767951222,0.40712056437087324,0.7704036235809326,-71503.62441124872,0.40708150279084154,-2.826360821723938,13548098576.599606
66,17.175115130981162,35.54062195464436,-5643.740396224302,-6820.869892904915,-83453.41223046568,5.456547785295638,-1.5246917605400085,-9241.591789510181,5.423529934443026,-0.3220244395779446,13548098576.599606
66,1.1338979898187254,16.32617824666875,-86377.18618562294,37184.49829676892,92694.97219310567,0.0,1.627838134765625,-74079.68428205393,0.0,-2.929976463317871,13548098576.599606
66,2.4854050713664333,17.755008468149484,-7854.121863890406,-3477.847548173096,581258.345523471,0.03654289489434159,10.371663093566895,-398372.4076304496,0.03653427803909306,-15.973849773406982,13548098576.599606
67,3.0803560314041722,17.942716580624364,60629.55412248369,-31916.656740384282,-77816.66894199957,0.03156570820723418,-1.4253087043762207,-17673.949074343305,0.03170007468637185,-0.6625411510467529,13548098576.599606
67,3.126900843042399,17.8851936182693,18046.876061459912,-7694.794353469411,-93334.8701282738,0.03203700136217819,-1.70350980758667,-111.77165007803228,0.032192573734139106,0.04561448097229004,13548098576.599606
67,2.8371872361200334,16.190585002825202,22215.87559439247,549.0233227334553,67306.4003863747,0.18551157636285076,1.1763715744018555,-63245.93165161681,0.18562202326428742,-2.5001296997070312,13548098576.599606
67,4.64773776944346,18.699706382317704,21222.552979657277,-16991.965671752623,-136689.55785727894,0.7112662674133018,-2.4807469248771667,33477.80618854166,0.7112664312535001,1.4000392854213715,13548098576.599606
67,3.3730367679789985,11.642919835160217,-23350.716734404206,17732.216679499605,-363962.60618008784,3.436872461821918,-6.555163283735283,136676.51221047653,3.436872485560242,5.561296919997858,13548098576.599606
68,1.7231708235816892,16.480579244323565,20714.187277642803,9572.07688861902,-99137.29367215262,0.00477155349857377,-1.8212776184082031,6549.820001389141,0.00477155349857377,0.3191709518432617,13583096760.057892
68,1.15649132682436,16.356083580100005,-37088.43918868933,30023.66243422333,-43964.00212144422,0.0,-0.8272609710693359,-24152.99577025653,0.0,-0.9232692718505859,13583096760.057892
68,1.3576929758886442,13.581436989126633,59077.75177083877,-33878.58431254887,50848.41518953969,0.20076535206276977,0.8809046745300293,-58454.31494852158,0.20076535206276977,-2.311328887939453,13583096760.057892
68,2.275029165760868,17.708058251391687,-72460.16813333091,13411.438231355587,72745.30964948169,0.010701139151599448,1.275404930114746,-66813.11190071775,0.010701139151599448,-2.6495814323425293,13583096760.057892
68,4.771317384428412,13.127335281200372,-125232.517385062,48153.4438522539,-578560.5850544439,2.215804726712872,-10.45869473386162,250253.3170593103,2.215804726712872,10.181036054106718,13583096760.057892
69,2.4862527112320802,16.790666862203405,32054.149821912233,-27969.308337970484,69156.67982084068,0.07520037290690701,1.2128849029541016,-84626.68712457168,0.07581751374834025,-3.36509370803833,13583096760.057892
69,0.04649900347999893,15.989684568329409,117208.47128500519,-45132.60051727611,-121673.35398160093,0.0,-2.2069168090820312,12162.790667885018,0.00560605691056555,0.5354022979736328,13583096760.057892
69,1.3083895547492177,14.428108737265829,20391.221532467105,-10355.266391317604,-37418.198867281404,0.01730086712506155,-0.6970081329345703,-19157.92559699413,0.018921254291195046,-0.7267837524414062,13583096760.057892
69,0.6410106047319353,17.441383443919733,-45017.312537054226,10033.996419340625,40651.289127379474,0.06675698057474784,0.7020492553710938,-46789.41798644558,0.06748125941395881,-1.8402986526489258,13583096760.057892
69,1.1052632706206762,16.10979142778001,70458.55642349643,-10917.319269662336,-157814.80089197055,0.0,-2.8545956862314186,43254.07152965325,0.0,1.7883423859774394,13583096760.057892
70,1.0515126448714904,16.212290376014796,-51376.09333660622,26805.138320643087,-124424.71357461576,0.0,-2.2596874237060547,-1633.5609433597147,0.0,-0.01151275634765625,13583096760.057892
70,1.346084547581628,14.192794584651717,44431.12323037411,-302.7929639490284,-31207.424809305332,0.05295928099419659,-0.5937032699584961,-31954.61518289795,0.05323921699581905,-1.2337918281555176,13583096760.057892
70,1.2935469749493649,14.265512703571387,67523.79458964714,-24985.564334666476,172.3831491330218,0.01714725804688437,-0.032881736755371094,-43947.82083106688,0.018275166659050646,-1.7172527313232422,13583096760.057892
70,0.5215373148518874,16.912543084484653,-53044.717643049604,14101.957222235163,89787.68336079876,0.0,1.5687274932861328,-66491.55698060693,0.0,-2.626018524169922,13583096760.057892
70,2.8214250152819793,15.253785314282448,-72101.71269896167,16932.906389639335,259898.87636201907,0.0719375862356552,4.6089634373784065,-155251.9133008135,0.0721267701252121,-6.204057898372412,13583096760.057892
71,1.3929947855349214,14.711968616209106,-13054.254608858817,9439.38057034253,-159760.775852967,0.06683390877788126,-2.8851280212402344,26325.800303885106,0.06683390877788126,1.1140532493591309,13583096760.057892
71,3.116608065874685,16.99538648951558,21696.732035439454,5041.266490266744,-6627.467240247334,0.032419110214452145,-0.15053033828735352,-36431.92256769442,0.032419110214452145,-1.4225077629089355,13583096760.057892
71,2.7373133338211537,15.197574380992119,-1365.606380294973,-1311.6680042941616,-25092.781914789117,0.029899538751303238,-0.48027706146240234,-11858.055152164114,0.029899538751303238,-0.4292736053466797,13583096760.057892
71,2.104832863047259,17.671015709396613,91391.00222185256,-36097.042581311915,419381.466940461,0.021910089887890716,7.456978797912598,-244392.494524218,0.021910089887890716,-9.827922344207764,13583096760.057892
71,3.89652585709547,13.800731479134992,-18329.85157396104,24279.378839068122,1017233.2485371438,1.2666534486147312,18.13319360391688,-450537.4294057391,1.2666534486147312,-18.159951945839566,13583096760.057892
72,1.4141364852340959,16.29675525601951,-19832.479958722586,-4742.835941728214,-147723.24226800993,0.019952337665526166,-2.6815967559814453,25342.46382705158,0.018049165108154686,1.0760068893432617,13583096760.057892
72,2.4349776943959776,17.679793052113173,15609.387876245355,-4245.06811847124,77174.86499762507,0.014895159111841586,1.346405029296875,-76444.87022287876,0.014699980736979784,-3.0478177070617676,13583096760.057892
72,0.7561164926447393,16.10336401825114,-44618.63002113761,39946.54899732724,-76384.54323762952,0.017047637811422548,-1.4038963317871094,-7448.471109367718,0.018151509001980332,-0.2524890899658203,13583096760.057892
72,1.4340368360713784,16.204825021147425,-5119.776313516088,-12021.264072530621,-107939.9659732282,0.019794869006092803,-1.969064712524414,20969.119832847293,0.016354763320618488,0.8988246917724609,13583096760.057892
72,3.2249398614013423,14.577526625567867,20185.028409474224,-1114.1931103585725,1302949.8453948922,0.7633550447699428,23.30045288421246,-585517.018819093,0.7633523955198281,-23.67242947551648,13583096760.057892
73,0.44206432903569004,15.991228659395762,8059.388885744263,-1582.2354926816379,18280.064246610815,0.02966633946623217,0.2953376770019531,-60899.897176784194,0.02966633946623217,-2.4273204803466797,13583096760.057892
73,1.0624743647707988,14.153130837040981,-29330.706220876447,1487.916927898025,-140681.13222596026,0.056180695798448435,-2.56732177734375,12258.47319168983,0.056180695798448435,0.5447573661804199,13583096760.057892
73,0.48959106979418954,15.993980699926283,28668.29912947016,6317.5411553002405,-65024.96631000621,0.027563403682535112,-1.204864501953125,-19134.394340007148,0.027563403682535112,-0.730586051940918,13583096760.057892
73,1.0643568487197268,14.083183335757552,-97762.93087449303,28565.40862258926,-215906.60069721556,0.07712876286787217,-3.922022819519043,35873.08200551364,0.07712876286787217,1.5041069984436035,13583096760.057892
73,0.4242177750070536,16.01207643620839,16805.397154567316,951.46674404959,83896.22567577126,0.032329574760518426,1.4769891054087054,-84090.46448739558,0.032329574760518426,-3.369443316122215,13583096760.057892
74,0.5078342162099625,15.693465267191934,71525.43402287501,-15713.85248244236,59896.711151213334,0.013539683987110543,1.0504684448242188,-65943.80467561191,0.012063742658444445,-2.6491270065307617,13583096760.057892
74,1.8518076088073783,14.617789351759258,50242.17709174125,-20250.35017575561,83598.6341405175,0.007312567030077664,1.4779720306396484,-81307.12509842012,0.010130468367717511,-3.276186943054199,13583096760.057892
74,2.896322589411796,14.86206818891629,59759.67713621808,-27919.823344022912,-44837.98191344843,0.14569556369107214,-0.8385958671569824,-17095.650500293967,0.14573716488064312,-0.6553704738616943,13583096760.057892
74,2.9649873013358197,14.831209029134746,119591.11547616209,-50574.43828832072,17841.93769839511,0.17294442383343195,0.29194068908691406,-44232.0860359334,0.17302231283155625,-1.7629547119140625,13583096760.057892
74,2.972839904396276,14.706793737969543,17239.408873174667,-11675.004370246388,-139461.01068544164,0.23966668675923697,-2.5452795028686523,30506.24332849227,0.23968440787166806,1.2875194549560547,13583096760.057892
75,0.37395204687448713,15.601195518496686,22898.52097506549,897.8973884334657,-38161.709380558714,0.03087266880009434,-0.7302017211914062,-154982.44115847402,0.030723931914168886,-6.258533477783203,13583096760.057892
75,3.189155833921424,13.680645515334275,-364.3616161789969,-4073.065396738425,-140758.0127374889,1.139259839900231,-2.5734002590179443,-26083.682268921697,1.1392598768246922,-1.0071941614151,13583096760.057892
75,0.35565359959200543,15.58217125465317,19611.45056802496,-2619.2870119489376,19629.465386186166,0.04076409591267148,0.3080482482910156,-205212.03703078695,0.041577748362048306,-8.304888725280762,13583096760.057892
75,0.37454656705230205,15.640396770385786,-120783.91283392948,49480.57774430455,-80146.41785810071,0.023520119800949337,-1.4844799041748047,-88587.51575346166,0.02386838038852209,-3.5536022186279297,13583096760.057892
75,3.1557399202892995,13.725164863691496,48642.02488303758,-13682.213422206889,-207865.81911920544,1.0813418868185387,-3.779028596027331,14040.247978186067,1.0813414155920473,0.6274559643816247,13583096760.057892
76,2.955738760053348,12.98107887869426,5727.256884686269,-8117.869317815598,-142022.9621413137,1.239940876513233,-2.5913186073303223,-97274.17143021918,1.2399406285746963,-3.913711726665497,13583096760.057892
76,2.8750489699148245,12.994741740039615,26308.891639750444,2651.8841275213827,-29554.581603621664,1.2271644670281403,-0.5729453563690186,-152153.67895064704,1.227165234308703,-6.150801181793213,13583096760.057892
76,2.828650755307352,13.049800406847522,54207.522396371736,-21305.309711881084,66794.09951894885,1.1722619669630352,1.1561415195465088,-198070.5138207342,1.1722640931318027,-8.02253931760788,13583096760.057892
76,2.9169201895888914,12.987133086648589,-26160.548959413394,15062.5469646624,-87537.11469289509,1.2341814282867634,-1.6135079860687256,-123962.12378367761,1.234182074136477,-5.001610279083252,13583096760.057892
76,0.06814735056260741,16.98726735950916,-62969.878543034196,22275.3665516764,806065.413050798,0.0,14.423207670069132,-370900.76720426657,0.008971369123520258,-15.06773259357584,13583096760.057892
77,3.15265953755349,13.253072676428642,-74067.11857330654,35603.038191050626,-116790.94846140576,0.20928583437605103,-2.1442549228668213,-51606.824498551876,0.20933134545779708,-2.0616211891174316,13583096760.057892
77,2.3530976832171686,14.58456239092353,68243.08080523708,-7223.57830601887,41784.30897897851,0.22040428766702513,0.7101325988769531,-142708.26737995003,0.22091672343116822,-5.789152145385742,13583096760.057892
77,3.129718379894814,13.263360947913593,-44621.833402984834,32678.185836038207,-225730.66548239288,0.20124377760019305,-4.105192422866821,-5020.4929506864855,0.20129057117009486,-0.15548241138458252,13583096760.057892
77,3.435181011475399,13.124395410930823,-9214.366539706507,-3433.9403776682707,1818033.5041270396,0.5090091700412481,32.68298649787903,-872050.5470268932,0.5090217624054637,-35.631115555763245,13583096760.057892
77,1.9096886055155642,12.065875328834553,88932.82394100333,-47584.342728594274,-906177.4839326758,1.1613953169198667,-16.35337627667468,249459.919425958,1.1613987510211796,10.256906074413564,13583096760.057892
78,5.660106423999942,13.343250928105,37962.298215511255,-11688.28129737995,-113629.20700439339,3.1596082758567623,-2.0841888189315796,-69864.91171752031,3.1526222773899617,-2.8001189678907394,13583096760.057892
78,5.533089566588756,13.519908268914923,36192.42003077348,1417.7751243152097,-3196.591581571407,3.0305736965073335,-0.10015499591827393,-119132.93468861353,3.0247743405739955,-4.808631360530853,13583096760.057892
78,5.393663194143483,13.592288622119375,17265.46228905765,-2636.667683123849,73798.43317170787,2.7698368623583263,1.283138632774353,-147533.7853779802,2.765354118930271,-5.96645051240921,13583096760.057892
78,3.336080801506834,12.577738296769544,-18952.317342211038,2264.2243157334888,2625366.269788394,0.6647650605827999,47.12463998794556,-1028007.3687287561,0.6647621747277166,-41.86076891422272,13583096760.057892
78,2.6064604135233975,11.067100667972255,90710.89737975072,-40463.63353957045,-2251964.42368273,2.743241193879311,-40.50154748228118,784322.497124697,2.742737742525867,32.02258941038849,13583096760.057892
79,0.5396357830080077,15.219703724032493,20856.203917140647,-15859.788510845241,35630.40316256161,0.15309260749665532,0.5916576385498047,-81603.43594579487,0.1519999292284195,-3.283261299133301,13583096760.057892
79,2.1998270983837234,12.107521803527824,-34339.54353962754,18704.27552631669,-176896.77238302917,0.21624458891012324,-3.233898401260376,25127.902763336384,0.21623818613785967,1.0801724195480347,13583096760.057892
79,0.6782601381330804,15.549207798688549,-65199.96920974676,45401.2309597365,-44010.5003345227,0.029689714860987912,-0.8419036865234375,-30149.643728212843,0.020080133424338575,-1.1797065734863281,13583096760.057892
79,0.5190589130449077,15.260808253082953,-961.7291087785885,3535.106318026142,92433.53725212996,0.1380832328995766,1.6141319274902344,-120573.18043643421,0.137383405367398,-4.876438140869141,13583096760.057892
79,2.4653481948933202,11.785030904954361,22573.510699064384,-6343.874108809878,-959778.9839370887,0.8002116269227674,-17.326024573746555,297944.47472530504,0.8002105716835445,12.233569758244233,13583096760.057892
80,1.7199858041464537,14.724916665572835,-6340.134934161466,1553.8922996710148,33695.63034359667,0.038426150049157975,0.5620079040527344,-82031.34743672231,0.04223736264524701,-3.307145118713379,13583096760.057892
80,1.229932842552384,16.164945822471044,-30076.099535763013,15923.328317785023,-110681.4581391229,0.00535240303484707,-2.0460472106933594,2269.419359263142,0.033359689549658324,0.14040374755859375,13583096760.057892
80,4.930475471116493,13.498861342097742,70883.67469778228,-16329.221595157147,-29849.803229653626,0.4143129703661695,-0.5858888626098633,-35630.288387798115,0.41431741910609515,-1.409535825252533,13583096760.057892
80,1.704023078387894,14.758586949955019,-204283.29766398814,86304.09536551275,76681.47855928115,0.045957849870290654,1.3385124206542969,-104883.61542854932,0.04965292564248163,-4.2417073249816895,13583096760.057892
80,3.475408127332381,13.718423268712234,-15195.603485223126,-5659.829909911159,-463296.5529395924,0.22812429918907556,-8.415753174400436,117060.08377371635,0.22817104730809706,4.834861935802508,13583096760.057892
81,5.940678417017615,12.29642017936887,37809.499737878454,-27763.28977504979,-244662.75923203168,2.852271232235428,-4.39851313829422,-33535.361551325484,2.852270998264328,-1.3186484277248383,13583096760.057892
81,5.773875692762593,12.240051986488973,-61447.355892393396,21931.59525318469,-315751.9733793334,2.8583916847855244,-5.665693521499634,-9270.438292790457,2.858391443494713,-0.33678388595581055,13583096760.057892
81,2.1265707007821084,14.823756908837854,23143.74135539826,-4365.804606034991,53382.092825248874,0.056760960953196306,0.9141998291015625,-85354.90563842817,0.05450803268104159,-3.4154930114746094,13583096760.057892
81,2.1306518860698835,14.75857732461856,17679.042384002798,1933.041149068186,78289.73527631558,0.05902964534160815,1.3581838607788086,-105654.88019296493,0.05676174324924848,-4.2369184494018555,13583096760.057892
81,5.878584565892162,12.271193605590906,26627.532458576807,-5856.667828761555,-271116.1225554646,2.8603709920405995,-4.870049973738787,-25306.416645777954,2.860370734729008,-0.9856694550389875,13583096760.057892
82,7.148567532552784,12.716609014506918,11218.171334685903,-15388.094441431293,-699758.8396004232,3.2544762839114187,-12.556687474250793,-267179.7485731351,3.246084412240875,-10.810207907110453,13583096760.057892
82,4.974151043134429,11.860346286282786,47420.87200842268,-28017.356138057727,-1113873.9037639678,1.7651852221725453,-19.964653849601746,177092.66324817453,1.76506767091674,7.23076719045639,13583096760.057892
82,2.257703567740999,13.523223866913083,-50270.64237545133,15857.934055953701,614370.3212196139,0.31874405675001644,10.95133113861084,-352326.27580881235,0.3186675624893729,-14.267830610275269,13583096760.057892
82,4.862249652894126,11.484941494611437,69818.62905384156,-25940.292530837705,-807184.2473376674,2.5106673175469933,-14.478384792804718,107967.09852993504,2.510502370412003,4.423722326755524,13583096760.057892
82,2.0784811772776437,13.650640502581112,-16998.40328047499,8149.488815181757,202228.52109186762,0.20379393207794633,3.5786638259887695,-137809.6114234367,0.20363839107262582,-5.5567567348480225,13583096760.057892
83,6.414017202475756,12.65530210732481,1302.024453507536,8327.952777040673,-236252.09714197792,0.7373558184256294,-4.276926577091217,-149296.09993368675,0.737232880658888,-6.032517313957214,13583096760.057892
83,5.262776093412431,12.28665877678146,83981.63375311237,-36902.36430225163,-406851.4791517269,0.502453563714627,-7.33557915687561,25533.812787176215,0.502451847513853,1.0826235935091972,13583096760.057892
83,1.0975995564870902,16.170151545687112,-12423.782367837885,3608.4655828180985,-441529.54380393005,0.028926836441549496,-7.957317352294922,113955.80993967858,0.020046231258734785,4.681178092956543,13583096760.057892
83,2.5644934808224455,13.276069592364312,-3741.116134953348,8953.018537620672,368655.69615040754,0.16824305815859128,6.568381071090698,-191656.24307440457,0.1681915595476233,-7.756469368934631,13583096760.057892
83,2.5205930840668422,13.20295150268712,24996.7760690165,1714.7145945168184,597045.8011322806,0.1865048108039173,10.663155481001013,-275173.76778243796,0.1864680821092773,-11.15542408607871,13583096760.057892
84,7.737647897132878,11.868117097986453,-23105.34528978926,-6885.880104935804,-197186.0072064239,3.4412814470552022,-3.591232566162944,-189874.08724878638,3.4412827119418625,-7.7061504777520895,13584551711.471079
84,5.340252194709503,11.798695264854283,-52869.63713590266,11865.507526702531,-275777.5785891535,0.7108396987388655,-5.004693880677223,28549.089427978575,0.7108396890795875,1.2098291218280792,13584551711.471079
84,3.496550473557384,12.244745561501782,-76198.24843670771,25168.264342900653,-982138.2204960302,0.5069526827440943,-17.708517253398895,415064.75685788377,0.5069519812285413,16.987302273511887,13584551711.471079
84,3.238744908137824,12.129867927915287,7205.006796254294,-10305.006700194235,-734029.4611125832,0.49787797228229547,-13.246306777000427,289609.9797412471,0.49787724780673354,11.866269558668137,13584551711.471079
84,3.1322530312762,12.057680100255062,-80719.64821178668,40587.548239361095,-583730.4438766678,0.5448168190873796,-10.543194436391786,219556.51610642963,0.5448162503505156,9.006704643667035,13584551711.471079
85,7.867276918282437,12.638915984000956,8923.206771859326,13295.742688334743,-112215.97908773141,1.976174701331804,-2.051986873149872,-57039.98391330202,1.974988448594074,-2.291562627069652,13584551711.471079
85,6.546731569849499,12.28219826379832,212601.09725736937,-88408.11526412873,7902.806005270335,0.9069430402079468,0.10729515552520752,-81391.30769417922,0.906807810823794,-3.2861591428518295,13584551711.471079
85,2.5504849523176656,9.579253271395526,-17411.534984651826,-5771.545973229068,-156987.5979693701,3.9990562289069476,-2.8568114638328552,17665.62576609955,3.995070542296245,0.759685829281807,13584551711.471079
85,7.349540146898937,12.298884387163783,21461.234475427187,-21452.46369875382,-59449.31647482923,0.8691652720077747,-1.103441596031189,-64519.309632690325,0.8684782693711864,-2.5970454569905996,13584551711.471079
85,6.319215083238235,12.176892200075438,1488.9964356158393,-5589.620044642854,70855.84480818533,0.764168457139812,1.2389529993201904,-95155.83929682554,0.7641410470673504,-3.848352611123005,13584551711.471079
86,6.110405606429084,12.649601433618715,39508.862569509925,-13969.246373766257,-64803.88307735624,0.2650426777468976,-1.1955594718456268,-55580.4710065163,0.26505134089241883,-2.1996516287326813,13584551711.471079
86,6.072973465793856,12.815664137247953,43661.61360178149,-5178.784867201153,-80485.3658829076,0.38150349176610576,-1.4743691384792328,-17974.885314025436,0.3815218249907792,-0.6792490780353546,13584551711.471079
86,1.0455260186512207,15.811965201019262,-31518.149232333406,29396.154461849226,-214668.8220407864,0.024890123537891468,-3.8600902557373047,37888.980717832805,0.036186055919930585,1.5793399810791016,13584551711.471079
86,1.5929200016473106,11.912487315033177,-1199.857325960679,-10518.487557958553,330573.79229192575,0.6296533408932684,5.834076642990112,-181023.5784863583,0.6296575648553796,-7.271345555782318,13584551711.471079
86,1.8988263091686572,12.356791187405557,-27917.372898228277,-3896.9674880773855,87163.58408007126,0.376656462651852,1.5063533117029095,-51097.369699096496,0.3766674222299703,-2.0183988031930795,13584551711.471079
87,5.4986602136303055,12.17921199532634,29683.169565330907,-4099.575516928213,-168216.12727678794,0.11935739618698275,-3.0464231371879578,12565.554387533519,0.11935160239016991,0.557289831340313,13584551711.471079
87,5.520953370425946,12.14680210256336,-77640.51835146248,23817.36522258949,-193470.2136413632,0.12565943062300547,-3.497178018093109,23492.93258046562,0.12565343627392211,1.0006298050284386,13584551711.471079
87,8.44096500658905,11.473498372827969,-9056.480883484834,-13769.191218667329,68645.7718807247,2.4931441562640826,1.1812751293182373,-65152.79195108086,2.489209143121599,-2.595858985558152,13584551711.471079
87,0.10500333200928581,14.44675804650925,12068.67213366802,17297.70328456378,2662331.659843095,0.4194759089450895,47.47542953491211,-572244.3995830482,0.4193415747331784,-23.16931915283203,13584551711.471079
87,1.2438863244374236,16.254745592326238,-51895.63266443214,23639.804910182855,-474900.9657221778,0.027175044247418165,-8.520376375218405,155300.65013592003,0.01708279387275742,6.348264800468023,13584551711.471079
88,5.129454148445093,12.604074984956615,-119186.44331720119,55584.75680459971,-198575.21777631855,0.34982878288458913,-3.5908744633197784,10567.945417735886,0.3498288102302046,0.47252748906612396,13584551711.471079
88,6.17426177033131,12.39302947996909,8853.97592035069,-1656.4170893275327,-39078.76172617402,0.09093175641367586,-0.7384903058409691,-45955.445406429535,0.09093177137149022,-1.8262881971895695,13584551711.471079
88,5.139738559385208,12.613467150851875,-8214.570612036023,2149.114135201216,-174959.3740704848,0.35673010712531156,-3.1685361862182617,4545.762242076415,0.3567301567528132,0.22760429978370667,13584551711.471079
88,0.5992934212827525,14.492370934009616,51311.2379348147,-15138.709052695045,86207.54999589223,0.0773211732665799,1.5020904541015625,-80354.32887878614,0.07746648777924688,-3.2252964973449707,13584551711.471079
88,5.0778437330743085,12.556412347236416,-25877.35454639584,15237.62000483971,-316124.06162969314,0.3256846590440871,-5.693080795928836,41002.85342652872,0.3256846813105328,1.7103202491998672,13584551711.471079
89,5.765152426560464,11.861314555623457,-86736.10308087493,43862.41602419902,-176640.88395400275,0.34210226686404305,-3.1916313767433167,-79545.17234460915,0.342103138759275,-3.1941423416137695,13584551711.471079
89,5.797721024334017,11.806918292674823,-9506.434056171678,8616.873547481258,18246.15357536758,0.44046338947194474,0.2906235456466675,-178382.41892587894,0.4404640444553212,-7.209017902612686,13584551711.471079
89,5.724391559019517,11.937993508117207,22500.37718049092,-17345.191004069595,-380679.5545060528,0.2237797988632569,-6.8374083042144775,32774.361723262606,0.22378133095385927,1.368398278951645,13584551711.471079
89,6.707985045800892,13.221739008213639,-451.8928403697386,-3891.847642076392,-2122434.9268009304,1.1056200828252096,-37.959212481975555,1003597.6090367158,1.1056202771148733,40.80428570508957,13584551711.471079
89,4.584677923032736,12.478511449810522,50870.201792462896,-23032.681183134562,6861418.384745023,0.5320079265148507,122.56489323975984,-3183898.1530159004,0.5320093829588318,-129.29630874062423,13584551711.471079
90,3.8644810810770758,10.63746205024712,-69935.12923791452,36841.95686712281,-116023.27857410701,2.0579927561649427,-2.110822305083275,-11590.636568639931,2.0579927561649427,-0.43504174053668976,13584551711.471079
90,6.370152003267497,11.311127940077693,-34328.76975182457,18586.845278678327,3999516.8982768278,1.4009963344867868,71.55260730162263,-2020328.5823202527,1.4009963344867868,-82.05709634721279,13584551711.471079
90,5.773266704990978,10.78548141166205,-44263.33901788163,6966.296781136313,6326701.457358385,2.1857711327862264,113.20653086528182,-3060102.3782675294,2.1857711327862264,-124.30674555152655,13584551711.471079
90,4.214172813596045,12.498256651467448,50058.36394269915,-20136.586970068787,-2937704.458803899,0.4256996080748131,-52.615665912628174,1402738.0065111055,0.4256996080748131,57.03408208489418,13584551711.471079
90,7.010670774983227,11.557441016865333,33481.50008458948,-8647.414757489494,1636786.8857839203,1.4960557547192272,29.262461056932807,-902331.6676378117,1.4960557547192272,-36.62896799761802,13584551711.471079
91,5.222255291467421,10.358013252435686,21373.580180061443,-20926.103307250167,57939.0929740423,1.462540680200884,1.0071473717689514,-69774.46544424749,1.4625386605547033,-2.806403798982501,13584551711.471079
91,7.346247119352743,3.731302253061417,-30297.303686690317,4237.45487356709,-102852.30942845797,5.676237194163349,-1.87458735704422,5368.214644723694,5.622834914474942,0.2509949916857295,13584551711.471079
91,5.849288221711622,9.71555829124815,25780.850051648416,-7874.55098862721,-2531995.9937638044,3.0611492081236715,-45.410172045230865,1187015.8092851045,3.0575628702328492,48.329768899828196,13584551711.471079
91,5.200703140874248,13.092863583524869,-29375.09680572236,21749.44877679708,4167540.8446485535,0.3100146242974655,74.66022777557373,-2021428.5300424853,0.3100098665940419,-82.21513356268406,13584551711.471079
91,5.018697617118391,13.320604206871197,96841.17025657897,-25418.72956394274,1498387.8998716911,0.21119799375658363,26.823150527979408,-722990.2778014862,0.21118933081180458,-29.384391600079198,13584551711.471079
92,3.2688496817581596,13.196108081686711,-26872.806638894654,16841.018935357104,-134856.16368864654,0.028218164246517047,-2.454179286956787,27785.656685188624,0.028218164246517047,1.1682597398757935,13584551711.471079
92,1.1878192054781715,14.80980648888292,80920.8575141576,-39295.01622389017,66971.6176758161,0.06842004580943715,1.1675434112548828,-59866.42599566314,0.06842004580943715,-2.4073104858398438,13584551711.471079
92,4.153192663207161,18.44663569279564,-13824.171326041152,16810.911849539527,-285198.7354959873,0.3170877870036469,-5.152019500732422,81700.16500900003,0.3170877870036469,3.3675812482833862,13584551711.471079
92,5.5884257460955755,13.074714100904236,-19174.085015029337,20562.98385335318,1975869.8872189722,0.20637112297009624,35.421996116638184,-942836.4513312996,0.20637112297009624,-38.426093339920044,13584551711.471079
92,5.229051755098431,13.983406454791966,-1286.2493040419147,22156.85360154953,-486436.79568281973,0.8057980711815295,-8.763159876925783,196551.4761048608,0.8057980711815295,8.052683025431179,13584551711.471079
93,3.8540503783703404,13.024115992482283,-98984.15289778929,42060.74280499596,-138810.9087321605,0.38211789277630026,-2.532348394393921,-88737.76901806367,0.3821174695230676,-3.588148772716522,13614672337.218378
93,3.8794507649839383,12.906392091638164,-25186.63419609102,-6246.390795874489,-6406.584494549317,0.39461302778465773,-0.14999830722808838,-143846.28155595716,0.3946130626621362,-5.835844814777374,13614672337.218378
93,3.9085613798886603,12.960731978624827,82613.41128789839,-26816.583987759986,-57404.8258568964,0.4159302433948155,-1.0676093101501465,-125710.98341797414,0.41592969793779594,-5.096165299415588,13614672337.218378
93,3.893656205611503,12.83129780536337,1903.4230126409457,18042.796021320137,93032.9464310507,0.3879921479267708,1.6392164826393127,-176132.0324813724,0.3879922770908008,-7.152675032615662,13614672337.218378
93,3.858124294298674,12.697468332358868,-39229.3271063917,-7603.097142442136,241975.4900426704,0.3393306610446673,4.3191386362319975,-210258.94755101876,0.3393312547281137,-8.544600315974492,13614672337.218378
94,4.282484743679639,11.876832567416276,9418.451724953167,4271.355902483117,-177969.73799974757,0.7368795137604807,-3.2294729948043823,-109760.41374786849,0.7368787053106797,-4.448112219572067,13614672337.218378
94,4.253178367825263,11.985389135585695,5157.136665639531,-7652.005191209918,-60555.054945338736,0.6545022651750235,-1.1194909811019897,-183686.04506129204,0.6545013288573476,-7.4636360257864,13614672337.218378
94,4.317239336732961,11.669415921840178,-39128.63452148292,12925.567225980043,-313920.4095955283,0.8196153079426319,-5.672553062438965,4154.772917039105,0.8196147094852483,0.1986381858587265,13614672337.218378
94,4.692711789075762,12.176550476656956,55364.31510957423,-33237.86794045994,1623207.493808777,0.2814116728352683,29.13829791545868,-859006.1229058946,0.28140946136107414,-35.01083089411259,13614672337.218378
94,4.710229760965699,12.17365630879075,64335.25139323545,-30445.242509959848,1723404.1327164099,0.2737990224853915,30.93886578677484,-902677.3143703169,0.27379693022627644,-36.79223627634565,13614672337.218378
95,3.639244386558159,12.810583828474384,80459.85881384076,-30183.50788195038,-321132.0726116855,0.10836865183954644,-5.819212198257446,-29524.913461077576,0.10834418666074451,-1.1725221872329712,13614672337.218378
95,6.109507912494787,13.67177424656017,106266.39934513858,-36435.19085887035,2372208.9951632535,0.874791873412894,42.69604057073593,-1051618.7395469144,0.8747910203488,-42.924323320388794,13614672337.218378
95,5.829412270474746,13.364903438906738,-37037.39551734729,9683.971463750631,859167.7394259315,0.1954710614315883,15.441572189331055,-399019.2659760009,0.195467218894609,-16.266101986169815,13614672337.218378
95,4.356665761592699,14.078206986938325,49655.06633456959,-34781.66915051508,-1089909.5863226203,0.8011970177127937,-19.667230129241943,415696.4398313489,0.8011923517281291,17.014451384544373,13614672337.218378
95,4.286973557299495,14.078949598365199,-26651.350444461972,8139.844193736542,-954703.2188347365,0.7618529160544644,-17.231752805877477,349312.1145373446,0.7618491206890513,14.30269921728177,13614672337.218378
96,3.805881257255887,12.44115979846744,-39269.18962125047,27079.929688166536,-56075.04189006188,0.12165744494588883,-1.0486535429954529,-114791.90457205815,0.12166190378360642,-4.645102560520172,13614672337.218378
96,2.1934129120893644,16.25954257471513,-39138.7360879541,1454.8922132645118,-421729.28809833253,0.07956727006332265,-7.621431350708008,162582.1641240826,0.08253544925884056,6.6762847900390625,13614672337.218378
96,5.6795012541278425,12.780385890571083,12135.949275727693,-7073.011362884526,1815403.8573999882,0.18414299514936117,32.59191019833088,-837178.692683358,0.1841437646970949,-34.13026922941208,13614672337.218378
96,5.215327975420546,12.918743654014495,65537.66715896777,-22275.75365943916,1249227.761254028,0.07402047559045123,22.41467386484146,-602463.5359203884,0.07402434475586836,-24.550061464309692,13614672337.218378
96,0.31108208343839716,17.546040500536375,-38074.70720124112,13188.512538526747,566899.0733149388,0.03182525104784005,10.14954935402912,-281228.67624042335,0.033722340094929956,-11.438438254414336,13614672337.218378
97,4.362685301265364,12.241051170744003,-22751.47225278156,16652.079797042636,-74212.27697436268,0.09630113415523828,-1.3757153451442719,-57486.32241261952,0.09631532697880651,-2.3135921955108643,13614672337.218378
97,4.359953056750141,12.352427718688203,-53186.04609315197,26536.209211747046,-125550.86628611552,0.09049817027555589,-2.300493061542511,-18544.923478333618,0.09051583329896204,-0.7199904322624207,13614672337.218378
97,4.5377715412759425,12.335855724880645,74068.61588174201,-22151.354328746787,43271.70893984119,0.06233225057245656,0.7405596375465393,-77864.12345852381,0.06235240720668886,-3.1475144624710083,13614672337.218378
97,3.8123243664593187,12.935003054685215,126370.12550356964,-63120.170232732504,-169847.5625588615,0.013711713545144449,-3.0984230041503906,18558.99007288216,0.01400700355233306,0.7984157800674438,13614672337.218378
97,5.055886926766498,12.380576593704477,25915.39867022096,-21971.11461132946,1147037.4662976065,0.05528099877005268,20.62302992377647,-550639.1014693623,0.05530112296454494,-22.494920030751018,13614672337.218378
