step,intervened_set,relative_hv_improvement,previous_hv,current_hv,cost
0,,,,,0.0
1,ciweightbmiaspirin,0.13485440542677649,0.12599101466755142,0.14298145803966034,20.0
2,ciweightbmiaspirin,0.6909943881694052,0.14298145803966034,0.2417808431573449,20.0
3,ciweightbmiaspirin,0.045717684935570206,0.2417808431573449,0.2528345035682689,20.0
4,ciweightbmiaspirin,0.09019997669340395,0.2528345035682689,0.27564016989741513,20.0
5,ciweightbmiaspirin,0.03665161288580045,0.27564016989741513,0.28574282670027146,20.0
6,ciweightbmiaspirin,0.012189714788344765,0.28574282670027146,0.2892259502605632,20.0
