iterID,x1,x2,f1,f2,Expected_f1,Uncertainty_f1,Acquisition_f1,Expected_f2,Uncertainty_f2,Acquisition_f2,Hypervolume_indicator
0,37.5,25.0,28022.978078982578,-37013.52674418374,0.0,0.0,0.0,0.0,0.0,0.0,3664832868.5962095
0,12.5,37.5,61823.667453937116,-13028.008022706734,0.0,0.0,0.0,0.0,0.0,0.0,3664832868.5962095
0,50.0,0.0,-119975.34624304278,9788.074641611427,0.0,0.0,0.0,0.0,0.0,0.0,3664832868.5962095
0,25.0,12.5,42410.54281659211,-27398.361245588872,0.0,0.0,0.0,0.0,0.0,0.0,3664832868.5962095
0,0.0,50.0,-110703.05319674982,-5226.457661734812,0.0,0.0,0.0,0.0,0.0,0.0,3664832868.5962095
1,39.913276420142004,25.000182558855688,-44844.48242694665,25535.441851736105,-6645.742040807314,0.9637758807652808,0.16527483457781705,-23134.529970863427,0.9260273148975051,-0.520630909085367,3664832868.5962095
1,0.0,48.0969625596962,139901.71128952174,-69843.42623973177,-57358.705340368426,0.9118882827569537,-0.47755804545780695,-10299.537704143575,0.8907650986204776,0.26011356309826567,3664832868.5962095
1,38.51945630199145,25.29773196938544,-47082.50697881515,14456.111552561988,14885.722077380513,0.6901182757290308,0.4382057025438419,-32315.512430181454,0.6131422081385475,-1.079104272790737,3664832868.5962095
1,41.4236991314714,24.99996571463056,130579.59358051229,-41159.3316941294,-16562.90857859601,1.0001477038358753,0.03956573945706716,-17395.999529083056,0.9942242823041615,-0.17155972713423623,3664832868.5962095
1,0.0,48.85111786514028,21755.763310063765,-3267.124277751356,-82512.91820040348,0.7245872905080882,-0.7964105448144243,-7826.182354740472,0.6929485458304971,0.41056620667323507,3664832868.5962095
2,1.892573238964168,50.0,-28588.980202308514,-14657.768705093526,-31960.31548762266,1.1567649975238454,-0.49216807928836853,-11982.592622641023,1.672991708908944,0.09854463986441298,4198757855.9207125
2,37.853704693122616,24.804469164776403,-24597.383849589074,14682.728493010194,7451.529847842808,0.32649897701480796,-0.03196358710982228,-23449.485321992885,0.4722732490748991,-0.3149104021287745,4198757855.9207125
2,37.11167376605085,24.90098274153773,-35124.730496146425,28331.679138152696,42991.87114143908,0.32757602914652617,0.3830341014696973,-46325.4839283635,0.47380384320018887,-1.139736901548941,4198757855.9207125
2,1.128179435009502,50.0,-26781.787166976428,15881.869574492424,-68148.45825804182,0.910446901441356,-0.9147300203695472,-8131.574824395371,1.316863380517627,0.23739853579213577,4198757855.9207125
2,37.6531882340725,24.957596943354226,-6760.325945463396,-7841.748813252658,19588.850856529905,0.12477856946398595,0.10976156185661035,-31504.76183041613,0.18048677075857386,-0.6053547949018157,4198757855.9207125
3,2.791727509909431,50.0,-72056.9355155231,34930.28133788421,-35530.77775088416,2.2523230879913694,-0.4749594068780978,-33767.69126609193,2.96063041598423,-0.9931314219349101,4198757855.9207125
3,38.14553913718883,25.966860316767715,27495.538224008298,-13662.969639840754,30546.726050329267,1.8408325528434772,0.4427100546931797,-63492.79492569518,2.419737041252238,-2.1120394185456917,4198757855.9207125
3,38.2243892910106,25.931332879920976,12465.467479909055,-7078.435877389481,13427.050921445758,1.726100432148173,0.2049558697733005,-48758.289831256145,2.2689246799794054,-1.5574053366913176,4198757855.9207125
3,38.0742116771541,26.01878118615858,43720.62226021585,-22305.882131839633,48948.12123773911,1.986817825626537,0.6982644785496177,-79083.01638750511,2.6116306917297702,-2.6988842505204502,4198757855.9207125
3,38.29895985015989,25.911074049177646,-13411.233969701574,3211.818777691372,96.48222515805287,1.6503580123646495,0.019823939929779044,-37118.44604767545,2.169363239361227,-1.1192600424682269,4198757855.9207125
4,37.54007351556795,25.06820020250927,6066.636158855968,457.9606531183701,38683.44619844499,0.15280706877567826,0.6066065054583305,-46083.65756576594,0.15282392376489642,-1.5992648441779238,4198757855.9207125
4,37.59399547037048,24.990500520055075,34697.11493711643,-23945.304373907475,9654.409016404234,0.02481314221442349,0.16384149807981885,-22138.26973982421,0.024818381939461207,-0.6490258530893698,4198757855.9207125
4,2.0675723119165395,50.0,-3480.7387608828435,2737.786890512685,-36919.782281913926,0.3160544652961611,-0.546530741430963,-12081.402996173465,0.31615328931292536,-0.2499332605005975,4198757855.9207125
4,37.50681541832031,25.131935112422298,-5779.027093502805,-5479.2023218277845,60539.77345959105,0.2814608252139406,0.9399698492152311,-63544.86263425797,0.2814893008757119,-2.2921881748870874,4198757855.9207125
4,50.0,0.5054151166382859,-79064.53201055026,41682.46527265243,-110746.66541454563,2.172318700985031,-1.6725743042941188,8668.719856070602,2.1734362927172146,0.5735061403312613,4198757855.9207125
5,37.09262166990157,25.346848028873747,162966.7132735975,-61781.87509774804,-57579.12367285299,0.7049151654462308,-0.8969562272395706,-149962.44382728386,0.7049151654462308,-5.896779744653031,4198757855.9207125
5,37.018059162829346,25.421426550739834,-30951.89009760365,6345.16737937177,-12332.688354755779,0.9750215863254317,-0.15646105613268446,-202787.27761340493,0.9750215863254317,-8.030989357619546,4198757855.9207125
5,36.92979758071871,25.342764935288365,58543.16349873546,-36721.52350554502,-93191.56980806381,1.0411568521946064,-1.4797832324838964,-95585.92170176869,1.0411568521946064,-3.6998793869570363,4198757855.9207125
5,36.998865453959354,25.478917536332947,33826.020011886125,-7549.877264168216,35587.31756991147,1.1124946564004954,0.6277892994403373,-253275.40501990114,1.1124946564004954,-10.070792214130051,4198757855.9207125
5,37.51901794398635,24.288621735222655,48888.52883121478,-15931.742656849026,1172209.0567314608,1.399791836037278,19.22953998558993,-732670.0392059849,1.399791836037278,-29.43911887705876,4198757855.9207125
6,37.458468453528816,24.638108893763054,-54082.546578321475,-10229.09225692509,-180059.3102952542,0.22678091556285554,-2.876185681729112,-71342.88675125437,0.22678091556285554,-2.5044843274517916,4326292853.028135
6,37.50998649845437,24.586553348513362,-90544.71588116296,34939.926153370696,-108546.41430126395,0.23272231193579793,-1.7754334942437708,-96356.705070723,0.23272231193579793,-3.4810832079383545,4326292853.028135
6,37.38845506255739,24.704437403887965,9932.54998221841,-3363.7133260444866,-244596.88798003364,0.20202176835912186,-3.869571263785474,-30327.119312826144,0.20202176835912186,-0.9031313452287577,4326292853.028135
6,37.52190551415479,25.637014871648784,-97525.78123786903,29385.511414911613,321676.346587865,0.439149726353832,4.846709806937724,-174179.92897678007,0.439149726353832,-6.519486716424581,4326292853.028135
6,36.494047673022116,25.2862610752614,11554.847598332315,1263.658001659168,1513912.364058869,0.7954976768064729,23.19803492094661,-603284.5360508817,0.7954976768064729,-23.27274979397845,4326292853.028135
7,36.39703666247933,23.506833484971928,-688.9773723998117,9498.898824581222,-1147023.870624748,3.6245827416929473,-17.580255642620614,-691144.6544533806,3.6245827416929473,-26.973426467957324,4326292853.028135
7,36.206111481282335,23.710879462516615,16388.968363304895,7006.682952693281,-1682363.5712569165,3.6136084582050145,-25.78873910807306,-356442.86124625156,3.6136084582050145,-13.821875583496876,4326292853.028135
7,36.623338246224314,23.328906676988158,29792.30519680711,-11049.322485386752,-584259.3328010872,3.5691258665331156,-8.951261009467999,-984201.387219777,3.5691258665331156,-38.488603892255924,4326292853.028135
7,36.08246051314056,23.795016055462405,111061.05933009356,-33449.895154881524,-1931805.7520537518,3.6838817316388077,-29.613491903801332,-181202.38172597176,3.6838817316388077,-6.936092088450096,4326292853.028135
7,36.29465160009282,23.61905284781514,-14839.43956652933,-943.0810966867172,-1442271.5891921576,3.6123886209498055,-22.107355002543386,-512841.709338667,3.6123886209498055,-19.967308475413006,4326292853.028135
8,36.957409398461834,23.9318850628886,-6320.163580534228,11552.850199404023,-275724.6654580656,0.8857083895425639,-4.379046797927003,-229183.8578803399,0.8857083895425639,-9.18107915535802,4508660493.383554
8,37.08177549906807,23.845057933314518,-42663.978473610485,19830.112005502895,-85105.93960030645,0.839714171593797,-1.385578550543869,-378299.9564198008,0.839714171593797,-15.28297736987588,4508660493.383554
8,36.85963025574221,24.080844874314256,-7257.591963954486,-19826.83598868545,-477982.9937343265,0.90499937270042,-7.555302859545918,-52284.42087226591,0.90499937270042,-1.9422741611197125,4508660493.383554
8,37.137105905770454,23.787916597195764,67170.69483661342,-45323.98417896702,13680.11893189486,0.8370665030883729,0.16575345091405325,-444499.9803699823,0.8370665030883729,-17.991912299767137,4508660493.383554
8,37.02883099502768,27.1224110437571,-47421.206060876255,26415.781332467668,3871810.6778354947,3.5684570068605694,60.75366930423138,-1134887.4369929635,3.5684570068605694,-46.24287936606606,4508660493.383554
9,36.50888218094457,21.98994289399703,-34709.743187958535,14818.462676598598,-267429.5876978395,3.8776350929129397,-4.369083126424812,-185736.32653489272,3.877635092871814,-7.320340408925404,4508660493.383554
9,36.74717022996204,21.96598259589307,-19688.030198694247,7197.227806211881,-55352.287277182084,3.8813253032251485,-0.9296067776667769,-322727.35095694254,3.8813253032189547,-12.851964784851589,4508660493.383554
9,36.26387384674832,21.901495871814884,51237.5071541311,-28416.782172577703,-372783.2762598771,4.178105448826669,-6.0777125711829285,-101717.63244289329,4.178105448797924,-3.9277104301836516,4508660493.383554
9,36.0313190609548,22.350713834560867,-52662.28644938956,12405.536840066421,-460453.5083487795,3.44228139650326,-7.499551160988631,-20557.237445217295,3.4422813964395567,-0.6504970417663571,4508660493.383554
9,38.12173716918932,27.352986830455468,60122.92730873482,-22282.33592937222,-1126962.754298054,3.1190430266122844,-18.309019138579814,289006.76097166305,3.119043026146648,11.849531823455905,4508660493.383554
10,35.332866626600534,24.649953688109637,75460.82063862475,-26277.593361270843,-154083.40677756933,2.558187106067435,-2.58685003874416,-129482.03406915601,2.558187106067435,-5.171673939694301,4508660493.383554
10,35.432308340719935,24.69405283652553,-82447.93271739155,48257.72625828901,-285659.04917410586,2.3709914939966548,-4.769529186014552,-53655.68089541947,2.3709914939966548,-2.0383308588207,4508660493.383554
10,38.006652067617786,23.04163357148747,-61758.775844379954,40487.29258870711,2715313.4494545157,2.610166533801067,45.0129379559512,-1519817.1226645287,2.610166533801067,-62.62395335981273,4508660493.383554
10,37.630045310042995,22.887571751408387,12777.152536650741,-17530.918655659556,1934486.1870634044,2.000500239397105,32.059967693377985,-1177008.6029912531,2.000500239397105,-48.45820941691636,4508660493.383554
10,37.344358930709134,22.814112608753813,46998.41310178985,-23632.560893605874,1199373.1984841432,1.5401896016222623,19.86534137930721,-805749.86893012,1.5401896016222623,-33.116828262544004,4508660493.383554
11,37.35821184096047,24.09880459624227,75614.87290820929,-14556.112309905171,-48446.71483345132,0.16570246166701005,-0.8278162350761704,-81763.93084681463,0.16570240497427235,-3.098358134360751,4508660493.383554
11,36.736911859253404,25.004336726595948,64205.94266695054,-38668.75739113331,-162337.77483712594,0.3138117645621164,-2.7145200034137815,-25165.19530488114,0.3138042910062231,-0.856330981652718,4508660493.383554
11,35.84172850353898,23.223762704839075,54747.333210907054,-20174.621624586904,19194.55067436417,1.0860576732423837,0.29271974487346597,-128009.56581880672,1.0859360239602622,-4.930271308898227,4508660493.383554
11,37.27125575980626,23.98040275573618,-99177.32267122468,47719.2262117334,-77603.73094754017,0.17007155039370384,-1.3108273877878673,-50905.91397015144,0.1700714451147647,-1.875989629945252,4508660493.383554
11,35.79363608165214,23.178228545608352,-107880.30727455037,51154.695201909235,50596.37886162929,1.1852103543212804,0.8129181482572942,-151252.35924310386,1.1850447384763814,-5.850980463671647,4508660493.383554
12,35.111427471064204,23.752627916751056,18659.64416779021,-20287.789685028398,-119723.85942431603,1.5714178216772152,-1.932976001422503,-81937.6976908514,1.5711440416883813,-2.9804828052874655,4512976556.760012
12,35.06843439976288,23.716348768456797,30562.064417496367,-358.3146080004163,-230091.25177091564,1.6788359493977654,-3.697362363454886,-32310.988712033693,1.6784242899185422,-1.1107953922255547,4512976556.760012
12,35.14425472365828,23.779362133863433,9005.905465296879,3442.19484185525,-41442.55810589637,1.4919899340695557,-0.6815333650447428,-116776.75768329318,1.4917985466315156,-4.293045199432527,4512976556.760012
12,35.036837944275824,23.68856046490543,-53297.77318258923,24858.66893980354,-316436.66327891714,1.76020459941969,-5.0777217544818996,6833.474819382133,1.7596675469398912,0.3639731802177266,4512976556.760012
12,36.906180388292235,26.563036500928916,-47081.50608054519,20866.402810168212,2103964.839281357,1.1848351619164565,33.61598397654427,-601257.6376396797,1.184832463717655,-22.545873600974346,4512976556.760012
13,33.623143443398526,23.826853730780396,-29251.79905759831,10642.292889948758,-4360780.2140362635,3.8074560893656786,-71.58457192603964,-563088.7960099191,3.8074560893656786,-21.578337077691685,4512976556.760012
13,33.621982806390314,23.364978997775925,52972.19825118339,-23821.073419754302,-6857494.275459188,3.757396617645865,-112.56526458711596,-274569.09177665424,3.757396617645865,-10.479069631779566,4512976556.760012
13,33.62887372947731,24.33989430533682,68196.0881697062,-15205.9019643156,-1928143.2177532278,4.035186118262749,-31.655630666413344,-916450.1810852089,4.035186118262749,-35.17204475332983,4512976556.760012
13,33.75014365700642,24.634526126218915,-64237.07030509657,16874.591181298234,-900739.9645065465,3.965264708278141,-14.791986723023001,-1124591.677738353,3.965264708278141,-43.1791863940889,4512976556.760012
13,33.58700909383157,23.57619120996648,-35510.66161153373,10737.782000595796,-5745863.599764887,3.827210367323222,-94.31912427928677,-400732.43559097766,3.827210367323222,-15.332536047832711,4512976556.760012
14,34.9513334122795,25.49497061734255,-42676.30640911076,14535.615503470424,-881443.2818010929,2.535712849874778,-14.609958205139264,-605813.5331157831,2.535712853473756,-23.747237553820014,4512976556.760012
14,34.98538320122982,25.8053994535065,25203.360383424744,-8426.756202743285,-1014813.6014321226,3.195309269965416,-16.819811122491956,-481516.54710129835,3.1953092710780435,-18.858572113735136,4512976556.760012
14,34.89343141944807,25.23753169969182,-23519.789599914857,4082.89505113974,-585533.4953591789,1.9322619590478933,-9.706940002506599,-689318.2470111939,1.9322619646890502,-27.031521606026217,4512976556.760012
14,33.9573890907169,22.63404216544339,38313.15499260218,-16697.687149258632,-1656392.4248225314,1.9051816448660917,-27.450323507131543,-34304.47531180248,1.9051816493785307,-1.2694875361630693,4512976556.760012
14,34.00758015786864,22.770519539128145,114987.6022498505,-39283.19777263615,-2095339.649786812,1.5672117237873766,-34.723372025982826,-10974.259738641991,1.567211731374229,-0.35189796107113125,4512976556.760012
15,34.370733335913314,23.72815067683616,28352.477851467233,-7303.856440888603,-1056045.05797092,0.9031519486279218,-17.55138529080432,-110325.818044629,0.9031363999339131,-4.298470794921741,4512976556.760012
15,34.39367788664371,23.905061360284858,115449.62392754879,-56487.169408509406,-387581.2023328826,1.0143570961350503,-6.460288932314143,-191467.97921375924,1.0143146388262774,-7.5332723463652655,4512976556.760012
15,34.370589237181264,23.552892090786482,-37395.96570962943,9865.329073447261,-1681312.205553414,0.7876561123054595,-27.92576548375655,-48064.672992796826,0.787655238142045,-1.8163770756218582,4512976556.760012
15,34.37883359224629,23.802971362274818,-49333.18753541469,18480.855775608674,-767578.9140665659,0.9512388389613154,-12.765179168782197,-142731.01546224943,0.9512130098395302,-5.590331664425321,4512976556.760012
15,34.398710886619504,23.46983434011326,73976.63943063453,-33451.744571213574,-1978616.2078146096,0.7205256496123426,-32.858608612120406,-18000.22725873493,0.7205250500280479,-0.6178322710150042,4512976556.760012
16,34.83490239259858,23.113392217522467,12552.121770257147,1504.776125524776,-878235.4088369523,0.6404005285460251,-14.5111988929566,-193718.6368028298,0.6404005556056975,-7.498488854849711,4512976556.760012
16,34.7611121813504,23.06067054161669,108871.21467230907,-59913.37904630181,-437063.0056702644,0.6764190342827021,-7.249013008316979,-281241.1035153774,0.6764190555022471,-10.94335509033408,4512976556.760012
16,34.909485979138424,23.156953367043972,-86732.26822611748,33066.638731331455,-1263786.0007878535,0.6099654989000907,-20.85778822307475,-94150.45734144136,0.6099655292787913,-3.57950585038634,4512976556.760012
16,34.7948134981808,23.084847853311892,-48491.58969965839,8525.364701778879,-639442.7169775689,0.6609196423355348,-10.58040697639808,-243922.37481970317,0.660919676346803,-9.474497627059463,4512976556.760012
16,34.865120975473204,23.13311027563156,3506.081795432495,-1531.273848175041,-1047132.8876839281,0.6259981487353116,-17.29143826883228,-153504.58120131353,0.6259981805610907,-5.915671921815374,4512976556.760012
17,34.76578645579407,23.45690397613201,18157.82423175302,-7020.238911728741,-465874.6631377455,0.1329292537292455,-7.674675764515996,-156826.571271255,0.13292977603542572,-5.966148232109845,4512976556.760012
17,34.72900956545378,23.387992247161012,-1381.711177043535,-3541.597495315288,-172140.3307487909,0.13682664547081294,-2.866679660975933,-224048.87782738663,0.13682675577884526,-8.577338392380625,4512976556.760012
17,35.18464661526875,20.998062322649336,71048.22694396353,-29943.195271881483,3049513.6095729955,3.6069220875612347,49.86702520097606,-1044837.2272209694,3.600004433097718,-40.46012509521097,4512976556.760012
17,33.35319731088688,22.855047118392257,13663.832913117387,-5429.432762668233,-1242908.639844986,1.1817027993647131,-20.393571448046714,308760.51062329515,1.1809621805897692,12.119164058938622,4512976556.760012
17,34.72337713119827,24.31273073576076,34758.20958052192,-10788.652715669688,1614654.96450918,0.4598596353886809,26.380513704381883,-755049.6009245013,0.45985959929950065,-29.203584861475974,4512976556.760012
18,35.272167482025196,25.053076630325542,-1372.3877516219522,-20288.98838089735,-283961.39807140303,0.5087989916522326,-4.811809167382307,-81162.2753382948,0.5087989989748137,-3.0757983583025634,4522245632.022112
18,35.19856206034718,24.94490242233895,1351.5690750095844,3616.834484294112,-144796.25619668234,0.38952781965860445,-2.4891221004072577,-140840.0920561083,0.3895278284310553,-5.444969932781532,4522245632.022112
18,35.343836943265885,25.078727398076932,-86860.74594848444,18982.44186622448,-397116.6169255276,0.5626201818158344,-6.7003867224557325,-31170.159100277222,0.5626202007978403,-1.0911429661791772,4522245632.022112
18,34.384073302097775,21.87016704299765,-70033.69625130139,10440.985211150033,5010877.620398242,1.7278261024847223,83.55984729947522,-1641238.8489215015,1.7278259199126236,-65.00985150272027,4522245632.022112
18,37.56730829522425,23.719481374932197,5331.926469282672,-10937.647073948261,625429.5374622075,0.4321894618821242,10.366061787470244,-398868.3936651009,0.432189321298266,-15.688530290790368,4522245632.022112
19,32.66456877580532,21.883038973487302,-29196.9960571509,9743.429881842405,-267968.9000056311,3.4517011087272027,-4.5436765141785145,-52693.4283724438,3.4514436936406017,-1.988705084193498,4522245632.022112
19,32.629434283225784,21.9328181112811,63948.604590216826,-33358.68797274505,-75903.82060184881,3.419095493745136,-1.31732695014216,-110411.04567307144,3.418838034559355,-4.320682428195141,4522245632.022112
19,32.47994985645663,21.6437084073971,8987.777986271865,10907.88192170107,-410591.6502432188,4.1205731080594585,-6.939483443158679,-3936.2830157623666,4.120168129554028,-0.018759621307253838,4522245632.022112
19,34.47352744755862,22.845138982748974,118819.1556325424,-46594.85719665303,4263827.671306089,0.21979454235325604,71.58239459432662,-1438570.8252914029,0.21979484795686757,-57.98260854603723,4522245632.022112
19,33.49352327495313,21.283198381723526,-41869.90325441946,10594.601612999224,-3175015.694653043,3.3120374422223695,-53.37685945226996,885587.5036763409,3.311855457368798,35.920861841444605,4522245632.022112
20,36.83410105178007,20.627776252059405,96130.01974023478,-51064.08254861983,-153788.82219700608,3.6256808841564747,-2.6346058250637725,-63162.60385509093,3.6171207579796434,-2.393966029281728,4522245632.022112
20,36.814313430949746,20.435266964314845,39714.25597737278,-28149.077604155616,-232365.3057947783,3.9890116246037546,-3.949952273047529,-30444.887737222343,3.9778379290099424,-1.0748542728833854,4522245632.022112
20,37.169758846101765,20.659779922418732,-127758.25597008585,39022.22451554799,16400.74830797514,3.8279086629158368,0.21431584714446217,-126507.96745669164,3.8169421975726383,-4.947922226565424,4522245632.022112
20,36.47525362148107,20.277675214924002,125936.95238924955,-59149.15984060473,-465782.01383410994,3.9916188801404417,-7.857277006376535,68537.4144916124,3.9806905391627865,2.915910793817602,4522245632.022112
20,34.29795385270089,22.584823918733548,89864.16470643181,-32129.122745843204,-2001623.1449880952,0.2589766607366773,-33.56679064243882,702784.3023050099,0.258973438010881,28.48745506541748,4522245632.022112
21,36.07807399187124,22.930767621876235,-68058.4959961983,22385.296916357114,-52242.14184613137,0.44372729454966686,-0.9295466025359929,-61532.60999158269,0.4437275728753001,-2.196166690438986,4522245632.022112
21,36.529541571728316,24.23156651105897,-17656.397293410908,13649.338148666497,-217295.69104324817,0.36984198825763515,-3.5839133055415004,-20044.802875654055,0.36984210284905383,-0.5885159159079194,4522245632.022112
21,36.502722001240315,24.291923295746884,32945.619686757156,-16434.650487054376,-288753.58036774036,0.41991980705200294,-4.733088485430926,200.61325224662414,0.41991988277636916,0.19599310448393226,4522245632.022112
21,36.04194458319494,22.846358616817835,118602.60479055851,-59484.9397253243,-143258.22163573478,0.4434188388926185,-2.393253701273352,-26649.562483406757,0.44341903447199055,-0.8444500719197094,4522245632.022112
21,31.995730788755328,22.462421745808463,35042.80208977271,5060.982827963331,1178842.1260194727,1.9855480153256555,18.868568040329592,-513542.1371453547,1.985546512543579,-19.71151678820752,4522245632.022112
22,34.37781086814982,27.185597969659714,-21464.652378541083,10186.115680929457,-1758.201930072515,4.1080123762957665,-0.12820895994082093,-59174.05241626214,4.107956640015612,-2.0872820589283947,4522245632.022112
22,34.27995304913926,27.25079425845035,14505.279203462489,-6239.467635275673,-40119.84563474778,4.306259207622531,-0.7444291840074584,-38561.15810733093,4.306195483137875,-1.2937713825085666,4522245632.022112
22,4.377115628153463,50.0,-14319.068442850254,581.3404024804681,-160056.9697135464,4.408786652135623,-2.671032799919203,-3387.987357947162,4.408708850286432,0.060249362704325904,4522245632.022112
22,34.93786115813597,27.195863010609134,-52992.56923090585,42104.54045199728,273106.06786232034,3.67285903377873,4.2870586240896955,-202698.37994568198,3.672822522277563,-7.6123715739522595,4522245632.022112
22,34.267954294121985,24.214339305135265,-40178.563602762,39615.046579304115,909909.1335223266,0.3449531817791212,14.516310812246228,-414323.5569588288,0.34495283851092884,-15.759060478596194,4522245632.022112
23,34.1570286773762,23.194627570476207,74569.08363717301,-19146.281297410238,-27351.641050162867,0.2301976130492578,-0.5265177814289927,-56054.49056264923,0.23019658959153347,-1.9918020167388022,4522245632.022112
23,39.20486716833104,25.145857398833144,-28350.44836697815,36023.436492081855,48369.131158191856,1.158769878327067,0.7074497559697193,-74866.14085963518,1.158769602980687,-2.7114376034260204,4522245632.022112
23,33.88080646057989,25.439707172828058,58665.48580565617,-24599.11136543477,156576.25969267508,1.669706573823377,2.470824323245324,-123549.42630523007,1.6697023851320092,-4.573806089465506,4522245632.022112
23,32.94963746728556,25.452797067172057,10267.61132549749,12411.69198702751,1205696.7714416392,3.3176323301318367,19.567594688385725,-649740.7654080115,3.3175835830462406,-24.70314121141564,4522245632.022112
23,33.95548768615668,21.95396321110665,78884.62137169602,-40693.52516101478,-355829.3602450164,0.6686399540287397,-5.8794854074049,78849.69562128377,0.668639777363513,3.168928256170375,4522245632.022112
24,37.56667407923385,24.793395882106587,75364.69051879576,-17748.527960181906,-20742.712050832426,0.05514830681175644,-0.4441333937284071,-55439.794739452285,0.05514823531738487,-1.957765549304895,4522245632.022112
24,34.10360371720536,20.944114062682857,-2411.790451000027,-7384.705350848072,-78801.23879006924,1.5917292425137577,-1.395266339648515,-26680.17969376602,1.591727836499551,-0.860599011182785,4522245632.022112
24,36.83573061428808,23.113039203127517,-29359.992794480168,10798.63327163539,55069.67689575672,0.2698982869488247,0.7978488763328642,-79717.57014452234,0.269898330526639,-2.883951896103099,4522245632.022112
24,34.61588271871903,21.52705002650436,-17024.51590223631,33654.87177205923,-766615.5663868688,0.6658453711097225,-12.663255804684013,247308.8477634821,0.6658454517485926,9.591960672289133,4522245632.022112
24,36.54096037380772,26.080089669911565,45128.52291943777,-23841.799467659162,1422665.1187814127,0.8797827164605118,23.202225193180386,-438471.44982709264,0.8797826767171559,-16.570253036918984,4522245632.022112
25,38.18145371783944,25.00359486904503,-57613.489222164375,30648.016306420945,-80445.57578061461,0.3179733677325602,-1.4437624081765534,-72310.87769147917,0.3179733749274637,-2.6247411943259067,4586295602.855897
25,38.21037496731599,24.95712391627626,24687.504931419295,-3085.325267188981,6237.78855593386,0.34332102262012104,-0.007438245811499655,-120253.65043232909,0.3433210391919097,-4.466678357421188,4586295602.855897
25,38.1206926664669,25.0134906007705,90602.66353837898,-7582.825804206996,-149180.11622652586,0.2880843831987184,-2.5826785310928244,-31515.097183049595,0.2880843865031925,-1.0573878703507944,4586295602.855897
25,38.235722108042104,24.942343655418796,-1400.9336131231935,13316.418864734973,50167.80727788193,0.36781364024743873,0.720472441855236,-142542.55259718644,0.36781365781208725,-5.323006743848964,4586295602.855897
25,36.78928792140198,26.668719632673156,24024.205350281627,-36306.395515358985,-407065.9019539418,0.3543213580434092,-6.855788925524166,121185.75295041526,0.3543213797992395,4.809301822742782,4586295602.855897
26,39.838989636575384,26.072561512503356,10865.851571156643,-7466.655648294516,-143740.77791136198,3.0670071414982596,-2.515479048387533,-91677.63675879658,3.0671507736635992,-3.389865166542222,4586295602.855897
26,36.017233426954185,26.612656931768353,-40716.359523297186,15341.60274164145,-277501.5917462775,1.1895835674963666,-4.7469070419319905,-34637.32812724548,1.1895840654131447,-1.1879785542842,4586295602.855897
26,39.8444833754855,25.96339446448706,-43166.461339663976,22866.953246099252,-56501.62075940305,2.8652408923020554,-1.0601357993373313,-134054.5764240235,2.8653446247726024,-5.025712137849041,4586295602.855897
26,39.89814205980556,25.880564689941814,-20811.22660339017,4744.413881924096,6489.454832254169,2.7622129638791577,-0.009304502869781572,-162642.97334672415,2.762295037730171,-6.129289764972782,4586295602.855897
26,39.90801163413209,26.166319189086224,5601.875759879731,-15578.875114998858,-201879.60489854083,3.3272708640178448,-3.48536404184415,-61717.03618008186,3.3274691428451826,-2.233317334103049,4586295602.855897
27,37.30204406883718,24.423257013341335,44867.187378116774,-22413.8926085997,-108530.01196643416,0.1386714824163637,-1.9379272980149835,-57276.72219321478,0.13867163414958159,-2.0970955687807873,4586295602.855897
27,37.16346922292001,24.46076199191442,73635.1678513998,-12476.582793584894,-168528.0830760448,0.19200489735248155,-2.9519616758916527,-13384.160583932753,0.1920050361738975,-0.38315169722773135,4586295602.855897
27,38.891207524357576,26.688473632893473,39355.729671972076,-20870.52158597978,23000.97625242205,1.5813669653736115,0.2850932315341197,-86208.3115294457,1.5813670122050123,-3.2268341490562307,4586295602.855897
27,38.9423656983333,26.686376730666133,-109637.69135343317,39566.41785572428,53757.93736275475,1.6022546952725898,0.8049202084366698,-101575.48443515193,1.602254767870212,-3.826901013671886,4586295602.855897
27,36.14815329030553,26.255115124586197,-15567.925114448968,27597.111252267772,-508682.324668607,0.4774093779762055,-8.700948074558937,150497.1719163971,0.4774094021795402,6.016187853770134,4586295602.855897
28,38.516404647394,21.949057879638545,18989.048545534475,-7099.999878093965,-51631.135822254626,3.2599831938801094,-0.9730148651869968,-59409.09962751536,3.2599831938801094,-2.185185637732502,4586295602.855897
28,38.27355479614296,21.812940705999427,41297.10300457413,-4940.710792050479,-121230.35568849627,2.9946676695142895,-2.1451056448277086,-31039.9785413785,2.9946676695142895,-1.079100365168415,4586295602.855897
28,38.30434881648558,21.582684044078142,2027.619654412657,4035.686123142538,-169454.1983441482,3.2046567435658293,-2.9572228128672577,-5159.394324421807,3.2046567435658293,-0.07004079787293449,4586295602.855897
28,39.651667005044615,26.493857708241876,-3907.900946660727,-21.1608913054131,-450546.85936286044,0.5332626947105837,-7.690984438901069,152029.58377807046,0.5332626947105837,6.058609193103621,4586295602.855897
28,39.685882476415536,26.753644663805936,1741.7348157019894,6632.410851400574,-1033079.4185037019,0.9861849697435864,-17.501166833498047,395515.00677279884,0.9861849697435864,15.551876173098734,4586295602.855897
29,40.702843530865735,25.933961250700953,-29614.99263854299,19692.53632409685,-46381.750643049294,1.6195111231269783,-0.9023477723239921,-58471.652834230204,1.6195111231269783,-2.188741987934918,4591491939.503757
29,40.725200394841444,25.979593230367204,-26307.52567168802,11633.441516588602,-117154.12093113003,1.696268248178657,-2.1134136163746007,-23857.468595591927,1.696268248178657,-0.8166243854939239,4591491939.503757
29,40.680997790125275,25.889379610320525,-76061.76771732507,44943.10106818873,24255.932106707707,1.548371555451056,0.3064132813597098,-92473.74882473578,1.548371555451056,-3.5365962117066374,4591491939.503757
29,40.73935914906067,26.008196640669702,53100.73060337694,-37609.236278355944,-160269.98755974855,1.7467242542596964,-2.851217835705029,-2482.4879292676233,1.7467242542596964,0.030686850324855186,4591491939.503757
29,40.30275139206587,26.01476580824851,33304.18059713214,-12177.857091068143,-57850.905081616016,0.6585436885664877,-1.0986094086680964,-32901.95875796066,0.6585436885664877,-1.1751509384044994,4591491939.503757
30,39.15404905693315,28.791296423836833,57866.90945268363,-35883.62858461826,43000.36038816161,4.581827264195267,0.6391509887471329,-105818.22611399225,4.581827264195267,-4.052809733955655,4591491939.503757
30,41.529114841277696,26.9242755727775,81775.18917725871,-42300.337191405866,12849613.921316227,2.964075992713614,220.87608210090548,-7217284.191702746,2.964075992713614,-284.28947872505523,4591491939.503757
30,41.02781863201272,26.36830875548382,-70056.3055441978,24260.309277994693,6031469.205910012,0.6746648649062182,103.62359682400711,-3422470.7302250713,0.6746648649062182,-134.74986354121938,4591491939.503757
30,41.08614056466384,26.438172530782712,-59004.51693639933,19198.73730833953,7385733.51178296,0.9256891522767398,126.91304904501885,-4181132.337976907,0.9256891522767398,-164.6459219455719,4591491939.503757
30,41.56521939901129,26.52936245455547,13460.60284300157,2773.1424464728834,10888932.789719637,2.390119687902514,187.15800407364486,-6126953.979493844,2.390119687902514,-241.3235827693843,4591491939.503757
31,36.486075260252655,26.567503603992222,22986.88477589116,1460.1807428924144,-41628.046182315295,0.2814132346905558,-0.8144114224851364,-35639.24526559316,0.2814093828216191,-1.2786570915341144,4614151904.452143
31,40.22939882574783,25.50760036679601,16363.26134694906,-23246.84382776237,-980589.0095680181,0.3811558274789106,-16.937414972577244,466396.93825522566,0.3811532526470099,18.438252808060497,4614151904.452143
31,40.96469981164637,26.47510189829072,22417.84898412572,-8906.231842183295,543559.9786248247,0.2012481899591376,9.233917495701462,-324812.07758081076,0.2012432699350012,-12.635596824809909,4614151904.452143
31,40.22090259368165,26.468029557129093,41213.07748967914,-27239.890743884403,757214.7182503827,0.4630473746541005,12.902606887277216,-452215.54711645306,0.46304489860601095,-17.639225671067834,4614151904.452143
31,40.50480470277722,26.467678383777322,25761.37532755255,2659.3832968667,1641114.3759101713,0.5679962148061716,28.080146608403993,-950404.8984267063,0.5679903778041414,-37.205055535827796,4614151904.452143
32,34.88214886284619,23.630642941976284,57718.78896979087,-42142.53612375754,-114786.84103317713,0.052695615065068584,-2.110079010948539,-17563.45666803287,0.05269954593026783,-0.5649160267785192,4632760549.449716
32,34.86908683698772,23.66118942303375,-3330.944494381696,10898.57285160411,7895.133622068508,0.07753223638360315,0.025601699016988277,-50626.87542399064,0.07753419460683196,-1.8772684186697006,4632760549.449716
32,39.87139576060119,25.53650094903946,-46902.974042053356,15435.491635443923,379827.79322617943,0.2965382003418172,6.50030516507104,-227187.07768143032,0.29654043786539036,-8.88529155915603,4632760549.449716
32,41.19222393795056,25.131767330850295,-53613.332359686974,11172.196646699433,-947160.9104782554,0.5999431841499402,-16.600269999355078,499489.04267402575,0.6001967814747794,19.95791886979714,4632760549.449716
32,42.47520809143334,22.975899375858727,28510.353630898448,-6673.189270806139,1418713.6864865497,5.249736145211923,24.585509355225554,-708028.454385814,5.280455145022864,-27.9708354799443,4632760549.449716
33,34.97893594642082,23.492749235169583,-27115.926968483338,3807.334379574664,-170741.46278558607,0.055057826163022607,-3.0984615590423346,-54073.52569403743,0.055057826163022607,-2.0239899484440684,4632760549.449716
33,34.983694624839934,23.416840338591918,57136.02361151941,-21381.439360987948,-240253.76239932553,0.07316715567972956,-4.316236848011613,-11617.310915554952,0.07316715567972956,-0.3316017319448292,4632760549.449716
33,40.849209095935045,25.012199281635088,-35612.514179390324,-5066.489447926589,43224.86216444487,0.7102159528104716,0.6499815890565515,-66180.50290699163,0.7102159528104716,-2.506597870029509,4632760549.449716
33,42.577358505261266,28.582118490519516,-97418.48885778294,48902.622945283314,-1325248.0265999793,4.880436125222432,-23.32408453768585,749774.9937096561,4.880436125222432,30.018992903118487,4632760549.449716
33,41.03113429416606,25.438169634181467,-39810.74916969189,30448.249717370043,-879469.9438024564,0.4017917023268987,-15.514566846407718,431140.50793381396,0.4017917023268987,17.317595665731414,4632760549.449716
34,34.148790590380536,23.79882408628679,22934.598474877388,-14781.69347700645,-174295.04142125943,0.2017211701331012,-3.137716840952635,-29503.552073059338,0.20172005214541613,-1.0564959007315338,4632760549.449716
34,34.2366721755956,23.934695954900203,-1815.3236012971774,5672.1880351394975,-5631.849188832632,0.13478763196623983,-0.1877518743276596,-75350.35668345865,0.13478574817432515,-2.8750006747432053,4632760549.449716
34,40.95602515404012,26.167559092737573,-71650.68819020572,21526.301830157347,345553.2138092103,0.09130022167106258,5.954570104368031,-217400.4936637175,0.09130066238380008,-8.509392306674272,4632760549.449716
34,34.990802174209975,22.101574748494315,-160944.9693909461,56932.012526773484,-1390819.356994369,0.9859919875116313,-24.415056991390884,609512.3375761425,0.9859917829232263,24.28994767088443,4632760549.449716
34,35.210175683317814,22.574001715190647,43907.16210303449,-28414.7193379051,-2328615.8627353297,0.7853588811108705,-40.817372168414295,1091548.4393314878,0.7853585735712252,43.40981785021722,4632760549.449716
35,35.48209218362904,20.431184907329772,-32372.819860431315,14542.944417200044,-17601.853839134616,1.3681458728082525,-0.3717610293533653,-41083.71365610189,1.3681458728082525,-1.5158416560152546,4632760549.449716
35,35.216946984897724,20.25860262907364,-101078.45286118811,50263.073329281084,-144432.94423199026,1.9551855325545928,-2.5545378394890577,5957.20587642376,1.9551855325545928,0.3347580451518297,4632760549.449716
35,32.60512901737764,24.14894919197142,-83771.06124144512,36374.44313806152,451547.28844678146,2.44242871223569,7.702346550300717,-260319.37061939674,2.44242871223569,-10.140618664911017,4632760549.449716
35,40.99834709674234,27.468430006692834,-4914.379084073533,4174.299842648761,-1983305.634654922,1.841593779502313,-34.20173611724749,1217659.4236229484,1.841593779502313,48.00337898940779,4632760549.449716
35,41.20999617953499,26.161291064519954,-140933.44375290524,42009.70732972869,-1120488.6470221868,0.21557475977478596,-19.35256225804399,625749.7156967123,0.21557475977478596,24.717526172504392,4632760549.449716
36,34.1323182679433,23.57658584657079,-3941.90759869856,-3736.352989202652,-5222.196420598013,0.09461600921947803,-0.11979013215750456,-38912.46860321272,0.09461274160223974,-1.4453364028595388,4632760549.449716
36,1.6526982673253532,50.0,-4345.858803535989,11591.31260920046,-52059.77544359031,0.20506848092887806,-0.9107499202371514,-23079.21971774356,0.20506853425963556,-0.8309900136124497,4632760549.449716
36,35.29318249383945,25.38043068742169,-53100.222771745546,22519.81341986281,32760.427382064372,0.28562070479960006,0.5216334576252848,-53765.0231618535,0.28562054043863294,-2.02163084060885,4632760549.449716
36,35.69584453878637,26.75750856739883,-9520.747874060373,18129.469605679617,-114614.03942432307,0.5040399484518835,-1.9671219277952332,4448.246130805519,0.5040399624721875,0.23710405675228685,4632760549.449716
36,41.765593359870124,25.74277697001216,58874.43228706037,-17033.543223902845,1661045.4602053922,1.1361355871030303,28.018955295352498,-867171.8868603605,1.1361381221680547,-33.58265620670318,4632760549.449716
37,3.4460888128266642,50.0,97002.86611711133,-41765.38197828966,-165264.84291409716,1.3160234366907442,-2.8448837676260155,-13329.627543891876,1.3160234366907442,-0.4647168629526277,4632760549.449716
37,35.67256056306414,22.07325208456988,43874.396923501336,-8380.432541942324,-4912.63691271389,0.5438746019370698,-0.11358245881274343,-43278.440896942484,0.5438746019370698,-1.636029847431928,4632760549.449716
37,42.249976283676524,28.035206644430694,-7164.631563739695,5431.471731483936,35059.396774512716,1.7941403555684674,0.5672667209291831,-48628.04097568773,1.7941403555684674,-1.8452553669922054,4632760549.449716
37,43.751034295740276,27.52914523365651,-13020.536163893272,6183.270421378628,-1108813.904853276,4.60783163348693,-18.91648547531804,681150.7695369472,4.60783163348693,26.6967568481341,4632760549.449716
37,41.75987522875931,27.79516825746272,-23159.894644591735,21838.349731339567,454848.4708632146,1.718416094615695,7.717592095773682,-314134.3300541456,1.718416094615695,-12.22933837530394,4632760549.449716
38,0.4496923263938553,50.0,-58987.08304069926,15283.09435861047,-124333.1625117593,0.7711080729433841,-2.16477240761742,-26535.65030602733,0.7711080729433841,-0.9830224990655552,4632760549.449716
38,36.78374750051646,24.31590002085942,37369.177527730324,-10801.036628506703,24088.372786669628,0.1259929442422971,0.3740160530433059,-51273.00191933383,0.1259929442422971,-1.9542252901010215,4632760549.449716
38,33.52637422521511,22.34239611086162,51194.68717328849,-13895.972468475427,-705502.6305360672,0.510820742448827,-12.10582534270361,258786.8683778665,0.510820742448827,10.218905291054398,4632760549.449716
38,39.24373936415984,26.767664281119398,14239.566629436678,57.067412186667326,-509936.1718031966,0.2406709028715233,-8.760610864730552,206997.42374126308,0.2406709028715233,8.185621616896242,4632760549.449716
38,43.023783463068874,26.509781918188157,67651.75402300766,-35682.098124165816,-1485620.2840055116,2.9644123779967124,-25.449938059255686,924496.0173318617,2.9644123779967124,36.35503310249662,4632760549.449716
39,36.341479750927626,24.598644967981933,20460.17559416424,-9244.917217836619,4637.542512467895,0.26584382803060225,0.03263249574229121,-48868.049505277035,0.26584398161584444,-1.863757882732898,4635711941.815514
39,36.32346654526381,24.63104747278187,-65725.23907317444,26910.548271523934,-36423.11525027032,0.29774699593590137,-0.6725486882496625,-31378.40807813252,0.297747124006033,-1.1728363137226552,4635711941.815514
39,36.258425392426226,24.608205560493037,77386.78485737853,-22416.63168192342,-66539.37465025418,0.326518630519853,-1.18976932275109,-19614.747543701946,0.3265187538691907,-0.7081174212507904,4635711941.815514
39,36.30825602840814,24.496949189649587,40741.19869915487,191.84600906582548,49247.79850552823,0.2218600662587313,0.798774950671941,-68748.64477257583,0.2218602743460047,-2.649133165134117,4635711941.815514
39,36.245792404629874,24.646498082023225,-30753.447032914362,-11592.65778912239,-117381.13098017048,0.3551606708271569,-2.062932391207738,4442.767661001042,0.3551608276007155,0.24226547944856147,4635711941.815514
40,35.98461471772,24.832011052137286,-28048.051033434436,8978.159185023673,-560747.1631504269,0.18129061398613003,-9.707155313226394,-111709.61321020019,0.1812903116910629,-4.375569324474782,4635711941.815514
40,35.92178172637644,24.90433366073551,-33150.29730661606,9415.875301485541,-782157.2690594274,0.23922076821750282,-13.520427830866538,-33421.56893721112,0.2392205070405316,-1.2609050569590181,4635711941.815514
40,36.06871471228325,24.704329423612258,5675.065696115039,715.2104707281422,-32588.35476497464,0.09035994503773839,-0.6108520496636629,-180740.5911685028,0.09035938761863896,-7.121944232610986,4635711941.815514
40,36.001464155126826,24.913121185480417,-8612.164746494982,9198.761664219477,-911669.4164563934,0.22184315062682122,-15.750972413923591,-7911.717459881435,0.22184296389321298,-0.24600394908338785,4635711941.815514
40,36.07212168907329,24.868079770711184,6731.455902753755,-7464.998526728239,-841057.8080887962,0.16251954521152373,-14.534852198863518,-10464.974257153599,0.1625192831999785,-0.34758443670580164,4635711941.815514
41,36.195243074776165,24.668306854713677,-21791.569035066266,-6051.496698611194,-34842.81333847606,0.006491172835981585,-0.6504944063490257,-31249.74449716766,0.006492623734007006,-1.1930303495610133,4635711941.815514
41,37.39260374788526,25.091311204169887,-92765.59754072383,52923.060451052195,36715.03156007701,0.0352305432852544,0.5950324569130316,-63676.323447625175,0.03523003555788299,-2.4971119386027567,4635711941.815514
41,33.223899216675356,23.756944254932552,-39418.0913853058,19434.537022764674,-80474.59054642347,0.5554956211311176,-1.444755390752107,-8531.601743354726,0.5554959149930144,-0.27938750898465514,4635711941.815514
41,41.402255322546154,26.1558065550077,2945.882310468741,4089.6664571851165,265476.24407871073,0.13823252927540408,4.576821397989988,-186905.32761108587,0.13823238937576543,-7.452943875454366,4635711941.815514
41,40.79298211923662,26.31676883644826,-94953.50879361841,24588.6027197822,657737.2485437677,0.07803555280763576,11.404467188106082,-374199.58650914894,0.07803516624289132,-14.985252329434388,4635711941.815514
42,40.750816177341356,26.28557212549244,2929.428169756785,4948.495671514401,11806.514000308767,0.019758670349697593,0.18237415049225092,-39557.44179827865,0.019755563226035746,-1.540873110294342,4635711941.815514
42,33.22973445254015,24.6244502841063,-20765.469373964403,11267.763699656998,756345.2696145322,0.7831363845049013,13.103441963903606,-369105.9480334851,0.7831300751146602,-14.742985040415078,4635711941.815514
42,42.3850239399343,27.155647931575338,14381.678443676516,-8616.039219366501,448696.8541454217,1.4225602493019864,7.764369942480698,-218140.3201956728,1.422553306493986,-8.69511931319721,4635711941.815514
42,37.671224052802074,20.421341490679527,18122.086863701363,2885.354977284195,-381288.4163992482,1.3632036150743927,-6.639575968962163,133378.30863079667,1.3631502423821293,5.38714231288759,4635711941.815514
42,38.26309845263447,26.49401299699018,-74207.34525957188,40862.06629541515,882149.8358763555,0.5326941455213738,15.286712236469612,-400756.59567535296,0.5326941287939406,-16.010948283830658,4635711941.815514
43,40.51936084658839,27.66388325485547,30486.988645517333,-7976.593896342114,-76456.2498375156,1.2239331041896357,-1.353540645679459,-35361.423877705995,1.2239416019659657,-1.3891213343013078,4635711941.815514
43,42.767086175839474,25.5529588621854,30301.154338828095,-21042.15752782906,15196.80593583729,2.2457220243690745,0.24828165024518967,-69683.87187085242,2.246598202402608,-2.7698437557555735,4635711941.815514
43,40.420852479065935,27.586160114578,88511.18164605687,-31861.449708650078,37997.4691319423,1.2659242695489705,0.6467692987062037,-101263.15155861009,1.265927286261827,-4.040214083855972,4635711941.815514
43,40.4792847855792,27.763459865279806,105452.81725116464,-42867.682172072935,-152189.56899234588,1.4605239084194859,-2.67713338509202,4837.341697701448,1.4605356895798036,0.22799341683275998,4635711941.815514
43,38.64347616969771,27.788322077028514,-37826.63333234651,14665.663806728071,1020608.0532292735,1.500764544168437,17.819874205441465,-450212.201945761,1.5008247117919071,-18.07772614916439,4635711941.815514
44,37.56125763318973,25.38343176391013,-48650.055752317065,26316.678910186245,46720.8353380387,0.10319751996807297,0.779560893017333,-69072.51659156887,0.10319757519263592,-2.7266397742787376,4635711941.815514
44,36.8525366125238,26.70790804287002,64202.45286499575,-33654.4954246727,4137.072191414158,0.06477197477628724,0.038013286219211295,-31007.27773104848,0.06476953736297582,-1.1970804494339973,4635711941.815514
44,1.8634815666616948,50.0,-18073.414456295486,1851.168348890595,-29264.254082119838,0.008975252254583234,-0.543632668290229,-14181.868875097724,0.008975231069302703,-0.5209921920019269,4635711941.815514
44,38.29165391614462,28.28059177877523,22591.243874105545,1585.766403565228,-1114242.9341087525,1.8054832045795572,-19.43729739281116,463971.56934548065,1.8049651927230417,18.692444319371134,4635711941.815514
44,38.43962131445517,27.939201969102967,-61796.5699176448,28835.671584053016,-614062.236563303,0.7436678829074345,-10.727221724901483,247718.46799433147,0.7435671348789649,10.002837801722109,4635711941.815514
45,36.49655211988248,27.792259994855396,54932.38032637059,-25899.247693068526,-248502.08443922192,2.2457267602586164,-4.37269449030282,-65824.8835385018,2.2457265972325935,-2.6051439636503346,4635711941.815514
45,36.480910600792846,27.541596686057574,-43429.16413080783,5024.307913782554,-107262.71245766332,1.6818115813193457,-1.9045525027322583,-99053.41398830022,1.681811508952969,-3.9421293003833853,4635711941.815514
45,36.64617083232356,28.051524781423748,18738.97494947277,1489.5933168513775,-351254.6411494335,2.680922201022519,-6.168283751205308,-35407.53631621704,2.6809219160842965,-1.3812695801607333,4635711941.815514
45,36.559800008437605,27.412163585604382,-19316.528439511687,7990.95239893781,-31582.458955414088,1.2888034396191115,-0.5820486663142219,-113089.49345588345,1.2888034001238242,-4.506885917042382,4635711941.815514
45,36.85834963097528,28.123029769157622,-43607.99074345383,18813.610648282818,-387333.7169842567,2.595697946761632,-6.798761504620245,-13534.714234138804,2.5956976730168977,-0.501193272215346,4635711941.815514
46,5.511689567295609,49.99988203830602,-65617.39729829387,26243.364502959794,-250355.31523787332,3.6373340323013825,-4.427657149851484,-55142.55192136455,3.637298377355428,-2.192680356835808,4635711941.815514
46,3.110041284723153,50.0,5941.677712779716,9818.600010334056,-66355.50417529925,0.27219370632444667,-1.1934970745296596,-74261.01924054715,0.27219367373779546,-2.9672701216586574,4635711941.815514
46,40.10584874117961,26.79806921895111,51652.86953088316,-26670.214742131582,42404.80001988505,0.30637780696954015,0.7181800710968673,-89395.4831789821,0.306377893536461,-3.5804469347931445,4635711941.815514
46,3.056929428011613,50.0,-85921.94191960621,46143.876804685504,-83264.39484396667,0.2559377405085188,-1.4907042227478087,-67644.5595492956,0.25593775010798187,-2.699202505638823,4635711941.815514
46,38.60457011795653,26.109755771590248,13083.970288163096,-6065.999607401129,-384307.98872530373,0.3389262670598108,-6.7821399402079265,144164.73723679694,0.33892627492812627,5.882307227634456,4635711941.815514
47,1.403788703824933,50.0,-42381.31652105761,8602.80422960482,-54291.51138755523,0.11219639075630032,-0.9757160830031353,-65948.20786019416,0.11219636663658565,-2.6333611933514476,4635711941.815514
47,0.15190652175906538,50.0,94140.57398981325,-36584.832826948346,-99643.01761315449,0.14984084836666806,-1.773589087558321,-11256.68360576044,0.1498405806033955,-0.42299532244942384,4635711941.815514
47,36.40632209017692,24.460720021018624,-72913.13311264169,33480.239890797515,41032.05532073096,0.020151385963221913,0.7013197401538491,-73717.63726916297,0.02015433257310943,-2.947363807761576,4635711941.815514
47,43.80820835336332,26.443077238966197,17473.042383454453,3404.250703505869,128492.69603699054,2.3562872539947426,2.2400224205339327,-85878.10845178766,2.3562750515495257,-3.4388310111826286,4635711941.815514
47,37.32485124938544,27.50773710351457,63992.2858297193,-16051.96387068839,-349281.8089302711,0.6366835670850164,-6.165506116529741,103667.57479430754,0.6366835072498758,4.221685219355777,4635711941.815514
48,1.9544544254735265,50.0,-85677.15058385147,28179.60053037869,-40695.57446566227,0.006558365086889509,-0.7385763554921141,-35316.38217570401,0.006558288786172028,-1.3961007574289397,4635711941.815514
48,0.014892234488038392,50.0,-48329.80413448541,30333.991210339664,-82258.1969340971,0.006321564246482118,-1.46787755868354,-10162.286625798197,0.0063216471717215264,-0.37857042601717694,4635711941.815514
48,36.009225746620274,27.90100535919473,-56472.39736040716,893.7825050597507,28141.007523071057,1.1277736133585174,0.4693022403807845,-39981.27283666747,1.1277711929933611,-1.5848043317964766,4635711941.815514
48,36.107764379411,27.84816820237249,-71291.8492352801,26776.950744695627,20865.692589821138,0.8577524437946098,0.341641962484573,-37549.32087539187,0.8577509546668793,-1.4864273148123175,4635711941.815514
48,39.93421020153477,29.1731020439197,-842.9786966184713,-12833.067632763652,520717.75124435866,2.578847379803057,9.112568485981043,-246200.82312545425,2.578823842462204,-9.926771823039452,4635711941.815514
49,35.68896629641911,29.892017363522882,44914.87617402882,-21145.234183375556,-159321.35926020058,4.787008795201048,-2.7970137442243868,-121422.87220442915,4.787008795201048,-4.897971166930802,4635711941.815514
49,0.301876507234513,50.0,-9578.926319453452,7152.251699382721,-62051.29865203693,0.033429768961749214,-1.0925189376575872,-184465.42880967224,0.033429768961749214,-7.451250441838056,4635711941.815514
49,35.99404552950654,29.988621598793085,-44714.47394808078,20001.222338425247,-253213.95292712326,4.8188324635536794,-4.44232410261975,-61513.900840591814,4.8188324635536794,-2.4716048645277624,4635711941.815514
49,35.29179092743779,29.554950068253277,-63023.37368291099,10369.561472502746,-1097.8507498816282,4.501241720388082,-0.024411909225818818,-218199.06947512555,4.501241720388082,-8.817492710812076,4635711941.815514
49,35.551565975692995,29.821679453721593,-179437.09357403257,69853.77853475949,-112349.92840653632,4.746938186531006,-1.973918133442349,-150721.45361212527,4.746938186531006,-6.084589615178061,4635711941.815514
50,0.0,45.23734082506284,-54691.15261174137,11466.291806166962,-102132.38159487952,5.521123577048778,-1.7516065527433966,-140774.02600642393,5.521123577048778,-5.642806111209211,4635711941.815514
50,37.99975892137121,34.00837818150804,-70473.22741052271,37542.097911955,-235099.3764629386,5.670408170236399,-4.04818285049987,-55030.71233533268,5.670408170236399,-2.202602164259588,4635711941.815514
50,0.7461142324018292,50.0,-4117.500080461971,-7127.560908207385,-45866.574980487596,0.14367523904143076,-0.7797960822354071,-192554.61998801795,0.14367523904143076,-7.720353574259207,4635711941.815514
50,31.92917560597269,33.78101677082811,41543.80005521748,-8784.823170530204,-175241.39992226573,5.680088730884347,-3.0143292216998816,-84697.42972606685,5.680088730884347,-3.3928939070319757,4635711941.815514
50,37.928295501836786,33.44070229138913,-39876.76503870315,4730.512182543005,-307910.49716658826,5.652633119959329,-5.305760298098903,-19153.6148026026,5.652633119959329,-0.7631367732828949,4635711941.815514
51,11.86749538371228,50.0,49899.24590029272,-24469.19450301209,-133579.14195994753,5.678683915248284,-2.2940239299095992,-95623.67098339918,5.678683915248284,-3.8545326839230256,4673442706.497062
51,8.447863687627205,50.0,-69678.53722757522,23098.194252713467,-220949.78831227202,5.5530932529830075,-3.808136906569416,-46397.19398310146,5.5530932529830075,-1.8706099158043799,4673442706.497062
51,31.079437042094533,28.559730143786126,22252.545567100726,-6980.849452977108,-24940.6391706399,5.572485534901775,-0.4113439486391144,-107753.09350465184,5.572485534901775,-4.3433720031353005,4673442706.497062
51,0.0,46.67496205960868,46932.35140659609,-12048.053440597389,16829.31468450789,3.419295792815219,0.3125196349210455,-115725.27128706864,3.419295792815219,-4.664666273572948,4673442706.497062
51,35.39961886143249,28.127162933105478,53971.326923709006,-44784.09191053822,325977.05299684184,1.064400490566043,5.669978024277286,-275838.427600797,1.064400490566043,-11.117537891507828,4673442706.497062
52,44.623064335752005,19.023529850030688,42394.697984993785,-6441.543575115795,-136669.3761671277,5.669369934266954,-2.3596198774830555,-85176.31291660575,5.669369934266954,-3.4208096934053174,4673442706.497062
52,43.48663255947813,20.63565156534739,-7574.980860933004,-2663.6072933153437,-196844.56669617482,5.474013362261588,-3.4045459161525287,-44947.023403307954,5.474013362261588,-1.8007018134167083,4673442706.497062
52,39.94582329644106,16.996917782209735,47609.049205853255,-21876.006855213895,-62067.926783862014,5.65577361380715,-1.0641857243426784,-107148.33024147378,5.65577361380715,-4.305663461342192,4673442706.497062
52,28.862244913068878,23.468402144806795,37295.80683262305,-27853.387661667028,-239866.559333279,5.5872915364800955,-4.151611275592586,-14802.861079514514,5.5872915364800955,-0.5867406545876293,4673442706.497062
52,37.35036071974756,30.699439374685127,32889.86313369705,-3715.7852691579574,-1432549.2742289202,3.9022719104207693,-24.862226625682272,563766.7999316403,3.9022719104207693,22.713329475079238,4673442706.497062
53,0.0,3.179772679522978,-45678.357698578744,14602.955792779401,-99697.55772828576,5.674011913503456,-1.737624500914535,-95480.98994086318,5.674011913503456,-3.847832955769263,4673442706.497062
53,30.098994583077122,19.15942388365124,47627.88335214828,-19978.29090179165,42940.5948601711,5.592310113745829,0.7532297643629136,-118487.93296205254,5.592310113745829,-4.779537945978518,4673442706.497062
53,34.16371742259734,32.913065717848,-147444.93948553372,44054.62830165533,-186544.212768627,5.36144071621588,-3.254205844732496,6476.413017365422,5.36144071621588,0.2811041671448038,4673442706.497062
53,33.34843399735722,31.239413274161727,-2877.4205101373177,7227.340189899789,-494409.7916087987,5.321892654374306,-8.630385192755057,137186.04891412932,5.321892654374306,5.5744114927329065,4673442706.497062
53,34.34225581419732,30.70399478847112,-49084.70633302022,20056.649601572823,-941983.771768566,4.434131615700245,-16.44625729483373,347154.75648103567,4.434131615700245,14.077448704052138,4673442706.497062
54,50.0,49.82544740392697,40838.17195278037,-17313.662272068545,-93252.70385684467,5.672048636558836,-1.6016461818180687,-93383.98359094554,5.672048636558836,-3.773107331842766,4673442706.497062
54,42.837389071661136,31.607825195219508,35265.93180754781,-31063.236004341947,-155114.64851986148,5.533293390458125,-2.674740168599783,-34813.58601472302,5.533293390458125,-1.4012292756956413,4673442706.497062
54,41.56768757683547,31.295165644736063,-55371.17124013025,20815.936821908264,-197679.25738702278,5.365622716206914,-3.4130911220636335,3774.006746524615,5.365622716206914,0.16142128324645455,4673442706.497062
54,2.3318147485039535,50.0,3847.7110440746246,13176.63342836181,608728.5696978115,0.12758571096014812,10.57533738357597,-460869.0934315736,0.12758571096014812,-18.654854836757295,4673442706.497062
54,36.28010252545242,29.321021324425555,-46632.575599549506,32126.8075691069,-396229.6255097442,1.7855801072784478,-6.857263581665679,148523.09531342384,1.7855801072784478,6.023208141912127,4673442706.497062
55,35.73593237132861,28.03822260222245,15649.206540308163,-1389.7092347396706,8974.452669166913,0.19446275819614442,0.17355510172637878,-62985.31825010229,0.1944626002523089,-2.5458989808685146,4746553937.104309
55,0.5787133749115423,50.0,-19653.99430989942,-20305.216841159978,-54323.54591298149,0.03025505538202777,-0.9295837461249903,-29962.02909182846,0.030255011855609068,-1.208028206601739,4746553937.104309
55,0.5519188571612633,50.0,36376.2848137745,-24223.0543186477,-59190.782537460786,0.025912820744672677,-1.0144085102947429,-25591.83535458294,0.025913489983459322,-1.030978777911514,4746553937.104309
55,40.39882071398987,21.055889624319796,-127977.41243612408,71089.74420657322,-117747.27275450637,4.802597765386454,-2.0349137489938585,7855.125183295696,4.795290167397639,0.32405617264157627,4746553937.104309
55,45.24960083776372,34.25596062397339,-68689.39155850238,20811.771970429407,-75173.41064530742,5.63578764283913,-1.2929490384544948,-5853.438338158553,5.595328234692946,-0.2313181392457725,4746553937.104309
56,5.1953879104284746e-14,22.597895272898498,-40113.60740215771,5922.129173968316,-95144.79665760433,5.669803240288104,-1.6256454934482463,-88079.78411769982,5.669803240288104,-3.533784187252877,4746553937.104309
56,34.841220288561296,27.964873045021115,19137.9550904129,2125.680834103793,22101.734585969836,0.9699707874754037,0.41087852064083563,-131997.2215783377,0.9699707874754037,-5.295301622674742,4746553937.104309
56,34.12827099966653,17.523064658730732,126345.00115745548,-68450.64078197988,-137574.67065779626,5.494581819535078,-2.3626349497644696,-29347.94494854717,5.494581819535078,-1.1780648034982732,4746553937.104309
56,7.011314617094033,46.97556391246983,20713.50507452412,-174.77909621519782,-115291.31274838728,5.589653637480458,-1.9755821899452712,-54716.93068649469,5.589653637480458,-2.1956084781813843,4746553937.104309
56,6.59350425374504,48.891219125139486,109467.198348015,-32784.11783522688,-247643.22624010922,4.4588006600187455,-4.274480479537995,59202.46830772029,4.4588006600187455,2.373670131048635,4746553937.104309
57,0.0,49.32491576595982,-26745.884006214706,17999.41095582045,-120000.23929014249,0.8462250258937178,-2.05667970655486,-46786.1894361181,0.8461362979321714,-1.8504824868869036,4746553937.104309
57,0.6426290149394331,50.0,-17983.980972144636,26014.714010639775,-137338.98657502254,0.005570224406768832,-2.355590444523841,-5352.7176585547795,0.005576550738836641,-0.20096033322624862,4746553937.104309
57,40.131046170369586,25.82592327560313,-57289.38992103939,30448.86084634667,50437.51175197565,0.0906977855542622,0.8815760454162955,-61180.37571015893,0.09069697848042854,-2.4235343728214502,4746553937.104309
57,35.13409422023338,22.946013791792915,-58932.77529801483,17910.4738572746,-928985.7912732251,0.17637043732555546,-16.003158329054713,546047.700686549,0.17636891718283254,21.751030812505633,4746553937.104309
57,34.55873870717443,22.968592802750887,-30224.094637611917,17853.51878085803,1058859.3728532526,0.04936385909760756,18.26623006529993,-383041.7448479902,0.04935848279888483,-15.237267715048885,4746553937.104309
58,0.9161733869931743,50.0,40373.36890762522,-12158.724117687449,-161547.3541442452,0.0407791735088212,-2.7738850889727473,-142350.08257286288,0.0407791735088212,-5.679089346434921,4746553937.104309
58,30.820657883909124,25.35448613925329,16417.171885301814,-8303.788634204113,-163795.9744748729,4.820328870159291,-2.812820111059409,4044.4530237665813,4.820328870159291,0.15805555850965902,4746553937.104309
58,35.465115371194095,17.13007374424785,16027.782154130273,-7160.337106143366,83523.78494212861,4.489256739525027,1.4695392380090198,-80917.6067741004,4.489256739525027,-3.2296108761802316,4746553937.104309
58,33.57136692921447,26.935242157069734,-51231.291075447836,28266.37851932091,328825.694170638,1.9613379150420327,5.716959366531228,-181356.18845140882,1.9613379150420327,-7.23436797253089,4746553937.104309
58,34.85052567662077,22.780748268837925,-2239.922735790044,-8128.92660597785,2095859.0324763402,0.18537376485204599,36.31326818652451,-826901.7181370235,0.18537376485204599,-32.97400903329253,4746553937.104309
59,0.8144536622305367,50.0,20169.2342494086,3910.843048970146,-22151.59926264383,0.007678995400723852,-0.3639634056016803,-41914.04871992326,0.007680751038327138,-1.6825091703794897,4746553937.104309
59,33.6747285900019,19.583545655846425,-59689.88834461747,39721.24746035652,-138102.2316404337,3.6766260401973487,-2.383838310081046,-9617.761928985217,3.6753023136330425,-0.38773433183087036,4746553937.104309
59,33.51998966136971,19.074598881802572,-10755.743981721558,7435.348890560928,-59490.086097212785,4.118234448185972,-1.0144046406494454,-29074.23780931074,4.116337566927098,-1.1677545112324879,4746553937.104309
59,42.093656890480865,25.492529814942326,17335.334541341515,-10977.936389289313,40726.48075904848,0.6093327811819509,0.7313808221369982,-53252.81569489667,0.6093242391275976,-2.1370862019248307,4746553937.104309
59,34.05764948265372,19.517990573089588,31356.669286034223,-2929.071278766258,-90193.97352435568,3.312277172892551,-1.5492703021145644,-14792.53443391853,3.311517563352892,-0.5951936375390687,4746553937.104309
60,29.4741651549119,50.0,-49736.1359702718,15922.11989534017,-93635.01636170574,5.667789019186747,-1.618602548900526,-85198.31779709097,5.667789019186747,-3.4350986983336043,4746553937.104309
60,34.32341217061528,34.42292169954554,-18800.577158012853,559.3610502672926,-138290.6938714952,4.601019587108668,-2.400915947946487,-1435.371920466838,4.601019587108668,-0.06486171862343326,4746553937.104309
60,23.607365544443994,25.564135358948846,61492.14781299866,-10971.349157914387,-91229.05765136168,5.666656066164958,-1.5764530655287672,-85236.85382497084,5.666656066164958,-3.4366492114495486,4746553937.104309
60,34.831646446328875,29.125765414955513,29489.889805910036,-9296.06233168368,676940.5053940556,1.2771692797448309,11.880947547819233,-324130.53909372905,1.2771692797448309,-13.048636037914548,4746553937.104309
60,37.39288688274552,29.709024256276496,-30033.003178456715,23162.788898506395,-507421.3223380209,2.329206434219211,-8.867637600177915,210592.20187222006,2.329206434219211,8.46615593406111,4746553937.104309
61,15.628173704566212,0.0,-6310.235577015372,10013.412819139061,-93068.81011502666,5.6662791948390465,-1.615054980327841,-80760.231791438,5.6662791948390465,-3.2772794938646257,4746553937.104309
61,40.24405017600825,25.243342031542877,71586.50317754148,-12419.042729376157,304455.5581217302,0.22590784947513384,5.37701737228781,-189109.02599114302,0.22590784947513384,-7.661230412311852,4746553937.104309
61,44.22826019296085,23.816475727364097,-74911.61003791675,28279.014914660314,31226.968265054264,4.852159354789466,0.5711885433411226,-75919.79279627725,4.852159354789466,-3.081428242032416,4746553937.104309
61,35.18763761163496,29.824095691708745,-93783.38634407437,40006.74613351335,-574749.4756848068,0.6002767964996704,-10.087355884694261,232666.76818059615,0.6002767964996704,9.40443602076266,4746553937.104309
61,40.06437850059124,28.220993122848903,69739.90941443485,-40609.34639451867,502342.89260447375,0.9200376955676031,8.85766578261502,-233024.65681624567,0.9200376955676031,-9.438121161414644,4746553937.104309
62,1.5240399805482112,50.0,-15536.07807908278,3151.392409654807,-6426.715740838712,0.021906603284579346,-0.08918261434882879,-46599.7976511504,0.02190860463371572,-1.8920758962631226,4746553937.104309
62,35.15237756154336,28.15411538658169,6364.672048194818,-49.03844207128883,42509.207804276855,0.21274614778044224,0.7680550961813424,-59894.41315855909,0.21274595197146787,-2.4282482380076544,4746553937.104309
62,35.144532784550634,28.33669449583641,-11217.843738290801,10639.41481638427,60751.72209325259,0.4709072803271528,1.0876193355070427,-72417.69944298948,0.4709072772424242,-2.9333128432772355,4746553937.104309
62,31.594286427004864,14.993217149247396,1609.9685111308993,-14107.20433096567,-68907.99081666592,5.6267541878968235,-1.1837017593206838,-6041.247439306348,5.593116215016531,-0.25634804593687477,4746553937.104309
62,35.2360979639296,28.57645601608811,69888.88328832838,-29385.920644646332,115398.86404457032,0.7499847480826224,2.0449036260584705,-87744.24168636346,0.749984740883444,-3.551432866447282,4746553937.104309
63,27.15879893940934,22.76170590521381,49975.819838268035,-13387.70049881294,-2310.551346022214,5.067999828586559,-0.02039937998051755,-27003.16403284592,5.052875198370617,-1.1030770879815464,4746553937.104309
63,32.75245243797805,17.697063921094884,-45193.40040257936,14169.255571064712,18364.285673386396,3.86803992875601,0.34370510349981487,-35462.078516678375,3.865951872093674,-1.445886502180656,4746553937.104309
63,27.799663613891774,23.768155447624217,13126.597251444742,8533.653295013562,48093.92902944633,3.956050260809725,0.8672737501619849,-44291.06696940315,3.9499361778465585,-1.803693684796599,4746553937.104309
63,26.98907226975732,21.754641996505118,-11171.56716525989,4461.3848802851935,-36268.78076623377,5.462286051809051,-0.6184376412420534,-14546.591099890544,5.439803308686223,-0.598256938985287,4746553937.104309
63,36.46468677668335,29.950094668575524,-30183.111193438894,-5305.108562412875,-644097.1740890103,0.7018072013453825,-11.322901380797106,274267.7136679801,0.7017915221639689,11.106349227566177,4746553937.104309
64,40.970630960111414,24.915378755850636,8041.655975098487,14372.539714664003,21220.524915998754,0.2045477075448627,0.39698960818350315,-43937.9377772214,0.20454408199897492,-1.8021371797658503,4746553937.104309
64,40.86430124125103,26.018812845159207,107653.9832100861,-53263.9020368831,56343.488769234515,0.04890710061862835,1.018687767907977,-65621.5354840698,0.04890301674595605,-2.686696316115558,4746553937.104309
64,0.5705617537843697,50.0,-60325.84663238524,42880.70787854608,-3851.4025891082897,0.0,-0.04679899848997593,-23005.568561142398,0.0005261573675638515,-0.9482236048206687,4746553937.104309
64,40.4971032319025,26.77436727936095,-19430.075191669257,20792.827659574603,298125.6551768833,0.24666223378454108,5.29838149016723,-184676.5137400988,0.246661645559337,-7.5434165969491005,4746553937.104309
64,45.95081131954483,23.51175138150218,33439.70449692896,-16455.372406355902,-119827.31443027535,4.943619293642295,-2.099644289830014,26435.044421058035,4.928153424262497,1.0686532304437582,4746553937.104309
65,34.293225823651085,0.0,-38937.63679351065,13436.088087893399,-120721.28953404336,5.664271136062943,-2.1185671761631966,-39607.920519759486,5.664271136062943,-1.6157683543860912,4746553937.104309
65,0.5862456115215908,50.0,-48243.19670107918,7985.849940924306,38422.394387522116,0.0,0.6970340609550476,-97802.41384698922,0.0,-3.974240303039551,4746553937.104309
65,0.5819169874243593,50.0,27079.3494576267,-12051.800784259758,4012.3355147081893,0.0035674243612198757,0.08824455738067627,-52682.62066205891,0.0035674243612198757,-2.1456520557403564,4746553937.104309
65,0.5879471789063562,50.0,69463.36229125083,-29655.646215143923,51883.8626930527,0.0032448685558886885,0.9351969957351685,-114979.77114463961,0.0032448685558886885,-4.670394062995911,4746553937.104309
65,33.97806240049131,24.715430660028815,61369.45878315691,-15050.455080676458,-460029.216868987,0.2799548615721194,-8.12166950750765,185886.49265235654,0.2799548615721194,7.5229356300966534,4746553937.104309
66,34.9185645513845,23.629013030282028,-109279.2526368356,42810.09007015507,942.2769362111536,0.00524830073016142,0.029912948608398438,-38905.25955296073,0.005697417994013548,-1.588868735358119,4746553937.104309
66,11.897186368451596,15.231192481300166,23580.984858542837,-19858.686788410894,-141112.16413936636,5.663685516451237,-2.4865427017211914,99.60536336802068,5.623632989137327,-0.0020333952852524817,4746553937.104309
66,43.645609212034294,25.512488192732576,3191.1063214473475,-12877.811596473348,42744.380106198114,1.951430281405804,0.7704257965087891,-55364.7149790636,1.9513398109070625,-2.258488937979564,4746553937.104309
66,47.79120998578749,22.243689977654505,50296.82579571189,-12522.828007587586,-69682.60689143174,5.324682588588141,-1.2211875915527344,-14785.512063215392,5.304046749411968,-0.6076047880924307,4746553937.104309
66,40.533464441600714,25.575080598139195,-35620.14499525757,22833.57380301182,-801095.5916084145,0.14507021827952232,-14.177968978881836,393226.93288248853,0.14507823328097824,15.99156991019845,4746553937.104309
67,0.0,34.15261126995435,-88938.41191188425,29346.362091437742,-136454.89444113726,5.662808430413556,-2.400355339050293,-9596.946067788167,5.662808430413556,-0.3988606035709381,4746553937.104309
67,41.76862612373134,25.446294508580902,58167.62705810738,-33346.1270456045,1301.1920711612793,0.30894022402711807,0.03965568542480469,-41855.40647625369,0.30894022402711807,-1.711092472076416,4746553937.104309
67,42.62997977928225,33.46924228453384,-5990.138861876484,22015.579274630993,-41664.30188591973,5.002380505950782,-0.7213726043701172,-21019.76862410818,5.002380505950782,-0.8635260462760925,4746553937.104309
67,37.27853374334204,23.520030270124774,-61255.25210760885,25686.399208550945,554551.1941683856,0.21104471177977485,9.83912181854248,-297498.54943951446,0.21104471177977485,-12.110320299863815,4746553937.104309
67,38.64371641552193,26.86124979585586,-18983.432089788665,17463.910314096254,810483.6084675424,0.2637458411420298,14.372336489639565,-329081.74335125135,0.2637458411420298,-13.395083212767531,4746553937.104309
68,34.3651993059008,24.475716262156716,38651.92933079556,-37819.666324079255,31871.91600345153,0.2047893893916534,0.5871944427490234,-82333.3498256152,0.20479178544128138,-3.361889639403671,4758384887.315676
68,36.5035817405502,22.89917164315202,-119696.25282467593,58179.874572903915,-42627.91830461832,0.34154914413686527,-0.7328424453735352,-28031.64731554774,0.341558052237313,-1.1549278238089755,4758384887.315676
68,34.92173588123477,23.909550597099763,4108.305975594588,-18108.62625279534,-1217906.8735858458,0.11439323226102517,-21.557205200195312,938274.1041426314,0.11440073169245853,38.11824036575854,4758384887.315676
68,32.6537573053613,23.586186050342018,25380.04705037464,-6526.275091120028,-252620.7103522068,0.9544816081935517,-4.453632354736328,83420.28066716023,0.9544826271815826,3.3747671574237756,4758384887.315676
68,0.5277884412373137,50.0,-12465.814427047257,1900.18230472181,492814.0528092221,0.026244952332869408,8.754469303489799,-543552.4843680072,0.06843919448009002,-22.10702969036203,4758384887.315676
69,35.047885900516185,23.59310964900555,38434.54708975972,-5394.548743992919,-12424.030913508888,0.022740376721005623,-0.19465923309326172,-50269.34105813435,0.022833561563225472,-2.0476339450106025,4758384887.315676
69,37.41113924035257,24.580451689136904,-51601.028008711604,14057.373068750663,-69595.25339121069,0.02020063946470865,-1.2074041366577148,-15524.410188718257,0.02020477987436818,-0.6427721143700182,4758384887.315676
69,40.84232136919789,25.19282442684036,-114500.82620331434,46306.2200882408,47454.74106873043,0.1139186502633679,0.8660478591918945,-64866.34502318317,0.11392385411840664,-2.6378430258482695,4758384887.315676
69,33.883475864498664,25.958854120765007,6042.584399525636,18420.811072627905,-41156.61602787452,0.9896570033769276,-0.7036352157592773,-22364.55660254218,0.9896573244095309,-0.9193436997011304,4758384887.315676
69,0.40173962415738845,50.0,-53615.05588284148,17132.590209806993,439999.5261720439,0.0,7.819681406021118,-467911.25991073635,0.0459057332862439,-18.934390544891357,4758384887.315676
70,11.284839100993443,26.332099074596922,-90700.02107972364,39641.71737827201,-96821.80137172325,5.662138866033225,-1.6784486770629883,-56092.6371178322,5.662138866033225,-2.29410320520401,4758384887.315676
70,34.58169655334331,23.19863062342965,-95983.66136226527,33300.11997190081,12773.13527730026,0.05985614334508506,0.25977039337158203,-59844.031840082236,0.05985614334508506,-2.445836454629898,4758384887.315676
70,1.3248740746687935,50.0,63525.25485690502,-37162.06817005764,-200014.8519055043,0.0,-3.503448486328125,69679.61906729847,0.0,2.793026924133301,4758384887.315676
70,0.23930716953365733,50.0,2877.047178351931,11234.958750647282,135495.1227159348,0.0,2.430145263671875,-145285.78503062847,0.0,-5.901712417602539,4758384887.315676
70,37.424352606263156,22.577421697851843,-112352.03298260034,53837.31576541643,312511.4830739327,0.3867955997512102,5.560732277226634,-176299.5505720583,0.3867955997512102,-7.156131046125665,4758384887.315676
71,35.16998651406387,22.778285751607243,-32292.335553202844,11320.259230301794,-33451.49749906395,0.06895170648325057,-0.5425405502319336,-40011.004191797314,0.06899953394970161,-1.640187538228929,4758384887.315676
71,35.1890481243841,22.77796609113458,73935.13533457115,-26328.75109849312,24887.520109564066,0.07220832957533975,0.48151397705078125,-63544.58494092253,0.07224253719959324,-2.5836594998836517,4758384887.315676
71,35.149882117097796,22.778350632069813,-43879.5163258618,19609.284134855363,-95207.02892668285,0.06744225286548122,-1.6265668869018555,-14852.297238662337,0.06749325968832089,-0.6315635275095701,4758384887.315676
71,36.93750028586676,24.169075977597814,482.1978399551641,-1650.256115941665,-55876.562998414665,0.057749965112584685,-0.9361791610717773,-17251.11333426235,0.057785921707822666,-0.7277331564109772,4758384887.315676
71,34.88930908485003,24.225807821559957,-45993.755757788465,18159.756836583074,369680.2353482212,0.10957410830787166,6.533836341869403,-228634.43044338474,0.109594582503204,-9.2021865334832,4758384887.315676
72,23.018278537314778,40.62919558447053,-21314.0613027817,25136.536595636862,-64175.231353380186,5.6616121434281474,-1.0828752517700195,-92792.14228054577,5.6616121434281474,-3.7716131508350372,4758384887.315676
72,38.364236084164915,36.53012829123838,5437.925287760686,-3737.668148541307,-76424.50507520788,5.386347971086778,-1.2984371185302734,-48701.728051062004,5.386347971086778,-1.997631996870041,4758384887.315676
72,39.45582091344176,27.76992129385219,-30491.810820679355,20273.620003148415,593961.6037722675,0.9579182249717325,10.498970985412598,-260492.29694874145,0.9579182249717325,-10.519041568040848,4758384887.315676
72,35.955564242864604,22.60185247936358,-4186.060541152384,6402.790373234782,1159850.379074552,0.11862872898819372,20.45744228363037,-422409.9112536101,0.11862872898819372,-17.033809036016464,4758384887.315676
72,35.57541511205438,22.522548885248046,-130171.23636453124,61950.29934032485,3891954.60548981,0.2382422641767167,68.53682238436159,-1294266.2331073394,0.2382422641767167,-52.11301414131776,4758384887.315676
73,39.74870377421421,47.38187521672535,-46068.85303220053,22400.375230234535,-64029.51225916993,5.660775206949509,-1.0716733932495117,-90051.25044529235,5.660775672992385,-3.6598734855651855,4758384887.315676
73,36.021453165475705,23.489448774242526,-5746.282355553534,13054.174036465318,896775.0547430308,0.13555276208909292,15.827655792236328,-366581.48884228675,0.1355762101885465,-14.746508449316025,4758384887.315676
73,35.2666812474683,22.382498337714214,-37641.33207244957,19577.96199066364,-690658.4073790341,0.11724341491754901,-12.093277931213379,180613.16292358784,0.11725445166674624,7.191589146852493,4758384887.315676
73,35.6575035945038,21.561213710605404,27733.46363321027,-7293.663661817748,2089395.0470044534,0.6496396915777898,36.80432319641113,-678779.3457798321,0.6496441996564332,-27.263127595186234,4758384887.315676
73,40.378980665272024,24.582533009542722,36254.861167302355,-5502.637688146883,437240.94100014656,0.9551073949746938,7.745035739407513,-198233.96583786604,0.9551085848881548,-7.9971289043485285,4758384887.315676
74,41.76672457379958,7.170679591182924,-16803.824803970925,11450.589578220748,-68098.77131214755,5.660278532145145,-1.147878646850586,-86686.11299314853,5.660278532145145,-3.5448556542396545,4758384887.315676
74,0.6660484785240894,50.0,188.64238811817393,13474.930985223684,-661589.7128279117,0.0,-11.633270263671875,261840.5609087897,0.0,10.491571426391602,4758384887.315676
74,34.806942605786304,24.15773930125691,-1061.910835185159,-2063.3748645029514,213422.08191452894,0.05981040883189562,3.825839042663574,-114778.04397058,0.05981040883189562,-4.67621910572052,4758384887.315676
74,32.496846483724,22.119099006727563,-11704.06909252353,-4500.117572706042,330477.2396677859,0.18241556119118096,5.893889427185059,-152679.53702076504,0.18241556119118096,-6.202649027109146,4758384887.315676
74,31.62352597487133,24.078767611255852,25405.6382470191,638.691522936156,-400858.7721483508,2.488554076817572,-7.026854515075684,143382.73393747906,2.488554076817572,5.720847189426422,4758384887.315676
75,34.64968589971969,22.799919482635392,109210.99967316036,-26974.236730456836,15238.084013687789,0.06024727248678174,0.3259420394897461,-58774.23360647557,0.060253763700825226,-2.436801264062524,4758384887.315676
75,0.44143879487279836,50.0,34450.464678617645,13320.031620722737,-22465.700893286572,0.0,-0.3443603515625,-21086.771755905214,0.026958659702263896,-0.9097585678100586,4758384887.315676
75,30.609825858745864,23.30469328127984,41457.19111391513,-29535.051410256427,678579.8817712682,3.1751129746296467,12.118911743164062,-263490.94370609015,3.1744349206315285,-10.731633062445326,4758384887.315676
75,34.79137153212125,22.473678048022155,-22190.534254356146,7065.440215394924,-1079317.9787478007,0.20727932560203477,-19.133206367492676,329151.4813801172,0.2072843889158416,13.281400511041284,4758384887.315676
75,35.293904566530074,22.851889751652763,-47508.443267780734,10314.734567143812,1495420.4841936,0.038612101646442513,26.640801528583594,-490933.05134772556,0.03864480749296821,-19.947265854898028,4758384887.315676
76,0.358587738146467,50.0,33331.03320749613,-5848.835526024706,-294341.60512384307,0.0,-5.1785888671875,-11566.433606385874,0.026842648977124798,-0.5216951370239258,4758384887.315676
76,40.734455365015606,24.976373853751515,36025.346001981765,-23374.86631412845,46575.46491341698,0.08475677085423793,0.8760347366333008,-53332.4178117835,0.08476627880668001,-2.2177894972264767,4758384887.315676
76,0.3446229539152724,50.0,23642.52808791264,-9516.83579217291,-257218.36869309077,0.0,-4.519287109375,-12350.213414572161,0.03276721026745161,-0.5535240173339844,4758384887.315676
76,0.19015680872836518,50.0,37511.04253973958,-9170.70582614767,2219.853837524004,0.0,0.088287353515625,-26722.727211357356,0.013003760699927445,-1.1371841430664062,4758384887.315676
76,33.18306486858338,20.612724430351555,-83073.440587502,33868.544247336584,-592041.110208568,1.5753963228902441,-10.465676574865938,233451.15475484828,1.5753639022570975,9.428338548910688,4758384887.315676
77,1.1369463533400221,12.886461389465403,52558.47142966881,-13891.72163772208,-64848.24971310286,5.6597779655801,-1.1075992584228516,-91662.7707536932,5.659778373807083,-3.781016916036606,4758384887.315676
77,0.5405099754498099,50.0,347.2788618136682,-1262.893627356004,83290.7450599834,0.0,1.5279541015625,-73646.70428776329,0.0,-3.0476856231689453,4758384887.315676
77,35.970960705164536,21.40146829077102,-62944.234953603445,31799.593704022984,-225228.8567639408,0.4990180998572901,-3.960944175720215,56698.67188627485,0.499023223163805,2.2579310834407806,4758384887.315676
77,36.262033484589985,21.250967835710693,14914.720519675837,-15696.554929838332,-171671.2737087066,0.7572593861324378,-3.008096694946289,35093.36625736671,0.7572612348345045,1.3785023391246796,4758384887.315676
77,29.830128753884466,21.82780475174827,-34676.21776693341,13583.249872958999,427689.62027983414,4.371333455428139,7.655183560296212,-210272.41992342562,4.371333538409264,-8.60893912295715,4758384887.315676
78,0.48540846969513535,50.0,-48540.05336850981,27685.344884720722,-166535.90603182578,0.03626201478723049,-2.925201416015625,-61092.63886790565,0.03626201478723049,-2.5451889038085938,4758384887.315676
78,24.996676025406263,2.3742484352934805,-22058.19350686616,19491.613017171436,-65493.90933886636,5.659282747191662,-1.1218605041503906,-89523.26343236509,5.659282747191662,-3.705917716026306,4758384887.315676
78,0.47894256204418567,50.0,34974.45580155473,-22248.67490035569,-200547.79609657085,0.03054864468668253,-3.5322265625,-43403.27524593619,0.03054864468668253,-1.8229904174804688,4758384887.315676
78,35.36123895120637,22.968679280543874,-62871.53038958548,10086.22096436072,-1534841.737032573,0.05552280237774069,-27.345956802368164,518472.7933409842,0.05552280237774069,21.116559863090515,4758384887.315676
78,35.3662479876849,22.56690205563359,-56099.156928609875,19700.85377149652,1157864.536563229,0.05296540017117049,20.7119552118532,-382365.055446452,0.05296540017117049,-15.661684098912318,4758384887.315676
79,50.0,11.421529764977905,-28958.781734163516,-3835.5724508356807,-65295.2462026878,5.658827068607448,-1.1143369674682617,-88156.11559835567,5.6588270057159455,-3.6628732681274414,4758384887.315676
79,35.59862514524371,23.367208471240335,61566.39967546746,-35233.946013780274,1530226.6235703065,0.19967143827781875,27.423407554626465,-368123.9756188532,0.1996667749143751,-15.117311477661133,4758384887.315676
79,34.77032175368597,21.88837214460035,1660.9351693846154,12156.01335402073,-657330.6461925155,0.2092399052212858,-11.703571319580078,214505.0348615994,0.20923909929386028,8.720024704933167,4758384887.315676
79,30.948674580913714,22.15640412722245,-61469.456235022924,14968.291279010798,738629.0089776401,2.2328023415245344,13.26477336883545,-296779.0962977273,2.2328023957278944,-12.198349595069885,4758384887.315676
79,33.042196556753424,21.50832252861533,51810.510289563295,-27044.25373847381,-720153.0783766131,0.42343262582897623,-12.827222805586644,322485.23318138777,0.4234319007233609,13.137862200339441,4758384887.315676
80,0.46407201310407903,50.0,-61279.02410617876,24051.949254082534,125.21543388408963,0.0,0.054107666015625,-37753.53308607053,0.03526093793103462,-1.5977706909179688,4758384887.315676
80,0.4607831171358007,50.0,23392.80336846668,-13044.705086008482,-31679.471826670357,0.009181949025189151,-0.5157470703125,-24152.6655549737,0.052428335820489676,-1.04071044921875,4758384887.315676
80,37.44371817106315,25.53019628788455,-28001.05118053179,-5858.516647300085,50904.26094798559,0.07559780594144952,0.9639320373535156,-53118.129869542136,0.07562124263585776,-2.2270692248712294,4758384887.315676
80,36.78511152804624,27.68511382451314,-38281.72613245952,2748.998150551088,37574.66835434241,0.26365313737831975,0.7251014709472656,-43795.02563024835,0.26366110330357556,-1.8452163254842162,4758384887.315676
80,0.4579537489339178,50.0,-30505.573028080587,23095.12347225931,-54154.27947412553,0.0,-0.9184353747452292,-11483.353934524921,0.02624965044633032,-0.5218045943301854,4758384887.315676
81,20.616934745690415,50.0,-98200.36851069037,30406.77111440233,-67768.4742134224,5.658365754173773,-1.1611347198486328,-71501.18707005838,5.652174595293138,-2.993227958679199,4758384887.315676
81,47.912412089226244,0.0,-94337.66610445468,26845.532787936787,-83822.11785561108,5.263333777509422,-1.449789047241211,-39648.388254885256,5.260637964437315,-1.6839160919189453,4758384887.315676
81,48.53803313587171,0.0,-128987.044416087,56800.20486187211,-94389.40348346102,4.631332115951285,-1.6397953033447266,-22144.92018157698,4.629963987245681,-0.9644346237182617,4758384887.315676
81,2.185909068916324,50.0,83303.6412904225,-10383.816310835373,115935.0954501029,0.0,2.1419677734375,-85080.13237259982,0.03560485361419551,-3.5513916015625,4758384887.315676
81,41.3918888102393,25.339801137740565,-62524.23012877701,28780.820721562144,96653.9998710279,0.17459915990718072,1.7952818870544434,-74179.5322196941,0.17460432467279255,-3.1033215522766113,4758384887.315676
82,8.891855115254058,6.354719426182663,-29287.567413559955,-6448.659132446285,-68797.29098991786,5.6577349672449175,-1.1542472839355469,-84938.31900824058,5.6577349672449175,-3.540212631225586,4758384887.315676
82,22.205696987636276,48.75568857916831,-77580.8746006668,45447.2657090633,-79902.90571145517,5.219352140689739,-1.3517265319824219,-41119.14181177055,5.219352140689739,-1.748117446899414,4758384887.315676
82,43.028709951899145,21.9768253812232,31026.361521711005,-6243.388921930289,-115190.28426071942,3.1294304101229673,-1.9792041778564453,3607.550246824362,3.1294304101229673,0.08109283447265625,4758384887.315676
82,38.254871215666824,25.1018361433129,45255.358605523856,-18218.07791203252,-555501.5855518418,0.03975357216134089,-9.808788299560547,222656.84558488335,0.03975357216134089,9.039663314819336,4758384887.315676
82,39.06730319457606,26.589736736942342,86385.3148820642,-30507.630229735387,-399604.0089366592,0.12885553404667535,-7.036628723144531,160428.72078231326,0.12885553404667535,6.494688034057617,4758384887.315676
83,50.0,40.93204366287836,16368.015881335807,-7827.266366904886,-66662.84809084474,5.657116110863324,-1.1186504364013672,-83760.16889893715,5.657116110863324,-3.4862632751464844,4758384887.315676
83,18.529036167548803,50.0,99534.56123024267,-47615.61311564248,-77673.14636951203,5.251913449564684,-1.3142833709716797,-49508.40728153098,5.251913449564684,-2.086812973022461,4758384887.315676
83,0.0,50.0,-77380.67172676758,38709.63965571042,-110714.4537994324,0.01969590603748792,-1.9013671875,-5225.850979192235,0.01969590603748792,-0.27752685546875,4758384887.315676
83,42.38794723984179,24.761146289852046,63890.23405815506,-25209.11861420615,376280.41684132855,1.676610320417649,6.751644134521484,-149538.68571996098,1.676610320417649,-6.173826217651367,4758384887.315676
83,43.21397313822786,24.850601246810104,-64144.01317275012,24944.758590088266,120132.4549214828,1.8829767808253395,2.2003616709323524,-68230.69869759018,1.8829767808253395,-2.8517638877031004,4758384887.315676
84,17.41491113529405,8.603999304626205,-53263.48527658278,21095.18429541971,-35353.478094108665,5.656465725549616,-0.5628700256347656,-44620.23214713388,5.656465725549616,-1.8766627311706543,4758384887.315676
84,15.899524215249116,50.0,52259.195266646726,-24155.410402544283,6824.2697657575945,5.477485352117802,0.1840667724609375,-48317.90513955301,5.477485352117802,-2.0270988941192627,4758384887.315676
84,34.41864509795734,23.05085132187833,41344.07026976423,-21811.771049900366,-605779.4880760667,0.056091977243777194,-10.664693832397461,225574.84711763565,0.056091977243777194,9.115956425666809,4758384887.315676
84,36.87669797108137,25.08546324854391,-18136.710505900366,-17054.4007772561,296256.395835842,0.06380014896438332,5.309696197509766,-172070.39829893137,0.06380014896438332,-7.061846494674683,4758384887.315676
84,38.830212295957026,25.314764760656256,-108379.1831802608,40035.579480579465,-1005757.0101081509,0.2515776033686685,-17.74800066541066,422016.0906833118,0.2515776033686685,17.107973834307266,4758384887.315676
85,19.54356744211851,32.77920191515228,47383.02612385953,-13006.41894104464,-36992.79151508667,5.65585837595258,-0.5884361267089844,-42857.44342031938,5.65585837595258,-1.802660346031189,4758384887.315676
85,37.41940985599287,25.407797566193786,5067.944251852583,-18410.323959757585,64788.37628767903,0.03679579922540762,1.2121429443359375,-52861.64933954995,0.03679579922540762,-2.209359645843506,4758384887.315676
85,3.881858728249666,50.0,-80543.47288119596,28222.00965310073,-328258.9074073391,0.41974580164093694,-5.7411346435546875,104377.84023385016,0.41974580164093694,4.182870864868164,4758384887.315676
85,40.68933399020137,26.0702234182275,29073.91491050898,-10617.714763930953,202563.33491605974,0.022360171465917473,3.649477005004883,-108451.64342985685,0.022360171465917473,-4.469250321388245,4758384887.315676
85,38.94642433029023,26.785823723282242,-4655.13572968705,6869.308001912556,-408131.7843682814,0.06170880455476518,-7.154140936415388,159003.9668261305,0.06170880455476518,6.403577597207004,4758384887.315676
86,31.958311988696153,42.62615561962528,34112.56302548476,-18559.350074249214,-34649.87545049725,5.655446902904992,-0.5488662719726562,-43009.16331599798,5.655446902904992,-1.8128066062927246,4758384887.315676
86,40.842921300529454,26.24674381371389,24185.49127958821,4340.103923454383,40395.30036330973,0.019197562282817125,0.7817935943603516,-54095.38522600446,0.019197562282817125,-2.2648236751556396,4758384887.315676
86,41.263297388787265,26.347033092214655,101022.17800435376,-33402.376524508116,-119154.85533686483,0.06779832643849511,-2.047262191772461,7730.0618766641155,0.06779832643849511,0.25597715377807617,4758384887.315676
86,40.79165301314189,26.184596732156727,30165.073940729937,-5429.037772124041,255236.2908445502,0.020107833952549555,4.591236114501953,-149068.5947318001,0.020107833952549555,-6.13715386390686,4758384887.315676
86,36.821078050113414,21.355529261532716,-43239.894012170975,23878.725340810463,140873.15698419034,0.6328014661759234,2.563411797138542,-85918.216651853,0.6328014661759234,-3.5623317983736342,4758384887.315676
87,2.519681685570496,50.0,10935.977890173108,-1096.6492539622077,-23251.70293328476,0.057467655271009596,-0.353485107421875,-23951.149605102135,0.05957782681397608,-1.03399658203125,4758384887.315676
87,42.001399392073196,25.14344661656595,-80336.78109032822,38789.00556567542,55791.700327526516,0.32609738905610414,1.0481109619140625,-53484.791268124754,0.32610907366340736,-2.2400979045778513,4758384887.315676
87,32.48288667712173,22.40533941124357,83188.20762755862,-55416.1054828758,-470835.35037674167,0.3778043241463777,-8.290029525756836,196044.9406919458,0.3777939290516424,7.950251906178892,4758384887.315676
87,38.19905485652685,27.00203195256325,-19820.21104123262,14569.662654743672,-597966.5383092709,0.3259661006705502,-10.544317245483398,260554.3704694386,0.32598165541292784,10.584702119231224,4758384887.315676
87,50.0,0.0,58865.58246108628,-23646.53006826303,-119975.93096437931,0.002814918972146601,-2.06859721324321,9788.074836772737,8.120244200671388e-06,0.34385325055445426,4758384887.315676
88,18.837912369653235,18.71717585494834,-6018.120075926233,19454.77022218419,-33432.405923123,5.6550520610697586,-0.5364532470703125,-42977.065120491025,5.655080970584752,-1.7995891571044922,4758384887.315676
88,43.17752622026788,23.435262620842494,-44274.97774324716,32632.001829107703,44365.83307157761,2.0850211961689147,0.8421554565429688,-48633.974893071776,2.085020032482869,-2.029550552368164,4758384887.315676
88,32.7379937165287,22.572013157070938,-51355.39980516718,21751.810354626083,333274.6268678993,0.3370316672170733,5.961708068847656,-175237.72323233742,0.3370094802536906,-7.176172256469727,4758384887.315676
88,42.938915563228825,24.500357961974103,-51944.41324544461,37269.036969205554,81909.81132565424,0.8234716169594499,1.5074462890625,-52770.196626037476,0.8234630070903434,-2.1976938247680664,4758384887.315676
88,40.746061969390176,26.473781706318526,71508.99096689248,-44659.27177717985,-268845.19623289106,0.04746699248442813,-4.708040237426758,43329.822567586045,0.04728020205906774,1.7089080810546875,4758384887.315676
89,4.567556840979875,28.772811275946964,-110370.26410721928,39269.82668820492,-33986.44158862509,5.654521592716503,-0.5443916320800781,-41652.92000306676,5.654521592716503,-1.7444429397583008,4758384887.315676
89,47.136781132274606,28.516520264160683,75946.4675982021,-30430.177394770224,-53678.51747679379,5.610820821846946,-0.893829345703125,-26249.664040242285,5.610820821846946,-1.1207094192504883,4758384887.315676
89,39.14039145975071,26.302572157079616,104573.93936899486,-56503.2195149433,1218288.6062915719,0.23323755100728158,21.677345275878906,-449673.09621533426,0.23323755100728158,-18.26665496826172,4758384887.315676
89,32.30817636639505,22.738252012078462,-14475.796077384233,25396.699365142584,417856.6590419781,0.44327661866212525,7.473606109619141,-187775.7294587168,0.44327661866212525,-7.6614837646484375,4758384887.315676
89,38.732635471434605,24.905974134934304,-22722.655578717247,20791.84998253721,-1391593.80328555,0.3934141941687812,-24.635260221217322,747815.0807399778,0.3934141941687812,30.2239705320535,4758384887.315676
90,32.712217781808164,7.618272922678797,-75538.37882648298,24720.027730046277,-31380.95151132203,5.654068427773738,-0.4976768493652344,-42253.12546468095,5.654068427773738,-1.75616455078125,4758384887.315676
90,42.10575289430308,26.906242874016854,-24220.083690050702,-8551.309966221526,-172174.81561869325,0.5086271661057264,-2.983928680419922,48763.79200307067,0.5086271661057264,1.9048233032226562,4758384887.315676
90,37.26919485955681,25.72914135512611,-15128.769590108226,23200.694936890442,308120.20907465316,0.17155400036862392,5.497509002685547,-118507.27088002913,0.17155400036862392,-4.823347091674805,4758384887.315676
90,39.55454511292184,24.033753095303624,25350.489368899543,-8011.600058977214,628305.9470710449,1.9900863948987062,11.151607513427734,-296913.2550530135,1.9900863948987062,-11.999399185180664,4758384887.315676
90,39.37159028762144,25.733836735073286,64237.97177803087,-15016.346966957775,-644445.4740213843,0.386042332279921,-11.323665618896484,309418.0836073037,0.386042332279921,12.389162063598633,4758384887.315676
91,42.21843440555778,0.0,-34328.90673580364,-1841.5585707836412,-32758.022611659955,5.652696891517258,-0.5225028991699219,-40978.4303764751,5.65269430385215,-1.71063232421875,4758384887.315676
91,39.86180118026513,24.510515724602453,74229.93643115427,-22498.2627682144,13226.011168793626,0.5075802524121577,0.2908744812011719,-62262.948167874354,0.5075672718199244,-2.5692310333251953,4758384887.315676
91,39.949703716179805,24.29994057074813,41701.36400998137,-13478.512388054593,-90232.78110089756,0.5458648418459952,-1.5391311645507812,-19005.521539087076,0.5458578746174009,-0.8242645263671875,4758384887.315676
91,39.89824165750846,24.19086964060938,-60518.79796630292,14847.732449917812,-134904.93863271593,0.5704914260298053,-2.329303741455078,4922.935143312728,0.5704928151292946,0.14098834991455078,4758384887.315676
91,40.003468233942456,22.253462675102302,94105.9669004472,-37251.675796192954,-506873.850829454,3.1126858299699744,-8.908785237718973,229763.50345984136,3.112683667947623,9.21085892923952,4758384887.315676
92,6.87677840112304,0.0,-6674.086283973992,8830.059219909706,-32916.18135820093,5.653267580869983,-0.5293197631835938,-40751.94876854543,5.653267580869983,-1.6973943710327148,4758384887.315676
92,1.7013445582904574,31.128019202432938,62485.74102258567,-5933.555521912132,-44948.26930881703,5.595215273554396,-0.7417335510253906,-27214.954375536727,5.595215273554396,-1.150742530822754,4758384887.315676
92,34.45320835030373,16.108189851154894,44197.72684319909,-1691.1899622772708,48207.226992855096,4.171016651541122,0.9028282165527344,-42197.02904842422,4.171016651541122,-1.7557497024536133,4758384887.315676
92,32.66457670871989,20.935808891187126,-42424.42713441572,15439.45167314063,369111.74018337426,0.9900104900444896,6.568058013916016,-158770.5854086833,0.9900104900444896,-6.463231086730957,4758384887.315676
92,32.825776809129195,20.939033692096544,-59374.37956694807,24263.698173047487,290082.35522216075,0.752891112170574,5.172877802524748,-131609.45877525353,0.752891112170574,-5.3664085997534645,4758384887.315676
93,34.90080578063638,23.501658674438357,3059.0816050882563,975.6691699133651,15272.019935873195,0.01252891484721056,0.32141876220703125,-45458.56925075835,0.012187589138290345,-1.8978631738573313,4758384887.315676
93,35.759172815381504,23.347185924081657,-89738.13686165473,50522.11992341382,-18933.66530051473,0.051475778622105534,-0.283416748046875,-25053.041610868902,0.051468899192413285,-1.0706160627305508,4758384887.315676
93,37.300906166729504,23.797035083278388,64502.5725569457,-43301.87048428595,54362.382475402606,0.05318949510850352,1.0126266479492188,-56468.037493917116,0.05322363940832987,-2.3441908042877913,4758384887.315676
93,36.68077271077674,26.56712628191176,-13005.823961630915,-9057.174511392528,-49261.293863407765,0.050548776237105554,-0.8196792602539062,-12967.713789838077,0.05060081178916421,-0.5806727148592472,4758384887.315676
93,39.873899659851034,23.924851925291655,-84051.968136184,33791.68926823602,-335087.97247468453,0.3711239827790976,-5.873755031790374,90836.34876357164,0.3711141063639841,3.627579695270394,4758384887.315676
94,35.384300170964075,27.920189503443233,121368.75455751139,-46574.53120615719,6485.048391844859,0.27191080137499624,0.16982650756835938,-27527.07825142379,0.27188972822093277,-1.168017640709877,4758384887.315676
94,36.81180508301155,24.089255805057444,3785.205443893999,531.2228775987029,-26700.34151059936,0.014975601896457646,-0.4164237976074219,-14833.639070833975,0.014858931553925842,-0.6556813362985849,4758384887.315676
94,41.12193120801367,26.800425498865376,-65140.74797398618,31497.456468173743,505482.6931186948,0.2254489216218101,8.985076904296875,-149826.10513690344,0.22545898054125665,-6.104286730289459,4758384887.315676
94,35.58460701604918,27.65693500302571,-59613.486353611384,24141.427666431173,-140651.8471573813,0.5754861664410991,-2.4294815063476562,27478.34601552977,0.5754943074875344,1.052127379924059,4758384887.315676
94,35.82229005347019,27.57141743349994,-4978.2257903648015,-10075.039879962991,-242143.2049822355,0.5389551362102524,-4.222419292296131,66114.84551794447,0.5389478238333069,2.611585072109265,4758384887.315676
95,31.954732802419638,20.068010069139266,48517.397144559625,-32802.36593147049,8954.467431463721,2.7714695357625474,0.21258163452148438,-31570.55488951035,2.7713843579079476,-1.3287870958447456,4758384887.315676
95,36.67376402740307,26.721186213032098,84578.18412310789,-29643.96965908808,51964.74753650394,0.06694239411991454,0.97076416015625,-58021.75618056215,0.06680877758247016,-2.39497859403491,4758384887.315676
95,31.936632469734406,19.991886733392477,-37416.63881587514,26429.18781561593,-2711.4756747163783,2.9097432891592567,0.00693511962890625,-26117.680902662752,2.909656627420961,-1.1089933775365353,4758384887.315676
95,33.61353895186902,24.888838791227542,-84148.51860809696,29772.64070856606,-36186.92635978217,0.29436971736229717,-0.5831680297851562,-15685.314612100166,0.2943685252977714,-0.688486946746707,4758384887.315676
95,38.05549761664731,24.83901414498605,-34290.01433644701,5999.366933531597,707556.3020021586,0.04893107083784984,12.527491048139098,-270190.4229570379,0.048933199924432756,-10.947044952395203,4758384887.315676
96,30.554815005111703,21.692844162948322,16852.48388172569,-6523.353060766255,-3094.405358163667,1.411418244119239,0.00045013427734375,-28911.173028549383,1.4114028812784634,-1.21993712708354,4758384887.315676
96,32.56092807210464,27.49375366962742,-27041.50801414752,25571.575938223476,-34510.3404942808,3.1989531766973265,-0.5528144836425781,-14001.676403252395,3.19882734647504,-0.6194836795330048,4758384887.315676
96,38.14466917444466,23.85965745864874,-89598.46022408598,28441.907989405314,-1296403.771491956,0.7981005691752404,-22.775962829589844,549756.7865994686,0.7980891892675008,22.084885301068425,4758384887.315676
96,31.746118681403235,20.61210289527646,-8769.213134606536,6151.58011111919,563863.204487568,1.2721384225378687,9.985115051269531,-334230.8955291944,1.2721307572687677,-13.516145683825016,4758384887.315676
96,39.15282253051286,26.05194750988832,102385.54397757017,-35578.98488915769,-281822.1616412332,0.16509086735968773,-4.908211820729775,88899.58989587576,0.16502052058769986,3.524681724535185,4758384887.315676
97,26.40524482801124,17.841044281949642,38643.64791479532,-29858.243099828287,2823.6279642429604,5.618032752027039,0.10421371459960938,-56737.74979800367,5.618032752027039,-2.3427610397338867,4758384887.315676
97,6.425732768320691,27.05174741487954,14936.78945443448,-209.21838798891335,-55665.42565810515,5.464671552189239,-0.9246864318847656,-18197.891863637265,5.464671552189239,-0.789820671081543,4758384887.315676
97,38.07600445253974,24.615907342316472,122371.95124927723,-55387.51044651222,-1038461.9465514217,0.17397897296999226,-18.213382720947266,479446.26993988006,0.17397897296999226,19.262451171875,4758384887.315676
97,42.596859966981896,26.434263872984715,-32977.72310706456,35471.80489386803,-132908.18807241495,0.6518829677030907,-2.283489227294922,26966.00119474022,0.6518829677030907,1.0300312042236328,4758384887.315676
97,28.687278371100344,18.104495865649106,-67274.7317355681,35254.28470103648,182054.40142703213,4.935491544131994,3.2571210989637507,-151444.7469400704,4.935491544131994,-6.158922461662996,4758384887.315676
