Pareto_f1,Pareto_f2
9.637776700072417,83.77050009189063
